xNormalized,yNormalized,displayWaves,displayMicron
-1.000000000,-1.000000000,,
-0.984375000,-1.000000000,,
-0.968750000,-1.000000000,,
-0.953125000,-1.000000000,,
-0.937500000,-1.000000000,,
-0.921875000,-1.000000000,,
-0.906250000,-1.000000000,,
-0.890625000,-1.000000000,,
-0.875000000,-1.000000000,,
-0.859375000,-1.000000000,,
-0.843750000,-1.000000000,,
-0.828125000,-1.000000000,,
-0.812500000,-1.000000000,,
-0.796875000,-1.000000000,,
-0.781250000,-1.000000000,,
-0.765625000,-1.000000000,,
-0.750000000,-1.000000000,,
-0.734375000,-1.000000000,,
-0.718750000,-1.000000000,,
-0.703125000,-1.000000000,,
-0.687500000,-1.000000000,,
-0.671875000,-1.000000000,,
-0.656250000,-1.000000000,,
-0.640625000,-1.000000000,,
-0.625000000,-1.000000000,,
-0.609375000,-1.000000000,,
-0.593750000,-1.000000000,,
-0.578125000,-1.000000000,,
-0.562500000,-1.000000000,,
-0.546875000,-1.000000000,,
-0.531250000,-1.000000000,,
-0.515625000,-1.000000000,,
-0.500000000,-1.000000000,,
-0.484375000,-1.000000000,,
-0.468750000,-1.000000000,,
-0.453125000,-1.000000000,,
-0.437500000,-1.000000000,,
-0.421875000,-1.000000000,,
-0.406250000,-1.000000000,,
-0.390625000,-1.000000000,,
-0.375000000,-1.000000000,,
-0.359375000,-1.000000000,,
-0.343750000,-1.000000000,,
-0.328125000,-1.000000000,,
-0.312500000,-1.000000000,,
-0.296875000,-1.000000000,,
-0.281250000,-1.000000000,,
-0.265625000,-1.000000000,,
-0.250000000,-1.000000000,,
-0.234375000,-1.000000000,,
-0.218750000,-1.000000000,,
-0.203125000,-1.000000000,,
-0.187500000,-1.000000000,,
-0.171875000,-1.000000000,,
-0.156250000,-1.000000000,,
-0.140625000,-1.000000000,,
-0.125000000,-1.000000000,,
-0.109375000,-1.000000000,,
-0.093750000,-1.000000000,,
-0.078125000,-1.000000000,,
-0.062500000,-1.000000000,,
-0.046875000,-1.000000000,,
-0.031250000,-1.000000000,,
-0.015625000,-1.000000000,,
0.000000000,-1.000000000,,
0.015625000,-1.000000000,,
0.031250000,-1.000000000,,
0.046875000,-1.000000000,,
0.062500000,-1.000000000,,
0.078125000,-1.000000000,,
0.093750000,-1.000000000,,
0.109375000,-1.000000000,,
0.125000000,-1.000000000,,
0.140625000,-1.000000000,,
0.156250000,-1.000000000,,
0.171875000,-1.000000000,,
0.187500000,-1.000000000,,
0.203125000,-1.000000000,,
0.218750000,-1.000000000,,
0.234375000,-1.000000000,,
0.250000000,-1.000000000,,
0.265625000,-1.000000000,,
0.281250000,-1.000000000,,
0.296875000,-1.000000000,,
0.312500000,-1.000000000,,
0.328125000,-1.000000000,,
0.343750000,-1.000000000,,
0.359375000,-1.000000000,,
0.375000000,-1.000000000,,
0.390625000,-1.000000000,,
0.406250000,-1.000000000,,
0.421875000,-1.000000000,,
0.437500000,-1.000000000,,
0.453125000,-1.000000000,,
0.468750000,-1.000000000,,
0.484375000,-1.000000000,,
0.500000000,-1.000000000,,
0.515625000,-1.000000000,,
0.531250000,-1.000000000,,
0.546875000,-1.000000000,,
0.562500000,-1.000000000,,
0.578125000,-1.000000000,,
0.593750000,-1.000000000,,
0.609375000,-1.000000000,,
0.625000000,-1.000000000,,
0.640625000,-1.000000000,,
0.656250000,-1.000000000,,
0.671875000,-1.000000000,,
0.687500000,-1.000000000,,
0.703125000,-1.000000000,,
0.718750000,-1.000000000,,
0.734375000,-1.000000000,,
0.750000000,-1.000000000,,
0.765625000,-1.000000000,,
0.781250000,-1.000000000,,
0.796875000,-1.000000000,,
0.812500000,-1.000000000,,
0.828125000,-1.000000000,,
0.843750000,-1.000000000,,
0.859375000,-1.000000000,,
0.875000000,-1.000000000,,
0.890625000,-1.000000000,,
0.906250000,-1.000000000,,
0.921875000,-1.000000000,,
0.937500000,-1.000000000,,
0.953125000,-1.000000000,,
0.968750000,-1.000000000,,
0.984375000,-1.000000000,,
1.000000000,-1.000000000,,
-1.000000000,-0.984375000,,
-0.984375000,-0.984375000,,
-0.968750000,-0.984375000,,
-0.953125000,-0.984375000,,
-0.937500000,-0.984375000,,
-0.921875000,-0.984375000,,
-0.906250000,-0.984375000,,
-0.890625000,-0.984375000,,
-0.875000000,-0.984375000,,
-0.859375000,-0.984375000,,
-0.843750000,-0.984375000,,
-0.828125000,-0.984375000,,
-0.812500000,-0.984375000,,
-0.796875000,-0.984375000,,
-0.781250000,-0.984375000,,
-0.765625000,-0.984375000,,
-0.750000000,-0.984375000,,
-0.734375000,-0.984375000,,
-0.718750000,-0.984375000,,
-0.703125000,-0.984375000,,
-0.687500000,-0.984375000,,
-0.671875000,-0.984375000,,
-0.656250000,-0.984375000,,
-0.640625000,-0.984375000,,
-0.625000000,-0.984375000,,
-0.609375000,-0.984375000,,
-0.593750000,-0.984375000,,
-0.578125000,-0.984375000,,
-0.562500000,-0.984375000,,
-0.546875000,-0.984375000,,
-0.531250000,-0.984375000,,
-0.515625000,-0.984375000,,
-0.500000000,-0.984375000,,
-0.484375000,-0.984375000,,
-0.468750000,-0.984375000,,
-0.453125000,-0.984375000,,
-0.437500000,-0.984375000,,
-0.421875000,-0.984375000,,
-0.406250000,-0.984375000,,
-0.390625000,-0.984375000,,
-0.375000000,-0.984375000,,
-0.359375000,-0.984375000,,
-0.343750000,-0.984375000,,
-0.328125000,-0.984375000,,
-0.312500000,-0.984375000,,
-0.296875000,-0.984375000,,
-0.281250000,-0.984375000,,
-0.265625000,-0.984375000,,
-0.250000000,-0.984375000,,
-0.234375000,-0.984375000,,
-0.218750000,-0.984375000,,
-0.203125000,-0.984375000,,
-0.187500000,-0.984375000,,
-0.171875000,-0.984375000,,
-0.156250000,-0.984375000,,
-0.140625000,-0.984375000,,
-0.125000000,-0.984375000,,
-0.109375000,-0.984375000,,
-0.093750000,-0.984375000,,
-0.078125000,-0.984375000,,
-0.062500000,-0.984375000,,
-0.046875000,-0.984375000,,
-0.031250000,-0.984375000,,
-0.015625000,-0.984375000,,
0.000000000,-0.984375000,,
0.015625000,-0.984375000,,
0.031250000,-0.984375000,,
0.046875000,-0.984375000,,
0.062500000,-0.984375000,,
0.078125000,-0.984375000,,
0.093750000,-0.984375000,,
0.109375000,-0.984375000,,
0.125000000,-0.984375000,,
0.140625000,-0.984375000,,
0.156250000,-0.984375000,,
0.171875000,-0.984375000,,
0.187500000,-0.984375000,,
0.203125000,-0.984375000,,
0.218750000,-0.984375000,,
0.234375000,-0.984375000,,
0.250000000,-0.984375000,,
0.265625000,-0.984375000,,
0.281250000,-0.984375000,,
0.296875000,-0.984375000,,
0.312500000,-0.984375000,,
0.328125000,-0.984375000,,
0.343750000,-0.984375000,,
0.359375000,-0.984375000,,
0.375000000,-0.984375000,,
0.390625000,-0.984375000,,
0.406250000,-0.984375000,,
0.421875000,-0.984375000,,
0.437500000,-0.984375000,,
0.453125000,-0.984375000,,
0.468750000,-0.984375000,,
0.484375000,-0.984375000,,
0.500000000,-0.984375000,,
0.515625000,-0.984375000,,
0.531250000,-0.984375000,,
0.546875000,-0.984375000,,
0.562500000,-0.984375000,,
0.578125000,-0.984375000,,
0.593750000,-0.984375000,,
0.609375000,-0.984375000,,
0.625000000,-0.984375000,,
0.640625000,-0.984375000,,
0.656250000,-0.984375000,,
0.671875000,-0.984375000,,
0.687500000,-0.984375000,,
0.703125000,-0.984375000,,
0.718750000,-0.984375000,,
0.734375000,-0.984375000,,
0.750000000,-0.984375000,,
0.765625000,-0.984375000,,
0.781250000,-0.984375000,,
0.796875000,-0.984375000,,
0.812500000,-0.984375000,,
0.828125000,-0.984375000,,
0.843750000,-0.984375000,,
0.859375000,-0.984375000,,
0.875000000,-0.984375000,,
0.890625000,-0.984375000,,
0.906250000,-0.984375000,,
0.921875000,-0.984375000,,
0.937500000,-0.984375000,,
0.953125000,-0.984375000,,
0.968750000,-0.984375000,,
0.984375000,-0.984375000,,
1.000000000,-0.984375000,,
-1.000000000,-0.968750000,,
-0.984375000,-0.968750000,,
-0.968750000,-0.968750000,,
-0.953125000,-0.968750000,,
-0.937500000,-0.968750000,,
-0.921875000,-0.968750000,,
-0.906250000,-0.968750000,,
-0.890625000,-0.968750000,,
-0.875000000,-0.968750000,,
-0.859375000,-0.968750000,,
-0.843750000,-0.968750000,,
-0.828125000,-0.968750000,,
-0.812500000,-0.968750000,,
-0.796875000,-0.968750000,,
-0.781250000,-0.968750000,,
-0.765625000,-0.968750000,,
-0.750000000,-0.968750000,,
-0.734375000,-0.968750000,,
-0.718750000,-0.968750000,,
-0.703125000,-0.968750000,,
-0.687500000,-0.968750000,,
-0.671875000,-0.968750000,,
-0.656250000,-0.968750000,,
-0.640625000,-0.968750000,,
-0.625000000,-0.968750000,,
-0.609375000,-0.968750000,,
-0.593750000,-0.968750000,,
-0.578125000,-0.968750000,,
-0.562500000,-0.968750000,,
-0.546875000,-0.968750000,,
-0.531250000,-0.968750000,,
-0.515625000,-0.968750000,,
-0.500000000,-0.968750000,,
-0.484375000,-0.968750000,,
-0.468750000,-0.968750000,,
-0.453125000,-0.968750000,,
-0.437500000,-0.968750000,,
-0.421875000,-0.968750000,,
-0.406250000,-0.968750000,,
-0.390625000,-0.968750000,,
-0.375000000,-0.968750000,,
-0.359375000,-0.968750000,,
-0.343750000,-0.968750000,,
-0.328125000,-0.968750000,,
-0.312500000,-0.968750000,,
-0.296875000,-0.968750000,,
-0.281250000,-0.968750000,,
-0.265625000,-0.968750000,,
-0.250000000,-0.968750000,,
-0.234375000,-0.968750000,,
-0.218750000,-0.968750000,,
-0.203125000,-0.968750000,,
-0.187500000,-0.968750000,,
-0.171875000,-0.968750000,,
-0.156250000,-0.968750000,,
-0.140625000,-0.968750000,,
-0.125000000,-0.968750000,,
-0.109375000,-0.968750000,-1.02490622299,-0.563698422645
-0.093750000,-0.968750000,-1.00347253716,-0.551909895440
-0.078125000,-0.968750000,-0.985251249224,-0.541888187073
-0.062500000,-0.968750000,-0.970284517814,-0.533656484798
-0.046875000,-0.968750000,-0.958607195434,-0.527233957489
-0.031250000,-0.968750000,-0.950246603595,-0.522635631977
-0.015625000,-0.968750000,-0.945222367990,-0.519872302394
0.000000000,-0.968750000,-0.943546307286,-0.518950469007
0.015625000,-0.968750000,-0.945222367990,-0.519872302394
0.031250000,-0.968750000,-0.950246603595,-0.522635631977
0.046875000,-0.968750000,-0.958607195434,-0.527233957489
0.062500000,-0.968750000,-0.970284517814,-0.533656484798
0.078125000,-0.968750000,-0.985251249224,-0.541888187073
0.093750000,-0.968750000,-1.00347253716,-0.551909895440
0.109375000,-0.968750000,-1.02490622299,-0.563698422645
0.125000000,-0.968750000,,
0.140625000,-0.968750000,,
0.156250000,-0.968750000,,
0.171875000,-0.968750000,,
0.187500000,-0.968750000,,
0.203125000,-0.968750000,,
0.218750000,-0.968750000,,
0.234375000,-0.968750000,,
0.250000000,-0.968750000,,
0.265625000,-0.968750000,,
0.281250000,-0.968750000,,
0.296875000,-0.968750000,,
0.312500000,-0.968750000,,
0.328125000,-0.968750000,,
0.343750000,-0.968750000,,
0.359375000,-0.968750000,,
0.375000000,-0.968750000,,
0.390625000,-0.968750000,,
0.406250000,-0.968750000,,
0.421875000,-0.968750000,,
0.437500000,-0.968750000,,
0.453125000,-0.968750000,,
0.468750000,-0.968750000,,
0.484375000,-0.968750000,,
0.500000000,-0.968750000,,
0.515625000,-0.968750000,,
0.531250000,-0.968750000,,
0.546875000,-0.968750000,,
0.562500000,-0.968750000,,
0.578125000,-0.968750000,,
0.593750000,-0.968750000,,
0.609375000,-0.968750000,,
0.625000000,-0.968750000,,
0.640625000,-0.968750000,,
0.656250000,-0.968750000,,
0.671875000,-0.968750000,,
0.687500000,-0.968750000,,
0.703125000,-0.968750000,,
0.718750000,-0.968750000,,
0.734375000,-0.968750000,,
0.750000000,-0.968750000,,
0.765625000,-0.968750000,,
0.781250000,-0.968750000,,
0.796875000,-0.968750000,,
0.812500000,-0.968750000,,
0.828125000,-0.968750000,,
0.843750000,-0.968750000,,
0.859375000,-0.968750000,,
0.875000000,-0.968750000,,
0.890625000,-0.968750000,,
0.906250000,-0.968750000,,
0.921875000,-0.968750000,,
0.937500000,-0.968750000,,
0.953125000,-0.968750000,,
0.968750000,-0.968750000,,
0.984375000,-0.968750000,,
1.000000000,-0.968750000,,
-1.000000000,-0.953125000,,
-0.984375000,-0.953125000,,
-0.968750000,-0.953125000,,
-0.953125000,-0.953125000,,
-0.937500000,-0.953125000,,
-0.921875000,-0.953125000,,
-0.906250000,-0.953125000,,
-0.890625000,-0.953125000,,
-0.875000000,-0.953125000,,
-0.859375000,-0.953125000,,
-0.843750000,-0.953125000,,
-0.828125000,-0.953125000,,
-0.812500000,-0.953125000,,
-0.796875000,-0.953125000,,
-0.781250000,-0.953125000,,
-0.765625000,-0.953125000,,
-0.750000000,-0.953125000,,
-0.734375000,-0.953125000,,
-0.718750000,-0.953125000,,
-0.703125000,-0.953125000,,
-0.687500000,-0.953125000,,
-0.671875000,-0.953125000,,
-0.656250000,-0.953125000,,
-0.640625000,-0.953125000,,
-0.625000000,-0.953125000,,
-0.609375000,-0.953125000,,
-0.593750000,-0.953125000,,
-0.578125000,-0.953125000,,
-0.562500000,-0.953125000,,
-0.546875000,-0.953125000,,
-0.531250000,-0.953125000,,
-0.515625000,-0.953125000,,
-0.500000000,-0.953125000,,
-0.484375000,-0.953125000,,
-0.468750000,-0.953125000,,
-0.453125000,-0.953125000,,
-0.437500000,-0.953125000,,
-0.421875000,-0.953125000,,
-0.406250000,-0.953125000,,
-0.390625000,-0.953125000,,
-0.375000000,-0.953125000,,
-0.359375000,-0.953125000,,
-0.343750000,-0.953125000,,
-0.328125000,-0.953125000,,
-0.312500000,-0.953125000,,
-0.296875000,-0.953125000,,
-0.281250000,-0.953125000,,
-0.265625000,-0.953125000,,
-0.250000000,-0.953125000,,
-0.234375000,-0.953125000,,
-0.218750000,-0.953125000,,
-0.203125000,-0.953125000,-1.03577986147,-0.569678923810
-0.187500000,-0.953125000,-0.996427138367,-0.548034926102
-0.171875000,-0.953125000,-0.959851364996,-0.527918250748
-0.156250000,-0.953125000,-0.926141590667,-0.509377874867
-0.140625000,-0.953125000,-0.895380992171,-0.492459545694
-0.125000000,-0.953125000,-0.867646211985,-0.477205416592
-0.109375000,-0.953125000,-0.843006834720,-0.463653759096
-0.093750000,-0.953125000,-0.821524976947,-0.451838737321
-0.078125000,-0.953125000,-0.803254969592,-0.441790233275
-0.062500000,-0.953125000,-0.788243115497,-0.433533713524
-0.046875000,-0.953125000,-0.776527506975,-0.427090128837
-0.031250000,-0.953125000,-0.768137892876,-0.422475841082
-0.015625000,-0.953125000,-0.763095583766,-0.419702571071
0.000000000,-0.953125000,-0.761413389456,-0.418777364201
0.015625000,-0.953125000,-0.763095583766,-0.419702571071
0.031250000,-0.953125000,-0.768137892876,-0.422475841082
0.046875000,-0.953125000,-0.776527506975,-0.427090128837
0.062500000,-0.953125000,-0.788243115497,-0.433533713524
0.078125000,-0.953125000,-0.803254969592,-0.441790233275
0.093750000,-0.953125000,-0.821524976947,-0.451838737321
0.109375000,-0.953125000,-0.843006834720,-0.463653759096
0.125000000,-0.953125000,-0.867646211985,-0.477205416592
0.140625000,-0.953125000,-0.895380992171,-0.492459545694
0.156250000,-0.953125000,-0.926141590667,-0.509377874867
0.171875000,-0.953125000,-0.959851364996,-0.527918250748
0.187500000,-0.953125000,-0.996427138367,-0.548034926102
0.203125000,-0.953125000,-1.03577986147,-0.569678923810
0.218750000,-0.953125000,,
0.234375000,-0.953125000,,
0.250000000,-0.953125000,,
0.265625000,-0.953125000,,
0.281250000,-0.953125000,,
0.296875000,-0.953125000,,
0.312500000,-0.953125000,,
0.328125000,-0.953125000,,
0.343750000,-0.953125000,,
0.359375000,-0.953125000,,
0.375000000,-0.953125000,,
0.390625000,-0.953125000,,
0.406250000,-0.953125000,,
0.421875000,-0.953125000,,
0.437500000,-0.953125000,,
0.453125000,-0.953125000,,
0.468750000,-0.953125000,,
0.484375000,-0.953125000,,
0.500000000,-0.953125000,,
0.515625000,-0.953125000,,
0.531250000,-0.953125000,,
0.546875000,-0.953125000,,
0.562500000,-0.953125000,,
0.578125000,-0.953125000,,
0.593750000,-0.953125000,,
0.609375000,-0.953125000,,
0.625000000,-0.953125000,,
0.640625000,-0.953125000,,
0.656250000,-0.953125000,,
0.671875000,-0.953125000,,
0.687500000,-0.953125000,,
0.703125000,-0.953125000,,
0.718750000,-0.953125000,,
0.734375000,-0.953125000,,
0.750000000,-0.953125000,,
0.765625000,-0.953125000,,
0.781250000,-0.953125000,,
0.796875000,-0.953125000,,
0.812500000,-0.953125000,,
0.828125000,-0.953125000,,
0.843750000,-0.953125000,,
0.859375000,-0.953125000,,
0.875000000,-0.953125000,,
0.890625000,-0.953125000,,
0.906250000,-0.953125000,,
0.921875000,-0.953125000,,
0.937500000,-0.953125000,,
0.953125000,-0.953125000,,
0.968750000,-0.953125000,,
0.984375000,-0.953125000,,
1.000000000,-0.953125000,,
-1.000000000,-0.937500000,,
-0.984375000,-0.937500000,,
-0.968750000,-0.937500000,,
-0.953125000,-0.937500000,,
-0.937500000,-0.937500000,,
-0.921875000,-0.937500000,,
-0.906250000,-0.937500000,,
-0.890625000,-0.937500000,,
-0.875000000,-0.937500000,,
-0.859375000,-0.937500000,,
-0.843750000,-0.937500000,,
-0.828125000,-0.937500000,,
-0.812500000,-0.937500000,,
-0.796875000,-0.937500000,,
-0.781250000,-0.937500000,,
-0.765625000,-0.937500000,,
-0.750000000,-0.937500000,,
-0.734375000,-0.937500000,,
-0.718750000,-0.937500000,,
-0.703125000,-0.937500000,,
-0.687500000,-0.937500000,,
-0.671875000,-0.937500000,,
-0.656250000,-0.937500000,,
-0.640625000,-0.937500000,,
-0.625000000,-0.937500000,,
-0.609375000,-0.937500000,,
-0.593750000,-0.937500000,,
-0.578125000,-0.937500000,,
-0.562500000,-0.937500000,,
-0.546875000,-0.937500000,,
-0.531250000,-0.937500000,,
-0.515625000,-0.937500000,,
-0.500000000,-0.937500000,,
-0.484375000,-0.937500000,,
-0.468750000,-0.937500000,,
-0.453125000,-0.937500000,,
-0.437500000,-0.937500000,,
-0.421875000,-0.937500000,,
-0.406250000,-0.937500000,,
-0.390625000,-0.937500000,,
-0.375000000,-0.937500000,,
-0.359375000,-0.937500000,,
-0.343750000,-0.937500000,,
-0.328125000,-0.937500000,,
-0.312500000,-0.937500000,,
-0.296875000,-0.937500000,,
-0.281250000,-0.937500000,,
-0.265625000,-0.937500000,-1.04673661840,-0.575705140122
-0.250000000,-0.937500000,-0.997381819402,-0.548560000671
-0.234375000,-0.937500000,-0.950325101874,-0.522678806031
-0.218750000,-0.937500000,-0.905687549025,-0.498128151964
-0.203125000,-0.937500000,-0.863586147592,-0.474972381176
-0.187500000,-0.937500000,-0.824132628290,-0.453272945559
-0.171875000,-0.937500000,-0.787432541929,-0.433087898061
-0.156250000,-0.937500000,-0.753584530835,-0.414471491959
-0.140625000,-0.937500000,-0.722679763790,-0.397473870084
-0.125000000,-0.937500000,-0.694801501851,-0.382140826018
-0.109375000,-0.937500000,-0.670024771519,-0.368513624336
-0.093750000,-0.937500000,-0.648416124232,-0.356628868328
-0.078125000,-0.937500000,-0.630033462034,-0.346518404119
-0.062500000,-0.937500000,-0.614925915524,-0.338209253538
-0.046875000,-0.937500000,-0.603133761044,-0.331723568574
-0.031250000,-0.937500000,-0.594688365777,-0.327078601177
-0.015625000,-0.937500000,-0.589612154169,-0.324286684793
0.000000000,-0.937500000,-0.587918587617,-0.323355223189
0.015625000,-0.937500000,-0.589612154169,-0.324286684793
0.031250000,-0.937500000,-0.594688365777,-0.327078601177
0.046875000,-0.937500000,-0.603133761044,-0.331723568574
0.062500000,-0.937500000,-0.614925915524,-0.338209253538
0.078125000,-0.937500000,-0.630033462034,-0.346518404119
0.093750000,-0.937500000,-0.648416124232,-0.356628868328
0.109375000,-0.937500000,-0.670024771519,-0.368513624336
0.125000000,-0.937500000,-0.694801501851,-0.382140826018
0.140625000,-0.937500000,-0.722679763790,-0.397473870084
0.156250000,-0.937500000,-0.753584530835,-0.414471491959
0.171875000,-0.937500000,-0.787432541929,-0.433087898061
0.187500000,-0.937500000,-0.824132628290,-0.453272945559
0.203125000,-0.937500000,-0.863586147592,-0.474972381176
0.218750000,-0.937500000,-0.905687549025,-0.498128151964
0.234375000,-0.937500000,-0.950325101874,-0.522678806031
0.250000000,-0.937500000,-0.997381819402,-0.548560000671
0.265625000,-0.937500000,-1.04673661840,-0.575705140122
0.281250000,-0.937500000,,
0.296875000,-0.937500000,,
0.312500000,-0.937500000,,
0.328125000,-0.937500000,,
0.343750000,-0.937500000,,
0.359375000,-0.937500000,,
0.375000000,-0.937500000,,
0.390625000,-0.937500000,,
0.406250000,-0.937500000,,
0.421875000,-0.937500000,,
0.437500000,-0.937500000,,
0.453125000,-0.937500000,,
0.468750000,-0.937500000,,
0.484375000,-0.937500000,,
0.500000000,-0.937500000,,
0.515625000,-0.937500000,,
0.531250000,-0.937500000,,
0.546875000,-0.937500000,,
0.562500000,-0.937500000,,
0.578125000,-0.937500000,,
0.593750000,-0.937500000,,
0.609375000,-0.937500000,,
0.625000000,-0.937500000,,
0.640625000,-0.937500000,,
0.656250000,-0.937500000,,
0.671875000,-0.937500000,,
0.687500000,-0.937500000,,
0.703125000,-0.937500000,,
0.718750000,-0.937500000,,
0.734375000,-0.937500000,,
0.750000000,-0.937500000,,
0.765625000,-0.937500000,,
0.781250000,-0.937500000,,
0.796875000,-0.937500000,,
0.812500000,-0.937500000,,
0.828125000,-0.937500000,,
0.843750000,-0.937500000,,
0.859375000,-0.937500000,,
0.875000000,-0.937500000,,
0.890625000,-0.937500000,,
0.906250000,-0.937500000,,
0.921875000,-0.937500000,,
0.937500000,-0.937500000,,
0.953125000,-0.937500000,,
0.968750000,-0.937500000,,
0.984375000,-0.937500000,,
1.000000000,-0.937500000,,
-1.000000000,-0.921875000,,
-0.984375000,-0.921875000,,
-0.968750000,-0.921875000,,
-0.953125000,-0.921875000,,
-0.937500000,-0.921875000,,
-0.921875000,-0.921875000,,
-0.906250000,-0.921875000,,
-0.890625000,-0.921875000,,
-0.875000000,-0.921875000,,
-0.859375000,-0.921875000,,
-0.843750000,-0.921875000,,
-0.828125000,-0.921875000,,
-0.812500000,-0.921875000,,
-0.796875000,-0.921875000,,
-0.781250000,-0.921875000,,
-0.765625000,-0.921875000,,
-0.750000000,-0.921875000,,
-0.734375000,-0.921875000,,
-0.718750000,-0.921875000,,
-0.703125000,-0.921875000,,
-0.687500000,-0.921875000,,
-0.671875000,-0.921875000,,
-0.656250000,-0.921875000,,
-0.640625000,-0.921875000,,
-0.625000000,-0.921875000,,
-0.609375000,-0.921875000,,
-0.593750000,-0.921875000,,
-0.578125000,-0.921875000,,
-0.562500000,-0.921875000,,
-0.546875000,-0.921875000,,
-0.531250000,-0.921875000,,
-0.515625000,-0.921875000,,
-0.500000000,-0.921875000,,
-0.484375000,-0.921875000,,
-0.468750000,-0.921875000,,
-0.453125000,-0.921875000,,
-0.437500000,-0.921875000,,
-0.421875000,-0.921875000,,
-0.406250000,-0.921875000,,
-0.390625000,-0.921875000,,
-0.375000000,-0.921875000,,
-0.359375000,-0.921875000,,
-0.343750000,-0.921875000,,
-0.328125000,-0.921875000,,
-0.312500000,-0.921875000,-1.04490649892,-0.574698574406
-0.296875000,-0.921875000,-0.989518341326,-0.544235087729
-0.281250000,-0.921875000,-0.935948429320,-0.514771636126
-0.265625000,-0.921875000,-0.884344222725,-0.486389322499
-0.250000000,-0.921875000,-0.834850762466,-0.459167919356
-0.234375000,-0.921875000,-0.787608999238,-0.433184949581
-0.218750000,-0.921875000,-0.742754459739,-0.408514952856
-0.203125000,-0.921875000,-0.700416192812,-0.385228906047
-0.187500000,-0.921875000,-0.660715950338,-0.363393772686
-0.171875000,-0.921875000,-0.623767561605,-0.343072158883
-0.156250000,-0.921875000,-0.589676466271,-0.324322056449
-0.140625000,-0.921875000,-0.558539375544,-0.307196656549
-0.125000000,-0.921875000,-0.530444035860,-0.291744219723
-0.109375000,-0.921875000,-0.505469072565,-0.278007989911
-0.093750000,-0.921875000,-0.483683895307,-0.266026142419
-0.078125000,-0.921875000,-0.465148647996,-0.255831756398
-0.062500000,-0.921875000,-0.449914190873,-0.247452804980
-0.046875000,-0.921875000,-0.438022102915,-0.240912156603
-0.031250000,-0.921875000,-0.429504695986,-0.236227582792
-0.015625000,-0.921875000,-0.424385032254,-0.233411767740
0.000000000,-0.921875000,-0.422676941594,-0.232472317877
0.015625000,-0.921875000,-0.424385032254,-0.233411767740
0.031250000,-0.921875000,-0.429504695986,-0.236227582792
0.046875000,-0.921875000,-0.438022102915,-0.240912156603
0.062500000,-0.921875000,-0.449914190873,-0.247452804980
0.078125000,-0.921875000,-0.465148647996,-0.255831756398
0.093750000,-0.921875000,-0.483683895307,-0.266026142419
0.109375000,-0.921875000,-0.505469072565,-0.278007989911
0.125000000,-0.921875000,-0.530444035860,-0.291744219723
0.140625000,-0.921875000,-0.558539375544,-0.307196656549
0.156250000,-0.921875000,-0.589676466271,-0.324322056449
0.171875000,-0.921875000,-0.623767561605,-0.343072158883
0.187500000,-0.921875000,-0.660715950338,-0.363393772686
0.203125000,-0.921875000,-0.700416192812,-0.385228906047
0.218750000,-0.921875000,-0.742754459739,-0.408514952856
0.234375000,-0.921875000,-0.787608999238,-0.433184949581
0.250000000,-0.921875000,-0.834850762466,-0.459167919356
0.265625000,-0.921875000,-0.884344222725,-0.486389322499
0.281250000,-0.921875000,-0.935948429320,-0.514771636126
0.296875000,-0.921875000,-0.989518341326,-0.544235087729
0.312500000,-0.921875000,-1.04490649892,-0.574698574406
0.328125000,-0.921875000,,
0.343750000,-0.921875000,,
0.359375000,-0.921875000,,
0.375000000,-0.921875000,,
0.390625000,-0.921875000,,
0.406250000,-0.921875000,,
0.421875000,-0.921875000,,
0.437500000,-0.921875000,,
0.453125000,-0.921875000,,
0.468750000,-0.921875000,,
0.484375000,-0.921875000,,
0.500000000,-0.921875000,,
0.515625000,-0.921875000,,
0.531250000,-0.921875000,,
0.546875000,-0.921875000,,
0.562500000,-0.921875000,,
0.578125000,-0.921875000,,
0.593750000,-0.921875000,,
0.609375000,-0.921875000,,
0.625000000,-0.921875000,,
0.640625000,-0.921875000,,
0.656250000,-0.921875000,,
0.671875000,-0.921875000,,
0.687500000,-0.921875000,,
0.703125000,-0.921875000,,
0.718750000,-0.921875000,,
0.734375000,-0.921875000,,
0.750000000,-0.921875000,,
0.765625000,-0.921875000,,
0.781250000,-0.921875000,,
0.796875000,-0.921875000,,
0.812500000,-0.921875000,,
0.828125000,-0.921875000,,
0.843750000,-0.921875000,,
0.859375000,-0.921875000,,
0.875000000,-0.921875000,,
0.890625000,-0.921875000,,
0.906250000,-0.921875000,,
0.921875000,-0.921875000,,
0.937500000,-0.921875000,,
0.953125000,-0.921875000,,
0.968750000,-0.921875000,,
0.984375000,-0.921875000,,
1.000000000,-0.921875000,,
-1.000000000,-0.906250000,,
-0.984375000,-0.906250000,,
-0.968750000,-0.906250000,,
-0.953125000,-0.906250000,,
-0.937500000,-0.906250000,,
-0.921875000,-0.906250000,,
-0.906250000,-0.906250000,,
-0.890625000,-0.906250000,,
-0.875000000,-0.906250000,,
-0.859375000,-0.906250000,,
-0.843750000,-0.906250000,,
-0.828125000,-0.906250000,,
-0.812500000,-0.906250000,,
-0.796875000,-0.906250000,,
-0.781250000,-0.906250000,,
-0.765625000,-0.906250000,,
-0.750000000,-0.906250000,,
-0.734375000,-0.906250000,,
-0.718750000,-0.906250000,,
-0.703125000,-0.906250000,,
-0.687500000,-0.906250000,,
-0.671875000,-0.906250000,,
-0.656250000,-0.906250000,,
-0.640625000,-0.906250000,,
-0.625000000,-0.906250000,,
-0.609375000,-0.906250000,,
-0.593750000,-0.906250000,,
-0.578125000,-0.906250000,,
-0.562500000,-0.906250000,,
-0.546875000,-0.906250000,,
-0.531250000,-0.906250000,,
-0.515625000,-0.906250000,,
-0.500000000,-0.906250000,,
-0.484375000,-0.906250000,,
-0.468750000,-0.906250000,,
-0.453125000,-0.906250000,,
-0.437500000,-0.906250000,,
-0.421875000,-0.906250000,,
-0.406250000,-0.906250000,,
-0.390625000,-0.906250000,,
-0.375000000,-0.906250000,,
-0.359375000,-0.906250000,-1.06789152053,-0.587340336290
-0.343750000,-0.906250000,-1.00808035775,-0.554444196762
-0.328125000,-0.906250000,-0.949509531963,-0.522230242580
-0.312500000,-0.906250000,-0.892350576648,-0.490792817157
-0.296875000,-0.906250000,-0.836775498168,-0.460226523992
-0.281250000,-0.906250000,-0.782954326047,-0.430624879326
-0.265625000,-0.906250000,-0.731053140739,-0.402079227406
-0.250000000,-0.906250000,-0.681232503657,-0.374677877012
-0.234375000,-0.906250000,-0.633646224736,-0.348505423605
-0.218750000,-0.906250000,-0.588440412851,-0.323642227068
-0.203125000,-0.906250000,-0.545752759493,-0.300164017721
-0.187500000,-0.906250000,-0.505712015591,-0.278141608575
-0.171875000,-0.906250000,-0.468437624772,-0.257640693625
-0.156250000,-0.906250000,-0.434039481963,-0.238721715080
-0.140625000,-0.906250000,-0.402617792286,-0.221439785757
-0.125000000,-0.906250000,-0.374263004733,-0.205844652603
-0.109375000,-0.906250000,-0.349055804778,-0.191980692628
-0.093750000,-0.906250000,-0.327067144860,-0.179886929673
-0.078125000,-0.906250000,-0.308358302752,-0.169597066514
-0.062500000,-0.906250000,-0.292980953469,-0.161139524408
-0.046875000,-0.906250000,-0.280977245547,-0.154537485051
-0.031250000,-0.906250000,-0.272379873939,-0.149808930667
-0.015625000,-0.906250000,-0.267212143432,-0.146966678888
0.000000000,-0.906250000,-0.265488016271,-0.146018408949
0.015625000,-0.906250000,-0.267212143432,-0.146966678888
0.031250000,-0.906250000,-0.272379873939,-0.149808930667
0.046875000,-0.906250000,-0.280977245547,-0.154537485051
0.062500000,-0.906250000,-0.292980953469,-0.161139524408
0.078125000,-0.906250000,-0.308358302752,-0.169597066514
0.093750000,-0.906250000,-0.327067144860,-0.179886929673
0.109375000,-0.906250000,-0.349055804778,-0.191980692628
0.125000000,-0.906250000,-0.374263004733,-0.205844652603
0.140625000,-0.906250000,-0.402617792286,-0.221439785757
0.156250000,-0.906250000,-0.434039481963,-0.238721715080
0.171875000,-0.906250000,-0.468437624772,-0.257640693625
0.187500000,-0.906250000,-0.505712015591,-0.278141608575
0.203125000,-0.906250000,-0.545752759493,-0.300164017721
0.218750000,-0.906250000,-0.588440412851,-0.323642227068
0.234375000,-0.906250000,-0.633646224736,-0.348505423605
0.250000000,-0.906250000,-0.681232503657,-0.374677877012
0.265625000,-0.906250000,-0.731053140739,-0.402079227406
0.281250000,-0.906250000,-0.782954326047,-0.430624879326
0.296875000,-0.906250000,-0.836775498168,-0.460226523992
0.312500000,-0.906250000,-0.892350576648,-0.490792817157
0.328125000,-0.906250000,-0.949509531963,-0.522230242580
0.343750000,-0.906250000,-1.00808035775,-0.554444196762
0.359375000,-0.906250000,-1.06789152053,-0.587340336290
0.375000000,-0.906250000,,
0.390625000,-0.906250000,,
0.406250000,-0.906250000,,
0.421875000,-0.906250000,,
0.437500000,-0.906250000,,
0.453125000,-0.906250000,,
0.468750000,-0.906250000,,
0.484375000,-0.906250000,,
0.500000000,-0.906250000,,
0.515625000,-0.906250000,,
0.531250000,-0.906250000,,
0.546875000,-0.906250000,,
0.562500000,-0.906250000,,
0.578125000,-0.906250000,,
0.593750000,-0.906250000,,
0.609375000,-0.906250000,,
0.625000000,-0.906250000,,
0.640625000,-0.906250000,,
0.656250000,-0.906250000,,
0.671875000,-0.906250000,,
0.687500000,-0.906250000,,
0.703125000,-0.906250000,,
0.718750000,-0.906250000,,
0.734375000,-0.906250000,,
0.750000000,-0.906250000,,
0.765625000,-0.906250000,,
0.781250000,-0.906250000,,
0.796875000,-0.906250000,,
0.812500000,-0.906250000,,
0.828125000,-0.906250000,,
0.843750000,-0.906250000,,
0.859375000,-0.906250000,,
0.875000000,-0.906250000,,
0.890625000,-0.906250000,,
0.906250000,-0.906250000,,
0.921875000,-0.906250000,,
0.937500000,-0.906250000,,
0.953125000,-0.906250000,,
0.968750000,-0.906250000,,
0.984375000,-0.906250000,,
1.000000000,-0.906250000,,
-1.000000000,-0.890625000,,
-0.984375000,-0.890625000,,
-0.968750000,-0.890625000,,
-0.953125000,-0.890625000,,
-0.937500000,-0.890625000,,
-0.921875000,-0.890625000,,
-0.906250000,-0.890625000,,
-0.890625000,-0.890625000,,
-0.875000000,-0.890625000,,
-0.859375000,-0.890625000,,
-0.843750000,-0.890625000,,
-0.828125000,-0.890625000,,
-0.812500000,-0.890625000,,
-0.796875000,-0.890625000,,
-0.781250000,-0.890625000,,
-0.765625000,-0.890625000,,
-0.750000000,-0.890625000,,
-0.734375000,-0.890625000,,
-0.718750000,-0.890625000,,
-0.703125000,-0.890625000,,
-0.687500000,-0.890625000,,
-0.671875000,-0.890625000,,
-0.656250000,-0.890625000,,
-0.640625000,-0.890625000,,
-0.625000000,-0.890625000,,
-0.609375000,-0.890625000,,
-0.593750000,-0.890625000,,
-0.578125000,-0.890625000,,
-0.562500000,-0.890625000,,
-0.546875000,-0.890625000,,
-0.531250000,-0.890625000,,
-0.515625000,-0.890625000,,
-0.500000000,-0.890625000,,
-0.484375000,-0.890625000,,
-0.468750000,-0.890625000,,
-0.453125000,-0.890625000,,
-0.437500000,-0.890625000,,
-0.421875000,-0.890625000,,
-0.406250000,-0.890625000,-1.11022276204,-0.610622519125
-0.390625000,-0.890625000,-1.04794305750,-0.576368681628
-0.375000000,-0.890625000,-0.986228945693,-0.542425920131
-0.359375000,-0.890625000,-0.925270666444,-0.508898866544
-0.343750000,-0.890625000,-0.865263799059,-0.475895089482
-0.328125000,-0.890625000,-0.806405641394,-0.443523102767
-0.312500000,-0.890625000,-0.748892267067,-0.411890746887
-0.296875000,-0.890625000,-0.692916154551,-0.381103885003
-0.281250000,-0.890625000,-0.638664302651,-0.351265366458
-0.265625000,-0.890625000,-0.586316752715,-0.322474213993
-0.250000000,-0.890625000,-0.536045453269,-0.294824999298
-0.234375000,-0.890625000,-0.488013409233,-0.268407375078
-0.218750000,-0.890625000,-0.442374066557,-0.243305736606
-0.203125000,-0.890625000,-0.399270889795,-0.219598989388
-0.187500000,-0.890625000,-0.358837095435,-0.197360402489
-0.171875000,-0.890625000,-0.321195510636,-0.176657530850
-0.156250000,-0.890625000,-0.286458527883,-0.157552190335
-0.140625000,-0.890625000,-0.254728134353,-0.140100473894
-0.125000000,-0.890625000,-0.226095995391,-0.124352797465
-0.109375000,-0.890625000,-0.200643573175,-0.110353965246
-0.093750000,-0.890625000,-0.178442268449,-0.0981432476469
-0.078125000,-0.890625000,-0.159553571124,-0.0877544641184
-0.062500000,-0.890625000,-0.144029210561,-0.0792160658088
-0.046875000,-0.890625000,-0.131911295796,-0.0725512126877
-0.031250000,-0.890625000,-0.123232439443,-0.0677778416934
-0.015625000,-0.890625000,-0.118015860114,-0.0649087230626
0.000000000,-0.890625000,-0.116275457561,-0.0639515016587
0.015625000,-0.890625000,-0.118015860114,-0.0649087230626
0.031250000,-0.890625000,-0.123232439443,-0.0677778416934
0.046875000,-0.890625000,-0.131911295796,-0.0725512126877
0.062500000,-0.890625000,-0.144029210561,-0.0792160658088
0.078125000,-0.890625000,-0.159553571124,-0.0877544641184
0.093750000,-0.890625000,-0.178442268449,-0.0981432476469
0.109375000,-0.890625000,-0.200643573175,-0.110353965246
0.125000000,-0.890625000,-0.226095995391,-0.124352797465
0.140625000,-0.890625000,-0.254728134353,-0.140100473894
0.156250000,-0.890625000,-0.286458527883,-0.157552190335
0.171875000,-0.890625000,-0.321195510636,-0.176657530850
0.187500000,-0.890625000,-0.358837095435,-0.197360402489
0.203125000,-0.890625000,-0.399270889795,-0.219598989388
0.218750000,-0.890625000,-0.442374066557,-0.243305736606
0.234375000,-0.890625000,-0.488013409233,-0.268407375078
0.250000000,-0.890625000,-0.536045453269,-0.294824999298
0.265625000,-0.890625000,-0.586316752715,-0.322474213993
0.281250000,-0.890625000,-0.638664302651,-0.351265366458
0.296875000,-0.890625000,-0.692916154551,-0.381103885003
0.312500000,-0.890625000,-0.748892267067,-0.411890746887
0.328125000,-0.890625000,-0.806405641394,-0.443523102767
0.343750000,-0.890625000,-0.865263799059,-0.475895089482
0.359375000,-0.890625000,-0.925270666444,-0.508898866544
0.375000000,-0.890625000,-0.986228945693,-0.542425920131
0.390625000,-0.890625000,-1.04794305750,-0.576368681628
0.406250000,-0.890625000,-1.11022276204,-0.610622519125
0.421875000,-0.890625000,,
0.437500000,-0.890625000,,
0.453125000,-0.890625000,,
0.468750000,-0.890625000,,
0.484375000,-0.890625000,,
0.500000000,-0.890625000,,
0.515625000,-0.890625000,,
0.531250000,-0.890625000,,
0.546875000,-0.890625000,,
0.562500000,-0.890625000,,
0.578125000,-0.890625000,,
0.593750000,-0.890625000,,
0.609375000,-0.890625000,,
0.625000000,-0.890625000,,
0.640625000,-0.890625000,,
0.656250000,-0.890625000,,
0.671875000,-0.890625000,,
0.687500000,-0.890625000,,
0.703125000,-0.890625000,,
0.718750000,-0.890625000,,
0.734375000,-0.890625000,,
0.750000000,-0.890625000,,
0.765625000,-0.890625000,,
0.781250000,-0.890625000,,
0.796875000,-0.890625000,,
0.812500000,-0.890625000,,
0.828125000,-0.890625000,,
0.843750000,-0.890625000,,
0.859375000,-0.890625000,,
0.875000000,-0.890625000,,
0.890625000,-0.890625000,,
0.906250000,-0.890625000,,
0.921875000,-0.890625000,,
0.937500000,-0.890625000,,
0.953125000,-0.890625000,,
0.968750000,-0.890625000,,
0.984375000,-0.890625000,,
1.000000000,-0.890625000,,
-1.000000000,-0.875000000,,
-0.984375000,-0.875000000,,
-0.968750000,-0.875000000,,
-0.953125000,-0.875000000,,
-0.937500000,-0.875000000,,
-0.921875000,-0.875000000,,
-0.906250000,-0.875000000,,
-0.890625000,-0.875000000,,
-0.875000000,-0.875000000,,
-0.859375000,-0.875000000,,
-0.843750000,-0.875000000,,
-0.828125000,-0.875000000,,
-0.812500000,-0.875000000,,
-0.796875000,-0.875000000,,
-0.781250000,-0.875000000,,
-0.765625000,-0.875000000,,
-0.750000000,-0.875000000,,
-0.734375000,-0.875000000,,
-0.718750000,-0.875000000,,
-0.703125000,-0.875000000,,
-0.687500000,-0.875000000,,
-0.671875000,-0.875000000,,
-0.656250000,-0.875000000,,
-0.640625000,-0.875000000,,
-0.625000000,-0.875000000,,
-0.609375000,-0.875000000,,
-0.593750000,-0.875000000,,
-0.578125000,-0.875000000,,
-0.562500000,-0.875000000,,
-0.546875000,-0.875000000,,
-0.531250000,-0.875000000,,
-0.515625000,-0.875000000,,
-0.500000000,-0.875000000,,
-0.484375000,-0.875000000,,
-0.468750000,-0.875000000,,
-0.453125000,-0.875000000,,
-0.437500000,-0.875000000,-1.10284618637,-0.606565402503
-0.421875000,-0.875000000,-1.04020777677,-0.572114277226
-0.406250000,-0.875000000,-0.977571123040,-0.537664117672
-0.390625000,-0.875000000,-0.915147826603,-0.503331304632
-0.375000000,-0.875000000,-0.853157448718,-0.469236596795
-0.359375000,-0.875000000,-0.791823111706,-0.435502711438
-0.343750000,-0.875000000,-0.731367916375,-0.402252354006
-0.328125000,-0.875000000,-0.672012052465,-0.369606628856
-0.312500000,-0.875000000,-0.613970495235,-0.337683772379
-0.296875000,-0.875000000,-0.557451196606,-0.306598158133
-0.281250000,-0.875000000,-0.502653692493,-0.276459530871
-0.265625000,-0.875000000,-0.449768056943,-0.247372431319
-0.250000000,-0.875000000,-0.398974145915,-0.219435780253
-0.234375000,-0.875000000,-0.350441078723,-0.192742593297
-0.218750000,-0.875000000,-0.304326914540,-0.167379802997
-0.203125000,-0.875000000,-0.260778485129,-0.143428166821
-0.187500000,-0.875000000,-0.219931352242,-0.120962243733
-0.171875000,-0.875000000,-0.181909861756,-0.100050423966
-0.156250000,-0.875000000,-0.146827269349,-0.0807549981421
-0.140625000,-0.875000000,-0.114785918483,-0.0631322551656
-0.125000000,-0.875000000,-0.0858774520653,-0.0472325986359
-0.109375000,-0.875000000,-0.0601830431668,-0.0331006737417
-0.093750000,-0.875000000,-0.0377736313687,-0.0207754972528
-0.078125000,-0.875000000,-0.0187101543770,-0.0102905849074
-0.062500000,-0.875000000,-0.00304376553398,-0.00167407104369
-0.046875000,-0.875000000,0.00918397007518,0.00505118354135
-0.031250000,-0.875000000,0.0179409073755,0.00986749905655
-0.015625000,-0.875000000,0.0232041856787,0.0127623021233
0.000000000,-0.875000000,0.0249601291212,0.0137280710166
0.015625000,-0.875000000,0.0232041856787,0.0127623021233
0.031250000,-0.875000000,0.0179409073755,0.00986749905655
0.046875000,-0.875000000,0.00918397007518,0.00505118354135
0.062500000,-0.875000000,-0.00304376553398,-0.00167407104369
0.078125000,-0.875000000,-0.0187101543770,-0.0102905849074
0.093750000,-0.875000000,-0.0377736313687,-0.0207754972528
0.109375000,-0.875000000,-0.0601830431668,-0.0331006737417
0.125000000,-0.875000000,-0.0858774520653,-0.0472325986359
0.140625000,-0.875000000,-0.114785918483,-0.0631322551656
0.156250000,-0.875000000,-0.146827269349,-0.0807549981421
0.171875000,-0.875000000,-0.181909861756,-0.100050423966
0.187500000,-0.875000000,-0.219931352242,-0.120962243733
0.203125000,-0.875000000,-0.260778485129,-0.143428166821
0.218750000,-0.875000000,-0.304326914540,-0.167379802997
0.234375000,-0.875000000,-0.350441078723,-0.192742593297
0.250000000,-0.875000000,-0.398974145915,-0.219435780253
0.265625000,-0.875000000,-0.449768056943,-0.247372431319
0.281250000,-0.875000000,-0.502653692493,-0.276459530871
0.296875000,-0.875000000,-0.557451196606,-0.306598158133
0.312500000,-0.875000000,-0.613970495235,-0.337683772379
0.328125000,-0.875000000,-0.672012052465,-0.369606628856
0.343750000,-0.875000000,-0.731367916375,-0.402252354006
0.359375000,-0.875000000,-0.791823111706,-0.435502711438
0.375000000,-0.875000000,-0.853157448718,-0.469236596795
0.390625000,-0.875000000,-0.915147826603,-0.503331304632
0.406250000,-0.875000000,-0.977571123040,-0.537664117672
0.421875000,-0.875000000,-1.04020777677,-0.572114277226
0.437500000,-0.875000000,-1.10284618637,-0.606565402503
0.453125000,-0.875000000,,
0.468750000,-0.875000000,,
0.484375000,-0.875000000,,
0.500000000,-0.875000000,,
0.515625000,-0.875000000,,
0.531250000,-0.875000000,,
0.546875000,-0.875000000,,
0.562500000,-0.875000000,,
0.578125000,-0.875000000,,
0.593750000,-0.875000000,,
0.609375000,-0.875000000,,
0.625000000,-0.875000000,,
0.640625000,-0.875000000,,
0.656250000,-0.875000000,,
0.671875000,-0.875000000,,
0.687500000,-0.875000000,,
0.703125000,-0.875000000,,
0.718750000,-0.875000000,,
0.734375000,-0.875000000,,
0.750000000,-0.875000000,,
0.765625000,-0.875000000,,
0.781250000,-0.875000000,,
0.796875000,-0.875000000,,
0.812500000,-0.875000000,,
0.828125000,-0.875000000,,
0.843750000,-0.875000000,,
0.859375000,-0.875000000,,
0.875000000,-0.875000000,,
0.890625000,-0.875000000,,
0.906250000,-0.875000000,,
0.921875000,-0.875000000,,
0.937500000,-0.875000000,,
0.953125000,-0.875000000,,
0.968750000,-0.875000000,,
0.984375000,-0.875000000,,
1.000000000,-0.875000000,,
-1.000000000,-0.859375000,,
-0.984375000,-0.859375000,,
-0.968750000,-0.859375000,,
-0.953125000,-0.859375000,,
-0.937500000,-0.859375000,,
-0.921875000,-0.859375000,,
-0.906250000,-0.859375000,,
-0.890625000,-0.859375000,,
-0.875000000,-0.859375000,,
-0.859375000,-0.859375000,,
-0.843750000,-0.859375000,,
-0.828125000,-0.859375000,,
-0.812500000,-0.859375000,,
-0.796875000,-0.859375000,,
-0.781250000,-0.859375000,,
-0.765625000,-0.859375000,,
-0.750000000,-0.859375000,,
-0.734375000,-0.859375000,,
-0.718750000,-0.859375000,,
-0.703125000,-0.859375000,,
-0.687500000,-0.859375000,,
-0.671875000,-0.859375000,,
-0.656250000,-0.859375000,,
-0.640625000,-0.859375000,,
-0.625000000,-0.859375000,,
-0.609375000,-0.859375000,,
-0.593750000,-0.859375000,,
-0.578125000,-0.859375000,,
-0.562500000,-0.859375000,,
-0.546875000,-0.859375000,,
-0.531250000,-0.859375000,,
-0.515625000,-0.859375000,,
-0.500000000,-0.859375000,,
-0.484375000,-0.859375000,,
-0.468750000,-0.859375000,-1.10432271372,-0.607377492544
-0.453125000,-0.859375000,-1.04250501290,-0.573377757098
-0.437500000,-0.859375000,-0.980065702853,-0.539036136569
-0.421875000,-0.859375000,-0.917235985314,-0.504479791923
-0.406250000,-0.859375000,-0.854258683098,-0.469842275704
-0.390625000,-0.859375000,-0.791382846148,-0.435260565381
-0.375000000,-0.859375000,-0.728859347445,-0.400872641095
-0.359375000,-0.859375000,-0.666937319113,-0.366815525512
-0.343750000,-0.859375000,-0.605861299233,-0.333223714578
-0.328125000,-0.859375000,-0.545868982069,-0.300227940138
-0.312500000,-0.859375000,-0.487189474564,-0.267954211010
-0.296875000,-0.859375000,-0.430041978274,-0.236523088051
-0.281250000,-0.859375000,-0.374634827281,-0.206049155005
-0.265625000,-0.859375000,-0.321164819518,-0.176640650735
-0.250000000,-0.859375000,-0.269816791692,-0.148399235431
-0.234375000,-0.859375000,-0.220763391403,-0.121419865272
-0.218750000,-0.859375000,-0.174165007029,-0.0957907538660
-0.203125000,-0.859375000,-0.130169824454,-0.0715934034498
-0.187500000,-0.859375000,-0.0889139789087,-0.0489026883998
-0.171875000,-0.859375000,-0.0505217797583,-0.0277869788671
-0.156250000,-0.859375000,-0.0151059848727,-0.00830829167998
-0.140625000,-0.859375000,0.0172318922489,0.00947754073687
-0.125000000,-0.859375000,0.0464012582612,0.0255206920437
-0.109375000,-0.859375000,0.0723221136400,0.0397771625020
-0.093750000,-0.859375000,0.0949247325660,0.0522086029113
-0.078125000,-0.859375000,0.114149361885,0.0627821490370
-0.062500000,-0.859375000,0.129945944518,0.0714702694849
-0.046875000,-0.859375000,0.142273875646,0.0782506316054
-0.031250000,-0.859375000,0.151101795522,0.0831059875372
-0.015625000,-0.859375000,0.156407425084,0.0860240837964
0.000000000,-0.859375000,0.158177445415,0.0869975949780
0.015625000,-0.859375000,0.156407425084,0.0860240837964
0.031250000,-0.859375000,0.151101795522,0.0831059875372
0.046875000,-0.859375000,0.142273875646,0.0782506316054
0.062500000,-0.859375000,0.129945944518,0.0714702694849
0.078125000,-0.859375000,0.114149361885,0.0627821490370
0.093750000,-0.859375000,0.0949247325660,0.0522086029113
0.109375000,-0.859375000,0.0723221136400,0.0397771625020
0.125000000,-0.859375000,0.0464012582612,0.0255206920437
0.140625000,-0.859375000,0.0172318922489,0.00947754073687
0.156250000,-0.859375000,-0.0151059848727,-0.00830829167998
0.171875000,-0.859375000,-0.0505217797583,-0.0277869788671
0.187500000,-0.859375000,-0.0889139789087,-0.0489026883998
0.203125000,-0.859375000,-0.130169824454,-0.0715934034498
0.218750000,-0.859375000,-0.174165007029,-0.0957907538660
0.234375000,-0.859375000,-0.220763391403,-0.121419865272
0.250000000,-0.859375000,-0.269816791692,-0.148399235431
0.265625000,-0.859375000,-0.321164819518,-0.176640650735
0.281250000,-0.859375000,-0.374634827281,-0.206049155005
0.296875000,-0.859375000,-0.430041978274,-0.236523088051
0.312500000,-0.859375000,-0.487189474564,-0.267954211010
0.328125000,-0.859375000,-0.545868982069,-0.300227940138
0.343750000,-0.859375000,-0.605861299233,-0.333223714578
0.359375000,-0.859375000,-0.666937319113,-0.366815525512
0.375000000,-0.859375000,-0.728859347445,-0.400872641095
0.390625000,-0.859375000,-0.791382846148,-0.435260565381
0.406250000,-0.859375000,-0.854258683098,-0.469842275704
0.421875000,-0.859375000,-0.917235985314,-0.504479791923
0.437500000,-0.859375000,-0.980065702853,-0.539036136569
0.453125000,-0.859375000,-1.04250501290,-0.573377757098
0.468750000,-0.859375000,-1.10432271372,-0.607377492544
0.484375000,-0.859375000,,
0.500000000,-0.859375000,,
0.515625000,-0.859375000,,
0.531250000,-0.859375000,,
0.546875000,-0.859375000,,
0.562500000,-0.859375000,,
0.578125000,-0.859375000,,
0.593750000,-0.859375000,,
0.609375000,-0.859375000,,
0.625000000,-0.859375000,,
0.640625000,-0.859375000,,
0.656250000,-0.859375000,,
0.671875000,-0.859375000,,
0.687500000,-0.859375000,,
0.703125000,-0.859375000,,
0.718750000,-0.859375000,,
0.734375000,-0.859375000,,
0.750000000,-0.859375000,,
0.765625000,-0.859375000,,
0.781250000,-0.859375000,,
0.796875000,-0.859375000,,
0.812500000,-0.859375000,,
0.828125000,-0.859375000,,
0.843750000,-0.859375000,,
0.859375000,-0.859375000,,
0.875000000,-0.859375000,,
0.890625000,-0.859375000,,
0.906250000,-0.859375000,,
0.921875000,-0.859375000,,
0.937500000,-0.859375000,,
0.953125000,-0.859375000,,
0.968750000,-0.859375000,,
0.984375000,-0.859375000,,
1.000000000,-0.859375000,,
-1.000000000,-0.843750000,,
-0.984375000,-0.843750000,,
-0.968750000,-0.843750000,,
-0.953125000,-0.843750000,,
-0.937500000,-0.843750000,,
-0.921875000,-0.843750000,,
-0.906250000,-0.843750000,,
-0.890625000,-0.843750000,,
-0.875000000,-0.843750000,,
-0.859375000,-0.843750000,,
-0.843750000,-0.843750000,,
-0.828125000,-0.843750000,,
-0.812500000,-0.843750000,,
-0.796875000,-0.843750000,,
-0.781250000,-0.843750000,,
-0.765625000,-0.843750000,,
-0.750000000,-0.843750000,,
-0.734375000,-0.843750000,,
-0.718750000,-0.843750000,,
-0.703125000,-0.843750000,,
-0.687500000,-0.843750000,,
-0.671875000,-0.843750000,,
-0.656250000,-0.843750000,,
-0.640625000,-0.843750000,,
-0.625000000,-0.843750000,,
-0.609375000,-0.843750000,,
-0.593750000,-0.843750000,,
-0.578125000,-0.843750000,,
-0.562500000,-0.843750000,,
-0.546875000,-0.843750000,,
-0.531250000,-0.843750000,,
-0.515625000,-0.843750000,,
-0.500000000,-0.843750000,-1.11201990749,-0.611610949119
-0.484375000,-0.843750000,-1.05235214405,-0.578793679226
-0.468750000,-0.843750000,-0.991378599124,-0.545258229518
-0.453125000,-0.843750000,-0.929346922586,-0.511140807423
-0.437500000,-0.843750000,-0.866521442513,-0.476586793382
-0.421875000,-0.843750000,-0.803176502800,-0.441747076540
-0.406250000,-0.843750000,-0.739591005748,-0.406775053161
-0.390625000,-0.843750000,-0.676043976498,-0.371824187074
-0.375000000,-0.843750000,-0.612810995702,-0.337046047636
-0.359375000,-0.843750000,-0.550161367322,-0.302588752027
-0.343750000,-0.843750000,-0.488355906233,-0.268595748428
-0.328125000,-0.843750000,-0.427645248485,-0.235204886667
-0.312500000,-0.843750000,-0.368268598620,-0.202547729241
-0.296875000,-0.843750000,-0.310452841950,-0.170749063072
-0.281250000,-0.843750000,-0.254411958965,-0.139926577431
-0.265625000,-0.843750000,-0.200346687594,-0.110190678177
-0.250000000,-0.843750000,-0.148444387292,-0.0816444130104
-0.234375000,-0.843750000,-0.0988790649650,-0.0543834857307
-0.218750000,-0.843750000,-0.0518115280877,-0.0284963404483
-0.203125000,-0.843750000,-0.00738963480783,-0.00406429914430
-0.187500000,-0.843750000,0.0342513830005,0.0188382606503
-0.171875000,-0.843750000,0.0729885464668,0.0401437005567
-0.156250000,-0.843750000,0.108710725710,0.0597908991404
-0.140625000,-0.843750000,0.141318220135,0.0777250210741
-0.125000000,-0.843750000,0.170722336585,0.0938972851219
-0.109375000,-0.843750000,0.196844978875,0.108264738381
-0.093750000,-0.843750000,0.219618256101,0.120790040855
-0.078125000,-0.843750000,0.238984119907,0.131441265949
-0.062500000,-0.843750000,0.254894037829,0.140191720806
-0.046875000,-0.843750000,0.267308707024,0.147019788863
-0.031250000,-0.843750000,0.276197814026,0.151908797714
-0.015625000,-0.843750000,0.281539844860,0.154846914673
0.000000000,-0.843750000,0.283321946772,0.155827070725
0.015625000,-0.843750000,0.281539844860,0.154846914673
0.031250000,-0.843750000,0.276197814026,0.151908797714
0.046875000,-0.843750000,0.267308707024,0.147019788863
0.062500000,-0.843750000,0.254894037829,0.140191720806
0.078125000,-0.843750000,0.238984119907,0.131441265949
0.093750000,-0.843750000,0.219618256101,0.120790040855
0.109375000,-0.843750000,0.196844978875,0.108264738381
0.125000000,-0.843750000,0.170722336585,0.0938972851219
0.140625000,-0.843750000,0.141318220135,0.0777250210741
0.156250000,-0.843750000,0.108710725710,0.0597908991404
0.171875000,-0.843750000,0.0729885464668,0.0401437005567
0.187500000,-0.843750000,0.0342513830005,0.0188382606503
0.203125000,-0.843750000,-0.00738963480783,-0.00406429914430
0.218750000,-0.843750000,-0.0518115280877,-0.0284963404483
0.234375000,-0.843750000,-0.0988790649650,-0.0543834857307
0.250000000,-0.843750000,-0.148444387292,-0.0816444130104
0.265625000,-0.843750000,-0.200346687594,-0.110190678177
0.281250000,-0.843750000,-0.254411958965,-0.139926577431
0.296875000,-0.843750000,-0.310452841950,-0.170749063072
0.312500000,-0.843750000,-0.368268598620,-0.202547729241
0.328125000,-0.843750000,-0.427645248485,-0.235204886667
0.343750000,-0.843750000,-0.488355906233,-0.268595748428
0.359375000,-0.843750000,-0.550161367322,-0.302588752027
0.375000000,-0.843750000,-0.612810995702,-0.337046047636
0.390625000,-0.843750000,-0.676043976498,-0.371824187074
0.406250000,-0.843750000,-0.739591005748,-0.406775053161
0.421875000,-0.843750000,-0.803176502800,-0.441747076540
0.437500000,-0.843750000,-0.866521442513,-0.476586793382
0.453125000,-0.843750000,-0.929346922586,-0.511140807423
0.468750000,-0.843750000,-0.991378599124,-0.545258229518
0.484375000,-0.843750000,-1.05235214405,-0.578793679226
0.500000000,-0.843750000,-1.11201990749,-0.611610949119
0.515625000,-0.843750000,,
0.531250000,-0.843750000,,
0.546875000,-0.843750000,,
0.562500000,-0.843750000,,
0.578125000,-0.843750000,,
0.593750000,-0.843750000,,
0.609375000,-0.843750000,,
0.625000000,-0.843750000,,
0.640625000,-0.843750000,,
0.656250000,-0.843750000,,
0.671875000,-0.843750000,,
0.687500000,-0.843750000,,
0.703125000,-0.843750000,,
0.718750000,-0.843750000,,
0.734375000,-0.843750000,,
0.750000000,-0.843750000,,
0.765625000,-0.843750000,,
0.781250000,-0.843750000,,
0.796875000,-0.843750000,,
0.812500000,-0.843750000,,
0.828125000,-0.843750000,,
0.843750000,-0.843750000,,
0.859375000,-0.843750000,,
0.875000000,-0.843750000,,
0.890625000,-0.843750000,,
0.906250000,-0.843750000,,
0.921875000,-0.843750000,,
0.937500000,-0.843750000,,
0.953125000,-0.843750000,,
0.968750000,-0.843750000,,
0.984375000,-0.843750000,,
1.000000000,-0.843750000,,
-1.000000000,-0.828125000,,
-0.984375000,-0.828125000,,
-0.968750000,-0.828125000,,
-0.953125000,-0.828125000,,
-0.937500000,-0.828125000,,
-0.921875000,-0.828125000,,
-0.906250000,-0.828125000,,
-0.890625000,-0.828125000,,
-0.875000000,-0.828125000,,
-0.859375000,-0.828125000,,
-0.843750000,-0.828125000,,
-0.828125000,-0.828125000,,
-0.812500000,-0.828125000,,
-0.796875000,-0.828125000,,
-0.781250000,-0.828125000,,
-0.765625000,-0.828125000,,
-0.750000000,-0.828125000,,
-0.734375000,-0.828125000,,
-0.718750000,-0.828125000,,
-0.703125000,-0.828125000,,
-0.687500000,-0.828125000,,
-0.671875000,-0.828125000,,
-0.656250000,-0.828125000,,
-0.640625000,-0.828125000,,
-0.625000000,-0.828125000,,
-0.609375000,-0.828125000,,
-0.593750000,-0.828125000,,
-0.578125000,-0.828125000,,
-0.562500000,-0.828125000,,
-0.546875000,-0.828125000,,
-0.531250000,-0.828125000,,
-0.515625000,-0.828125000,-1.06693358288,-0.586813470584
-0.500000000,-0.828125000,-1.00885169544,-0.554868432492
-0.484375000,-0.828125000,-0.948978596086,-0.521938227847
-0.468750000,-0.828125000,-0.887596814829,-0.488178248156
-0.453125000,-0.828125000,-0.825004196169,-0.453752307893
-0.437500000,-0.828125000,-0.761507093271,-0.418828901299
-0.421875000,-0.828125000,-0.697414812965,-0.383578147130
-0.406250000,-0.828125000,-0.633035122728,-0.348169317501
-0.390625000,-0.828125000,-0.568670657897,-0.312768861843
-0.375000000,-0.828125000,-0.504616089911,-0.277538849451
-0.359375000,-0.828125000,-0.441155937156,-0.242635765436
-0.343750000,-0.828125000,-0.378562915487,-0.208209603518
-0.328125000,-0.828125000,-0.317096740081,-0.174403207044
-0.312500000,-0.828125000,-0.257003304331,-0.141351817382
-0.296875000,-0.828125000,-0.198514169293,-0.109182793111
-0.281250000,-0.828125000,-0.141846308653,-0.0780154697593
-0.265625000,-0.828125000,-0.0872020609987,-0.0479611335493
-0.250000000,-0.828125000,-0.0347692475816,-0.0191230861699
-0.234375000,-0.828125000,0.0152785794245,0.00840321868349
-0.218750000,-0.828125000,0.0627817895313,0.0345299842422
-0.203125000,-0.828125000,0.107594252671,0.0591768389688
-0.187500000,-0.828125000,0.149582867739,0.0822705772564
-0.171875000,-0.828125000,0.188627059789,0.103744882884
-0.156250000,-0.828125000,0.224618262194,0.123540044207
-0.140625000,-0.828125000,0.257459398942,0.141602669418
-0.125000000,-0.828125000,0.287064377912,0.157885407852
-0.109375000,-0.828125000,0.313357606616,0.172346683639
-0.093750000,-0.828125000,0.336273538330,0.184950446082
-0.078125000,-0.828125000,0.355756256503,0.195665941076
-0.062500000,-0.828125000,0.371759103405,0.204467506873
-0.046875000,-0.828125000,0.384244357406,0.211334396573
-0.031250000,-0.828125000,0.393182964282,0.216250630355
-0.015625000,-0.828125000,0.398554324898,0.219204878694
0.000000000,-0.828125000,0.400346141378,0.220190377758
0.015625000,-0.828125000,0.398554324898,0.219204878694
0.031250000,-0.828125000,0.393182964282,0.216250630355
0.046875000,-0.828125000,0.384244357406,0.211334396573
0.062500000,-0.828125000,0.371759103405,0.204467506873
0.078125000,-0.828125000,0.355756256503,0.195665941076
0.093750000,-0.828125000,0.336273538330,0.184950446082
0.109375000,-0.828125000,0.313357606616,0.172346683639
0.125000000,-0.828125000,0.287064377912,0.157885407852
0.140625000,-0.828125000,0.257459398942,0.141602669418
0.156250000,-0.828125000,0.224618262194,0.123540044207
0.171875000,-0.828125000,0.188627059789,0.103744882884
0.187500000,-0.828125000,0.149582867739,0.0822705772564
0.203125000,-0.828125000,0.107594252671,0.0591768389688
0.218750000,-0.828125000,0.0627817895313,0.0345299842422
0.234375000,-0.828125000,0.0152785794245,0.00840321868349
0.250000000,-0.828125000,-0.0347692475816,-0.0191230861699
0.265625000,-0.828125000,-0.0872020609987,-0.0479611335493
0.281250000,-0.828125000,-0.141846308653,-0.0780154697593
0.296875000,-0.828125000,-0.198514169293,-0.109182793111
0.312500000,-0.828125000,-0.257003304331,-0.141351817382
0.328125000,-0.828125000,-0.317096740081,-0.174403207044
0.343750000,-0.828125000,-0.378562915487,-0.208209603518
0.359375000,-0.828125000,-0.441155937156,-0.242635765436
0.375000000,-0.828125000,-0.504616089911,-0.277538849451
0.390625000,-0.828125000,-0.568670657897,-0.312768861843
0.406250000,-0.828125000,-0.633035122728,-0.348169317501
0.421875000,-0.828125000,-0.697414812965,-0.383578147130
0.437500000,-0.828125000,-0.761507093271,-0.418828901299
0.453125000,-0.828125000,-0.825004196169,-0.453752307893
0.468750000,-0.828125000,-0.887596814829,-0.488178248156
0.484375000,-0.828125000,-0.948978596086,-0.521938227847
0.500000000,-0.828125000,-1.00885169544,-0.554868432492
0.515625000,-0.828125000,-1.06693358288,-0.586813470584
0.531250000,-0.828125000,,
0.546875000,-0.828125000,,
0.562500000,-0.828125000,,
0.578125000,-0.828125000,,
0.593750000,-0.828125000,,
0.609375000,-0.828125000,,
0.625000000,-0.828125000,,
0.640625000,-0.828125000,,
0.656250000,-0.828125000,,
0.671875000,-0.828125000,,
0.687500000,-0.828125000,,
0.703125000,-0.828125000,,
0.718750000,-0.828125000,,
0.734375000,-0.828125000,,
0.750000000,-0.828125000,,
0.765625000,-0.828125000,,
0.781250000,-0.828125000,,
0.796875000,-0.828125000,,
0.812500000,-0.828125000,,
0.828125000,-0.828125000,,
0.843750000,-0.828125000,,
0.859375000,-0.828125000,,
0.875000000,-0.828125000,,
0.890625000,-0.828125000,,
0.906250000,-0.828125000,,
0.921875000,-0.828125000,,
0.937500000,-0.828125000,,
0.953125000,-0.828125000,,
0.968750000,-0.828125000,,
0.984375000,-0.828125000,,
1.000000000,-0.828125000,,
-1.000000000,-0.812500000,,
-0.984375000,-0.812500000,,
-0.968750000,-0.812500000,,
-0.953125000,-0.812500000,,
-0.937500000,-0.812500000,,
-0.921875000,-0.812500000,,
-0.906250000,-0.812500000,,
-0.890625000,-0.812500000,,
-0.875000000,-0.812500000,,
-0.859375000,-0.812500000,,
-0.843750000,-0.812500000,,
-0.828125000,-0.812500000,,
-0.812500000,-0.812500000,,
-0.796875000,-0.812500000,,
-0.781250000,-0.812500000,,
-0.765625000,-0.812500000,,
-0.750000000,-0.812500000,,
-0.734375000,-0.812500000,,
-0.718750000,-0.812500000,,
-0.703125000,-0.812500000,,
-0.687500000,-0.812500000,,
-0.671875000,-0.812500000,,
-0.656250000,-0.812500000,,
-0.640625000,-0.812500000,,
-0.625000000,-0.812500000,,
-0.609375000,-0.812500000,,
-0.593750000,-0.812500000,,
-0.578125000,-0.812500000,,
-0.562500000,-0.812500000,,
-0.546875000,-0.812500000,-1.08307120848,-0.595689164662
-0.531250000,-0.812500000,-1.02947216192,-0.566209689057
-0.515625000,-0.812500000,-0.973284238342,-0.535306331088
-0.500000000,-0.812500000,-0.914802636963,-0.503141450330
-0.484375000,-0.812500000,-0.854345182090,-0.469889850150
-0.468750000,-0.812500000,-0.792243795185,-0.435734087352
-0.453125000,-0.812500000,-0.728837502719,-0.400860626496
-0.437500000,-0.812500000,-0.664466750058,-0.365456712532
-0.421875000,-0.812500000,-0.599468820830,-0.329707851457
-0.406250000,-0.812500000,-0.534174194693,-0.293795807081
-0.390625000,-0.812500000,-0.468903696134,-0.257897032874
-0.375000000,-0.812500000,-0.403966311023,-0.222181471062
-0.359375000,-0.812500000,-0.339657563755,-0.186811660065
-0.343750000,-0.812500000,-0.276258362490,-0.151942099370
-0.328125000,-0.812500000,-0.214034234731,-0.117718829102
-0.312500000,-0.812500000,-0.153234884726,-0.0842791865994
-0.296875000,-0.812500000,-0.0940940153893,-0.0517517084641
-0.281250000,-0.812500000,-0.0368293633761,-0.0202561498569
-0.265625000,-0.812500000,0.0183570940902,0.0100964017496
-0.250000000,-0.812500000,0.0712787984931,0.0392033391712
-0.234375000,-0.812500000,0.121764166930,0.0669702918116
-0.218750000,-0.812500000,0.169656073721,0.0933108405465
-0.203125000,-0.812500000,0.214811280342,0.118146204188
-0.187500000,-0.812500000,0.257099833428,0.141404908385
-0.171875000,-0.812500000,0.296404448379,0.163022446608
-0.156250000,-0.812500000,0.332619892649,0.182940940957
-0.140625000,-0.812500000,0.365652381843,0.201108810014
-0.125000000,-0.812500000,0.395418999123,0.217480449517
-0.109375000,-0.812500000,0.421847147099,0.232015930904
-0.093750000,-0.812500000,0.444874039178,0.244680721548
-0.078125000,-0.812500000,0.464446237923,0.255445430858
-0.062500000,-0.812500000,0.480519244742,0.264285584608
-0.046875000,-0.812500000,0.493057146276,0.271181430452
-0.031250000,-0.812500000,0.502032319866,0.276117775926
-0.015625000,-0.812500000,0.507425202288,0.279083861259
0.000000000,-0.812500000,0.509224122775,0.280073267526
0.015625000,-0.812500000,0.507425202288,0.279083861259
0.031250000,-0.812500000,0.502032319866,0.276117775926
0.046875000,-0.812500000,0.493057146276,0.271181430452
0.062500000,-0.812500000,0.480519244742,0.264285584608
0.078125000,-0.812500000,0.464446237923,0.255445430858
0.093750000,-0.812500000,0.444874039178,0.244680721548
0.109375000,-0.812500000,0.421847147099,0.232015930904
0.125000000,-0.812500000,0.395418999123,0.217480449517
0.140625000,-0.812500000,0.365652381843,0.201108810014
0.156250000,-0.812500000,0.332619892649,0.182940940957
0.171875000,-0.812500000,0.296404448379,0.163022446608
0.187500000,-0.812500000,0.257099833428,0.141404908385
0.203125000,-0.812500000,0.214811280342,0.118146204188
0.218750000,-0.812500000,0.169656073721,0.0933108405465
0.234375000,-0.812500000,0.121764166930,0.0669702918116
0.250000000,-0.812500000,0.0712787984931,0.0392033391712
0.265625000,-0.812500000,0.0183570940902,0.0100964017496
0.281250000,-0.812500000,-0.0368293633761,-0.0202561498569
0.296875000,-0.812500000,-0.0940940153893,-0.0517517084641
0.312500000,-0.812500000,-0.153234884726,-0.0842791865994
0.328125000,-0.812500000,-0.214034234731,-0.117718829102
0.343750000,-0.812500000,-0.276258362490,-0.151942099370
0.359375000,-0.812500000,-0.339657563755,-0.186811660065
0.375000000,-0.812500000,-0.403966311023,-0.222181471062
0.390625000,-0.812500000,-0.468903696134,-0.257897032874
0.406250000,-0.812500000,-0.534174194693,-0.293795807081
0.421875000,-0.812500000,-0.599468820830,-0.329707851457
0.437500000,-0.812500000,-0.664466750058,-0.365456712532
0.453125000,-0.812500000,-0.728837502719,-0.400860626496
0.468750000,-0.812500000,-0.792243795185,-0.435734087352
0.484375000,-0.812500000,-0.854345182090,-0.469889850150
0.500000000,-0.812500000,-0.914802636963,-0.503141450330
0.515625000,-0.812500000,-0.973284238342,-0.535306331088
0.531250000,-0.812500000,-1.02947216192,-0.566209689057
0.546875000,-0.812500000,-1.08307120848,-0.595689164662
0.562500000,-0.812500000,,
0.578125000,-0.812500000,,
0.593750000,-0.812500000,,
0.609375000,-0.812500000,,
0.625000000,-0.812500000,,
0.640625000,-0.812500000,,
0.656250000,-0.812500000,,
0.671875000,-0.812500000,,
0.687500000,-0.812500000,,
0.703125000,-0.812500000,,
0.718750000,-0.812500000,,
0.734375000,-0.812500000,,
0.750000000,-0.812500000,,
0.765625000,-0.812500000,,
0.781250000,-0.812500000,,
0.796875000,-0.812500000,,
0.812500000,-0.812500000,,
0.828125000,-0.812500000,,
0.843750000,-0.812500000,,
0.859375000,-0.812500000,,
0.875000000,-0.812500000,,
0.890625000,-0.812500000,,
0.906250000,-0.812500000,,
0.921875000,-0.812500000,,
0.937500000,-0.812500000,,
0.953125000,-0.812500000,,
0.968750000,-0.812500000,,
0.984375000,-0.812500000,,
1.000000000,-0.812500000,,
-1.000000000,-0.796875000,,
-0.984375000,-0.796875000,,
-0.968750000,-0.796875000,,
-0.953125000,-0.796875000,,
-0.937500000,-0.796875000,,
-0.921875000,-0.796875000,,
-0.906250000,-0.796875000,,
-0.890625000,-0.796875000,,
-0.875000000,-0.796875000,,
-0.859375000,-0.796875000,,
-0.843750000,-0.796875000,,
-0.828125000,-0.796875000,,
-0.812500000,-0.796875000,,
-0.796875000,-0.796875000,,
-0.781250000,-0.796875000,,
-0.765625000,-0.796875000,,
-0.750000000,-0.796875000,,
-0.734375000,-0.796875000,,
-0.718750000,-0.796875000,,
-0.703125000,-0.796875000,,
-0.687500000,-0.796875000,,
-0.671875000,-0.796875000,,
-0.656250000,-0.796875000,,
-0.640625000,-0.796875000,,
-0.625000000,-0.796875000,,
-0.609375000,-0.796875000,,
-0.593750000,-0.796875000,,
-0.578125000,-0.796875000,,
-0.562500000,-0.796875000,-1.04984228826,-0.577413258543
-0.546875000,-0.796875000,-0.999040734143,-0.549472403778
-0.531250000,-0.796875000,-0.945091432779,-0.519800288028
-0.515625000,-0.796875000,-0.888326186145,-0.488579402380
-0.500000000,-0.796875000,-0.829098667826,-0.456004267304
-0.484375000,-0.796875000,-0.767775590477,-0.422276574762
-0.468750000,-0.796875000,-0.704729483392,-0.387601215866
-0.453125000,-0.796875000,-0.640332835783,-0.352183059680
-0.437500000,-0.796875000,-0.574953398623,-0.316224369243
-0.421875000,-0.796875000,-0.508950464997,-0.279922755748
-0.406250000,-0.796875000,-0.442671978447,-0.243469588146
-0.390625000,-0.796875000,-0.376452336589,-0.207048785124
-0.375000000,-0.796875000,-0.310610779707,-0.170835928839
-0.359375000,-0.796875000,-0.245450267116,-0.134997646914
-0.343750000,-0.796875000,-0.181256759322,-0.0996912176273
-0.328125000,-0.796875000,-0.118298835442,-0.0650643594931
-0.312500000,-0.796875000,-0.0568275846976,-0.0312551715837
-0.296875000,-0.796875000,0.00292327978569,0.00160780388213
-0.281250000,-0.796875000,0.0607371294668,0.0334054212068
-0.265625000,-0.796875000,0.116413990075,0.0640276945411
-0.250000000,-0.796875000,0.169770005039,0.0933735027716
-0.234375000,-0.796875000,0.220636820740,0.121350251407
-0.218750000,-0.796875000,0.268860918678,0.147873505273
-0.203125000,-0.796875000,0.314302914153,0.172866602784
-0.187500000,-0.796875000,0.356836840073,0.196260262040
-0.171875000,-0.796875000,0.396349431182,0.217992187150
-0.156250000,-0.796875000,0.432739420436,0.238006681240
-0.140625000,-0.796875000,0.465916860517,0.256254273284
-0.125000000,-0.796875000,0.495802477988,0.272691362894
-0.109375000,-0.796875000,0.522327069338,0.287279888136
-0.093750000,-0.796875000,0.545430944965,0.299987019731
-0.078125000,-0.796875000,0.565063427268,0.310784884997
-0.062500000,-0.796875000,0.581182406550,0.319650323603
-0.046875000,-0.796875000,0.593753959943,0.326564677969
-0.031250000,-0.796875000,0.602752034967,0.331513619232
-0.015625000,-0.796875000,0.608158201807,0.334487010994
0.000000000,-0.796875000,0.609961474083,0.335478810746
0.015625000,-0.796875000,0.608158201807,0.334487010994
0.031250000,-0.796875000,0.602752034967,0.331513619232
0.046875000,-0.796875000,0.593753959943,0.326564677969
0.062500000,-0.796875000,0.581182406550,0.319650323603
0.078125000,-0.796875000,0.565063427268,0.310784884997
0.093750000,-0.796875000,0.545430944965,0.299987019731
0.109375000,-0.796875000,0.522327069338,0.287279888136
0.125000000,-0.796875000,0.495802477988,0.272691362894
0.140625000,-0.796875000,0.465916860517,0.256254273284
0.156250000,-0.796875000,0.432739420436,0.238006681240
0.171875000,-0.796875000,0.396349431182,0.217992187150
0.187500000,-0.796875000,0.356836840073,0.196260262040
0.203125000,-0.796875000,0.314302914153,0.172866602784
0.218750000,-0.796875000,0.268860918678,0.147873505273
0.234375000,-0.796875000,0.220636820740,0.121350251407
0.250000000,-0.796875000,0.169770005039,0.0933735027716
0.265625000,-0.796875000,0.116413990075,0.0640276945411
0.281250000,-0.796875000,0.0607371294668,0.0334054212068
0.296875000,-0.796875000,0.00292327978569,0.00160780388213
0.312500000,-0.796875000,-0.0568275846976,-0.0312551715837
0.328125000,-0.796875000,-0.118298835442,-0.0650643594931
0.343750000,-0.796875000,-0.181256759322,-0.0996912176273
0.359375000,-0.796875000,-0.245450267116,-0.134997646914
0.375000000,-0.796875000,-0.310610779707,-0.170835928839
0.390625000,-0.796875000,-0.376452336589,-0.207048785124
0.406250000,-0.796875000,-0.442671978447,-0.243469588146
0.421875000,-0.796875000,-0.508950464997,-0.279922755748
0.437500000,-0.796875000,-0.574953398623,-0.316224369243
0.453125000,-0.796875000,-0.640332835783,-0.352183059680
0.468750000,-0.796875000,-0.704729483392,-0.387601215866
0.484375000,-0.796875000,-0.767775590477,-0.422276574762
0.500000000,-0.796875000,-0.829098667826,-0.456004267304
0.515625000,-0.796875000,-0.888326186145,-0.488579402380
0.531250000,-0.796875000,-0.945091432779,-0.519800288028
0.546875000,-0.796875000,-0.999040734143,-0.549472403778
0.562500000,-0.796875000,-1.04984228826,-0.577413258543
0.578125000,-0.796875000,,
0.593750000,-0.796875000,,
0.609375000,-0.796875000,,
0.625000000,-0.796875000,,
0.640625000,-0.796875000,,
0.656250000,-0.796875000,,
0.671875000,-0.796875000,,
0.687500000,-0.796875000,,
0.703125000,-0.796875000,,
0.718750000,-0.796875000,,
0.734375000,-0.796875000,,
0.750000000,-0.796875000,,
0.765625000,-0.796875000,,
0.781250000,-0.796875000,,
0.796875000,-0.796875000,,
0.812500000,-0.796875000,,
0.828125000,-0.796875000,,
0.843750000,-0.796875000,,
0.859375000,-0.796875000,,
0.875000000,-0.796875000,,
0.890625000,-0.796875000,,
0.906250000,-0.796875000,,
0.921875000,-0.796875000,,
0.937500000,-0.796875000,,
0.953125000,-0.796875000,,
0.968750000,-0.796875000,,
0.984375000,-0.796875000,,
1.000000000,-0.796875000,,
-1.000000000,-0.781250000,,
-0.984375000,-0.781250000,,
-0.968750000,-0.781250000,,
-0.953125000,-0.781250000,,
-0.937500000,-0.781250000,,
-0.921875000,-0.781250000,,
-0.906250000,-0.781250000,,
-0.890625000,-0.781250000,,
-0.875000000,-0.781250000,,
-0.859375000,-0.781250000,,
-0.843750000,-0.781250000,,
-0.828125000,-0.781250000,,
-0.812500000,-0.781250000,,
-0.796875000,-0.781250000,,
-0.781250000,-0.781250000,,
-0.765625000,-0.781250000,,
-0.750000000,-0.781250000,,
-0.734375000,-0.781250000,,
-0.718750000,-0.781250000,,
-0.703125000,-0.781250000,,
-0.687500000,-0.781250000,,
-0.671875000,-0.781250000,,
-0.656250000,-0.781250000,,
-0.640625000,-0.781250000,,
-0.625000000,-0.781250000,,
-0.609375000,-0.781250000,,
-0.593750000,-0.781250000,-1.06615126874,-0.586383197809
-0.578125000,-0.781250000,-1.02261708669,-0.562439397679
-0.562500000,-0.781250000,-0.975016956990,-0.536259326345
-0.546875000,-0.781250000,-0.923687172980,-0.508027945139
-0.531250000,-0.781250000,-0.868996576099,-0.477948116855
-0.515625000,-0.781250000,-0.811335363415,-0.446234449878
-0.500000000,-0.781250000,-0.751105891149,-0.413108240132
-0.484375000,-0.781250000,-0.688715171609,-0.378793344385
-0.468750000,-0.781250000,-0.624568805802,-0.343512843191
-0.453125000,-0.781250000,-0.559066131515,-0.307486372333
-0.437500000,-0.781250000,-0.492596398801,-0.270928019341
-0.421875000,-0.781250000,-0.425535812741,-0.234044697008
-0.406250000,-0.781250000,-0.358245305019,-0.197034917760
-0.390625000,-0.781250000,-0.291068916934,-0.160087904314
-0.375000000,-0.781250000,-0.224332694097,-0.123382981753
-0.359375000,-0.781250000,-0.158344003462,-0.0870892019041
-0.343750000,-0.781250000,-0.0933912019458,-0.0513651610702
-0.328125000,-0.781250000,-0.0297435908103,-0.0163589749457
-0.312500000,-0.781250000,0.0323483978334,0.0177916188084
-0.296875000,-0.781250000,0.0926528294221,0.0509590561821
-0.281250000,-0.781250000,0.150955749686,0.0830256623274
-0.265625000,-0.781250000,0.207060557435,0.113883306590
-0.250000000,-0.781250000,0.260787294849,0.143433012167
-0.234375000,-0.781250000,0.311971882734,0.171584535504
-0.218750000,-0.781250000,0.360465320033,0.198255926018
-0.203125000,-0.781250000,0.406132868263,0.223373077545
-0.187500000,-0.781250000,0.448853234697,0.246869279083
-0.171875000,-0.781250000,0.488517769099,0.268684773004
-0.156250000,-0.781250000,0.525029684512,0.288766326482
-0.140625000,-0.781250000,0.558303312726,0.307066822000
-0.125000000,-0.781250000,0.588263402058,0.323544871132
-0.109375000,-0.781250000,0.614844464258,0.338164455342
-0.093750000,-0.781250000,0.637990177223,0.350894597472
-0.078125000,-0.781250000,0.657652847924,0.361709066358
-0.062500000,-0.781250000,0.673792938543,0.370586116199
-0.046875000,-0.781250000,0.686378661982,0.377508264090
-0.031250000,-0.781250000,0.695385646086,0.382462105347
-0.015625000,-0.781250000,0.700796671333,0.385438169233
0.000000000,-0.781250000,0.702601481748,0.386430814961
0.015625000,-0.781250000,0.700796671333,0.385438169233
0.031250000,-0.781250000,0.695385646086,0.382462105347
0.046875000,-0.781250000,0.686378661982,0.377508264090
0.062500000,-0.781250000,0.673792938543,0.370586116199
0.078125000,-0.781250000,0.657652847924,0.361709066358
0.093750000,-0.781250000,0.637990177223,0.350894597472
0.109375000,-0.781250000,0.614844464258,0.338164455342
0.125000000,-0.781250000,0.588263402058,0.323544871132
0.140625000,-0.781250000,0.558303312726,0.307066822000
0.156250000,-0.781250000,0.525029684512,0.288766326482
0.171875000,-0.781250000,0.488517769099,0.268684773004
0.187500000,-0.781250000,0.448853234697,0.246869279083
0.203125000,-0.781250000,0.406132868263,0.223373077545
0.218750000,-0.781250000,0.360465320033,0.198255926018
0.234375000,-0.781250000,0.311971882734,0.171584535504
0.250000000,-0.781250000,0.260787294849,0.143433012167
0.265625000,-0.781250000,0.207060557435,0.113883306590
0.281250000,-0.781250000,0.150955749686,0.0830256623274
0.296875000,-0.781250000,0.0926528294221,0.0509590561821
0.312500000,-0.781250000,0.0323483978334,0.0177916188084
0.328125000,-0.781250000,-0.0297435908103,-0.0163589749457
0.343750000,-0.781250000,-0.0933912019458,-0.0513651610702
0.359375000,-0.781250000,-0.158344003462,-0.0870892019041
0.375000000,-0.781250000,-0.224332694097,-0.123382981753
0.390625000,-0.781250000,-0.291068916934,-0.160087904314
0.406250000,-0.781250000,-0.358245305019,-0.197034917760
0.421875000,-0.781250000,-0.425535812741,-0.234044697008
0.437500000,-0.781250000,-0.492596398801,-0.270928019341
0.453125000,-0.781250000,-0.559066131515,-0.307486372333
0.468750000,-0.781250000,-0.624568805802,-0.343512843191
0.484375000,-0.781250000,-0.688715171609,-0.378793344385
0.500000000,-0.781250000,-0.751105891149,-0.413108240132
0.515625000,-0.781250000,-0.811335363415,-0.446234449878
0.531250000,-0.781250000,-0.868996576099,-0.477948116855
0.546875000,-0.781250000,-0.923687172980,-0.508027945139
0.562500000,-0.781250000,-0.975016956990,-0.536259326345
0.578125000,-0.781250000,-1.02261708669,-0.562439397679
0.593750000,-0.781250000,-1.06615126874,-0.586383197809
0.609375000,-0.781250000,,
0.625000000,-0.781250000,,
0.640625000,-0.781250000,,
0.656250000,-0.781250000,,
0.671875000,-0.781250000,,
0.687500000,-0.781250000,,
0.703125000,-0.781250000,,
0.718750000,-0.781250000,,
0.734375000,-0.781250000,,
0.750000000,-0.781250000,,
0.765625000,-0.781250000,,
0.781250000,-0.781250000,,
0.796875000,-0.781250000,,
0.812500000,-0.781250000,,
0.828125000,-0.781250000,,
0.843750000,-0.781250000,,
0.859375000,-0.781250000,,
0.875000000,-0.781250000,,
0.890625000,-0.781250000,,
0.906250000,-0.781250000,,
0.921875000,-0.781250000,,
0.937500000,-0.781250000,,
0.953125000,-0.781250000,,
0.968750000,-0.781250000,,
0.984375000,-0.781250000,,
1.000000000,-0.781250000,,
-1.000000000,-0.765625000,,
-0.984375000,-0.765625000,,
-0.968750000,-0.765625000,,
-0.953125000,-0.765625000,,
-0.937500000,-0.765625000,,
-0.921875000,-0.765625000,,
-0.906250000,-0.765625000,,
-0.890625000,-0.765625000,,
-0.875000000,-0.765625000,,
-0.859375000,-0.765625000,,
-0.843750000,-0.765625000,,
-0.828125000,-0.765625000,,
-0.812500000,-0.765625000,,
-0.796875000,-0.765625000,,
-0.781250000,-0.765625000,,
-0.765625000,-0.765625000,,
-0.750000000,-0.765625000,,
-0.734375000,-0.765625000,,
-0.718750000,-0.765625000,,
-0.703125000,-0.765625000,,
-0.687500000,-0.765625000,,
-0.671875000,-0.765625000,,
-0.656250000,-0.765625000,,
-0.640625000,-0.765625000,,
-0.625000000,-0.765625000,,
-0.609375000,-0.765625000,-1.03994514269,-0.571969828479
-0.593750000,-0.765625000,-1.00070083307,-0.550385458189
-0.578125000,-0.765625000,-0.956745468188,-0.526210007503
-0.562500000,-0.765625000,-0.908452593983,-0.499648926691
-0.546875000,-0.765625000,-0.856228595707,-0.470925727639
-0.531250000,-0.765625000,-0.800500964208,-0.440275530315
-0.515625000,-0.765625000,-0.741708670364,-0.407939768700
-0.500000000,-0.765625000,-0.680294326842,-0.374161879763
-0.484375000,-0.765625000,-0.616697863731,-0.339183825052
-0.468750000,-0.765625000,-0.551351485850,-0.303243317218
-0.453125000,-0.765625000,-0.484675710663,-0.266571640865
-0.437500000,-0.765625000,-0.417076319596,-0.229391975778
-0.421875000,-0.765625000,-0.348942075530,-0.191918141542
-0.406250000,-0.765625000,-0.280643082909,-0.154353695600
-0.390625000,-0.765625000,-0.212529684541,-0.116891326497
-0.375000000,-0.765625000,-0.144931802719,-0.0797124914953
-0.359375000,-0.765625000,-0.0781586488931,-0.0429872568912
-0.343750000,-0.765625000,-0.0124987328806,-0.00687430308433
-0.328125000,-0.765625000,0.0517798839063,0.0284789361485
-0.312500000,-0.765625000,0.114429141610,0.0629360278853
-0.296875000,-0.765625000,0.175220381964,0.0963712100801
-0.281250000,-0.765625000,0.233943632103,0.128668997657
-0.265625000,-0.765625000,0.290406802725,0.159723741499
-0.250000000,-0.765625000,0.344434827040,0.189439154872
-0.234375000,-0.765625000,0.395868762098,0.217727819154
-0.218750000,-0.765625000,0.444564873075,0.244510680191
-0.203125000,-0.765625000,0.490393716215,0.269716543918
-0.187500000,-0.765625000,0.533239233565,0.293281578461
-0.171875000,-0.765625000,0.572997873218,0.315148830270
-0.156250000,-0.765625000,0.609577743827,0.335267759105
-0.140625000,-0.765625000,0.642897811912,0.353593796552
-0.125000000,-0.765625000,0.672887150170,0.370087932593
-0.109375000,-0.765625000,0.699484241833,0.384716333008
-0.093750000,-0.765625000,0.722636346925,0.397449990809
-0.078125000,-0.765625000,0.742298933913,0.408264413652
-0.062500000,-0.765625000,0.758435181742,0.417139349958
-0.046875000,-0.765625000,0.771015552696,0.424058553983
-0.031250000,-0.765625000,0.780017441353,0.429009592744
-0.015625000,-0.765625000,0.785424898683,0.431983694276
0.000000000,-0.765625000,0.787228434509,0.432975638980
0.015625000,-0.765625000,0.785424898683,0.431983694276
0.031250000,-0.765625000,0.780017441353,0.429009592744
0.046875000,-0.765625000,0.771015552696,0.424058553983
0.062500000,-0.765625000,0.758435181742,0.417139349958
0.078125000,-0.765625000,0.742298933913,0.408264413652
0.093750000,-0.765625000,0.722636346925,0.397449990809
0.109375000,-0.765625000,0.699484241833,0.384716333008
0.125000000,-0.765625000,0.672887150170,0.370087932593
0.140625000,-0.765625000,0.642897811912,0.353593796552
0.156250000,-0.765625000,0.609577743827,0.335267759105
0.171875000,-0.765625000,0.572997873218,0.315148830270
0.187500000,-0.765625000,0.533239233565,0.293281578461
0.203125000,-0.765625000,0.490393716215,0.269716543918
0.218750000,-0.765625000,0.444564873075,0.244510680191
0.234375000,-0.765625000,0.395868762098,0.217727819154
0.250000000,-0.765625000,0.344434827040,0.189439154872
0.265625000,-0.765625000,0.290406802725,0.159723741499
0.281250000,-0.765625000,0.233943632103,0.128668997657
0.296875000,-0.765625000,0.175220381964,0.0963712100801
0.312500000,-0.765625000,0.114429141610,0.0629360278853
0.328125000,-0.765625000,0.0517798839063,0.0284789361485
0.343750000,-0.765625000,-0.0124987328806,-0.00687430308433
0.359375000,-0.765625000,-0.0781586488931,-0.0429872568912
0.375000000,-0.765625000,-0.144931802719,-0.0797124914953
0.390625000,-0.765625000,-0.212529684541,-0.116891326497
0.406250000,-0.765625000,-0.280643082909,-0.154353695600
0.421875000,-0.765625000,-0.348942075530,-0.191918141542
0.437500000,-0.765625000,-0.417076319596,-0.229391975778
0.453125000,-0.765625000,-0.484675710663,-0.266571640865
0.468750000,-0.765625000,-0.551351485850,-0.303243317218
0.484375000,-0.765625000,-0.616697863731,-0.339183825052
0.500000000,-0.765625000,-0.680294326842,-0.374161879763
0.515625000,-0.765625000,-0.741708670364,-0.407939768700
0.531250000,-0.765625000,-0.800500964208,-0.440275530315
0.546875000,-0.765625000,-0.856228595707,-0.470925727639
0.562500000,-0.765625000,-0.908452593983,-0.499648926691
0.578125000,-0.765625000,-0.956745468188,-0.526210007503
0.593750000,-0.765625000,-1.00070083307,-0.550385458189
0.609375000,-0.765625000,-1.03994514269,-0.571969828479
0.625000000,-0.765625000,,
0.640625000,-0.765625000,,
0.656250000,-0.765625000,,
0.671875000,-0.765625000,,
0.687500000,-0.765625000,,
0.703125000,-0.765625000,,
0.718750000,-0.765625000,,
0.734375000,-0.765625000,,
0.750000000,-0.765625000,,
0.765625000,-0.765625000,,
0.781250000,-0.765625000,,
0.796875000,-0.765625000,,
0.812500000,-0.765625000,,
0.828125000,-0.765625000,,
0.843750000,-0.765625000,,
0.859375000,-0.765625000,,
0.875000000,-0.765625000,,
0.890625000,-0.765625000,,
0.906250000,-0.765625000,,
0.921875000,-0.765625000,,
0.937500000,-0.765625000,,
0.953125000,-0.765625000,,
0.968750000,-0.765625000,,
0.984375000,-0.765625000,,
1.000000000,-0.765625000,,
-1.000000000,-0.750000000,,
-0.984375000,-0.750000000,,
-0.968750000,-0.750000000,,
-0.953125000,-0.750000000,,
-0.937500000,-0.750000000,,
-0.921875000,-0.750000000,,
-0.906250000,-0.750000000,,
-0.890625000,-0.750000000,,
-0.875000000,-0.750000000,,
-0.859375000,-0.750000000,,
-0.843750000,-0.750000000,,
-0.828125000,-0.750000000,,
-0.812500000,-0.750000000,,
-0.796875000,-0.750000000,,
-0.781250000,-0.750000000,,
-0.765625000,-0.750000000,,
-0.750000000,-0.750000000,,
-0.734375000,-0.750000000,,
-0.718750000,-0.750000000,,
-0.703125000,-0.750000000,,
-0.687500000,-0.750000000,,
-0.671875000,-0.750000000,,
-0.656250000,-0.750000000,,
-0.640625000,-0.750000000,,
-0.625000000,-0.750000000,-1.01780217735,-0.559791197543
-0.609375000,-0.750000000,-0.983360373848,-0.540848205616
-0.593750000,-0.750000000,-0.943533376890,-0.518943357289
-0.578125000,-0.750000000,-0.898732136929,-0.494302675311
-0.562500000,-0.750000000,-0.849401122847,-0.467170617566
-0.546875000,-0.750000000,-0.796005959791,-0.437803277885
-0.531250000,-0.750000000,-0.739023302331,-0.406462816282
-0.515625000,-0.750000000,-0.678932600595,-0.373412930327
-0.500000000,-0.750000000,-0.616209468560,-0.338915207708
-0.484375000,-0.750000000,-0.551320407713,-0.303226224242
-0.468750000,-0.750000000,-0.484718673147,-0.266595270231
-0.453125000,-0.750000000,-0.416841104202,-0.229262607311
-0.437500000,-0.750000000,-0.348105763380,-0.191458169859
-0.421875000,-0.750000000,-0.278910253958,-0.153400639677
-0.406250000,-0.750000000,-0.209630602636,-0.115296831450
-0.390625000,-0.750000000,-0.140620611586,-0.0773413363721
-0.375000000,-0.750000000,-0.0722115981773,-0.0397163789975
-0.359375000,-0.750000000,-0.00471245033278,-0.00259184768303
-0.343750000,-0.750000000,0.0615900606616,0.0338745333639
-0.328125000,-0.750000000,0.126430762663,0.0695369194646
-0.312500000,-0.750000000,0.189565404499,0.104260972475
-0.296875000,-0.750000000,0.250769854344,0.137923419889
-0.281250000,-0.750000000,0.309839207394,0.170411564067
-0.265625000,-0.750000000,0.366586829727,0.201622756350
-0.250000000,-0.750000000,0.420843362873,0.231463849580
-0.234375000,-0.750000000,0.472455708089,0.259850639449
-0.218750000,-0.750000000,0.521286007886,0.286707304337
-0.203125000,-0.750000000,0.567210639828,0.311965851905
-0.187500000,-0.750000000,0.610119233909,0.335565578650
-0.171875000,-0.750000000,0.649913725249,0.357452548887
-0.156250000,-0.750000000,0.686507449915,0.377579097453
-0.140625000,-0.750000000,0.719824291550,0.395903360352
-0.125000000,-0.750000000,0.749797886567,0.412388837612
-0.109375000,-0.750000000,0.776370890604,0.427003989832
-0.093750000,-0.750000000,0.799494313183,0.439721872251
-0.078125000,-0.750000000,0.819126922988,0.450519807643
-0.062500000,-0.750000000,0.835234726479,0.459379099563
-0.046875000,-0.750000000,0.847790523507,0.466284787929
-0.031250000,-0.750000000,0.856773541109,0.471225447610
-0.015625000,-0.750000000,0.862169146962,0.474193030829
0.000000000,-0.750000000,0.863968643970,0.475182754183
0.015625000,-0.750000000,0.862169146962,0.474193030829
0.031250000,-0.750000000,0.856773541109,0.471225447610
0.046875000,-0.750000000,0.847790523507,0.466284787929
0.062500000,-0.750000000,0.835234726479,0.459379099563
0.078125000,-0.750000000,0.819126922988,0.450519807643
0.093750000,-0.750000000,0.799494313183,0.439721872251
0.109375000,-0.750000000,0.776370890604,0.427003989832
0.125000000,-0.750000000,0.749797886567,0.412388837612
0.140625000,-0.750000000,0.719824291550,0.395903360352
0.156250000,-0.750000000,0.686507449915,0.377579097453
0.171875000,-0.750000000,0.649913725249,0.357452548887
0.187500000,-0.750000000,0.610119233909,0.335565578650
0.203125000,-0.750000000,0.567210639828,0.311965851905
0.218750000,-0.750000000,0.521286007886,0.286707304337
0.234375000,-0.750000000,0.472455708089,0.259850639449
0.250000000,-0.750000000,0.420843362873,0.231463849580
0.265625000,-0.750000000,0.366586829727,0.201622756350
0.281250000,-0.750000000,0.309839207394,0.170411564067
0.296875000,-0.750000000,0.250769854344,0.137923419889
0.312500000,-0.750000000,0.189565404499,0.104260972475
0.328125000,-0.750000000,0.126430762663,0.0695369194646
0.343750000,-0.750000000,0.0615900606616,0.0338745333639
0.359375000,-0.750000000,-0.00471245033278,-0.00259184768303
0.375000000,-0.750000000,-0.0722115981773,-0.0397163789975
0.390625000,-0.750000000,-0.140620611586,-0.0773413363721
0.406250000,-0.750000000,-0.209630602636,-0.115296831450
0.421875000,-0.750000000,-0.278910253958,-0.153400639677
0.437500000,-0.750000000,-0.348105763380,-0.191458169859
0.453125000,-0.750000000,-0.416841104202,-0.229262607311
0.468750000,-0.750000000,-0.484718673147,-0.266595270231
0.484375000,-0.750000000,-0.551320407713,-0.303226224242
0.500000000,-0.750000000,-0.616209468560,-0.338915207708
0.515625000,-0.750000000,-0.678932600595,-0.373412930327
0.531250000,-0.750000000,-0.739023302331,-0.406462816282
0.546875000,-0.750000000,-0.796005959791,-0.437803277885
0.562500000,-0.750000000,-0.849401122847,-0.467170617566
0.578125000,-0.750000000,-0.898732136929,-0.494302675311
0.593750000,-0.750000000,-0.943533376890,-0.518943357289
0.609375000,-0.750000000,-0.983360373848,-0.540848205616
0.625000000,-0.750000000,-1.01780217735,-0.559791197543
0.640625000,-0.750000000,,
0.656250000,-0.750000000,,
0.671875000,-0.750000000,,
0.687500000,-0.750000000,,
0.703125000,-0.750000000,,
0.718750000,-0.750000000,,
0.734375000,-0.750000000,,
0.750000000,-0.750000000,,
0.765625000,-0.750000000,,
0.781250000,-0.750000000,,
0.796875000,-0.750000000,,
0.812500000,-0.750000000,,
0.828125000,-0.750000000,,
0.843750000,-0.750000000,,
0.859375000,-0.750000000,,
0.875000000,-0.750000000,,
0.890625000,-0.750000000,,
0.906250000,-0.750000000,,
0.921875000,-0.750000000,,
0.937500000,-0.750000000,,
0.953125000,-0.750000000,,
0.968750000,-0.750000000,,
0.984375000,-0.750000000,,
1.000000000,-0.750000000,,
-1.000000000,-0.734375000,,
-0.984375000,-0.734375000,,
-0.968750000,-0.734375000,,
-0.953125000,-0.734375000,,
-0.937500000,-0.734375000,,
-0.921875000,-0.734375000,,
-0.906250000,-0.734375000,,
-0.890625000,-0.734375000,,
-0.875000000,-0.734375000,,
-0.859375000,-0.734375000,,
-0.843750000,-0.734375000,,
-0.828125000,-0.734375000,,
-0.812500000,-0.734375000,,
-0.796875000,-0.734375000,,
-0.781250000,-0.734375000,,
-0.765625000,-0.734375000,,
-0.750000000,-0.734375000,,
-0.734375000,-0.734375000,,
-0.718750000,-0.734375000,,
-0.703125000,-0.734375000,,
-0.687500000,-0.734375000,,
-0.671875000,-0.734375000,,
-0.656250000,-0.734375000,,
-0.640625000,-0.734375000,-0.998901901164,-0.549396045640
-0.625000000,-0.734375000,-0.969819795341,-0.533400887438
-0.609375000,-0.734375000,-0.934646432956,-0.514055538126
-0.593750000,-0.734375000,-0.893830268343,-0.491606647589
-0.578125000,-0.734375000,-0.847854392625,-0.466319915944
-0.562500000,-0.734375000,-0.797223446802,-0.438472895741
-0.546875000,-0.734375000,-0.742452912679,-0.408349101973
-0.531250000,-0.734375000,-0.684060415825,-0.376233228704
-0.515625000,-0.734375000,-0.622558730941,-0.342407302018
-0.500000000,-0.734375000,-0.558450224350,-0.307147623392
-0.484375000,-0.734375000,-0.492222509856,-0.270722380421
-0.468750000,-0.734375000,-0.424345126064,-0.233389819335
-0.453125000,-0.734375000,-0.355267070494,-0.195396888772
-0.437500000,-0.734375000,-0.285415051998,-0.156978278599
-0.421875000,-0.734375000,-0.215192341850,-0.118355788017
-0.406250000,-0.734375000,-0.144978121792,-0.0797379669855
-0.390625000,-0.734375000,-0.0751272413084,-0.0413199827196
-0.375000000,-0.734375000,-0.00597031025666,-0.00328367064116
-0.359375000,-0.734375000,0.0621859361991,0.0342022649095
-0.343750000,-0.734375000,0.129058056568,0.0709819311126
-0.328125000,-0.734375000,0.194385150277,0.106911832652
-0.312500000,-0.734375000,0.257927974315,0.141860385873
-0.296875000,-0.734375000,0.319467962883,0.175707379585
-0.281250000,-0.734375000,0.378806178468,0.208343398157
-0.265625000,-0.734375000,0.435762219628,0.239669220795
-0.250000000,-0.734375000,0.490173106155,0.269595208385
-0.234375000,-0.734375000,0.541892159772,0.298040687874
-0.218750000,-0.734375000,0.590787895589,0.324933342574
-0.203125000,-0.734375000,0.636742936616,0.350208615139
-0.187500000,-0.734375000,0.679652962817,0.373809129549
-0.171875000,-0.734375000,0.719425704731,0.395684137602
-0.156250000,-0.734375000,0.755979987173,0.415788992945
-0.140625000,-0.734375000,0.789244832407,0.434084657824
-0.125000000,-0.734375000,0.819158625772,0.450537244175
-0.109375000,-0.734375000,0.845668350488,0.465117592769
-0.093750000,-0.734375000,0.868728893898,0.477800891644
-0.078125000,-0.734375000,0.888302429012,0.488566335957
-0.062500000,-0.734375000,0.904357874421,0.497396830932
-0.046875000,-0.734375000,0.916870433080,0.504278738194
-0.031250000,-0.734375000,0.925821213850,0.509201667617
-0.015625000,-0.734375000,0.931196935384,0.512158314461
0.000000000,-0.734375000,0.932989713798,0.513144342589
0.015625000,-0.734375000,0.931196935384,0.512158314461
0.031250000,-0.734375000,0.925821213850,0.509201667617
0.046875000,-0.734375000,0.916870433080,0.504278738194
0.062500000,-0.734375000,0.904357874421,0.497396830932
0.078125000,-0.734375000,0.888302429012,0.488566335957
0.093750000,-0.734375000,0.868728893898,0.477800891644
0.109375000,-0.734375000,0.845668350488,0.465117592769
0.125000000,-0.734375000,0.819158625772,0.450537244175
0.140625000,-0.734375000,0.789244832407,0.434084657824
0.156250000,-0.734375000,0.755979987173,0.415788992945
0.171875000,-0.734375000,0.719425704731,0.395684137602
0.187500000,-0.734375000,0.679652962817,0.373809129549
0.203125000,-0.734375000,0.636742936616,0.350208615139
0.218750000,-0.734375000,0.590787895589,0.324933342574
0.234375000,-0.734375000,0.541892159772,0.298040687874
0.250000000,-0.734375000,0.490173106155,0.269595208385
0.265625000,-0.734375000,0.435762219628,0.239669220795
0.281250000,-0.734375000,0.378806178468,0.208343398157
0.296875000,-0.734375000,0.319467962883,0.175707379585
0.312500000,-0.734375000,0.257927974315,0.141860385873
0.328125000,-0.734375000,0.194385150277,0.106911832652
0.343750000,-0.734375000,0.129058056568,0.0709819311126
0.359375000,-0.734375000,0.0621859361991,0.0342022649095
0.375000000,-0.734375000,-0.00597031025666,-0.00328367064116
0.390625000,-0.734375000,-0.0751272413084,-0.0413199827196
0.406250000,-0.734375000,-0.144978121792,-0.0797379669855
0.421875000,-0.734375000,-0.215192341850,-0.118355788017
0.437500000,-0.734375000,-0.285415051998,-0.156978278599
0.453125000,-0.734375000,-0.355267070494,-0.195396888772
0.468750000,-0.734375000,-0.424345126064,-0.233389819335
0.484375000,-0.734375000,-0.492222509856,-0.270722380421
0.500000000,-0.734375000,-0.558450224350,-0.307147623392
0.515625000,-0.734375000,-0.622558730941,-0.342407302018
0.531250000,-0.734375000,-0.684060415825,-0.376233228704
0.546875000,-0.734375000,-0.742452912679,-0.408349101973
0.562500000,-0.734375000,-0.797223446802,-0.438472895741
0.578125000,-0.734375000,-0.847854392625,-0.466319915944
0.593750000,-0.734375000,-0.893830268343,-0.491606647589
0.609375000,-0.734375000,-0.934646432956,-0.514055538126
0.625000000,-0.734375000,-0.969819795341,-0.533400887438
0.640625000,-0.734375000,-0.998901901164,-0.549396045640
0.656250000,-0.734375000,,
0.671875000,-0.734375000,,
0.687500000,-0.734375000,,
0.703125000,-0.734375000,,
0.718750000,-0.734375000,,
0.734375000,-0.734375000,,
0.750000000,-0.734375000,,
0.765625000,-0.734375000,,
0.781250000,-0.734375000,,
0.796875000,-0.734375000,,
0.812500000,-0.734375000,,
0.828125000,-0.734375000,,
0.843750000,-0.734375000,,
0.859375000,-0.734375000,,
0.875000000,-0.734375000,,
0.890625000,-0.734375000,,
0.906250000,-0.734375000,,
0.921875000,-0.734375000,,
0.937500000,-0.734375000,,
0.953125000,-0.734375000,,
0.968750000,-0.734375000,,
0.984375000,-0.734375000,,
1.000000000,-0.734375000,,
-1.000000000,-0.718750000,,
-0.984375000,-0.718750000,,
-0.968750000,-0.718750000,,
-0.953125000,-0.718750000,,
-0.937500000,-0.718750000,,
-0.921875000,-0.718750000,,
-0.906250000,-0.718750000,,
-0.890625000,-0.718750000,,
-0.875000000,-0.718750000,,
-0.859375000,-0.718750000,,
-0.843750000,-0.718750000,,
-0.828125000,-0.718750000,,
-0.812500000,-0.718750000,,
-0.796875000,-0.718750000,,
-0.781250000,-0.718750000,,
-0.765625000,-0.718750000,,
-0.750000000,-0.718750000,,
-0.734375000,-0.718750000,,
-0.718750000,-0.718750000,,
-0.703125000,-0.718750000,,
-0.687500000,-0.718750000,,
-0.671875000,-0.718750000,-0.998229143969,-0.549026029183
-0.656250000,-0.718750000,-0.982375228378,-0.540306375608
-0.640625000,-0.718750000,-0.959256439155,-0.527591041535
-0.625000000,-0.718750000,-0.929305555312,-0.511118055422
-0.609375000,-0.718750000,-0.893008531048,-0.491154692076
-0.593750000,-0.718750000,-0.850887576047,-0.467988166826
-0.578125000,-0.718750000,-0.803487236075,-0.441917979841
-0.562500000,-0.718750000,-0.751363011101,-0.413249656106
-0.546875000,-0.718750000,-0.695072119969,-0.382289665983
-0.531250000,-0.718750000,-0.635166079444,-0.349341343694
-0.515625000,-0.718750000,-0.572184814344,-0.314701647889
-0.500000000,-0.718750000,-0.506652058973,-0.278658632435
-0.484375000,-0.718750000,-0.439071844949,-0.241489514722
-0.468750000,-0.718750000,-0.369925901254,-0.203459245690
-0.453125000,-0.718750000,-0.299671816701,-0.164819499185
-0.437500000,-0.718750000,-0.228741839684,-0.125808011826
-0.421875000,-0.718750000,-0.157542204778,-0.0866482126281
-0.406250000,-0.718750000,-0.0864528956143,-0.0475490925879
-0.390625000,-0.718750000,-0.0158277632306,-0.00870526977685
-0.375000000,-0.718750000,0.0540050654960,0.0297027860228
-0.359375000,-0.718750000,0.122742549445,0.0675084021945
-0.343750000,-0.718750000,0.190105911542,0.104558251348
-0.328125000,-0.718750000,0.255839677784,0.140711822781
-0.312500000,-0.718750000,0.319710610654,0.175840835860
-0.296875000,-0.718750000,0.381506570506,0.209828613778
-0.281250000,-0.718750000,0.441035327335,0.242569430034
-0.265625000,-0.718750000,0.498123347619,0.273967841190
-0.250000000,-0.718750000,0.552614574212,0.303938015817
-0.234375000,-0.718750000,0.604369214987,0.332403068243
-0.218750000,-0.718750000,0.653262554130,0.359294404772
-0.203125000,-0.718750000,0.699183796932,0.384551088312
-0.187500000,-0.718750000,0.742034959339,0.408119227637
-0.171875000,-0.718750000,0.781729807656,0.429951394211
-0.156250000,-0.718750000,0.818192858241,0.450006072032
-0.140625000,-0.718750000,0.851358440654,0.468247142360
-0.125000000,-0.718750000,0.881169830340,0.484643406687
-0.109375000,-0.718750000,0.907578453932,0.499168149663
-0.093750000,-0.718750000,0.930543171498,0.511798744324
-0.078125000,-0.718750000,0.950029637820,0.522516300801
-0.062500000,-0.718750000,0.966009744181,0.531305359299
-0.046875000,-0.718750000,0.978461144182,0.538153629300
-0.031250000,-0.718750000,0.987366863836,0.543051775110
-0.015625000,-0.718750000,0.992714997002,0.545993248351
0.000000000,-0.718750000,0.994498487247,0.546974167986
0.015625000,-0.718750000,0.992714997002,0.545993248351
0.031250000,-0.718750000,0.987366863836,0.543051775110
0.046875000,-0.718750000,0.978461144182,0.538153629300
0.062500000,-0.718750000,0.966009744181,0.531305359299
0.078125000,-0.718750000,0.950029637820,0.522516300801
0.093750000,-0.718750000,0.930543171498,0.511798744324
0.109375000,-0.718750000,0.907578453932,0.499168149663
0.125000000,-0.718750000,0.881169830340,0.484643406687
0.140625000,-0.718750000,0.851358440654,0.468247142360
0.156250000,-0.718750000,0.818192858241,0.450006072032
0.171875000,-0.718750000,0.781729807656,0.429951394211
0.187500000,-0.718750000,0.742034959339,0.408119227637
0.203125000,-0.718750000,0.699183796932,0.384551088312
0.218750000,-0.718750000,0.653262554130,0.359294404772
0.234375000,-0.718750000,0.604369214987,0.332403068243
0.250000000,-0.718750000,0.552614574212,0.303938015817
0.265625000,-0.718750000,0.498123347619,0.273967841190
0.281250000,-0.718750000,0.441035327335,0.242569430034
0.296875000,-0.718750000,0.381506570506,0.209828613778
0.312500000,-0.718750000,0.319710610654,0.175840835860
0.328125000,-0.718750000,0.255839677784,0.140711822781
0.343750000,-0.718750000,0.190105911542,0.104558251348
0.359375000,-0.718750000,0.122742549445,0.0675084021945
0.375000000,-0.718750000,0.0540050654960,0.0297027860228
0.390625000,-0.718750000,-0.0158277632306,-0.00870526977685
0.406250000,-0.718750000,-0.0864528956143,-0.0475490925879
0.421875000,-0.718750000,-0.157542204778,-0.0866482126281
0.437500000,-0.718750000,-0.228741839684,-0.125808011826
0.453125000,-0.718750000,-0.299671816701,-0.164819499185
0.468750000,-0.718750000,-0.369925901254,-0.203459245690
0.484375000,-0.718750000,-0.439071844949,-0.241489514722
0.500000000,-0.718750000,-0.506652058973,-0.278658632435
0.515625000,-0.718750000,-0.572184814344,-0.314701647889
0.531250000,-0.718750000,-0.635166079444,-0.349341343694
0.546875000,-0.718750000,-0.695072119969,-0.382289665983
0.562500000,-0.718750000,-0.751363011101,-0.413249656106
0.578125000,-0.718750000,-0.803487236075,-0.441917979841
0.593750000,-0.718750000,-0.850887576047,-0.467988166826
0.609375000,-0.718750000,-0.893008531048,-0.491154692076
0.625000000,-0.718750000,-0.929305555312,-0.511118055422
0.640625000,-0.718750000,-0.959256439155,-0.527591041535
0.656250000,-0.718750000,-0.982375228378,-0.540306375608
0.671875000,-0.718750000,-0.998229143969,-0.549026029183
0.687500000,-0.718750000,,
0.703125000,-0.718750000,,
0.718750000,-0.718750000,,
0.734375000,-0.718750000,,
0.750000000,-0.718750000,,
0.765625000,-0.718750000,,
0.781250000,-0.718750000,,
0.796875000,-0.718750000,,
0.812500000,-0.718750000,,
0.828125000,-0.718750000,,
0.843750000,-0.718750000,,
0.859375000,-0.718750000,,
0.875000000,-0.718750000,,
0.890625000,-0.718750000,,
0.906250000,-0.718750000,,
0.921875000,-0.718750000,,
0.937500000,-0.718750000,,
0.953125000,-0.718750000,,
0.968750000,-0.718750000,,
0.984375000,-0.718750000,,
1.000000000,-0.718750000,,
-1.000000000,-0.703125000,,
-0.984375000,-0.703125000,,
-0.968750000,-0.703125000,,
-0.953125000,-0.703125000,,
-0.937500000,-0.703125000,,
-0.921875000,-0.703125000,,
-0.906250000,-0.703125000,,
-0.890625000,-0.703125000,,
-0.875000000,-0.703125000,,
-0.859375000,-0.703125000,,
-0.843750000,-0.703125000,,
-0.828125000,-0.703125000,,
-0.812500000,-0.703125000,,
-0.796875000,-0.703125000,,
-0.781250000,-0.703125000,,
-0.765625000,-0.703125000,,
-0.750000000,-0.703125000,,
-0.734375000,-0.703125000,,
-0.718750000,-0.703125000,,
-0.703125000,-0.703125000,,
-0.687500000,-0.703125000,-0.975726033783,-0.536649318581
-0.671875000,-0.703125000,-0.967300167053,-0.532015091879
-0.656250000,-0.703125000,-0.950797060679,-0.522938383373
-0.640625000,-0.703125000,-0.926683465728,-0.509675906150
-0.625000000,-0.703125000,-0.895482670288,-0.492515468658
-0.609375000,-0.703125000,-0.857756409455,-0.471766025200
-0.593750000,-0.703125000,-0.814089991422,-0.447749495282
-0.578125000,-0.703125000,-0.765080141602,-0.420794077881
-0.562500000,-0.703125000,-0.711325144712,-0.391228829592
-0.546875000,-0.703125000,-0.653416926655,-0.359379309660
-0.531250000,-0.703125000,-0.591934773907,-0.325564125649
-0.515625000,-0.703125000,-0.527440431591,-0.290092237375
-0.500000000,-0.703125000,-0.460474362073,-0.253260899140
-0.484375000,-0.703125000,-0.391552976973,-0.215354137335
-0.468750000,-0.703125000,-0.321166682660,-0.176641675463
-0.453125000,-0.703125000,-0.249778605505,-0.137378233028
-0.437500000,-0.703125000,-0.177823879576,-0.0978031337667
-0.421875000,-0.703125000,-0.105709399123,-0.0581401695175
-0.406250000,-0.703125000,-0.0338139516372,-0.0185976734005
-0.390625000,-0.703125000,0.0375113409884,0.0206312375436
-0.375000000,-0.703125000,0.107942332752,0.0593682830136
-0.359375000,-0.703125000,0.177180970109,0.0974495335600
-0.343750000,-0.703125000,0.244954256378,0.134724841008
-0.328125000,-0.703125000,0.311013104257,0.171057207341
-0.312500000,-0.703125000,0.375131107613,0.206322109187
-0.296875000,-0.703125000,0.437103259965,0.240406792981
-0.281250000,-0.703125000,0.496744643723,0.273209554047
-0.265625000,-0.703125000,0.553889108981,0.304639009939
-0.250000000,-0.703125000,0.608387960037,0.334613378020
-0.234375000,-0.703125000,0.660108662068,0.363059764137
-0.218750000,-0.703125000,0.708933581784,0.389913469981
-0.203125000,-0.703125000,0.754758770805,0.415117323943
-0.187500000,-0.703125000,0.797492801170,0.438621040643
-0.171875000,-0.703125000,0.837055659303,0.460380612617
-0.156250000,-0.703125000,0.873377705401,0.480357737970
-0.140625000,-0.703125000,0.906398701942,0.498519286068
-0.125000000,-0.703125000,0.936066917239,0.514836804482
-0.109375000,-0.703125000,0.962338305026,0.529286067764
-0.093750000,-0.703125000,0.985175765617,0.541846671089
-0.078125000,-0.703125000,1.00454848851,0.552501668679
-0.062500000,-0.703125000,1.02043138000,0.561237259003
-0.046875000,-0.703125000,1.03280457635,0.568042516991
-0.031250000,-0.703125000,1.04165304398,0.572909174187
-0.015625000,-0.703125000,1.04696626797,0.575831447385
0.000000000,-0.703125000,1.04873802879,0.576805915835
0.015625000,-0.703125000,1.04696626797,0.575831447385
0.031250000,-0.703125000,1.04165304398,0.572909174187
0.046875000,-0.703125000,1.03280457635,0.568042516991
0.062500000,-0.703125000,1.02043138000,0.561237259003
0.078125000,-0.703125000,1.00454848851,0.552501668679
0.093750000,-0.703125000,0.985175765617,0.541846671089
0.109375000,-0.703125000,0.962338305026,0.529286067764
0.125000000,-0.703125000,0.936066917239,0.514836804482
0.140625000,-0.703125000,0.906398701942,0.498519286068
0.156250000,-0.703125000,0.873377705401,0.480357737970
0.171875000,-0.703125000,0.837055659303,0.460380612617
0.187500000,-0.703125000,0.797492801170,0.438621040643
0.203125000,-0.703125000,0.754758770805,0.415117323943
0.218750000,-0.703125000,0.708933581784,0.389913469981
0.234375000,-0.703125000,0.660108662068,0.363059764137
0.250000000,-0.703125000,0.608387960037,0.334613378020
0.265625000,-0.703125000,0.553889108981,0.304639009939
0.281250000,-0.703125000,0.496744643723,0.273209554047
0.296875000,-0.703125000,0.437103259965,0.240406792981
0.312500000,-0.703125000,0.375131107613,0.206322109187
0.328125000,-0.703125000,0.311013104257,0.171057207341
0.343750000,-0.703125000,0.244954256378,0.134724841008
0.359375000,-0.703125000,0.177180970109,0.0974495335600
0.375000000,-0.703125000,0.107942332752,0.0593682830136
0.390625000,-0.703125000,0.0375113409884,0.0206312375436
0.406250000,-0.703125000,-0.0338139516372,-0.0185976734005
0.421875000,-0.703125000,-0.105709399123,-0.0581401695175
0.437500000,-0.703125000,-0.177823879576,-0.0978031337667
0.453125000,-0.703125000,-0.249778605505,-0.137378233028
0.468750000,-0.703125000,-0.321166682660,-0.176641675463
0.484375000,-0.703125000,-0.391552976973,-0.215354137335
0.500000000,-0.703125000,-0.460474362073,-0.253260899140
0.515625000,-0.703125000,-0.527440431591,-0.290092237375
0.531250000,-0.703125000,-0.591934773907,-0.325564125649
0.546875000,-0.703125000,-0.653416926655,-0.359379309660
0.562500000,-0.703125000,-0.711325144712,-0.391228829592
0.578125000,-0.703125000,-0.765080141602,-0.420794077881
0.593750000,-0.703125000,-0.814089991422,-0.447749495282
0.609375000,-0.703125000,-0.857756409455,-0.471766025200
0.625000000,-0.703125000,-0.895482670288,-0.492515468658
0.640625000,-0.703125000,-0.926683465728,-0.509675906150
0.656250000,-0.703125000,-0.950797060679,-0.522938383373
0.671875000,-0.703125000,-0.967300167053,-0.532015091879
0.687500000,-0.703125000,-0.975726033783,-0.536649318581
0.703125000,-0.703125000,,
0.718750000,-0.703125000,,
0.734375000,-0.703125000,,
0.750000000,-0.703125000,,
0.765625000,-0.703125000,,
0.781250000,-0.703125000,,
0.796875000,-0.703125000,,
0.812500000,-0.703125000,,
0.828125000,-0.703125000,,
0.843750000,-0.703125000,,
0.859375000,-0.703125000,,
0.875000000,-0.703125000,,
0.890625000,-0.703125000,,
0.906250000,-0.703125000,,
0.921875000,-0.703125000,,
0.937500000,-0.703125000,,
0.953125000,-0.703125000,,
0.968750000,-0.703125000,,
0.984375000,-0.703125000,,
1.000000000,-0.703125000,,
-1.000000000,-0.687500000,,
-0.984375000,-0.687500000,,
-0.968750000,-0.687500000,,
-0.953125000,-0.687500000,,
-0.937500000,-0.687500000,,
-0.921875000,-0.687500000,,
-0.906250000,-0.687500000,,
-0.890625000,-0.687500000,,
-0.875000000,-0.687500000,,
-0.859375000,-0.687500000,,
-0.843750000,-0.687500000,,
-0.828125000,-0.687500000,,
-0.812500000,-0.687500000,,
-0.796875000,-0.687500000,,
-0.781250000,-0.687500000,,
-0.765625000,-0.687500000,,
-0.750000000,-0.687500000,,
-0.734375000,-0.687500000,,
-0.718750000,-0.687500000,,
-0.703125000,-0.687500000,-0.952952491836,-0.524123870510
-0.687500000,-0.687500000,-0.952697525162,-0.523983638839
-0.671875000,-0.687500000,-0.943513935338,-0.518932664436
-0.656250000,-0.687500000,-0.925901228918,-0.509245675905
-0.640625000,-0.687500000,-0.900419633075,-0.495230798191
-0.625000000,-0.687500000,-0.867670670275,-0.477218868651
-0.609375000,-0.687500000,-0.828281193264,-0.455554656295
-0.593750000,-0.687500000,-0.782890340945,-0.430589687520
-0.578125000,-0.687500000,-0.732138962095,-0.402676429152
-0.562500000,-0.687500000,-0.676661121682,-0.372163616925
-0.546875000,-0.687500000,-0.617077362609,-0.339392549435
-0.531250000,-0.687500000,-0.553989446549,-0.304694195602
-0.515625000,-0.687500000,-0.487976337430,-0.268386985587
-0.500000000,-0.687500000,-0.419591227606,-0.230775175183
-0.484375000,-0.687500000,-0.349359436058,-0.192147689832
-0.468750000,-0.687500000,-0.277777033659,-0.152777368512
-0.453125000,-0.687500000,-0.205310070841,-0.112920538963
-0.437500000,-0.687500000,-0.132394303437,-0.0728168668904
-0.421875000,-0.687500000,-0.0594353261844,-0.0326894294014
-0.406250000,-0.687500000,0.0131909628540,0.00725502956971
-0.390625000,-0.687500000,0.0851376320758,0.0468256976417
-0.375000000,-0.687500000,0.156085775386,0.0858471764620
-0.359375000,-0.687500000,0.225743409001,0.124158874951
-0.343750000,-0.687500000,0.293844245415,0.161614334978
-0.328125000,-0.687500000,0.360146379197,0.198080508558
-0.312500000,-0.687500000,0.424430913401,0.233437002371
-0.296875000,-0.687500000,0.486500552473,0.267575303860
-0.281250000,-0.687500000,0.546178180553,0.300397999304
-0.265625000,-0.687500000,0.603305445236,0.331817994880
-0.250000000,-0.687500000,0.657741360264,0.361757748145
-0.234375000,-0.687500000,0.709360939872,0.390148516930
-0.218750000,-0.687500000,0.758053876363,0.416929631999
-0.203125000,-0.687500000,0.803723268955,0.442047797925
-0.187500000,-0.687500000,0.846284412010,0.465456426605
-0.171875000,-0.687500000,0.885663647859,0.487115006322
-0.156250000,-0.687500000,0.921797290707,0.506988509889
-0.140625000,-0.687500000,0.954630625380,0.525046843959
-0.125000000,-0.687500000,0.984116983963,0.541264341180
-0.109375000,-0.687500000,1.01021690362,0.555619296992
-0.093750000,-0.687500000,1.03289736876,0.568093552818
-0.078125000,-0.687500000,1.05213113790,0.578672125844
-0.062500000,-0.687500000,1.06789615785,0.587342886818
-0.046875000,-0.687500000,1.08017506654,0.594096286597
-0.031250000,-0.687500000,1.08895478473,0.598925131602
-0.015625000,-0.687500000,1.09422619763,0.601824408699
0.000000000,-0.687500000,1.09598392773,0.602791160254
0.015625000,-0.687500000,1.09422619763,0.601824408699
0.031250000,-0.687500000,1.08895478473,0.598925131602
0.046875000,-0.687500000,1.08017506654,0.594096286597
0.062500000,-0.687500000,1.06789615785,0.587342886818
0.078125000,-0.687500000,1.05213113790,0.578672125844
0.093750000,-0.687500000,1.03289736876,0.568093552818
0.109375000,-0.687500000,1.01021690362,0.555619296992
0.125000000,-0.687500000,0.984116983963,0.541264341180
0.140625000,-0.687500000,0.954630625380,0.525046843959
0.156250000,-0.687500000,0.921797290707,0.506988509889
0.171875000,-0.687500000,0.885663647859,0.487115006322
0.187500000,-0.687500000,0.846284412010,0.465456426605
0.203125000,-0.687500000,0.803723268955,0.442047797925
0.218750000,-0.687500000,0.758053876363,0.416929631999
0.234375000,-0.687500000,0.709360939872,0.390148516930
0.250000000,-0.687500000,0.657741360264,0.361757748145
0.265625000,-0.687500000,0.603305445236,0.331817994880
0.281250000,-0.687500000,0.546178180553,0.300397999304
0.296875000,-0.687500000,0.486500552473,0.267575303860
0.312500000,-0.687500000,0.424430913401,0.233437002371
0.328125000,-0.687500000,0.360146379197,0.198080508558
0.343750000,-0.687500000,0.293844245415,0.161614334978
0.359375000,-0.687500000,0.225743409001,0.124158874951
0.375000000,-0.687500000,0.156085775386,0.0858471764620
0.390625000,-0.687500000,0.0851376320758,0.0468256976417
0.406250000,-0.687500000,0.0131909628540,0.00725502956971
0.421875000,-0.687500000,-0.0594353261844,-0.0326894294014
0.437500000,-0.687500000,-0.132394303437,-0.0728168668904
0.453125000,-0.687500000,-0.205310070841,-0.112920538963
0.468750000,-0.687500000,-0.277777033659,-0.152777368512
0.484375000,-0.687500000,-0.349359436058,-0.192147689832
0.500000000,-0.687500000,-0.419591227606,-0.230775175183
0.515625000,-0.687500000,-0.487976337430,-0.268386985587
0.531250000,-0.687500000,-0.553989446549,-0.304694195602
0.546875000,-0.687500000,-0.617077362609,-0.339392549435
0.562500000,-0.687500000,-0.676661121682,-0.372163616925
0.578125000,-0.687500000,-0.732138962095,-0.402676429152
0.593750000,-0.687500000,-0.782890340945,-0.430589687520
0.609375000,-0.687500000,-0.828281193264,-0.455554656295
0.625000000,-0.687500000,-0.867670670275,-0.477218868651
0.640625000,-0.687500000,-0.900419633075,-0.495230798191
0.656250000,-0.687500000,-0.925901228918,-0.509245675905
0.671875000,-0.687500000,-0.943513935338,-0.518932664436
0.687500000,-0.687500000,-0.952697525162,-0.523983638839
0.703125000,-0.687500000,-0.952952491836,-0.524123870510
0.718750000,-0.687500000,,
0.734375000,-0.687500000,,
0.750000000,-0.687500000,,
0.765625000,-0.687500000,,
0.781250000,-0.687500000,,
0.796875000,-0.687500000,,
0.812500000,-0.687500000,,
0.828125000,-0.687500000,,
0.843750000,-0.687500000,,
0.859375000,-0.687500000,,
0.875000000,-0.687500000,,
0.890625000,-0.687500000,,
0.906250000,-0.687500000,,
0.921875000,-0.687500000,,
0.937500000,-0.687500000,,
0.953125000,-0.687500000,,
0.968750000,-0.687500000,,
0.984375000,-0.687500000,,
1.000000000,-0.687500000,,
-1.000000000,-0.671875000,,
-0.984375000,-0.671875000,,
-0.968750000,-0.671875000,,
-0.953125000,-0.671875000,,
-0.937500000,-0.671875000,,
-0.921875000,-0.671875000,,
-0.906250000,-0.671875000,,
-0.890625000,-0.671875000,,
-0.875000000,-0.671875000,,
-0.859375000,-0.671875000,,
-0.843750000,-0.671875000,,
-0.828125000,-0.671875000,,
-0.812500000,-0.671875000,,
-0.796875000,-0.671875000,,
-0.781250000,-0.671875000,,
-0.765625000,-0.671875000,,
-0.750000000,-0.671875000,,
-0.734375000,-0.671875000,,
-0.718750000,-0.671875000,-0.928811058612,-0.510846082237
-0.703125000,-0.671875000,-0.937526474774,-0.515639561126
-0.687500000,-0.671875000,-0.936420765011,-0.515031420756
-0.671875000,-0.671875000,-0.926024546840,-0.509313500762
-0.656250000,-0.671875000,-0.906934283529,-0.498813855941
-0.640625000,-0.671875000,-0.879791338810,-0.483885236346
-0.625000000,-0.671875000,-0.845264764686,-0.464895620577
-0.609375000,-0.671875000,-0.804037239946,-0.442220481970
-0.593750000,-0.671875000,-0.756793668630,-0.416236517746
-0.578125000,-0.671875000,-0.704212020314,-0.387316611173
-0.562500000,-0.671875000,-0.646956060318,-0.355825833175
-0.546875000,-0.671875000,-0.585669670967,-0.322118319032
-0.531250000,-0.671875000,-0.520972508951,-0.286534879923
-0.515625000,-0.671875000,-0.453456783883,-0.249401231135
-0.500000000,-0.671875000,-0.383684973321,-0.211026735326
-0.484375000,-0.671875000,-0.312188319723,-0.171703575848
-0.468750000,-0.671875000,-0.239465974788,-0.131706286134
-0.453125000,-0.671875000,-0.165984679954,-0.0912915739746
-0.437500000,-0.671875000,-0.0921788838391,-0.0506983861115
-0.421875000,-0.671875000,-0.0184512187299,-0.0101481703014
-0.406250000,-0.671875000,0.0548267384625,0.0301547061544
-0.390625000,-0.671875000,0.127313476301,0.0700224119654
-0.375000000,-0.671875000,0.198696382869,0.109283010578
-0.359375000,-0.671875000,0.268690445732,0.147779745152
-0.343750000,-0.671875000,0.337036854949,0.185370270222
-0.328125000,-0.671875000,0.403501540080,0.221925847044
-0.312500000,-0.671875000,0.467873666786,0.257330516732
-0.296875000,-0.671875000,0.529964116552,0.291480264103
-0.281250000,-0.671875000,0.589603967040,0.324282181872
-0.265625000,-0.671875000,0.646642990391,0.355653644715
-0.250000000,-0.671875000,0.700948181066,0.385521499586
-0.234375000,-0.671875000,0.752402326485,0.413821279567
-0.218750000,-0.671875000,0.800902627976,0.440496445387
-0.203125000,-0.671875000,0.846359381501,0.465497659826
-0.187500000,-0.671875000,0.888694723334,0.488782097834
-0.171875000,-0.671875000,0.927841446962,0.510312795829
-0.156250000,-0.671875000,0.963741896109,0.530058042860
-0.140625000,-0.671875000,0.996346935705,0.547990814638
-0.125000000,-0.671875000,1.02561500601,0.564088253305
-0.109375000,-0.671875000,1.05151126119,0.578331193655
-0.093750000,-0.671875000,1.07400679411,0.590703736759
-0.078125000,-0.671875000,1.09307794983,0.601192872405
-0.062500000,-0.671875000,1.10870572807,0.609788150440
-0.046875000,-0.671875000,1.12087527682,0.616481402249
-0.031250000,-0.671875000,1.12957547628,0.621266511954
-0.015625000,-0.671875000,1.13479861551,0.624139238528
0.000000000,-0.671875000,1.13654016046,0.625097088255
0.015625000,-0.671875000,1.13479861551,0.624139238528
0.031250000,-0.671875000,1.12957547628,0.621266511954
0.046875000,-0.671875000,1.12087527682,0.616481402249
0.062500000,-0.671875000,1.10870572807,0.609788150440
0.078125000,-0.671875000,1.09307794983,0.601192872405
0.093750000,-0.671875000,1.07400679411,0.590703736759
0.109375000,-0.671875000,1.05151126119,0.578331193655
0.125000000,-0.671875000,1.02561500601,0.564088253305
0.140625000,-0.671875000,0.996346935705,0.547990814638
0.156250000,-0.671875000,0.963741896109,0.530058042860
0.171875000,-0.671875000,0.927841446962,0.510312795829
0.187500000,-0.671875000,0.888694723334,0.488782097834
0.203125000,-0.671875000,0.846359381501,0.465497659826
0.218750000,-0.671875000,0.800902627976,0.440496445387
0.234375000,-0.671875000,0.752402326485,0.413821279567
0.250000000,-0.671875000,0.700948181066,0.385521499586
0.265625000,-0.671875000,0.646642990391,0.355653644715
0.281250000,-0.671875000,0.589603967040,0.324282181872
0.296875000,-0.671875000,0.529964116552,0.291480264103
0.312500000,-0.671875000,0.467873666786,0.257330516732
0.328125000,-0.671875000,0.403501540080,0.221925847044
0.343750000,-0.671875000,0.337036854949,0.185370270222
0.359375000,-0.671875000,0.268690445732,0.147779745152
0.375000000,-0.671875000,0.198696382869,0.109283010578
0.390625000,-0.671875000,0.127313476301,0.0700224119654
0.406250000,-0.671875000,0.0548267384625,0.0301547061544
0.421875000,-0.671875000,-0.0184512187299,-0.0101481703014
0.437500000,-0.671875000,-0.0921788838391,-0.0506983861115
0.453125000,-0.671875000,-0.165984679954,-0.0912915739746
0.468750000,-0.671875000,-0.239465974788,-0.131706286134
0.484375000,-0.671875000,-0.312188319723,-0.171703575848
0.500000000,-0.671875000,-0.383684973321,-0.211026735326
0.515625000,-0.671875000,-0.453456783883,-0.249401231135
0.531250000,-0.671875000,-0.520972508951,-0.286534879923
0.546875000,-0.671875000,-0.585669670967,-0.322118319032
0.562500000,-0.671875000,-0.646956060318,-0.355825833175
0.578125000,-0.671875000,-0.704212020314,-0.387316611173
0.593750000,-0.671875000,-0.756793668630,-0.416236517746
0.609375000,-0.671875000,-0.804037239946,-0.442220481970
0.625000000,-0.671875000,-0.845264764686,-0.464895620577
0.640625000,-0.671875000,-0.879791338810,-0.483885236346
0.656250000,-0.671875000,-0.906934283529,-0.498813855941
0.671875000,-0.671875000,-0.926024546840,-0.509313500762
0.687500000,-0.671875000,-0.936420765011,-0.515031420756
0.703125000,-0.671875000,-0.937526474774,-0.515639561126
0.718750000,-0.671875000,-0.928811058612,-0.510846082237
0.734375000,-0.671875000,,
0.750000000,-0.671875000,,
0.765625000,-0.671875000,,
0.781250000,-0.671875000,,
0.796875000,-0.671875000,,
0.812500000,-0.671875000,,
0.828125000,-0.671875000,,
0.843750000,-0.671875000,,
0.859375000,-0.671875000,,
0.875000000,-0.671875000,,
0.890625000,-0.671875000,,
0.906250000,-0.671875000,,
0.921875000,-0.671875000,,
0.937500000,-0.671875000,,
0.953125000,-0.671875000,,
0.968750000,-0.671875000,,
0.984375000,-0.671875000,,
1.000000000,-0.671875000,,
-1.000000000,-0.656250000,,
-0.984375000,-0.656250000,,
-0.968750000,-0.656250000,,
-0.953125000,-0.656250000,,
-0.937500000,-0.656250000,,
-0.921875000,-0.656250000,,
-0.906250000,-0.656250000,,
-0.890625000,-0.656250000,,
-0.875000000,-0.656250000,,
-0.859375000,-0.656250000,,
-0.843750000,-0.656250000,,
-0.828125000,-0.656250000,,
-0.812500000,-0.656250000,,
-0.796875000,-0.656250000,,
-0.781250000,-0.656250000,,
-0.765625000,-0.656250000,,
-0.750000000,-0.656250000,,
-0.734375000,-0.656250000,-0.902134937129,-0.496174215421
-0.718750000,-0.656250000,-0.920679873158,-0.506373930237
-0.703125000,-0.656250000,-0.928468276546,-0.510657552100
-0.687500000,-0.656250000,-0.926059690924,-0.509332830008
-0.671875000,-0.656250000,-0.914085714390,-0.502747142915
-0.656250000,-0.656250000,-0.893227322234,-0.491275027229
-0.640625000,-0.656250000,-0.864196232277,-0.475307927752
-0.625000000,-0.656250000,-0.827719679976,-0.455245823987
-0.609375000,-0.656250000,-0.784528068447,-0.431490437646
-0.593750000,-0.656250000,-0.735345041893,-0.404439773041
-0.578125000,-0.656250000,-0.680879600315,-0.374483780173
-0.562500000,-0.656250000,-0.621819930215,-0.342000961618
-0.546875000,-0.656250000,-0.558828678533,-0.307355773193
-0.531250000,-0.656250000,-0.492539434625,-0.270896689044
-0.515625000,-0.656250000,-0.423554223846,-0.232954823115
-0.500000000,-0.656250000,-0.352441842541,-0.193843013398
-0.484375000,-0.656250000,-0.279736893072,-0.153855291190
-0.468750000,-0.656250000,-0.205939396735,-0.113266668204
-0.453125000,-0.656250000,-0.131514878955,-0.0723331834251
-0.437500000,-0.656250000,-0.0568948418002,-0.0312921629901
-0.421875000,-0.656250000,0.0175224537586,0.00963734956722
-0.406250000,-0.656250000,0.0913709583423,0.0502540270882
-0.390625000,-0.656250000,0.164315612145,0.0903735866796
-0.375000000,-0.656250000,0.236050975889,0.129828036739
-0.359375000,-0.656250000,0.306299755026,0.168464865265
-0.343750000,-0.656250000,0.374811248843,0.206146186863
-0.328125000,-0.656250000,0.441359753773,0.242747864575
-0.312500000,-0.656250000,0.505742944194,0.278158619307
-0.296875000,-0.656250000,0.567780250604,0.312279137832
-0.281250000,-0.656250000,0.627311252237,0.345021188730
-0.265625000,-0.656250000,0.684194098824,0.376306754353
-0.250000000,-0.656250000,0.738303972450,0.406067184848
-0.234375000,-0.656250000,0.789531599926,0.434242379959
-0.218750000,-0.656250000,0.837781824716,0.460780003594
-0.203125000,-0.656250000,0.882972243691,0.485634734030
-0.187500000,-0.656250000,0.925031916026,0.508767553814
-0.171875000,-0.656250000,0.963900147852,0.530145081319
-0.156250000,-0.656250000,0.999525357021,0.549738946362
-0.140625000,-0.656250000,1.03186402108,0.567525211596
-0.125000000,-0.656250000,1.06087971062,0.583483840839
-0.109375000,-0.656250000,1.08654221042,0.597598215731
-0.093750000,-0.656250000,1.10882673019,0.609854701606
-0.078125000,-0.656250000,1.12771320533,0.620242262934
-0.062500000,-0.656250000,1.14318568943,0.628752129187
-0.046875000,-0.656250000,1.15523183984,0.635377511912
-0.031250000,-0.656250000,1.16384249499,0.640113372245
-0.015625000,-0.656250000,1.16901134576,0.642956240166
0.000000000,-0.656250000,1.17073470093,0.643904085509
0.015625000,-0.656250000,1.16901134576,0.642956240166
0.031250000,-0.656250000,1.16384249499,0.640113372245
0.046875000,-0.656250000,1.15523183984,0.635377511912
0.062500000,-0.656250000,1.14318568943,0.628752129187
0.078125000,-0.656250000,1.12771320533,0.620242262934
0.093750000,-0.656250000,1.10882673019,0.609854701606
0.109375000,-0.656250000,1.08654221042,0.597598215731
0.125000000,-0.656250000,1.06087971062,0.583483840839
0.140625000,-0.656250000,1.03186402108,0.567525211596
0.156250000,-0.656250000,0.999525357021,0.549738946362
0.171875000,-0.656250000,0.963900147852,0.530145081319
0.187500000,-0.656250000,0.925031916026,0.508767553814
0.203125000,-0.656250000,0.882972243691,0.485634734030
0.218750000,-0.656250000,0.837781824716,0.460780003594
0.234375000,-0.656250000,0.789531599926,0.434242379959
0.250000000,-0.656250000,0.738303972450,0.406067184848
0.265625000,-0.656250000,0.684194098824,0.376306754353
0.281250000,-0.656250000,0.627311252237,0.345021188730
0.296875000,-0.656250000,0.567780250604,0.312279137832
0.312500000,-0.656250000,0.505742944194,0.278158619307
0.328125000,-0.656250000,0.441359753773,0.242747864575
0.343750000,-0.656250000,0.374811248843,0.206146186863
0.359375000,-0.656250000,0.306299755026,0.168464865265
0.375000000,-0.656250000,0.236050975889,0.129828036739
0.390625000,-0.656250000,0.164315612145,0.0903735866796
0.406250000,-0.656250000,0.0913709583423,0.0502540270882
0.421875000,-0.656250000,0.0175224537586,0.00963734956722
0.437500000,-0.656250000,-0.0568948418002,-0.0312921629901
0.453125000,-0.656250000,-0.131514878955,-0.0723331834251
0.468750000,-0.656250000,-0.205939396735,-0.113266668204
0.484375000,-0.656250000,-0.279736893072,-0.153855291190
0.500000000,-0.656250000,-0.352441842541,-0.193843013398
0.515625000,-0.656250000,-0.423554223846,-0.232954823115
0.531250000,-0.656250000,-0.492539434625,-0.270896689044
0.546875000,-0.656250000,-0.558828678533,-0.307355773193
0.562500000,-0.656250000,-0.621819930215,-0.342000961618
0.578125000,-0.656250000,-0.680879600315,-0.374483780173
0.593750000,-0.656250000,-0.735345041893,-0.404439773041
0.609375000,-0.656250000,-0.784528068447,-0.431490437646
0.625000000,-0.656250000,-0.827719679976,-0.455245823987
0.640625000,-0.656250000,-0.864196232277,-0.475307927752
0.656250000,-0.656250000,-0.893227322234,-0.491275027229
0.671875000,-0.656250000,-0.914085714390,-0.502747142915
0.687500000,-0.656250000,-0.926059690924,-0.509332830008
0.703125000,-0.656250000,-0.928468276546,-0.510657552100
0.718750000,-0.656250000,-0.920679873158,-0.506373930237
0.734375000,-0.656250000,-0.902134937129,-0.496174215421
0.750000000,-0.656250000,,
0.765625000,-0.656250000,,
0.781250000,-0.656250000,,
0.796875000,-0.656250000,,
0.812500000,-0.656250000,,
0.828125000,-0.656250000,,
0.843750000,-0.656250000,,
0.859375000,-0.656250000,,
0.875000000,-0.656250000,,
0.890625000,-0.656250000,,
0.906250000,-0.656250000,,
0.921875000,-0.656250000,,
0.937500000,-0.656250000,,
0.953125000,-0.656250000,,
0.968750000,-0.656250000,,
0.984375000,-0.656250000,,
1.000000000,-0.656250000,,
-1.000000000,-0.640625000,,
-0.984375000,-0.640625000,,
-0.968750000,-0.640625000,,
-0.953125000,-0.640625000,,
-0.937500000,-0.640625000,,
-0.921875000,-0.640625000,,
-0.906250000,-0.640625000,,
-0.890625000,-0.640625000,,
-0.875000000,-0.640625000,,
-0.859375000,-0.640625000,,
-0.843750000,-0.640625000,,
-0.828125000,-0.640625000,,
-0.812500000,-0.640625000,,
-0.796875000,-0.640625000,,
-0.781250000,-0.640625000,,
-0.765625000,-0.640625000,,
-0.750000000,-0.640625000,,
-0.734375000,-0.640625000,-0.900979277987,-0.495538602893
-0.718750000,-0.640625000,-0.918539438870,-0.505196691379
-0.703125000,-0.640625000,-0.924948993866,-0.508721946627
-0.687500000,-0.640625000,-0.920873068212,-0.506480187517
-0.671875000,-0.640625000,-0.907031648895,-0.498867406892
-0.656250000,-0.640625000,-0.884179327359,-0.486298630047
-0.640625000,-0.640625000,-0.853088743998,-0.469198809199
-0.625000000,-0.640625000,-0.814537152005,-0.447995433603
-0.609375000,-0.640625000,-0.769295608103,-0.423112584457
-0.593750000,-0.640625000,-0.718120375222,-0.394966206372
-0.578125000,-0.640625000,-0.661746184402,-0.363960401421
-0.562500000,-0.640625000,-0.600881057995,-0.330484581897
-0.546875000,-0.640625000,-0.536202441443,-0.294911342794
-0.531250000,-0.640625000,-0.468354429396,-0.257594936168
-0.515625000,-0.640625000,-0.397945902985,-0.218870246642
-0.500000000,-0.640625000,-0.325549424353,-0.179052183394
-0.484375000,-0.640625000,-0.251700757106,-0.138435416408
-0.468750000,-0.640625000,-0.176898899856,-0.0972943949207
-0.453125000,-0.640625000,-0.101606538765,-0.0558835963209
-0.437500000,-0.640625000,-0.0262508376590,-0.0144379607125
-0.421875000,-0.640625000,0.0487755023563,0.0268265262960
-0.406250000,-0.640625000,0.123112972485,0.0677121348665
-0.390625000,-0.640625000,0.196433824913,0.108038603702
-0.375000000,-0.640625000,0.268440521314,0.147642286723
-0.359375000,-0.640625000,0.338864098084,0.186375253946
-0.343750000,-0.640625000,0.407462477787,0.224104362783
-0.328125000,-0.640625000,0.474018752488,0.260710313868
-0.312500000,-0.640625000,0.538339459525,0.296086702739
-0.296875000,-0.640625000,0.600252869658,0.330139078312
-0.281250000,-0.640625000,0.659607300442,0.362784015243
-0.265625000,-0.640625000,0.716269469828,0.393948208405
-0.250000000,-0.640625000,0.770122898147,0.423567593981
-0.234375000,-0.640625000,0.821066370004,0.451586503502
-0.218750000,-0.640625000,0.869012460639,0.477956853352
-0.203125000,-0.640625000,0.913886134849,0.502637374167
-0.187500000,-0.640625000,0.955623422202,0.525592882211
-0.171875000,-0.640625000,0.994170173910,0.546793595651
-0.156250000,-0.640625000,1.02948090188,0.566214496033
-0.140625000,-0.640625000,1.06151770651,0.583834738583
-0.125000000,-0.640625000,1.09024929173,0.599637110451
-0.109375000,-0.640625000,1.11565007113,0.613607539122
-0.093750000,-0.640625000,1.13769936507,0.625734650788
-0.078125000,-0.640625000,1.15638069194,0.636009380566
-0.062500000,-0.640625000,1.17168115062,0.644424632842
-0.046875000,-0.640625000,1.18359089958,0.650974994768
-0.031250000,-0.640625000,1.19218155085,0.655699852966
-0.015625000,-0.640625000,1.19725300538,0.658489152959
0.000000000,-0.640625000,1.19894381829,0.659419100058
0.015625000,-0.640625000,1.19725300538,0.658489152959
0.031250000,-0.640625000,1.19218155085,0.655699852966
0.046875000,-0.640625000,1.18359089958,0.650974994768
0.062500000,-0.640625000,1.17168115062,0.644424632842
0.078125000,-0.640625000,1.15638069194,0.636009380566
0.093750000,-0.640625000,1.13769936507,0.625734650788
0.109375000,-0.640625000,1.11565007113,0.613607539122
0.125000000,-0.640625000,1.09024929173,0.599637110451
0.140625000,-0.640625000,1.06151770651,0.583834738583
0.156250000,-0.640625000,1.02948090188,0.566214496033
0.171875000,-0.640625000,0.994170173910,0.546793595651
0.187500000,-0.640625000,0.955623422202,0.525592882211
0.203125000,-0.640625000,0.913886134849,0.502637374167
0.218750000,-0.640625000,0.869012460639,0.477956853352
0.234375000,-0.640625000,0.821066370004,0.451586503502
0.250000000,-0.640625000,0.770122898147,0.423567593981
0.265625000,-0.640625000,0.716269469828,0.393948208405
0.281250000,-0.640625000,0.659607300442,0.362784015243
0.296875000,-0.640625000,0.600252869658,0.330139078312
0.312500000,-0.640625000,0.538339459525,0.296086702739
0.328125000,-0.640625000,0.474018752488,0.260710313868
0.343750000,-0.640625000,0.407462477787,0.224104362783
0.359375000,-0.640625000,0.338864098084,0.186375253946
0.375000000,-0.640625000,0.268440521314,0.147642286723
0.390625000,-0.640625000,0.196433824913,0.108038603702
0.406250000,-0.640625000,0.123112972485,0.0677121348665
0.421875000,-0.640625000,0.0487755023563,0.0268265262960
0.437500000,-0.640625000,-0.0262508376590,-0.0144379607125
0.453125000,-0.640625000,-0.101606538765,-0.0558835963209
0.468750000,-0.640625000,-0.176898899856,-0.0972943949207
0.484375000,-0.640625000,-0.251700757106,-0.138435416408
0.500000000,-0.640625000,-0.325549424353,-0.179052183394
0.515625000,-0.640625000,-0.397945902985,-0.218870246642
0.531250000,-0.640625000,-0.468354429396,-0.257594936168
0.546875000,-0.640625000,-0.536202441443,-0.294911342794
0.562500000,-0.640625000,-0.600881057995,-0.330484581897
0.578125000,-0.640625000,-0.661746184402,-0.363960401421
0.593750000,-0.640625000,-0.718120375222,-0.394966206372
0.609375000,-0.640625000,-0.769295608103,-0.423112584457
0.625000000,-0.640625000,-0.814537152005,-0.447995433603
0.640625000,-0.640625000,-0.853088743998,-0.469198809199
0.656250000,-0.640625000,-0.884179327359,-0.486298630047
0.671875000,-0.640625000,-0.907031648895,-0.498867406892
0.687500000,-0.640625000,-0.920873068212,-0.506480187517
0.703125000,-0.640625000,-0.924948993866,-0.508721946627
0.718750000,-0.640625000,-0.918539438870,-0.505196691379
0.734375000,-0.640625000,-0.900979277987,-0.495538602893
0.750000000,-0.640625000,,
0.765625000,-0.640625000,,
0.781250000,-0.640625000,,
0.796875000,-0.640625000,,
0.812500000,-0.640625000,,
0.828125000,-0.640625000,,
0.843750000,-0.640625000,,
0.859375000,-0.640625000,,
0.875000000,-0.640625000,,
0.890625000,-0.640625000,,
0.906250000,-0.640625000,,
0.921875000,-0.640625000,,
0.937500000,-0.640625000,,
0.953125000,-0.640625000,,
0.968750000,-0.640625000,,
0.984375000,-0.640625000,,
1.000000000,-0.640625000,,
-1.000000000,-0.625000000,,
-0.984375000,-0.625000000,,
-0.968750000,-0.625000000,,
-0.953125000,-0.625000000,,
-0.937500000,-0.625000000,,
-0.921875000,-0.625000000,,
-0.906250000,-0.625000000,,
-0.890625000,-0.625000000,,
-0.875000000,-0.625000000,,
-0.859375000,-0.625000000,,
-0.843750000,-0.625000000,,
-0.828125000,-0.625000000,,
-0.812500000,-0.625000000,,
-0.796875000,-0.625000000,,
-0.781250000,-0.625000000,,
-0.765625000,-0.625000000,,
-0.750000000,-0.625000000,-0.877169629754,-0.482443296365
-0.734375000,-0.625000000,-0.905444257395,-0.497994341567
-0.718750000,-0.625000000,-0.921565845915,-0.506861215253
-0.703125000,-0.625000000,-0.926230807354,-0.509426944045
-0.687500000,-0.625000000,-0.920197067157,-0.506108386936
-0.671875000,-0.625000000,-0.904261955160,-0.497344075338
-0.656250000,-0.625000000,-0.879244129623,-0.483584271292
-0.640625000,-0.625000000,-0.845968896438,-0.465282893041
-0.625000000,-0.625000000,-0.805256386308,-0.442891012469
-0.609375000,-0.625000000,-0.757912135423,-0.416851674483
-0.593750000,-0.625000000,-0.704719688166,-0.387595828491
-0.578125000,-0.625000000,-0.646434894323,-0.355539191878
-0.562500000,-0.625000000,-0.583781628625,-0.321079895744
-0.546875000,-0.625000000,-0.517448697540,-0.284596783647
-0.531250000,-0.625000000,-0.448087736837,-0.246448255260
-0.515625000,-0.625000000,-0.376311931150,-0.206971562132
-0.500000000,-0.625000000,-0.302695413569,-0.166482477463
-0.484375000,-0.625000000,-0.227773224336,-0.125275273385
-0.468750000,-0.625000000,-0.152041725417,-0.0836229489792
-0.453125000,-0.625000000,-0.0759593833929,-0.0417776608661
-0.437500000,-0.625000000,0.0000521520805417,0.0000286836442979
-0.421875000,-0.625000000,0.0756067395038,0.0415837067271
-0.406250000,-0.625000000,0.150352257029,0.0826937413662
-0.390625000,-0.625000000,0.223968981962,0.123182940079
-0.375000000,-0.625000000,0.296167875297,0.162892331413
-0.359375000,-0.625000000,0.366688803585,0.201678841972
-0.343750000,-0.625000000,0.435298726053,0.239414299329
-0.328125000,-0.625000000,0.501789869635,0.275984428300
-0.312500000,-0.625000000,0.565977910963,0.311287851030
-0.296875000,-0.625000000,0.627700183092,0.345235100700
-0.281250000,-0.625000000,0.686813917922,0.377747654857
-0.265625000,-0.625000000,0.743194538122,0.408756995967
-0.250000000,-0.625000000,0.796734006700,0.438203703685
-0.234375000,-0.625000000,0.847339241803,0.466036582992
-0.218750000,-0.625000000,0.894930604132,0.492211832272
-0.203125000,-0.625000000,0.939440461120,0.516692253616
-0.187500000,-0.625000000,0.980811832865,0.539446508076
-0.171875000,-0.625000000,1.01899712265,0.560448417455
-0.156250000,-0.625000000,1.05395693557,0.579676314563
-0.140625000,-0.625000000,1.08565898657,0.597112442615
-0.125000000,-0.625000000,1.11407709991,0.612742404949
-0.109375000,-0.625000000,1.13919030190,0.626554666044
-0.093750000,-0.625000000,1.16098200678,0.638540103726
-0.078125000,-0.625000000,1.17943929789,0.648691613839
-0.062500000,-0.625000000,1.19455230346,0.657003766901
-0.046875000,-0.625000000,1.20641875224,0.663530313730
-0.031250000,-0.625000000,1.21476493017,0.668120711591
-0.015625000,-0.625000000,1.21977407250,0.670875739874
0.000000000,-0.625000000,1.22144402111,0.671794211609
0.015625000,-0.625000000,1.21977407250,0.670875739874
0.031250000,-0.625000000,1.21476493017,0.668120711591
0.046875000,-0.625000000,1.20641875224,0.663530313730
0.062500000,-0.625000000,1.19455230346,0.657003766901
0.078125000,-0.625000000,1.17943929789,0.648691613839
0.093750000,-0.625000000,1.16098200678,0.638540103726
0.109375000,-0.625000000,1.13919030190,0.626554666044
0.125000000,-0.625000000,1.11407709991,0.612742404949
0.140625000,-0.625000000,1.08565898657,0.597112442615
0.156250000,-0.625000000,1.05395693557,0.579676314563
0.171875000,-0.625000000,1.01899712265,0.560448417455
0.187500000,-0.625000000,0.980811832865,0.539446508076
0.203125000,-0.625000000,0.939440461120,0.516692253616
0.218750000,-0.625000000,0.894930604132,0.492211832272
0.234375000,-0.625000000,0.847339241803,0.466036582992
0.250000000,-0.625000000,0.796734006700,0.438203703685
0.265625000,-0.625000000,0.743194538122,0.408756995967
0.281250000,-0.625000000,0.686813917922,0.377747654857
0.296875000,-0.625000000,0.627700183092,0.345235100700
0.312500000,-0.625000000,0.565977910963,0.311287851030
0.328125000,-0.625000000,0.501789869635,0.275984428300
0.343750000,-0.625000000,0.435298726053,0.239414299329
0.359375000,-0.625000000,0.366688803585,0.201678841972
0.375000000,-0.625000000,0.296167875297,0.162892331413
0.390625000,-0.625000000,0.223968981962,0.123182940079
0.406250000,-0.625000000,0.150352257029,0.0826937413662
0.421875000,-0.625000000,0.0756067395038,0.0415837067271
0.437500000,-0.625000000,0.0000521520805417,0.0000286836442979
0.453125000,-0.625000000,-0.0759593833929,-0.0417776608661
0.468750000,-0.625000000,-0.152041725417,-0.0836229489792
0.484375000,-0.625000000,-0.227773224336,-0.125275273385
0.500000000,-0.625000000,-0.302695413569,-0.166482477463
0.515625000,-0.625000000,-0.376311931150,-0.206971562132
0.531250000,-0.625000000,-0.448087736837,-0.246448255260
0.546875000,-0.625000000,-0.517448697540,-0.284596783647
0.562500000,-0.625000000,-0.583781628625,-0.321079895744
0.578125000,-0.625000000,-0.646434894323,-0.355539191878
0.593750000,-0.625000000,-0.704719688166,-0.387595828491
0.609375000,-0.625000000,-0.757912135423,-0.416851674483
0.625000000,-0.625000000,-0.805256386308,-0.442891012469
0.640625000,-0.625000000,-0.845968896438,-0.465282893041
0.656250000,-0.625000000,-0.879244129623,-0.483584271292
0.671875000,-0.625000000,-0.904261955160,-0.497344075338
0.687500000,-0.625000000,-0.920197067157,-0.506108386936
0.703125000,-0.625000000,-0.926230807354,-0.509426944045
0.718750000,-0.625000000,-0.921565845915,-0.506861215253
0.734375000,-0.625000000,-0.905444257395,-0.497994341567
0.750000000,-0.625000000,-0.877169629754,-0.482443296365
0.765625000,-0.625000000,,
0.781250000,-0.625000000,,
0.796875000,-0.625000000,,
0.812500000,-0.625000000,,
0.828125000,-0.625000000,,
0.843750000,-0.625000000,,
0.859375000,-0.625000000,,
0.875000000,-0.625000000,,
0.890625000,-0.625000000,,
0.906250000,-0.625000000,,
0.921875000,-0.625000000,,
0.937500000,-0.625000000,,
0.953125000,-0.625000000,,
0.968750000,-0.625000000,,
0.984375000,-0.625000000,,
1.000000000,-0.625000000,,
-1.000000000,-0.609375000,,
-0.984375000,-0.609375000,,
-0.968750000,-0.609375000,,
-0.953125000,-0.609375000,,
-0.937500000,-0.609375000,,
-0.921875000,-0.609375000,,
-0.906250000,-0.609375000,,
-0.890625000,-0.609375000,,
-0.875000000,-0.609375000,,
-0.859375000,-0.609375000,,
-0.843750000,-0.609375000,,
-0.828125000,-0.609375000,,
-0.812500000,-0.609375000,,
-0.796875000,-0.609375000,,
-0.781250000,-0.609375000,,
-0.765625000,-0.609375000,-0.847913604670,-0.466352482569
-0.750000000,-0.609375000,-0.887914136895,-0.488352775292
-0.734375000,-0.609375000,-0.914709175986,-0.503090046792
-0.718750000,-0.609375000,-0.929023400760,-0.510962870418
-0.703125000,-0.609375000,-0.931651006650,-0.512408053657
-0.687500000,-0.609375000,-0.923431485205,-0.507887316863
-0.671875000,-0.609375000,-0.905229809304,-0.497876395117
-0.656250000,-0.609375000,-0.877920327598,-0.482856180179
-0.640625000,-0.609375000,-0.842373776928,-0.463305577311
-0.625000000,-0.609375000,-0.799446917627,-0.439695804695
-0.609375000,-0.609375000,-0.749974371592,-0.412485904375
-0.593750000,-0.609375000,-0.694762309290,-0.382119270109
-0.578125000,-0.609375000,-0.634583684379,-0.349021026408
-0.562500000,-0.609375000,-0.570174763869,-0.313596120128
-0.546875000,-0.609375000,-0.502232736184,-0.276228004901
-0.531250000,-0.609375000,-0.431414216943,-0.237277819319
-0.515625000,-0.609375000,-0.358334495280,-0.197083972404
-0.500000000,-0.609375000,-0.283567390887,-0.155962064988
-0.484375000,-0.609375000,-0.207645609140,-0.114205085027
-0.468750000,-0.609375000,-0.131061500808,-0.0720838254441
-0.453125000,-0.609375000,-0.0542681444005,-0.0298474794203
-0.437500000,-0.609375000,0.0223193157409,0.0122756236575
-0.421875000,-0.609375000,0.0983221332148,0.0540771732682
-0.406250000,-0.609375000,0.173396275531,0.0953679515420
-0.390625000,-0.609375000,0.247230631843,0.135976847514
-0.375000000,-0.609375000,0.319545149167,0.175749832042
-0.359375000,-0.609375000,0.390088924756,0.214548908616
-0.343750000,-0.609375000,0.458638281015,0.252251054558
-0.328125000,-0.609375000,0.524994842717,0.288747163495
-0.312500000,-0.609375000,0.588983635306,0.323940999418
-0.296875000,-0.609375000,0.650451216560,0.357748169108
-0.281250000,-0.609375000,0.709263856495,0.390095121072
-0.265625000,-0.609375000,0.765305773645,0.420918175505
-0.250000000,-0.609375000,0.818477436798,0.450162590239
-0.234375000,-0.609375000,0.868693938890,0.477781666390
-0.218750000,-0.609375000,0.915883448175,0.503735896496
-0.203125000,-0.609375000,0.959985742238,0.527992158231
-0.187500000,-0.609375000,1.00095082729,0.550522955009
-0.171875000,-0.609375000,1.03873764605,0.571305705327
-0.156250000,-0.609375000,1.07331287691,0.590322082300
-0.140625000,-0.609375000,1.10464982536,0.607557403947
-0.125000000,-0.609375000,1.13272740954,0.623000075245
-0.109375000,-0.609375000,1.15752924097,0.636641082534
-0.093750000,-0.609375000,1.17904280057,0.648473540312
-0.078125000,-0.609375000,1.19725871110,0.658492291104
-0.062500000,-0.609375000,1.21217010650,0.666693558572
-0.046875000,-0.609375000,1.22377209747,0.673074653610
-0.031250000,-0.609375000,1.23211973102,0.677665852059
-0.015625000,-0.609375000,1.23706164506,0.680383904784
0.000000000,-0.609375000,1.23870909136,0.681290000246
0.015625000,-0.609375000,1.23706164506,0.680383904784
0.031250000,-0.609375000,1.23211973102,0.677665852059
0.046875000,-0.609375000,1.22377209747,0.673074653610
0.062500000,-0.609375000,1.21217010650,0.666693558572
0.078125000,-0.609375000,1.19725871110,0.658492291104
0.093750000,-0.609375000,1.17904280057,0.648473540312
0.109375000,-0.609375000,1.15752924097,0.636641082534
0.125000000,-0.609375000,1.13272740954,0.623000075245
0.140625000,-0.609375000,1.10464982536,0.607557403947
0.156250000,-0.609375000,1.07331287691,0.590322082300
0.171875000,-0.609375000,1.03873764605,0.571305705327
0.187500000,-0.609375000,1.00095082729,0.550522955009
0.203125000,-0.609375000,0.959985742238,0.527992158231
0.218750000,-0.609375000,0.915883448175,0.503735896496
0.234375000,-0.609375000,0.868693938890,0.477781666390
0.250000000,-0.609375000,0.818477436798,0.450162590239
0.265625000,-0.609375000,0.765305773645,0.420918175505
0.281250000,-0.609375000,0.709263856495,0.390095121072
0.296875000,-0.609375000,0.650451216560,0.357748169108
0.312500000,-0.609375000,0.588983635306,0.323940999418
0.328125000,-0.609375000,0.524994842717,0.288747163495
0.343750000,-0.609375000,0.458638281015,0.252251054558
0.359375000,-0.609375000,0.390088924756,0.214548908616
0.375000000,-0.609375000,0.319545149167,0.175749832042
0.390625000,-0.609375000,0.247230631843,0.135976847514
0.406250000,-0.609375000,0.173396275531,0.0953679515420
0.421875000,-0.609375000,0.0983221332148,0.0540771732682
0.437500000,-0.609375000,0.0223193157409,0.0122756236575
0.453125000,-0.609375000,-0.0542681444005,-0.0298474794203
0.468750000,-0.609375000,-0.131061500808,-0.0720838254441
0.484375000,-0.609375000,-0.207645609140,-0.114205085027
0.500000000,-0.609375000,-0.283567390887,-0.155962064988
0.515625000,-0.609375000,-0.358334495280,-0.197083972404
0.531250000,-0.609375000,-0.431414216943,-0.237277819319
0.546875000,-0.609375000,-0.502232736184,-0.276228004901
0.562500000,-0.609375000,-0.570174763869,-0.313596120128
0.578125000,-0.609375000,-0.634583684379,-0.349021026408
0.593750000,-0.609375000,-0.694762309290,-0.382119270109
0.609375000,-0.609375000,-0.749974371592,-0.412485904375
0.625000000,-0.609375000,-0.799446917627,-0.439695804695
0.640625000,-0.609375000,-0.842373776928,-0.463305577311
0.656250000,-0.609375000,-0.877920327598,-0.482856180179
0.671875000,-0.609375000,-0.905229809304,-0.497876395117
0.687500000,-0.609375000,-0.923431485205,-0.507887316863
0.703125000,-0.609375000,-0.931651006650,-0.512408053657
0.718750000,-0.609375000,-0.929023400760,-0.510962870418
0.734375000,-0.609375000,-0.914709175986,-0.503090046792
0.750000000,-0.609375000,-0.887914136895,-0.488352775292
0.765625000,-0.609375000,-0.847913604670,-0.466352482569
0.781250000,-0.609375000,,
0.796875000,-0.609375000,,
0.812500000,-0.609375000,,
0.828125000,-0.609375000,,
0.843750000,-0.609375000,,
0.859375000,-0.609375000,,
0.875000000,-0.609375000,,
0.890625000,-0.609375000,,
0.906250000,-0.609375000,,
0.921875000,-0.609375000,,
0.937500000,-0.609375000,,
0.953125000,-0.609375000,,
0.968750000,-0.609375000,,
0.984375000,-0.609375000,,
1.000000000,-0.609375000,,
-1.000000000,-0.593750000,,
-0.984375000,-0.593750000,,
-0.968750000,-0.593750000,,
-0.953125000,-0.593750000,,
-0.937500000,-0.593750000,,
-0.921875000,-0.593750000,,
-0.906250000,-0.593750000,,
-0.890625000,-0.593750000,,
-0.875000000,-0.593750000,,
-0.859375000,-0.593750000,,
-0.843750000,-0.593750000,,
-0.828125000,-0.593750000,,
-0.812500000,-0.593750000,,
-0.796875000,-0.593750000,,
-0.781250000,-0.593750000,-0.811785680822,-0.446482124452
-0.765625000,-0.593750000,-0.864595829370,-0.475527706153
-0.750000000,-0.593750000,-0.903097417754,-0.496703579765
-0.734375000,-0.593750000,-0.928039415113,-0.510421678312
-0.718750000,-0.593750000,-0.940249881303,-0.517137434717
-0.703125000,-0.593750000,-0.940609333453,-0.517335133399
-0.687500000,-0.593750000,-0.930028944814,-0.511515919648
-0.671875000,-0.593750000,-0.909432806268,-0.500188043448
-0.656250000,-0.593750000,-0.879743602612,-0.483858981436
-0.640625000,-0.593750000,-0.841871158662,-0.463029137264
-0.625000000,-0.593750000,-0.796703394929,-0.438186867211
-0.609375000,-0.593750000,-0.745099304644,-0.409804617554
-0.593750000,-0.593750000,-0.687883623424,-0.378335992883
-0.578125000,-0.593750000,-0.625842914036,-0.344213602720
-0.562500000,-0.593750000,-0.559722830666,-0.307847556867
-0.546875000,-0.593750000,-0.490226364327,-0.269624500380
-0.531250000,-0.593750000,-0.418012898916,-0.229907094404
-0.515625000,-0.593750000,-0.343697936209,-0.189033864915
-0.500000000,-0.593750000,-0.267853367479,-0.147319352114
-0.484375000,-0.593750000,-0.191008188897,-0.105054503894
-0.468750000,-0.593750000,-0.113649573530,-0.0625072654413
-0.453125000,-0.593750000,-0.0362242256981,-0.0199233241340
-0.437500000,-0.593750000,0.0408600447930,0.0224730246362
-0.421875000,-0.593750000,0.117232581613,0.0644779198872
-0.406250000,-0.593750000,0.192558019101,0.105906910506
-0.390625000,-0.593750000,0.266534335511,0.146593884531
-0.375000000,-0.593750000,0.338890853922,0.186389969657
-0.359375000,-0.593750000,0.409386217988,0.225162419893
-0.343750000,-0.593750000,0.477806365305,0.262793500918
-0.328125000,-0.593750000,0.543962516178,0.299179383898
-0.312500000,-0.593750000,0.607689195277,0.334229057403
-0.296875000,-0.593750000,0.668842297314,0.367863263523
-0.281250000,-0.593750000,0.727297209290,0.400013465109
-0.265625000,-0.593750000,0.782946997065,0.430620848386
-0.250000000,-0.593750000,0.835700664153,0.459635365284
-0.234375000,-0.593750000,0.885481488411,0.487014818626
-0.218750000,-0.593750000,0.932225441493,0.512723992821
-0.203125000,-0.593750000,0.975879695184,0.536733832351
-0.187500000,-0.593750000,1.01640121717,0.559020669442
-0.171875000,-0.593750000,1.05375545842,0.579565502131
-0.156250000,-0.593750000,1.08791513561,0.598353324584
-0.140625000,-0.593750000,1.11885910736,0.615372509051
-0.125000000,-0.593750000,1.14657134761,0.630614241187
-0.109375000,-0.593750000,1.17104001551,0.644072008533
-0.093750000,-0.593750000,1.19225662283,0.655741142555
-0.078125000,-0.593750000,1.21021529937,0.665618414651
-0.062500000,-0.593750000,1.22491215548,0.673701685514
-0.046875000,-0.593750000,1.23634474372,0.679989609048
-0.031250000,-0.593750000,1.24461688582,0.684539287201
-0.015625000,-0.593750000,1.24948708739,0.687217898065
0.000000000,-0.593750000,1.25111053774,0.688110795755
0.015625000,-0.593750000,1.24948708739,0.687217898065
0.031250000,-0.593750000,1.24461688582,0.684539287201
0.046875000,-0.593750000,1.23634474372,0.679989609048
0.062500000,-0.593750000,1.22491215548,0.673701685514
0.078125000,-0.593750000,1.21021529937,0.665618414651
0.093750000,-0.593750000,1.19225662283,0.655741142555
0.109375000,-0.593750000,1.17104001551,0.644072008533
0.125000000,-0.593750000,1.14657134761,0.630614241187
0.140625000,-0.593750000,1.11885910736,0.615372509051
0.156250000,-0.593750000,1.08791513561,0.598353324584
0.171875000,-0.593750000,1.05375545842,0.579565502131
0.187500000,-0.593750000,1.01640121717,0.559020669442
0.203125000,-0.593750000,0.975879695184,0.536733832351
0.218750000,-0.593750000,0.932225441493,0.512723992821
0.234375000,-0.593750000,0.885481488411,0.487014818626
0.250000000,-0.593750000,0.835700664153,0.459635365284
0.265625000,-0.593750000,0.782946997065,0.430620848386
0.281250000,-0.593750000,0.727297209290,0.400013465109
0.296875000,-0.593750000,0.668842297314,0.367863263523
0.312500000,-0.593750000,0.607689195277,0.334229057403
0.328125000,-0.593750000,0.543962516178,0.299179383898
0.343750000,-0.593750000,0.477806365305,0.262793500918
0.359375000,-0.593750000,0.409386217988,0.225162419893
0.375000000,-0.593750000,0.338890853922,0.186389969657
0.390625000,-0.593750000,0.266534335511,0.146593884531
0.406250000,-0.593750000,0.192558019101,0.105906910506
0.421875000,-0.593750000,0.117232581613,0.0644779198872
0.437500000,-0.593750000,0.0408600447930,0.0224730246362
0.453125000,-0.593750000,-0.0362242256981,-0.0199233241340
0.468750000,-0.593750000,-0.113649573530,-0.0625072654413
0.484375000,-0.593750000,-0.191008188897,-0.105054503894
0.500000000,-0.593750000,-0.267853367479,-0.147319352114
0.515625000,-0.593750000,-0.343697936209,-0.189033864915
0.531250000,-0.593750000,-0.418012898916,-0.229907094404
0.546875000,-0.593750000,-0.490226364327,-0.269624500380
0.562500000,-0.593750000,-0.559722830666,-0.307847556867
0.578125000,-0.593750000,-0.625842914036,-0.344213602720
0.593750000,-0.593750000,-0.687883623424,-0.378335992883
0.609375000,-0.593750000,-0.745099304644,-0.409804617554
0.625000000,-0.593750000,-0.796703394929,-0.438186867211
0.640625000,-0.593750000,-0.841871158662,-0.463029137264
0.656250000,-0.593750000,-0.879743602612,-0.483858981436
0.671875000,-0.593750000,-0.909432806268,-0.500188043448
0.687500000,-0.593750000,-0.930028944814,-0.511515919648
0.703125000,-0.593750000,-0.940609333453,-0.517335133399
0.718750000,-0.593750000,-0.940249881303,-0.517137434717
0.734375000,-0.593750000,-0.928039415113,-0.510421678312
0.750000000,-0.593750000,-0.903097417754,-0.496703579765
0.765625000,-0.593750000,-0.864595829370,-0.475527706153
0.781250000,-0.593750000,-0.811785680822,-0.446482124452
0.796875000,-0.593750000,,
0.812500000,-0.593750000,,
0.828125000,-0.593750000,,
0.843750000,-0.593750000,,
0.859375000,-0.593750000,,
0.875000000,-0.593750000,,
0.890625000,-0.593750000,,
0.906250000,-0.593750000,,
0.921875000,-0.593750000,,
0.937500000,-0.593750000,,
0.953125000,-0.593750000,,
0.968750000,-0.593750000,,
0.984375000,-0.593750000,,
1.000000000,-0.593750000,,
-1.000000000,-0.578125000,,
-0.984375000,-0.578125000,,
-0.968750000,-0.578125000,,
-0.953125000,-0.578125000,,
-0.937500000,-0.578125000,,
-0.921875000,-0.578125000,,
-0.906250000,-0.578125000,,
-0.890625000,-0.578125000,,
-0.875000000,-0.578125000,,
-0.859375000,-0.578125000,,
-0.843750000,-0.578125000,,
-0.828125000,-0.578125000,,
-0.812500000,-0.578125000,,
-0.796875000,-0.578125000,-0.767265991811,-0.421996295496
-0.781250000,-0.578125000,-0.834045020350,-0.458724761193
-0.765625000,-0.578125000,-0.885361992167,-0.486949095692
-0.750000000,-0.578125000,-0.921985027248,-0.507091764986
-0.734375000,-0.578125000,-0.944772735635,-0.519625004599
-0.718750000,-0.578125000,-0.954644827156,-0.525054654936
-0.703125000,-0.578125000,-0.952558036370,-0.523906920003
-0.687500000,-0.578125000,-0.939486514094,-0.516717582752
-0.671875000,-0.578125000,-0.916405969421,-0.504023283182
-0.656250000,-0.578125000,-0.884280962531,-0.486354529392
-0.640625000,-0.578125000,-0.844054841860,-0.464230163023
-0.625000000,-0.578125000,-0.796641897707,-0.438153043739
-0.609375000,-0.578125000,-0.742921373378,-0.408606755358
-0.593750000,-0.578125000,-0.683733027439,-0.376053165091
-0.578125000,-0.578125000,-0.619873990098,-0.340930694554
-0.562500000,-0.578125000,-0.552096695227,-0.303653182375
-0.546875000,-0.578125000,-0.481107704003,-0.264609237202
-0.531250000,-0.578125000,-0.407567262195,-0.224161994207
-0.515625000,-0.578125000,-0.332089459566,-0.182649202761
-0.500000000,-0.578125000,-0.255242878682,-0.140383583275
-0.484375000,-0.578125000,-0.177551637621,-0.0976534006914
-0.468750000,-0.578125000,-0.0994967463406,-0.0547232104873
-0.453125000,-0.578125000,-0.0215177079240,-0.0118347393582
-0.437500000,-0.578125000,0.0559856926238,0.0307921309431
-0.421875000,-0.578125000,0.132651460616,0.0729583033389
-0.406250000,-0.578125000,0.208153367381,0.114484352060
-0.390625000,-0.578125000,0.282198862035,0.155209374119
-0.375000000,-0.578125000,0.354526950687,0.194989822878
-0.359375000,-0.578125000,0.424906065693,0.233698336131
-0.343750000,-0.578125000,0.493131946846,0.271222570765
-0.328125000,-0.578125000,0.559025550637,0.307464052850
-0.312500000,-0.578125000,0.622431001896,0.342337051043
-0.296875000,-0.578125000,0.683213600238,0.375767480131
-0.281250000,-0.578125000,0.741257889683,0.407691839326
-0.265625000,-0.578125000,0.796465801038,0.438056190571
-0.250000000,-0.578125000,0.848754871351,0.466815179243
-0.234375000,-0.578125000,0.898056547554,0.493931101155
-0.218750000,-0.578125000,0.944314577315,0.519373017523
-0.203125000,-0.578125000,0.987483490475,0.543115919761
-0.187500000,-0.578125000,1.02752717360,0.565139945480
-0.171875000,-0.578125000,1.06441753998,0.585429646991
-0.156250000,-0.578125000,1.09813329560,0.603973312580
-0.140625000,-0.578125000,1.12865880346,0.620762341903
-0.125000000,-0.578125000,1.15598304464,0.635790674554
-0.109375000,-0.578125000,1.18009868033,0.649054274181
-0.093750000,-0.578125000,1.20100121016,0.660550665591
-0.078125000,-0.578125000,1.21868823181,0.670278527497
-0.062500000,-0.578125000,1.23315879840,0.678237339118
-0.046875000,-0.578125000,1.24441287531,0.684427081418
-0.031250000,-0.578125000,1.25245089608,0.688847992846
-0.015625000,-0.578125000,1.25727341696,0.691500379326
0.000000000,-0.578125000,1.25888087038,0.692384478709
0.015625000,-0.578125000,1.25727341696,0.691500379326
0.031250000,-0.578125000,1.25245089608,0.688847992846
0.046875000,-0.578125000,1.24441287531,0.684427081418
0.062500000,-0.578125000,1.23315879840,0.678237339118
0.078125000,-0.578125000,1.21868823181,0.670278527497
0.093750000,-0.578125000,1.20100121016,0.660550665591
0.109375000,-0.578125000,1.18009868033,0.649054274181
0.125000000,-0.578125000,1.15598304464,0.635790674554
0.140625000,-0.578125000,1.12865880346,0.620762341903
0.156250000,-0.578125000,1.09813329560,0.603973312580
0.171875000,-0.578125000,1.06441753998,0.585429646991
0.187500000,-0.578125000,1.02752717360,0.565139945480
0.203125000,-0.578125000,0.987483490475,0.543115919761
0.218750000,-0.578125000,0.944314577315,0.519373017523
0.234375000,-0.578125000,0.898056547554,0.493931101155
0.250000000,-0.578125000,0.848754871351,0.466815179243
0.265625000,-0.578125000,0.796465801038,0.438056190571
0.281250000,-0.578125000,0.741257889683,0.407691839326
0.296875000,-0.578125000,0.683213600238,0.375767480131
0.312500000,-0.578125000,0.622431001896,0.342337051043
0.328125000,-0.578125000,0.559025550637,0.307464052850
0.343750000,-0.578125000,0.493131946846,0.271222570765
0.359375000,-0.578125000,0.424906065693,0.233698336131
0.375000000,-0.578125000,0.354526950687,0.194989822878
0.390625000,-0.578125000,0.282198862035,0.155209374119
0.406250000,-0.578125000,0.208153367381,0.114484352060
0.421875000,-0.578125000,0.132651460616,0.0729583033389
0.437500000,-0.578125000,0.0559856926238,0.0307921309431
0.453125000,-0.578125000,-0.0215177079240,-0.0118347393582
0.468750000,-0.578125000,-0.0994967463406,-0.0547232104873
0.484375000,-0.578125000,-0.177551637621,-0.0976534006914
0.500000000,-0.578125000,-0.255242878682,-0.140383583275
0.515625000,-0.578125000,-0.332089459566,-0.182649202761
0.531250000,-0.578125000,-0.407567262195,-0.224161994207
0.546875000,-0.578125000,-0.481107704003,-0.264609237202
0.562500000,-0.578125000,-0.552096695227,-0.303653182375
0.578125000,-0.578125000,-0.619873990098,-0.340930694554
0.593750000,-0.578125000,-0.683733027439,-0.376053165091
0.609375000,-0.578125000,-0.742921373378,-0.408606755358
0.625000000,-0.578125000,-0.796641897707,-0.438153043739
0.640625000,-0.578125000,-0.844054841860,-0.464230163023
0.656250000,-0.578125000,-0.884280962531,-0.486354529392
0.671875000,-0.578125000,-0.916405969421,-0.504023283182
0.687500000,-0.578125000,-0.939486514094,-0.516717582752
0.703125000,-0.578125000,-0.952558036370,-0.523906920003
0.718750000,-0.578125000,-0.954644827156,-0.525054654936
0.734375000,-0.578125000,-0.944772735635,-0.519625004599
0.750000000,-0.578125000,-0.921985027248,-0.507091764986
0.765625000,-0.578125000,-0.885361992167,-0.486949095692
0.781250000,-0.578125000,-0.834045020350,-0.458724761193
0.796875000,-0.578125000,-0.767265991811,-0.421996295496
0.812500000,-0.578125000,,
0.828125000,-0.578125000,,
0.843750000,-0.578125000,,
0.859375000,-0.578125000,,
0.875000000,-0.578125000,,
0.890625000,-0.578125000,,
0.906250000,-0.578125000,,
0.921875000,-0.578125000,,
0.937500000,-0.578125000,,
0.953125000,-0.578125000,,
0.968750000,-0.578125000,,
0.984375000,-0.578125000,,
1.000000000,-0.578125000,,
-1.000000000,-0.562500000,,
-0.984375000,-0.562500000,,
-0.968750000,-0.562500000,,
-0.953125000,-0.562500000,,
-0.937500000,-0.562500000,,
-0.921875000,-0.562500000,,
-0.906250000,-0.562500000,,
-0.890625000,-0.562500000,,
-0.875000000,-0.562500000,,
-0.859375000,-0.562500000,,
-0.843750000,-0.562500000,,
-0.828125000,-0.562500000,,
-0.812500000,-0.562500000,,
-0.796875000,-0.562500000,-0.794719637559,-0.437095800657
-0.781250000,-0.562500000,-0.860040366340,-0.473022201487
-0.765625000,-0.562500000,-0.909476993671,-0.500212346519
-0.750000000,-0.562500000,-0.943914256474,-0.519152841060
-0.734375000,-0.562500000,-0.964308361387,-0.530369598763
-0.718750000,-0.562500000,-0.971660306880,-0.534413168784
-0.703125000,-0.562500000,-0.966994129589,-0.531846771274
-0.687500000,-0.562500000,-0.951339285283,-0.523236606906
-0.671875000,-0.562500000,-0.925716499271,-0.509144074599
-0.656250000,-0.562500000,-0.891126527850,-0.490119590317
-0.640625000,-0.562500000,-0.848541359160,-0.466697747538
-0.625000000,-0.562500000,-0.798897457311,-0.439393601521
-0.609375000,-0.562500000,-0.743090712737,-0.408699892006
-0.593750000,-0.562500000,-0.681972817552,-0.375085049653
-0.578125000,-0.562500000,-0.616348824027,-0.338991853215
-0.562500000,-0.562500000,-0.546975684640,-0.300836626552
-0.546875000,-0.562500000,-0.474561602133,-0.261008881173
-0.531250000,-0.562500000,-0.399766043323,-0.219871323828
-0.515625000,-0.562500000,-0.323200294427,-0.177760161935
-0.500000000,-0.562500000,-0.245428453456,-0.134985649401
-0.484375000,-0.562500000,-0.166968770862,-0.0918328239740
-0.468750000,-0.562500000,-0.0882952653623,-0.0485623959493
-0.453125000,-0.562500000,-0.00983955012319,-0.00541175256776
-0.437500000,-0.562500000,0.0680071833914,0.0374039508653
-0.421875000,-0.562500000,0.144892067218,0.0796906369697
-0.406250000,-0.562500000,0.220498385509,0.121274112030
-0.390625000,-0.562500000,0.294543358040,0.161998846922
-0.375000000,-0.562500000,0.366775908050,0.201726749428
-0.359375000,-0.562500000,0.436974435058,0.240335939282
-0.343750000,-0.562500000,0.504944612312,0.277719536772
-0.328125000,-0.562500000,0.570517223316,0.313784472824
-0.312500000,-0.562500000,0.633546050900,0.348450327995
-0.296875000,-0.562500000,0.693905828900,0.381648205895
-0.281250000,-0.562500000,0.751490265150,0.413319645833
-0.265625000,-0.562500000,0.806210143156,0.443415578736
-0.250000000,-0.562500000,0.857991506354,0.471895328495
-0.234375000,-0.562500000,0.906773932202,0.498725662711
-0.218750000,-0.562500000,0.952508896889,0.523879893289
-0.203125000,-0.562500000,0.995158234366,0.547337028901
-0.187500000,-0.562500000,1.03469269282,0.569080981052
-0.171875000,-0.562500000,1.07109058734,0.589099823036
-0.156250000,-0.562500000,1.10433655363,0.607385104498
-0.140625000,-0.562500000,1.13442039909,0.623931219500
-0.125000000,-0.562500000,1.16133605589,0.638734830737
-0.109375000,-0.562500000,1.18508063279,0.651794348033
-0.093750000,-0.562500000,1.20565356849,0.663109462669
-0.078125000,-0.562500000,1.22305588438,0.672680736408
-0.062500000,-0.562500000,1.23728953753,0.680509245639
-0.046875000,-0.562500000,1.24835687420,0.686596280813
-0.031250000,-0.562500000,1.25626018269,0.690943100480
-0.015625000,-0.562500000,1.26100134539,0.693550739966
0.000000000,-0.562500000,1.26258159084,0.694419874960
0.015625000,-0.562500000,1.26100134539,0.693550739966
0.031250000,-0.562500000,1.25626018269,0.690943100480
0.046875000,-0.562500000,1.24835687420,0.686596280813
0.062500000,-0.562500000,1.23728953753,0.680509245639
0.078125000,-0.562500000,1.22305588438,0.672680736408
0.093750000,-0.562500000,1.20565356849,0.663109462669
0.109375000,-0.562500000,1.18508063279,0.651794348033
0.125000000,-0.562500000,1.16133605589,0.638734830737
0.140625000,-0.562500000,1.13442039909,0.623931219500
0.156250000,-0.562500000,1.10433655363,0.607385104498
0.171875000,-0.562500000,1.07109058734,0.589099823036
0.187500000,-0.562500000,1.03469269282,0.569080981052
0.203125000,-0.562500000,0.995158234366,0.547337028901
0.218750000,-0.562500000,0.952508896889,0.523879893289
0.234375000,-0.562500000,0.906773932202,0.498725662711
0.250000000,-0.562500000,0.857991506354,0.471895328495
0.265625000,-0.562500000,0.806210143156,0.443415578736
0.281250000,-0.562500000,0.751490265150,0.413319645833
0.296875000,-0.562500000,0.693905828900,0.381648205895
0.312500000,-0.562500000,0.633546050900,0.348450327995
0.328125000,-0.562500000,0.570517223316,0.313784472824
0.343750000,-0.562500000,0.504944612312,0.277719536772
0.359375000,-0.562500000,0.436974435058,0.240335939282
0.375000000,-0.562500000,0.366775908050,0.201726749428
0.390625000,-0.562500000,0.294543358040,0.161998846922
0.406250000,-0.562500000,0.220498385509,0.121274112030
0.421875000,-0.562500000,0.144892067218,0.0796906369697
0.437500000,-0.562500000,0.0680071833914,0.0374039508653
0.453125000,-0.562500000,-0.00983955012319,-0.00541175256776
0.468750000,-0.562500000,-0.0882952653623,-0.0485623959493
0.484375000,-0.562500000,-0.166968770862,-0.0918328239740
0.500000000,-0.562500000,-0.245428453456,-0.134985649401
0.515625000,-0.562500000,-0.323200294427,-0.177760161935
0.531250000,-0.562500000,-0.399766043323,-0.219871323828
0.546875000,-0.562500000,-0.474561602133,-0.261008881173
0.562500000,-0.562500000,-0.546975684640,-0.300836626552
0.578125000,-0.562500000,-0.616348824027,-0.338991853215
0.593750000,-0.562500000,-0.681972817552,-0.375085049653
0.609375000,-0.562500000,-0.743090712737,-0.408699892006
0.625000000,-0.562500000,-0.798897457311,-0.439393601521
0.640625000,-0.562500000,-0.848541359160,-0.466697747538
0.656250000,-0.562500000,-0.891126527850,-0.490119590317
0.671875000,-0.562500000,-0.925716499271,-0.509144074599
0.687500000,-0.562500000,-0.951339285283,-0.523236606906
0.703125000,-0.562500000,-0.966994129589,-0.531846771274
0.718750000,-0.562500000,-0.971660306880,-0.534413168784
0.734375000,-0.562500000,-0.964308361387,-0.530369598763
0.750000000,-0.562500000,-0.943914256474,-0.519152841060
0.765625000,-0.562500000,-0.909476993671,-0.500212346519
0.781250000,-0.562500000,-0.860040366340,-0.473022201487
0.796875000,-0.562500000,-0.794719637559,-0.437095800657
0.812500000,-0.562500000,,
0.828125000,-0.562500000,,
0.843750000,-0.562500000,,
0.859375000,-0.562500000,,
0.875000000,-0.562500000,,
0.890625000,-0.562500000,,
0.906250000,-0.562500000,,
0.921875000,-0.562500000,,
0.937500000,-0.562500000,,
0.953125000,-0.562500000,,
0.968750000,-0.562500000,,
0.984375000,-0.562500000,,
1.000000000,-0.562500000,,
-1.000000000,-0.546875000,,
-0.984375000,-0.546875000,,
-0.968750000,-0.546875000,,
-0.953125000,-0.546875000,,
-0.937500000,-0.546875000,,
-0.921875000,-0.546875000,,
-0.906250000,-0.546875000,,
-0.890625000,-0.546875000,,
-0.875000000,-0.546875000,,
-0.859375000,-0.546875000,,
-0.843750000,-0.546875000,,
-0.828125000,-0.546875000,,
-0.812500000,-0.546875000,-0.744973004736,-0.409735152605
-0.796875000,-0.546875000,-0.825568779291,-0.454062828610
-0.781250000,-0.546875000,-0.889035145264,-0.488969329895
-0.765625000,-0.546875000,-0.936277194397,-0.514952456919
-0.750000000,-0.546875000,-0.968283876225,-0.532556131924
-0.734375000,-0.546875000,-0.986098335663,-0.542354084615
-0.718750000,-0.546875000,-0.990793699281,-0.544936534605
-0.703125000,-0.546875000,-0.983453431700,-0.540899387435
-0.687500000,-0.546875000,-0.965155526021,-0.530835539311
-0.671875000,-0.546875000,-0.936959908374,-0.515327949606
-0.656250000,-0.546875000,-0.899898536269,-0.494944194948
-0.640625000,-0.546875000,-0.854967750634,-0.470232262849
-0.625000000,-0.546875000,-0.803122512678,-0.441717381973
-0.609375000,-0.546875000,-0.745272211507,-0.409899716329
-0.593750000,-0.546875000,-0.682277779940,-0.375252778967
-0.578125000,-0.546875000,-0.614949893110,-0.338222441210
-0.562500000,-0.546875000,-0.544048064525,-0.299226435489
-0.546875000,-0.546875000,-0.470280474940,-0.258654261217
-0.531250000,-0.546875000,-0.394304404098,-0.216867422254
-0.515625000,-0.546875000,-0.316727146653,-0.174199930659
-0.500000000,-0.546875000,-0.238107318460,-0.130959025153
-0.484375000,-0.546875000,-0.158956470030,-0.0874260585167
-0.468750000,-0.546875000,-0.0797409378881,-0.0438575158384
-0.453125000,-0.546875000,-0.000883877016972,-0.000486132359334
-0.437500000,-0.546875000,0.0772325768549,0.0424779172702
-0.421875000,-0.546875000,0.154265054857,0.0848457801715
-0.406250000,-0.546875000,0.229906647970,0.126448656383
-0.390625000,-0.546875000,0.303884574192,0.167136515806
-0.375000000,-0.546875000,0.375957844732,0.206776814603
-0.359375000,-0.546875000,0.445914949196,0.245253222058
-0.343750000,-0.546875000,0.513571576174,0.282464366896
-0.328125000,-0.546875000,0.578768384258,0.318322611342
-0.312500000,-0.546875000,0.641368833885,0.352752858637
-0.296875000,-0.546875000,0.701257089165,0.385691399041
-0.281250000,-0.546875000,0.758335999103,0.417084799507
-0.265625000,-0.546875000,0.812525161406,0.446888838773
-0.250000000,-0.546875000,0.863759076631,0.475067492147
-0.234375000,-0.546875000,0.911985393631,0.501591966497
-0.218750000,-0.546875000,0.957163251842,0.526439788513
-0.203125000,-0.546875000,0.999261720589,0.549593946324
-0.187500000,-0.546875000,1.03825833774,0.571042085760
-0.171875000,-0.546875000,1.07413774929,0.590775762112
-0.156250000,-0.546875000,1.10689044913,0.608789747023
-0.140625000,-0.546875000,1.13651162163,0.625081391898
-0.125000000,-0.546875000,1.16300008455,0.639650046500
-0.109375000,-0.546875000,1.18635733460,0.652496534031
-0.093750000,-0.546875000,1.20658669413,0.663622681774
-0.078125000,-0.546875000,1.22369255928,0.673030907603
-0.062500000,-0.546875000,1.23767974907,0.680723861990
-0.046875000,-0.546875000,1.24855295521,0.686704125367
-0.031250000,-0.546875000,1.25631629266,0.690973960964
-0.015625000,-0.546875000,1.26097294975,0.693535122360
0.000000000,-0.546875000,1.26252493963,0.694388716797
0.015625000,-0.546875000,1.26097294975,0.693535122360
0.031250000,-0.546875000,1.25631629266,0.690973960964
0.046875000,-0.546875000,1.24855295521,0.686704125367
0.062500000,-0.546875000,1.23767974907,0.680723861990
0.078125000,-0.546875000,1.22369255928,0.673030907603
0.093750000,-0.546875000,1.20658669413,0.663622681774
0.109375000,-0.546875000,1.18635733460,0.652496534031
0.125000000,-0.546875000,1.16300008455,0.639650046500
0.140625000,-0.546875000,1.13651162163,0.625081391898
0.156250000,-0.546875000,1.10689044913,0.608789747023
0.171875000,-0.546875000,1.07413774929,0.590775762112
0.187500000,-0.546875000,1.03825833774,0.571042085760
0.203125000,-0.546875000,0.999261720589,0.549593946324
0.218750000,-0.546875000,0.957163251842,0.526439788513
0.234375000,-0.546875000,0.911985393631,0.501591966497
0.250000000,-0.546875000,0.863759076631,0.475067492147
0.265625000,-0.546875000,0.812525161406,0.446888838773
0.281250000,-0.546875000,0.758335999103,0.417084799507
0.296875000,-0.546875000,0.701257089165,0.385691399041
0.312500000,-0.546875000,0.641368833885,0.352752858637
0.328125000,-0.546875000,0.578768384258,0.318322611342
0.343750000,-0.546875000,0.513571576174,0.282464366896
0.359375000,-0.546875000,0.445914949196,0.245253222058
0.375000000,-0.546875000,0.375957844732,0.206776814603
0.390625000,-0.546875000,0.303884574192,0.167136515806
0.406250000,-0.546875000,0.229906647970,0.126448656383
0.421875000,-0.546875000,0.154265054857,0.0848457801715
0.437500000,-0.546875000,0.0772325768549,0.0424779172702
0.453125000,-0.546875000,-0.000883877016972,-0.000486132359334
0.468750000,-0.546875000,-0.0797409378881,-0.0438575158384
0.484375000,-0.546875000,-0.158956470030,-0.0874260585167
0.500000000,-0.546875000,-0.238107318460,-0.130959025153
0.515625000,-0.546875000,-0.316727146653,-0.174199930659
0.531250000,-0.546875000,-0.394304404098,-0.216867422254
0.546875000,-0.546875000,-0.470280474940,-0.258654261217
0.562500000,-0.546875000,-0.544048064525,-0.299226435489
0.578125000,-0.546875000,-0.614949893110,-0.338222441210
0.593750000,-0.546875000,-0.682277779940,-0.375252778967
0.609375000,-0.546875000,-0.745272211507,-0.409899716329
0.625000000,-0.546875000,-0.803122512678,-0.441717381973
0.640625000,-0.546875000,-0.854967750634,-0.470232262849
0.656250000,-0.546875000,-0.899898536269,-0.494944194948
0.671875000,-0.546875000,-0.936959908374,-0.515327949606
0.687500000,-0.546875000,-0.965155526021,-0.530835539311
0.703125000,-0.546875000,-0.983453431700,-0.540899387435
0.718750000,-0.546875000,-0.990793699281,-0.544936534605
0.734375000,-0.546875000,-0.986098335663,-0.542354084615
0.750000000,-0.546875000,-0.968283876225,-0.532556131924
0.765625000,-0.546875000,-0.936277194397,-0.514952456919
0.781250000,-0.546875000,-0.889035145264,-0.488969329895
0.796875000,-0.546875000,-0.825568779291,-0.454062828610
0.812500000,-0.546875000,-0.744973004736,-0.409735152605
0.828125000,-0.546875000,,
0.843750000,-0.546875000,,
0.859375000,-0.546875000,,
0.875000000,-0.546875000,,
0.890625000,-0.546875000,,
0.906250000,-0.546875000,,
0.921875000,-0.546875000,,
0.937500000,-0.546875000,,
0.953125000,-0.546875000,,
0.968750000,-0.546875000,,
0.984375000,-0.546875000,,
1.000000000,-0.546875000,,
-1.000000000,-0.531250000,,
-0.984375000,-0.531250000,,
-0.968750000,-0.531250000,,
-0.953125000,-0.531250000,,
-0.937500000,-0.531250000,,
-0.921875000,-0.531250000,,
-0.906250000,-0.531250000,,
-0.890625000,-0.531250000,,
-0.875000000,-0.531250000,,
-0.859375000,-0.531250000,,
-0.843750000,-0.531250000,,
-0.828125000,-0.531250000,-0.683047010813,-0.375675855947
-0.812500000,-0.531250000,-0.780274764297,-0.429151120363
-0.796875000,-0.531250000,-0.859074503295,-0.472490976812
-0.781250000,-0.531250000,-0.920364267686,-0.506200347227
-0.765625000,-0.531250000,-0.965160703478,-0.530838386913
-0.750000000,-0.531250000,-0.994545974722,-0.547000286097
-0.734375000,-0.531250000,-1.00964072356,-0.555302397960
-0.718750000,-0.531250000,-1.01158209833,-0.556370154082
-0.703125000,-0.531250000,-1.00150603232,-0.550828317777
-0.687500000,-0.531250000,-0.980533082383,-0.539293195311
-0.671875000,-0.531250000,-0.949757250360,-0.522366487698
-0.656250000,-0.531250000,-0.910237300772,-0.500630515424
-0.640625000,-0.531250000,-0.862990163707,-0.474644590039
-0.625000000,-0.531250000,-0.808986077398,-0.444942342569
-0.609375000,-0.531250000,-0.749145178998,-0.412029848449
-0.593750000,-0.531250000,-0.684335296763,-0.376384413220
-0.578125000,-0.531250000,-0.615370734067,-0.338453903737
-0.562500000,-0.531250000,-0.543011872559,-0.298656529908
-0.546875000,-0.531250000,-0.467965440767,-0.257380992422
-0.531250000,-0.531250000,-0.390885326303,-0.214986929467
-0.515625000,-0.531250000,-0.312373822752,-0.171805602513
-0.500000000,-0.531250000,-0.232983223105,-0.128140772708
-0.484375000,-0.531250000,-0.153217681933,-0.0842697250633
-0.468750000,-0.531250000,-0.0735352836580,-0.0404444060119
-0.453125000,-0.531250000,0.00564973758949,0.00310735567422
-0.437500000,-0.531250000,0.0839646718329,0.0461805695081
-0.421875000,-0.531250000,0.161075939169,0.0885917665432
-0.406250000,-0.531250000,0.236686660050,0.130177663027
-0.390625000,-0.531250000,0.310534215082,0.170793818295
-0.375000000,-0.531250000,0.382387818958,0.210313300427
-0.359375000,-0.531250000,0.452046125031,0.248625368767
-0.343750000,-0.531250000,0.519334876443,0.285634182044
-0.328125000,-0.531250000,0.584104616903,0.321257539297
-0.312500000,-0.531250000,0.646228470246,0.355425658635
-0.296875000,-0.531250000,0.705599997890,0.388079998840
-0.281250000,-0.531250000,0.762131140879,0.419172127483
-0.265625000,-0.531250000,0.815750250555,0.448662637805
-0.250000000,-0.531250000,0.866400213959,0.476520117677
-0.234375000,-0.531250000,0.914036674974,0.502720171236
-0.218750000,-0.531250000,0.958626355726,0.527244495649
-0.203125000,-0.531250000,1.00014547754,0.550080012646
-0.187500000,-0.531250000,1.03857828487,0.571218056677
-0.171875000,-0.531250000,1.07391567173,0.590653619452
-0.156250000,-0.531250000,1.10615391083,0.608384650957
-0.140625000,-0.531250000,1.13529348656,0.624411417607
-0.125000000,-0.531250000,1.16133803097,0.638735917033
-0.109375000,-0.531250000,1.18429336210,0.651361349155
-0.093750000,-0.531250000,1.20416662600,0.662291644301
-0.078125000,-0.531250000,1.22096554027,0.671531047148
-0.062500000,-0.531250000,1.23469773971,0.679083756840
-0.046875000,-0.531250000,1.24537022332,0.684953622825
-0.031250000,-0.531250000,1.25298890277,0.689143896524
-0.015625000,-0.531250000,1.25755825112,0.691657038114
0.000000000,-0.531250000,1.25908105235,0.692494578790
0.015625000,-0.531250000,1.25755825112,0.691657038114
0.031250000,-0.531250000,1.25298890277,0.689143896524
0.046875000,-0.531250000,1.24537022332,0.684953622825
0.062500000,-0.531250000,1.23469773971,0.679083756840
0.078125000,-0.531250000,1.22096554027,0.671531047148
0.093750000,-0.531250000,1.20416662600,0.662291644301
0.109375000,-0.531250000,1.18429336210,0.651361349155
0.125000000,-0.531250000,1.16133803097,0.638735917033
0.140625000,-0.531250000,1.13529348656,0.624411417607
0.156250000,-0.531250000,1.10615391083,0.608384650957
0.171875000,-0.531250000,1.07391567173,0.590653619452
0.187500000,-0.531250000,1.03857828487,0.571218056677
0.203125000,-0.531250000,1.00014547754,0.550080012646
0.218750000,-0.531250000,0.958626355726,0.527244495649
0.234375000,-0.531250000,0.914036674974,0.502720171236
0.250000000,-0.531250000,0.866400213959,0.476520117677
0.265625000,-0.531250000,0.815750250555,0.448662637805
0.281250000,-0.531250000,0.762131140879,0.419172127483
0.296875000,-0.531250000,0.705599997890,0.388079998840
0.312500000,-0.531250000,0.646228470246,0.355425658635
0.328125000,-0.531250000,0.584104616903,0.321257539297
0.343750000,-0.531250000,0.519334876443,0.285634182044
0.359375000,-0.531250000,0.452046125031,0.248625368767
0.375000000,-0.531250000,0.382387818958,0.210313300427
0.390625000,-0.531250000,0.310534215082,0.170793818295
0.406250000,-0.531250000,0.236686660050,0.130177663027
0.421875000,-0.531250000,0.161075939169,0.0885917665432
0.437500000,-0.531250000,0.0839646718329,0.0461805695081
0.453125000,-0.531250000,0.00564973758949,0.00310735567422
0.468750000,-0.531250000,-0.0735352836580,-0.0404444060119
0.484375000,-0.531250000,-0.153217681933,-0.0842697250633
0.500000000,-0.531250000,-0.232983223105,-0.128140772708
0.515625000,-0.531250000,-0.312373822752,-0.171805602513
0.531250000,-0.531250000,-0.390885326303,-0.214986929467
0.546875000,-0.531250000,-0.467965440767,-0.257380992422
0.562500000,-0.531250000,-0.543011872559,-0.298656529908
0.578125000,-0.531250000,-0.615370734067,-0.338453903737
0.593750000,-0.531250000,-0.684335296763,-0.376384413220
0.609375000,-0.531250000,-0.749145178998,-0.412029848449
0.625000000,-0.531250000,-0.808986077398,-0.444942342569
0.640625000,-0.531250000,-0.862990163707,-0.474644590039
0.656250000,-0.531250000,-0.910237300772,-0.500630515424
0.671875000,-0.531250000,-0.949757250360,-0.522366487698
0.687500000,-0.531250000,-0.980533082383,-0.539293195311
0.703125000,-0.531250000,-1.00150603232,-0.550828317777
0.718750000,-0.531250000,-1.01158209833,-0.556370154082
0.734375000,-0.531250000,-1.00964072356,-0.555302397960
0.750000000,-0.531250000,-0.994545974722,-0.547000286097
0.765625000,-0.531250000,-0.965160703478,-0.530838386913
0.781250000,-0.531250000,-0.920364267686,-0.506200347227
0.796875000,-0.531250000,-0.859074503295,-0.472490976812
0.812500000,-0.531250000,-0.780274764297,-0.429151120363
0.828125000,-0.531250000,-0.683047010813,-0.375675855947
0.843750000,-0.531250000,,
0.859375000,-0.531250000,,
0.875000000,-0.531250000,,
0.890625000,-0.531250000,,
0.906250000,-0.531250000,,
0.921875000,-0.531250000,,
0.937500000,-0.531250000,,
0.953125000,-0.531250000,,
0.968750000,-0.531250000,,
0.984375000,-0.531250000,,
1.000000000,-0.531250000,,
-1.000000000,-0.515625000,,
-0.984375000,-0.515625000,,
-0.968750000,-0.515625000,,
-0.953125000,-0.515625000,,
-0.937500000,-0.515625000,,
-0.921875000,-0.515625000,,
-0.906250000,-0.515625000,,
-0.890625000,-0.515625000,,
-0.875000000,-0.515625000,,
-0.859375000,-0.515625000,,
-0.843750000,-0.515625000,,
-0.828125000,-0.515625000,-0.722369640285,-0.397303302157
-0.812500000,-0.515625000,-0.817897149555,-0.449843432255
-0.796875000,-0.515625000,-0.894569647597,-0.492013306178
-0.781250000,-0.515625000,-0.953424859557,-0.524383672756
-0.765625000,-0.515625000,-0.995579602650,-0.547568781457
-0.750000000,-0.515625000,-1.02219949492,-0.562209722203
-0.734375000,-0.515625000,-1.03447430412,-0.568960867265
-0.718750000,-0.515625000,-1.03359802189,-0.568478912038
-0.703125000,-0.515625000,-1.02075289453,-0.561414091989
-0.687500000,-0.515625000,-0.997096767313,-0.548403222022
-0.671875000,-0.515625000,-0.963753199896,-0.530064259943
-0.656250000,-0.515625000,-0.921803898096,-0.506992143953
-0.640625000,-0.515625000,-0.872283077299,-0.479755692514
-0.625000000,-0.515625000,-0.816173433710,-0.448895388541
-0.609375000,-0.515625000,-0.754403451725,-0.414921898449
-0.593750000,-0.515625000,-0.687845815071,-0.378315198289
-0.578125000,-0.515625000,-0.617316727815,-0.339524200298
-0.562500000,-0.515625000,-0.543575980614,-0.298966789337
-0.546875000,-0.515625000,-0.467327623277,-0.257030192802
-0.531250000,-0.515625000,-0.389221125322,-0.214071618927
-0.515625000,-0.515625000,-0.309852926603,-0.170419109632
-0.500000000,-0.515625000,-0.229768293495,-0.126372561422
-0.484375000,-0.515625000,-0.149463409476,-0.0822048752119
-0.468750000,-0.515625000,-0.0693876424262,-0.0381632033344
-0.453125000,-0.515625000,0.0100540636522,0.00552973500872
-0.437500000,-0.515625000,0.0884987126890,0.0486742919789
-0.421875000,-0.515625000,0.165622732610,0.0910925029353
-0.406250000,-0.515625000,0.241139432084,0.132626687646
-0.390625000,-0.515625000,0.314796463599,0.173138054980
-0.375000000,-0.515625000,0.386373311426,0.212505321285
-0.359375000,-0.515625000,0.455678823142,0.250623352728
-0.343750000,-0.515625000,0.522548797447,0.287401838596
-0.328125000,-0.515625000,0.586843639514,0.322764001733
-0.312500000,-0.515625000,0.648446092945,0.356645351120
-0.296875000,-0.515625000,0.707259056912,0.388992481302
-0.281250000,-0.515625000,0.763203492369,0.419761920803
-0.265625000,-0.515625000,0.816216422782,0.448919032530
-0.250000000,-0.515625000,0.866249033538,0.476436968446
-0.234375000,-0.515625000,0.913264870953,0.502295679024
-0.218750000,-0.515625000,0.957238144535,0.526480979494
-0.203125000,-0.515625000,0.998152132307,0.548983672769
-0.187500000,-0.515625000,1.03599769085,0.569798729969
-0.171875000,-0.515625000,1.07077186991,0.588924528453
-0.156250000,-0.515625000,1.10247663271,0.606362147989
-0.140625000,-0.515625000,1.13111767993,0.622114723960
-0.125000000,-0.515625000,1.15670337930,0.636186858614
-0.109375000,-0.515625000,1.17924379842,0.648584089130
-0.093750000,-0.515625000,1.19874984212,0.659312413166
-0.078125000,-0.515625000,1.21523249210,0.668377870654
-0.062500000,-0.515625000,1.22870214959,0.675786182274
-0.046875000,-0.515625000,1.23916808022,0.681542444120
-0.031250000,-0.515625000,1.24663796028,0.685650878154
-0.015625000,-0.515625000,1.25111752421,0.688114638314
0.000000000,-0.515625000,1.25261031314,0.688935672228
0.015625000,-0.515625000,1.25111752421,0.688114638314
0.031250000,-0.515625000,1.24663796028,0.685650878154
0.046875000,-0.515625000,1.23916808022,0.681542444120
0.062500000,-0.515625000,1.22870214959,0.675786182274
0.078125000,-0.515625000,1.21523249210,0.668377870654
0.093750000,-0.515625000,1.19874984212,0.659312413166
0.109375000,-0.515625000,1.17924379842,0.648584089130
0.125000000,-0.515625000,1.15670337930,0.636186858614
0.140625000,-0.515625000,1.13111767993,0.622114723960
0.156250000,-0.515625000,1.10247663271,0.606362147989
0.171875000,-0.515625000,1.07077186991,0.588924528453
0.187500000,-0.515625000,1.03599769085,0.569798729969
0.203125000,-0.515625000,0.998152132307,0.548983672769
0.218750000,-0.515625000,0.957238144535,0.526480979494
0.234375000,-0.515625000,0.913264870953,0.502295679024
0.250000000,-0.515625000,0.866249033538,0.476436968446
0.265625000,-0.515625000,0.816216422782,0.448919032530
0.281250000,-0.515625000,0.763203492369,0.419761920803
0.296875000,-0.515625000,0.707259056912,0.388992481302
0.312500000,-0.515625000,0.648446092945,0.356645351120
0.328125000,-0.515625000,0.586843639514,0.322764001733
0.343750000,-0.515625000,0.522548797447,0.287401838596
0.359375000,-0.515625000,0.455678823142,0.250623352728
0.375000000,-0.515625000,0.386373311426,0.212505321285
0.390625000,-0.515625000,0.314796463599,0.173138054980
0.406250000,-0.515625000,0.241139432084,0.132626687646
0.421875000,-0.515625000,0.165622732610,0.0910925029353
0.437500000,-0.515625000,0.0884987126890,0.0486742919789
0.453125000,-0.515625000,0.0100540636522,0.00552973500872
0.468750000,-0.515625000,-0.0693876424262,-0.0381632033344
0.484375000,-0.515625000,-0.149463409476,-0.0822048752119
0.500000000,-0.515625000,-0.229768293495,-0.126372561422
0.515625000,-0.515625000,-0.309852926603,-0.170419109632
0.531250000,-0.515625000,-0.389221125322,-0.214071618927
0.546875000,-0.515625000,-0.467327623277,-0.257030192802
0.562500000,-0.515625000,-0.543575980614,-0.298966789337
0.578125000,-0.515625000,-0.617316727815,-0.339524200298
0.593750000,-0.515625000,-0.687845815071,-0.378315198289
0.609375000,-0.515625000,-0.754403451725,-0.414921898449
0.625000000,-0.515625000,-0.816173433710,-0.448895388541
0.640625000,-0.515625000,-0.872283077299,-0.479755692514
0.656250000,-0.515625000,-0.921803898096,-0.506992143953
0.671875000,-0.515625000,-0.963753199896,-0.530064259943
0.687500000,-0.515625000,-0.997096767313,-0.548403222022
0.703125000,-0.515625000,-1.02075289453,-0.561414091989
0.718750000,-0.515625000,-1.03359802189,-0.568478912038
0.734375000,-0.515625000,-1.03447430412,-0.568960867265
0.750000000,-0.515625000,-1.02219949492,-0.562209722203
0.765625000,-0.515625000,-0.995579602650,-0.547568781457
0.781250000,-0.515625000,-0.953424859557,-0.524383672756
0.796875000,-0.515625000,-0.894569647597,-0.492013306178
0.812500000,-0.515625000,-0.817897149555,-0.449843432255
0.828125000,-0.515625000,-0.722369640285,-0.397303302157
0.843750000,-0.515625000,,
0.859375000,-0.515625000,,
0.875000000,-0.515625000,,
0.890625000,-0.515625000,,
0.906250000,-0.515625000,,
0.921875000,-0.515625000,,
0.937500000,-0.515625000,,
0.953125000,-0.515625000,,
0.968750000,-0.515625000,,
0.984375000,-0.515625000,,
1.000000000,-0.515625000,,
-1.000000000,-0.500000000,,
-0.984375000,-0.500000000,,
-0.968750000,-0.500000000,,
-0.953125000,-0.500000000,,
-0.937500000,-0.500000000,,
-0.921875000,-0.500000000,,
-0.906250000,-0.500000000,,
-0.890625000,-0.500000000,,
-0.875000000,-0.500000000,,
-0.859375000,-0.500000000,,
-0.843750000,-0.500000000,-0.649941197517,-0.357467658634
-0.828125000,-0.500000000,-0.763684026907,-0.420026214799
-0.812500000,-0.500000000,-0.857170162473,-0.471443589360
-0.796875000,-0.500000000,-0.931449886766,-0.512297437721
-0.781250000,-0.500000000,-0.987668791796,-0.543217835488
-0.765625000,-0.500000000,-1.02703374380,-0.564868559092
-0.750000000,-0.500000000,-1.05078514309,-0.577931828701
-0.734375000,-0.500000000,-1.06017445517,-0.583095950342
-0.718750000,-0.500000000,-1.05644615228,-0.581045383753
-0.703125000,-0.500000000,-1.04082334714,-0.572452840925
-0.687500000,-0.500000000,-1.01449651306,-0.557973082183
-0.671875000,-0.500000000,-0.978614784316,-0.538238131374
-0.656250000,-0.500000000,-0.934279407411,-0.513853674076
-0.640625000,-0.500000000,-0.882538983884,-0.485396441136
-0.625000000,-0.500000000,-0.824386202714,-0.453412411493
-0.609375000,-0.500000000,-0.760755802473,-0.418415691360
-0.593750000,-0.500000000,-0.692523551919,-0.380887953556
-0.578125000,-0.500000000,-0.620506062363,-0.341278334299
-0.562500000,-0.500000000,-0.545461280599,-0.300003704330
-0.546875000,-0.500000000,-0.468089530858,-0.257449241972
-0.531250000,-0.500000000,-0.389034996423,-0.213969248033
-0.515625000,-0.500000000,-0.308887548623,-0.169888151742
-0.500000000,-0.500000000,-0.228184844584,-0.125501664521
-0.484375000,-0.500000000,-0.147414628284,-0.0810780455560
-0.468750000,-0.500000000,-0.0670171796384,-0.0368594488011
-0.453125000,-0.500000000,0.0126121348641,0.00693667417525
-0.437500000,-0.500000000,0.0911202489042,0.0501161368973
-0.421875000,-0.500000000,0.168193752883,0.0925065640857
-0.406250000,-0.500000000,0.243556247326,0.133955936029
-0.390625000,-0.500000000,0.316965715388,0.174331143464
-0.375000000,-0.500000000,0.388211933886,0.213516563637
-0.359375000,-0.500000000,0.457113936946,0.251412665320
-0.343750000,-0.500000000,0.523517545413,0.287934649977
-0.328125000,-0.500000000,0.587292971841,0.323011134513
-0.312500000,-0.500000000,0.648332509779,0.356582880378
-0.296875000,-0.500000000,0.706548312542,0.388601571898
-0.281250000,-0.500000000,0.761870267944,0.419028647369
-0.265625000,-0.500000000,0.814243971614,0.447834184388
-0.250000000,-0.500000000,0.863628802303,0.474995841267
-0.234375000,-0.500000000,0.909996101522,0.500497855837
-0.218750000,-0.500000000,0.953327458162,0.524330101989
-0.203125000,-0.500000000,0.993613099870,0.546487204929
-0.187500000,-0.500000000,1.03085039042,0.566967714732
-0.171875000,-0.500000000,1.06504243456,0.585773339009
-0.156250000,-0.500000000,1.09619678913,0.602908234019
-0.140625000,-0.500000000,1.12432428050,0.618378354274
-0.125000000,-0.500000000,1.14943792757,0.632190860162
-0.109375000,-0.500000000,1.17155197046,0.644353583755
-0.093750000,-0.500000000,1.19068100312,0.654874551715
-0.078125000,-0.500000000,1.20683921024,0.663761565631
-0.062500000,-0.500000000,1.22003970706,0.671021838885
-0.046875000,-0.500000000,1.23029398239,0.676661690313
-0.031250000,-0.500000000,1.23761144294,0.680686293615
-0.015625000,-0.500000000,1.24199906014,0.683099483076
0.000000000,-0.500000000,1.24346111768,0.683903614723
0.015625000,-0.500000000,1.24199906014,0.683099483076
0.031250000,-0.500000000,1.23761144294,0.680686293615
0.046875000,-0.500000000,1.23029398239,0.676661690313
0.062500000,-0.500000000,1.22003970706,0.671021838885
0.078125000,-0.500000000,1.20683921024,0.663761565631
0.093750000,-0.500000000,1.19068100312,0.654874551715
0.109375000,-0.500000000,1.17155197046,0.644353583755
0.125000000,-0.500000000,1.14943792757,0.632190860162
0.140625000,-0.500000000,1.12432428050,0.618378354274
0.156250000,-0.500000000,1.09619678913,0.602908234019
0.171875000,-0.500000000,1.06504243456,0.585773339009
0.187500000,-0.500000000,1.03085039042,0.566967714732
0.203125000,-0.500000000,0.993613099870,0.546487204929
0.218750000,-0.500000000,0.953327458162,0.524330101989
0.234375000,-0.500000000,0.909996101522,0.500497855837
0.250000000,-0.500000000,0.863628802303,0.474995841267
0.265625000,-0.500000000,0.814243971614,0.447834184388
0.281250000,-0.500000000,0.761870267944,0.419028647369
0.296875000,-0.500000000,0.706548312542,0.388601571898
0.312500000,-0.500000000,0.648332509779,0.356582880378
0.328125000,-0.500000000,0.587292971841,0.323011134513
0.343750000,-0.500000000,0.523517545413,0.287934649977
0.359375000,-0.500000000,0.457113936946,0.251412665320
0.375000000,-0.500000000,0.388211933886,0.213516563637
0.390625000,-0.500000000,0.316965715388,0.174331143464
0.406250000,-0.500000000,0.243556247326,0.133955936029
0.421875000,-0.500000000,0.168193752883,0.0925065640857
0.437500000,-0.500000000,0.0911202489042,0.0501161368973
0.453125000,-0.500000000,0.0126121348641,0.00693667417525
0.468750000,-0.500000000,-0.0670171796384,-0.0368594488011
0.484375000,-0.500000000,-0.147414628284,-0.0810780455560
0.500000000,-0.500000000,-0.228184844584,-0.125501664521
0.515625000,-0.500000000,-0.308887548623,-0.169888151742
0.531250000,-0.500000000,-0.389034996423,-0.213969248033
0.546875000,-0.500000000,-0.468089530858,-0.257449241972
0.562500000,-0.500000000,-0.545461280599,-0.300003704330
0.578125000,-0.500000000,-0.620506062363,-0.341278334299
0.593750000,-0.500000000,-0.692523551919,-0.380887953556
0.609375000,-0.500000000,-0.760755802473,-0.418415691360
0.625000000,-0.500000000,-0.824386202714,-0.453412411493
0.640625000,-0.500000000,-0.882538983884,-0.485396441136
0.656250000,-0.500000000,-0.934279407411,-0.513853674076
0.671875000,-0.500000000,-0.978614784316,-0.538238131374
0.687500000,-0.500000000,-1.01449651306,-0.557973082183
0.703125000,-0.500000000,-1.04082334714,-0.572452840925
0.718750000,-0.500000000,-1.05644615228,-0.581045383753
0.734375000,-0.500000000,-1.06017445517,-0.583095950342
0.750000000,-0.500000000,-1.05078514309,-0.577931828701
0.765625000,-0.500000000,-1.02703374380,-0.564868559092
0.781250000,-0.500000000,-0.987668791796,-0.543217835488
0.796875000,-0.500000000,-0.931449886766,-0.512297437721
0.812500000,-0.500000000,-0.857170162473,-0.471443589360
0.828125000,-0.500000000,-0.763684026907,-0.420026214799
0.843750000,-0.500000000,-0.649941197517,-0.357467658634
0.859375000,-0.500000000,,
0.875000000,-0.500000000,,
0.890625000,-0.500000000,,
0.906250000,-0.500000000,,
0.921875000,-0.500000000,,
0.937500000,-0.500000000,,
0.953125000,-0.500000000,,
0.968750000,-0.500000000,,
0.984375000,-0.500000000,,
1.000000000,-0.500000000,,
-1.000000000,-0.484375000,,
-0.984375000,-0.484375000,,
-0.968750000,-0.484375000,,
-0.953125000,-0.484375000,,
-0.937500000,-0.484375000,,
-0.921875000,-0.484375000,,
-0.906250000,-0.484375000,,
-0.890625000,-0.484375000,,
-0.875000000,-0.484375000,,
-0.859375000,-0.484375000,,
-0.843750000,-0.484375000,-0.694486899647,-0.381967794806
-0.828125000,-0.484375000,-0.806316400255,-0.443474020141
-0.812500000,-0.484375000,-0.897487382623,-0.493618060443
-0.796875000,-0.484375000,-0.969166496548,-0.533041573101
-0.781250000,-0.484375000,-1.02259667194,-0.562428169565
-0.765625000,-0.484375000,-1.05906581385,-0.582486197615
-0.750000000,-0.484375000,-1.07988139533,-0.593934767429
-0.734375000,-0.484375000,-1.08634998287,-0.597492490576
-0.718750000,-0.484375000,-1.07976088790,-0.593868488345
-0.703125000,-0.484375000,-1.06137326747,-0.583755297107
-0.687500000,-0.484375000,-1.03240610590,-0.567823358245
-0.671875000,-0.484375000,-0.994030600257,-0.546716830141
-0.656250000,-0.484375000,-0.947364547493,-0.521050501121
-0.640625000,-0.484375000,-0.893468394777,-0.491407617127
-0.625000000,-0.484375000,-0.833342668803,-0.458338467842
-0.609375000,-0.484375000,-0.767926542323,-0.422359598278
-0.593750000,-0.484375000,-0.698097335436,-0.383953534490
-0.578125000,-0.484375000,-0.624670781573,-0.343568929865
-0.562500000,-0.484375000,-0.548401911750,-0.301621051463
-0.546875000,-0.484375000,-0.469986437001,-0.258492540351
-0.531250000,-0.484375000,-0.390062525404,-0.214534388972
-0.515625000,-0.484375000,-0.309212887212,-0.170067087966
-0.500000000,-0.484375000,-0.227967095060,-0.125381902283
-0.484375000,-0.484375000,-0.146804078780,-0.0807422433291
-0.468750000,-0.484375000,-0.0661547421971,-0.0363851082084
-0.453125000,-0.484375000,0.0135953402373,0.00747743713050
-0.437500000,-0.484375000,0.0921031834530,0.0506567508991
-0.421875000,-0.484375000,0.169065638830,0.0929861013564
-0.406250000,-0.484375000,0.244216651294,0.134319158212
-0.390625000,-0.484375000,0.317324550360,0.174528502698
-0.375000000,-0.484375000,0.388189388877,0.213504163882
-0.359375000,-0.484375000,0.456640344529,0.251152189491
-0.343750000,-0.484375000,0.522533196462,0.287393258054
-0.328125000,-0.484375000,0.585747883754,0.322161336065
-0.312500000,-0.484375000,0.646186154784,0.355402385131
-0.296875000,-0.484375000,0.703769312477,0.387073121862
-0.281250000,-0.484375000,0.758436059085,0.417139832497
-0.265625000,-0.484375000,0.810140445006,0.445577244754
-0.250000000,-0.484375000,0.858849922341,0.472367457288
-0.234375000,-0.484375000,0.904543506832,0.497498928757
-0.218750000,-0.484375000,0.947210046604,0.520965525632
-0.203125000,-0.484375000,0.986846600821,0.542765630452
-0.187500000,-0.484375000,1.02345692623,0.562901309428
-0.171875000,-0.484375000,1.05705007276,0.581377540016
-0.156250000,-0.484375000,1.08763908687,0.598201497777
-0.140625000,-0.484375000,1.11523982285,0.613381902570
-0.125000000,-0.484375000,1.13986986081,0.626928423443
-0.109375000,-0.484375000,1.16154753084,0.638851141964
-0.093750000,-0.484375000,1.18029104212,0.649160073167
-0.078125000,-0.484375000,1.19611771745,0.657864744599
-0.062500000,-0.484375000,1.20904333056,0.664973831807
-0.046875000,-0.484375000,1.21908154722,0.670494850971
-0.031250000,-0.484375000,1.22624346899,0.674433907944
-0.015625000,-0.484375000,1.23054910877,0.676802009823
0.000000000,-0.484375000,1.23199087052,0.677594978783
0.015625000,-0.484375000,1.23054910877,0.676802009823
0.031250000,-0.484375000,1.22624346899,0.674433907944
0.046875000,-0.484375000,1.21908154722,0.670494850971
0.062500000,-0.484375000,1.20904333056,0.664973831807
0.078125000,-0.484375000,1.19611771745,0.657864744599
0.093750000,-0.484375000,1.18029104212,0.649160073167
0.109375000,-0.484375000,1.16154753084,0.638851141964
0.125000000,-0.484375000,1.13986986081,0.626928423443
0.140625000,-0.484375000,1.11523982285,0.613381902570
0.156250000,-0.484375000,1.08763908687,0.598201497777
0.171875000,-0.484375000,1.05705007276,0.581377540016
0.187500000,-0.484375000,1.02345692623,0.562901309428
0.203125000,-0.484375000,0.986846600821,0.542765630452
0.218750000,-0.484375000,0.947210046604,0.520965525632
0.234375000,-0.484375000,0.904543506832,0.497498928757
0.250000000,-0.484375000,0.858849922341,0.472367457288
0.265625000,-0.484375000,0.810140445006,0.445577244754
0.281250000,-0.484375000,0.758436059085,0.417139832497
0.296875000,-0.484375000,0.703769312477,0.387073121862
0.312500000,-0.484375000,0.646186154784,0.355402385131
0.328125000,-0.484375000,0.585747883754,0.322161336065
0.343750000,-0.484375000,0.522533196462,0.287393258054
0.359375000,-0.484375000,0.456640344529,0.251152189491
0.375000000,-0.484375000,0.388189388877,0.213504163882
0.390625000,-0.484375000,0.317324550360,0.174528502698
0.406250000,-0.484375000,0.244216651294,0.134319158212
0.421875000,-0.484375000,0.169065638830,0.0929861013564
0.437500000,-0.484375000,0.0921031834530,0.0506567508991
0.453125000,-0.484375000,0.0135953402373,0.00747743713050
0.468750000,-0.484375000,-0.0661547421971,-0.0363851082084
0.484375000,-0.484375000,-0.146804078780,-0.0807422433291
0.500000000,-0.484375000,-0.227967095060,-0.125381902283
0.515625000,-0.484375000,-0.309212887212,-0.170067087966
0.531250000,-0.484375000,-0.390062525404,-0.214534388972
0.546875000,-0.484375000,-0.469986437001,-0.258492540351
0.562500000,-0.484375000,-0.548401911750,-0.301621051463
0.578125000,-0.484375000,-0.624670781573,-0.343568929865
0.593750000,-0.484375000,-0.698097335436,-0.383953534490
0.609375000,-0.484375000,-0.767926542323,-0.422359598278
0.625000000,-0.484375000,-0.833342668803,-0.458338467842
0.640625000,-0.484375000,-0.893468394777,-0.491407617127
0.656250000,-0.484375000,-0.947364547493,-0.521050501121
0.671875000,-0.484375000,-0.994030600257,-0.546716830141
0.687500000,-0.484375000,-1.03240610590,-0.567823358245
0.703125000,-0.484375000,-1.06137326747,-0.583755297107
0.718750000,-0.484375000,-1.07976088790,-0.593868488345
0.734375000,-0.484375000,-1.08634998287,-0.597492490576
0.750000000,-0.484375000,-1.07988139533,-0.593934767429
0.765625000,-0.484375000,-1.05906581385,-0.582486197615
0.781250000,-0.484375000,-1.02259667194,-0.562428169565
0.796875000,-0.484375000,-0.969166496548,-0.533041573101
0.812500000,-0.484375000,-0.897487382623,-0.493618060443
0.828125000,-0.484375000,-0.806316400255,-0.443474020141
0.843750000,-0.484375000,-0.694486899647,-0.381967794806
0.859375000,-0.484375000,,
0.875000000,-0.484375000,,
0.890625000,-0.484375000,,
0.906250000,-0.484375000,,
0.921875000,-0.484375000,,
0.937500000,-0.484375000,,
0.953125000,-0.484375000,,
0.968750000,-0.484375000,,
0.984375000,-0.484375000,,
1.000000000,-0.484375000,,
-1.000000000,-0.468750000,,
-0.984375000,-0.468750000,,
-0.968750000,-0.468750000,,
-0.953125000,-0.468750000,,
-0.937500000,-0.468750000,,
-0.921875000,-0.468750000,,
-0.906250000,-0.468750000,,
-0.890625000,-0.468750000,,
-0.875000000,-0.468750000,,
-0.859375000,-0.468750000,-0.608220765710,-0.334521421140
-0.843750000,-0.468750000,-0.740023939229,-0.407013166576
-0.828125000,-0.468750000,-0.849657398166,-0.467311568991
-0.812500000,-0.468750000,-0.938298901700,-0.516064395935
-0.796875000,-0.468750000,-1.00722048084,-0.553971264464
-0.781250000,-0.468750000,-1.05775301275,-0.581764157014
-0.765625000,-0.468750000,-1.09125741479,-0.600191578134
-0.750000000,-0.468750000,-1.10910137234,-0.610005754785
-0.734375000,-0.468750000,-1.11264069164,-0.611952380404
-0.718750000,-0.468750000,-1.10320451891,-0.606762485400
-0.703125000,-0.468750000,-1.08208378633,-0.595146082483
-0.687500000,-0.468750000,-1.05052235160,-0.577787293379
-0.671875000,-0.468750000,-1.00971038027,-0.555340709146
-0.656250000,-0.468750000,-0.960779592510,-0.528428775880
-0.640625000,-0.468750000,-0.904800056298,-0.497640030964
-0.625000000,-0.468750000,-0.842778257733,-0.463528041753
-0.609375000,-0.468750000,-0.775656223380,-0.426610922859
-0.593750000,-0.468750000,-0.704311501831,-0.387371326007
-0.578125000,-0.468750000,-0.629557846980,-0.346256815839
-0.562500000,-0.468750000,-0.552146463378,-0.303680554858
-0.546875000,-0.468750000,-0.472767702244,-0.260022236234
-0.531250000,-0.468750000,-0.392053110984,-0.215629211041
-0.515625000,-0.468750000,-0.310577754538,-0.170817764996
-0.500000000,-0.468750000,-0.228862741437,-0.125874507790
-0.484375000,-0.468750000,-0.147377896851,-0.0810578432682
-0.468750000,-0.468750000,-0.0665445341026,-0.0365994937564
-0.453125000,-0.468750000,0.0132617136711,0.00729394251913
-0.437500000,-0.468750000,0.0917080369190,0.0504394203054
-0.421875000,-0.468750000,0.168501594725,0.0926758770985
-0.406250000,-0.468750000,0.243386685067,0.133862676787
-0.390625000,-0.468750000,0.316141958657,0.173878077261
-0.375000000,-0.468750000,0.386577692175,0.212617730696
-0.359375000,-0.468750000,0.454533133022,0.249993223162
-0.343750000,-0.468750000,0.519873926433,0.285930659538
-0.328125000,-0.468750000,0.582489631548,0.320369297351
-0.312500000,-0.468750000,0.642291335078,0.353260234293
-0.296875000,-0.468750000,0.699209364148,0.384565150282
-0.281250000,-0.468750000,0.753191105515,0.414255108033
-0.265625000,-0.468750000,0.804198930650,0.442309411858
-0.250000000,-0.468750000,0.852208230863,0.468714526975
-0.234375000,-0.468750000,0.897205561851,0.493463059018
-0.218750000,-0.468750000,0.939186899453,0.516552794699
-0.203125000,-0.468750000,0.978156006029,0.537985803316
-0.187500000,-0.468750000,1.01412290737,0.557767599054
-0.171875000,-0.468750000,1.04710248062,0.575906364338
-0.156250000,-0.468750000,1.07711315045,0.592412232745
-0.140625000,-0.468750000,1.10417569517,0.607296632345
-0.125000000,-0.468750000,1.12831215975,0.620571687865
-0.109375000,-0.468750000,1.14954487681,0.632249682243
-0.093750000,-0.468750000,1.16789559271,0.642342575990
-0.078125000,-0.468750000,1.18338469948,0.650861584716
-0.062500000,-0.468750000,1.19617455230,0.657896003762
-0.046875000,-0.468750000,1.20582853045,0.663205691748
-0.031250000,-0.468750000,1.21288232144,0.667085276789
-0.015625000,-0.468750000,1.21710181811,0.669405999961
0.000000000,-0.468750000,1.21850618268,0.670178400473
0.015625000,-0.468750000,1.21710181811,0.669405999961
0.031250000,-0.468750000,1.21288232144,0.667085276789
0.046875000,-0.468750000,1.20582853045,0.663205691748
0.062500000,-0.468750000,1.19617455230,0.657896003762
0.078125000,-0.468750000,1.18338469948,0.650861584716
0.093750000,-0.468750000,1.16789559271,0.642342575990
0.109375000,-0.468750000,1.14954487681,0.632249682243
0.125000000,-0.468750000,1.12831215975,0.620571687865
0.140625000,-0.468750000,1.10417569517,0.607296632345
0.156250000,-0.468750000,1.07711315045,0.592412232745
0.171875000,-0.468750000,1.04710248062,0.575906364338
0.187500000,-0.468750000,1.01412290737,0.557767599054
0.203125000,-0.468750000,0.978156006029,0.537985803316
0.218750000,-0.468750000,0.939186899453,0.516552794699
0.234375000,-0.468750000,0.897205561851,0.493463059018
0.250000000,-0.468750000,0.852208230863,0.468714526975
0.265625000,-0.468750000,0.804198930650,0.442309411858
0.281250000,-0.468750000,0.753191105515,0.414255108033
0.296875000,-0.468750000,0.699209364148,0.384565150282
0.312500000,-0.468750000,0.642291335078,0.353260234293
0.328125000,-0.468750000,0.582489631548,0.320369297351
0.343750000,-0.468750000,0.519873926433,0.285930659538
0.359375000,-0.468750000,0.454533133022,0.249993223162
0.375000000,-0.468750000,0.386577692175,0.212617730696
0.390625000,-0.468750000,0.316141958657,0.173878077261
0.406250000,-0.468750000,0.243386685067,0.133862676787
0.421875000,-0.468750000,0.168501594725,0.0926758770985
0.437500000,-0.468750000,0.0917080369190,0.0504394203054
0.453125000,-0.468750000,0.0132617136711,0.00729394251913
0.468750000,-0.468750000,-0.0665445341026,-0.0365994937564
0.484375000,-0.468750000,-0.147377896851,-0.0810578432682
0.500000000,-0.468750000,-0.228862741437,-0.125874507790
0.515625000,-0.468750000,-0.310577754538,-0.170817764996
0.531250000,-0.468750000,-0.392053110984,-0.215629211041
0.546875000,-0.468750000,-0.472767702244,-0.260022236234
0.562500000,-0.468750000,-0.552146463378,-0.303680554858
0.578125000,-0.468750000,-0.629557846980,-0.346256815839
0.593750000,-0.468750000,-0.704311501831,-0.387371326007
0.609375000,-0.468750000,-0.775656223380,-0.426610922859
0.625000000,-0.468750000,-0.842778257733,-0.463528041753
0.640625000,-0.468750000,-0.904800056298,-0.497640030964
0.656250000,-0.468750000,-0.960779592510,-0.528428775880
0.671875000,-0.468750000,-1.00971038027,-0.555340709146
0.687500000,-0.468750000,-1.05052235160,-0.577787293379
0.703125000,-0.468750000,-1.08208378633,-0.595146082483
0.718750000,-0.468750000,-1.10320451891,-0.606762485400
0.734375000,-0.468750000,-1.11264069164,-0.611952380404
0.750000000,-0.468750000,-1.10910137234,-0.610005754785
0.765625000,-0.468750000,-1.09125741479,-0.600191578134
0.781250000,-0.468750000,-1.05775301275,-0.581764157014
0.796875000,-0.468750000,-1.00722048084,-0.553971264464
0.812500000,-0.468750000,-0.938298901700,-0.516064395935
0.828125000,-0.468750000,-0.849657398166,-0.467311568991
0.843750000,-0.468750000,-0.740023939229,-0.407013166576
0.859375000,-0.468750000,-0.608220765710,-0.334521421140
0.875000000,-0.468750000,,
0.890625000,-0.468750000,,
0.906250000,-0.468750000,,
0.921875000,-0.468750000,,
0.937500000,-0.468750000,,
0.953125000,-0.468750000,,
0.968750000,-0.468750000,,
0.984375000,-0.468750000,,
1.000000000,-0.468750000,,
-1.000000000,-0.453125000,,
-0.984375000,-0.453125000,,
-0.968750000,-0.453125000,,
-0.953125000,-0.453125000,,
-0.937500000,-0.453125000,,
-0.921875000,-0.453125000,,
-0.906250000,-0.453125000,,
-0.890625000,-0.453125000,,
-0.875000000,-0.453125000,-0.502657093203,-0.276461401262
-0.859375000,-0.453125000,-0.656165005253,-0.360890752889
-0.843750000,-0.453125000,-0.785938940546,-0.432266417300
-0.828125000,-0.453125000,-0.893155116340,-0.491235313987
-0.812500000,-0.453125000,-0.979105537525,-0.538508045639
-0.796875000,-0.453125000,-1.04515779971,-0.574836789840
-0.781250000,-0.453125000,-1.09272234519,-0.600997289853
-0.765625000,-0.453125000,-1.12322594704,-0.617774270874
-0.750000000,-0.453125000,-1.13809039479,-0.625949717133
-0.734375000,-0.453125000,-1.13871552469,-0.626293538581
-0.718750000,-0.453125000,-1.12646587694,-0.619556232318
-0.703125000,-0.453125000,-1.10266037924,-0.606463208582
-0.687500000,-0.453125000,-1.06856455041,-0.587710502724
-0.671875000,-0.453125000,-1.02538479951,-0.563961639730
-0.656250000,-0.453125000,-0.974264464998,-0.535845455749
-0.640625000,-0.453125000,-0.916281290739,-0.503954709907
-0.625000000,-0.453125000,-0.852446088642,-0.468845348753
-0.609375000,-0.453125000,-0.783702372320,-0.431036304776
-0.593750000,-0.453125000,-0.710926783012,-0.391009730657
-0.578125000,-0.453125000,-0.634930156505,-0.349211586078
-0.562500000,-0.453125000,-0.556459103151,-0.306052506733
-0.546875000,-0.453125000,-0.476197993410,-0.261908896375
-0.531250000,-0.453125000,-0.394771258776,-0.217124192327
-0.515625000,-0.453125000,-0.312745931823,-0.172010262503
-0.500000000,-0.453125000,-0.230634362575,-0.126848899416
-0.484375000,-0.453125000,-0.148897055675,-0.0818933806210
-0.468750000,-0.453125000,-0.0679455864598,-0.0373700725529
-0.453125000,-0.453125000,0.0118544438097,0.00651994409535
-0.437500000,-0.453125000,0.0901804430648,0.0495992436857
-0.421875000,-0.453125000,0.166749879495,0.0917124337223
-0.406250000,-0.453125000,0.241317370927,0.132724554010
-0.390625000,-0.453125000,0.313671828205,0.172519505513
-0.375000000,-0.453125000,0.383633667174,0.210998516946
-0.359375000,-0.453125000,0.451052101762,0.248078655969
-0.343750000,-0.453125000,0.515802524952,0.283691388723
-0.328125000,-0.453125000,0.577783986878,0.317781192783
-0.312500000,-0.453125000,0.636916773843,0.350304225614
-0.296875000,-0.453125000,0.693140094163,0.381227051789
-0.281250000,-0.453125000,0.746409871329,0.410525429231
-0.265625000,-0.453125000,0.796696649673,0.438183157320
-0.250000000,-0.453125000,0.843983611123,0.464190986118
-0.234375000,-0.453125000,0.888264705178,0.488545587848
-0.218750000,-0.453125000,0.929542892146,0.511248590680
-0.203125000,-0.453125000,0.967828499179,0.532305674549
-0.187500000,-0.453125000,1.00313768853,0.551725728693
-0.171875000,-0.453125000,1.03549103820,0.569520071012
-0.156250000,-0.453125000,1.06491223220,0.585701727710
-0.140625000,-0.453125000,1.09142686200,0.600284774098
-0.125000000,-0.453125000,1.11506133596,0.613283734777
-0.109375000,-0.453125000,1.13584189664,0.624713043152
-0.093750000,-0.453125000,1.15379374494,0.634586559719
-0.078125000,-0.453125000,1.16906507040,0.642985788721
-0.062500000,-0.453125000,1.18140035625,0.649770195939
-0.046875000,-0.453125000,1.19090621316,0.654998417239
-0.031250000,-0.453125000,1.19778053133,0.658779292230
-0.015625000,-0.453125000,1.20189193770,0.661040565735
0.000000000,-0.453125000,1.20326020434,0.661793112385
0.015625000,-0.453125000,1.20189193770,0.661040565735
0.031250000,-0.453125000,1.19778053133,0.658779292230
0.046875000,-0.453125000,1.19090621316,0.654998417239
0.062500000,-0.453125000,1.18140035625,0.649770195939
0.078125000,-0.453125000,1.16906507040,0.642985788721
0.093750000,-0.453125000,1.15379374494,0.634586559719
0.109375000,-0.453125000,1.13584189664,0.624713043152
0.125000000,-0.453125000,1.11506133596,0.613283734777
0.140625000,-0.453125000,1.09142686200,0.600284774098
0.156250000,-0.453125000,1.06491223220,0.585701727710
0.171875000,-0.453125000,1.03549103820,0.569520071012
0.187500000,-0.453125000,1.00313768853,0.551725728693
0.203125000,-0.453125000,0.967828499179,0.532305674549
0.218750000,-0.453125000,0.929542892146,0.511248590680
0.234375000,-0.453125000,0.888264705178,0.488545587848
0.250000000,-0.453125000,0.843983611123,0.464190986118
0.265625000,-0.453125000,0.796696649673,0.438183157320
0.281250000,-0.453125000,0.746409871329,0.410525429231
0.296875000,-0.453125000,0.693140094163,0.381227051789
0.312500000,-0.453125000,0.636916773843,0.350304225614
0.328125000,-0.453125000,0.577783986878,0.317781192783
0.343750000,-0.453125000,0.515802524952,0.283691388723
0.359375000,-0.453125000,0.451052101762,0.248078655969
0.375000000,-0.453125000,0.383633667174,0.210998516946
0.390625000,-0.453125000,0.313671828205,0.172519505513
0.406250000,-0.453125000,0.241317370927,0.132724554010
0.421875000,-0.453125000,0.166749879495,0.0917124337223
0.437500000,-0.453125000,0.0901804430648,0.0495992436857
0.453125000,-0.453125000,0.0118544438097,0.00651994409535
0.468750000,-0.453125000,-0.0679455864598,-0.0373700725529
0.484375000,-0.453125000,-0.148897055675,-0.0818933806210
0.500000000,-0.453125000,-0.230634362575,-0.126848899416
0.515625000,-0.453125000,-0.312745931823,-0.172010262503
0.531250000,-0.453125000,-0.394771258776,-0.217124192327
0.546875000,-0.453125000,-0.476197993410,-0.261908896375
0.562500000,-0.453125000,-0.556459103151,-0.306052506733
0.578125000,-0.453125000,-0.634930156505,-0.349211586078
0.593750000,-0.453125000,-0.710926783012,-0.391009730657
0.609375000,-0.453125000,-0.783702372320,-0.431036304776
0.625000000,-0.453125000,-0.852446088642,-0.468845348753
0.640625000,-0.453125000,-0.916281290739,-0.503954709907
0.656250000,-0.453125000,-0.974264464998,-0.535845455749
0.671875000,-0.453125000,-1.02538479951,-0.563961639730
0.687500000,-0.453125000,-1.06856455041,-0.587710502724
0.703125000,-0.453125000,-1.10266037924,-0.606463208582
0.718750000,-0.453125000,-1.12646587694,-0.619556232318
0.734375000,-0.453125000,-1.13871552469,-0.626293538581
0.750000000,-0.453125000,-1.13809039479,-0.625949717133
0.765625000,-0.453125000,-1.12322594704,-0.617774270874
0.781250000,-0.453125000,-1.09272234519,-0.600997289853
0.796875000,-0.453125000,-1.04515779971,-0.574836789840
0.812500000,-0.453125000,-0.979105537525,-0.538508045639
0.828125000,-0.453125000,-0.893155116340,-0.491235313987
0.843750000,-0.453125000,-0.785938940546,-0.432266417300
0.859375000,-0.453125000,-0.656165005253,-0.360890752889
0.875000000,-0.453125000,-0.502657093203,-0.276461401262
0.890625000,-0.453125000,,
0.906250000,-0.453125000,,
0.921875000,-0.453125000,,
0.937500000,-0.453125000,,
0.953125000,-0.453125000,,
0.968750000,-0.453125000,,
0.984375000,-0.453125000,,
1.000000000,-0.453125000,,
-1.000000000,-0.437500000,,
-0.984375000,-0.437500000,,
-0.968750000,-0.437500000,,
-0.953125000,-0.437500000,,
-0.937500000,-0.437500000,,
-0.921875000,-0.437500000,,
-0.906250000,-0.437500000,,
-0.890625000,-0.437500000,,
-0.875000000,-0.437500000,-0.552460931810,-0.303853512496
-0.859375000,-0.437500000,-0.704160879437,-0.387288483691
-0.843750000,-0.437500000,-0.831676949406,-0.457422322173
-0.828125000,-0.437500000,-0.936309364283,-0.514970150356
-0.812500000,-0.437500000,-1.01945408104,-0.560699744573
-0.796875000,-0.437500000,-1.08256547910,-0.595411013508
-0.781250000,-0.437500000,-1.12712607780,-0.619919342791
-0.765625000,-0.437500000,-1.15462212109,-0.635042166601
-0.750000000,-0.437500000,-1.16652406191,-0.641588234053
-0.734375000,-0.437500000,-1.16427113331,-0.640349123323
-0.718750000,-0.437500000,-1.14925933031,-0.632092631671
-0.703125000,-0.437500000,-1.12283223073,-0.617557726904
-0.687500000,-0.437500000,-1.08627417924,-0.597450798583
-0.671875000,-0.437500000,-1.04080543248,-0.572442987862
-0.656250000,-0.437500000,-0.987578927256,-0.543168409991
-0.640625000,-0.437500000,-0.927678388652,-0.510223113759
-0.625000000,-0.437500000,-0.862117537792,-0.474164645786
-0.609375000,-0.437500000,-0.791840199066,-0.435512109486
-0.593750000,-0.437500000,-0.717721136252,-0.394746624939
-0.578125000,-0.437500000,-0.640567474874,-0.352312111181
-0.562500000,-0.437500000,-0.561120591145,-0.308616325130
-0.546875000,-0.437500000,-0.480058365954,-0.264032101275
-0.531250000,-0.437500000,-0.397997718302,-0.218898745066
-0.515625000,-0.437500000,-0.315497348627,-0.173523541745
-0.500000000,-0.437500000,-0.233060630353,-0.128183346694
-0.484375000,-0.437500000,-0.151138600594,-0.0831262303268
-0.468750000,-0.437500000,-0.0701330084411,-0.0385731546426
-0.453125000,-0.437500000,0.00960061397804,0.00528033768792
-0.437500000,-0.437500000,0.0877498864933,0.0482624375713
-0.421875000,-0.437500000,0.164042545602,0.0902234000809
-0.406250000,-0.437500000,0.238243458256,0.131033902041
-0.390625000,-0.437500000,0.310151700182,0.170583435100
-0.375000000,-0.437500000,0.379597712120,0.208778741666
-0.359375000,-0.437500000,0.446440543823,0.245542299103
-0.343750000,-0.437500000,0.510565193860,0.280810856623
-0.328125000,-0.437500000,0.571880051361,0.314534028249
-0.312500000,-0.437500000,0.630314444925,0.346672944709
-0.296875000,-0.437500000,0.685816301713,0.377198965942
-0.281250000,-0.437500000,0.738349919078,0.406092455493
-0.265625000,-0.437500000,0.787893850274,0.433341617651
-0.250000000,-0.437500000,0.834438906403,0.458941398522
-0.234375000,-0.437500000,0.877986272017,0.482892449609
-0.218750000,-0.437500000,0.918545738093,0.505200155951
-0.203125000,-0.437500000,0.956134047854,0.525873726320
-0.187500000,-0.437500000,0.990773358311,0.544925347071
-0.171875000,-0.437500000,1.02248981365,0.562369397505
-0.156250000,-0.437500000,1.05131223118,0.578221727147
-0.140625000,-0.437500000,1.07727089852,0.592498994184
-0.125000000,-0.437500000,1.10039647933,0.605218063631
-0.109375000,-0.437500000,1.12071902856,0.616395465708
-0.093750000,-0.437500000,1.13838596163,0.626112278899
-0.078125000,-0.437500000,1.15315388745,0.634234638097
-0.062500000,-0.437500000,1.16509210556,0.640800658059
-0.046875000,-0.437500000,1.17452174351,0.645986958929
-0.031250000,-0.437500000,1.18122336439,0.649672850412
-0.015625000,-0.437500000,1.18523075547,0.651876915507
0.000000000,-0.437500000,1.18656428414,0.652610356278
0.015625000,-0.437500000,1.18523075547,0.651876915507
0.031250000,-0.437500000,1.18122336439,0.649672850412
0.046875000,-0.437500000,1.17452174351,0.645986958929
0.062500000,-0.437500000,1.16509210556,0.640800658059
0.078125000,-0.437500000,1.15315388745,0.634234638097
0.093750000,-0.437500000,1.13838596163,0.626112278899
0.109375000,-0.437500000,1.12071902856,0.616395465708
0.125000000,-0.437500000,1.10039647933,0.605218063631
0.140625000,-0.437500000,1.07727089852,0.592498994184
0.156250000,-0.437500000,1.05131223118,0.578221727147
0.171875000,-0.437500000,1.02248981365,0.562369397505
0.187500000,-0.437500000,0.990773358311,0.544925347071
0.203125000,-0.437500000,0.956134047854,0.525873726320
0.218750000,-0.437500000,0.918545738093,0.505200155951
0.234375000,-0.437500000,0.877986272017,0.482892449609
0.250000000,-0.437500000,0.834438906403,0.458941398522
0.265625000,-0.437500000,0.787893850274,0.433341617651
0.281250000,-0.437500000,0.738349919078,0.406092455493
0.296875000,-0.437500000,0.685816301713,0.377198965942
0.312500000,-0.437500000,0.630314444925,0.346672944709
0.328125000,-0.437500000,0.571880051361,0.314534028249
0.343750000,-0.437500000,0.510565193860,0.280810856623
0.359375000,-0.437500000,0.446440543823,0.245542299103
0.375000000,-0.437500000,0.379597712120,0.208778741666
0.390625000,-0.437500000,0.310151700182,0.170583435100
0.406250000,-0.437500000,0.238243458256,0.131033902041
0.421875000,-0.437500000,0.164042545602,0.0902234000809
0.437500000,-0.437500000,0.0877498864933,0.0482624375713
0.453125000,-0.437500000,0.00960061397804,0.00528033768792
0.468750000,-0.437500000,-0.0701330084411,-0.0385731546426
0.484375000,-0.437500000,-0.151138600594,-0.0831262303268
0.500000000,-0.437500000,-0.233060630353,-0.128183346694
0.515625000,-0.437500000,-0.315497348627,-0.173523541745
0.531250000,-0.437500000,-0.397997718302,-0.218898745066
0.546875000,-0.437500000,-0.480058365954,-0.264032101275
0.562500000,-0.437500000,-0.561120591145,-0.308616325130
0.578125000,-0.437500000,-0.640567474874,-0.352312111181
0.593750000,-0.437500000,-0.717721136252,-0.394746624939
0.609375000,-0.437500000,-0.791840199066,-0.435512109486
0.625000000,-0.437500000,-0.862117537792,-0.474164645786
0.640625000,-0.437500000,-0.927678388652,-0.510223113759
0.656250000,-0.437500000,-0.987578927256,-0.543168409991
0.671875000,-0.437500000,-1.04080543248,-0.572442987862
0.687500000,-0.437500000,-1.08627417924,-0.597450798583
0.703125000,-0.437500000,-1.12283223073,-0.617557726904
0.718750000,-0.437500000,-1.14925933031,-0.632092631671
0.734375000,-0.437500000,-1.16427113331,-0.640349123323
0.750000000,-0.437500000,-1.16652406191,-0.641588234053
0.765625000,-0.437500000,-1.15462212109,-0.635042166601
0.781250000,-0.437500000,-1.12712607780,-0.619919342791
0.796875000,-0.437500000,-1.08256547910,-0.595411013508
0.812500000,-0.437500000,-1.01945408104,-0.560699744573
0.828125000,-0.437500000,-0.936309364283,-0.514970150356
0.843750000,-0.437500000,-0.831676949406,-0.457422322173
0.859375000,-0.437500000,-0.704160879437,-0.387288483691
0.875000000,-0.437500000,-0.552460931810,-0.303853512496
0.890625000,-0.437500000,,
0.906250000,-0.437500000,,
0.921875000,-0.437500000,,
0.937500000,-0.437500000,,
0.953125000,-0.437500000,,
0.968750000,-0.437500000,,
0.984375000,-0.437500000,,
1.000000000,-0.437500000,,
-1.000000000,-0.421875000,,
-0.984375000,-0.421875000,,
-0.968750000,-0.421875000,,
-0.953125000,-0.421875000,,
-0.937500000,-0.421875000,,
-0.921875000,-0.421875000,,
-0.906250000,-0.421875000,,
-0.890625000,-0.421875000,-0.426475899341,-0.234561744638
-0.875000000,-0.421875000,-0.601993638894,-0.331096501392
-0.859375000,-0.421875000,-0.751649071774,-0.413406989476
-0.843750000,-0.421875000,-0.876735691240,-0.482204630182
-0.828125000,-0.421875000,-0.978666896772,-0.538266793225
-0.812500000,-0.421875000,-1.05893337151,-0.582413354332
-0.796875000,-0.421875000,-1.11906841923,-0.615487630578
-0.781250000,-0.421875000,-1.16061994123,-0.638340967675
-0.765625000,-0.421875000,-1.18512795322,-0.651820374271
-0.750000000,-0.421875000,-1.19410672322,-0.656758697773
-0.734375000,-0.421875000,-1.18903076236,-0.653966919297
-0.718750000,-0.421875000,-1.17132402530,-0.644228213915
-0.703125000,-0.421875000,-1.14235178122,-0.628293479673
-0.687500000,-0.421875000,-1.10341470193,-0.606878086063
-0.671875000,-0.421875000,-1.05574478717,-0.580659632946
-0.656250000,-0.421875000,-1.00050280791,-0.550276544349
-0.640625000,-0.421875000,-0.938776997071,-0.516327348389
-0.625000000,-0.421875000,-0.871582763258,-0.479370519792
-0.609375000,-0.421875000,-0.799863235225,-0.439924779374
-0.593750000,-0.421875000,-0.724490477952,-0.398469762873
-0.578125000,-0.421875000,-0.646267244904,-0.355446984697
-0.562500000,-0.421875000,-0.565929153124,-0.311261034218
-0.546875000,-0.421875000,-0.484147185840,-0.266280952212
-0.531250000,-0.421875000,-0.401530442648,-0.220841743456
-0.515625000,-0.421875000,-0.318629069999,-0.175245988500
-0.500000000,-0.421875000,-0.235937316843,-0.129765524264
-0.484375000,-0.421875000,-0.153896666512,-0.0846431665817
-0.468750000,-0.421875000,-0.0728990092274,-0.0400944550751
-0.453125000,-0.421875000,0.00671018053191,0.00369059929255
-0.437500000,-0.421875000,0.0846286855740,0.0465457770657
-0.421875000,-0.421875000,0.160594430748,0.0883269369111
-0.406250000,-0.421875000,0.234382426563,0.128910334609
-0.390625000,-0.421875000,0.305801787213,0.168190982967
-0.375000000,-0.421875000,0.374692835195,0.206081059357
-0.359375000,-0.421875000,0.440924300326,0.242508365179
-0.343750000,-0.421875000,0.504390620765,0.277414841421
-0.328125000,-0.421875000,0.565009352397,0.310755143818
-0.312500000,-0.421875000,0.622718689033,0.342495278968
-0.296875000,-0.421875000,0.677475097664,0.372611303715
-0.281250000,-0.421875000,0.729251069695,0.401088088332
-0.265625000,-0.421875000,0.778032989824,0.427918144403
-0.250000000,-0.421875000,0.823819123066,0.453100517686
-0.234375000,-0.421875000,0.866617718770,0.476639745324
-0.218750000,-0.421875000,0.906445232956,0.498544878126
-0.203125000,-0.421875000,0.943324666910,0.518828566801
-0.187500000,-0.421875000,0.977284020713,0.537506211392
-0.171875000,-0.421875000,1.00835486252,0.554595174388
-0.156250000,-0.421875000,1.03657100914,0.570114055026
-0.140625000,-0.421875000,1.06196732004,0.584082026023
-0.125000000,-0.421875000,1.08457860069,0.596518230380
-0.109375000,-0.421875000,1.10456454044,0.607510497244
-0.093750000,-0.421875000,1.12166603337,0.616916318355
-0.078125000,-0.421875000,1.13608900950,0.624848955227
-0.062500000,-0.421875000,1.14775703535,0.631266369444
-0.046875000,-0.421875000,1.15695616498,0.636325890740
-0.031250000,-0.421875000,1.16349217046,0.639920693753
-0.015625000,-0.421875000,1.16739980557,0.642069893063
0.000000000,-0.421875000,1.16870001779,0.642785009786
0.015625000,-0.421875000,1.16739980557,0.642069893063
0.031250000,-0.421875000,1.16349217046,0.639920693753
0.046875000,-0.421875000,1.15695616498,0.636325890740
0.062500000,-0.421875000,1.14775703535,0.631266369444
0.078125000,-0.421875000,1.13608900950,0.624848955227
0.093750000,-0.421875000,1.12166603337,0.616916318355
0.109375000,-0.421875000,1.10456454044,0.607510497244
0.125000000,-0.421875000,1.08457860069,0.596518230380
0.140625000,-0.421875000,1.06196732004,0.584082026023
0.156250000,-0.421875000,1.03657100914,0.570114055026
0.171875000,-0.421875000,1.00835486252,0.554595174388
0.187500000,-0.421875000,0.977284020713,0.537506211392
0.203125000,-0.421875000,0.943324666910,0.518828566801
0.218750000,-0.421875000,0.906445232956,0.498544878126
0.234375000,-0.421875000,0.866617718770,0.476639745324
0.250000000,-0.421875000,0.823819123066,0.453100517686
0.265625000,-0.421875000,0.778032989824,0.427918144403
0.281250000,-0.421875000,0.729251069695,0.401088088332
0.296875000,-0.421875000,0.677475097664,0.372611303715
0.312500000,-0.421875000,0.622718689033,0.342495278968
0.328125000,-0.421875000,0.565009352397,0.310755143818
0.343750000,-0.421875000,0.504390620765,0.277414841421
0.359375000,-0.421875000,0.440924300326,0.242508365179
0.375000000,-0.421875000,0.374692835195,0.206081059357
0.390625000,-0.421875000,0.305801787213,0.168190982967
0.406250000,-0.421875000,0.234382426563,0.128910334609
0.421875000,-0.421875000,0.160594430748,0.0883269369111
0.437500000,-0.421875000,0.0846286855740,0.0465457770657
0.453125000,-0.421875000,0.00671018053191,0.00369059929255
0.468750000,-0.421875000,-0.0728990092274,-0.0400944550751
0.484375000,-0.421875000,-0.153896666512,-0.0846431665817
0.500000000,-0.421875000,-0.235937316843,-0.129765524264
0.515625000,-0.421875000,-0.318629069999,-0.175245988500
0.531250000,-0.421875000,-0.401530442648,-0.220841743456
0.546875000,-0.421875000,-0.484147185840,-0.266280952212
0.562500000,-0.421875000,-0.565929153124,-0.311261034218
0.578125000,-0.421875000,-0.646267244904,-0.355446984697
0.593750000,-0.421875000,-0.724490477952,-0.398469762873
0.609375000,-0.421875000,-0.799863235225,-0.439924779374
0.625000000,-0.421875000,-0.871582763258,-0.479370519792
0.640625000,-0.421875000,-0.938776997071,-0.516327348389
0.656250000,-0.421875000,-1.00050280791,-0.550276544349
0.671875000,-0.421875000,-1.05574478717,-0.580659632946
0.687500000,-0.421875000,-1.10341470193,-0.606878086063
0.703125000,-0.421875000,-1.14235178122,-0.628293479673
0.718750000,-0.421875000,-1.17132402530,-0.644228213915
0.734375000,-0.421875000,-1.18903076236,-0.653966919297
0.750000000,-0.421875000,-1.19410672322,-0.656758697773
0.765625000,-0.421875000,-1.18512795322,-0.651820374271
0.781250000,-0.421875000,-1.16061994123,-0.638340967675
0.796875000,-0.421875000,-1.11906841923,-0.615487630578
0.812500000,-0.421875000,-1.05893337151,-0.582413354332
0.828125000,-0.421875000,-0.978666896772,-0.538266793225
0.843750000,-0.421875000,-0.876735691240,-0.482204630182
0.859375000,-0.421875000,-0.751649071774,-0.413406989476
0.875000000,-0.421875000,-0.601993638894,-0.331096501392
0.890625000,-0.421875000,-0.426475899341,-0.234561744638
0.906250000,-0.421875000,,
0.921875000,-0.421875000,,
0.937500000,-0.421875000,,
0.953125000,-0.421875000,,
0.968750000,-0.421875000,,
0.984375000,-0.421875000,,
1.000000000,-0.421875000,,
-1.000000000,-0.406250000,,
-0.984375000,-0.406250000,,
-0.968750000,-0.406250000,,
-0.953125000,-0.406250000,,
-0.937500000,-0.406250000,,
-0.921875000,-0.406250000,,
-0.906250000,-0.406250000,,
-0.890625000,-0.406250000,-0.476942158882,-0.262318187385
-0.875000000,-0.406250000,-0.650689950812,-0.357879472947
-0.859375000,-0.406250000,-0.798123881434,-0.438968134789
-0.843750000,-0.406250000,-0.920660756143,-0.506363415879
-0.828125000,-0.406250000,-1.01981742766,-0.560899585216
-0.812500000,-0.406250000,-1.09717102992,-0.603444066458
-0.796875000,-0.406250000,-1.15432674955,-0.634879712255
-0.781250000,-0.406250000,-1.19289188157,-0.656090534866
-0.765625000,-0.406250000,-1.21445512390,-0.667950318143
-0.750000000,-0.406250000,-1.22057023946,-0.671313631704
-0.734375000,-0.406250000,-1.21274335523,-0.667008845375
-0.718750000,-0.406250000,-1.19242328781,-0.655832808297
-0.703125000,-0.406250000,-1.16099438330,-0.638546910813
-0.687500000,-0.406250000,-1.11977144111,-0.615874292612
-0.671875000,-0.406250000,-1.06999636161,-0.588497998883
-0.656250000,-0.406250000,-1.01283621245,-0.557059916849
-0.640625000,-0.406250000,-0.949382460820,-0.522160353451
-0.625000000,-0.406250000,-0.880651154266,-0.484358134846
-0.609375000,-0.406250000,-0.807583872003,-0.444171129601
-0.593750000,-0.406250000,-0.731049292913,-0.402077111102
-0.578125000,-0.406250000,-0.651845254005,-0.358514889703
-0.562500000,-0.406250000,-0.570701191568,-0.313885655363
-0.546875000,-0.406250000,-0.488280874890,-0.268554481190
-0.531250000,-0.406250000,-0.405185357097,-0.222851946404
-0.515625000,-0.406250000,-0.321956081169,-0.177075844643
-0.500000000,-0.406250000,-0.239078086252,-0.131492947439
-0.484375000,-0.406250000,-0.156983273402,-0.0863408003708
-0.468750000,-0.406250000,-0.0760536909286,-0.0418295300107
-0.453125000,-0.406250000,0.00337518737200,0.00185635305460
-0.437500000,-0.406250000,0.0810112183879,0.0445561701133
-0.421875000,-0.406250000,0.156602398480,0.0861313191643
-0.406250000,-0.406250000,0.229933743184,0.126463558751
-0.390625000,-0.406250000,0.300824249374,0.165453337155
-0.375000000,-0.406250000,0.369123951335,0.203018173234
-0.359375000,-0.406250000,0.434711078270,0.239091093049
-0.343750000,-0.406250000,0.497489320235,0.273619126129
-0.328125000,-0.406250000,0.557385206697,0.306561863684
-0.312500000,-0.406250000,0.614345601102,0.337890080606
-0.296875000,-0.406250000,0.668335314087,0.367584422748
-0.281250000,-0.406250000,0.719334836191,0.395634159905
-0.265625000,-0.406250000,0.767338191073,0.422036005090
-0.250000000,-0.406250000,0.812350909362,0.446793000149
-0.234375000,-0.406250000,0.854388122430,0.469913467336
-0.218750000,-0.406250000,0.893472775339,0.491410026437
-0.203125000,-0.406250000,0.929633958137,0.511298676975
-0.187500000,-0.406250000,0.962905354273,0.529597944850
-0.171875000,-0.406250000,0.993323803640,0.546328092002
-0.156250000,-0.406250000,1.02092798176,0.561510389970
-0.140625000,-0.406250000,1.04575718871,0.575166453790
-0.125000000,-0.406250000,1.06799820122,0.587399010671
-0.109375000,-0.406250000,1.08734308815,0.598038698482
-0.093750000,-0.406250000,1.10403900613,0.607221453371
-0.078125000,-0.406250000,1.11811428689,0.614962857792
-0.062500000,-0.406250000,1.12948182665,0.621215004657
-0.046875000,-0.406250000,1.13846076447,0.626153420461
-0.031250000,-0.406250000,1.14483855095,0.629661203021
-0.015625000,-0.406250000,1.14865087892,0.631757983407
0.000000000,-0.406250000,1.14991925949,0.632455592721
0.015625000,-0.406250000,1.14865087892,0.631757983407
0.031250000,-0.406250000,1.14483855095,0.629661203021
0.046875000,-0.406250000,1.13846076447,0.626153420461
0.062500000,-0.406250000,1.12948182665,0.621215004657
0.078125000,-0.406250000,1.11811428689,0.614962857792
0.093750000,-0.406250000,1.10403900613,0.607221453371
0.109375000,-0.406250000,1.08734308815,0.598038698482
0.125000000,-0.406250000,1.06799820122,0.587399010671
0.140625000,-0.406250000,1.04575718871,0.575166453790
0.156250000,-0.406250000,1.02092798176,0.561510389970
0.171875000,-0.406250000,0.993323803640,0.546328092002
0.187500000,-0.406250000,0.962905354273,0.529597944850
0.203125000,-0.406250000,0.929633958137,0.511298676975
0.218750000,-0.406250000,0.893472775339,0.491410026437
0.234375000,-0.406250000,0.854388122430,0.469913467336
0.250000000,-0.406250000,0.812350909362,0.446793000149
0.265625000,-0.406250000,0.767338191073,0.422036005090
0.281250000,-0.406250000,0.719334836191,0.395634159905
0.296875000,-0.406250000,0.668335314087,0.367584422748
0.312500000,-0.406250000,0.614345601102,0.337890080606
0.328125000,-0.406250000,0.557385206697,0.306561863684
0.343750000,-0.406250000,0.497489320235,0.273619126129
0.359375000,-0.406250000,0.434711078270,0.239091093049
0.375000000,-0.406250000,0.369123951335,0.203018173234
0.390625000,-0.406250000,0.300824249374,0.165453337155
0.406250000,-0.406250000,0.229933743184,0.126463558751
0.421875000,-0.406250000,0.156602398480,0.0861313191643
0.437500000,-0.406250000,0.0810112183879,0.0445561701133
0.453125000,-0.406250000,0.00337518737200,0.00185635305460
0.468750000,-0.406250000,-0.0760536909286,-0.0418295300107
0.484375000,-0.406250000,-0.156983273402,-0.0863408003708
0.500000000,-0.406250000,-0.239078086252,-0.131492947439
0.515625000,-0.406250000,-0.321956081169,-0.177075844643
0.531250000,-0.406250000,-0.405185357097,-0.222851946404
0.546875000,-0.406250000,-0.488280874890,-0.268554481190
0.562500000,-0.406250000,-0.570701191568,-0.313885655363
0.578125000,-0.406250000,-0.651845254005,-0.358514889703
0.593750000,-0.406250000,-0.731049292913,-0.402077111102
0.609375000,-0.406250000,-0.807583872003,-0.444171129601
0.625000000,-0.406250000,-0.880651154266,-0.484358134846
0.640625000,-0.406250000,-0.949382460820,-0.522160353451
0.656250000,-0.406250000,-1.01283621245,-0.557059916849
0.671875000,-0.406250000,-1.06999636161,-0.588497998883
0.687500000,-0.406250000,-1.11977144111,-0.615874292612
0.703125000,-0.406250000,-1.16099438330,-0.638546910813
0.718750000,-0.406250000,-1.19242328781,-0.655832808297
0.734375000,-0.406250000,-1.21274335523,-0.667008845375
0.750000000,-0.406250000,-1.22057023946,-0.671313631704
0.765625000,-0.406250000,-1.21445512390,-0.667950318143
0.781250000,-0.406250000,-1.19289188157,-0.656090534866
0.796875000,-0.406250000,-1.15432674955,-0.634879712255
0.812500000,-0.406250000,-1.09717102992,-0.603444066458
0.828125000,-0.406250000,-1.01981742766,-0.560899585216
0.843750000,-0.406250000,-0.920660756143,-0.506363415879
0.859375000,-0.406250000,-0.798123881434,-0.438968134789
0.875000000,-0.406250000,-0.650689950812,-0.357879472947
0.890625000,-0.406250000,-0.476942158882,-0.262318187385
0.906250000,-0.406250000,,
0.921875000,-0.406250000,,
0.937500000,-0.406250000,,
0.953125000,-0.406250000,,
0.968750000,-0.406250000,,
0.984375000,-0.406250000,,
1.000000000,-0.406250000,,
-1.000000000,-0.390625000,,
-0.984375000,-0.390625000,,
-0.968750000,-0.390625000,,
-0.953125000,-0.390625000,,
-0.937500000,-0.390625000,,
-0.921875000,-0.390625000,,
-0.906250000,-0.390625000,,
-0.890625000,-0.390625000,-0.526244049599,-0.289434227279
-0.875000000,-0.390625000,-0.698039119574,-0.383921515766
-0.859375000,-0.390625000,-0.843128333353,-0.463720583344
-0.843750000,-0.390625000,-0.963041527301,-0.529672840015
-0.828125000,-0.390625000,-1.05939026666,-0.582664646661
-0.812500000,-0.390625000,-1.13383070717,-0.623606888943
-0.796875000,-0.390625000,-1.18803360616,-0.653418483389
-0.781250000,-0.390625000,-1.22366029307,-0.673013161186
-0.765625000,-0.390625000,-1.24234360262,-0.683288981441
-0.750000000,-0.390625000,-1.24567294345,-0.685120118900
-0.734375000,-0.390625000,-1.23518280426,-0.679350542343
-0.718750000,-0.390625000,-1.21234411998,-0.666789265992
-0.703125000,-0.390625000,-1.17855800731,-0.648206904023
-0.687500000,-0.390625000,-1.13515146217,-0.624333304195
-0.671875000,-0.390625000,-1.08337467603,-0.595856071815
-0.656250000,-0.390625000,-1.02439968088,-0.563419824483
-0.640625000,-0.390625000,-0.959320082227,-0.527626045225
-0.625000000,-0.390625000,-0.889151675328,-0.489033421431
-0.609375000,-0.390625000,-0.814833772711,-0.448158574991
-0.593750000,-0.390625000,-0.737231100796,-0.405477105438
-0.578125000,-0.390625000,-0.657136142099,-0.361424878154
-0.562500000,-0.390625000,-0.575271824521,-0.316399503487
-0.546875000,-0.390625000,-0.492294469682,-0.270761958325
-0.531250000,-0.390625000,-0.408796931737,-0.224838312455
-0.515625000,-0.390625000,-0.325311865365,-0.178921525951
-0.500000000,-0.390625000,-0.242315074485,-0.133273290967
-0.484375000,-0.390625000,-0.160228899996,-0.0881258949976
-0.468750000,-0.390625000,-0.0794256129071,-0.0436840870989
-0.453125000,-0.390625000,-0.000230785123998,-0.000126931818199
-0.437500000,-0.390625000,0.0770733866341,0.0423903626488
-0.421875000,-0.390625000,0.152244819775,0.0837346508760
-0.406250000,-0.390625000,0.225078365418,0.123793100980
-0.390625000,-0.390625000,0.295402718260,0.162471495043
-0.375000000,-0.390625000,0.363077428665,0.199692585766
-0.359375000,-0.390625000,0.427990020964,0.235394511530
-0.343750000,-0.390625000,0.490053227560,0.269529275158
-0.328125000,-0.390625000,0.549202338493,0.302061286171
-0.312500000,-0.390625000,0.605392672901,0.332965970096
-0.296875000,-0.390625000,0.658597171790,0.362228444485
-0.281250000,-0.390625000,0.708804113909,0.389842262650
-0.265625000,-0.390625000,0.756014955322,0.415808225427
-0.250000000,-0.390625000,0.800242290686,0.440133259877
-0.234375000,-0.390625000,0.841507938163,0.462829365990
-0.218750000,-0.390625000,0.879841144061,0.483912629234
-0.203125000,-0.390625000,0.915276908117,0.503402299464
-0.187500000,-0.390625000,0.947854426390,0.521319934514
-0.171875000,-0.390625000,0.977615651523,0.537688608338
-0.156250000,-0.390625000,1.00460396717,0.552532181942
-0.140625000,-0.390625000,1.02886297629,0.565874636957
-0.125000000,-0.390625000,1.05056037306,0.577808205182
-0.109375000,-0.390625000,1.06944149791,0.588192823850
-0.093750000,-0.390625000,1.08572948356,0.597151215958
-0.078125000,-0.390625000,1.09945523536,0.604700379450
-0.062500000,-0.390625000,1.11064607354,0.610855340446
-0.046875000,-0.390625000,1.11925730579,0.615591518186
-0.031250000,-0.390625000,1.12548459620,0.619016527909
-0.015625000,-0.390625000,1.12920626249,0.621063444369
0.000000000,-0.390625000,1.13044436185,0.621744399015
0.015625000,-0.390625000,1.12920626249,0.621063444369
0.031250000,-0.390625000,1.12548459620,0.619016527909
0.046875000,-0.390625000,1.11925730579,0.615591518186
0.062500000,-0.390625000,1.11064607354,0.610855340446
0.078125000,-0.390625000,1.09945523536,0.604700379450
0.093750000,-0.390625000,1.08572948356,0.597151215958
0.109375000,-0.390625000,1.06944149791,0.588192823850
0.125000000,-0.390625000,1.05056037306,0.577808205182
0.140625000,-0.390625000,1.02886297629,0.565874636957
0.156250000,-0.390625000,1.00460396717,0.552532181942
0.171875000,-0.390625000,0.977615651523,0.537688608338
0.187500000,-0.390625000,0.947854426390,0.521319934514
0.203125000,-0.390625000,0.915276908117,0.503402299464
0.218750000,-0.390625000,0.879841144061,0.483912629234
0.234375000,-0.390625000,0.841507938163,0.462829365990
0.250000000,-0.390625000,0.800242290686,0.440133259877
0.265625000,-0.390625000,0.756014955322,0.415808225427
0.281250000,-0.390625000,0.708804113909,0.389842262650
0.296875000,-0.390625000,0.658597171790,0.362228444485
0.312500000,-0.390625000,0.605392672901,0.332965970096
0.328125000,-0.390625000,0.549202338493,0.302061286171
0.343750000,-0.390625000,0.490053227560,0.269529275158
0.359375000,-0.390625000,0.427990020964,0.235394511530
0.375000000,-0.390625000,0.363077428665,0.199692585766
0.390625000,-0.390625000,0.295402718260,0.162471495043
0.406250000,-0.390625000,0.225078365418,0.123793100980
0.421875000,-0.390625000,0.152244819775,0.0837346508760
0.437500000,-0.390625000,0.0770733866341,0.0423903626488
0.453125000,-0.390625000,-0.000230785123998,-0.000126931818199
0.468750000,-0.390625000,-0.0794256129071,-0.0436840870989
0.484375000,-0.390625000,-0.160228899996,-0.0881258949976
0.500000000,-0.390625000,-0.242315074485,-0.133273290967
0.515625000,-0.390625000,-0.325311865365,-0.178921525951
0.531250000,-0.390625000,-0.408796931737,-0.224838312455
0.546875000,-0.390625000,-0.492294469682,-0.270761958325
0.562500000,-0.390625000,-0.575271824521,-0.316399503487
0.578125000,-0.390625000,-0.657136142099,-0.361424878154
0.593750000,-0.390625000,-0.737231100796,-0.405477105438
0.609375000,-0.390625000,-0.814833772711,-0.448158574991
0.625000000,-0.390625000,-0.889151675328,-0.489033421431
0.640625000,-0.390625000,-0.959320082227,-0.527626045225
0.656250000,-0.390625000,-1.02439968088,-0.563419824483
0.671875000,-0.390625000,-1.08337467603,-0.595856071815
0.687500000,-0.390625000,-1.13515146217,-0.624333304195
0.703125000,-0.390625000,-1.17855800731,-0.648206904023
0.718750000,-0.390625000,-1.21234411998,-0.666789265992
0.734375000,-0.390625000,-1.23518280426,-0.679350542343
0.750000000,-0.390625000,-1.24567294345,-0.685120118900
0.765625000,-0.390625000,-1.24234360262,-0.683288981441
0.781250000,-0.390625000,-1.22366029307,-0.673013161186
0.796875000,-0.390625000,-1.18803360616,-0.653418483389
0.812500000,-0.390625000,-1.13383070717,-0.623606888943
0.828125000,-0.390625000,-1.05939026666,-0.582664646661
0.843750000,-0.390625000,-0.963041527301,-0.529672840015
0.859375000,-0.390625000,-0.843128333353,-0.463720583344
0.875000000,-0.390625000,-0.698039119574,-0.383921515766
0.890625000,-0.390625000,-0.526244049599,-0.289434227279
0.906250000,-0.390625000,,
0.921875000,-0.390625000,,
0.937500000,-0.390625000,,
0.953125000,-0.390625000,,
0.968750000,-0.390625000,,
0.984375000,-0.390625000,,
1.000000000,-0.390625000,,
-1.000000000,-0.375000000,,
-0.984375000,-0.375000000,,
-0.968750000,-0.375000000,,
-0.953125000,-0.375000000,,
-0.937500000,-0.375000000,,
-0.921875000,-0.375000000,,
-0.906250000,-0.375000000,-0.375575912339,-0.206566751786
-0.890625000,-0.375000000,-0.573863866019,-0.315625126311
-0.875000000,-0.375000000,-0.743579923604,-0.408968957982
-0.859375000,-0.375000000,-0.886250000431,-0.487437500237
-0.843750000,-0.375000000,-1.00350770268,-0.551929236474
-0.828125000,-0.375000000,-1.09705144510,-0.603378294804
-0.812500000,-0.375000000,-1.16860973063,-0.642735351849
-0.796875000,-0.375000000,-1.21991322608,-0.670952274345
-0.781250000,-0.375000000,-1.25267249786,-0.688969873820
-0.765625000,-0.375000000,-1.26856045845,-0.697708252145
-0.750000000,-0.375000000,-1.26919873312,-0.698059303218
-0.734375000,-0.375000000,-1.25614728416,-0.690881006286
-0.718750000,-0.375000000,-1.23089673801,-0.676993205908
-0.703125000,-0.375000000,-1.19486295189,-0.657174623539
-0.687500000,-0.375000000,-1.14938342777,-0.632160885271
-0.671875000,-0.375000000,-1.09571524879,-0.602643386836
-0.656250000,-0.375000000,-1.03503426219,-0.569268844204
-0.640625000,-0.375000000,-0.968435277565,-0.532639402660
-0.625000000,-0.375000000,-0.896933087148,-0.493313197931
-0.609375000,-0.375000000,-0.821464144704,-0.451805279587
-0.593750000,-0.375000000,-0.742888766606,-0.408588821633
-0.578125000,-0.375000000,-0.661993740142,-0.364096557078
-0.562500000,-0.375000000,-0.579495242532,-0.318722383393
-0.546875000,-0.375000000,-0.496041990801,-0.272823094940
-0.531250000,-0.375000000,-0.412218554856,-0.226720205171
-0.515625000,-0.375000000,-0.328548777478,-0.180701827613
-0.500000000,-0.375000000,-0.245499254982,-0.135024590240
-0.484375000,-0.375000000,-0.163482840020,-0.0899155620108
-0.468750000,-0.375000000,-0.0828621347002,-0.0455741740851
-0.453125000,-0.375000000,-0.00395294725484,-0.00217412099016
-0.437500000,-0.375000000,0.0729723083997,0.0401347696198
-0.421875000,-0.375000000,0.147681287098,0.0812247079040
-0.406250000,-0.375000000,0.219978475737,0.120988161655
-0.390625000,-0.375000000,0.289702055457,0.159336130501
-0.375000000,-0.375000000,0.356720870932,0.196196479013
-0.359375000,-0.375000000,0.420931515035,0.231512333269
-0.343750000,-0.375000000,0.482255530824,0.265240541953
-0.328125000,-0.375000000,0.540636736264,0.297350204945
-0.312500000,-0.375000000,0.596038673861,0.327821270624
-0.296875000,-0.375000000,0.648442184695,0.356643201582
-0.281250000,-0.375000000,0.697843109485,0.383813710217
-0.265625000,-0.375000000,0.744250114504,0.409337562977
-0.250000000,-0.375000000,0.787682643732,0.433225454052
-0.234375000,-0.375000000,0.828168993974,0.455492946686
-0.218750000,-0.375000000,0.865744513502,0.476159482426
-0.203125000,-0.375000000,0.900449921456,0.495247456801
-0.187500000,-0.375000000,0.932329746857,0.512781360772
-0.171875000,-0.375000000,0.961430885025,0.528786986764
-0.156250000,-0.375000000,0.987801270364,0.543290698700
-0.140625000,-0.375000000,1.01148866268,0.556318764476
-0.125000000,-0.375000000,1.03264955116,0.567957253140
-0.109375000,-0.375000000,1.05106517242,0.578085844830
-0.093750000,-0.375000000,1.06694394855,0.586819171705
-0.078125000,-0.375000000,1.08031925968,0.594175592824
-0.062500000,-0.375000000,1.09122051969,0.600171285830
-0.046875000,-0.375000000,1.09953847127,0.604746159198
-0.031250000,-0.375000000,1.10562333041,0.608092831727
-0.015625000,-0.375000000,1.10925918647,0.610092552556
0.000000000,-0.375000000,1.11046862384,0.610757743113
0.015625000,-0.375000000,1.10925918647,0.610092552556
0.031250000,-0.375000000,1.10562333041,0.608092831727
0.046875000,-0.375000000,1.09953847127,0.604746159198
0.062500000,-0.375000000,1.09122051969,0.600171285830
0.078125000,-0.375000000,1.08031925968,0.594175592824
0.093750000,-0.375000000,1.06694394855,0.586819171705
0.109375000,-0.375000000,1.05106517242,0.578085844830
0.125000000,-0.375000000,1.03264955116,0.567957253140
0.140625000,-0.375000000,1.01148866268,0.556318764476
0.156250000,-0.375000000,0.987801270364,0.543290698700
0.171875000,-0.375000000,0.961430885025,0.528786986764
0.187500000,-0.375000000,0.932329746857,0.512781360772
0.203125000,-0.375000000,0.900449921456,0.495247456801
0.218750000,-0.375000000,0.865744513502,0.476159482426
0.234375000,-0.375000000,0.828168993974,0.455492946686
0.250000000,-0.375000000,0.787682643732,0.433225454052
0.265625000,-0.375000000,0.744250114504,0.409337562977
0.281250000,-0.375000000,0.697843109485,0.383813710217
0.296875000,-0.375000000,0.648442184695,0.356643201582
0.312500000,-0.375000000,0.596038673861,0.327821270624
0.328125000,-0.375000000,0.540636736264,0.297350204945
0.343750000,-0.375000000,0.482255530824,0.265240541953
0.359375000,-0.375000000,0.420931515035,0.231512333269
0.375000000,-0.375000000,0.356720870932,0.196196479013
0.390625000,-0.375000000,0.289702055457,0.159336130501
0.406250000,-0.375000000,0.219978475737,0.120988161655
0.421875000,-0.375000000,0.147681287098,0.0812247079040
0.437500000,-0.375000000,0.0729723083997,0.0401347696198
0.453125000,-0.375000000,-0.00395294725484,-0.00217412099016
0.468750000,-0.375000000,-0.0828621347002,-0.0455741740851
0.484375000,-0.375000000,-0.163482840020,-0.0899155620108
0.500000000,-0.375000000,-0.245499254982,-0.135024590240
0.515625000,-0.375000000,-0.328548777478,-0.180701827613
0.531250000,-0.375000000,-0.412218554856,-0.226720205171
0.546875000,-0.375000000,-0.496041990801,-0.272823094940
0.562500000,-0.375000000,-0.579495242532,-0.318722383393
0.578125000,-0.375000000,-0.661993740142,-0.364096557078
0.593750000,-0.375000000,-0.742888766606,-0.408588821633
0.609375000,-0.375000000,-0.821464144704,-0.451805279587
0.625000000,-0.375000000,-0.896933087148,-0.493313197931
0.640625000,-0.375000000,-0.968435277565,-0.532639402660
0.656250000,-0.375000000,-1.03503426219,-0.569268844204
0.671875000,-0.375000000,-1.09571524879,-0.602643386836
0.687500000,-0.375000000,-1.14938342777,-0.632160885271
0.703125000,-0.375000000,-1.19486295189,-0.657174623539
0.718750000,-0.375000000,-1.23089673801,-0.676993205908
0.734375000,-0.375000000,-1.25614728416,-0.690881006286
0.750000000,-0.375000000,-1.26919873312,-0.698059303218
0.765625000,-0.375000000,-1.26856045845,-0.697708252145
0.781250000,-0.375000000,-1.25267249786,-0.688969873820
0.796875000,-0.375000000,-1.21991322608,-0.670952274345
0.812500000,-0.375000000,-1.16860973063,-0.642735351849
0.828125000,-0.375000000,-1.09705144510,-0.603378294804
0.843750000,-0.375000000,-1.00350770268,-0.551929236474
0.859375000,-0.375000000,-0.886250000431,-0.487437500237
0.875000000,-0.375000000,-0.743579923604,-0.408968957982
0.890625000,-0.375000000,-0.573863866019,-0.315625126311
0.906250000,-0.375000000,-0.375575912339,-0.206566751786
0.921875000,-0.375000000,,
0.937500000,-0.375000000,,
0.953125000,-0.375000000,,
0.968750000,-0.375000000,,
0.984375000,-0.375000000,,
1.000000000,-0.375000000,,
-1.000000000,-0.359375000,,
-0.984375000,-0.359375000,,
-0.968750000,-0.359375000,,
-0.953125000,-0.359375000,,
-0.937500000,-0.359375000,,
-0.921875000,-0.359375000,,
-0.906250000,-0.359375000,-0.422791208561,-0.232535164708
-0.890625000,-0.359375000,-0.619334168639,-0.340633792751
-0.875000000,-0.359375000,-0.786896363728,-0.432793000051
-0.859375000,-0.359375000,-0.927117393915,-0.509914566653
-0.843750000,-0.359375000,-1.04172628509,-0.572949456800
-0.828125000,-0.359375000,-1.13250122097,-0.622875671535
-0.812500000,-0.359375000,-1.20123705212,-0.660680378663
-0.796875000,-0.359375000,-1.24971927531,-0.687345601422
-0.781250000,-0.359375000,-1.27970339946,-0.703836869703
-0.765625000,-0.359375000,-1.29289879044,-0.711094334743
-0.750000000,-0.359375000,-1.29095623911,-0.710025931512
-0.734375000,-0.359375000,-1.27545861973,-0.701502240852
-0.718750000,-0.359375000,-1.24791410914,-0.686352760029
-0.703125000,-0.359375000,-1.20975152247,-0.665363337357
-0.687500000,-0.359375000,-1.16231739390,-0.639274566645
-0.671875000,-0.359375000,-1.10687448880,-0.608780968839
-0.656250000,-0.359375000,-1.04460148634,-0.574530817488
-0.640625000,-0.359375000,-0.976593611293,-0.537126486211
-0.625000000,-0.359375000,-0.903864030591,-0.497125216825
-0.609375000,-0.359375000,-0.827345859897,-0.455040222943
-0.593750000,-0.359375000,-0.747894648613,-0.411342056737
-0.578125000,-0.359375000,-0.666291236054,-0.366460179830
-0.562500000,-0.359375000,-0.583244885849,-0.320784687217
-0.546875000,-0.359375000,-0.499396623464,-0.274668142905
-0.531250000,-0.359375000,-0.415322712069,-0.228427491638
-0.515625000,-0.359375000,-0.331538215091,-0.182346018300
-0.500000000,-0.359375000,-0.248500600295,-0.136675330162
-0.484375000,-0.359375000,-0.166613349773,-0.0916373423749
-0.468750000,-0.359375000,-0.0862295462200,-0.0474262504210
-0.453125000,-0.359375000,-0.00765541082845,-0.00421047595565
-0.437500000,-0.359375000,0.0688462273027,0.0378654250165
-0.421875000,-0.359375000,0.143052545199,0.0786788998596
-0.406250000,-0.359375000,0.214777437095,0.118127590402
-0.390625000,-0.359375000,0.283868331238,0.156127582181
-0.375000000,-0.359375000,0.350203121608,0.192611716884
-0.359375000,-0.359375000,0.413687218613,0.227527970237
-0.343750000,-0.359375000,0.474250723585,0.260837897971
-0.328125000,-0.359375000,0.531845730082,0.292515151545
-0.312500000,-0.359375000,0.586443752863,0.322544064075
-0.296875000,-0.359375000,0.638033285809,0.350918307195
-0.281250000,-0.359375000,0.686617488325,0.377639618579
-0.265625000,-0.359375000,0.732212001180,0.402716600649
-0.250000000,-0.359375000,0.774842887808,0.426163588294
-0.234375000,-0.359375000,0.814544702973,0.447999586635
-0.218750000,-0.359375000,0.851358685296,0.468247276913
-0.203125000,-0.359375000,0.885331071848,0.486932089516
-0.187500000,-0.359375000,0.916511533790,0.504081343585
-0.171875000,-0.359375000,0.944951730662,0.519723451864
-0.156250000,-0.359375000,0.970703980804,0.533887189442
-0.140625000,-0.359375000,0.993820046623,0.546601025643
-0.125000000,-0.359375000,1.01445217039,0.557948693713
-0.109375000,-0.359375000,1.03240180341,0.567820991877
-0.093750000,-0.359375000,1.04787119369,0.576329156531
-0.078125000,-0.359375000,1.06089609229,0.583492850761
-0.062500000,-0.359375000,1.07150791833,0.589329355084
-0.046875000,-0.359375000,1.07973317315,0.593853245235
-0.031250000,-0.359375000,1.08559296280,0.597076129540
-0.015625000,-0.359375000,1.08897445775,0.598935951763
0.000000000,-0.359375000,1.09015692485,0.599586308665
0.015625000,-0.359375000,1.08897445775,0.598935951763
0.031250000,-0.359375000,1.08559296280,0.597076129540
0.046875000,-0.359375000,1.07973317315,0.593853245235
0.062500000,-0.359375000,1.07150791833,0.589329355084
0.078125000,-0.359375000,1.06089609229,0.583492850761
0.093750000,-0.359375000,1.04787119369,0.576329156531
0.109375000,-0.359375000,1.03240180341,0.567820991877
0.125000000,-0.359375000,1.01445217039,0.557948693713
0.140625000,-0.359375000,0.993820046623,0.546601025643
0.156250000,-0.359375000,0.970703980804,0.533887189442
0.171875000,-0.359375000,0.944951730662,0.519723451864
0.187500000,-0.359375000,0.916511533790,0.504081343585
0.203125000,-0.359375000,0.885331071848,0.486932089516
0.218750000,-0.359375000,0.851358685296,0.468247276913
0.234375000,-0.359375000,0.814544702973,0.447999586635
0.250000000,-0.359375000,0.774842887808,0.426163588294
0.265625000,-0.359375000,0.732212001180,0.402716600649
0.281250000,-0.359375000,0.686617488325,0.377639618579
0.296875000,-0.359375000,0.638033285809,0.350918307195
0.312500000,-0.359375000,0.586443752863,0.322544064075
0.328125000,-0.359375000,0.531845730082,0.292515151545
0.343750000,-0.359375000,0.474250723585,0.260837897971
0.359375000,-0.359375000,0.413687218613,0.227527970237
0.375000000,-0.359375000,0.350203121608,0.192611716884
0.390625000,-0.359375000,0.283868331238,0.156127582181
0.406250000,-0.359375000,0.214777437095,0.118127590402
0.421875000,-0.359375000,0.143052545199,0.0786788998596
0.437500000,-0.359375000,0.0688462273027,0.0378654250165
0.453125000,-0.359375000,-0.00765541082845,-0.00421047595565
0.468750000,-0.359375000,-0.0862295462200,-0.0474262504210
0.484375000,-0.359375000,-0.166613349773,-0.0916373423749
0.500000000,-0.359375000,-0.248500600295,-0.136675330162
0.515625000,-0.359375000,-0.331538215091,-0.182346018300
0.531250000,-0.359375000,-0.415322712069,-0.228427491638
0.546875000,-0.359375000,-0.499396623464,-0.274668142905
0.562500000,-0.359375000,-0.583244885849,-0.320784687217
0.578125000,-0.359375000,-0.666291236054,-0.366460179830
0.593750000,-0.359375000,-0.747894648613,-0.411342056737
0.609375000,-0.359375000,-0.827345859897,-0.455040222943
0.625000000,-0.359375000,-0.903864030591,-0.497125216825
0.640625000,-0.359375000,-0.976593611293,-0.537126486211
0.656250000,-0.359375000,-1.04460148634,-0.574530817488
0.671875000,-0.359375000,-1.10687448880,-0.608780968839
0.687500000,-0.359375000,-1.16231739390,-0.639274566645
0.703125000,-0.359375000,-1.20975152247,-0.665363337357
0.718750000,-0.359375000,-1.24791410914,-0.686352760029
0.734375000,-0.359375000,-1.27545861973,-0.701502240852
0.750000000,-0.359375000,-1.29095623911,-0.710025931512
0.765625000,-0.359375000,-1.29289879044,-0.711094334743
0.781250000,-0.359375000,-1.27970339946,-0.703836869703
0.796875000,-0.359375000,-1.24971927531,-0.687345601422
0.812500000,-0.359375000,-1.20123705212,-0.660680378663
0.828125000,-0.359375000,-1.13250122097,-0.622875671535
0.843750000,-0.359375000,-1.04172628509,-0.572949456800
0.859375000,-0.359375000,-0.927117393915,-0.509914566653
0.875000000,-0.359375000,-0.786896363728,-0.432793000051
0.890625000,-0.359375000,-0.619334168639,-0.340633792751
0.906250000,-0.359375000,-0.422791208561,-0.232535164708
0.921875000,-0.359375000,,
0.937500000,-0.359375000,,
0.953125000,-0.359375000,,
0.968750000,-0.359375000,,
0.984375000,-0.359375000,,
1.000000000,-0.359375000,,
-1.000000000,-0.343750000,,
-0.984375000,-0.343750000,,
-0.968750000,-0.343750000,,
-0.953125000,-0.343750000,,
-0.937500000,-0.343750000,,
-0.921875000,-0.343750000,-0.241820915019,-0.133001503260
-0.906250000,-0.343750000,-0.467510699029,-0.257130884466
-0.890625000,-0.343750000,-0.662233335584,-0.364228334571
-0.875000000,-0.343750000,-0.827613907860,-0.455187649323
-0.859375000,-0.343750000,-0.965396803967,-0.530968242182
-0.843750000,-0.343750000,-1.07739893373,-0.592569413554
-0.828125000,-0.343750000,-1.16547187076,-0.641009528920
-0.812500000,-0.343750000,-1.23147141678,-0.677309279231
-0.796875000,-0.343750000,-1.27723334037,-0.702478337206
-0.781250000,-0.343750000,-1.30455424920,-0.717504837058
-0.765625000,-0.343750000,-1.31517672872,-0.723347200796
-0.750000000,-0.343750000,-1.31077802288,-0.720927912584
-0.734375000,-0.343750000,-1.29296165114,-0.711128908125
-0.718750000,-0.343750000,-1.26325145547,-0.694788300507
-0.703125000,-0.343750000,-1.22308765102,-0.672698208060
-0.687500000,-0.343750000,-1.17382452554,-0.645603489046
-0.671875000,-0.343750000,-1.11672948845,-0.614201218649
-0.656250000,-0.343750000,-1.05298321808,-0.579140769946
-0.640625000,-0.343750000,-0.983680698083,-0.541024383946
-0.625000000,-0.343750000,-0.909832965042,-0.500408130773
-0.609375000,-0.343750000,-0.832369420391,-0.457803181215
-0.593750000,-0.343750000,-0.752140581215,-0.413677319668
-0.578125000,-0.343750000,-0.669921168199,-0.368456642510
-0.562500000,-0.343750000,-0.586413441055,-0.322527392581
-0.546875000,-0.343750000,-0.502250711993,-0.276237891596
-0.531250000,-0.343750000,-0.418000974252,-0.229900535839
-0.515625000,-0.343750000,-0.334170597361,-0.183793828548
-0.500000000,-0.343750000,-0.251208047085,-0.138164425897
-0.484375000,-0.343750000,-0.169507596350,-0.0932291779923
-0.468750000,-0.343750000,-0.0894129981424,-0.0491771489783
-0.453125000,-0.343750000,-0.0112210992575,-0.00617160459164
-0.437500000,-0.343750000,0.0648146245946,0.0356480435271
-0.421875000,-0.343750000,0.138480626545,0.0761643445998
-0.406250000,-0.343750000,0.209599950701,0.115279972886
-0.390625000,-0.343750000,0.278029007600,0.152915954180
-0.375000000,-0.343750000,0.343654469678,0.189009958323
-0.359375000,-0.343750000,0.406390291777,0.223514660478
-0.343750000,-0.343750000,0.466174859872,0.256396172930
-0.328125000,-0.343750000,0.522968270071,0.287632548539
-0.312500000,-0.343750000,0.576749739937,0.317212356965
-0.296875000,-0.343750000,0.627515150775,0.345133332926
-0.281250000,-0.343750000,0.675274722025,0.371401097114
-0.265625000,-0.343750000,0.720050816383,0.396027949011
-0.250000000,-0.343750000,0.761875873189,0.419031730254
-0.234375000,-0.343750000,0.800790470804,0.440434758942
-0.218750000,-0.343750000,0.836841513806,0.460262832593
-0.203125000,-0.343750000,0.870080544022,0.478544299212
-0.187500000,-0.343750000,0.900562173519,0.495309195435
-0.171875000,-0.343750000,0.928342636771,0.510588450224
-0.156250000,-0.343750000,0.953478460085,0.524413153047
-0.140625000,-0.343750000,0.976025246540,0.536813885597
-0.125000000,-0.343750000,0.996137534619,0.547875644040
-0.109375000,-0.343750000,1.01362198477,0.557492091624
-0.093750000,-0.343750000,1.02868294309,0.565775618697
-0.078125000,-0.343750000,1.04135842237,0.572747132302
-0.062500000,-0.343750000,1.05168175428,0.578424964855
-0.046875000,-0.343750000,1.05968100423,0.582824552328
-0.031250000,-0.343750000,1.06537849377,0.585958171575
-0.015625000,-0.343750000,1.06879043064,0.587834736854
0.000000000,-0.343750000,1.06992664487,0.588459654680
0.015625000,-0.343750000,1.06879043064,0.587834736854
0.031250000,-0.343750000,1.06537849377,0.585958171575
0.046875000,-0.343750000,1.05968100423,0.582824552328
0.062500000,-0.343750000,1.05168175428,0.578424964855
0.078125000,-0.343750000,1.04135842237,0.572747132302
0.093750000,-0.343750000,1.02868294309,0.565775618697
0.109375000,-0.343750000,1.01362198477,0.557492091624
0.125000000,-0.343750000,0.996137534619,0.547875644040
0.140625000,-0.343750000,0.976025246540,0.536813885597
0.156250000,-0.343750000,0.953478460085,0.524413153047
0.171875000,-0.343750000,0.928342636771,0.510588450224
0.187500000,-0.343750000,0.900562173519,0.495309195435
0.203125000,-0.343750000,0.870080544022,0.478544299212
0.218750000,-0.343750000,0.836841513806,0.460262832593
0.234375000,-0.343750000,0.800790470804,0.440434758942
0.250000000,-0.343750000,0.761875873189,0.419031730254
0.265625000,-0.343750000,0.720050816383,0.396027949011
0.281250000,-0.343750000,0.675274722025,0.371401097114
0.296875000,-0.343750000,0.627515150775,0.345133332926
0.312500000,-0.343750000,0.576749739937,0.317212356965
0.328125000,-0.343750000,0.522968270071,0.287632548539
0.343750000,-0.343750000,0.466174859872,0.256396172930
0.359375000,-0.343750000,0.406390291777,0.223514660478
0.375000000,-0.343750000,0.343654469678,0.189009958323
0.390625000,-0.343750000,0.278029007600,0.152915954180
0.406250000,-0.343750000,0.209599950701,0.115279972886
0.421875000,-0.343750000,0.138480626545,0.0761643445998
0.437500000,-0.343750000,0.0648146245946,0.0356480435271
0.453125000,-0.343750000,-0.0112210992575,-0.00617160459164
0.468750000,-0.343750000,-0.0894129981424,-0.0491771489783
0.484375000,-0.343750000,-0.169507596350,-0.0932291779923
0.500000000,-0.343750000,-0.251208047085,-0.138164425897
0.515625000,-0.343750000,-0.334170597361,-0.183793828548
0.531250000,-0.343750000,-0.418000974252,-0.229900535839
0.546875000,-0.343750000,-0.502250711993,-0.276237891596
0.562500000,-0.343750000,-0.586413441055,-0.322527392581
0.578125000,-0.343750000,-0.669921168199,-0.368456642510
0.593750000,-0.343750000,-0.752140581215,-0.413677319668
0.609375000,-0.343750000,-0.832369420391,-0.457803181215
0.625000000,-0.343750000,-0.909832965042,-0.500408130773
0.640625000,-0.343750000,-0.983680698083,-0.541024383946
0.656250000,-0.343750000,-1.05298321808,-0.579140769946
0.671875000,-0.343750000,-1.11672948845,-0.614201218649
0.687500000,-0.343750000,-1.17382452554,-0.645603489046
0.703125000,-0.343750000,-1.22308765102,-0.672698208060
0.718750000,-0.343750000,-1.26325145547,-0.694788300507
0.734375000,-0.343750000,-1.29296165114,-0.711128908125
0.750000000,-0.343750000,-1.31077802288,-0.720927912584
0.765625000,-0.343750000,-1.31517672872,-0.723347200796
0.781250000,-0.343750000,-1.30455424920,-0.717504837058
0.796875000,-0.343750000,-1.27723334037,-0.702478337206
0.812500000,-0.343750000,-1.23147141678,-0.677309279231
0.828125000,-0.343750000,-1.16547187076,-0.641009528920
0.843750000,-0.343750000,-1.07739893373,-0.592569413554
0.859375000,-0.343750000,-0.965396803967,-0.530968242182
0.875000000,-0.343750000,-0.827613907860,-0.455187649323
0.890625000,-0.343750000,-0.662233335584,-0.364228334571
0.906250000,-0.343750000,-0.467510699029,-0.257130884466
0.921875000,-0.343750000,-0.241820915019,-0.133001503260
0.937500000,-0.343750000,,
0.953125000,-0.343750000,,
0.968750000,-0.343750000,,
0.984375000,-0.343750000,,
1.000000000,-0.343750000,,
-1.000000000,-0.328125000,,
-0.984375000,-0.328125000,,
-0.968750000,-0.328125000,,
-0.953125000,-0.328125000,,
-0.937500000,-0.328125000,,
-0.921875000,-0.328125000,-0.285025514123,-0.156764032768
-0.906250000,-0.328125000,-0.509304793611,-0.280117636486
-0.890625000,-0.328125000,-0.702181647829,-0.386199906306
-0.875000000,-0.328125000,-0.865396170698,-0.475967893884
-0.859375000,-0.328125000,-1.00078949067,-0.550434219867
-0.843750000,-0.328125000,-1.11025959496,-0.610642777230
-0.828125000,-0.328125000,-1.19572569494,-0.657649132217
-0.812500000,-0.328125000,-1.25909968922,-0.692504829070
-0.796875000,-0.328125000,-1.30226352778,-0.716244940280
-0.781250000,-0.328125000,-1.32705147801,-0.729878312906
-0.765625000,-0.328125000,-1.33523646244,-0.734380054343
-0.750000000,-0.328125000,-1.32851977038,-0.730685873711
-0.734375000,-0.328125000,-1.30852356569,-0.719687961127
-0.718750000,-0.328125000,-1.27678570184,-0.702232136010
-0.703125000,-0.328125000,-1.23475643814,-0.679116040975
-0.687500000,-0.328125000,-1.18379671505,-0.651088193275
-0.671875000,-0.328125000,-1.12517770348,-0.618847736912
-0.656250000,-0.328125000,-1.06008138542,-0.583044761979
-0.640625000,-0.328125000,-0.989601968423,-0.544281082633
-0.625000000,-0.328125000,-0.914747960549,-0.503111378302
-0.609375000,-0.328125000,-0.836444768034,-0.460044622419
-0.593750000,-0.328125000,-0.755537695549,-0.415545732552
-0.578125000,-0.328125000,-0.672795249764,-0.370037387370
-0.562500000,-0.328125000,-0.588912664675,-0.323901965572
-0.546875000,-0.328125000,-0.504515578659,-0.277483568262
-0.531250000,-0.328125000,-0.420163806672,-0.231090093669
-0.515625000,-0.328125000,-0.336355160288,-0.184995338158
-0.500000000,-0.328125000,-0.253529276044,-0.139441101824
-0.484375000,-0.328125000,-0.172071420446,-0.0946392812451
-0.468750000,-0.328125000,-0.0923162445234,-0.0507739344879
-0.453125000,-0.328125000,-0.0145514694063,-0.00800330817344
-0.437500000,-0.328125000,0.0609785187980,0.0335381853389
-0.421875000,-0.328125000,0.134069172839,0.0737380450615
-0.406250000,-0.328125000,0.204552401322,0.112503820727
-0.390625000,-0.328125000,0.272293305505,0.149761318028
-0.375000000,-0.328125000,0.337187041485,0.185452872817
-0.359375000,-0.328125000,0.399155811893,0.219535696541
-0.343750000,-0.328125000,0.458145991597,0.251980295378
-0.328125000,-0.328125000,0.514125386575,0.282768962616
-0.312500000,-0.328125000,0.567080628248,0.311894345536
-0.296875000,-0.328125000,0.617014702192,0.339358086205
-0.281250000,-0.328125000,0.663944611764,0.365169536470
-0.265625000,-0.328125000,0.707899173276,0.389344545302
-0.250000000,-0.328125000,0.748916943641,0.411904319003
-0.234375000,-0.328125000,0.787044276160,0.432874351888
-0.218750000,-0.328125000,0.822333503805,0.452283427093
-0.203125000,-0.328125000,0.854841247946,0.470162686370
-0.187500000,-0.328125000,0.884626848516,0.486544766684
-0.171875000,-0.328125000,0.911750915539,0.501463003546
-0.156250000,-0.328125000,0.936273997627,0.514950698695
-0.140625000,-0.328125000,0.958255367062,0.527040451884
-0.125000000,-0.328125000,0.977858589591,0.537822224275
-0.109375000,-0.328125000,0.994879994334,0.547183996884
-0.093750000,-0.328125000,1.00953464190,0.555244053047
-0.078125000,-0.328125000,1.02186269223,0.562024480724
-0.062500000,-0.328125000,1.03189929228,0.567544610751
-0.046875000,-0.328125000,1.03967399112,0.571820695116
-0.031250000,-0.328125000,1.04521026372,0.574865645047
-0.015625000,-0.328125000,1.04852514130,0.576688827716
0.000000000,-0.328125000,1.04962894752,0.577295921134
0.015625000,-0.328125000,1.04852514130,0.576688827716
0.031250000,-0.328125000,1.04521026372,0.574865645047
0.046875000,-0.328125000,1.03967399112,0.571820695116
0.062500000,-0.328125000,1.03189929228,0.567544610751
0.078125000,-0.328125000,1.02186269223,0.562024480724
0.093750000,-0.328125000,1.00953464190,0.555244053047
0.109375000,-0.328125000,0.994879994334,0.547183996884
0.125000000,-0.328125000,0.977858589591,0.537822224275
0.140625000,-0.328125000,0.958255367062,0.527040451884
0.156250000,-0.328125000,0.936273997627,0.514950698695
0.171875000,-0.328125000,0.911750915539,0.501463003546
0.187500000,-0.328125000,0.884626848516,0.486544766684
0.203125000,-0.328125000,0.854841247946,0.470162686370
0.218750000,-0.328125000,0.822333503805,0.452283427093
0.234375000,-0.328125000,0.787044276160,0.432874351888
0.250000000,-0.328125000,0.748916943641,0.411904319003
0.265625000,-0.328125000,0.707899173276,0.389344545302
0.281250000,-0.328125000,0.663944611764,0.365169536470
0.296875000,-0.328125000,0.617014702192,0.339358086205
0.312500000,-0.328125000,0.567080628248,0.311894345536
0.328125000,-0.328125000,0.514125386575,0.282768962616
0.343750000,-0.328125000,0.458145991597,0.251980295378
0.359375000,-0.328125000,0.399155811893,0.219535696541
0.375000000,-0.328125000,0.337187041485,0.185452872817
0.390625000,-0.328125000,0.272293305505,0.149761318028
0.406250000,-0.328125000,0.204552401322,0.112503820727
0.421875000,-0.328125000,0.134069172839,0.0737380450615
0.437500000,-0.328125000,0.0609785187980,0.0335381853389
0.453125000,-0.328125000,-0.0145514694063,-0.00800330817344
0.468750000,-0.328125000,-0.0923162445234,-0.0507739344879
0.484375000,-0.328125000,-0.172071420446,-0.0946392812451
0.500000000,-0.328125000,-0.253529276044,-0.139441101824
0.515625000,-0.328125000,-0.336355160288,-0.184995338158
0.531250000,-0.328125000,-0.420163806672,-0.231090093669
0.546875000,-0.328125000,-0.504515578659,-0.277483568262
0.562500000,-0.328125000,-0.588912664675,-0.323901965572
0.578125000,-0.328125000,-0.672795249764,-0.370037387370
0.593750000,-0.328125000,-0.755537695549,-0.415545732552
0.609375000,-0.328125000,-0.836444768034,-0.460044622419
0.625000000,-0.328125000,-0.914747960549,-0.503111378302
0.640625000,-0.328125000,-0.989601968423,-0.544281082633
0.656250000,-0.328125000,-1.06008138542,-0.583044761979
0.671875000,-0.328125000,-1.12517770348,-0.618847736912
0.687500000,-0.328125000,-1.18379671505,-0.651088193275
0.703125000,-0.328125000,-1.23475643814,-0.679116040975
0.718750000,-0.328125000,-1.27678570184,-0.702232136010
0.734375000,-0.328125000,-1.30852356569,-0.719687961127
0.750000000,-0.328125000,-1.32851977038,-0.730685873711
0.765625000,-0.328125000,-1.33523646244,-0.734380054343
0.781250000,-0.328125000,-1.32705147801,-0.729878312906
0.796875000,-0.328125000,-1.30226352778,-0.716244940280
0.812500000,-0.328125000,-1.25909968922,-0.692504829070
0.828125000,-0.328125000,-1.19572569494,-0.657649132217
0.843750000,-0.328125000,-1.11025959496,-0.610642777230
0.859375000,-0.328125000,-1.00078949067,-0.550434219867
0.875000000,-0.328125000,-0.865396170698,-0.475967893884
0.890625000,-0.328125000,-0.702181647829,-0.386199906306
0.906250000,-0.328125000,-0.509304793611,-0.280117636486
0.921875000,-0.328125000,-0.285025514123,-0.156764032768
0.937500000,-0.328125000,,
0.953125000,-0.328125000,,
0.968750000,-0.328125000,,
0.984375000,-0.328125000,,
1.000000000,-0.328125000,,
-1.000000000,-0.312500000,,
-0.984375000,-0.312500000,,
-0.968750000,-0.312500000,,
-0.953125000,-0.312500000,,
-0.937500000,-0.312500000,,
-0.921875000,-0.312500000,-0.324940515368,-0.178717283452
-0.906250000,-0.312500000,-0.547786151305,-0.301282383218
-0.890625000,-0.312500000,-0.738837798404,-0.406360789122
-0.875000000,-0.312500000,-0.899941936038,-0.494968064821
-0.859375000,-0.312500000,-1.03302914492,-0.568166029705
-0.843750000,-0.312500000,-1.14007233757,-0.627039785664
-0.828125000,-0.312500000,-1.22305317482,-0.672679246149
-0.812500000,-0.312500000,-1.28393528397,-0.706164406183
-0.796875000,-0.312500000,-1.32464312648,-0.728553719564
-0.781250000,-0.312500000,-1.34704555558,-0.740875055570
-0.765625000,-0.312500000,-1.35294326424,-0.744118795330
-0.750000000,-0.312500000,-1.34405945551,-0.739232700529
-0.734375000,-0.312500000,-1.32203317638,-0.727118247007
-0.718750000,-0.312500000,-1.28841484843,-0.708628166634
-0.703125000,-0.312500000,-1.24466360315,-0.684564981733
-0.687500000,-0.312500000,-1.19214609449,-0.655680351971
-0.671875000,-0.312500000,-1.13213651426,-0.622675082843
-0.656250000,-0.312500000,-1.06581757873,-0.586199668302
-0.640625000,-0.312500000,-0.994282294798,-0.546855262139
-0.625000000,-0.312500000,-0.918536342810,-0.505194988546
-0.609375000,-0.312500000,-0.839500941683,-0.461725517926
-0.593750000,-0.312500000,-0.758016081699,-0.416908844935
-0.578125000,-0.312500000,-0.674844031707,-0.371164217439
-0.562500000,-0.312500000,-0.590673041469,-0.324870172808
-0.546875000,-0.312500000,-0.506121172975,-0.278366645136
-0.531250000,-0.312500000,-0.421740207385,-0.231957114062
-0.515625000,-0.312500000,-0.338019582150,-0.185910770182
-0.500000000,-0.312500000,-0.255390320738,-0.140464676406
-0.484375000,-0.312500000,-0.174228926811,-0.0958259097462
-0.468750000,-0.312500000,-0.0948612152904,-0.0521736684097
-0.453125000,-0.312500000,-0.0175660634708,-0.00966133490893
-0.437500000,-0.312500000,0.0574209350714,0.0315815142892
-0.421875000,-0.312500000,0.129903926426,0.0714471595345
-0.406250000,-0.312500000,0.199723370407,0.109847853724
-0.390625000,-0.312500000,0.266752740916,0.146714007504
-0.375000000,-0.312500000,0.330895357434,0.181992446589
-0.359375000,-0.312500000,0.392081351297,0.215644743213
-0.343750000,-0.312500000,0.450264768455,0.247645622650
-0.328125000,-0.312500000,0.505420810805,0.277981445943
-0.312500000,-0.312500000,0.557543215043,0.306648768273
-0.296875000,-0.312500000,0.606641769581,0.333652973269
-0.281250000,-0.312500000,0.652739967613,0.359006982187
-0.265625000,-0.312500000,0.695872795014,0.382730037258
-0.250000000,-0.312500000,0.736084651606,0.404846558384
-0.234375000,-0.312500000,0.773427402323,0.425385071277
-0.218750000,-0.312500000,0.807958557865,0.444377206826
-0.203125000,-0.312500000,0.839739580392,0.461856769216
-0.187500000,-0.312500000,0.868834313203,0.477858872262
-0.171875000,-0.312500000,0.895307530948,0.492419142021
-0.156250000,-0.312500000,0.919223609102,0.505572985006
-0.140625000,-0.312500000,0.940645308490,0.517354919670
-0.125000000,-0.312500000,0.959752840532,0.527864062293
-0.109375000,-0.312500000,0.976314719869,0.536973095928
-0.093750000,-0.312500000,0.990566389690,0.544811514330
-0.078125000,-0.312500000,1.00255003684,0.551402520264
-0.062500000,-0.312500000,1.01230252083,0.556766386457
-0.046875000,-0.312500000,1.01985479069,0.560920134878
-0.031250000,-0.312500000,1.02523140925,0.563877275090
-0.015625000,-0.312500000,1.02845018387,0.565647601128
0.000000000,-0.312500000,1.02952190409,0.566237047249
0.015625000,-0.312500000,1.02845018387,0.565647601128
0.031250000,-0.312500000,1.02523140925,0.563877275090
0.046875000,-0.312500000,1.01985479069,0.560920134878
0.062500000,-0.312500000,1.01230252083,0.556766386457
0.078125000,-0.312500000,1.00255003684,0.551402520264
0.093750000,-0.312500000,0.990566389690,0.544811514330
0.109375000,-0.312500000,0.976314719869,0.536973095928
0.125000000,-0.312500000,0.959752840532,0.527864062293
0.140625000,-0.312500000,0.940645308490,0.517354919670
0.156250000,-0.312500000,0.919223609102,0.505572985006
0.171875000,-0.312500000,0.895307530948,0.492419142021
0.187500000,-0.312500000,0.868834313203,0.477858872262
0.203125000,-0.312500000,0.839739580392,0.461856769216
0.218750000,-0.312500000,0.807958557865,0.444377206826
0.234375000,-0.312500000,0.773427402323,0.425385071277
0.250000000,-0.312500000,0.736084651606,0.404846558384
0.265625000,-0.312500000,0.695872795014,0.382730037258
0.281250000,-0.312500000,0.652739967613,0.359006982187
0.296875000,-0.312500000,0.606641769581,0.333652973269
0.312500000,-0.312500000,0.557543215043,0.306648768273
0.328125000,-0.312500000,0.505420810805,0.277981445943
0.343750000,-0.312500000,0.450264768455,0.247645622650
0.359375000,-0.312500000,0.392081351297,0.215644743213
0.375000000,-0.312500000,0.330895357434,0.181992446589
0.390625000,-0.312500000,0.266752740916,0.146714007504
0.406250000,-0.312500000,0.199723370407,0.109847853724
0.421875000,-0.312500000,0.129903926426,0.0714471595345
0.437500000,-0.312500000,0.0574209350714,0.0315815142892
0.453125000,-0.312500000,-0.0175660634708,-0.00966133490893
0.468750000,-0.312500000,-0.0948612152904,-0.0521736684097
0.484375000,-0.312500000,-0.174228926811,-0.0958259097462
0.500000000,-0.312500000,-0.255390320738,-0.140464676406
0.515625000,-0.312500000,-0.338019582150,-0.185910770182
0.531250000,-0.312500000,-0.421740207385,-0.231957114062
0.546875000,-0.312500000,-0.506121172975,-0.278366645136
0.562500000,-0.312500000,-0.590673041469,-0.324870172808
0.578125000,-0.312500000,-0.674844031707,-0.371164217439
0.593750000,-0.312500000,-0.758016081699,-0.416908844935
0.609375000,-0.312500000,-0.839500941683,-0.461725517926
0.625000000,-0.312500000,-0.918536342810,-0.505194988546
0.640625000,-0.312500000,-0.994282294798,-0.546855262139
0.656250000,-0.312500000,-1.06581757873,-0.586199668302
0.671875000,-0.312500000,-1.13213651426,-0.622675082843
0.687500000,-0.312500000,-1.19214609449,-0.655680351971
0.703125000,-0.312500000,-1.24466360315,-0.684564981733
0.718750000,-0.312500000,-1.28841484843,-0.708628166634
0.734375000,-0.312500000,-1.32203317638,-0.727118247007
0.750000000,-0.312500000,-1.34405945551,-0.739232700529
0.765625000,-0.312500000,-1.35294326424,-0.744118795330
0.781250000,-0.312500000,-1.34704555558,-0.740875055570
0.796875000,-0.312500000,-1.32464312648,-0.728553719564
0.812500000,-0.312500000,-1.28393528397,-0.706164406183
0.828125000,-0.312500000,-1.22305317482,-0.672679246149
0.843750000,-0.312500000,-1.14007233757,-0.627039785664
0.859375000,-0.312500000,-1.03302914492,-0.568166029705
0.875000000,-0.312500000,-0.899941936038,-0.494968064821
0.890625000,-0.312500000,-0.738837798404,-0.406360789122
0.906250000,-0.312500000,-0.547786151305,-0.301282383218
0.921875000,-0.312500000,-0.324940515368,-0.178717283452
0.937500000,-0.312500000,,
0.953125000,-0.312500000,,
0.968750000,-0.312500000,,
0.984375000,-0.312500000,,
1.000000000,-0.312500000,,
-1.000000000,-0.296875000,,
-0.984375000,-0.296875000,,
-0.968750000,-0.296875000,,
-0.953125000,-0.296875000,,
-0.937500000,-0.296875000,-0.105754769576,-0.0581651232669
-0.921875000,-0.296875000,-0.361168226232,-0.198642524428
-0.906250000,-0.296875000,-0.582606010223,-0.320433305623
-0.890625000,-0.296875000,-0.771895737567,-0.424542655662
-0.875000000,-0.296875000,-0.930982441885,-0.512040343036
-0.859375000,-0.296875000,-1.06187955149,-0.584033753318
-0.843750000,-0.296875000,-1.16662933875,-0.641646136314
-0.828125000,-0.296875000,-1.24727123251,-0.685999177879
-0.812500000,-0.296875000,-1.30581665840,-0.718199162121
-0.796875000,-0.296875000,-1.34422929860,-0.739326114231
-0.781250000,-0.296875000,-1.36440984670,-0.750425415684
-0.765625000,-0.296875000,-1.36818448656,-0.752501467609
-0.750000000,-0.296875000,-1.35729645197,-0.746513048583
-0.734375000,-0.296875000,-1.33340013023,-0.733370071629
-0.718750000,-0.296875000,-1.29805725817,-0.713931491994
-0.703125000,-0.296875000,-1.25273483512,-0.689004159317
-0.687500000,-0.296875000,-1.19880443675,-0.659342440212
-0.671875000,-0.296875000,-1.13754266593,-0.625648466262
-0.656250000,-0.296875000,-1.07013251868,-0.588572885276
-0.640625000,-0.296875000,-0.997665480409,-0.548716014225
-0.625000000,-0.296875000,-0.921144196372,-0.506629308004
-0.609375000,-0.296875000,-0.841485587329,-0.462817073031
-0.593750000,-0.296875000,-0.759524301504,-0.417738365827
-0.578125000,-0.296875000,-0.676016412543,-0.371809026899
-0.562500000,-0.296875000,-0.591643288186,-0.325403808502
-0.546875000,-0.296875000,-0.507015566511,-0.278858561581
-0.531250000,-0.296875000,-0.422677189720,-0.232472454346
-0.515625000,-0.296875000,-0.339109450769,-0.186510197923
-0.500000000,-0.296875000,-0.256735019692,-0.141204260831
-0.484375000,-0.296875000,-0.175921919665,-0.0967570558160
-0.468750000,-0.296875000,-0.0969874315458,-0.0533430873502
-0.453125000,-0.296875000,-0.0202019061859,-0.0111110484022
-0.437500000,-0.296875000,0.0542075276875,0.0298141402281
-0.421875000,-0.296875000,0.126053372800,0.0693293550402
-0.406250000,-0.296875000,0.195184298177,0.107351363998
-0.390625000,-0.296875000,0.261481806144,0.143814993379
-0.375000000,-0.296875000,0.324857034742,0.178671369108
-0.359375000,-0.296875000,0.385247700134,0.211886235073
-0.343750000,-0.296875000,0.442615179234,0.243438348579
-0.328125000,-0.296875000,0.496941734794,0.273317954136
-0.312500000,-0.296875000,0.548227880203,0.301525334112
-0.296875000,-0.296875000,0.596489885563,0.328069437060
-0.281250000,-0.296875000,0.641757422175,0.352966582196
-0.265625000,-0.296875000,0.684071343773,0.376239239075
-0.250000000,-0.296875000,0.723481602427,0.397914881335
-0.234375000,-0.296875000,0.760045296492,0.418024913070
-0.218750000,-0.296875000,0.793824848814,0.436603666848
-0.203125000,-0.296875000,0.824886310645,0.453687470855
-0.187500000,-0.296875000,0.853297791190,0.469313785155
-0.171875000,-0.296875000,0.879128007954,0.483520404375
-0.156250000,-0.296875000,0.902444956295,0.496344725962
-0.140625000,-0.296875000,0.923314695665,0.507823082616
-0.125000000,-0.296875000,0.941943392571,0.518068865914
-0.109375000,-0.296875000,0.958050706773,0.526927888725
-0.093750000,-0.296875000,0.971903994500,0.534547196975
-0.078125000,-0.296875000,0.983547342656,0.540951038461
-0.062500000,-0.296875000,0.993019216160,0.546160568888
-0.046875000,-0.296875000,1.00035187563,0.550193531596
-0.031250000,-0.296875000,1.00557090251,0.553063996381
-0.015625000,-0.296875000,1.00869483155,0.554782157354
0.000000000,-0.296875000,1.00973488818,0.555354188499
0.015625000,-0.296875000,1.00869483155,0.554782157354
0.031250000,-0.296875000,1.00557090251,0.553063996381
0.046875000,-0.296875000,1.00035187563,0.550193531596
0.062500000,-0.296875000,0.993019216160,0.546160568888
0.078125000,-0.296875000,0.983547342656,0.540951038461
0.093750000,-0.296875000,0.971903994500,0.534547196975
0.109375000,-0.296875000,0.958050706773,0.526927888725
0.125000000,-0.296875000,0.941943392571,0.518068865914
0.140625000,-0.296875000,0.923314695665,0.507823082616
0.156250000,-0.296875000,0.902444956295,0.496344725962
0.171875000,-0.296875000,0.879128007954,0.483520404375
0.187500000,-0.296875000,0.853297791190,0.469313785155
0.203125000,-0.296875000,0.824886310645,0.453687470855
0.218750000,-0.296875000,0.793824848814,0.436603666848
0.234375000,-0.296875000,0.760045296492,0.418024913070
0.250000000,-0.296875000,0.723481602427,0.397914881335
0.265625000,-0.296875000,0.684071343773,0.376239239075
0.281250000,-0.296875000,0.641757422175,0.352966582196
0.296875000,-0.296875000,0.596489885563,0.328069437060
0.312500000,-0.296875000,0.548227880203,0.301525334112
0.328125000,-0.296875000,0.496941734794,0.273317954136
0.343750000,-0.296875000,0.442615179234,0.243438348579
0.359375000,-0.296875000,0.385247700134,0.211886235073
0.375000000,-0.296875000,0.324857034742,0.178671369108
0.390625000,-0.296875000,0.261481806144,0.143814993379
0.406250000,-0.296875000,0.195184298177,0.107351363998
0.421875000,-0.296875000,0.126053372800,0.0693293550402
0.437500000,-0.296875000,0.0542075276875,0.0298141402281
0.453125000,-0.296875000,-0.0202019061859,-0.0111110484022
0.468750000,-0.296875000,-0.0969874315458,-0.0533430873502
0.484375000,-0.296875000,-0.175921919665,-0.0967570558160
0.500000000,-0.296875000,-0.256735019692,-0.141204260831
0.515625000,-0.296875000,-0.339109450769,-0.186510197923
0.531250000,-0.296875000,-0.422677189720,-0.232472454346
0.546875000,-0.296875000,-0.507015566511,-0.278858561581
0.562500000,-0.296875000,-0.591643288186,-0.325403808502
0.578125000,-0.296875000,-0.676016412543,-0.371809026899
0.593750000,-0.296875000,-0.759524301504,-0.417738365827
0.609375000,-0.296875000,-0.841485587329,-0.462817073031
0.625000000,-0.296875000,-0.921144196372,-0.506629308004
0.640625000,-0.296875000,-0.997665480409,-0.548716014225
0.656250000,-0.296875000,-1.07013251868,-0.588572885276
0.671875000,-0.296875000,-1.13754266593,-0.625648466262
0.687500000,-0.296875000,-1.19880443675,-0.659342440212
0.703125000,-0.296875000,-1.25273483512,-0.689004159317
0.718750000,-0.296875000,-1.29805725817,-0.713931491994
0.734375000,-0.296875000,-1.33340013023,-0.733370071629
0.750000000,-0.296875000,-1.35729645197,-0.746513048583
0.765625000,-0.296875000,-1.36818448656,-0.752501467609
0.781250000,-0.296875000,-1.36440984670,-0.750425415684
0.796875000,-0.296875000,-1.34422929860,-0.739326114231
0.812500000,-0.296875000,-1.30581665840,-0.718199162121
0.828125000,-0.296875000,-1.24727123251,-0.685999177879
0.843750000,-0.296875000,-1.16662933875,-0.641646136314
0.859375000,-0.296875000,-1.06187955149,-0.584033753318
0.875000000,-0.296875000,-0.930982441885,-0.512040343036
0.890625000,-0.296875000,-0.771895737567,-0.424542655662
0.906250000,-0.296875000,-0.582606010223,-0.320433305623
0.921875000,-0.296875000,-0.361168226232,-0.198642524428
0.937500000,-0.296875000,-0.105754769576,-0.0581651232669
0.953125000,-0.296875000,,
0.968750000,-0.296875000,,
0.984375000,-0.296875000,,
1.000000000,-0.296875000,,
-1.000000000,-0.281250000,,
-0.984375000,-0.281250000,,
-0.968750000,-0.281250000,,
-0.953125000,-0.281250000,,
-0.937500000,-0.281250000,-0.138842023652,-0.0763631130084
-0.921875000,-0.281250000,-0.393349607498,-0.216342284124
-0.906250000,-0.281250000,-0.613450847446,-0.337397966095
-0.890625000,-0.281250000,-0.801081777287,-0.440594977508
-0.875000000,-0.281250000,-0.958278866465,-0.527053376556
-0.859375000,-0.281250000,-1.08713239907,-0.597922819490
-0.843750000,-0.281250000,-1.18974897103,-0.654361934064
-0.828125000,-0.281250000,-1.26822155339,-0.697521854365
-0.812500000,-0.281250000,-1.32460583456,-0.728533209009
-0.796875000,-0.281250000,-1.36090176934,-0.748495973135
-0.781250000,-0.281250000,-1.37903944390,-0.758471694147
-0.765625000,-0.281250000,-1.38086851194,-0.759477681566
-0.750000000,-0.281250000,-1.36815058202,-0.752482820111
-0.734375000,-0.281250000,-1.34255403703,-0.738404720365
-0.718750000,-0.281250000,-1.30565085046,-0.718107967752
-0.703125000,-0.281250000,-1.25891503843,-0.692403271138
-0.687500000,-0.281250000,-1.20372244231,-0.662047343268
-0.671875000,-0.281250000,-1.14135158624,-0.627743372430
-0.656250000,-0.281250000,-1.07298539866,-0.590141969265
-0.640625000,-0.281250000,-0.999713617596,-0.549842489678
-0.625000000,-0.281250000,-0.922535731327,-0.507394652230
-0.609375000,-0.281250000,-0.842364329116,-0.463300381014
-0.593750000,-0.281250000,-0.760028759247,-0.418015817586
-0.578125000,-0.281250000,-0.676279005813,-0.371953453197
-0.562500000,-0.281250000,-0.591789714073,-0.325484342740
-0.546875000,-0.281250000,-0.507164303877,-0.278940367132
-0.531250000,-0.281250000,-0.422939121355,-0.232616516745
-0.515625000,-0.281250000,-0.339587590262,-0.186773174644
-0.500000000,-0.281250000,-0.257524327287,-0.141638380008
-0.484375000,-0.281250000,-0.177109197350,-0.0974100585425
-0.468750000,-0.281250000,-0.0986512849305,-0.0542582067118
-0.453125000,-0.281250000,-0.0224127654819,-0.0123270210150
-0.437500000,-0.281250000,0.0513873367595,0.0282630352177
-0.421875000,-0.281250000,0.122569514685,0.0674132330770
-0.406250000,-0.281250000,0.190990276649,0.105044652157
-0.390625000,-0.281250000,0.256538781531,0.141096329842
-0.375000000,-0.281250000,0.319133615310,0.175523488420
-0.359375000,-0.281250000,0.378719711368,0.208295841252
-0.343750000,-0.281250000,0.435265414500,0.239395977975
-0.328125000,-0.281250000,0.488759690942,0.268817830018
-0.312500000,-0.281250000,0.539209481110,0.296565214611
-0.296875000,-0.281250000,0.586637196330,0.322650457982
-0.281250000,-0.281250000,0.631078355341,0.347093095437
-0.265625000,-0.281250000,0.672579359965,0.369918647981
-0.250000000,-0.281250000,0.711195407365,0.391157474051
-0.234375000,-0.281250000,0.746988534973,0.410843694235
-0.218750000,-0.281250000,0.780025797064,0.429014188385
-0.203125000,-0.281250000,0.810377568603,0.445707662731
-0.187500000,-0.281250000,0.838115974333,0.460963785883
-0.171875000,-0.281250000,0.863313440009,0.474822392005
-0.156250000,-0.281250000,0.886041363546,0.487322749950
-0.140625000,-0.281250000,0.906368902232,0.498502896227
-0.125000000,-0.281250000,0.924361875067,0.508399031287
-0.109375000,-0.281250000,0.940199303127,0.517109616720
-0.093750000,-0.281250000,0.953660122736,0.524513067505
-0.078125000,-0.281250000,0.964968402937,0.530732621615
-0.062500000,-0.281250000,0.974164100907,0.535790255499
-0.046875000,-0.281250000,0.981280695841,0.539704382713
-0.031250000,-0.281250000,0.986344715827,0.542489593705
-0.015625000,-0.281250000,0.989375370717,0.544156453894
0.000000000,-0.281250000,0.990384291009,0.544711360055
0.015625000,-0.281250000,0.989375370717,0.544156453894
0.031250000,-0.281250000,0.986344715827,0.542489593705
0.046875000,-0.281250000,0.981280695841,0.539704382713
0.062500000,-0.281250000,0.974164100907,0.535790255499
0.078125000,-0.281250000,0.964968402937,0.530732621615
0.093750000,-0.281250000,0.953660122736,0.524513067505
0.109375000,-0.281250000,0.940199303127,0.517109616720
0.125000000,-0.281250000,0.924361875067,0.508399031287
0.140625000,-0.281250000,0.906368902232,0.498502896227
0.156250000,-0.281250000,0.886041363546,0.487322749950
0.171875000,-0.281250000,0.863313440009,0.474822392005
0.187500000,-0.281250000,0.838115974333,0.460963785883
0.203125000,-0.281250000,0.810377568603,0.445707662731
0.218750000,-0.281250000,0.780025797064,0.429014188385
0.234375000,-0.281250000,0.746988534973,0.410843694235
0.250000000,-0.281250000,0.711195407365,0.391157474051
0.265625000,-0.281250000,0.672579359965,0.369918647981
0.281250000,-0.281250000,0.631078355341,0.347093095437
0.296875000,-0.281250000,0.586637196330,0.322650457982
0.312500000,-0.281250000,0.539209481110,0.296565214611
0.328125000,-0.281250000,0.488759690942,0.268817830018
0.343750000,-0.281250000,0.435265414500,0.239395977975
0.359375000,-0.281250000,0.378719711368,0.208295841252
0.375000000,-0.281250000,0.319133615310,0.175523488420
0.390625000,-0.281250000,0.256538781531,0.141096329842
0.406250000,-0.281250000,0.190990276649,0.105044652157
0.421875000,-0.281250000,0.122569514685,0.0674132330770
0.437500000,-0.281250000,0.0513873367595,0.0282630352177
0.453125000,-0.281250000,-0.0224127654819,-0.0123270210150
0.468750000,-0.281250000,-0.0986512849305,-0.0542582067118
0.484375000,-0.281250000,-0.177109197350,-0.0974100585425
0.500000000,-0.281250000,-0.257524327287,-0.141638380008
0.515625000,-0.281250000,-0.339587590262,-0.186773174644
0.531250000,-0.281250000,-0.422939121355,-0.232616516745
0.546875000,-0.281250000,-0.507164303877,-0.278940367132
0.562500000,-0.281250000,-0.591789714073,-0.325484342740
0.578125000,-0.281250000,-0.676279005813,-0.371953453197
0.593750000,-0.281250000,-0.760028759247,-0.418015817586
0.609375000,-0.281250000,-0.842364329116,-0.463300381014
0.625000000,-0.281250000,-0.922535731327,-0.507394652230
0.640625000,-0.281250000,-0.999713617596,-0.549842489678
0.656250000,-0.281250000,-1.07298539866,-0.590141969265
0.671875000,-0.281250000,-1.14135158624,-0.627743372430
0.687500000,-0.281250000,-1.20372244231,-0.662047343268
0.703125000,-0.281250000,-1.25891503843,-0.692403271138
0.718750000,-0.281250000,-1.30565085046,-0.718107967752
0.734375000,-0.281250000,-1.34255403703,-0.738404720365
0.750000000,-0.281250000,-1.36815058202,-0.752482820111
0.765625000,-0.281250000,-1.38086851194,-0.759477681566
0.781250000,-0.281250000,-1.37903944390,-0.758471694147
0.796875000,-0.281250000,-1.36090176934,-0.748495973135
0.812500000,-0.281250000,-1.32460583456,-0.728533209009
0.828125000,-0.281250000,-1.26822155339,-0.697521854365
0.843750000,-0.281250000,-1.18974897103,-0.654361934064
0.859375000,-0.281250000,-1.08713239907,-0.597922819490
0.875000000,-0.281250000,-0.958278866465,-0.527053376556
0.890625000,-0.281250000,-0.801081777287,-0.440594977508
0.906250000,-0.281250000,-0.613450847446,-0.337397966095
0.921875000,-0.281250000,-0.393349607498,-0.216342284124
0.937500000,-0.281250000,-0.138842023652,-0.0763631130084
0.953125000,-0.281250000,,
0.968750000,-0.281250000,,
0.984375000,-0.281250000,,
1.000000000,-0.281250000,,
-1.000000000,-0.265625000,,
-0.984375000,-0.265625000,,
-0.968750000,-0.265625000,,
-0.953125000,-0.265625000,,
-0.937500000,-0.265625000,-0.167479473445,-0.0921137103948
-0.921875000,-0.265625000,-0.421160740861,-0.231638407474
-0.906250000,-0.265625000,-0.640039298359,-0.352021614098
-0.890625000,-0.265625000,-0.826151895309,-0.454383542420
-0.875000000,-0.265625000,-0.981619960526,-0.539890978290
-0.859375000,-0.265625000,-1.10860519398,-0.609732856691
-0.843750000,-0.265625000,-1.20927395409,-0.665100674749
-0.828125000,-0.265625000,-1.28576894049,-0.707172917268
-0.812500000,-0.265625000,-1.34018692531,-0.737102808919
-0.796875000,-0.265625000,-1.37456149735,-0.756008823541
-0.781250000,-0.265625000,-1.39084995734,-0.764967476535
-0.765625000,-0.265625000,-1.39092364411,-0.765008004259
-0.750000000,-0.265625000,-1.37656109076,-0.757108599916
-0.734375000,-0.265625000,-1.34944351190,-0.742193931547
-0.718750000,-0.265625000,-1.31115219885,-0.721133709369
-0.703125000,-0.265625000,-1.26316747487,-0.694742111177
-0.687500000,-0.265625000,-1.20686891530,-0.663777903414
-0.671875000,-0.265625000,-1.14353658747,-0.628945123107
-0.656250000,-0.265625000,-1.07435310420,-0.590894207308
-0.640625000,-0.265625000,-1.00040631963,-0.550223475796
-0.625000000,-0.265625000,-0.922692523363,-0.507480887850
-0.609375000,-0.265625000,-0.842120012823,-0.463166007052
-0.593750000,-0.265625000,-0.759512943981,-0.417732119190
-0.578125000,-0.265625000,-0.675615377643,-0.371588457704
-0.562500000,-0.265625000,-0.591095452031,-0.325102498617
-0.546875000,-0.265625000,-0.506549624592,-0.278602293526
-0.531250000,-0.265625000,-0.422506936263,-0.232378814945
-0.515625000,-0.265625000,-0.339433259811,-0.186688292896
-0.500000000,-0.265625000,-0.257735500677,-0.141754525372
-0.484375000,-0.265625000,-0.177765724909,-0.0977711487000
-0.468750000,-0.265625000,-0.0998251951465,-0.0549038573306
-0.453125000,-0.265625000,-0.0241682958531,-0.0132925627192
-0.437500000,-0.265625000,0.0489936605883,0.0269465133236
-0.421875000,-0.265625000,0.119488760524,0.0657188182880
-0.406250000,-0.265625000,0.187180952382,0.102949523810
-0.390625000,-0.265625000,0.251966652827,0.138581659055
-0.375000000,-0.265625000,0.313771499375,0.172574324656
-0.359375000,-0.265625000,0.372547249306,0.204900987118
-0.343750000,-0.265625000,0.428268828849,0.235547855867
-0.328125000,-0.265625000,0.480931527708,0.264512340239
-0.312500000,-0.265625000,0.530548342489,0.291801588369
-0.296875000,-0.265625000,0.577147464328,0.317431105380
-0.281250000,-0.265625000,0.620769909119,0.341423450015
-0.265625000,-0.265625000,0.661467289014,0.363807008958
-0.250000000,-0.265625000,0.699299721149,0.384614846632
-0.234375000,-0.265625000,0.734333871236,0.403883629180
-0.218750000,-0.265625000,0.766641129117,0.421652621014
-0.203125000,-0.265625000,0.796295912731,0.437962752002
-0.187500000,-0.265625000,0.823374098544,0.452855754199
-0.171875000,-0.265625000,0.847951573734,0.466373365554
-0.156250000,-0.265625000,0.870102909009,0.478556599955
-0.140625000,-0.265625000,0.889900148652,0.489445081759
-0.125000000,-0.265625000,0.907411714102,0.499076442756
-0.109375000,-0.265625000,0.922859880255,0.507572934140
-0.093750000,-0.265625000,0.935935524849,0.514764538667
-0.078125000,-0.265625000,0.946915146394,0.520803330516
-0.062500000,-0.265625000,0.955840075501,0.525712041526
-0.046875000,-0.265625000,0.962744912632,0.529509701947
-0.031250000,-0.265625000,0.967657056395,0.532211381017
-0.015625000,-0.265625000,0.970596337454,0.533827985600
0.000000000,-0.265625000,0.971574758414,0.534366117128
0.015625000,-0.265625000,0.970596337454,0.533827985600
0.031250000,-0.265625000,0.967657056395,0.532211381017
0.046875000,-0.265625000,0.962744912632,0.529509701947
0.062500000,-0.265625000,0.955840075501,0.525712041526
0.078125000,-0.265625000,0.946915146394,0.520803330516
0.093750000,-0.265625000,0.935935524849,0.514764538667
0.109375000,-0.265625000,0.922859880255,0.507572934140
0.125000000,-0.265625000,0.907411714102,0.499076442756
0.140625000,-0.265625000,0.889900148652,0.489445081759
0.156250000,-0.265625000,0.870102909009,0.478556599955
0.171875000,-0.265625000,0.847951573734,0.466373365554
0.187500000,-0.265625000,0.823374098544,0.452855754199
0.203125000,-0.265625000,0.796295912731,0.437962752002
0.218750000,-0.265625000,0.766641129117,0.421652621014
0.234375000,-0.265625000,0.734333871236,0.403883629180
0.250000000,-0.265625000,0.699299721149,0.384614846632
0.265625000,-0.265625000,0.661467289014,0.363807008958
0.281250000,-0.265625000,0.620769909119,0.341423450015
0.296875000,-0.265625000,0.577147464328,0.317431105380
0.312500000,-0.265625000,0.530548342489,0.291801588369
0.328125000,-0.265625000,0.480931527708,0.264512340239
0.343750000,-0.265625000,0.428268828849,0.235547855867
0.359375000,-0.265625000,0.372547249306,0.204900987118
0.375000000,-0.265625000,0.313771499375,0.172574324656
0.390625000,-0.265625000,0.251966652827,0.138581659055
0.406250000,-0.265625000,0.187180952382,0.102949523810
0.421875000,-0.265625000,0.119488760524,0.0657188182880
0.437500000,-0.265625000,0.0489936605883,0.0269465133236
0.453125000,-0.265625000,-0.0241682958531,-0.0132925627192
0.468750000,-0.265625000,-0.0998251951465,-0.0549038573306
0.484375000,-0.265625000,-0.177765724909,-0.0977711487000
0.500000000,-0.265625000,-0.257735500677,-0.141754525372
0.515625000,-0.265625000,-0.339433259811,-0.186688292896
0.531250000,-0.265625000,-0.422506936263,-0.232378814945
0.546875000,-0.265625000,-0.506549624592,-0.278602293526
0.562500000,-0.265625000,-0.591095452031,-0.325102498617
0.578125000,-0.265625000,-0.675615377643,-0.371588457704
0.593750000,-0.265625000,-0.759512943981,-0.417732119190
0.609375000,-0.265625000,-0.842120012823,-0.463166007052
0.625000000,-0.265625000,-0.922692523363,-0.507480887850
0.640625000,-0.265625000,-1.00040631963,-0.550223475796
0.656250000,-0.265625000,-1.07435310420,-0.590894207308
0.671875000,-0.265625000,-1.14353658747,-0.628945123107
0.687500000,-0.265625000,-1.20686891530,-0.663777903414
0.703125000,-0.265625000,-1.26316747487,-0.694742111177
0.718750000,-0.265625000,-1.31115219885,-0.721133709369
0.734375000,-0.265625000,-1.34944351190,-0.742193931547
0.750000000,-0.265625000,-1.37656109076,-0.757108599916
0.765625000,-0.265625000,-1.39092364411,-0.765008004259
0.781250000,-0.265625000,-1.39084995734,-0.764967476535
0.796875000,-0.265625000,-1.37456149735,-0.756008823541
0.812500000,-0.265625000,-1.34018692531,-0.737102808919
0.828125000,-0.265625000,-1.28576894049,-0.707172917268
0.843750000,-0.265625000,-1.20927395409,-0.665100674749
0.859375000,-0.265625000,-1.10860519398,-0.609732856691
0.875000000,-0.265625000,-0.981619960526,-0.539890978290
0.890625000,-0.265625000,-0.826151895309,-0.454383542420
0.906250000,-0.265625000,-0.640039298359,-0.352021614098
0.921875000,-0.265625000,-0.421160740861,-0.231638407474
0.937500000,-0.265625000,-0.167479473445,-0.0921137103948
0.953125000,-0.265625000,,
0.968750000,-0.265625000,,
0.984375000,-0.265625000,,
1.000000000,-0.265625000,,
-1.000000000,-0.250000000,,
-0.984375000,-0.250000000,,
-0.968750000,-0.250000000,,
-0.953125000,-0.250000000,,
-0.937500000,-0.250000000,-0.191329603105,-0.105231281708
-0.921875000,-0.250000000,-0.444309558402,-0.244370257121
-0.906250000,-0.250000000,-0.662119275108,-0.364165601309
-0.890625000,-0.250000000,-0.846889188217,-0.465789053520
-0.875000000,-0.250000000,-1.00081978586,-0.550450882223
-0.859375000,-0.250000000,-1.12613924044,-0.619376582242
-0.843750000,-0.250000000,-1.22506954197,-0.673788248084
-0.828125000,-0.250000000,-1.29979967640,-0.714889822022
-0.812500000,-0.250000000,-1.35246464324,-0.743855553784
-0.796875000,-0.250000000,-1.38512930804,-0.761821119424
-0.781250000,-0.250000000,-1.39977625352,-0.769876939437
-0.765625000,-0.250000000,-1.39829693252,-0.769063312884
-0.750000000,-0.250000000,-1.38248554162,-0.760367047889
-0.734375000,-0.250000000,-1.35403512933,-0.744719321130
-0.718750000,-0.250000000,-1.31453553250,-0.722994542873
-0.703125000,-0.250000000,-1.26547280165,-0.696010040908
-0.687500000,-0.250000000,-1.20822983101,-0.664526407057
-0.671875000,-0.250000000,-1.14408795587,-0.629248375731
-0.656250000,-0.250000000,-1.07422931861,-0.590826125237
-0.640625000,-0.250000000,-0.999739836876,-0.549856910282
-0.625000000,-0.250000000,-0.921612636017,-0.506886949810
-0.609375000,-0.250000000,-0.840751829732,-0.462413506353
-0.593750000,-0.250000000,-0.757976553107,-0.416887104209
-0.578125000,-0.250000000,-0.674025167860,-0.370713842323
-0.562500000,-0.250000000,-0.589559573702,-0.324257765536
-0.546875000,-0.250000000,-0.505169571531,-0.277843264342
-0.531250000,-0.250000000,-0.421377233664,-0.231757478515
-0.515625000,-0.250000000,-0.338641243850,-0.186252684117
-0.500000000,-0.250000000,-0.257361177837,-0.141548647810
-0.484375000,-0.250000000,-0.177881701416,-0.0978349357788
-0.468750000,-0.250000000,-0.100496664824,-0.0552731656531
-0.453125000,-0.250000000,-0.0254530810799,-0.0139991945939
-0.437500000,-0.250000000,0.0470450252966,0.0258747639132
-0.421875000,-0.250000000,0.116832906015,0.0642580983080
-0.406250000,-0.250000000,0.183781521357,0.101079836746
-0.390625000,-0.250000000,0.247794118947,0.136286765421
-0.375000000,-0.250000000,0.308802964012,0.169841630206
-0.359375000,-0.250000000,0.366766220350,0.201721421192
-0.343750000,-0.250000000,0.421664983277,0.231915740802
-0.328125000,-0.250000000,0.473500463672,0.260425255019
-0.312500000,-0.250000000,0.522291320635,0.287260226349
-0.296875000,-0.250000000,0.568071142473,0.312439128360
-0.281250000,-0.250000000,0.610886072226,0.335987339724
-0.265625000,-0.250000000,0.650792574922,0.357935916207
-0.250000000,-0.250000000,0.687855344593,0.378320439526
-0.234375000,-0.250000000,0.722145347014,0.397179940858
-0.218750000,-0.250000000,0.753737995395,0.414555897467
-0.203125000,-0.250000000,0.782711455217,0.430491300369
-0.187500000,-0.250000000,0.809145076142,0.445029791878
-0.171875000,-0.250000000,0.833117946664,0.458214870665
-0.156250000,-0.250000000,0.854707568778,0.470089162828
-0.140625000,-0.250000000,0.873988651035,0.480693758069
-0.125000000,-0.250000000,0.891032014989,0.490067608244
-0.109375000,-0.250000000,0.905903614364,0.498246987900
-0.093750000,-0.250000000,0.918820311431,0.505351171287
-0.078125000,-0.250000000,0.929478916350,0.511213403992
-0.062500000,-0.250000000,0.938139500181,0.515976725099
-0.046875000,-0.250000000,0.944837682256,0.519660725241
-0.031250000,-0.250000000,0.949601651751,0.522280908463
-0.015625000,-0.250000000,0.952451803070,0.523848491689
0.000000000,-0.250000000,0.953400476555,0.524370262105
0.015625000,-0.250000000,0.952451803070,0.523848491689
0.031250000,-0.250000000,0.949601651751,0.522280908463
0.046875000,-0.250000000,0.944837682256,0.519660725241
0.062500000,-0.250000000,0.938139500181,0.515976725099
0.078125000,-0.250000000,0.929478916350,0.511213403992
0.093750000,-0.250000000,0.918820311431,0.505351171287
0.109375000,-0.250000000,0.905903614364,0.498246987900
0.125000000,-0.250000000,0.891032014989,0.490067608244
0.140625000,-0.250000000,0.873988651035,0.480693758069
0.156250000,-0.250000000,0.854707568778,0.470089162828
0.171875000,-0.250000000,0.833117946664,0.458214870665
0.187500000,-0.250000000,0.809145076142,0.445029791878
0.203125000,-0.250000000,0.782711455217,0.430491300369
0.218750000,-0.250000000,0.753737995395,0.414555897467
0.234375000,-0.250000000,0.722145347014,0.397179940858
0.250000000,-0.250000000,0.687855344593,0.378320439526
0.265625000,-0.250000000,0.650792574922,0.357935916207
0.281250000,-0.250000000,0.610886072226,0.335987339724
0.296875000,-0.250000000,0.568071142473,0.312439128360
0.312500000,-0.250000000,0.522291320635,0.287260226349
0.328125000,-0.250000000,0.473500463672,0.260425255019
0.343750000,-0.250000000,0.421664983277,0.231915740802
0.359375000,-0.250000000,0.366766220350,0.201721421192
0.375000000,-0.250000000,0.308802964012,0.169841630206
0.390625000,-0.250000000,0.247794118947,0.136286765421
0.406250000,-0.250000000,0.183781521357,0.101079836746
0.421875000,-0.250000000,0.116832906015,0.0642580983080
0.437500000,-0.250000000,0.0470450252966,0.0258747639132
0.453125000,-0.250000000,-0.0254530810799,-0.0139991945939
0.468750000,-0.250000000,-0.100496664824,-0.0552731656531
0.484375000,-0.250000000,-0.177881701416,-0.0978349357788
0.500000000,-0.250000000,-0.257361177837,-0.141548647810
0.515625000,-0.250000000,-0.338641243850,-0.186252684117
0.531250000,-0.250000000,-0.421377233664,-0.231757478515
0.546875000,-0.250000000,-0.505169571531,-0.277843264342
0.562500000,-0.250000000,-0.589559573702,-0.324257765536
0.578125000,-0.250000000,-0.674025167860,-0.370713842323
0.593750000,-0.250000000,-0.757976553107,-0.416887104209
0.609375000,-0.250000000,-0.840751829732,-0.462413506353
0.625000000,-0.250000000,-0.921612636017,-0.506886949810
0.640625000,-0.250000000,-0.999739836876,-0.549856910282
0.656250000,-0.250000000,-1.07422931861,-0.590826125237
0.671875000,-0.250000000,-1.14408795587,-0.629248375731
0.687500000,-0.250000000,-1.20822983101,-0.664526407057
0.703125000,-0.250000000,-1.26547280165,-0.696010040908
0.718750000,-0.250000000,-1.31453553250,-0.722994542873
0.734375000,-0.250000000,-1.35403512933,-0.744719321130
0.750000000,-0.250000000,-1.38248554162,-0.760367047889
0.765625000,-0.250000000,-1.39829693252,-0.769063312884
0.781250000,-0.250000000,-1.39977625352,-0.769876939437
0.796875000,-0.250000000,-1.38512930804,-0.761821119424
0.812500000,-0.250000000,-1.35246464324,-0.743855553784
0.828125000,-0.250000000,-1.29979967640,-0.714889822022
0.843750000,-0.250000000,-1.22506954197,-0.673788248084
0.859375000,-0.250000000,-1.12613924044,-0.619376582242
0.875000000,-0.250000000,-1.00081978586,-0.550450882223
0.890625000,-0.250000000,-0.846889188217,-0.465789053520
0.906250000,-0.250000000,-0.662119275108,-0.364165601309
0.921875000,-0.250000000,-0.444309558402,-0.244370257121
0.937500000,-0.250000000,-0.191329603105,-0.105231281708
0.953125000,-0.250000000,,
0.968750000,-0.250000000,,
0.984375000,-0.250000000,,
1.000000000,-0.250000000,,
-1.000000000,-0.234375000,,
-0.984375000,-0.234375000,,
-0.968750000,-0.234375000,,
-0.953125000,-0.234375000,0.0799848469509,0.0439916658230
-0.937500000,-0.234375000,-0.210086341987,-0.115547488093
-0.921875000,-0.234375000,-0.462532771500,-0.254393024325
-0.906250000,-0.234375000,-0.679465237187,-0.373705880453
-0.890625000,-0.234375000,-0.863101432330,-0.474705787782
-0.875000000,-0.234375000,-1.01571552312,-0.558643537718
-0.859375000,-0.234375000,-1.13959766030,-0.626778713164
-0.843750000,-0.234375000,-1.23702172153,-0.680361946840
-0.828125000,-0.234375000,-1.31021987353,-0.720620930441
-0.812500000,-0.234375000,-1.36136278007,-0.748749529039
-0.796875000,-0.234375000,-1.39254448099,-0.765899464545
-0.781250000,-0.234375000,-1.40577113158,-0.773174122367
-0.765625000,-0.234375000,-1.40295292449,-0.771624108469
-0.750000000,-0.234375000,-1.38589863096,-0.762244247030
-0.734375000,-0.234375000,-1.35631228852,-0.745971758688
-0.718750000,-0.234375000,-1.31579164249,-0.723685403368
-0.703125000,-0.234375000,-1.26582801143,-0.696205406288
-0.687500000,-0.234375000,-1.20780730096,-0.664294015527
-0.671875000,-0.234375000,-1.14301193659,-0.628656565123
-0.656250000,-0.234375000,-1.07262352251,-0.589942937381
-0.640625000,-0.234375000,-0.997726066533,-0.548749336593
-0.625000000,-0.234375000,-0.919309636200,-0.505620299910
-0.609375000,-0.234375000,-0.838274336206,-0.461050884913
-0.593750000,-0.234375000,-0.755434512470,-0.415488981859
-0.578125000,-0.234375000,-0.671523107631,-0.369337709197
-0.562500000,-0.234375000,-0.587196103850,-0.322957857118
-0.546875000,-0.234375000,-0.503036999829,-0.276670349906
-0.531250000,-0.234375000,-0.419561281237,-0.230758704680
-0.515625000,-0.234375000,-0.337220847006,-0.185471465853
-0.500000000,-0.234375000,-0.256408365779,-0.141024601179
-0.484375000,-0.234375000,-0.177461538826,-0.0976038463544
-0.468750000,-0.234375000,-0.100667250488,-0.0553669877685
-0.453125000,-0.234375000,-0.0262655950632,-0.0144460772848
-0.437500000,-0.234375000,0.0455462328048,0.0250504280426
-0.421875000,-0.234375000,0.114610191829,0.0630356055059
-0.406250000,-0.234375000,0.180803795443,0.0994420874937
-0.390625000,-0.234375000,0.244036667073,0.134220166890
-0.375000000,-0.234375000,0.304247248704,0.167335986787
-0.359375000,-0.234375000,0.361399666001,0.198769816301
-0.343750000,-0.234375000,0.415480747314,0.228514411023
-0.328125000,-0.234375000,0.466497197078,0.256573458393
-0.312500000,-0.234375000,0.514472920757,0.282960106416
-0.296875000,-0.234375000,0.559446499633,0.307695574798
-0.281250000,-0.234375000,0.601468812201,0.330807846710
-0.265625000,-0.234375000,0.640600799236,0.352330439580
-0.250000000,-0.234375000,0.676911369667,0.372301253317
-0.234375000,-0.234375000,0.710475443315,0.390761493823
-0.218750000,-0.234375000,0.741372127565,0.407754670161
-0.203125000,-0.234375000,0.769683024002,0.423325663201
-0.187500000,-0.234375000,0.795490662438,0.437519864341
-0.171875000,-0.234375000,0.818877058524,0.450382382188
-0.156250000,-0.234375000,0.839922391410,0.461957315276
-0.140625000,-0.234375000,0.858703799792,0.472287089886
-0.125000000,-0.234375000,0.875294291793,0.481411860486
-0.109375000,-0.234375000,0.889761767390,0.489368972064
-0.093750000,-0.234375000,0.902168150539,0.496192482796
-0.078125000,-0.234375000,0.912568628240,0.501912745532
-0.062500000,-0.234375000,0.921145505671,0.506630028119
-0.046875000,-0.234375000,0.927642967809,0.510203632295
-0.031250000,-0.234375000,0.932239952331,0.512731973782
-0.015625000,-0.234375000,0.935006969643,0.514253833304
0.000000000,-0.234375000,0.935927838465,0.514760311156
0.015625000,-0.234375000,0.935006969643,0.514253833304
0.031250000,-0.234375000,0.932239952331,0.512731973782
0.046875000,-0.234375000,0.927642967809,0.510203632295
0.062500000,-0.234375000,0.921145505671,0.506630028119
0.078125000,-0.234375000,0.912568628240,0.501912745532
0.093750000,-0.234375000,0.902168150539,0.496192482796
0.109375000,-0.234375000,0.889761767390,0.489368972064
0.125000000,-0.234375000,0.875294291793,0.481411860486
0.140625000,-0.234375000,0.858703799792,0.472287089886
0.156250000,-0.234375000,0.839922391410,0.461957315276
0.171875000,-0.234375000,0.818877058524,0.450382382188
0.187500000,-0.234375000,0.795490662438,0.437519864341
0.203125000,-0.234375000,0.769683024002,0.423325663201
0.218750000,-0.234375000,0.741372127565,0.407754670161
0.234375000,-0.234375000,0.710475443315,0.390761493823
0.250000000,-0.234375000,0.676911369667,0.372301253317
0.265625000,-0.234375000,0.640600799236,0.352330439580
0.281250000,-0.234375000,0.601468812201,0.330807846710
0.296875000,-0.234375000,0.559446499633,0.307695574798
0.312500000,-0.234375000,0.514472920757,0.282960106416
0.328125000,-0.234375000,0.466497197078,0.256573458393
0.343750000,-0.234375000,0.415480747314,0.228514411023
0.359375000,-0.234375000,0.361399666001,0.198769816301
0.375000000,-0.234375000,0.304247248704,0.167335986787
0.390625000,-0.234375000,0.244036667073,0.134220166890
0.406250000,-0.234375000,0.180803795443,0.0994420874937
0.421875000,-0.234375000,0.114610191829,0.0630356055059
0.437500000,-0.234375000,0.0455462328048,0.0250504280426
0.453125000,-0.234375000,-0.0262655950632,-0.0144460772848
0.468750000,-0.234375000,-0.100667250488,-0.0553669877685
0.484375000,-0.234375000,-0.177461538826,-0.0976038463544
0.500000000,-0.234375000,-0.256408365779,-0.141024601179
0.515625000,-0.234375000,-0.337220847006,-0.185471465853
0.531250000,-0.234375000,-0.419561281237,-0.230758704680
0.546875000,-0.234375000,-0.503036999829,-0.276670349906
0.562500000,-0.234375000,-0.587196103850,-0.322957857118
0.578125000,-0.234375000,-0.671523107631,-0.369337709197
0.593750000,-0.234375000,-0.755434512470,-0.415488981859
0.609375000,-0.234375000,-0.838274336206,-0.461050884913
0.625000000,-0.234375000,-0.919309636200,-0.505620299910
0.640625000,-0.234375000,-0.997726066533,-0.548749336593
0.656250000,-0.234375000,-1.07262352251,-0.589942937381
0.671875000,-0.234375000,-1.14301193659,-0.628656565123
0.687500000,-0.234375000,-1.20780730096,-0.664294015527
0.703125000,-0.234375000,-1.26582801143,-0.696205406288
0.718750000,-0.234375000,-1.31579164249,-0.723685403368
0.734375000,-0.234375000,-1.35631228852,-0.745971758688
0.750000000,-0.234375000,-1.38589863096,-0.762244247030
0.765625000,-0.234375000,-1.40295292449,-0.771624108469
0.781250000,-0.234375000,-1.40577113158,-0.773174122367
0.796875000,-0.234375000,-1.39254448099,-0.765899464545
0.812500000,-0.234375000,-1.36136278007,-0.748749529039
0.828125000,-0.234375000,-1.31021987353,-0.720620930441
0.843750000,-0.234375000,-1.23702172153,-0.680361946840
0.859375000,-0.234375000,-1.13959766030,-0.626778713164
0.875000000,-0.234375000,-1.01571552312,-0.558643537718
0.890625000,-0.234375000,-0.863101432330,-0.474705787782
0.906250000,-0.234375000,-0.679465237187,-0.373705880453
0.921875000,-0.234375000,-0.462532771500,-0.254393024325
0.937500000,-0.234375000,-0.210086341987,-0.115547488093
0.953125000,-0.234375000,0.0799848469509,0.0439916658230
0.968750000,-0.234375000,,
0.984375000,-0.234375000,,
1.000000000,-0.234375000,,
-1.000000000,-0.218750000,,
-0.984375000,-0.218750000,,
-0.968750000,-0.218750000,,
-0.953125000,-0.218750000,0.0666946902539,0.0366820796397
-0.937500000,-0.218750000,-0.223471802034,-0.122909491119
-0.921875000,-0.218750000,-0.475592956555,-0.261576126105
-0.906250000,-0.218750000,-0.691875572919,-0.380531565105
-0.890625000,-0.218750000,-0.874618718082,-0.481040294945
-0.875000000,-0.218750000,-1.02616532371,-0.564390928042
-0.859375000,-0.218750000,-1.14886342830,-0.631874885564
-0.843750000,-0.218750000,-1.24503540475,-0.684769472610
-0.828125000,-0.218750000,-1.31695380010,-0.724324590055
-0.812500000,-0.218750000,-1.36682264421,-0.751752454316
-0.796875000,-0.218750000,-1.39676328202,-0.768219805113
-0.781250000,-0.218750000,-1.40880393612,-0.774842164866
-0.765625000,-0.218750000,-1.40487234440,-0.772679789422
-0.750000000,-0.218750000,-1.38679092246,-0.762735007354
-0.734375000,-0.218750000,-1.35627399303,-0.745950696169
-0.718750000,-0.218750000,-1.31492669857,-0.723209684214
-0.703125000,-0.218750000,-1.26424527864,-0.695334903249
-0.687500000,-0.218750000,-1.20561844390,-0.663090144147
-0.671875000,-0.218750000,-1.14032962303,-0.627181292665
-0.656250000,-0.218750000,-1.06955989736,-0.588257943550
-0.640625000,-0.218750000,-0.994391466390,-0.546915306514
-0.625000000,-0.218750000,-0.915811515894,-0.503696333742
-0.609375000,-0.218750000,-0.834716379033,-0.459094008468
-0.593750000,-0.218750000,-0.751915903518,-0.413553746935
-0.578125000,-0.218750000,-0.668137947785,-0.367475871282
-0.562500000,-0.218750000,-0.584032947626,-0.321218121194
-0.546875000,-0.218750000,-0.500178501972,-0.275098176085
-0.531250000,-0.218750000,-0.417083936457,-0.229396165051
-0.515625000,-0.218750000,-0.335194812230,-0.184357146726
-0.500000000,-0.218750000,-0.254897353233,-0.140193544278
-0.484375000,-0.218750000,-0.176522770160,-0.0970875235882
-0.468750000,-0.218750000,-0.100351464288,-0.0551933053586
-0.453125000,-0.218750000,-0.0266170992922,-0.0146394046107
-0.437500000,-0.218750000,0.0444894700307,0.0244692085169
-0.421875000,-0.218750000,0.112816418019,0.0620490299105
-0.406250000,-0.218750000,0.178247323054,0.0980360276797
-0.390625000,-0.218750000,0.240697698991,0.132383734445
-0.375000000,-0.218750000,0.300111686108,0.165061427359
-0.359375000,-0.218750000,0.356458900349,0.196052395192
-0.343750000,-0.218750000,0.409731440554,0.225352292305
-0.328125000,-0.218750000,0.459941053081,0.252967579195
-0.312500000,-0.218750000,0.507116449548,0.278914047251
-0.296875000,-0.218750000,0.551300776673,0.303215427170
-0.281250000,-0.218750000,0.592549235746,0.325902079660
-0.265625000,-0.218750000,0.630926845411,0.347009764976
-0.250000000,-0.218750000,0.666506347676,0.366578491222
-0.234375000,-0.218750000,0.699366251896,0.384651438543
-0.218750000,-0.218750000,0.729589012928,0.401273957111
-0.203125000,-0.218750000,0.757259340460,0.416492637253
-0.187500000,-0.218750000,0.782462636137,0.430354449875
-0.171875000,-0.218750000,0.805283554164,0.442905954790
-0.156250000,-0.218750000,0.825804683513,0.454192575932
-0.140625000,-0.218750000,0.844105346568,0.464257940613
-0.125000000,-0.218750000,0.860260513871,0.473143282629
-0.109375000,-0.218750000,0.874339829565,0.480886906261
-0.093750000,-0.218750000,0.886406747329,0.487523711031
-0.078125000,-0.218750000,0.896517772752,0.493084775014
-0.062500000,-0.218750000,0.904697957116,0.497583876414
-0.046875000,-0.218750000,0.911043381690,0.501073859929
-0.031250000,-0.218750000,0.915706309062,0.503638469984
-0.015625000,-0.218750000,0.918388756808,0.505113816244
0.000000000,-0.218750000,0.919281406715,0.505604773693
0.015625000,-0.218750000,0.918388756808,0.505113816244
0.031250000,-0.218750000,0.915706309062,0.503638469984
0.046875000,-0.218750000,0.911043381690,0.501073859929
0.062500000,-0.218750000,0.904697957116,0.497583876414
0.078125000,-0.218750000,0.896517772752,0.493084775014
0.093750000,-0.218750000,0.886406747329,0.487523711031
0.109375000,-0.218750000,0.874339829565,0.480886906261
0.125000000,-0.218750000,0.860260513871,0.473143282629
0.140625000,-0.218750000,0.844105346568,0.464257940613
0.156250000,-0.218750000,0.825804683513,0.454192575932
0.171875000,-0.218750000,0.805283554164,0.442905954790
0.187500000,-0.218750000,0.782462636137,0.430354449875
0.203125000,-0.218750000,0.757259340460,0.416492637253
0.218750000,-0.218750000,0.729589012928,0.401273957111
0.234375000,-0.218750000,0.699366251896,0.384651438543
0.250000000,-0.218750000,0.666506347676,0.366578491222
0.265625000,-0.218750000,0.630926845411,0.347009764976
0.281250000,-0.218750000,0.592549235746,0.325902079660
0.296875000,-0.218750000,0.551300776673,0.303215427170
0.312500000,-0.218750000,0.507116449548,0.278914047251
0.328125000,-0.218750000,0.459941053081,0.252967579195
0.343750000,-0.218750000,0.409731440554,0.225352292305
0.359375000,-0.218750000,0.356458900349,0.196052395192
0.375000000,-0.218750000,0.300111686108,0.165061427359
0.390625000,-0.218750000,0.240697698991,0.132383734445
0.406250000,-0.218750000,0.178247323054,0.0980360276797
0.421875000,-0.218750000,0.112816418019,0.0620490299105
0.437500000,-0.218750000,0.0444894700307,0.0244692085169
0.453125000,-0.218750000,-0.0266170992922,-0.0146394046107
0.468750000,-0.218750000,-0.100351464288,-0.0551933053586
0.484375000,-0.218750000,-0.176522770160,-0.0970875235882
0.500000000,-0.218750000,-0.254897353233,-0.140193544278
0.515625000,-0.218750000,-0.335194812230,-0.184357146726
0.531250000,-0.218750000,-0.417083936457,-0.229396165051
0.546875000,-0.218750000,-0.500178501972,-0.275098176085
0.562500000,-0.218750000,-0.584032947626,-0.321218121194
0.578125000,-0.218750000,-0.668137947785,-0.367475871282
0.593750000,-0.218750000,-0.751915903518,-0.413553746935
0.609375000,-0.218750000,-0.834716379033,-0.459094008468
0.625000000,-0.218750000,-0.915811515894,-0.503696333742
0.640625000,-0.218750000,-0.994391466390,-0.546915306514
0.656250000,-0.218750000,-1.06955989736,-0.588257943550
0.671875000,-0.218750000,-1.14032962303,-0.627181292665
0.687500000,-0.218750000,-1.20561844390,-0.663090144147
0.703125000,-0.218750000,-1.26424527864,-0.695334903249
0.718750000,-0.218750000,-1.31492669857,-0.723209684214
0.734375000,-0.218750000,-1.35627399303,-0.745950696169
0.750000000,-0.218750000,-1.38679092246,-0.762735007354
0.765625000,-0.218750000,-1.40487234440,-0.772679789422
0.781250000,-0.218750000,-1.40880393612,-0.774842164866
0.796875000,-0.218750000,-1.39676328202,-0.768219805113
0.812500000,-0.218750000,-1.36682264421,-0.751752454316
0.828125000,-0.218750000,-1.31695380010,-0.724324590055
0.843750000,-0.218750000,-1.24503540475,-0.684769472610
0.859375000,-0.218750000,-1.14886342830,-0.631874885564
0.875000000,-0.218750000,-1.02616532371,-0.564390928042
0.890625000,-0.218750000,-0.874618718082,-0.481040294945
0.906250000,-0.218750000,-0.691875572919,-0.380531565105
0.921875000,-0.218750000,-0.475592956555,-0.261576126105
0.937500000,-0.218750000,-0.223471802034,-0.122909491119
0.953125000,-0.218750000,0.0666946902539,0.0366820796397
0.968750000,-0.218750000,,
0.984375000,-0.218750000,,
1.000000000,-0.218750000,,
-1.000000000,-0.203125000,,
-0.984375000,-0.203125000,,
-0.968750000,-0.203125000,,
-0.953125000,-0.203125000,0.0592540173503,0.0325897095426
-0.937500000,-0.203125000,-0.231233175443,-0.127178246494
-0.921875000,-0.203125000,-0.483275755945,-0.265801665770
-0.906250000,-0.203125000,-0.699170060722,-0.384543533397
-0.890625000,-0.203125000,-0.881291134290,-0.484710123859
-0.875000000,-0.203125000,-1.03204618288,-0.567625400585
-0.859375000,-0.203125000,-1.15383740796,-0.634610574376
-0.843750000,-0.203125000,-1.24903260273,-0.686967931502
-0.828125000,-0.203125000,-1.31994217013,-0.725968193572
-0.812500000,-0.203125000,-1.36880145131,-0.752840798221
-0.796875000,-0.203125000,-1.39775743833,-0.768766591082
-0.781250000,-0.203125000,-1.40885910306,-0.774872506681
-0.765625000,-0.203125000,-1.40405069887,-0.772227884376
-0.750000000,-0.203125000,-1.38516750264,-0.761842126452
-0.734375000,-0.203125000,-1.35393354839,-0.744663451613
-0.718750000,-0.203125000,-1.31196098141,-0.721578539775
-0.703125000,-0.203125000,-1.26075072051,-0.693412896278
-0.687500000,-0.203125000,-1.20169416944,-0.660931793191
-0.671875000,-0.203125000,-1.13607575959,-0.624841667774
-0.656250000,-0.203125000,-1.06507614277,-0.585791878522
-0.640625000,-0.203125000,-0.989775884565,-0.544376736510
-0.625000000,-0.203125000,-0.911159530283,-0.501137741656
-0.609375000,-0.203125000,-0.830119941523,-0.456565967837
-0.593750000,-0.203125000,-0.747462814834,-0.411104548159
-0.578125000,-0.203125000,-0.663911312778,-0.365151222028
-0.562500000,-0.203125000,-0.580110746913,-0.319060910802
-0.546875000,-0.203125000,-0.496633264973,-0.273148295735
-0.531250000,-0.203125000,-0.413982504350,-0.227690377393
-0.515625000,-0.203125000,-0.332598177622,-0.182928997692
-0.500000000,-0.203125000,-0.252860566550,-0.139073311602
-0.484375000,-0.203125000,-0.175094904030,-0.0963021972166
-0.468750000,-0.203125000,-0.0995756274907,-0.0547665951199
-0.453125000,-0.203125000,-0.0265304931104,-0.0145917712107
-0.437500000,-0.203125000,0.0438554596290,0.0241205027960
-0.421875000,-0.203125000,0.111436097802,0.0612898537911
-0.406250000,-0.203125000,0.176100544149,0.0968552992817
-0.390625000,-0.203125000,0.237769688796,0.130773328838
-0.375000000,-0.203125000,0.296392862160,0.163016074188
-0.359375000,-0.203125000,0.351944671360,0.193569569248
-0.343750000,-0.203125000,0.404421996864,0.222432098275
-0.328125000,-0.203125000,0.453841149171,0.249612632044
-0.312500000,-0.203125000,0.500235181105,0.275129349608
-0.296875000,-0.203125000,0.543651354932,0.299008245212
-0.281250000,-0.203125000,0.584148758677,0.321281817272
-0.265625000,-0.203125000,0.621796069787,0.341987838383
-0.250000000,-0.203125000,0.656669461400,0.361168203770
-0.234375000,-0.203125000,0.688850648499,0.378867856674
-0.218750000,-0.203125000,0.718425068421,0.395133787631
-0.203125000,-0.203125000,0.745480194184,0.410014106801
-0.187500000,-0.203125000,0.770103974494,0.423557185972
-0.171875000,-0.203125000,0.792383399193,0.435810869556
-0.156250000,-0.203125000,0.812403185482,0.446821752015
-0.140625000,-0.203125000,0.830244580939,0.456634519516
-0.125000000,-0.203125000,0.845984282331,0.465291355282
-0.109375000,-0.203125000,0.859693466118,0.472831406365
-0.093750000,-0.203125000,0.871436927059,0.479290309882
-0.078125000,-0.203125000,0.881248708194,0.484686789507
-0.062500000,-0.203125000,0.889235377988,0.489079457893
-0.046875000,-0.203125000,0.895401641445,0.492470902795
-0.031250000,-0.203125000,0.899781520943,0.494879836518
-0.015625000,-0.203125000,0.902399562150,0.496319759182
0.000000000,-0.203125000,0.903270589948,0.496798824472
0.015625000,-0.203125000,0.902399562150,0.496319759182
0.031250000,-0.203125000,0.899781520943,0.494879836518
0.046875000,-0.203125000,0.895401641445,0.492470902795
0.062500000,-0.203125000,0.889235377988,0.489079457893
0.078125000,-0.203125000,0.881248708194,0.484686789507
0.093750000,-0.203125000,0.871436927059,0.479290309882
0.109375000,-0.203125000,0.859693466118,0.472831406365
0.125000000,-0.203125000,0.845984282331,0.465291355282
0.140625000,-0.203125000,0.830244580939,0.456634519516
0.156250000,-0.203125000,0.812403185482,0.446821752015
0.171875000,-0.203125000,0.792383399193,0.435810869556
0.187500000,-0.203125000,0.770103974494,0.423557185972
0.203125000,-0.203125000,0.745480194184,0.410014106801
0.218750000,-0.203125000,0.718425068421,0.395133787631
0.234375000,-0.203125000,0.688850648499,0.378867856674
0.250000000,-0.203125000,0.656669461400,0.361168203770
0.265625000,-0.203125000,0.621796069787,0.341987838383
0.281250000,-0.203125000,0.584148758677,0.321281817272
0.296875000,-0.203125000,0.543651354932,0.299008245212
0.312500000,-0.203125000,0.500235181105,0.275129349608
0.328125000,-0.203125000,0.453841149171,0.249612632044
0.343750000,-0.203125000,0.404421996864,0.222432098275
0.359375000,-0.203125000,0.351944671360,0.193569569248
0.375000000,-0.203125000,0.296392862160,0.163016074188
0.390625000,-0.203125000,0.237769688796,0.130773328838
0.406250000,-0.203125000,0.176100544149,0.0968552992817
0.421875000,-0.203125000,0.111436097802,0.0612898537911
0.437500000,-0.203125000,0.0438554596290,0.0241205027960
0.453125000,-0.203125000,-0.0265304931104,-0.0145917712107
0.468750000,-0.203125000,-0.0995756274907,-0.0547665951199
0.484375000,-0.203125000,-0.175094904030,-0.0963021972166
0.500000000,-0.203125000,-0.252860566550,-0.139073311602
0.515625000,-0.203125000,-0.332598177622,-0.182928997692
0.531250000,-0.203125000,-0.413982504350,-0.227690377393
0.546875000,-0.203125000,-0.496633264973,-0.273148295735
0.562500000,-0.203125000,-0.580110746913,-0.319060910802
0.578125000,-0.203125000,-0.663911312778,-0.365151222028
0.593750000,-0.203125000,-0.747462814834,-0.411104548159
0.609375000,-0.203125000,-0.830119941523,-0.456565967837
0.625000000,-0.203125000,-0.911159530283,-0.501137741656
0.640625000,-0.203125000,-0.989775884565,-0.544376736510
0.656250000,-0.203125000,-1.06507614277,-0.585791878522
0.671875000,-0.203125000,-1.13607575959,-0.624841667774
0.687500000,-0.203125000,-1.20169416944,-0.660931793191
0.703125000,-0.203125000,-1.26075072051,-0.693412896278
0.718750000,-0.203125000,-1.31196098141,-0.721578539775
0.734375000,-0.203125000,-1.35393354839,-0.744663451613
0.750000000,-0.203125000,-1.38516750264,-0.761842126452
0.765625000,-0.203125000,-1.40405069887,-0.772227884376
0.781250000,-0.203125000,-1.40885910306,-0.774872506681
0.796875000,-0.203125000,-1.39775743833,-0.768766591082
0.812500000,-0.203125000,-1.36880145131,-0.752840798221
0.828125000,-0.203125000,-1.31994217013,-0.725968193572
0.843750000,-0.203125000,-1.24903260273,-0.686967931502
0.859375000,-0.203125000,-1.15383740796,-0.634610574376
0.875000000,-0.203125000,-1.03204618288,-0.567625400585
0.890625000,-0.203125000,-0.881291134290,-0.484710123859
0.906250000,-0.203125000,-0.699170060722,-0.384543533397
0.921875000,-0.203125000,-0.483275755945,-0.265801665770
0.937500000,-0.203125000,-0.231233175443,-0.127178246494
0.953125000,-0.203125000,0.0592540173503,0.0325897095426
0.968750000,-0.203125000,,
0.984375000,-0.203125000,,
1.000000000,-0.203125000,,
-1.000000000,-0.187500000,,
-0.984375000,-0.187500000,,
-0.968750000,-0.187500000,,
-0.953125000,-0.187500000,0.0579347619171,0.0318641190544
-0.937500000,-0.187500000,-0.233139754218,-0.128226864820
-0.921875000,-0.187500000,-0.485387164277,-0.266962940353
-0.906250000,-0.187500000,-0.701187383805,-0.385653061093
-0.890625000,-0.187500000,-0.882986478230,-0.485642563027
-0.875000000,-0.187500000,-1.03325181778,-0.568288499779
-0.859375000,-0.187500000,-1.15443637282,-0.634940005052
-0.843750000,-0.187500000,-1.24895056905,-0.686922812979
-0.828125000,-0.187500000,-1.31914039333,-0.725527216330
-0.812500000,-0.187500000,-1.36727066258,-0.751998864419
-0.796875000,-0.187500000,-1.39551255309,-0.767531904202
-0.781250000,-0.187500000,-1.40593463901,-0.773264051458
-0.765625000,-0.187500000,-1.40049681197,-0.770273246583
-0.750000000,-0.187500000,-1.38104656229,-0.759575609262
-0.734375000,-0.187500000,-1.34931718314,-0.742124450727
-0.718750000,-0.187500000,-1.30692753721,-0.718810145466
-0.703125000,-0.187500000,-1.25538307943,-0.690460693687
-0.687500000,-0.187500000,-1.19607788479,-0.657842836633
-0.671875000,-0.187500000,-1.13029746791,-0.621663607350
-0.656250000,-0.187500000,-1.05922222037,-0.582572221202
-0.640625000,-0.187500000,-0.983931316320,-0.541162223976
-0.625000000,-0.187500000,-0.905406966973,-0.497973831835
-0.609375000,-0.187500000,-0.824538920925,-0.453496406509
-0.593750000,-0.187500000,-0.742129127636,-0.408171020200
-0.578125000,-0.187500000,-0.658896494078,-0.362393071743
-0.562500000,-0.187500000,-0.575481678347,-0.316514923091
-0.546875000,-0.187500000,-0.492451873537,-0.270848530445
-0.531250000,-0.187500000,-0.410305544632,-0.225668049547
-0.515625000,-0.187500000,-0.329477086989,-0.181212397844
-0.500000000,-0.187500000,-0.250341383506,-0.137687760928
-0.484375000,-0.187500000,-0.173218240563,-0.0952700323095
-0.468750000,-0.187500000,-0.0983766884397,-0.0541071786418
-0.453125000,-0.187500000,-0.0260391345345,-0.0143215239940
-0.437500000,-0.187500000,0.0436146379552,0.0239880508754
-0.421875000,-0.187500000,0.110443632427,0.0607439978350
-0.406250000,-0.187500000,0.174341964516,0.0958880804839
-0.390625000,-0.187500000,0.235235354738,0.129379445106
-0.375000000,-0.187500000,0.293077786233,0.161192782428
-0.359375000,-0.187500000,0.347848329669,0.191316581318
-0.343750000,-0.187500000,0.399548130493,0.219751471771
-0.328125000,-0.187500000,0.448197559508,0.246508657730
-0.312500000,-0.187500000,0.493833521166,0.271608436641
-0.296875000,-0.187500000,0.536506917721,0.295078804747
-0.281250000,-0.187500000,0.576280265710,0.316954146140
-0.265625000,-0.187500000,0.613225459874,0.337274002931
-0.250000000,-0.187500000,0.647421681631,0.356081924897
-0.234375000,-0.187500000,0.678953447550,0.373424396153
-0.218750000,-0.187500000,0.707908794127,0.389349836770
-0.203125000,-0.187500000,0.734377594518,0.403907676985
-0.187500000,-0.187500000,0.758450003925,0.417147502159
-0.171875000,-0.187500000,0.780215029136,0.429118266025
-0.156250000,-0.187500000,0.799759219731,0.439867570852
-0.140625000,-0.187500000,0.817165476859,0.449441012273
-0.125000000,-0.187500000,0.832511976083,0.457881586845
-0.109375000,-0.187500000,0.845871202607,0.465229161434
-0.093750000,-0.187500000,0.857309095103,0.471520002307
-0.078125000,-0.187500000,0.866868257980,0.476777541889
-0.062500000,-0.187500000,0.874639038655,0.481051471260
-0.046875000,-0.187500000,0.880636705236,0.484350187880
-0.031250000,-0.187500000,0.884895793625,0.486692686494
-0.015625000,-0.187500000,0.887441214504,0.488092667977
0.000000000,-0.187500000,0.888288011221,0.488558406171
0.015625000,-0.187500000,0.887441214504,0.488092667977
0.031250000,-0.187500000,0.884895793625,0.486692686494
0.046875000,-0.187500000,0.880636705236,0.484350187880
0.062500000,-0.187500000,0.874639038655,0.481051471260
0.078125000,-0.187500000,0.866868257980,0.476777541889
0.093750000,-0.187500000,0.857309095103,0.471520002307
0.109375000,-0.187500000,0.845871202607,0.465229161434
0.125000000,-0.187500000,0.832511976083,0.457881586845
0.140625000,-0.187500000,0.817165476859,0.449441012273
0.156250000,-0.187500000,0.799759219731,0.439867570852
0.171875000,-0.187500000,0.780215029136,0.429118266025
0.187500000,-0.187500000,0.758450003925,0.417147502159
0.203125000,-0.187500000,0.734377594518,0.403907676985
0.218750000,-0.187500000,0.707908794127,0.389349836770
0.234375000,-0.187500000,0.678953447550,0.373424396153
0.250000000,-0.187500000,0.647421681631,0.356081924897
0.265625000,-0.187500000,0.613225459874,0.337274002931
0.281250000,-0.187500000,0.576280265710,0.316954146140
0.296875000,-0.187500000,0.536506917721,0.295078804747
0.312500000,-0.187500000,0.493833521166,0.271608436641
0.328125000,-0.187500000,0.448197559508,0.246508657730
0.343750000,-0.187500000,0.399548130493,0.219751471771
0.359375000,-0.187500000,0.347848329669,0.191316581318
0.375000000,-0.187500000,0.293077786233,0.161192782428
0.390625000,-0.187500000,0.235235354738,0.129379445106
0.406250000,-0.187500000,0.174341964516,0.0958880804839
0.421875000,-0.187500000,0.110443632427,0.0607439978350
0.437500000,-0.187500000,0.0436146379552,0.0239880508754
0.453125000,-0.187500000,-0.0260391345345,-0.0143215239940
0.468750000,-0.187500000,-0.0983766884397,-0.0541071786418
0.484375000,-0.187500000,-0.173218240563,-0.0952700323095
0.500000000,-0.187500000,-0.250341383506,-0.137687760928
0.515625000,-0.187500000,-0.329477086989,-0.181212397844
0.531250000,-0.187500000,-0.410305544632,-0.225668049547
0.546875000,-0.187500000,-0.492451873537,-0.270848530445
0.562500000,-0.187500000,-0.575481678347,-0.316514923091
0.578125000,-0.187500000,-0.658896494078,-0.362393071743
0.593750000,-0.187500000,-0.742129127636,-0.408171020200
0.609375000,-0.187500000,-0.824538920925,-0.453496406509
0.625000000,-0.187500000,-0.905406966973,-0.497973831835
0.640625000,-0.187500000,-0.983931316320,-0.541162223976
0.656250000,-0.187500000,-1.05922222037,-0.582572221202
0.671875000,-0.187500000,-1.13029746791,-0.621663607350
0.687500000,-0.187500000,-1.19607788479,-0.657842836633
0.703125000,-0.187500000,-1.25538307943,-0.690460693687
0.718750000,-0.187500000,-1.30692753721,-0.718810145466
0.734375000,-0.187500000,-1.34931718314,-0.742124450727
0.750000000,-0.187500000,-1.38104656229,-0.759575609262
0.765625000,-0.187500000,-1.40049681197,-0.770273246583
0.781250000,-0.187500000,-1.40593463901,-0.773264051458
0.796875000,-0.187500000,-1.39551255309,-0.767531904202
0.812500000,-0.187500000,-1.36727066258,-0.751998864419
0.828125000,-0.187500000,-1.31914039333,-0.725527216330
0.843750000,-0.187500000,-1.24895056905,-0.686922812979
0.859375000,-0.187500000,-1.15443637282,-0.634940005052
0.875000000,-0.187500000,-1.03325181778,-0.568288499779
0.890625000,-0.187500000,-0.882986478230,-0.485642563027
0.906250000,-0.187500000,-0.701187383805,-0.385653061093
0.921875000,-0.187500000,-0.485387164277,-0.266962940353
0.937500000,-0.187500000,-0.233139754218,-0.128226864820
0.953125000,-0.187500000,0.0579347619171,0.0318641190544
0.968750000,-0.187500000,,
0.984375000,-0.187500000,,
1.000000000,-0.187500000,,
-1.000000000,-0.171875000,,
-0.984375000,-0.171875000,,
-0.968750000,-0.171875000,,
-0.953125000,-0.171875000,0.0629878155356,0.0346432985446
-0.937500000,-0.171875000,-0.228980041035,-0.125939022569
-0.921875000,-0.171875000,-0.481750874145,-0.264962980780
-0.906250000,-0.171875000,-0.697782677667,-0.383780472717
-0.890625000,-0.171875000,-0.879587976712,-0.483773387192
-0.875000000,-0.171875000,-1.02969053780,-0.566329795789
-0.859375000,-0.171875000,-1.15059100477,-0.632825052622
-0.843750000,-0.171875000,-1.24473990927,-0.684606950099
-0.828125000,-0.171875000,-1.31451677818,-0.722984228001
-0.812500000,-0.171875000,-1.36221427035,-0.749217848695
-0.796875000,-0.171875000,-1.39002646112,-0.764514553617
-0.781250000,-0.171875000,-1.40004053756,-0.770022295657
-0.765625000,-0.171875000,-1.39423129314,-0.766827211229
-0.750000000,-0.171875000,-1.37445790938,-0.755951850160
-0.734375000,-0.171875000,-1.34246260017,-0.738354430092
-0.718750000,-0.171875000,-1.29987076241,-0.714928919327
-0.703125000,-0.171875000,-1.24819233706,-0.686505785381
-0.687500000,-0.171875000,-1.18882413299,-0.653853273144
-0.671875000,-0.171875000,-1.12305290768,-0.617679099226
-0.656250000,-0.171875000,-1.05205903255,-0.578632467901
-0.640625000,-0.171875000,-0.976920600293,-0.537306330161
-0.625000000,-0.171875000,-0.898617856242,-0.494239820933
-0.609375000,-0.171875000,-0.818037853264,-0.449920819295
-0.593750000,-0.171875000,-0.735979251902,-0.404788588546
-0.578125000,-0.171875000,-0.653157195870,-0.359236457729
-0.562500000,-0.171875000,-0.570208209937,-0.313614515466
-0.546875000,-0.171875000,-0.487695075217,-0.268232291369
-0.531250000,-0.171875000,-0.406111644608,-0.223361404534
-0.515625000,-0.171875000,-0.325887570496,-0.179238163773
-0.500000000,-0.171875000,-0.247392920709,-0.136066106390
-0.484375000,-0.171875000,-0.170942666052,-0.0940184663284
-0.468750000,-0.171875000,-0.0968010237717,-0.0532405630744
-0.453125000,-0.171875000,-0.0251856479234,-0.0138521063579
-0.437500000,-0.171875000,0.0437283410996,0.0240505876048
-0.421875000,-0.171875000,0.109804492608,0.0603924709342
-0.406250000,-0.171875000,0.172941330460,0.0951177317532
-0.390625000,-0.171875000,0.233068828487,0.128187855668
-0.375000000,-0.171875000,0.290145054920,0.159579780206
-0.359375000,-0.171875000,0.344152986717,0.189284142695
-0.343750000,-0.171875000,0.395097489855,0.217303619420
-0.328125000,-0.171875000,0.443002464265,0.243651355346
-0.312500000,-0.171875000,0.487908149752,0.268349482363
-0.296875000,-0.171875000,0.529868588899,0.291427723895
-0.281250000,-0.171875000,0.568949244213,0.312922084317
-0.265625000,-0.171875000,0.605224763472,0.332873619909
-0.250000000,-0.171875000,0.638776891717,0.351327290444
-0.234375000,-0.171875000,0.669692522798,0.368330887539
-0.218750000,-0.171875000,0.698061889201,0.383934039061
-0.203125000,-0.171875000,0.723976883413,0.398187285877
-0.187500000,-0.171875000,0.747529508726,0.411141229799
-0.171875000,-0.171875000,0.768810454449,0.422845749947
-0.156250000,-0.171875000,0.787907792610,0.433349285935
-0.140625000,-0.171875000,0.804905792105,0.442698185658
-0.125000000,-0.171875000,0.819883847577,0.450936116167
-0.109375000,-0.171875000,0.832915519380,0.458103535659
-0.093750000,-0.171875000,0.844045092405,0.464224800822
-0.078125000,-0.171875000,0.853388106609,0.469363458635
-0.062500000,-0.171875000,0.860957785557,0.473526782056
-0.046875000,-0.171875000,0.866798487375,0.476739168056
-0.031250000,-0.171875000,0.870945163198,0.479019839759
-0.015625000,-0.171875000,0.873423019032,0.480382660468
0.000000000,-0.171875000,0.874247274568,0.480836001012
0.015625000,-0.171875000,0.873423019032,0.480382660468
0.031250000,-0.171875000,0.870945163198,0.479019839759
0.046875000,-0.171875000,0.866798487375,0.476739168056
0.062500000,-0.171875000,0.860957785557,0.473526782056
0.078125000,-0.171875000,0.853388106609,0.469363458635
0.093750000,-0.171875000,0.844045092405,0.464224800822
0.109375000,-0.171875000,0.832915519380,0.458103535659
0.125000000,-0.171875000,0.819883847577,0.450936116167
0.140625000,-0.171875000,0.804905792105,0.442698185658
0.156250000,-0.171875000,0.787907792610,0.433349285935
0.171875000,-0.171875000,0.768810454449,0.422845749947
0.187500000,-0.171875000,0.747529508726,0.411141229799
0.203125000,-0.171875000,0.723976883413,0.398187285877
0.218750000,-0.171875000,0.698061889201,0.383934039061
0.234375000,-0.171875000,0.669692522798,0.368330887539
0.250000000,-0.171875000,0.638776891717,0.351327290444
0.265625000,-0.171875000,0.605224763472,0.332873619909
0.281250000,-0.171875000,0.568949244213,0.312922084317
0.296875000,-0.171875000,0.529868588899,0.291427723895
0.312500000,-0.171875000,0.487908149752,0.268349482363
0.328125000,-0.171875000,0.443002464265,0.243651355346
0.343750000,-0.171875000,0.395097489855,0.217303619420
0.359375000,-0.171875000,0.344152986717,0.189284142695
0.375000000,-0.171875000,0.290145054920,0.159579780206
0.390625000,-0.171875000,0.233068828487,0.128187855668
0.406250000,-0.171875000,0.172941330460,0.0951177317532
0.421875000,-0.171875000,0.109804492608,0.0603924709342
0.437500000,-0.171875000,0.0437283410996,0.0240505876048
0.453125000,-0.171875000,-0.0251856479234,-0.0138521063579
0.468750000,-0.171875000,-0.0968010237717,-0.0532405630744
0.484375000,-0.171875000,-0.170942666052,-0.0940184663284
0.500000000,-0.171875000,-0.247392920709,-0.136066106390
0.515625000,-0.171875000,-0.325887570496,-0.179238163773
0.531250000,-0.171875000,-0.406111644608,-0.223361404534
0.546875000,-0.171875000,-0.487695075217,-0.268232291369
0.562500000,-0.171875000,-0.570208209937,-0.313614515466
0.578125000,-0.171875000,-0.653157195870,-0.359236457729
0.593750000,-0.171875000,-0.735979251902,-0.404788588546
0.609375000,-0.171875000,-0.818037853264,-0.449920819295
0.625000000,-0.171875000,-0.898617856242,-0.494239820933
0.640625000,-0.171875000,-0.976920600293,-0.537306330161
0.656250000,-0.171875000,-1.05205903255,-0.578632467901
0.671875000,-0.171875000,-1.12305290768,-0.617679099226
0.687500000,-0.171875000,-1.18882413299,-0.653853273144
0.703125000,-0.171875000,-1.24819233706,-0.686505785381
0.718750000,-0.171875000,-1.29987076241,-0.714928919327
0.734375000,-0.171875000,-1.34246260017,-0.738354430092
0.750000000,-0.171875000,-1.37445790938,-0.755951850160
0.765625000,-0.171875000,-1.39423129314,-0.766827211229
0.781250000,-0.171875000,-1.40004053756,-0.770022295657
0.796875000,-0.171875000,-1.39002646112,-0.764514553617
0.812500000,-0.171875000,-1.36221427035,-0.749217848695
0.828125000,-0.171875000,-1.31451677818,-0.722984228001
0.843750000,-0.171875000,-1.24473990927,-0.684606950099
0.859375000,-0.171875000,-1.15059100477,-0.632825052622
0.875000000,-0.171875000,-1.02969053780,-0.566329795789
0.890625000,-0.171875000,-0.879587976712,-0.483773387192
0.906250000,-0.171875000,-0.697782677667,-0.383780472717
0.921875000,-0.171875000,-0.481750874145,-0.264962980780
0.937500000,-0.171875000,-0.228980041035,-0.125939022569
0.953125000,-0.171875000,0.0629878155356,0.0346432985446
0.968750000,-0.171875000,,
0.984375000,-0.171875000,,
1.000000000,-0.171875000,,
-1.000000000,-0.156250000,,
-0.984375000,-0.156250000,,
-0.968750000,-0.156250000,,
-0.953125000,-0.156250000,0.0746460920072,0.0410553506040
-0.937500000,-0.156250000,-0.218558925799,-0.120207409189
-0.921875000,-0.156250000,-0.472205660911,-0.259713113501
-0.906250000,-0.156250000,-0.688825094715,-0.378853802093
-0.890625000,-0.156250000,-0.870992005413,-0.479045602977
-0.875000000,-0.156250000,-1.02128309810,-0.561705703953
-0.859375000,-0.156250000,-1.14224386368,-0.628234125023
-0.843750000,-0.156250000,-1.23636265021,-0.679999457618
-0.828125000,-0.156250000,-1.30605068865,-0.718327878760
-0.812500000,-0.156250000,-1.35362703002,-0.744494866511
-0.796875000,-0.156250000,-1.38130752611,-0.759719139362
-0.781250000,-0.156250000,-1.39119713396,-0.765158423678
-0.765625000,-0.156250000,-1.38528494205,-0.761906718126
-0.750000000,-0.156250000,-1.36544141856,-0.750992780206
-0.734375000,-0.156250000,-1.33341746501,-0.733379605754
-0.718750000,-0.156250000,-1.29084492614,-0.709964709375
-0.703125000,-0.156250000,-1.23923826675,-0.681581046713
-0.687500000,-0.156250000,-1.17999717361,-0.648998445486
-0.671875000,-0.156250000,-1.11440988062,-0.612925434344
-0.656250000,-0.156250000,-1.04365704915,-0.574011377034
-0.640625000,-0.156250000,-0.968816065163,-0.532848835840
-0.625000000,-0.156250000,-0.890865636500,-0.489976100075
-0.609375000,-0.156250000,-0.810690594987,-0.445879827243
-0.593750000,-0.156250000,-0.729086824213,-0.400997753317
-0.578125000,-0.156250000,-0.646766248108,-0.355721436460
-0.562500000,-0.156250000,-0.564361827149,-0.310399004932
-0.546875000,-0.156250000,-0.482432519633,-0.265337885798
-0.531250000,-0.156250000,-0.401468171444,-0.220807494294
-0.515625000,-0.156250000,-0.321894308867,-0.177041869877
-0.500000000,-0.156250000,-0.244076810070,-0.134242245539
-0.484375000,-0.156250000,-0.168326440465,-0.0925795422559
-0.468750000,-0.156250000,-0.0949032367705,-0.0521967802238
-0.453125000,-0.156250000,-0.0240207320440,-0.0132114026242
-0.437500000,-0.156250000,0.0441499862914,0.0242824924603
-0.421875000,-0.156250000,0.109476388758,0.0602120138169
-0.406250000,-0.156250000,0.171860789592,0.0945234342757
-0.390625000,-0.156250000,0.231236806529,0.127180243591
-0.375000000,-0.156250000,0.287565993937,0.158161296665
-0.359375000,-0.156250000,0.340834647828,0.187459056305
-0.343750000,-0.156250000,0.391050780883,0.215077929486
-0.328125000,-0.156250000,0.438241263452,0.241032694899
-0.312500000,-0.156250000,0.482449127587,0.265347020173
-0.296875000,-0.156250000,0.523731030850,0.288052066967
-0.281250000,-0.156250000,0.562154874277,0.309185180853
-0.265625000,-0.156250000,0.597797571277,0.328788664202
-0.250000000,-0.156250000,0.630742963105,0.346908629708
-0.234375000,-0.156250000,0.661079875816,0.363593931699
-0.218750000,-0.156250000,0.688900314423,0.378895172932
-0.203125000,-0.156250000,0.714297791015,0.392863785058
-0.187500000,-0.156250000,0.737365781274,0.405551179701
-0.171875000,-0.156250000,0.758196305905,0.417007968248
-0.156250000,-0.156250000,0.776878634159,0.427283248787
-0.140625000,-0.156250000,0.793498103521,0.436423956936
-0.125000000,-0.156250000,0.808135055035,0.444474280269
-0.109375000,-0.156250000,0.820863878781,0.451475133329
-0.093750000,-0.156250000,0.831732561365,0.457452908751
-0.078125000,-0.156250000,0.840850406430,0.462467723537
-0.062500000,-0.156250000,0.848235183637,0.466529351000
-0.046875000,-0.156250000,0.853931657560,0.469662411658
-0.031250000,-0.156250000,0.857975092280,0.471886300754
-0.015625000,-0.156250000,0.860390915311,0.473215003421
0.000000000,-0.156250000,0.861194478605,0.473656963233
0.015625000,-0.156250000,0.860390915311,0.473215003421
0.031250000,-0.156250000,0.857975092280,0.471886300754
0.046875000,-0.156250000,0.853931657560,0.469662411658
0.062500000,-0.156250000,0.848235183637,0.466529351000
0.078125000,-0.156250000,0.840850406430,0.462467723537
0.093750000,-0.156250000,0.831732561365,0.457452908751
0.109375000,-0.156250000,0.820863878781,0.451475133329
0.125000000,-0.156250000,0.808135055035,0.444474280269
0.140625000,-0.156250000,0.793498103521,0.436423956936
0.156250000,-0.156250000,0.776878634159,0.427283248787
0.171875000,-0.156250000,0.758196305905,0.417007968248
0.187500000,-0.156250000,0.737365781274,0.405551179701
0.203125000,-0.156250000,0.714297791015,0.392863785058
0.218750000,-0.156250000,0.688900314423,0.378895172932
0.234375000,-0.156250000,0.661079875816,0.363593931699
0.250000000,-0.156250000,0.630742963105,0.346908629708
0.265625000,-0.156250000,0.597797571277,0.328788664202
0.281250000,-0.156250000,0.562154874277,0.309185180853
0.296875000,-0.156250000,0.523731030850,0.288052066967
0.312500000,-0.156250000,0.482449127587,0.265347020173
0.328125000,-0.156250000,0.438241263452,0.241032694899
0.343750000,-0.156250000,0.391050780883,0.215077929486
0.359375000,-0.156250000,0.340834647828,0.187459056305
0.375000000,-0.156250000,0.287565993937,0.158161296665
0.390625000,-0.156250000,0.231236806529,0.127180243591
0.406250000,-0.156250000,0.171860789592,0.0945234342757
0.421875000,-0.156250000,0.109476388758,0.0602120138169
0.437500000,-0.156250000,0.0441499862914,0.0242824924603
0.453125000,-0.156250000,-0.0240207320440,-0.0132114026242
0.468750000,-0.156250000,-0.0949032367705,-0.0521967802238
0.484375000,-0.156250000,-0.168326440465,-0.0925795422559
0.500000000,-0.156250000,-0.244076810070,-0.134242245539
0.515625000,-0.156250000,-0.321894308867,-0.177041869877
0.531250000,-0.156250000,-0.401468171444,-0.220807494294
0.546875000,-0.156250000,-0.482432519633,-0.265337885798
0.562500000,-0.156250000,-0.564361827149,-0.310399004932
0.578125000,-0.156250000,-0.646766248108,-0.355721436460
0.593750000,-0.156250000,-0.729086824213,-0.400997753317
0.609375000,-0.156250000,-0.810690594987,-0.445879827243
0.625000000,-0.156250000,-0.890865636500,-0.489976100075
0.640625000,-0.156250000,-0.968816065163,-0.532848835840
0.656250000,-0.156250000,-1.04365704915,-0.574011377034
0.671875000,-0.156250000,-1.11440988062,-0.612925434344
0.687500000,-0.156250000,-1.17999717361,-0.648998445486
0.703125000,-0.156250000,-1.23923826675,-0.681581046713
0.718750000,-0.156250000,-1.29084492614,-0.709964709375
0.734375000,-0.156250000,-1.33341746501,-0.733379605754
0.750000000,-0.156250000,-1.36544141856,-0.750992780206
0.765625000,-0.156250000,-1.38528494205,-0.761906718126
0.781250000,-0.156250000,-1.39119713396,-0.765158423678
0.796875000,-0.156250000,-1.38130752611,-0.759719139362
0.812500000,-0.156250000,-1.35362703002,-0.744494866511
0.828125000,-0.156250000,-1.30605068865,-0.718327878760
0.843750000,-0.156250000,-1.23636265021,-0.679999457618
0.859375000,-0.156250000,-1.14224386368,-0.628234125023
0.875000000,-0.156250000,-1.02128309810,-0.561705703953
0.890625000,-0.156250000,-0.870992005413,-0.479045602977
0.906250000,-0.156250000,-0.688825094715,-0.378853802093
0.921875000,-0.156250000,-0.472205660911,-0.259713113501
0.937500000,-0.156250000,-0.218558925799,-0.120207409189
0.953125000,-0.156250000,0.0746460920072,0.0410553506040
0.968750000,-0.156250000,,
0.984375000,-0.156250000,,
1.000000000,-0.156250000,,
-1.000000000,-0.140625000,,
-0.984375000,-0.140625000,,
-0.968750000,-0.140625000,,
-0.953125000,-0.140625000,0.0931275186976,0.0512201352837
-0.937500000,-0.140625000,-0.201694908874,-0.110932199880
-0.921875000,-0.140625000,-0.456602791408,-0.251131535274
-0.906250000,-0.140625000,-0.674195372742,-0.370807455008
-0.890625000,-0.140625000,-0.857105797515,-0.471408188633
-0.875000000,-0.140625000,-1.00796052874,-0.554378290806
-0.859375000,-0.140625000,-1.12934732249,-0.621141027368
-0.843750000,-0.140625000,-1.22379026751,-0.673084647132
-0.828125000,-0.140625000,-1.29373065286,-0.711551859072
-0.812500000,-0.140625000,-1.34151263983,-0.737831951904
-0.796875000,-0.140625000,-1.36937288461,-0.753155086538
-0.781250000,-0.140625000,-1.37943340452,-0.758688372486
-0.765625000,-0.140625000,-1.37369709769,-0.755533403731
-0.750000000,-0.140625000,-1.35404542364,-0.744724983000
-0.734375000,-0.140625000,-1.32223783839,-0.727230811113
-0.718750000,-0.140625000,-1.27991263876,-0.703951951319
-0.703125000,-0.140625000,-1.22858893536,-0.675723914449
-0.687500000,-0.140625000,-1.16966951390,-0.643318232643
-0.671875000,-0.140625000,-1.10444439017,-0.607444414592
-0.656250000,-0.140625000,-1.03409489289,-0.568752191087
-0.640625000,-0.140625000,-0.959698138414,-0.527833976127
-0.625000000,-0.140625000,-0.882231785692,-0.485227482131
-0.609375000,-0.140625000,-0.802578975403,-0.441418436472
-0.593750000,-0.140625000,-0.721533380167,-0.396843359092
-0.578125000,-0.140625000,-0.639804298195,-0.351892364007
-0.562500000,-0.140625000,-0.558021743490,-0.306911958919
-0.546875000,-0.140625000,-0.476741487006,-0.262207817853
-0.531250000,-0.140625000,-0.396450017789,-0.218047509784
-0.515625000,-0.140625000,-0.317569395886,-0.174663167737
-0.500000000,-0.140625000,-0.240461976949,-0.132254087322
-0.484375000,-0.140625000,-0.165434991331,-0.0909892452322
-0.468750000,-0.140625000,-0.0927449669943,-0.0510097318469
-0.453125000,-0.140625000,-0.0226019858372,-0.0124310922105
-0.437500000,-0.140625000,0.0448262316863,0.0246544274275
-0.421875000,-0.140625000,0.109410417050,0.0601757293777
-0.406250000,-0.140625000,0.171056022810,0.0940808125457
-0.390625000,-0.140625000,0.229699668126,0.126334817469
-0.375000000,-0.140625000,0.285305762506,0.156918169378
-0.359375000,-0.140625000,0.337863303272,0.185824816800
-0.343750000,-0.140625000,0.387382846200,0.213060565410
-0.328125000,-0.140625000,0.433893644157,0.238641504286
-0.312500000,-0.140625000,0.477440951404,0.262592523272
-0.296875000,-0.140625000,0.518083488067,0.284945918437
-0.281250000,-0.140625000,0.555891061377,0.305740083758
-0.265625000,-0.140625000,0.590942338618,0.325018286240
-0.250000000,-0.140625000,0.623322767365,0.342827522051
-0.234375000,-0.140625000,0.653122637993,0.359217450896
-0.218750000,-0.140625000,0.680435284793,0.374239406636
-0.203125000,-0.140625000,0.705355420096,0.387945481053
-0.187500000,-0.140625000,0.727977598066,0.400387678936
-0.171875000,-0.140625000,0.748394803193,0.411617141756
-0.156250000,-0.140625000,0.766697160594,0.421683438327
-0.140625000,-0.140625000,0.782970762892,0.430633919591
-0.125000000,-0.140625000,0.797296611974,0.438513136586
-0.109375000,-0.140625000,0.809749670920,0.445362319006
-0.093750000,-0.140625000,0.820378950237,0.451208422630
-0.078125000,-0.140625000,0.829292925880,0.456111109234
-0.062500000,-0.140625000,0.836510458560,0.460080752208
-0.046875000,-0.140625000,0.842076581481,0.463142119814
-0.031250000,-0.140625000,0.846026764062,0.465314720234
-0.015625000,-0.140625000,0.848386578464,0.466612618155
0.000000000,-0.140625000,0.849171462734,0.467044304504
0.015625000,-0.140625000,0.848386578464,0.466612618155
0.031250000,-0.140625000,0.846026764062,0.465314720234
0.046875000,-0.140625000,0.842076581481,0.463142119814
0.062500000,-0.140625000,0.836510458560,0.460080752208
0.078125000,-0.140625000,0.829292925880,0.456111109234
0.093750000,-0.140625000,0.820378950237,0.451208422630
0.109375000,-0.140625000,0.809749670920,0.445362319006
0.125000000,-0.140625000,0.797296611974,0.438513136586
0.140625000,-0.140625000,0.782970762892,0.430633919591
0.156250000,-0.140625000,0.766697160594,0.421683438327
0.171875000,-0.140625000,0.748394803193,0.411617141756
0.187500000,-0.140625000,0.727977598066,0.400387678936
0.203125000,-0.140625000,0.705355420096,0.387945481053
0.218750000,-0.140625000,0.680435284793,0.374239406636
0.234375000,-0.140625000,0.653122637993,0.359217450896
0.250000000,-0.140625000,0.623322767365,0.342827522051
0.265625000,-0.140625000,0.590942338618,0.325018286240
0.281250000,-0.140625000,0.555891061377,0.305740083758
0.296875000,-0.140625000,0.518083488067,0.284945918437
0.312500000,-0.140625000,0.477440951404,0.262592523272
0.328125000,-0.140625000,0.433893644157,0.238641504286
0.343750000,-0.140625000,0.387382846200,0.213060565410
0.359375000,-0.140625000,0.337863303272,0.185824816800
0.375000000,-0.140625000,0.285305762506,0.156918169378
0.390625000,-0.140625000,0.229699668126,0.126334817469
0.406250000,-0.140625000,0.171056022810,0.0940808125457
0.421875000,-0.140625000,0.109410417050,0.0601757293777
0.437500000,-0.140625000,0.0448262316863,0.0246544274275
0.453125000,-0.140625000,-0.0226019858372,-0.0124310922105
0.468750000,-0.140625000,-0.0927449669943,-0.0510097318469
0.484375000,-0.140625000,-0.165434991331,-0.0909892452322
0.500000000,-0.140625000,-0.240461976949,-0.132254087322
0.515625000,-0.140625000,-0.317569395886,-0.174663167737
0.531250000,-0.140625000,-0.396450017789,-0.218047509784
0.546875000,-0.140625000,-0.476741487006,-0.262207817853
0.562500000,-0.140625000,-0.558021743490,-0.306911958919
0.578125000,-0.140625000,-0.639804298195,-0.351892364007
0.593750000,-0.140625000,-0.721533380167,-0.396843359092
0.609375000,-0.140625000,-0.802578975403,-0.441418436472
0.625000000,-0.140625000,-0.882231785692,-0.485227482131
0.640625000,-0.140625000,-0.959698138414,-0.527833976127
0.656250000,-0.140625000,-1.03409489289,-0.568752191087
0.671875000,-0.140625000,-1.10444439017,-0.607444414592
0.687500000,-0.140625000,-1.16966951390,-0.643318232643
0.703125000,-0.140625000,-1.22858893536,-0.675723914449
0.718750000,-0.140625000,-1.27991263876,-0.703951951319
0.734375000,-0.140625000,-1.32223783839,-0.727230811113
0.750000000,-0.140625000,-1.35404542364,-0.744724983000
0.765625000,-0.140625000,-1.37369709769,-0.755533403731
0.781250000,-0.140625000,-1.37943340452,-0.758688372486
0.796875000,-0.140625000,-1.36937288461,-0.753155086538
0.812500000,-0.140625000,-1.34151263983,-0.737831951904
0.828125000,-0.140625000,-1.29373065286,-0.711551859072
0.843750000,-0.140625000,-1.22379026751,-0.673084647132
0.859375000,-0.140625000,-1.12934732249,-0.621141027368
0.875000000,-0.140625000,-1.00796052874,-0.554378290806
0.890625000,-0.140625000,-0.857105797515,-0.471408188633
0.906250000,-0.140625000,-0.674195372742,-0.370807455008
0.921875000,-0.140625000,-0.456602791408,-0.251131535274
0.937500000,-0.140625000,-0.201694908874,-0.110932199880
0.953125000,-0.140625000,0.0931275186976,0.0512201352837
0.968750000,-0.140625000,,
0.984375000,-0.140625000,,
1.000000000,-0.140625000,,
-1.000000000,-0.125000000,,
-0.984375000,-0.125000000,,
-0.968750000,-0.125000000,0.458351251023,0.252093188062
-0.953125000,-0.125000000,0.118637973114,0.0652508852125
-0.937500000,-0.125000000,-0.178217354290,-0.0980195448594
-0.921875000,-0.125000000,-0.434803442110,-0.239141893160
-0.906250000,-0.125000000,-0.653783399046,-0.359580869476
-0.890625000,-0.125000000,-0.837845133359,-0.460814823348
-0.875000000,-0.125000000,-0.989661935935,-0.544314064764
-0.859375000,-0.125000000,-1.11186146600,-0.611523806301
-0.843750000,-0.125000000,-1.20700167139,-0.663850919265
-0.828125000,-0.125000000,-1.27755242560,-0.702653834082
-0.812500000,-0.125000000,-1.32588187224,-0.729235029730
-0.796875000,-0.125000000,-1.35424663738,-0.744835650558
-0.781250000,-0.125000000,-1.36478521365,-0.750631867510
-0.765625000,-0.125000000,-1.35951393534,-0.747732664439
-0.750000000,-0.125000000,-1.34032506095,-0.737178783524
-0.734375000,-0.125000000,-1.30898656114,-0.719942608625
-0.718750000,-0.125000000,-1.26714327578,-0.696928801679
-0.703125000,-0.125000000,-1.21631916238,-0.668975539311
-0.687500000,-0.125000000,-1.15792040117,-0.636856220643
-0.671875000,-0.125000000,-1.09323916506,-0.601281540783
-0.656250000,-0.125000000,-1.02345789202,-0.562901840613
-0.640625000,-0.125000000,-0.949653927994,-0.522309660397
-0.625000000,-0.125000000,-0.872804429029,-0.480042435966
-0.609375000,-0.125000000,-0.793791431104,-0.436585287107
-0.593750000,-0.125000000,-0.713407013540,-0.392373857447
-0.578125000,-0.125000000,-0.632358494348,-0.347797171891
-0.562500000,-0.125000000,-0.551273606586,-0.303200483622
-0.546875000,-0.125000000,-0.470705616956,-0.258888089326
-0.531250000,-0.125000000,-0.391138352481,-0.215126093865
-0.515625000,-0.125000000,-0.312991110858,-0.172145110972
-0.500000000,-0.125000000,-0.236623433689,-0.130142888529
-0.484375000,-0.125000000,-0.162339728417,-0.0892868506291
-0.468750000,-0.125000000,-0.0903937247729,-0.0497165486251
-0.453125000,-0.125000000,-0.0209927620185,-0.0115460191102
-0.437500000,-0.125000000,0.0456981030283,0.0251339566656
-0.421875000,-0.125000000,0.109552167027,0.0602536918648
-0.406250000,-0.125000000,0.170477333340,0.0937625333370
-0.390625000,-0.125000000,0.228412546735,0.125626900704
-0.375000000,-0.125000000,0.283324407815,0.155828424298
-0.359375000,-0.125000000,0.335203965670,0.184362181118
-0.343750000,-0.125000000,0.384063685233,0.211235026878
-0.328125000,-0.125000000,0.429934585074,0.236464021791
-0.312500000,-0.125000000,0.472863542444,0.260074948344
-0.296875000,-0.125000000,0.512910761208,0.282100918664
-0.281250000,-0.125000000,0.550147396342,0.302581067988
-0.265625000,-0.125000000,0.584653332305,0.321559332768
-0.250000000,-0.125000000,0.616515109124,0.339083310018
-0.234375000,-0.125000000,0.645823992153,0.355203195684
-0.218750000,-0.125000000,0.672674179616,0.369970798789
-0.203125000,-0.125000000,0.697161145359,0.383438629948
-0.187500000,-0.125000000,0.719380109125,0.395659060019
-0.171875000,-0.125000000,0.739424634226,0.406683548825
-0.156250000,-0.125000000,0.757385344593,0.416561939526
-0.140625000,-0.125000000,0.773348759695,0.425341817832
-0.125000000,-0.125000000,0.787396243391,0.433067933865
-0.109375000,-0.125000000,0.799603062739,0.439781684507
-0.093750000,-0.125000000,0.810016671851,0.445509169518
-0.078125000,-0.125000000,0.818749895377,0.450312442457
-0.062500000,-0.125000000,0.825819338719,0.454200636295
-0.046875000,-0.125000000,0.831270159354,0.457198587644
-0.031250000,-0.125000000,0.835137919384,0.459325855661
-0.015625000,-0.125000000,0.837448255184,0.460596540351
0.000000000,-0.125000000,0.838216642425,0.461019153334
0.015625000,-0.125000000,0.837448255184,0.460596540351
0.031250000,-0.125000000,0.835137919384,0.459325855661
0.046875000,-0.125000000,0.831270159354,0.457198587644
0.062500000,-0.125000000,0.825819338719,0.454200636295
0.078125000,-0.125000000,0.818749895377,0.450312442457
0.093750000,-0.125000000,0.810016671851,0.445509169518
0.109375000,-0.125000000,0.799603062739,0.439781684507
0.125000000,-0.125000000,0.787396243391,0.433067933865
0.140625000,-0.125000000,0.773348759695,0.425341817832
0.156250000,-0.125000000,0.757385344593,0.416561939526
0.171875000,-0.125000000,0.739424634226,0.406683548825
0.187500000,-0.125000000,0.719380109125,0.395659060019
0.203125000,-0.125000000,0.697161145359,0.383438629948
0.218750000,-0.125000000,0.672674179616,0.369970798789
0.234375000,-0.125000000,0.645823992153,0.355203195684
0.250000000,-0.125000000,0.616515109124,0.339083310018
0.265625000,-0.125000000,0.584653332305,0.321559332768
0.281250000,-0.125000000,0.550147396342,0.302581067988
0.296875000,-0.125000000,0.512910761208,0.282100918664
0.312500000,-0.125000000,0.472863542444,0.260074948344
0.328125000,-0.125000000,0.429934585074,0.236464021791
0.343750000,-0.125000000,0.384063685233,0.211235026878
0.359375000,-0.125000000,0.335203965670,0.184362181118
0.375000000,-0.125000000,0.283324407815,0.155828424298
0.390625000,-0.125000000,0.228412546735,0.125626900704
0.406250000,-0.125000000,0.170477333340,0.0937625333370
0.421875000,-0.125000000,0.109552167027,0.0602536918648
0.437500000,-0.125000000,0.0456981030283,0.0251339566656
0.453125000,-0.125000000,-0.0209927620185,-0.0115460191102
0.468750000,-0.125000000,-0.0903937247729,-0.0497165486251
0.484375000,-0.125000000,-0.162339728417,-0.0892868506291
0.500000000,-0.125000000,-0.236623433689,-0.130142888529
0.515625000,-0.125000000,-0.312991110858,-0.172145110972
0.531250000,-0.125000000,-0.391138352481,-0.215126093865
0.546875000,-0.125000000,-0.470705616956,-0.258888089326
0.562500000,-0.125000000,-0.551273606586,-0.303200483622
0.578125000,-0.125000000,-0.632358494348,-0.347797171891
0.593750000,-0.125000000,-0.713407013540,-0.392373857447
0.609375000,-0.125000000,-0.793791431104,-0.436585287107
0.625000000,-0.125000000,-0.872804429029,-0.480042435966
0.640625000,-0.125000000,-0.949653927994,-0.522309660397
0.656250000,-0.125000000,-1.02345789202,-0.562901840613
0.671875000,-0.125000000,-1.09323916506,-0.601281540783
0.687500000,-0.125000000,-1.15792040117,-0.636856220643
0.703125000,-0.125000000,-1.21631916238,-0.668975539311
0.718750000,-0.125000000,-1.26714327578,-0.696928801679
0.734375000,-0.125000000,-1.30898656114,-0.719942608625
0.750000000,-0.125000000,-1.34032506095,-0.737178783524
0.765625000,-0.125000000,-1.35951393534,-0.747732664439
0.781250000,-0.125000000,-1.36478521365,-0.750631867510
0.796875000,-0.125000000,-1.35424663738,-0.744835650558
0.812500000,-0.125000000,-1.32588187224,-0.729235029730
0.828125000,-0.125000000,-1.27755242560,-0.702653834082
0.843750000,-0.125000000,-1.20700167139,-0.663850919265
0.859375000,-0.125000000,-1.11186146600,-0.611523806301
0.875000000,-0.125000000,-0.989661935935,-0.544314064764
0.890625000,-0.125000000,-0.837845133359,-0.460814823348
0.906250000,-0.125000000,-0.653783399046,-0.359580869476
0.921875000,-0.125000000,-0.434803442110,-0.239141893160
0.937500000,-0.125000000,-0.178217354290,-0.0980195448594
0.953125000,-0.125000000,0.118637973114,0.0652508852125
0.968750000,-0.125000000,0.458351251023,0.252093188062
0.984375000,-0.125000000,,
1.000000000,-0.125000000,,
-1.000000000,-0.109375000,,
-0.984375000,-0.109375000,,
-0.968750000,-0.109375000,0.493995722624,0.271697647443
-0.953125000,-0.109375000,0.151374182253,0.0832558002394
-0.937500000,-0.109375000,-0.147963761260,-0.0813800686929
-0.921875000,-0.109375000,-0.406676120562,-0.223671866309
-0.906250000,-0.109375000,-0.627485761475,-0.345117168811
-0.890625000,-0.109375000,-0.813132008303,-0.447222604566
-0.875000000,-0.109375000,-0.966332272968,-0.531482750132
-0.859375000,-0.109375000,-1.08975195324,-0.599363574283
-0.843750000,-0.109375000,-1.18598115065,-0.652289632858
-0.828125000,-0.109375000,-1.25751700618,-0.691634353400
-0.812500000,-0.109375000,-1.30675065824,-0.718712862033
-0.796875000,-0.109375000,-1.33595799504,-0.734776897273
-0.781250000,-0.109375000,-1.34729351460,-0.741011433031
-0.765625000,-0.109375000,-1.34278671907,-0.738532695487
-0.750000000,-0.109375000,-1.32434056890,-0.728387312895
-0.734375000,-0.109375000,-1.29373159813,-0.711552378973
-0.718750000,-0.109375000,-1.25261136255,-0.688936249401
-0.703125000,-0.109375000,-1.20250894440,-0.661379919421
-0.687500000,-0.109375000,-1.14483428517,-0.629658856841
-0.671875000,-0.109375000,-1.08088215668,-0.594485186176
-0.656250000,-0.109375000,-1.01183661231,-0.556510136773
-0.640625000,-0.109375000,-0.938775786392,-0.516326682516
-0.625000000,-0.109375000,-0.862676935750,-0.474472314662
-0.609375000,-0.109375000,-0.784421632027,-0.431431897615
-0.593750000,-0.109375000,-0.704801032720,-0.387640567996
-0.578125000,-0.109375000,-0.624521170296,-0.343486643663
-0.562500000,-0.109375000,-0.544208212240,-0.299314516732
-0.546875000,-0.109375000,-0.464413650131,-0.255427507572
-0.531250000,-0.109375000,-0.385619389505,-0.212090664228
-0.515625000,-0.109375000,-0.308242713358,-0.169533492347
-0.500000000,-0.109375000,-0.232641101236,-0.127952605680
-0.484375000,-0.109375000,-0.159116889787,-0.0875142893829
-0.468750000,-0.109375000,-0.0879217624821,-0.0483569693652
-0.453125000,-0.109375000,-0.0192610628785,-0.0105935845832
-0.437500000,-0.109375000,0.0467020745931,0.0256861410262
-0.421875000,-0.109375000,0.109842778837,0.0604135283602
-0.406250000,-0.109375000,0.170070681612,0.0935388748867
-0.390625000,-0.109375000,0.227326342050,0.125029488127
-0.375000000,-0.109375000,0.281577855102,0.154867820306
-0.359375000,-0.109375000,0.332817639697,0.183049701834
-0.343750000,-0.109375000,0.381059404296,0.209582672363
-0.328125000,-0.109375000,0.426335286140,0.234484407377
-0.312500000,-0.109375000,0.468693158174,0.257781236995
-0.296875000,-0.109375000,0.508194100553,0.279506755304
-0.281250000,-0.109375000,0.544910030987,0.299700517043
-0.265625000,-0.109375000,0.578921489113,0.318406819012
-0.250000000,-0.109375000,0.610315569732,0.335673563352
-0.234375000,-0.109375000,0.639184000126,0.351551200069
-0.218750000,-0.109375000,0.665621356316,0.366091745974
-0.203125000,-0.109375000,0.689723413318,0.379347877325
-0.187500000,-0.109375000,0.711585625532,0.391372094043
-0.171875000,-0.109375000,0.731301731871,0.402215952529
-0.156250000,-0.109375000,0.748962481519,0.411929364835
-0.140625000,-0.109375000,0.764654477553,0.420559962654
-0.125000000,-0.109375000,0.778459133069,0.428152523188
-0.109375000,-0.109375000,0.790451737959,0.434748455878
-0.093750000,-0.109375000,0.800675292099,0.440371410655
-0.078125000,-0.109375000,0.809252742638,0.445089008451
-0.062500000,-0.109375000,0.816194785920,0.448907132256
-0.046875000,-0.109375000,0.821546552911,0.451850604101
-0.031250000,-0.109375000,0.825343580818,0.453938969450
-0.015625000,-0.109375000,0.827611486038,0.455186317321
0.000000000,-0.109375000,0.828365731198,0.455601152159
0.015625000,-0.109375000,0.827611486038,0.455186317321
0.031250000,-0.109375000,0.825343580818,0.453938969450
0.046875000,-0.109375000,0.821546552911,0.451850604101
0.062500000,-0.109375000,0.816194785920,0.448907132256
0.078125000,-0.109375000,0.809252742638,0.445089008451
0.093750000,-0.109375000,0.800675292099,0.440371410655
0.109375000,-0.109375000,0.790451737959,0.434748455878
0.125000000,-0.109375000,0.778459133069,0.428152523188
0.140625000,-0.109375000,0.764654477553,0.420559962654
0.156250000,-0.109375000,0.748962481519,0.411929364835
0.171875000,-0.109375000,0.731301731871,0.402215952529
0.187500000,-0.109375000,0.711585625532,0.391372094043
0.203125000,-0.109375000,0.689723413318,0.379347877325
0.218750000,-0.109375000,0.665621356316,0.366091745974
0.234375000,-0.109375000,0.639184000126,0.351551200069
0.250000000,-0.109375000,0.610315569732,0.335673563352
0.265625000,-0.109375000,0.578921489113,0.318406819012
0.281250000,-0.109375000,0.544910030987,0.299700517043
0.296875000,-0.109375000,0.508194100553,0.279506755304
0.312500000,-0.109375000,0.468693158174,0.257781236995
0.328125000,-0.109375000,0.426335286140,0.234484407377
0.343750000,-0.109375000,0.381059404296,0.209582672363
0.359375000,-0.109375000,0.332817639697,0.183049701834
0.375000000,-0.109375000,0.281577855102,0.154867820306
0.390625000,-0.109375000,0.227326342050,0.125029488127
0.406250000,-0.109375000,0.170070681612,0.0935388748867
0.421875000,-0.109375000,0.109842778837,0.0604135283602
0.437500000,-0.109375000,0.0467020745931,0.0256861410262
0.453125000,-0.109375000,-0.0192610628785,-0.0105935845832
0.468750000,-0.109375000,-0.0879217624821,-0.0483569693652
0.484375000,-0.109375000,-0.159116889787,-0.0875142893829
0.500000000,-0.109375000,-0.232641101236,-0.127952605680
0.515625000,-0.109375000,-0.308242713358,-0.169533492347
0.531250000,-0.109375000,-0.385619389505,-0.212090664228
0.546875000,-0.109375000,-0.464413650131,-0.255427507572
0.562500000,-0.109375000,-0.544208212240,-0.299314516732
0.578125000,-0.109375000,-0.624521170296,-0.343486643663
0.593750000,-0.109375000,-0.704801032720,-0.387640567996
0.609375000,-0.109375000,-0.784421632027,-0.431431897615
0.625000000,-0.109375000,-0.862676935750,-0.474472314662
0.640625000,-0.109375000,-0.938775786392,-0.516326682516
0.656250000,-0.109375000,-1.01183661231,-0.556510136773
0.671875000,-0.109375000,-1.08088215668,-0.594485186176
0.687500000,-0.109375000,-1.14483428517,-0.629658856841
0.703125000,-0.109375000,-1.20250894440,-0.661379919421
0.718750000,-0.109375000,-1.25261136255,-0.688936249401
0.734375000,-0.109375000,-1.29373159813,-0.711552378973
0.750000000,-0.109375000,-1.32434056890,-0.728387312895
0.765625000,-0.109375000,-1.34278671907,-0.738532695487
0.781250000,-0.109375000,-1.34729351460,-0.741011433031
0.796875000,-0.109375000,-1.33595799504,-0.734776897273
0.812500000,-0.109375000,-1.30675065824,-0.718712862033
0.828125000,-0.109375000,-1.25751700618,-0.691634353400
0.843750000,-0.109375000,-1.18598115065,-0.652289632858
0.859375000,-0.109375000,-1.08975195324,-0.599363574283
0.875000000,-0.109375000,-0.966332272968,-0.531482750132
0.890625000,-0.109375000,-0.813132008303,-0.447222604566
0.906250000,-0.109375000,-0.627485761475,-0.345117168811
0.921875000,-0.109375000,-0.406676120562,-0.223671866309
0.937500000,-0.109375000,-0.147963761260,-0.0813800686929
0.953125000,-0.109375000,0.151374182253,0.0832558002394
0.968750000,-0.109375000,0.493995722624,0.271697647443
0.984375000,-0.109375000,,
1.000000000,-0.109375000,,
-1.000000000,-0.093750000,,
-0.984375000,-0.093750000,,
-0.968750000,-0.093750000,0.537539434604,0.295646689032
-0.953125000,-0.093750000,0.191526595233,0.105339627378
-0.937500000,-0.093750000,-0.110777043552,-0.0609273739536
-0.921875000,-0.093750000,-0.372094079397,-0.204651743668
-0.906250000,-0.093750000,-0.595203283856,-0.327361806121
-0.890625000,-0.093750000,-0.782892274649,-0.430590751057
-0.875000000,-0.093750000,-0.937920077651,-0.515856042708
-0.859375000,-0.093750000,-1.06298784228,-0.584643313254
-0.843750000,-0.093750000,-1.16071627637,-0.638393952002
-0.828125000,-0.093750000,-1.23362861388,-0.678495737637
-0.812500000,-0.093750000,-1.28413812903,-0.706275970966
-0.796875000,-0.093750000,-1.31453938126,-0.722996659693
-0.781250000,-0.093750000,-1.32700250992,-0.729851380456
-0.765625000,-0.093750000,-1.32357001466,-0.727963508063
-0.750000000,-0.093750000,-1.30615555094,-0.718385553016
-0.734375000,-0.093750000,-1.27654434896,-0.702099391929
-0.718750000,-0.093750000,-1.23639493085,-0.680017211969
-0.703125000,-0.093750000,-1.18724185431,-0.652983019870
-0.687500000,-0.093750000,-1.13049925786,-0.621774591826
-0.671875000,-0.093750000,-1.06746501975,-0.587105760860
-0.656250000,-0.093750000,-0.999325375834,-0.549628956709
-0.640625000,-0.093750000,-0.927159867186,-0.509937926952
-0.625000000,-0.093750000,-0.851946511565,-0.468570581361
-0.609375000,-0.093750000,-0.774567111035,-0.426011911069
-0.593750000,-0.093750000,-0.695812624128,-0.382696943270
-0.578125000,-0.093750000,-0.616388543937,-0.339013699166
-0.562500000,-0.093750000,-0.536920235423,-0.295306129483
-0.546875000,-0.093750000,-0.457958192062,-0.251877005634
-0.531250000,-0.093750000,-0.379983184049,-0.208990751227
-0.515625000,-0.093750000,-0.303411271571,-0.166876199364
-0.500000000,-0.093750000,-0.228598667229,-0.125729266976
-0.484375000,-0.093750000,-0.155846431550,-0.0857155373522
-0.468750000,-0.093750000,-0.0854049936802,-0.0469727465241
-0.453125000,-0.093750000,-0.0174784886553,-0.00961316876041
-0.437500000,-0.093750000,0.0477710920018,0.0262741006010
-0.421875000,-0.093750000,0.110219938982,0.0606209664403
-0.406250000,-0.093750000,0.169778653177,0.0933782592475
-0.390625000,-0.093750000,0.226388662546,0.124513764400
-0.375000000,-0.093750000,0.280018824587,0.154010353523
-0.359375000,-0.093750000,0.330662213250,0.181864217288
-0.343750000,-0.093750000,0.378333083513,0.208083195932
-0.328125000,-0.093750000,0.423064013144,0.232685207229
-0.312500000,-0.093750000,0.464903213433,0.255696767388
-0.296875000,-0.093750000,0.503912005516,0.277151603034
-0.281250000,-0.093750000,0.540162457460,0.297089351603
-0.265625000,-0.093750000,0.573735176057,0.315554346831
-0.250000000,-0.093750000,0.604717248088,0.332594486448
-0.234375000,-0.093750000,0.633200326570,0.348260179613
-0.218750000,-0.093750000,0.659278856448,0.362603371046
-0.203125000,-0.093750000,0.683048433831,0.375676638607
-0.187500000,-0.093750000,0.704604296215,0.387532362918
-0.171875000,-0.093750000,0.724039936640,0.398221965152
-0.156250000,-0.093750000,0.741445839892,0.407795211941
-0.140625000,-0.093750000,0.756908333279,0.416299583303
-0.125000000,-0.093750000,0.770508553013,0.423779704157
-0.109375000,-0.093750000,0.782321517472,0.430276834610
-0.093750000,-0.093750000,0.792415308613,0.435828419737
-0.078125000,-0.093750000,0.800830703970,0.440456887183
-0.062500000,-0.093750000,0.807667601356,0.444217180746
-0.046875000,-0.093750000,0.812937787560,0.447115783158
-0.031250000,-0.093750000,0.816676651990,0.449172158595
-0.015625000,-0.093750000,0.818909702913,0.450400336602
0.000000000,-0.093750000,0.819652337364,0.450808785550
0.015625000,-0.093750000,0.818909702913,0.450400336602
0.031250000,-0.093750000,0.816676651990,0.449172158595
0.046875000,-0.093750000,0.812937787560,0.447115783158
0.062500000,-0.093750000,0.807667601356,0.444217180746
0.078125000,-0.093750000,0.800830703970,0.440456887183
0.093750000,-0.093750000,0.792415308613,0.435828419737
0.109375000,-0.093750000,0.782321517472,0.430276834610
0.125000000,-0.093750000,0.770508553013,0.423779704157
0.140625000,-0.093750000,0.756908333279,0.416299583303
0.156250000,-0.093750000,0.741445839892,0.407795211941
0.171875000,-0.093750000,0.724039936640,0.398221965152
0.187500000,-0.093750000,0.704604296215,0.387532362918
0.203125000,-0.093750000,0.683048433831,0.375676638607
0.218750000,-0.093750000,0.659278856448,0.362603371046
0.234375000,-0.093750000,0.633200326570,0.348260179613
0.250000000,-0.093750000,0.604717248088,0.332594486448
0.265625000,-0.093750000,0.573735176057,0.315554346831
0.281250000,-0.093750000,0.540162457460,0.297089351603
0.296875000,-0.093750000,0.503912005516,0.277151603034
0.312500000,-0.093750000,0.464903213433,0.255696767388
0.328125000,-0.093750000,0.423064013144,0.232685207229
0.343750000,-0.093750000,0.378333083513,0.208083195932
0.359375000,-0.093750000,0.330662213250,0.181864217288
0.375000000,-0.093750000,0.280018824587,0.154010353523
0.390625000,-0.093750000,0.226388662546,0.124513764400
0.406250000,-0.093750000,0.169778653177,0.0933782592475
0.421875000,-0.093750000,0.110219938982,0.0606209664403
0.437500000,-0.093750000,0.0477710920018,0.0262741006010
0.453125000,-0.093750000,-0.0174784886553,-0.00961316876041
0.468750000,-0.093750000,-0.0854049936802,-0.0469727465241
0.484375000,-0.093750000,-0.155846431550,-0.0857155373522
0.500000000,-0.093750000,-0.228598667229,-0.125729266976
0.515625000,-0.093750000,-0.303411271571,-0.166876199364
0.531250000,-0.093750000,-0.379983184049,-0.208990751227
0.546875000,-0.093750000,-0.457958192062,-0.251877005634
0.562500000,-0.093750000,-0.536920235423,-0.295306129483
0.578125000,-0.093750000,-0.616388543937,-0.339013699166
0.593750000,-0.093750000,-0.695812624128,-0.382696943270
0.609375000,-0.093750000,-0.774567111035,-0.426011911069
0.625000000,-0.093750000,-0.851946511565,-0.468570581361
0.640625000,-0.093750000,-0.927159867186,-0.509937926952
0.656250000,-0.093750000,-0.999325375834,-0.549628956709
0.671875000,-0.093750000,-1.06746501975,-0.587105760860
0.687500000,-0.093750000,-1.13049925786,-0.621774591826
0.703125000,-0.093750000,-1.18724185431,-0.652983019870
0.718750000,-0.093750000,-1.23639493085,-0.680017211969
0.734375000,-0.093750000,-1.27654434896,-0.702099391929
0.750000000,-0.093750000,-1.30615555094,-0.718385553016
0.765625000,-0.093750000,-1.32357001466,-0.727963508063
0.781250000,-0.093750000,-1.32700250992,-0.729851380456
0.796875000,-0.093750000,-1.31453938126,-0.722996659693
0.812500000,-0.093750000,-1.28413812903,-0.706275970966
0.828125000,-0.093750000,-1.23362861388,-0.678495737637
0.843750000,-0.093750000,-1.16071627637,-0.638393952002
0.859375000,-0.093750000,-1.06298784228,-0.584643313254
0.875000000,-0.093750000,-0.937920077651,-0.515856042708
0.890625000,-0.093750000,-0.782892274649,-0.430590751057
0.906250000,-0.093750000,-0.595203283856,-0.327361806121
0.921875000,-0.093750000,-0.372094079397,-0.204651743668
0.937500000,-0.093750000,-0.110777043552,-0.0609273739536
0.953125000,-0.093750000,0.191526595233,0.105339627378
0.968750000,-0.093750000,0.537539434604,0.295646689032
0.984375000,-0.093750000,,
1.000000000,-0.093750000,,
-1.000000000,-0.078125000,,
-0.984375000,-0.078125000,,
-0.968750000,-0.078125000,0.589205151782,0.324062833480
-0.953125000,-0.078125000,0.239282240147,0.131605232081
-0.937500000,-0.078125000,-0.0665028106376,-0.0365765458507
-0.921875000,-0.078125000,-0.330932720778,-0.182012996428
-0.906250000,-0.078125000,-0.556838540140,-0.306261197077
-0.890625000,-0.078125000,-0.747053256006,-0.410879290803
-0.875000000,-0.078125000,-0.904375178286,-0.497406348057
-0.859375000,-0.078125000,-1.03153937892,-0.567346658407
-0.843750000,-0.078125000,-1.13119576755,-0.622157672153
-0.828125000,-0.078125000,-1.20589262480,-0.663240943638
-0.812500000,-0.078125000,-1.25806461921,-0.691935540565
-0.796875000,-0.078125000,-1.29002449739,-0.709513473567
-0.781250000,-0.078125000,-1.30395777483,-0.717176776156
-0.765625000,-0.078125000,-1.30191986914,-0.716055928026
-0.750000000,-0.078125000,-1.28583520864,-0.707209364754
-0.734375000,-0.078125000,-1.25749793146,-0.691623862304
-0.718750000,-0.078125000,-1.21857385095,-0.670215618021
-0.703125000,-0.078125000,-1.17060342131,-0.643831881719
-0.687500000,-0.078125000,-1.11500548015,-0.613253014085
-0.671875000,-0.078125000,-1.05308158275,-0.579194870511
-0.656250000,-0.078125000,-0.986020775657,-0.542311426611
-0.640625000,-0.078125000,-0.914904682528,-0.503197575391
-0.625000000,-0.078125000,-0.840712798068,-0.462392038937
-0.609375000,-0.078125000,-0.764327903232,-0.420380346778
-0.593750000,-0.078125000,-0.686541532703,-0.377597842986
-0.578125000,-0.078125000,-0.608059436429,-0.334432690036
-0.562500000,-0.078125000,-0.529506988894,-0.291228843892
-0.546875000,-0.078125000,-0.451434509852,-0.248288980418
-0.531250000,-0.078125000,-0.374322466237,-0.205877356430
-0.515625000,-0.078125000,-0.298586532713,-0.164222592992
-0.500000000,-0.078125000,-0.224582493027,-0.123520371165
-0.484375000,-0.078125000,-0.152610969292,-0.0839360331108
-0.468750000,-0.078125000,-0.0829219695791,-0.0456070832685
-0.453125000,-0.078125000,-0.0157192476609,-0.00864558621350
-0.437500000,-0.078125000,0.0488355288381,0.0268595408609
-0.421875000,-0.078125000,0.110618804077,0.0608403422423
-0.406250000,-0.078125000,0.169541351876,0.0932477435320
-0.390625000,-0.078125000,0.225544686898,0.124049577794
-0.375000000,-0.078125000,0.278597663361,0.153228714849
-0.359375000,-0.078125000,0.328693260971,0.180781293534
-0.343750000,-0.078125000,0.375845552039,0.206715053622
-0.328125000,-0.078125000,0.420086845468,0.231047765007
-0.312500000,-0.078125000,0.461465002957,0.253805751626
-0.296875000,-0.078125000,0.500040922233,0.275022507228
-0.281250000,-0.078125000,0.535886181787,0.294737399983
-0.265625000,-0.078125000,0.569080840567,0.312994462312
-0.250000000,-0.078125000,0.599711389549,0.329841264252
-0.234375000,-0.078125000,0.627868847417,0.345327866079
-0.218750000,-0.078125000,0.653646996026,0.359505847814
-0.203125000,-0.078125000,0.677140751063,0.372427413085
-0.187500000,-0.078125000,0.698444661773,0.384144563975
-0.171875000,-0.078125000,0.717651536088,0.394708344849
-0.156250000,-0.078125000,0.734851185945,0.404168152270
-0.140625000,-0.078125000,0.750129289050,0.412571108978
-0.125000000,-0.078125000,0.763566363321,0.419961499826
-0.109375000,-0.078125000,0.775236849317,0.426380267124
-0.093750000,-0.078125000,0.785208299093,0.431864564501
-0.078125000,-0.078125000,0.793540667333,0.436447367033
-0.062500000,-0.078125000,0.800266899045,0.440146794475
-0.046875000,-0.078125000,0.805474220577,0.443010821318
-0.031250000,-0.078125000,0.809168381842,0.445042610013
-0.015625000,-0.078125000,0.811374691610,0.446256080385
0.000000000,-0.078125000,0.812108425819,0.446659634200
0.015625000,-0.078125000,0.811374691610,0.446256080385
0.031250000,-0.078125000,0.809168381842,0.445042610013
0.046875000,-0.078125000,0.805474220577,0.443010821318
0.062500000,-0.078125000,0.800266899045,0.440146794475
0.078125000,-0.078125000,0.793540667333,0.436447367033
0.093750000,-0.078125000,0.785208299093,0.431864564501
0.109375000,-0.078125000,0.775236849317,0.426380267124
0.125000000,-0.078125000,0.763566363321,0.419961499826
0.140625000,-0.078125000,0.750129289050,0.412571108978
0.156250000,-0.078125000,0.734851185945,0.404168152270
0.171875000,-0.078125000,0.717651536088,0.394708344849
0.187500000,-0.078125000,0.698444661773,0.384144563975
0.203125000,-0.078125000,0.677140751063,0.372427413085
0.218750000,-0.078125000,0.653646996026,0.359505847814
0.234375000,-0.078125000,0.627868847417,0.345327866079
0.250000000,-0.078125000,0.599711389549,0.329841264252
0.265625000,-0.078125000,0.569080840567,0.312994462312
0.281250000,-0.078125000,0.535886181787,0.294737399983
0.296875000,-0.078125000,0.500040922233,0.275022507228
0.312500000,-0.078125000,0.461465002957,0.253805751626
0.328125000,-0.078125000,0.420086845468,0.231047765007
0.343750000,-0.078125000,0.375845552039,0.206715053622
0.359375000,-0.078125000,0.328693260971,0.180781293534
0.375000000,-0.078125000,0.278597663361,0.153228714849
0.390625000,-0.078125000,0.225544686898,0.124049577794
0.406250000,-0.078125000,0.169541351876,0.0932477435320
0.421875000,-0.078125000,0.110618804077,0.0608403422423
0.437500000,-0.078125000,0.0488355288381,0.0268595408609
0.453125000,-0.078125000,-0.0157192476609,-0.00864558621350
0.468750000,-0.078125000,-0.0829219695791,-0.0456070832685
0.484375000,-0.078125000,-0.152610969292,-0.0839360331108
0.500000000,-0.078125000,-0.224582493027,-0.123520371165
0.515625000,-0.078125000,-0.298586532713,-0.164222592992
0.531250000,-0.078125000,-0.374322466237,-0.205877356430
0.546875000,-0.078125000,-0.451434509852,-0.248288980418
0.562500000,-0.078125000,-0.529506988894,-0.291228843892
0.578125000,-0.078125000,-0.608059436429,-0.334432690036
0.593750000,-0.078125000,-0.686541532703,-0.377597842986
0.609375000,-0.078125000,-0.764327903232,-0.420380346778
0.625000000,-0.078125000,-0.840712798068,-0.462392038937
0.640625000,-0.078125000,-0.914904682528,-0.503197575391
0.656250000,-0.078125000,-0.986020775657,-0.542311426611
0.671875000,-0.078125000,-1.05308158275,-0.579194870511
0.687500000,-0.078125000,-1.11500548015,-0.613253014085
0.703125000,-0.078125000,-1.17060342131,-0.643831881719
0.718750000,-0.078125000,-1.21857385095,-0.670215618021
0.734375000,-0.078125000,-1.25749793146,-0.691623862304
0.750000000,-0.078125000,-1.28583520864,-0.707209364754
0.765625000,-0.078125000,-1.30191986914,-0.716055928026
0.781250000,-0.078125000,-1.30395777483,-0.717176776156
0.796875000,-0.078125000,-1.29002449739,-0.709513473567
0.812500000,-0.078125000,-1.25806461921,-0.691935540565
0.828125000,-0.078125000,-1.20589262480,-0.663240943638
0.843750000,-0.078125000,-1.13119576755,-0.622157672153
0.859375000,-0.078125000,-1.03153937892,-0.567346658407
0.875000000,-0.078125000,-0.904375178286,-0.497406348057
0.890625000,-0.078125000,-0.747053256006,-0.410879290803
0.906250000,-0.078125000,-0.556838540140,-0.306261197077
0.921875000,-0.078125000,-0.330932720778,-0.182012996428
0.937500000,-0.078125000,-0.0665028106376,-0.0365765458507
0.953125000,-0.078125000,0.239282240147,0.131605232081
0.968750000,-0.078125000,0.589205151782,0.324062833480
0.984375000,-0.078125000,,
1.000000000,-0.078125000,,
-1.000000000,-0.062500000,,
-0.984375000,-0.062500000,,
-0.968750000,-0.062500000,0.649214260620,0.357067843341
-0.953125000,-0.062500000,0.294827570765,0.162155163920
-0.937500000,-0.062500000,-0.0149866449209,-0.00824265470647
-0.921875000,-0.062500000,-0.283066985889,-0.155686842239
-0.906250000,-0.062500000,-0.512293346701,-0.281761340686
-0.890625000,-0.062500000,-0.705541334156,-0.388047733786
-0.875000000,-0.062500000,-0.865646366923,-0.476105501808
-0.859375000,-0.062500000,-0.995375751209,-0.547456663165
-0.843750000,-0.062500000,-1.09740732051,-0.603574026279
-0.828125000,-0.062500000,-1.17431347249,-0.645872409868
-0.812500000,-0.062500000,-1.22854963459,-0.675702299025
-0.796875000,-0.062500000,-1.26244635465,-0.694345495057
-0.781250000,-0.062500000,-1.27820435042,-0.703012392730
-0.765625000,-0.062500000,-1.27789196244,-0.702840579344
-0.750000000,-0.062500000,-1.26344454986,-0.694894502425
-0.734375000,-0.062500000,-1.23666544491,-0.680165994699
-0.718750000,-0.062500000,-1.19922814831,-0.659575481569
-0.703125000,-0.062500000,-1.15267949923,-0.633973724578
-0.687500000,-0.062500000,-1.09844360076,-0.604143980415
-0.671875000,-0.062500000,-1.03782631730,-0.570804474517
-0.656250000,-0.062500000,-0.972020193383,-0.534611106360
-0.640625000,-0.062500000,-0.902109668409,-0.496160317625
-0.625000000,-0.062500000,-0.829076484961,-0.455992066728
-0.609375000,-0.062500000,-0.753805204965,-0.414592862731
-0.593750000,-0.062500000,-0.677088766225,-0.372398821424
-0.578125000,-0.062500000,-0.599634021461,-0.329798711804
-0.562500000,-0.062500000,-0.522067216340,-0.287136968987
-0.546875000,-0.062500000,-0.444939368604,-0.244716652732
-0.531250000,-0.062500000,-0.368731520756,-0.202802336416
-0.515625000,-0.062500000,-0.293859844079,-0.161622914243
-0.500000000,-0.062500000,-0.220680576097,-0.121374316853
-0.484375000,-0.062500000,-0.149494781041,-0.0822221295725
-0.468750000,-0.062500000,-0.0805529211845,-0.0443041066515
-0.453125000,-0.062500000,-0.0140592374729,-0.00773258061009
-0.437500000,-0.062500000,0.0498240679644,0.0274032373804
-0.421875000,-0.062500000,0.110972845198,0.0610350648590
-0.406250000,-0.062500000,0.169297207551,0.0931134641528
-0.390625000,-0.062500000,0.224737937405,0.123605865573
-0.375000000,-0.062500000,0.277263084364,0.152494696400
-0.359375000,-0.062500000,0.326864750973,0.179775613035
-0.343750000,-0.062500000,0.373556063401,0.205455834870
-0.328125000,-0.062500000,0.417368320385,0.229552576212
-0.312500000,-0.062500000,0.458348315856,0.252091573721
-0.296875000,-0.062500000,0.496555829983,0.273105706491
-0.281250000,-0.062500000,0.532061282870,0.292633705578
-0.265625000,-0.062500000,0.564943544177,0.310718949297
-0.250000000,-0.062500000,0.595287895138,0.327408342326
-0.234375000,-0.062500000,0.623184135175,0.342751274346
-0.218750000,-0.062500000,0.648724828674,0.356798655770
-0.203125000,-0.062500000,0.672003687112,0.369602027912
-0.187500000,-0.062500000,0.693114079917,0.381212743955
-0.171875000,-0.062500000,0.712147670874,0.391681218980
-0.156250000,-0.062500000,0.729193174488,0.401056245968
-0.140625000,-0.062500000,0.744335227848,0.409384375317
-0.125000000,-0.062500000,0.757653374978,0.416709356238
-0.109375000,-0.062500000,0.769221158821,0.423071637352
-0.093750000,-0.062500000,0.779105318458,0.428507925152
-0.078125000,-0.062500000,0.787365087458,0.433050798102
-0.062500000,-0.062500000,0.794051591753,0.436728375464
-0.046875000,-0.062500000,0.799184866579,0.439551676619
-0.031250000,-0.062500000,0.802848686995,0.441566777847
-0.015625000,-0.062500000,0.805036911166,0.442770301141
0.000000000,-0.062500000,0.805764636730,0.443170550202
0.015625000,-0.062500000,0.805036911166,0.442770301141
0.031250000,-0.062500000,0.802848686995,0.441566777847
0.046875000,-0.062500000,0.799184866579,0.439551676619
0.062500000,-0.062500000,0.794051591753,0.436728375464
0.078125000,-0.062500000,0.787365087458,0.433050798102
0.093750000,-0.062500000,0.779105318458,0.428507925152
0.109375000,-0.062500000,0.769221158821,0.423071637352
0.125000000,-0.062500000,0.757653374978,0.416709356238
0.140625000,-0.062500000,0.744335227848,0.409384375317
0.156250000,-0.062500000,0.729193174488,0.401056245968
0.171875000,-0.062500000,0.712147670874,0.391681218980
0.187500000,-0.062500000,0.693114079917,0.381212743955
0.203125000,-0.062500000,0.672003687112,0.369602027912
0.218750000,-0.062500000,0.648724828674,0.356798655770
0.234375000,-0.062500000,0.623184135175,0.342751274346
0.250000000,-0.062500000,0.595287895138,0.327408342326
0.265625000,-0.062500000,0.564943544177,0.310718949297
0.281250000,-0.062500000,0.532061282870,0.292633705578
0.296875000,-0.062500000,0.496555829983,0.273105706491
0.312500000,-0.062500000,0.458348315856,0.252091573721
0.328125000,-0.062500000,0.417368320385,0.229552576212
0.343750000,-0.062500000,0.373556063401,0.205455834870
0.359375000,-0.062500000,0.326864750973,0.179775613035
0.375000000,-0.062500000,0.277263084364,0.152494696400
0.390625000,-0.062500000,0.224737937405,0.123605865573
0.406250000,-0.062500000,0.169297207551,0.0931134641528
0.421875000,-0.062500000,0.110972845198,0.0610350648590
0.437500000,-0.062500000,0.0498240679644,0.0274032373804
0.453125000,-0.062500000,-0.0140592374729,-0.00773258061009
0.468750000,-0.062500000,-0.0805529211845,-0.0443041066515
0.484375000,-0.062500000,-0.149494781041,-0.0822221295725
0.500000000,-0.062500000,-0.220680576097,-0.121374316853
0.515625000,-0.062500000,-0.293859844079,-0.161622914243
0.531250000,-0.062500000,-0.368731520756,-0.202802336416
0.546875000,-0.062500000,-0.444939368604,-0.244716652732
0.562500000,-0.062500000,-0.522067216340,-0.287136968987
0.578125000,-0.062500000,-0.599634021461,-0.329798711804
0.593750000,-0.062500000,-0.677088766225,-0.372398821424
0.609375000,-0.062500000,-0.753805204965,-0.414592862731
0.625000000,-0.062500000,-0.829076484961,-0.455992066728
0.640625000,-0.062500000,-0.902109668409,-0.496160317625
0.656250000,-0.062500000,-0.972020193383,-0.534611106360
0.671875000,-0.062500000,-1.03782631730,-0.570804474517
0.687500000,-0.062500000,-1.09844360076,-0.604143980415
0.703125000,-0.062500000,-1.15267949923,-0.633973724578
0.718750000,-0.062500000,-1.19922814831,-0.659575481569
0.734375000,-0.062500000,-1.23666544491,-0.680165994699
0.750000000,-0.062500000,-1.26344454986,-0.694894502425
0.765625000,-0.062500000,-1.27789196244,-0.702840579344
0.781250000,-0.062500000,-1.27820435042,-0.703012392730
0.796875000,-0.062500000,-1.26244635465,-0.694345495057
0.812500000,-0.062500000,-1.22854963459,-0.675702299025
0.828125000,-0.062500000,-1.17431347249,-0.645872409868
0.843750000,-0.062500000,-1.09740732051,-0.603574026279
0.859375000,-0.062500000,-0.995375751209,-0.547456663165
0.875000000,-0.062500000,-0.865646366923,-0.476105501808
0.890625000,-0.062500000,-0.705541334156,-0.388047733786
0.906250000,-0.062500000,-0.512293346701,-0.281761340686
0.921875000,-0.062500000,-0.283066985889,-0.155686842239
0.937500000,-0.062500000,-0.0149866449209,-0.00824265470647
0.953125000,-0.062500000,0.294827570765,0.162155163920
0.968750000,-0.062500000,0.649214260620,0.357067843341
0.984375000,-0.062500000,,
1.000000000,-0.062500000,,
-1.000000000,-0.046875000,,
-0.984375000,-0.046875000,,
-0.968750000,-0.046875000,0.717789735565,0.394784354561
-0.953125000,-0.046875000,0.358351310080,0.197093220544
-0.937500000,-0.046875000,0.0439286285170,0.0241607456843
-0.921875000,-0.046875000,-0.228368728422,-0.125602800632
-0.906250000,-0.046875000,-0.461466232294,-0.253806427762
-0.890625000,-0.046875000,-0.658279507559,-0.362053729158
-0.875000000,-0.046875000,-0.821679042102,-0.451923473156
-0.859375000,-0.046875000,-0.954462810558,-0.524954545807
-0.843750000,-0.046875000,-1.05933540554,-0.582634473045
-0.828125000,-0.046875000,-1.13889251568,-0.626390883627
-0.812500000,-0.046875000,-1.19560978820,-0.657585383510
-0.796875000,-0.046875000,-1.23183527625,-0.677509401940
-0.781250000,-0.046875000,-1.24978480943,-0.687381645185
-0.765625000,-0.046875000,-1.25153973577,-0.688346854673
-0.750000000,-0.046875000,-1.23904657720,-0.681475617457
-0.734375000,-0.046875000,-1.21411821779,-0.667765019782
-0.718750000,-0.046875000,-1.17843630933,-0.648139970130
-0.703125000,-0.046875000,-1.13355462900,-0.623455045949
-0.687500000,-0.046875000,-1.08090317425,-0.594496745835
-0.671875000,-0.046875000,-1.02179281070,-0.561986045883
-0.656250000,-0.046875000,-0.957420326093,-0.526581179351
-0.640625000,-0.046875000,-0.888873764992,-0.488880570745
-0.625000000,-0.046875000,-0.817137943179,-0.449425868749
-0.609375000,-0.046875000,-0.743100058568,-0.408705032213
-0.593750000,-0.046875000,-0.667555330412,-0.367155431726
-0.578125000,-0.046875000,-0.591212611154,-0.325166936135
-0.562500000,-0.046875000,-0.514699927775,-0.283084960276
-0.546875000,-0.046875000,-0.438569915714,-0.241213453643
-0.531250000,-0.046875000,-0.363305118597,-0.199817815228
-0.515625000,-0.046875000,-0.289323132179,-0.159127722698
-0.500000000,-0.046875000,-0.216981575412,-0.119339866477
-0.484375000,-0.046875000,-0.146582878052,-0.0806205829288
-0.468750000,-0.046875000,-0.0783788750419,-0.0431083812731
-0.453125000,-0.046875000,-0.0125752036487,-0.00691636200676
-0.437500000,-0.046875000,0.0506644999201,0.0278654749560
-0.421875000,-0.046875000,0.111214605249,0.0611680328872
-0.406250000,-0.046875000,0.168983693054,0.0929410311798
-0.390625000,-0.046875000,0.223910957892,0.123151026840
-0.375000000,-0.046875000,0.275962806401,0.151779543521
-0.359375000,-0.046875000,0.325129646463,0.178821305555
-0.343750000,-0.046875000,0.371422861247,0.204282573686
-0.328125000,-0.046875000,0.414871965344,0.228179580939
-0.312500000,-0.046875000,0.455521934940,0.250537064217
-0.296875000,-0.046875000,0.493430708540,0.271386889697
-0.281250000,-0.046875000,0.528666850242,0.290766767633
-0.265625000,-0.046875000,0.561307371138,0.308719054126
-0.250000000,-0.046875000,0.591435702596,0.325289636428
-0.234375000,-0.046875000,0.619139814966,0.340526898231
-0.218750000,-0.046875000,0.644510477088,0.354480762398
-0.203125000,-0.046875000,0.667639650213,0.367201807617
-0.187500000,-0.046875000,0.688619011568,0.378740456362
-0.171875000,-0.046875000,0.707538603058,0.389146231682
-0.156250000,-0.046875000,0.724485598303,0.398467079067
-0.140625000,-0.046875000,0.739543186871,0.406748752779
-0.125000000,-0.046875000,0.752789568637,0.414034262750
-0.109375000,-0.046875000,0.764297055614,0.420363380588
-0.093750000,-0.046875000,0.774131278290,0.425772203059
-0.078125000,-0.046875000,0.782350492293,0.430292770761
-0.062500000,-0.046875000,0.789004983406,0.433952740873
-0.046875000,-0.046875000,0.794136568544,0.436775112699
-0.031250000,-0.046875000,0.797778189034,0.438778003968
-0.015625000,-0.046875000,0.799953597968,0.439974478882
0.000000000,-0.046875000,0.800677135861,0.440372424724
0.015625000,-0.046875000,0.799953597968,0.439974478882
0.031250000,-0.046875000,0.797778189034,0.438778003968
0.046875000,-0.046875000,0.794136568544,0.436775112699
0.062500000,-0.046875000,0.789004983406,0.433952740873
0.078125000,-0.046875000,0.782350492293,0.430292770761
0.093750000,-0.046875000,0.774131278290,0.425772203059
0.109375000,-0.046875000,0.764297055614,0.420363380588
0.125000000,-0.046875000,0.752789568637,0.414034262750
0.140625000,-0.046875000,0.739543186871,0.406748752779
0.156250000,-0.046875000,0.724485598303,0.398467079067
0.171875000,-0.046875000,0.707538603058,0.389146231682
0.187500000,-0.046875000,0.688619011568,0.378740456362
0.203125000,-0.046875000,0.667639650213,0.367201807617
0.218750000,-0.046875000,0.644510477088,0.354480762398
0.234375000,-0.046875000,0.619139814966,0.340526898231
0.250000000,-0.046875000,0.591435702596,0.325289636428
0.265625000,-0.046875000,0.561307371138,0.308719054126
0.281250000,-0.046875000,0.528666850242,0.290766767633
0.296875000,-0.046875000,0.493430708540,0.271386889697
0.312500000,-0.046875000,0.455521934940,0.250537064217
0.328125000,-0.046875000,0.414871965344,0.228179580939
0.343750000,-0.046875000,0.371422861247,0.204282573686
0.359375000,-0.046875000,0.325129646463,0.178821305555
0.375000000,-0.046875000,0.275962806401,0.151779543521
0.390625000,-0.046875000,0.223910957892,0.123151026840
0.406250000,-0.046875000,0.168983693054,0.0929410311798
0.421875000,-0.046875000,0.111214605249,0.0611680328872
0.437500000,-0.046875000,0.0506644999201,0.0278654749560
0.453125000,-0.046875000,-0.0125752036487,-0.00691636200676
0.468750000,-0.046875000,-0.0783788750419,-0.0431083812731
0.484375000,-0.046875000,-0.146582878052,-0.0806205829288
0.500000000,-0.046875000,-0.216981575412,-0.119339866477
0.515625000,-0.046875000,-0.289323132179,-0.159127722698
0.531250000,-0.046875000,-0.363305118597,-0.199817815228
0.546875000,-0.046875000,-0.438569915714,-0.241213453643
0.562500000,-0.046875000,-0.514699927775,-0.283084960276
0.578125000,-0.046875000,-0.591212611154,-0.325166936135
0.593750000,-0.046875000,-0.667555330412,-0.367155431726
0.609375000,-0.046875000,-0.743100058568,-0.408705032213
0.625000000,-0.046875000,-0.817137943179,-0.449425868749
0.640625000,-0.046875000,-0.888873764992,-0.488880570745
0.656250000,-0.046875000,-0.957420326093,-0.526581179351
0.671875000,-0.046875000,-1.02179281070,-0.561986045883
0.687500000,-0.046875000,-1.08090317425,-0.594496745835
0.703125000,-0.046875000,-1.13355462900,-0.623455045949
0.718750000,-0.046875000,-1.17843630933,-0.648139970130
0.734375000,-0.046875000,-1.21411821779,-0.667765019782
0.750000000,-0.046875000,-1.23904657720,-0.681475617457
0.765625000,-0.046875000,-1.25153973577,-0.688346854673
0.781250000,-0.046875000,-1.24978480943,-0.687381645185
0.796875000,-0.046875000,-1.23183527625,-0.677509401940
0.812500000,-0.046875000,-1.19560978820,-0.657585383510
0.828125000,-0.046875000,-1.13889251568,-0.626390883627
0.843750000,-0.046875000,-1.05933540554,-0.582634473045
0.859375000,-0.046875000,-0.954462810558,-0.524954545807
0.875000000,-0.046875000,-0.821679042102,-0.451923473156
0.890625000,-0.046875000,-0.658279507559,-0.362053729158
0.906250000,-0.046875000,-0.461466232294,-0.253806427762
0.921875000,-0.046875000,-0.228368728422,-0.125602800632
0.937500000,-0.046875000,0.0439286285170,0.0241607456843
0.953125000,-0.046875000,0.358351310080,0.197093220544
0.968750000,-0.046875000,0.717789735565,0.394784354561
0.984375000,-0.046875000,,
1.000000000,-0.046875000,,
-1.000000000,-0.031250000,,
-0.984375000,-0.031250000,,
-0.968750000,-0.031250000,0.795159090863,0.437337499975
-0.953125000,-0.031250000,0.430047291350,0.236526010242
-0.937500000,-0.031250000,0.110405681171,0.0607231246439
-0.921875000,-0.031250000,-0.166704071048,-0.0916872390764
-0.906250000,-0.031250000,-0.404249883741,-0.222337436058
-0.890625000,-0.031250000,-0.605184922796,-0.332851707538
-0.875000000,-0.031250000,-0.772412820970,-0.424827051534
-0.859375000,-0.031250000,-0.908760762083,-0.499818419146
-0.843750000,-0.031250000,-1.01695903179,-0.559327467486
-0.828125000,-0.031250000,-1.09962587604,-0.604794231821
-0.812500000,-0.031250000,-1.15925670886,-0.637591189875
-0.796875000,-0.031250000,-1.19821687411,-0.659019280759
-0.781250000,-0.031250000,-1.21873730020,-0.670305515111
-0.765625000,-0.031250000,-1.22291250037,-0.672601875204
-0.750000000,-0.031250000,-1.21270046169,-0.666985253930
-0.734375000,-0.031250000,-1.18992404496,-0.654458224725
-0.718750000,-0.031250000,-1.15627358064,-0.635950469349
-0.703125000,-0.031250000,-1.11331039994,-0.612320719966
-0.687500000,-0.031250000,-1.06247108334,-0.584359095835
-0.671875000,-0.031250000,-1.00507224848,-0.552789736666
-0.656250000,-0.031250000,-0.942315728322,-0.518273650577
-0.640625000,-0.031250000,-0.875294016857,-0.481411709271
-0.625000000,-0.031250000,-0.804995882809,-0.442747735545
-0.609375000,-0.031250000,-0.732312067377,-0.402771637058
-0.593750000,-0.031250000,-0.658041001263,-0.361922550695
-0.578125000,-0.031250000,-0.582894483541,-0.320591965948
-0.562500000,-0.031250000,-0.507503281847,-0.279126805016
-0.546875000,-0.031250000,-0.432422617257,-0.237832439491
-0.531250000,-0.031250000,-0.358137507063,-0.196975628885
-0.515625000,-0.031250000,-0.285067945441,-0.156787369993
-0.500000000,-0.031250000,-0.213573905023,-0.117465647763
-0.484375000,-0.031250000,-0.143960149242,-0.0791780820829
-0.468750000,-0.031250000,-0.0764808462938,-0.0420644654616
-0.453125000,-0.031250000,-0.0113439818881,-0.00623919003845
-0.437500000,-0.031250000,0.0512844339008,0.0282064386455
-0.421875000,-0.031250000,0.111276363666,0.0612020000161
-0.406250000,-0.031250000,0.168537944246,0.0926958693352
-0.390625000,-0.031250000,0.223005889071,0.122653238989
-0.375000000,-0.031250000,0.274644087828,0.151054248305
-0.359375000,-0.031250000,0.323440399669,0.177892219818
-0.343750000,-0.031250000,0.369403633927,0.203171998660
-0.328125000,-0.031250000,0.412560713761,0.226908392568
-0.312500000,-0.031250000,0.452954016121,0.249124708866
-0.296875000,-0.031250000,0.490638882575,0.269851385416
-0.281250000,-0.031250000,0.525681294578,0.289124712018
-0.265625000,-0.031250000,0.558155707107,0.306985638909
-0.250000000,-0.031250000,0.588143034873,0.323478669180
-0.234375000,-0.031250000,0.615728784265,0.338650831346
-0.218750000,-0.031250000,0.641001325865,0.352550729226
-0.203125000,-0.031250000,0.664050302646,0.365227666455
-0.187500000,-0.031250000,0.684965166287,0.376730841458
-0.171875000,-0.031250000,0.703833838404,0.387108611122
-0.156250000,-0.031250000,0.720741491302,0.396407820216
-0.140625000,-0.031250000,0.735769443016,0.404673193659
-0.125000000,-0.031250000,0.748994163542,0.411946789948
-0.109375000,-0.031250000,0.760486387280,0.418267513004
-0.093750000,-0.031250000,0.770310328710,0.423670680790
-0.078125000,-0.031250000,0.778522997949,0.428187648872
-0.062500000,-0.031250000,0.785173613729,0.431845487551
-0.046875000,-0.031250000,0.790303110322,0.434666710677
-0.031250000,-0.031250000,0.793943737181,0.436669055450
-0.015625000,-0.031250000,0.796118749747,0.437865312361
0.000000000,-0.031250000,0.796842188926,0.438263203909
0.015625000,-0.031250000,0.796118749747,0.437865312361
0.031250000,-0.031250000,0.793943737181,0.436669055450
0.046875000,-0.031250000,0.790303110322,0.434666710677
0.062500000,-0.031250000,0.785173613729,0.431845487551
0.078125000,-0.031250000,0.778522997949,0.428187648872
0.093750000,-0.031250000,0.770310328710,0.423670680790
0.109375000,-0.031250000,0.760486387280,0.418267513004
0.125000000,-0.031250000,0.748994163542,0.411946789948
0.140625000,-0.031250000,0.735769443016,0.404673193659
0.156250000,-0.031250000,0.720741491302,0.396407820216
0.171875000,-0.031250000,0.703833838404,0.387108611122
0.187500000,-0.031250000,0.684965166287,0.376730841458
0.203125000,-0.031250000,0.664050302646,0.365227666455
0.218750000,-0.031250000,0.641001325865,0.352550729226
0.234375000,-0.031250000,0.615728784265,0.338650831346
0.250000000,-0.031250000,0.588143034873,0.323478669180
0.265625000,-0.031250000,0.558155707107,0.306985638909
0.281250000,-0.031250000,0.525681294578,0.289124712018
0.296875000,-0.031250000,0.490638882575,0.269851385416
0.312500000,-0.031250000,0.452954016121,0.249124708866
0.328125000,-0.031250000,0.412560713761,0.226908392568
0.343750000,-0.031250000,0.369403633927,0.203171998660
0.359375000,-0.031250000,0.323440399669,0.177892219818
0.375000000,-0.031250000,0.274644087828,0.151054248305
0.390625000,-0.031250000,0.223005889071,0.122653238989
0.406250000,-0.031250000,0.168537944246,0.0926958693352
0.421875000,-0.031250000,0.111276363666,0.0612020000161
0.437500000,-0.031250000,0.0512844339008,0.0282064386455
0.453125000,-0.031250000,-0.0113439818881,-0.00623919003845
0.468750000,-0.031250000,-0.0764808462938,-0.0420644654616
0.484375000,-0.031250000,-0.143960149242,-0.0791780820829
0.500000000,-0.031250000,-0.213573905023,-0.117465647763
0.515625000,-0.031250000,-0.285067945441,-0.156787369993
0.531250000,-0.031250000,-0.358137507063,-0.196975628885
0.546875000,-0.031250000,-0.432422617257,-0.237832439491
0.562500000,-0.031250000,-0.507503281847,-0.279126805016
0.578125000,-0.031250000,-0.582894483541,-0.320591965948
0.593750000,-0.031250000,-0.658041001263,-0.361922550695
0.609375000,-0.031250000,-0.732312067377,-0.402771637058
0.625000000,-0.031250000,-0.804995882809,-0.442747735545
0.640625000,-0.031250000,-0.875294016857,-0.481411709271
0.656250000,-0.031250000,-0.942315728322,-0.518273650577
0.671875000,-0.031250000,-1.00507224848,-0.552789736666
0.687500000,-0.031250000,-1.06247108334,-0.584359095835
0.703125000,-0.031250000,-1.11331039994,-0.612320719966
0.718750000,-0.031250000,-1.15627358064,-0.635950469349
0.734375000,-0.031250000,-1.18992404496,-0.654458224725
0.750000000,-0.031250000,-1.21270046169,-0.666985253930
0.765625000,-0.031250000,-1.22291250037,-0.672601875204
0.781250000,-0.031250000,-1.21873730020,-0.670305515111
0.796875000,-0.031250000,-1.19821687411,-0.659019280759
0.812500000,-0.031250000,-1.15925670886,-0.637591189875
0.828125000,-0.031250000,-1.09962587604,-0.604794231821
0.843750000,-0.031250000,-1.01695903179,-0.559327467486
0.859375000,-0.031250000,-0.908760762083,-0.499818419146
0.875000000,-0.031250000,-0.772412820970,-0.424827051534
0.890625000,-0.031250000,-0.605184922796,-0.332851707538
0.906250000,-0.031250000,-0.404249883741,-0.222337436058
0.921875000,-0.031250000,-0.166704071048,-0.0916872390764
0.937500000,-0.031250000,0.110405681171,0.0607231246439
0.953125000,-0.031250000,0.430047291350,0.236526010242
0.968750000,-0.031250000,0.795159090863,0.437337499975
0.984375000,-0.031250000,,
1.000000000,-0.031250000,,
-1.000000000,-0.015625000,,
-0.984375000,-0.015625000,,
-0.968750000,-0.015625000,0.881557320288,0.484856526158
-0.953125000,-0.015625000,0.510117300612,0.280564515337
-0.937500000,-0.015625000,0.184615430867,0.101538486977
-0.921875000,-0.015625000,-0.0979307441627,-0.0538619092895
-0.906250000,-0.015625000,-0.340528569660,-0.187290713313
-0.890625000,-0.015625000,-0.546166379893,-0.300391508941
-0.875000000,-0.015625000,-0.717779124054,-0.394778518230
-0.859375000,-0.015625000,-0.858221826291,-0.472022004460
-0.843750000,-0.015625000,-0.970249484404,-0.533637216422
-0.828125000,-0.015625000,-1.05650224830,-0.581076236564
-0.812500000,-0.015625000,-1.11949492326,-0.615722207795
-0.796875000,-0.015625000,-1.16161000252,-0.638885501385
-0.781250000,-0.015625000,-1.18509357079,-0.651801463935
-0.765625000,-0.015625000,-1.19205353179,-0.655629442486
-0.750000000,-0.015625000,-1.18445970553,-0.651452838041
-0.734375000,-0.015625000,-1.16414541745,-0.640279979596
-0.718750000,-0.015625000,-1.13281026693,-0.623045646809
-0.703125000,-0.015625000,-1.09202381370,-0.600613097535
-0.687500000,-0.015625000,-1.04322996902,-0.573776482959
-0.671875000,-0.015625000,-0.987751909848,-0.543263550417
-0.656250000,-0.015625000,-0.926797371817,-0.509738554500
-0.640625000,-0.015625000,-0.861464197657,-0.473805308711
-0.625000000,-0.015625000,-0.792746041112,-0.436010322612
-0.609375000,-0.015625000,-0.721538146909,-0.396845980800
-0.593750000,-0.015625000,-0.648643137839,-0.356753725811
-0.578125000,-0.015625000,-0.574776756862,-0.316127216274
-0.562500000,-0.015625000,-0.500573520797,-0.275315436438
-0.546875000,-0.015625000,-0.426592252370,-0.234625738804
-0.531250000,-0.015625000,-0.353321462525,-0.194326804389
-0.515625000,-0.015625000,-0.281184564106,-0.154651510258
-0.500000000,-0.015625000,-0.210544901185,-0.115799695652
-0.484375000,-0.015625000,-0.141710582998,-0.0779408206490
-0.468750000,-0.015625000,-0.0749391158983,-0.0412165137441
-0.453125000,-0.015625000,-0.0104418275871,-0.00574300517292
-0.437500000,-0.015625000,0.0516119160833,0.0283865538458
-0.421875000,-0.015625000,0.111090703884,0.0610998871361
-0.406250000,-0.015625000,0.167897278618,0.0923435032400
-0.390625000,-0.015625000,0.221964940736,0.122080717405
-0.375000000,-0.015625000,0.273254151309,0.150289783220
-0.359375000,-0.015625000,0.321749331425,0.176962132284
-0.343750000,-0.015625000,0.367455850689,0.202100717879
-0.328125000,-0.015625000,0.410397199994,0.225718459997
-0.312500000,-0.015625000,0.450612342832,0.247836788558
-0.296875000,-0.015625000,0.488153237929,0.268484280861
-0.281250000,-0.015625000,0.523082527338,0.287695390036
-0.265625000,-0.015625000,0.555471384211,0.305509261316
-0.250000000,-0.015625000,0.585397512309,0.321968631770
-0.234375000,-0.015625000,0.612943293120,0.337118811216
-0.218750000,-0.015625000,0.638194072886,0.351006740088
-0.203125000,-0.015625000,0.661236584674,0.363680121571
-0.187500000,-0.015625000,0.682157499531,0.375186624742
-0.171875000,-0.015625000,0.701042101470,0.385573155809
-0.156250000,-0.015625000,0.717973081459,0.394885194803
-0.140625000,-0.015625000,0.733029445576,0.403166195067
-0.125000000,-0.015625000,0.746285532993,0.410457043146
-0.109375000,-0.015625000,0.757810139717,0.416795576844
-0.093750000,-0.015625000,0.767665744712,0.422216159592
-0.078125000,-0.015625000,0.775907834617,0.426749309039
-0.062500000,-0.015625000,0.782584324681,0.430421378574
-0.046875000,-0.015625000,0.787735072891,0.433254290090
-0.031250000,-0.015625000,0.791391485721,0.435265317146
-0.015625000,-0.015625000,0.793576212960,0.436466917128
0.000000000,-0.015625000,0.794302931003,0.436866612052
0.015625000,-0.015625000,0.793576212960,0.436466917128
0.031250000,-0.015625000,0.791391485721,0.435265317146
0.046875000,-0.015625000,0.787735072891,0.433254290090
0.062500000,-0.015625000,0.782584324681,0.430421378574
0.078125000,-0.015625000,0.775907834617,0.426749309039
0.093750000,-0.015625000,0.767665744712,0.422216159592
0.109375000,-0.015625000,0.757810139717,0.416795576844
0.125000000,-0.015625000,0.746285532993,0.410457043146
0.140625000,-0.015625000,0.733029445576,0.403166195067
0.156250000,-0.015625000,0.717973081459,0.394885194803
0.171875000,-0.015625000,0.701042101470,0.385573155809
0.187500000,-0.015625000,0.682157499531,0.375186624742
0.203125000,-0.015625000,0.661236584674,0.363680121571
0.218750000,-0.015625000,0.638194072886,0.351006740088
0.234375000,-0.015625000,0.612943293120,0.337118811216
0.250000000,-0.015625000,0.585397512309,0.321968631770
0.265625000,-0.015625000,0.555471384211,0.305509261316
0.281250000,-0.015625000,0.523082527338,0.287695390036
0.296875000,-0.015625000,0.488153237929,0.268484280861
0.312500000,-0.015625000,0.450612342832,0.247836788558
0.328125000,-0.015625000,0.410397199994,0.225718459997
0.343750000,-0.015625000,0.367455850689,0.202100717879
0.359375000,-0.015625000,0.321749331425,0.176962132284
0.375000000,-0.015625000,0.273254151309,0.150289783220
0.390625000,-0.015625000,0.221964940736,0.122080717405
0.406250000,-0.015625000,0.167897278618,0.0923435032400
0.421875000,-0.015625000,0.111090703884,0.0610998871361
0.437500000,-0.015625000,0.0516119160833,0.0283865538458
0.453125000,-0.015625000,-0.0104418275871,-0.00574300517292
0.468750000,-0.015625000,-0.0749391158983,-0.0412165137441
0.484375000,-0.015625000,-0.141710582998,-0.0779408206490
0.500000000,-0.015625000,-0.210544901185,-0.115799695652
0.515625000,-0.015625000,-0.281184564106,-0.154651510258
0.531250000,-0.015625000,-0.353321462525,-0.194326804389
0.546875000,-0.015625000,-0.426592252370,-0.234625738804
0.562500000,-0.015625000,-0.500573520797,-0.275315436438
0.578125000,-0.015625000,-0.574776756862,-0.316127216274
0.593750000,-0.015625000,-0.648643137839,-0.356753725811
0.609375000,-0.015625000,-0.721538146909,-0.396845980800
0.625000000,-0.015625000,-0.792746041112,-0.436010322612
0.640625000,-0.015625000,-0.861464197657,-0.473805308711
0.656250000,-0.015625000,-0.926797371817,-0.509738554500
0.671875000,-0.015625000,-0.987751909848,-0.543263550417
0.687500000,-0.015625000,-1.04322996902,-0.573776482959
0.703125000,-0.015625000,-1.09202381370,-0.600613097535
0.718750000,-0.015625000,-1.13281026693,-0.623045646809
0.734375000,-0.015625000,-1.16414541745,-0.640279979596
0.750000000,-0.015625000,-1.18445970553,-0.651452838041
0.765625000,-0.015625000,-1.19205353179,-0.655629442486
0.781250000,-0.015625000,-1.18509357079,-0.651801463935
0.796875000,-0.015625000,-1.16161000252,-0.638885501385
0.812500000,-0.015625000,-1.11949492326,-0.615722207795
0.828125000,-0.015625000,-1.05650224830,-0.581076236564
0.843750000,-0.015625000,-0.970249484404,-0.533637216422
0.859375000,-0.015625000,-0.858221826291,-0.472022004460
0.875000000,-0.015625000,-0.717779124054,-0.394778518230
0.890625000,-0.015625000,-0.546166379893,-0.300391508941
0.906250000,-0.015625000,-0.340528569660,-0.187290713313
0.921875000,-0.015625000,-0.0979307441627,-0.0538619092895
0.937500000,-0.015625000,0.184615430867,0.101538486977
0.953125000,-0.015625000,0.510117300612,0.280564515337
0.968750000,-0.015625000,0.881557320288,0.484856526158
0.984375000,-0.015625000,,
1.000000000,-0.015625000,,
-1.000000000,0.000000000,,
-0.984375000,0.000000000,,
-0.968750000,0.000000000,0.977229826437,0.537476404540
-0.953125000,0.000000000,0.598773919759,0.329325655867
-0.937500000,0.000000000,0.266739800889,0.146706890489
-0.921875000,0.000000000,-0.0218954077798,-0.0120424742789
-0.906250000,0.000000000,-0.270175542472,-0.148596548360
-0.890625000,0.000000000,-0.481121812827,-0.264616997055
-0.875000000,0.000000000,-0.657698733136,-0.361734303225
-0.859375000,0.000000000,-0.802787873440,-0.441533330392
-0.843750000,0.000000000,-0.919168034162,-0.505542418789
-0.828125000,0.000000000,-1.00950068572,-0.555225377146
-0.812500000,0.000000000,-1.07631971621,-0.591975843913
-0.796875000,0.000000000,-1.12202469233,-0.617113580782
-0.781250000,0.000000000,-1.14887697630,-0.631882336966
-0.765625000,0.000000000,-1.15899815013,-0.637448982569
-0.750000000,0.000000000,-1.15437029525,-0.634903662388
-0.734375000,0.000000000,-1.13683774954,-0.625260762245
-0.718750000,0.000000000,-1.10811002878,-0.609460515829
-0.703125000,0.000000000,-1.06976565450,-0.588371109975
-0.687500000,0.000000000,-1.02325667172,-0.562791169447
-0.671875000,0.000000000,-0.969913679584,-0.533452523771
-0.656250000,0.000000000,-0.910951228396,-0.501023175618
-0.640625000,0.000000000,-0.847473461553,-0.466110403854
-0.625000000,0.000000000,-0.780479903467,-0.429263946907
-0.609375000,0.000000000,-0.710871313589,-0.390979222474
-0.593750000,0.000000000,-0.639455538610,-0.351700546235
-0.578125000,0.000000000,-0.566953312374,-0.311824321806
-0.562500000,0.000000000,-0.494003958885,-0.271702177387
-0.546875000,0.000000000,-0.421170966876,-0.231644031782
-0.531250000,0.000000000,-0.348947407938,-0.191921074366
-0.515625000,0.000000000,-0.277761180797,-0.152768649438
-0.500000000,0.000000000,-0.207980064100,-0.114389035255
-0.484375000,0.000000000,-0.139916570467,-0.0769541137568
-0.468750000,0.000000000,-0.0738325918541,-0.0406079255198
-0.453125000,0.000000000,-0.00994383566622,-0.00546910961642
-0.437500000,0.000000000,0.0515759534146,0.0283667743780
-0.421875000,0.000000000,0.110590982445,0.0608250403449
-0.406250000,0.000000000,0.166999610267,0.0918497856466
-0.390625000,0.000000000,0.220730753656,0.121401914511
-0.375000000,0.000000000,0.271740496099,0.149457272854
-0.359375000,0.000000000,0.320008894803,0.176004892142
-0.343750000,0.000000000,0.365536978086,0.201045337947
-0.328125000,0.000000000,0.408343930161,0.224589161589
-0.312500000,0.000000000,0.448464453933,0.246655449663
-0.296875000,0.000000000,0.485946307651,0.267270469208
-0.281250000,0.000000000,0.520848007448,0.286466404096
-0.265625000,0.000000000,0.553236689195,0.304280179057
-0.250000000,0.000000000,0.583186124646,0.320752368555
-0.234375000,0.000000000,0.610774883480,0.335926185914
-0.218750000,0.000000000,0.636084636100,0.349846549855
-0.203125000,0.000000000,0.659198591310,0.362559225220
-0.187500000,0.000000000,0.680200062738,0.374110034506
-0.171875000,0.000000000,0.699171158854,0.384544137370
-0.156250000,0.000000000,0.716191591053,0.393905375079
-0.140625000,0.000000000,0.731337595629,0.402235677596
-0.125000000,0.000000000,0.744680964350,0.409574530392
-0.109375000,0.000000000,0.756288180338,0.415958499186
-0.093750000,0.000000000,0.766219654892,0.421420810190
-0.078125000,0.000000000,0.774529062300,0.425990984265
-0.062500000,0.000000000,0.781262768960,0.429694522928
-0.046875000,0.000000000,0.786459355598,0.432552645579
-0.031250000,0.000000000,0.790149228731,0.434582075802
-0.015625000,0.000000000,0.792354320159,0.435794876087
0.000000000,0.000000000,0.793087874374,0.436198330906
0.015625000,0.000000000,0.792354320159,0.435794876087
0.031250000,0.000000000,0.790149228731,0.434582075802
0.046875000,0.000000000,0.786459355598,0.432552645579
0.062500000,0.000000000,0.781262768960,0.429694522928
0.078125000,0.000000000,0.774529062300,0.425990984265
0.093750000,0.000000000,0.766219654892,0.421420810190
0.109375000,0.000000000,0.756288180338,0.415958499186
0.125000000,0.000000000,0.744680964350,0.409574530392
0.140625000,0.000000000,0.731337595629,0.402235677596
0.156250000,0.000000000,0.716191591053,0.393905375079
0.171875000,0.000000000,0.699171158854,0.384544137370
0.187500000,0.000000000,0.680200062738,0.374110034506
0.203125000,0.000000000,0.659198591310,0.362559225220
0.218750000,0.000000000,0.636084636100,0.349846549855
0.234375000,0.000000000,0.610774883480,0.335926185914
0.250000000,0.000000000,0.583186124646,0.320752368555
0.265625000,0.000000000,0.553236689195,0.304280179057
0.281250000,0.000000000,0.520848007448,0.286466404096
0.296875000,0.000000000,0.485946307651,0.267270469208
0.312500000,0.000000000,0.448464453933,0.246655449663
0.328125000,0.000000000,0.408343930161,0.224589161589
0.343750000,0.000000000,0.365536978086,0.201045337947
0.359375000,0.000000000,0.320008894803,0.176004892142
0.375000000,0.000000000,0.271740496099,0.149457272854
0.390625000,0.000000000,0.220730753656,0.121401914511
0.406250000,0.000000000,0.166999610267,0.0918497856466
0.421875000,0.000000000,0.110590982445,0.0608250403449
0.437500000,0.000000000,0.0515759534146,0.0283667743780
0.453125000,0.000000000,-0.00994383566622,-0.00546910961642
0.468750000,0.000000000,-0.0738325918541,-0.0406079255198
0.484375000,0.000000000,-0.139916570467,-0.0769541137568
0.500000000,0.000000000,-0.207980064100,-0.114389035255
0.515625000,0.000000000,-0.277761180797,-0.152768649438
0.531250000,0.000000000,-0.348947407938,-0.191921074366
0.546875000,0.000000000,-0.421170966876,-0.231644031782
0.562500000,0.000000000,-0.494003958885,-0.271702177387
0.578125000,0.000000000,-0.566953312374,-0.311824321806
0.593750000,0.000000000,-0.639455538610,-0.351700546235
0.609375000,0.000000000,-0.710871313589,-0.390979222474
0.625000000,0.000000000,-0.780479903467,-0.429263946907
0.640625000,0.000000000,-0.847473461553,-0.466110403854
0.656250000,0.000000000,-0.910951228396,-0.501023175618
0.671875000,0.000000000,-0.969913679584,-0.533452523771
0.687500000,0.000000000,-1.02325667172,-0.562791169447
0.703125000,0.000000000,-1.06976565450,-0.588371109975
0.718750000,0.000000000,-1.10811002878,-0.609460515829
0.734375000,0.000000000,-1.13683774954,-0.625260762245
0.750000000,0.000000000,-1.15437029525,-0.634903662388
0.765625000,0.000000000,-1.15899815013,-0.637448982569
0.781250000,0.000000000,-1.14887697630,-0.631882336966
0.796875000,0.000000000,-1.12202469233,-0.617113580782
0.812500000,0.000000000,-1.07631971621,-0.591975843913
0.828125000,0.000000000,-1.00950068572,-0.555225377146
0.843750000,0.000000000,-0.919168034162,-0.505542418789
0.859375000,0.000000000,-0.802787873440,-0.441533330392
0.875000000,0.000000000,-0.657698733136,-0.361734303225
0.890625000,0.000000000,-0.481121812827,-0.264616997055
0.906250000,0.000000000,-0.270175542472,-0.148596548360
0.921875000,0.000000000,-0.0218954077798,-0.0120424742789
0.937500000,0.000000000,0.266739800889,0.146706890489
0.953125000,0.000000000,0.598773919759,0.329325655867
0.968750000,0.000000000,0.977229826437,0.537476404540
0.984375000,0.000000000,,
1.000000000,0.000000000,,
-1.000000000,0.015625000,,
-0.984375000,0.015625000,,
-0.968750000,0.015625000,1.08243533895,0.595339436423
-0.953125000,0.015625000,0.696243369186,0.382933853053
-0.937500000,0.015625000,0.356974488856,0.196335968871
-0.921875000,0.015625000,0.0615690418707,0.0338629730289
-0.906250000,0.015625000,-0.193050419905,-0.106177730948
-0.890625000,0.015625000,-0.409935746488,-0.225464660569
-0.875000000,0.015625000,-0.592079324143,-0.325643628279
-0.859375000,0.015625000,-0.742388032264,-0.408313417745
-0.843750000,0.015625000,-0.863663623108,-0.475014992709
-0.828125000,0.015625000,-0.958588362045,-0.527223599125
-0.812500000,0.015625000,-1.02971496909,-0.566343233000
-0.796875000,0.015625000,-1.07946006647,-0.593703036556
-0.781250000,0.015625000,-1.11010047186,-0.610555259521
-0.765625000,0.015625000,-1.12377179011,-0.618074484558
-0.750000000,0.015625000,-1.12246884895,-0.617357866922
-0.734375000,0.015625000,-1.10804760166,-0.609426180915
-0.718750000,0.015625000,-1.08222818411,-0.595225501263
-0.703125000,0.015625000,-1.04659886638,-0.575629376511
-0.687500000,0.015625000,-1.00262068521,-0.551441376865
-0.671875000,0.015625000,-0.951632578025,-0.523397917914
-0.656250000,0.015625000,-0.894856874649,-0.492171281057
-0.640625000,0.015625000,-0.833405024016,-0.458372763209
-0.625000000,0.015625000,-0.768283458065,-0.422555901936
-0.609375000,0.015625000,-0.700399513344,-0.385219732339
-0.593750000,0.015625000,-0.630567343078,-0.346812038693
-0.578125000,0.015625000,-0.559513768550,-0.307732572702
-0.562500000,0.015625000,-0.487884027871,-0.268336215329
-0.546875000,0.015625000,-0.416247388288,-0.228936063558
-0.531250000,0.015625000,-0.345102597407,-0.189806428574
-0.515625000,0.015625000,-0.274883152815,-0.151185734048
-0.500000000,0.015625000,-0.205962377466,-0.113279307606
-0.484375000,0.015625000,-0.138658289023,-0.0762620589627
-0.468750000,0.015625000,-0.0732382582111,-0.0402810420161
-0.453125000,0.015625000,-0.00992345165232,-0.00545789840878
-0.437500000,0.015625000,0.0511069412267,0.0281088176747
-0.421875000,0.015625000,0.109711696946,0.0603414333203
-0.406250000,0.015625000,0.165783760055,0.0911810680303
-0.390625000,0.015625000,0.219246654128,0.120585659770
-0.375000000,0.015625000,0.270051097991,0.148528103895
-0.359375000,0.015625000,0.318171821955,0.174994502075
-0.343750000,0.015625000,0.363604576620,0.199982517141
-0.328125000,0.015625000,0.406363329868,0.223499831427
-0.312500000,0.015625000,0.446477644206,0.245562704313
-0.296875000,0.015625000,0.483990227731,0.266194625252
-0.281250000,0.015625000,0.518954653057,0.285425059181
-0.265625000,0.015625000,0.551433235134,0.303288279323
-0.250000000,0.015625000,0.581495064313,0.319822285372
-0.234375000,0.015625000,0.609214184972,0.335067801734
-0.218750000,0.015625000,0.634667915379,0.349067353458
-0.203125000,0.015625000,0.657935302146,0.361864416180
-0.187500000,0.015625000,0.679095702766,0.373502636521
-0.171875000,0.015625000,0.698227491793,0.384025120486
-0.156250000,0.015625000,0.715406883743,0.393473786058
-0.140625000,0.015625000,0.730706870044,0.401888778524
-0.125000000,0.015625000,0.744196262736,0.409307944505
-0.109375000,0.015625000,0.755938843154,0.415766363735
-0.093750000,0.015625000,0.765992610601,0.421295935830
-0.078125000,0.015625000,0.774409126958,0.425925019827
-0.062500000,0.015625000,0.781232955534,0.429678125544
-0.046875000,0.015625000,0.786501190934,0.432575655014
-0.031250000,0.015625000,0.790243076554,0.434633692105
-0.015625000,0.015625000,0.792479710290,0.435863840660
0.000000000,0.015625000,0.793223834461,0.436273108953
0.015625000,0.015625000,0.792479710290,0.435863840660
0.031250000,0.015625000,0.790243076554,0.434633692105
0.046875000,0.015625000,0.786501190934,0.432575655014
0.062500000,0.015625000,0.781232955534,0.429678125544
0.078125000,0.015625000,0.774409126958,0.425925019827
0.093750000,0.015625000,0.765992610601,0.421295935830
0.109375000,0.015625000,0.755938843154,0.415766363735
0.125000000,0.015625000,0.744196262736,0.409307944505
0.140625000,0.015625000,0.730706870044,0.401888778524
0.156250000,0.015625000,0.715406883743,0.393473786058
0.171875000,0.015625000,0.698227491793,0.384025120486
0.187500000,0.015625000,0.679095702766,0.373502636521
0.203125000,0.015625000,0.657935302146,0.361864416180
0.218750000,0.015625000,0.634667915379,0.349067353458
0.234375000,0.015625000,0.609214184972,0.335067801734
0.250000000,0.015625000,0.581495064313,0.319822285372
0.265625000,0.015625000,0.551433235134,0.303288279323
0.281250000,0.015625000,0.518954653057,0.285425059181
0.296875000,0.015625000,0.483990227731,0.266194625252
0.312500000,0.015625000,0.446477644206,0.245562704313
0.328125000,0.015625000,0.406363329868,0.223499831427
0.343750000,0.015625000,0.363604576620,0.199982517141
0.359375000,0.015625000,0.318171821955,0.174994502075
0.375000000,0.015625000,0.270051097991,0.148528103895
0.390625000,0.015625000,0.219246654128,0.120585659770
0.406250000,0.015625000,0.165783760055,0.0911810680303
0.421875000,0.015625000,0.109711696946,0.0603414333203
0.437500000,0.015625000,0.0511069412267,0.0281088176747
0.453125000,0.015625000,-0.00992345165232,-0.00545789840878
0.468750000,0.015625000,-0.0732382582111,-0.0402810420161
0.484375000,0.015625000,-0.138658289023,-0.0762620589627
0.500000000,0.015625000,-0.205962377466,-0.113279307606
0.515625000,0.015625000,-0.274883152815,-0.151185734048
0.531250000,0.015625000,-0.345102597407,-0.189806428574
0.546875000,0.015625000,-0.416247388288,-0.228936063558
0.562500000,0.015625000,-0.487884027871,-0.268336215329
0.578125000,0.015625000,-0.559513768550,-0.307732572702
0.593750000,0.015625000,-0.630567343078,-0.346812038693
0.609375000,0.015625000,-0.700399513344,-0.385219732339
0.625000000,0.015625000,-0.768283458065,-0.422555901936
0.640625000,0.015625000,-0.833405024016,-0.458372763209
0.656250000,0.015625000,-0.894856874649,-0.492171281057
0.671875000,0.015625000,-0.951632578025,-0.523397917914
0.687500000,0.015625000,-1.00262068521,-0.551441376865
0.703125000,0.015625000,-1.04659886638,-0.575629376511
0.718750000,0.015625000,-1.08222818411,-0.595225501263
0.734375000,0.015625000,-1.10804760166,-0.609426180915
0.750000000,0.015625000,-1.12246884895,-0.617357866922
0.765625000,0.015625000,-1.12377179011,-0.618074484558
0.781250000,0.015625000,-1.11010047186,-0.610555259521
0.796875000,0.015625000,-1.07946006647,-0.593703036556
0.812500000,0.015625000,-1.02971496909,-0.566343233000
0.828125000,0.015625000,-0.958588362045,-0.527223599125
0.843750000,0.015625000,-0.863663623108,-0.475014992709
0.859375000,0.015625000,-0.742388032264,-0.408313417745
0.875000000,0.015625000,-0.592079324143,-0.325643628279
0.890625000,0.015625000,-0.409935746488,-0.225464660569
0.906250000,0.015625000,-0.193050419905,-0.106177730948
0.921875000,0.015625000,0.0615690418707,0.0338629730289
0.937500000,0.015625000,0.356974488856,0.196335968871
0.953125000,0.015625000,0.696243369186,0.382933853053
0.968750000,0.015625000,1.08243533895,0.595339436423
0.984375000,0.015625000,,
1.000000000,0.015625000,,
-1.000000000,0.031250000,,
-0.984375000,0.031250000,,
-0.968750000,0.031250000,1.19744881846,0.658596850154
-0.953125000,0.031250000,0.802768350685,0.441522592876
-0.937500000,0.031250000,0.455531742498,0.250542458374
-0.921875000,0.031250000,0.152646179898,0.0839553989440
-0.906250000,0.031250000,-0.108996548129,-0.0599481014710
-0.890625000,0.031250000,-0.332476732316,-0.182862202774
-0.875000000,0.031250000,-0.520812976344,-0.286447136989
-0.859375000,0.031250000,-0.676936275146,-0.372314951330
-0.843750000,0.031250000,-0.803670526350,-0.442018789493
-0.828125000,0.031250000,-0.903718311043,-0.497045071074
-0.812500000,0.031250000,-0.979650978814,-0.538808038348
-0.796875000,0.031250000,-1.03390223832,-0.568646231075
-0.781250000,0.031250000,-1.06876459143,-0.587820525287
-0.765625000,0.031250000,-1.08638806100,-0.597513433552
-0.750000000,0.031250000,-1.08878075710,-0.598829416404
-0.734375000,0.031250000,-1.07781090375,-0.592795997064
-0.718750000,0.031250000,-1.05521001177,-0.580365506472
-0.703125000,0.031250000,-1.02257693920,-0.562417316562
-0.687500000,0.031250000,-0.981382623733,-0.539760443053
-0.671875000,0.031250000,-0.932975309351,-0.513136420143
-0.656250000,0.031250000,-0.878586121793,-0.483222366986
-0.640625000,0.031250000,-0.819334871284,-0.450634179206
-0.625000000,0.031250000,-0.756235985302,-0.415929791916
-0.609375000,0.031250000,-0.690204490500,-0.379612469775
-0.593750000,0.031250000,-0.622061978618,-0.342134088240
-0.578125000,0.031250000,-0.552542504961,-0.303898377728
-0.562500000,0.031250000,-0.482298377409,-0.265264107575
-0.546875000,0.031250000,-0.411905802675,-0.226548191471
-0.531250000,0.031250000,-0.341870366363,-0.188028701500
-0.515625000,0.031250000,-0.272632325899,-0.149947779244
-0.500000000,0.031250000,-0.204571703359,-0.112514436848
-0.484375000,0.031250000,-0.138013169328,-0.0759072431306
-0.468750000,0.031250000,-0.0732307094892,-0.0402768902190
-0.453125000,0.031250000,-0.0104520737238,-0.00574864054807
-0.437500000,0.031250000,0.0501369958932,0.0275753477413
-0.421875000,0.031250000,0.108388754745,0.0596138151100
-0.406250000,0.031250000,0.164189662202,0.0903043142112
-0.390625000,0.031250000,0.217456799810,0.119601239895
-0.375000000,0.031250000,0.268134496360,0.147473972998
-0.359375000,0.031250000,0.316191155225,0.173905135374
-0.343750000,0.031250000,0.361616276485,0.198888952067
-0.328125000,0.031250000,0.404417667665,0.222429717216
-0.312500000,0.031250000,0.444618837199,0.244540360459
-0.296875000,0.031250000,0.482256561586,0.265241108872
-0.281250000,0.031250000,0.517378621327,0.284558241730
-0.265625000,0.031250000,0.550041697136,0.302522933425
-0.250000000,0.031250000,0.580309420279,0.319170181153
-0.234375000,0.031250000,0.608250569801,0.334537813390
-0.218750000,0.031250000,0.633937410592,0.348665575826
-0.203125000,0.031250000,0.657444165120,0.361594290816
-0.187500000,0.031250000,0.678845613904,0.373365087647
-0.171875000,0.031250000,0.698215818308,0.384018700069
-0.156250000,0.031250000,0.715626960012,0.393594828006
-0.140625000,0.031250000,0.731148292321,0.402131560777
-0.125000000,0.031250000,0.744845199610,0.409664859786
-0.109375000,0.031250000,0.756778358339,0.416228097086
-0.093750000,0.031250000,0.767002998475,0.421851649161
-0.078125000,0.031250000,0.775568258848,0.426562542366
-0.062500000,0.031250000,0.782516635838,0.430384149711
-0.046875000,0.031250000,0.787883521052,0.433335936579
-0.031250000,0.031250000,0.791696826731,0.435433254702
-0.015625000,0.031250000,0.793976695557,0.436687182556
0.000000000,0.031250000,0.794735295312,0.437104412421
0.015625000,0.031250000,0.793976695557,0.436687182556
0.031250000,0.031250000,0.791696826731,0.435433254702
0.046875000,0.031250000,0.787883521052,0.433335936579
0.062500000,0.031250000,0.782516635838,0.430384149711
0.078125000,0.031250000,0.775568258848,0.426562542366
0.093750000,0.031250000,0.767002998475,0.421851649161
0.109375000,0.031250000,0.756778358339,0.416228097086
0.125000000,0.031250000,0.744845199610,0.409664859786
0.140625000,0.031250000,0.731148292321,0.402131560777
0.156250000,0.031250000,0.715626960012,0.393594828006
0.171875000,0.031250000,0.698215818308,0.384018700069
0.187500000,0.031250000,0.678845613904,0.373365087647
0.203125000,0.031250000,0.657444165120,0.361594290816
0.218750000,0.031250000,0.633937410592,0.348665575826
0.234375000,0.031250000,0.608250569801,0.334537813390
0.250000000,0.031250000,0.580309420279,0.319170181153
0.265625000,0.031250000,0.550041697136,0.302522933425
0.281250000,0.031250000,0.517378621327,0.284558241730
0.296875000,0.031250000,0.482256561586,0.265241108872
0.312500000,0.031250000,0.444618837199,0.244540360459
0.328125000,0.031250000,0.404417667665,0.222429717216
0.343750000,0.031250000,0.361616276485,0.198888952067
0.359375000,0.031250000,0.316191155225,0.173905135374
0.375000000,0.031250000,0.268134496360,0.147473972998
0.390625000,0.031250000,0.217456799810,0.119601239895
0.406250000,0.031250000,0.164189662202,0.0903043142112
0.421875000,0.031250000,0.108388754745,0.0596138151100
0.437500000,0.031250000,0.0501369958932,0.0275753477413
0.453125000,0.031250000,-0.0104520737238,-0.00574864054807
0.468750000,0.031250000,-0.0732307094892,-0.0402768902190
0.484375000,0.031250000,-0.138013169328,-0.0759072431306
0.500000000,0.031250000,-0.204571703359,-0.112514436848
0.515625000,0.031250000,-0.272632325899,-0.149947779244
0.531250000,0.031250000,-0.341870366363,-0.188028701500
0.546875000,0.031250000,-0.411905802675,-0.226548191471
0.562500000,0.031250000,-0.482298377409,-0.265264107575
0.578125000,0.031250000,-0.552542504961,-0.303898377728
0.593750000,0.031250000,-0.622061978618,-0.342134088240
0.609375000,0.031250000,-0.690204490500,-0.379612469775
0.625000000,0.031250000,-0.756235985302,-0.415929791916
0.640625000,0.031250000,-0.819334871284,-0.450634179206
0.656250000,0.031250000,-0.878586121793,-0.483222366986
0.671875000,0.031250000,-0.932975309351,-0.513136420143
0.687500000,0.031250000,-0.981382623733,-0.539760443053
0.703125000,0.031250000,-1.02257693920,-0.562417316562
0.718750000,0.031250000,-1.05521001177,-0.580365506472
0.734375000,0.031250000,-1.07781090375,-0.592795997064
0.750000000,0.031250000,-1.08878075710,-0.598829416404
0.765625000,0.031250000,-1.08638806100,-0.597513433552
0.781250000,0.031250000,-1.06876459143,-0.587820525287
0.796875000,0.031250000,-1.03390223832,-0.568646231075
0.812500000,0.031250000,-0.979650978814,-0.538808038348
0.828125000,0.031250000,-0.903718311043,-0.497045071074
0.843750000,0.031250000,-0.803670526350,-0.442018789493
0.859375000,0.031250000,-0.676936275146,-0.372314951330
0.875000000,0.031250000,-0.520812976344,-0.286447136989
0.890625000,0.031250000,-0.332476732316,-0.182862202774
0.906250000,0.031250000,-0.108996548129,-0.0599481014710
0.921875000,0.031250000,0.152646179898,0.0839553989440
0.937500000,0.031250000,0.455531742498,0.250542458374
0.953125000,0.031250000,0.802768350685,0.441522592876
0.968750000,0.031250000,1.19744881846,0.658596850154
0.984375000,0.031250000,,
1.000000000,0.031250000,,
-1.000000000,0.046875000,,
-0.984375000,0.046875000,,
-0.968750000,0.046875000,,
-0.953125000,0.046875000,0.918610883102,0.505235985706
-0.937500000,0.046875000,0.562643139483,0.309453726716
-0.921875000,0.046875000,0.251538771790,0.138346324484
-0.906250000,0.046875000,-0.0178383483140,-0.00981109157268
-0.890625000,0.046875000,-0.248594763453,-0.136727119899
-0.875000000,0.046875000,-0.443773660441,-0.244075513242
-0.859375000,0.046875000,-0.606328980730,-0.333480939401
-0.843750000,0.046875000,-0.739105991460,-0.406508295303
-0.828125000,0.046875000,-0.844827145340,-0.464654929937
-0.812500000,0.046875000,-0.926082257199,-0.509345241460
-0.796875000,0.046875000,-0.985322193779,-0.541927206579
-0.781250000,0.046875000,-1.02485541294,-0.563670477118
-0.765625000,0.046875000,-1.04684679581,-0.575765737697
-0.750000000,0.046875000,-1.05331831763,-0.579325074695
-0.734375000,0.046875000,-1.04615117543,-0.575383146484
-0.718750000,0.046875000,-1.02708905869,-0.564898982281
-0.703125000,0.046875000,-0.997742301554,-0.548758265855
-0.687500000,0.046875000,-0.959592701748,-0.527775985961
-0.671875000,0.046875000,-0.913998827695,-0.502699355232
-0.656250000,0.046875000,-0.862201667202,-0.474210916961
-0.640625000,0.046875000,-0.805330498077,-0.442931773943
-0.625000000,0.046875000,-0.744408880738,-0.409424884406
-0.609375000,0.046875000,-0.680360694508,-0.374198381979
-0.593750000,0.046875000,-0.614016151550,-0.337708883353
-0.578125000,0.046875000,-0.546117736457,-0.300364755052
-0.562500000,0.046875000,-0.477326030829,-0.262529316956
-0.546875000,0.046875000,-0.408225389999,-0.224523964499
-0.531250000,0.046875000,-0.339329447361,-0.186631196049
-0.515625000,0.046875000,-0.271086427359,-0.149097535047
-0.500000000,0.046875000,-0.203884252778,-0.112136339028
-0.484375000,0.046875000,-0.138055439459,-0.0759304917022
-0.468750000,0.046875000,-0.0738817695497,-0.0406349732524
-0.453125000,0.046875000,-0.0115987433100,-0.00637930882052
-0.437500000,0.046875000,0.0486001934813,0.0267301064147
-0.421875000,0.046875000,0.106559642985,0.0586078036419
-0.406250000,0.046875000,0.162158468101,0.0891871574555
-0.390625000,0.046875000,0.215306219230,0.118418420576
-0.375000000,0.046875000,0.265939771354,0.146266874245
-0.359375000,0.046875000,0.314020163626,0.172711089994
-0.343750000,0.046875000,0.359529636280,0.197741299954
-0.328125000,0.046875000,0.402468857724,0.221357871748
-0.312500000,0.046875000,0.442854334619,0.243569884041
-0.296875000,0.046875000,0.480715997875,0.264393798831
-0.281250000,0.046875000,0.516094956518,0.283852226085
-0.265625000,0.046875000,0.549041413520,0.301972777436
-0.250000000,0.046875000,0.579612735360,0.318787004448
-0.234375000,0.046875000,0.607871668813,0.334329417847
-0.218750000,0.046875000,0.633884698219,0.348636584021
-0.203125000,0.046875000,0.657720536452,0.361746295048
-0.187500000,0.046875000,0.679448743703,0.373696809037
-0.171875000,0.046875000,0.699138467949,0.384526157372
-0.156250000,0.046875000,0.716857302307,0.394271516269
-0.140625000,0.046875000,0.732670251955,0.402968638575
-0.125000000,0.046875000,0.746638808868,0.410651344878
-0.109375000,0.046875000,0.758820127440,0.417351070092
-0.093750000,0.046875000,0.769266298049,0.423096463927
-0.078125000,0.046875000,0.778023714531,0.427913042992
-0.062500000,0.046875000,0.785132533106,0.431822893209
-0.046875000,0.046875000,0.790626218471,0.434844420159
-0.031250000,0.046875000,0.794531176399,0.436992147019
-0.015625000,0.046875000,0.796866469819,0.438276558400
0.000000000,0.046875000,0.797643616703,0.438703989187
0.015625000,0.046875000,0.796866469819,0.438276558400
0.031250000,0.046875000,0.794531176399,0.436992147019
0.046875000,0.046875000,0.790626218471,0.434844420159
0.062500000,0.046875000,0.785132533106,0.431822893209
0.078125000,0.046875000,0.778023714531,0.427913042992
0.093750000,0.046875000,0.769266298049,0.423096463927
0.109375000,0.046875000,0.758820127440,0.417351070092
0.125000000,0.046875000,0.746638808868,0.410651344878
0.140625000,0.046875000,0.732670251955,0.402968638575
0.156250000,0.046875000,0.716857302307,0.394271516269
0.171875000,0.046875000,0.699138467949,0.384526157372
0.187500000,0.046875000,0.679448743703,0.373696809037
0.203125000,0.046875000,0.657720536452,0.361746295048
0.218750000,0.046875000,0.633884698219,0.348636584021
0.234375000,0.046875000,0.607871668813,0.334329417847
0.250000000,0.046875000,0.579612735360,0.318787004448
0.265625000,0.046875000,0.549041413520,0.301972777436
0.281250000,0.046875000,0.516094956518,0.283852226085
0.296875000,0.046875000,0.480715997875,0.264393798831
0.312500000,0.046875000,0.442854334619,0.243569884041
0.328125000,0.046875000,0.402468857724,0.221357871748
0.343750000,0.046875000,0.359529636280,0.197741299954
0.359375000,0.046875000,0.314020163626,0.172711089994
0.375000000,0.046875000,0.265939771354,0.146266874245
0.390625000,0.046875000,0.215306219230,0.118418420576
0.406250000,0.046875000,0.162158468101,0.0891871574555
0.421875000,0.046875000,0.106559642985,0.0586078036419
0.437500000,0.046875000,0.0486001934813,0.0267301064147
0.453125000,0.046875000,-0.0115987433100,-0.00637930882052
0.468750000,0.046875000,-0.0738817695497,-0.0406349732524
0.484375000,0.046875000,-0.138055439459,-0.0759304917022
0.500000000,0.046875000,-0.203884252778,-0.112136339028
0.515625000,0.046875000,-0.271086427359,-0.149097535047
0.531250000,0.046875000,-0.339329447361,-0.186631196049
0.546875000,0.046875000,-0.408225389999,-0.224523964499
0.562500000,0.046875000,-0.477326030829,-0.262529316956
0.578125000,0.046875000,-0.546117736457,-0.300364755052
0.593750000,0.046875000,-0.614016151550,-0.337708883353
0.609375000,0.046875000,-0.680360694508,-0.374198381979
0.625000000,0.046875000,-0.744408880738,-0.409424884406
0.640625000,0.046875000,-0.805330498077,-0.442931773943
0.656250000,0.046875000,-0.862201667202,-0.474210916961
0.671875000,0.046875000,-0.913998827695,-0.502699355232
0.687500000,0.046875000,-0.959592701748,-0.527775985961
0.703125000,0.046875000,-0.997742301554,-0.548758265855
0.718750000,0.046875000,-1.02708905869,-0.564898982281
0.734375000,0.046875000,-1.04615117543,-0.575383146484
0.750000000,0.046875000,-1.05331831763,-0.579325074695
0.765625000,0.046875000,-1.04684679581,-0.575765737697
0.781250000,0.046875000,-1.02485541294,-0.563670477118
0.796875000,0.046875000,-0.985322193779,-0.541927206579
0.812500000,0.046875000,-0.926082257199,-0.509345241460
0.828125000,0.046875000,-0.844827145340,-0.464654929937
0.843750000,0.046875000,-0.739105991460,-0.406508295303
0.859375000,0.046875000,-0.606328980730,-0.333480939401
0.875000000,0.046875000,-0.443773660441,-0.244075513242
0.890625000,0.046875000,-0.248594763453,-0.136727119899
0.906250000,0.046875000,-0.0178383483140,-0.00981109157268
0.921875000,0.046875000,0.251538771790,0.138346324484
0.937500000,0.046875000,0.562643139483,0.309453726716
0.953125000,0.046875000,0.918610883102,0.505235985706
0.968750000,0.046875000,,
0.984375000,0.046875000,,
1.000000000,0.046875000,,
-1.000000000,0.062500000,,
-0.984375000,0.062500000,,
-0.968750000,0.062500000,,
-0.953125000,0.062500000,1.04405513068,0.574230321876
-0.937500000,0.062500000,0.678562369013,0.373209302957
-0.921875000,0.062500000,0.358471500519,0.197159325285
-0.906250000,0.062500000,0.0806213514308,0.0443417432869
-0.890625000,0.062500000,-0.158118672414,-0.0869652698276
-0.875000000,0.062500000,-0.360814705088,-0.198448087798
-0.859375000,0.062500000,-0.530442473980,-0.291743360689
-0.843750000,0.062500000,-0.669867856215,-0.368427320918
-0.828125000,0.062500000,-0.781832754087,-0.430008014748
-0.812500000,0.062500000,-0.868945310696,-0.477919920883
-0.796875000,0.062500000,-0.933673655613,-0.513520510587
-0.781250000,0.062500000,-0.978342509499,-0.538088380225
-0.765625000,0.062500000,-1.00513209093,-0.552822650014
-0.750000000,0.062500000,-1.01607886378,-0.558843375078
-0.734375000,0.062500000,-1.01307774404,-0.557192759221
-0.718750000,0.062500000,-0.997885448074,-0.548836996441
-0.703125000,0.062500000,-0.972124720224,-0.534668596123
-0.687500000,0.062500000,-0.937289224365,-0.515509073401
-0.671875000,0.062500000,-0.894748918595,-0.492111905227
-0.656250000,0.062500000,-0.845755767600,-0.465165672180
-0.640625000,0.062500000,-0.791449670869,-0.435297318978
-0.625000000,0.062500000,-0.732864508298,-0.403075479564
-0.609375000,0.062500000,-0.670934223500,-0.369013822925
-0.593750000,0.062500000,-0.606498879014,-0.333574383458
-0.578125000,0.062500000,-0.540310632436,-0.297170847840
-0.562500000,0.062500000,-0.473039591578,-0.260171775368
-0.546875000,0.062500000,-0.405279516887,-0.222903734288
-0.531250000,0.062500000,-0.337553346888,-0.185654340789
-0.515625000,0.062500000,-0.270318526356,-0.148675189496
-0.500000000,0.062500000,-0.203972126626,-0.112184669644
-0.484375000,0.062500000,-0.138855746713,-0.0763706606923
-0.468750000,0.062500000,-0.0752601911653,-0.0413931051409
-0.453125000,0.062500000,-0.0134299213363,-0.00738645673497
-0.437500000,0.062500000,0.0464327195299,0.0255379957415
-0.421875000,0.062500000,0.104163506138,0.0572899283760
-0.406250000,0.062500000,0.159632552459,0.0877979038522
-0.390625000,0.062500000,0.212740749550,0.117007412253
-0.375000000,0.062500000,0.263416415579,0.144879028568
-0.359375000,0.062500000,0.311612150273,0.171386682650
-0.343750000,0.062500000,0.357301888639,0.196516038752
-0.328125000,0.062500000,0.400478145675,0.220262980121
-0.312500000,0.062500000,0.441149445045,0.242632194775
-0.296875000,0.062500000,0.479337924923,0.263635858708
-0.281250000,0.062500000,0.515077112154,0.283292411685
-0.265625000,0.062500000,0.548409858714,0.301625422293
-0.250000000,0.062500000,0.579386432000,0.318662537600
-0.234375000,0.062500000,0.608062752375,0.334434513806
-0.218750000,0.062500000,0.634498771112,0.348974324111
-0.203125000,0.062500000,0.658756981488,0.362316339819
-0.187500000,0.062500000,0.680901057342,0.374495581538
-0.171875000,0.062500000,0.700994612661,0.385547036963
-0.156250000,0.062500000,0.719100076431,0.395505042037
-0.140625000,0.062500000,0.735277677549,0.404402722652
-0.125000000,0.062500000,0.749584535244,0.412271494384
-0.109375000,0.062500000,0.762073849519,0.419140617236
-0.093750000,0.062500000,0.772794188372,0.425036803604
-0.078125000,0.062500000,0.781788867746,0.429983877260
-0.062500000,0.062500000,0.789095420630,0.434002481346
-0.046875000,0.062500000,0.794745152770,0.437109834023
-0.031250000,0.062500000,0.798762783081,0.439319530695
-0.015625000,0.062500000,0.801166164859,0.440641390673
0.000000000,0.062500000,0.801966088666,0.441081348766
0.015625000,0.062500000,0.801166164859,0.440641390673
0.031250000,0.062500000,0.798762783081,0.439319530695
0.046875000,0.062500000,0.794745152770,0.437109834023
0.062500000,0.062500000,0.789095420630,0.434002481346
0.078125000,0.062500000,0.781788867746,0.429983877260
0.093750000,0.062500000,0.772794188372,0.425036803604
0.109375000,0.062500000,0.762073849519,0.419140617236
0.125000000,0.062500000,0.749584535244,0.412271494384
0.140625000,0.062500000,0.735277677549,0.404402722652
0.156250000,0.062500000,0.719100076431,0.395505042037
0.171875000,0.062500000,0.700994612661,0.385547036963
0.187500000,0.062500000,0.680901057342,0.374495581538
0.203125000,0.062500000,0.658756981488,0.362316339819
0.218750000,0.062500000,0.634498771112,0.348974324111
0.234375000,0.062500000,0.608062752375,0.334434513806
0.250000000,0.062500000,0.579386432000,0.318662537600
0.265625000,0.062500000,0.548409858714,0.301625422293
0.281250000,0.062500000,0.515077112154,0.283292411685
0.296875000,0.062500000,0.479337924923,0.263635858708
0.312500000,0.062500000,0.441149445045,0.242632194775
0.328125000,0.062500000,0.400478145675,0.220262980121
0.343750000,0.062500000,0.357301888639,0.196516038752
0.359375000,0.062500000,0.311612150273,0.171386682650
0.375000000,0.062500000,0.263416415579,0.144879028568
0.390625000,0.062500000,0.212740749550,0.117007412253
0.406250000,0.062500000,0.159632552459,0.0877979038522
0.421875000,0.062500000,0.104163506138,0.0572899283760
0.437500000,0.062500000,0.0464327195299,0.0255379957415
0.453125000,0.062500000,-0.0134299213363,-0.00738645673497
0.468750000,0.062500000,-0.0752601911653,-0.0413931051409
0.484375000,0.062500000,-0.138855746713,-0.0763706606923
0.500000000,0.062500000,-0.203972126626,-0.112184669644
0.515625000,0.062500000,-0.270318526356,-0.148675189496
0.531250000,0.062500000,-0.337553346888,-0.185654340789
0.546875000,0.062500000,-0.405279516887,-0.222903734288
0.562500000,0.062500000,-0.473039591578,-0.260171775368
0.578125000,0.062500000,-0.540310632436,-0.297170847840
0.593750000,0.062500000,-0.606498879014,-0.333574383458
0.609375000,0.062500000,-0.670934223500,-0.369013822925
0.625000000,0.062500000,-0.732864508298,-0.403075479564
0.640625000,0.062500000,-0.791449670869,-0.435297318978
0.656250000,0.062500000,-0.845755767600,-0.465165672180
0.671875000,0.062500000,-0.894748918595,-0.492111905227
0.687500000,0.062500000,-0.937289224365,-0.515509073401
0.703125000,0.062500000,-0.972124720224,-0.534668596123
0.718750000,0.062500000,-0.997885448074,-0.548836996441
0.734375000,0.062500000,-1.01307774404,-0.557192759221
0.750000000,0.062500000,-1.01607886378,-0.558843375078
0.765625000,0.062500000,-1.00513209093,-0.552822650014
0.781250000,0.062500000,-0.978342509499,-0.538088380225
0.796875000,0.062500000,-0.933673655613,-0.513520510587
0.812500000,0.062500000,-0.868945310696,-0.477919920883
0.828125000,0.062500000,-0.781832754087,-0.430008014748
0.843750000,0.062500000,-0.669867856215,-0.368427320918
0.859375000,0.062500000,-0.530442473980,-0.291743360689
0.875000000,0.062500000,-0.360814705088,-0.198448087798
0.890625000,0.062500000,-0.158118672414,-0.0869652698276
0.906250000,0.062500000,0.0806213514308,0.0443417432869
0.921875000,0.062500000,0.358471500519,0.197159325285
0.937500000,0.062500000,0.678562369013,0.373209302957
0.953125000,0.062500000,1.04405513068,0.574230321876
0.968750000,0.062500000,,
0.984375000,0.062500000,,
1.000000000,0.062500000,,
-1.000000000,0.078125000,,
-0.984375000,0.078125000,,
-0.968750000,0.078125000,,
-0.953125000,0.078125000,1.17941021688,0.648675619283
-0.937500000,0.078125000,0.803568009831,0.441962405407
-0.921875000,0.078125000,0.473693699686,0.260531534827
-0.906250000,0.078125000,0.186603995140,0.102632197327
-0.890625000,0.078125000,-0.0608535119797,-0.0334694315889
-0.875000000,0.078125000,-0.271766244641,-0.149471434553
-0.859375000,0.078125000,-0.449130546197,-0.247021800408
-0.843750000,0.078125000,-0.595832144462,-0.327707679454
-0.828125000,0.078125000,-0.714631978968,-0.393047588433
-0.812500000,0.078125000,-0.808156401179,-0.444486020649
-0.796875000,0.078125000,-0.878890930126,-0.483390011569
-0.781250000,0.078125000,-0.929176884567,-0.511047286512
-0.765625000,0.078125000,-0.961210331415,-0.528665682278
-0.750000000,0.078125000,-0.977042882545,-0.537373585400
-0.734375000,0.078125000,-0.978583956879,-0.538221176284
-0.718750000,0.078125000,-0.967604186270,-0.532182302449
-0.703125000,0.078125000,-0.945739702370,-0.520156836304
-0.687500000,0.078125000,-0.914497084911,-0.502973396701
-0.671875000,0.078125000,-0.875258792695,-0.481392335982
-0.656250000,0.078125000,-0.829288927897,-0.456108910344
-0.640625000,0.078125000,-0.777739213013,-0.427756567157
-0.625000000,0.078125000,-0.721655081207,-0.396910294664
-0.609375000,0.078125000,-0.661981799096,-0.364089989503
-0.593750000,0.078125000,-0.599570557677,-0.329763806722
-0.578125000,0.078125000,-0.535184478965,-0.294351463431
-0.562500000,0.078125000,-0.469504496814,-0.258227473248
-0.546875000,0.078125000,-0.403135080902,-0.221724294496
-0.531250000,0.078125000,-0.336609778339,-0.185135378087
-0.515625000,0.078125000,-0.270396554960,-0.148718105228
-0.500000000,0.078125000,-0.204902923683,-0.112696608026
-0.484375000,0.078125000,-0.140480849962,-0.0772644674789
-0.468750000,0.078125000,-0.0774314309406,-0.0425872870173
-0.453125000,0.078125000,-0.0160093438419,-0.00880513911306
-0.437500000,0.078125000,0.0435729340312,0.0239651137172
-0.421875000,0.078125000,0.101141133996,0.0556276236975
-0.406250000,0.078125000,0.156555427544,0.0861054851493
-0.390625000,0.078125000,0.209706877823,0.115338782803
-0.375000000,0.078125000,0.260514104542,0.143282757498
-0.359375000,0.078125000,0.308920155289,0.169906085409
-0.343750000,0.078125000,0.354889577709,0.195189267740
-0.328125000,0.078125000,0.398405683453,0.219123125899
-0.312500000,0.078125000,0.439467997998,0.241707398899
-0.296875000,0.078125000,0.478089886854,0.262949437770
-0.281250000,0.078125000,0.514296352566,0.282862993911
-0.265625000,0.078125000,0.548121992524,0.301467095888
-0.250000000,0.078125000,0.579609111977,0.318785011587
-0.234375000,0.078125000,0.608805983517,0.334843290934
-0.218750000,0.078125000,0.635765247057,0.349670885881
-0.203125000,0.078125000,0.660542442203,0.363298343212
-0.187500000,0.078125000,0.683194667682,0.375757067225
-0.171875000,0.078125000,0.703779361146,0.387078648630
-0.156250000,0.078125000,0.722353193045,0.397294256175
-0.140625000,0.078125000,0.738971069634,0.406434088299
-0.125000000,0.078125000,0.753685240543,0.414526882299
-0.109375000,0.078125000,0.766544504667,0.421599477567
-0.093750000,0.078125000,0.777593511860,0.427676431523
-0.078125000,0.078125000,0.786872155588,0.432779685573
-0.062500000,0.078125000,0.794415053323,0.436928279328
-0.046875000,0.078125000,0.800251112287,0.440138111758
-0.031250000,0.078125000,0.804403177133,0.442421747423
-0.015625000,0.078125000,0.806887758122,0.443788266967
0.000000000,0.078125000,0.807714838290,0.444243161060
0.015625000,0.078125000,0.806887758122,0.443788266967
0.031250000,0.078125000,0.804403177133,0.442421747423
0.046875000,0.078125000,0.800251112287,0.440138111758
0.062500000,0.078125000,0.794415053323,0.436928279328
0.078125000,0.078125000,0.786872155588,0.432779685573
0.093750000,0.078125000,0.777593511860,0.427676431523
0.109375000,0.078125000,0.766544504667,0.421599477567
0.125000000,0.078125000,0.753685240543,0.414526882299
0.140625000,0.078125000,0.738971069634,0.406434088299
0.156250000,0.078125000,0.722353193045,0.397294256175
0.171875000,0.078125000,0.703779361146,0.387078648630
0.187500000,0.078125000,0.683194667682,0.375757067225
0.203125000,0.078125000,0.660542442203,0.363298343212
0.218750000,0.078125000,0.635765247057,0.349670885881
0.234375000,0.078125000,0.608805983517,0.334843290934
0.250000000,0.078125000,0.579609111977,0.318785011587
0.265625000,0.078125000,0.548121992524,0.301467095888
0.281250000,0.078125000,0.514296352566,0.282862993911
0.296875000,0.078125000,0.478089886854,0.262949437770
0.312500000,0.078125000,0.439467997998,0.241707398899
0.328125000,0.078125000,0.398405683453,0.219123125899
0.343750000,0.078125000,0.354889577709,0.195189267740
0.359375000,0.078125000,0.308920155289,0.169906085409
0.375000000,0.078125000,0.260514104542,0.143282757498
0.390625000,0.078125000,0.209706877823,0.115338782803
0.406250000,0.078125000,0.156555427544,0.0861054851493
0.421875000,0.078125000,0.101141133996,0.0556276236975
0.437500000,0.078125000,0.0435729340312,0.0239651137172
0.453125000,0.078125000,-0.0160093438419,-0.00880513911306
0.468750000,0.078125000,-0.0774314309406,-0.0425872870173
0.484375000,0.078125000,-0.140480849962,-0.0772644674789
0.500000000,0.078125000,-0.204902923683,-0.112696608026
0.515625000,0.078125000,-0.270396554960,-0.148718105228
0.531250000,0.078125000,-0.336609778339,-0.185135378087
0.546875000,0.078125000,-0.403135080902,-0.221724294496
0.562500000,0.078125000,-0.469504496814,-0.258227473248
0.578125000,0.078125000,-0.535184478965,-0.294351463431
0.593750000,0.078125000,-0.599570557677,-0.329763806722
0.609375000,0.078125000,-0.661981799096,-0.364089989503
0.625000000,0.078125000,-0.721655081207,-0.396910294664
0.640625000,0.078125000,-0.777739213013,-0.427756567157
0.656250000,0.078125000,-0.829288927897,-0.456108910344
0.671875000,0.078125000,-0.875258792695,-0.481392335982
0.687500000,0.078125000,-0.914497084911,-0.502973396701
0.703125000,0.078125000,-0.945739702370,-0.520156836304
0.718750000,0.078125000,-0.967604186270,-0.532182302449
0.734375000,0.078125000,-0.978583956879,-0.538221176284
0.750000000,0.078125000,-0.977042882545,-0.537373585400
0.765625000,0.078125000,-0.961210331415,-0.528665682278
0.781250000,0.078125000,-0.929176884567,-0.511047286512
0.796875000,0.078125000,-0.878890930126,-0.483390011569
0.812500000,0.078125000,-0.808156401179,-0.444486020649
0.828125000,0.078125000,-0.714631978968,-0.393047588433
0.843750000,0.078125000,-0.595832144462,-0.327707679454
0.859375000,0.078125000,-0.449130546197,-0.247021800408
0.875000000,0.078125000,-0.271766244641,-0.149471434553
0.890625000,0.078125000,-0.0608535119797,-0.0334694315889
0.906250000,0.078125000,0.186603995140,0.102632197327
0.921875000,0.078125000,0.473693699686,0.260531534827
0.937500000,0.078125000,0.803568009831,0.441962405407
0.953125000,0.078125000,1.17941021688,0.648675619283
0.968750000,0.078125000,,
0.984375000,0.078125000,,
1.000000000,0.078125000,,
-1.000000000,0.093750000,,
-0.984375000,0.093750000,,
-0.968750000,0.093750000,,
-0.953125000,0.093750000,1.32501301715,0.728757159434
-0.937500000,0.093750000,0.937966298976,0.515881464437
-0.921875000,0.093750000,0.597482087109,0.328615147910
-0.906250000,0.093750000,0.300357986572,0.165196892615
-0.890625000,0.093750000,0.0434220774831,0.0238821426157
-0.875000000,0.093750000,-0.176432649343,-0.0970379571389
-0.859375000,0.093750000,-0.362221954065,-0.199222074736
-0.843750000,0.093750000,-0.516850640577,-0.284267852317
-0.828125000,0.093750000,-0.643098268963,-0.353704047929
-0.812500000,0.093750000,-0.743609283900,-0.408985106145
-0.796875000,0.093750000,-0.820886733421,-0.451487703381
-0.781250000,0.093750000,-0.877288889291,-0.482508889110
-0.765625000,0.093750000,-0.915028202186,-0.503265511203
-0.750000000,0.093750000,-0.936172120779,-0.514894666428
-0.734375000,0.093750000,-0.942645383901,-0.518454961146
-0.718750000,0.093750000,-0.936233464245,-0.514928405335
-0.703125000,0.093750000,-0.918586895995,-0.505222792797
-0.687500000,0.093750000,-0.891226266053,-0.490174446329
-0.671875000,0.093750000,-0.855547687100,-0.470551227905
-0.656250000,0.093750000,-0.812828603458,-0.447055731902
-0.640625000,0.093750000,-0.764233806909,-0.420328593800
-0.625000000,0.093750000,-0.710821563159,-0.390951859737
-0.609375000,0.093750000,-0.653549767425,-0.359452372084
-0.593750000,0.093750000,-0.593282063574,-0.326305134966
-0.578125000,0.093750000,-0.530793876046,-0.291936631825
-0.562500000,0.093750000,-0.466778311717,-0.256728071445
-0.546875000,0.093750000,-0.401851899676,-0.221018544822
-0.531250000,0.093750000,-0.336560146114,-0.185108080362
-0.515625000,0.093750000,-0.271382884215,-0.149260586318
-0.500000000,0.093750000,-0.206739407126,-0.113706673919
-0.484375000,0.093750000,-0.142993375223,-0.0786463563725
-0.468750000,0.093750000,-0.0804574925493,-0.0442516209021
-0.453125000,0.093750000,-0.0193979507290,-0.0106688729009
-0.437500000,0.093750000,0.0399613597887,0.0219787478838
-0.421875000,0.093750000,0.0974348686415,0.0535891777528
-0.406250000,0.093750000,0.152871570526,0.0840793637891
-0.390625000,0.093750000,0.206151492362,0.113383320799
-0.375000000,0.093750000,0.257182374662,0.141450306064
-0.359375000,0.093750000,0.305896562267,0.168243109247
-0.343750000,0.093750000,0.352248096444,0.193736453044
-0.328125000,0.093750000,0.396210000561,0.217915500309
-0.312500000,0.093750000,0.437771751706,0.240774463439
-0.296875000,0.093750000,0.476936930629,0.262315311846
-0.281250000,0.093750000,0.513721041389,0.282546572764
-0.265625000,0.093750000,0.548149493192,0.301482221256
-0.250000000,0.093750000,0.580255737319,0.319140655525
-0.234375000,0.093750000,0.610079549737,0.335543752355
-0.218750000,0.093750000,0.637665454729,0.350716000101
-0.203125000,0.093750000,0.663061279785,0.364683703882
-0.187500000,0.093750000,0.686316836982,0.377474260340
-0.171875000,0.093750000,0.707482724204,0.389115498312
-0.156250000,0.093750000,0.726609238928,0.399635081411
-0.140625000,0.093750000,0.743745400816,0.409059970449
-0.125000000,0.093750000,0.758938076241,0.417415941933
-0.109375000,0.093750000,0.772231201882,0.424727161035
-0.093750000,0.093750000,0.783665100406,0.431015805223
-0.078125000,0.093750000,0.793275887101,0.436301737906
-0.062500000,0.093750000,0.801094962276,0.440602229252
-0.046875000,0.093750000,0.807148586421,0.443931722532
-0.031250000,0.093750000,0.811457537159,0.446301645438
-0.015625000,0.093750000,0.814036843523,0.447720263937
0.000000000,0.093750000,0.814895597892,0.448192578841
0.015625000,0.093750000,0.814036843523,0.447720263937
0.031250000,0.093750000,0.811457537159,0.446301645438
0.046875000,0.093750000,0.807148586421,0.443931722532
0.062500000,0.093750000,0.801094962276,0.440602229252
0.078125000,0.093750000,0.793275887101,0.436301737906
0.093750000,0.093750000,0.783665100406,0.431015805223
0.109375000,0.093750000,0.772231201882,0.424727161035
0.125000000,0.093750000,0.758938076241,0.417415941933
0.140625000,0.093750000,0.743745400816,0.409059970449
0.156250000,0.093750000,0.726609238928,0.399635081411
0.171875000,0.093750000,0.707482724204,0.389115498312
0.187500000,0.093750000,0.686316836982,0.377474260340
0.203125000,0.093750000,0.663061279785,0.364683703882
0.218750000,0.093750000,0.637665454729,0.350716000101
0.234375000,0.093750000,0.610079549737,0.335543752355
0.250000000,0.093750000,0.580255737319,0.319140655525
0.265625000,0.093750000,0.548149493192,0.301482221256
0.281250000,0.093750000,0.513721041389,0.282546572764
0.296875000,0.093750000,0.476936930629,0.262315311846
0.312500000,0.093750000,0.437771751706,0.240774463439
0.328125000,0.093750000,0.396210000561,0.217915500309
0.343750000,0.093750000,0.352248096444,0.193736453044
0.359375000,0.093750000,0.305896562267,0.168243109247
0.375000000,0.093750000,0.257182374662,0.141450306064
0.390625000,0.093750000,0.206151492362,0.113383320799
0.406250000,0.093750000,0.152871570526,0.0840793637891
0.421875000,0.093750000,0.0974348686415,0.0535891777528
0.437500000,0.093750000,0.0399613597887,0.0219787478838
0.453125000,0.093750000,-0.0193979507290,-0.0106688729009
0.468750000,0.093750000,-0.0804574925493,-0.0442516209021
0.484375000,0.093750000,-0.142993375223,-0.0786463563725
0.500000000,0.093750000,-0.206739407126,-0.113706673919
0.515625000,0.093750000,-0.271382884215,-0.149260586318
0.531250000,0.093750000,-0.336560146114,-0.185108080362
0.546875000,0.093750000,-0.401851899676,-0.221018544822
0.562500000,0.093750000,-0.466778311717,-0.256728071445
0.578125000,0.093750000,-0.530793876046,-0.291936631825
0.593750000,0.093750000,-0.593282063574,-0.326305134966
0.609375000,0.093750000,-0.653549767425,-0.359452372084
0.625000000,0.093750000,-0.710821563159,-0.390951859737
0.640625000,0.093750000,-0.764233806909,-0.420328593800
0.656250000,0.093750000,-0.812828603458,-0.447055731902
0.671875000,0.093750000,-0.855547687100,-0.470551227905
0.687500000,0.093750000,-0.891226266053,-0.490174446329
0.703125000,0.093750000,-0.918586895995,-0.505222792797
0.718750000,0.093750000,-0.936233464245,-0.514928405335
0.734375000,0.093750000,-0.942645383901,-0.518454961146
0.750000000,0.093750000,-0.936172120779,-0.514894666428
0.765625000,0.093750000,-0.915028202186,-0.503265511203
0.781250000,0.093750000,-0.877288889291,-0.482508889110
0.796875000,0.093750000,-0.820886733421,-0.451487703381
0.812500000,0.093750000,-0.743609283900,-0.408985106145
0.828125000,0.093750000,-0.643098268963,-0.353704047929
0.843750000,0.093750000,-0.516850640577,-0.284267852317
0.859375000,0.093750000,-0.362221954065,-0.199222074736
0.875000000,0.093750000,-0.176432649343,-0.0970379571389
0.890625000,0.093750000,0.0434220774831,0.0238821426157
0.906250000,0.093750000,0.300357986572,0.165196892615
0.921875000,0.093750000,0.597482087109,0.328615147910
0.937500000,0.093750000,0.937966298976,0.515881464437
0.953125000,0.093750000,1.32501301715,0.728757159434
0.968750000,0.093750000,,
0.984375000,0.093750000,,
1.000000000,0.093750000,,
-1.000000000,0.109375000,,
-0.984375000,0.109375000,,
-0.968750000,0.109375000,,
-0.953125000,0.109375000,1.48123092251,0.814677007383
-0.937500000,0.109375000,1.08209388635,0.595151637495
-0.921875000,0.109375000,0.730143494126,0.401578921770
-0.906250000,0.109375000,0.422161382004,0.232188760102
-0.890625000,0.109375000,0.154958512158,0.0852271816869
-0.875000000,0.109375000,-0.0745899386554,-0.0410244662604
-0.859375000,0.109375000,-0.269517898977,-0.148234844438
-0.843750000,0.109375000,-0.432748441653,-0.238011642909
-0.828125000,0.109375000,-0.567079311051,-0.311893621078
-0.812500000,0.109375000,-0.675172922752,-0.371345107513
-0.796875000,0.109375000,-0.759549995519,-0.417752497535
-0.781250000,0.109375000,-0.822586118614,-0.452422365238
-0.765625000,0.109375000,-0.866510679606,-0.476580873784
-0.750000000,0.109375000,-0.893407674892,-0.491374221191
-0.734375000,0.109375000,-0.905218007810,-0.497869904296
-0.718750000,0.109375000,-0.903742948743,-0.497058621808
-0.703125000,0.109375000,-0.890648484606,-0.489856666533
-0.687500000,0.109375000,-0.867470337670,-0.477108685719
-0.671875000,0.109375000,-0.835619467538,-0.459590707146
-0.656250000,0.109375000,-0.796387906721,-0.438013348696
-0.640625000,0.109375000,-0.750954805508,-0.413025143029
-0.625000000,0.109375000,-0.700392585390,-0.385215921965
-0.609375000,0.109375000,-0.645673119839,-0.355120215911
-0.593750000,0.109375000,-0.587673875847,-0.323220631716
-0.578125000,0.109375000,-0.527183964145,-0.289951180279
-0.562500000,0.109375000,-0.464910056664,-0.255700531165
-0.546875000,0.109375000,-0.401482138650,-0.220815176258
-0.531250000,0.109375000,-0.337459071513,-0.185602489332
-0.515625000,0.109375000,-0.273333947375,-0.150333671056
-0.500000000,0.109375000,-0.209539223626,-0.115246572994
-0.484375000,0.109375000,-0.146451628052,-0.0805483954288
-0.468750000,0.109375000,-0.0843968306909,-0.0464182568800
-0.453125000,0.109375000,-0.0236538788301,-0.0130096333566
-0.437500000,0.109375000,0.0355406016675,0.0195473309171
-0.421875000,0.109375000,0.0929884390103,0.0511436414557
-0.406250000,0.109375000,0.148526176218,0.0816893969198
-0.390625000,0.109375000,0.202021555033,0.111111855268
-0.375000000,0.109375000,0.253370217402,0.139353619571
-0.359375000,0.109375000,0.302492616947,0.166370939321
-0.343750000,0.109375000,0.349331133242,0.192132123283
-0.328125000,0.109375000,0.393847380373,0.216616059205
-0.312500000,0.109375000,0.436019703344,0.239810836839
-0.296875000,0.109375000,0.475840852231,0.261712468727
-0.281250000,0.109375000,0.513315827126,0.282323704919
-0.265625000,0.109375000,0.548459885208,0.301652936865
-0.250000000,0.109375000,0.581296702895,0.319713186592
-0.234375000,0.109375000,0.611856683528,0.336521175940
-0.218750000,0.109375000,0.640175405456,0.352096473001
-0.203125000,0.109375000,0.666292200998,0.366460710549
-0.187500000,0.109375000,0.690248861401,0.379636873771
-0.171875000,0.109375000,0.712088459886,0.391648652937
-0.156250000,0.109375000,0.731854286945,0.402519857820
-0.140625000,0.109375000,0.749588893065,0.412273891186
-0.125000000,0.109375000,0.765333232206,0.420933277713
-0.109375000,0.109375000,0.779125902103,0.428519246157
-0.093750000,0.109375000,0.791002476609,0.435051362135
-0.078125000,0.109375000,0.800994925751,0.440547209163
-0.062500000,0.109375000,0.809131120602,0.445022116331
-0.046875000,0.109375000,0.815434420026,0.448488931015
-0.031250000,0.109375000,0.819923334988,0.450957834243
-0.015625000,0.109375000,0.822611270764,0.452436198920
0.000000000,0.109375000,0.823506343512,0.452928488932
0.015625000,0.109375000,0.822611270764,0.452436198920
0.031250000,0.109375000,0.819923334988,0.450957834243
0.046875000,0.109375000,0.815434420026,0.448488931015
0.062500000,0.109375000,0.809131120602,0.445022116331
0.078125000,0.109375000,0.800994925751,0.440547209163
0.093750000,0.109375000,0.791002476609,0.435051362135
0.109375000,0.109375000,0.779125902103,0.428519246157
0.125000000,0.109375000,0.765333232206,0.420933277713
0.140625000,0.109375000,0.749588893065,0.412273891186
0.156250000,0.109375000,0.731854286945,0.402519857820
0.171875000,0.109375000,0.712088459886,0.391648652937
0.187500000,0.109375000,0.690248861401,0.379636873771
0.203125000,0.109375000,0.666292200998,0.366460710549
0.218750000,0.109375000,0.640175405456,0.352096473001
0.234375000,0.109375000,0.611856683528,0.336521175940
0.250000000,0.109375000,0.581296702895,0.319713186592
0.265625000,0.109375000,0.548459885208,0.301652936865
0.281250000,0.109375000,0.513315827126,0.282323704919
0.296875000,0.109375000,0.475840852231,0.261712468727
0.312500000,0.109375000,0.436019703344,0.239810836839
0.328125000,0.109375000,0.393847380373,0.216616059205
0.343750000,0.109375000,0.349331133242,0.192132123283
0.359375000,0.109375000,0.302492616947,0.166370939321
0.375000000,0.109375000,0.253370217402,0.139353619571
0.390625000,0.109375000,0.202021555033,0.111111855268
0.406250000,0.109375000,0.148526176218,0.0816893969198
0.421875000,0.109375000,0.0929884390103,0.0511436414557
0.437500000,0.109375000,0.0355406016675,0.0195473309171
0.453125000,0.109375000,-0.0236538788301,-0.0130096333566
0.468750000,0.109375000,-0.0843968306909,-0.0464182568800
0.484375000,0.109375000,-0.146451628052,-0.0805483954288
0.500000000,0.109375000,-0.209539223626,-0.115246572994
0.515625000,0.109375000,-0.273333947375,-0.150333671056
0.531250000,0.109375000,-0.337459071513,-0.185602489332
0.546875000,0.109375000,-0.401482138650,-0.220815176258
0.562500000,0.109375000,-0.464910056664,-0.255700531165
0.578125000,0.109375000,-0.527183964145,-0.289951180279
0.593750000,0.109375000,-0.587673875847,-0.323220631716
0.609375000,0.109375000,-0.645673119839,-0.355120215911
0.625000000,0.109375000,-0.700392585390,-0.385215921965
0.640625000,0.109375000,-0.750954805508,-0.413025143029
0.656250000,0.109375000,-0.796387906721,-0.438013348696
0.671875000,0.109375000,-0.835619467538,-0.459590707146
0.687500000,0.109375000,-0.867470337670,-0.477108685719
0.703125000,0.109375000,-0.890648484606,-0.489856666533
0.718750000,0.109375000,-0.903742948743,-0.497058621808
0.734375000,0.109375000,-0.905218007810,-0.497869904296
0.750000000,0.109375000,-0.893407674892,-0.491374221191
0.765625000,0.109375000,-0.866510679606,-0.476580873784
0.781250000,0.109375000,-0.822586118614,-0.452422365238
0.796875000,0.109375000,-0.759549995519,-0.417752497535
0.812500000,0.109375000,-0.675172922752,-0.371345107513
0.828125000,0.109375000,-0.567079311051,-0.311893621078
0.843750000,0.109375000,-0.432748441653,-0.238011642909
0.859375000,0.109375000,-0.269517898977,-0.148234844438
0.875000000,0.109375000,-0.0745899386554,-0.0410244662604
0.890625000,0.109375000,0.154958512158,0.0852271816869
0.906250000,0.109375000,0.422161382004,0.232188760102
0.921875000,0.109375000,0.730143494126,0.401578921770
0.937500000,0.109375000,1.08209388635,0.595151637495
0.953125000,0.109375000,1.48123092251,0.814677007383
0.968750000,0.109375000,,
0.984375000,0.109375000,,
1.000000000,0.109375000,,
-1.000000000,0.125000000,,
-0.984375000,0.125000000,,
-0.968750000,0.125000000,,
-0.953125000,0.125000000,1.64862599577,0.906744297674
-0.937500000,0.125000000,1.23632056500,0.679976310749
-0.921875000,0.125000000,0.872017585036,0.479609671770
-0.906250000,0.125000000,0.552324582149,0.303778520182
-0.890625000,0.125000000,0.274037917381,0.150720854560
-0.875000000,0.125000000,0.0340168200447,0.0187092510246
-0.859375000,0.125000000,-0.170789487429,-0.0939342180859
-0.843750000,0.125000000,-0.343321487346,-0.188826818041
-0.828125000,0.125000000,-0.486394637621,-0.267517050691
-0.812500000,0.125000000,-0.602689180800,-0.331479049440
-0.796875000,0.125000000,-0.694743638648,-0.382109001257
-0.781250000,0.125000000,-0.764951282881,-0.420723205585
-0.765625000,0.125000000,-0.815558999297,-0.448557449613
-0.750000000,0.125000000,-0.848668058553,-0.466767432204
-0.734375000,0.125000000,-0.866236394649,-0.476430017057
-0.718750000,0.125000000,-0.870082057808,-0.478545131794
-0.703125000,0.125000000,-0.861887568250,-0.474038162537
-0.687500000,0.125000000,-0.843204945571,-0.463762720064
-0.671875000,0.125000000,-0.815461225481,-0.448503674015
-0.656250000,0.125000000,-0.779964313220,-0.428980372271
-0.640625000,0.125000000,-0.737909046834,-0.405849975759
-0.625000000,0.125000000,-0.690383368782,-0.379710852830
-0.609375000,0.125000000,-0.638374523669,-0.351105988018
-0.593750000,0.125000000,-0.582775215271,-0.320526368399
-0.578125000,0.125000000,-0.524389668703,-0.288414317787
-0.562500000,0.125000000,-0.463939558261,-0.255166757044
-0.546875000,0.125000000,-0.402069766727,-0.221138371700
-0.531250000,0.125000000,-0.339353951289,-0.186644673209
-0.515625000,0.125000000,-0.276299899758,-0.151964944867
-0.500000000,0.125000000,-0.213354662264,-0.117345064245
-0.484375000,0.125000000,-0.150909451119,-0.0830001981153
-0.468750000,0.125000000,-0.0893043039427,-0.0491173671685
-0.453125000,0.125000000,-0.0288325091366,-0.0158578800251
-0.437500000,0.125000000,0.0302552083775,0.0166403646076
-0.421875000,0.125000000,0.0877467338507,0.0482607036179
-0.406250000,0.125000000,0.143464842365,0.0789056633007
-0.390625000,0.125000000,0.197263702669,0.108495036468
-0.375000000,0.125000000,0.249025599743,0.136964079859
-0.359375000,0.125000000,0.298657869744,0.164261828359
-0.343750000,0.125000000,0.346090038141,0.190349520978
-0.328125000,0.125000000,0.391271154183,0.215199134801
-0.312500000,0.125000000,0.434167312224,0.238792021723
-0.296875000,0.125000000,0.474759353106,0.261117644208
-0.281250000,0.125000000,0.513040735850,0.282172404718
-0.265625000,0.125000000,0.549015571293,0.301958564211
-0.250000000,0.125000000,0.582696811432,0.320483246288
-0.234375000,0.125000000,0.614104583286,0.337757520807
-0.218750000,0.125000000,0.643264663113,0.353795564712
-0.203125000,0.125000000,0.670207080800,0.368613894440
-0.187500000,0.125000000,0.694964849245,0.382230667085
-0.171875000,0.125000000,0.717572810841,0.394665045962
-0.156250000,0.125000000,0.738066595475,0.405936627511
-0.140625000,0.125000000,0.756481684129,0.416064926271
-0.125000000,0.125000000,0.772852571854,0.425068914520
-0.109375000,0.125000000,0.787212026891,0.432966614790
-0.093750000,0.125000000,0.799590438798,0.439774741339
-0.078125000,0.125000000,0.810015253996,0.445508389698
-0.062500000,0.125000000,0.818510493489,0.450180771419
-0.046875000,0.125000000,0.825096350283,0.453802992656
-0.031250000,0.125000000,0.829788863789,0.456383875084
-0.015625000,0.125000000,0.832599668450,0.457929817647
0.000000000,0.125000000,0.833535815910,0.458444698751
0.015625000,0.125000000,0.832599668450,0.457929817647
0.031250000,0.125000000,0.829788863789,0.456383875084
0.046875000,0.125000000,0.825096350283,0.453802992656
0.062500000,0.125000000,0.818510493489,0.450180771419
0.078125000,0.125000000,0.810015253996,0.445508389698
0.093750000,0.125000000,0.799590438798,0.439774741339
0.109375000,0.125000000,0.787212026891,0.432966614790
0.125000000,0.125000000,0.772852571854,0.425068914520
0.140625000,0.125000000,0.756481684129,0.416064926271
0.156250000,0.125000000,0.738066595475,0.405936627511
0.171875000,0.125000000,0.717572810841,0.394665045962
0.187500000,0.125000000,0.694964849245,0.382230667085
0.203125000,0.125000000,0.670207080800,0.368613894440
0.218750000,0.125000000,0.643264663113,0.353795564712
0.234375000,0.125000000,0.614104583286,0.337757520807
0.250000000,0.125000000,0.582696811432,0.320483246288
0.265625000,0.125000000,0.549015571293,0.301958564211
0.281250000,0.125000000,0.513040735850,0.282172404718
0.296875000,0.125000000,0.474759353106,0.261117644208
0.312500000,0.125000000,0.434167312224,0.238792021723
0.328125000,0.125000000,0.391271154183,0.215199134801
0.343750000,0.125000000,0.346090038141,0.190349520978
0.359375000,0.125000000,0.298657869744,0.164261828359
0.375000000,0.125000000,0.249025599743,0.136964079859
0.390625000,0.125000000,0.197263702669,0.108495036468
0.406250000,0.125000000,0.143464842365,0.0789056633007
0.421875000,0.125000000,0.0877467338507,0.0482607036179
0.437500000,0.125000000,0.0302552083775,0.0166403646076
0.453125000,0.125000000,-0.0288325091366,-0.0158578800251
0.468750000,0.125000000,-0.0893043039427,-0.0491173671685
0.484375000,0.125000000,-0.150909451119,-0.0830001981153
0.500000000,0.125000000,-0.213354662264,-0.117345064245
0.515625000,0.125000000,-0.276299899758,-0.151964944867
0.531250000,0.125000000,-0.339353951289,-0.186644673209
0.546875000,0.125000000,-0.402069766727,-0.221138371700
0.562500000,0.125000000,-0.463939558261,-0.255166757044
0.578125000,0.125000000,-0.524389668703,-0.288414317787
0.593750000,0.125000000,-0.582775215271,-0.320526368399
0.609375000,0.125000000,-0.638374523669,-0.351105988018
0.625000000,0.125000000,-0.690383368782,-0.379710852830
0.640625000,0.125000000,-0.737909046834,-0.405849975759
0.656250000,0.125000000,-0.779964313220,-0.428980372271
0.671875000,0.125000000,-0.815461225481,-0.448503674015
0.687500000,0.125000000,-0.843204945571,-0.463762720064
0.703125000,0.125000000,-0.861887568250,-0.474038162537
0.718750000,0.125000000,-0.870082057808,-0.478545131794
0.734375000,0.125000000,-0.866236394649,-0.476430017057
0.750000000,0.125000000,-0.848668058553,-0.466767432204
0.765625000,0.125000000,-0.815558999297,-0.448557449613
0.781250000,0.125000000,-0.764951282881,-0.420723205585
0.796875000,0.125000000,-0.694743638648,-0.382109001257
0.812500000,0.125000000,-0.602689180800,-0.331479049440
0.828125000,0.125000000,-0.486394637621,-0.267517050691
0.843750000,0.125000000,-0.343321487346,-0.188826818041
0.859375000,0.125000000,-0.170789487429,-0.0939342180859
0.875000000,0.125000000,0.0340168200447,0.0187092510246
0.890625000,0.125000000,0.274037917381,0.150720854560
0.906250000,0.125000000,0.552324582149,0.303778520182
0.921875000,0.125000000,0.872017585036,0.479609671770
0.937500000,0.125000000,1.23632056500,0.679976310749
0.953125000,0.125000000,1.64862599577,0.906744297674
0.968750000,0.125000000,,
0.984375000,0.125000000,,
1.000000000,0.125000000,,
-1.000000000,0.140625000,,
-0.984375000,0.140625000,,
-0.968750000,0.140625000,,
-0.953125000,0.140625000,,
-0.937500000,0.140625000,1.40105196859,0.770578582725
-0.921875000,0.140625000,1.02347955822,0.562913757019
-0.906250000,0.140625000,0.691193019232,0.380156160578
-0.890625000,0.140625000,0.400976784238,0.220537231331
-0.875000000,0.140625000,0.149676124297,0.0823218683633
-0.859375000,0.140625000,-0.0657751723972,-0.0361763448185
-0.843750000,0.140625000,-0.248334066793,-0.136583736736
-0.828125000,0.140625000,-0.400833206689,-0.220458263679
-0.812500000,0.140625000,-0.525970481901,-0.289283765045
-0.796875000,0.140625000,-0.626302326806,-0.344466279743
-0.781250000,0.140625000,-0.704240050192,-0.387332027606
-0.765625000,0.140625000,-0.762048596203,-0.419126727911
-0.750000000,0.140625000,-0.801847244125,-0.441015984269
-0.734375000,0.140625000,-0.825611838509,-0.454086511180
-0.718750000,0.140625000,-0.835178212309,-0.459348016770
-0.703125000,0.140625000,-0.832246524624,-0.457735588543
-0.687500000,0.140625000,-0.818386282829,-0.450112455556
-0.671875000,0.140625000,-0.795041860710,-0.437273023390
-0.656250000,0.140625000,-0.763538355853,-0.419946095719
-0.640625000,0.140625000,-0.725087660914,-0.398798213503
-0.625000000,0.140625000,-0.680794643919,-0.374437054156
-0.609375000,0.140625000,-0.631663354424,-0.347414844933
-0.593750000,0.140625000,-0.578603187940,-0.318231753367
-0.578125000,0.140625000,-0.522434955403,-0.287339225472
-0.562500000,0.140625000,-0.463896813933,-0.255143247663
-0.546875000,0.140625000,-0.403650028646,-0.222007515755
-0.531250000,0.140625000,-0.342284537649,-0.188256495707
-0.515625000,0.140625000,-0.280324304798,-0.154178367639
-0.500000000,0.140625000,-0.218232444846,-0.120027844665
-0.484375000,0.140625000,-0.156416115117,-0.0860288633142
-0.468750000,0.140625000,-0.0952311666901,-0.0523771416795
-0.453125000,0.140625000,-0.0349865551410,-0.0192426053275
-0.437500000,0.140625000,0.0240514883257,0.0132283185791
-0.421875000,0.140625000,0.0816555240217,0.0449105382119
-0.406250000,0.140625000,0.137633202826,0.0756982615546
-0.390625000,0.140625000,0.191823792328,0.105503085780
-0.375000000,0.140625000,0.244094924151,0.134252208283
-0.359375000,0.140625000,0.294339553111,0.161886754211
-0.343750000,0.140625000,0.342473122235,0.188360217229
-0.328125000,0.140625000,0.388430923945,0.213637008170
-0.312500000,0.140625000,0.432165650044,0.237691107524
-0.296875000,0.140625000,0.473645120665,0.260504816366
-0.281250000,0.140625000,0.512850184826,0.282067601654
-0.265625000,0.140625000,0.549772782935,0.302375030614
-0.250000000,0.140625000,0.584414163680,0.321427790024
-0.234375000,0.140625000,0.616783246987,0.339230785843
-0.218750000,0.140625000,0.646895124806,0.355792318643
-0.203125000,0.140625000,0.674769692886,0.371123331088
-0.187500000,0.140625000,0.700430405449,0.385236722997
-0.171875000,0.140625000,0.723903146648,0.398146730656
-0.156250000,0.140625000,0.745215212356,0.409868366796
-0.140625000,0.140625000,0.764394395145,0.420416917330
-0.125000000,0.140625000,0.781468169056,0.429807492981
-0.109375000,0.140625000,0.796462966559,0.438054631608
-0.093750000,0.140625000,0.809403545172,0.445171949844
-0.078125000,0.140625000,0.820312437661,0.451171840714
-0.062500000,0.140625000,0.829209483976,0.456065216187
-0.046875000,0.140625000,0.836111440171,0.459861292094
-0.031250000,0.140625000,0.841031662100,0.462567414155
-0.015625000,0.140625000,0.843979862160,0.464188924188
0.000000000,0.140625000,0.844961936576,0.464729065117
0.015625000,0.140625000,0.843979862160,0.464188924188
0.031250000,0.140625000,0.841031662100,0.462567414155
0.046875000,0.140625000,0.836111440171,0.459861292094
0.062500000,0.140625000,0.829209483976,0.456065216187
0.078125000,0.140625000,0.820312437661,0.451171840714
0.093750000,0.140625000,0.809403545172,0.445171949844
0.109375000,0.140625000,0.796462966559,0.438054631608
0.125000000,0.140625000,0.781468169056,0.429807492981
0.140625000,0.140625000,0.764394395145,0.420416917330
0.156250000,0.140625000,0.745215212356,0.409868366796
0.171875000,0.140625000,0.723903146648,0.398146730656
0.187500000,0.140625000,0.700430405449,0.385236722997
0.203125000,0.140625000,0.674769692886,0.371123331088
0.218750000,0.140625000,0.646895124806,0.355792318643
0.234375000,0.140625000,0.616783246987,0.339230785843
0.250000000,0.140625000,0.584414163680,0.321427790024
0.265625000,0.140625000,0.549772782935,0.302375030614
0.281250000,0.140625000,0.512850184826,0.282067601654
0.296875000,0.140625000,0.473645120665,0.260504816366
0.312500000,0.140625000,0.432165650044,0.237691107524
0.328125000,0.140625000,0.388430923945,0.213637008170
0.343750000,0.140625000,0.342473122235,0.188360217229
0.359375000,0.140625000,0.294339553111,0.161886754211
0.375000000,0.140625000,0.244094924151,0.134252208283
0.390625000,0.140625000,0.191823792328,0.105503085780
0.406250000,0.140625000,0.137633202826,0.0756982615546
0.421875000,0.140625000,0.0816555240217,0.0449105382119
0.437500000,0.140625000,0.0240514883257,0.0132283185791
0.453125000,0.140625000,-0.0349865551410,-0.0192426053275
0.468750000,0.140625000,-0.0952311666901,-0.0523771416795
0.484375000,0.140625000,-0.156416115117,-0.0860288633142
0.500000000,0.140625000,-0.218232444846,-0.120027844665
0.515625000,0.140625000,-0.280324304798,-0.154178367639
0.531250000,0.140625000,-0.342284537649,-0.188256495707
0.546875000,0.140625000,-0.403650028646,-0.222007515755
0.562500000,0.140625000,-0.463896813933,-0.255143247663
0.578125000,0.140625000,-0.522434955403,-0.287339225472
0.593750000,0.140625000,-0.578603187940,-0.318231753367
0.609375000,0.140625000,-0.631663354424,-0.347414844933
0.625000000,0.140625000,-0.680794643919,-0.374437054156
0.640625000,0.140625000,-0.725087660914,-0.398798213503
0.656250000,0.140625000,-0.763538355853,-0.419946095719
0.671875000,0.140625000,-0.795041860710,-0.437273023390
0.687500000,0.140625000,-0.818386282829,-0.450112455556
0.703125000,0.140625000,-0.832246524624,-0.457735588543
0.718750000,0.140625000,-0.835178212309,-0.459348016770
0.734375000,0.140625000,-0.825611838509,-0.454086511180
0.750000000,0.140625000,-0.801847244125,-0.441015984269
0.765625000,0.140625000,-0.762048596203,-0.419126727911
0.781250000,0.140625000,-0.704240050192,-0.387332027606
0.796875000,0.140625000,-0.626302326806,-0.344466279743
0.812500000,0.140625000,-0.525970481901,-0.289283765045
0.828125000,0.140625000,-0.400833206689,-0.220458263679
0.843750000,0.140625000,-0.248334066793,-0.136583736736
0.859375000,0.140625000,-0.0657751723972,-0.0361763448185
0.875000000,0.140625000,0.149676124297,0.0823218683633
0.890625000,0.140625000,0.400976784238,0.220537231331
0.906250000,0.140625000,0.691193019232,0.380156160578
0.921875000,0.140625000,1.02347955822,0.562913757019
0.937500000,0.140625000,1.40105196859,0.770578582725
0.953125000,0.140625000,,
0.968750000,0.140625000,,
0.984375000,0.140625000,,
1.000000000,0.140625000,,
-1.000000000,0.156250000,,
-0.984375000,0.156250000,,
-0.968750000,0.156250000,,
-0.953125000,0.156250000,,
-0.937500000,0.156250000,1.57689758445,0.867293671445
-0.921875000,0.156250000,1.18494282011,0.651718551063
-0.906250000,0.156250000,0.839149831397,0.461532407268
-0.890625000,0.156250000,0.536128626162,0.294870744389
-0.875000000,0.156250000,0.272712659397,0.149991962668
-0.859375000,0.156250000,0.0458218212107,0.0252020016659
-0.843750000,0.156250000,-0.147516302924,-0.0811339666081
-0.828125000,0.156250000,-0.310150955651,-0.170583025608
-0.812500000,0.156250000,-0.444797441856,-0.244638593021
-0.796875000,0.156250000,-0.554030182349,-0.304716600292
-0.781250000,0.156250000,-0.640278854429,-0.352153369936
-0.765625000,0.156250000,-0.705827009934,-0.388204855463
-0.750000000,0.156250000,-0.752812669348,-0.414046968142
-0.734375000,0.156250000,-0.783230474410,-0.430776760925
-0.718750000,0.156250000,-0.798935057215,-0.439414281468
-0.703125000,0.156250000,-0.801645340208,-0.440904937114
-0.687500000,0.156250000,-0.792949533863,-0.436122243625
-0.671875000,0.156250000,-0.774310639504,-0.425870851727
-0.656250000,0.156250000,-0.747072298488,-0.410889764168
-0.640625000,0.156250000,-0.712464859450,-0.391855672698
-0.625000000,0.156250000,-0.671611556604,-0.369386356132
-0.609375000,0.156250000,-0.625534716470,-0.344044094059
-0.593750000,0.156250000,-0.575161922020,-0.316339057111
-0.578125000,0.156250000,-0.521332081270,-0.286732644699
-0.562500000,0.156250000,-0.464801356901,-0.255640746295
-0.546875000,0.156250000,-0.406248923519,-0.223436907935
-0.531250000,0.156250000,-0.346282527629,-0.190455390196
-0.515625000,0.156250000,-0.285443832236,-0.156994107730
-0.500000000,0.156250000,-0.224213532025,-0.123317442614
-0.484375000,0.156250000,-0.163016232091,-0.0896589276500
-0.468750000,0.156250000,-0.102225084313,-0.0562237963724
-0.453125000,0.156250000,-0.0421661811844,-0.0231913996514
-0.437500000,0.156250000,0.0168772929511,0.00928251112313
-0.421875000,0.156250000,0.0746611498915,0.0410636324403
-0.406250000,0.156250000,0.130976520044,0.0720370860243
-0.390625000,0.156250000,0.185646403411,0.102105521876
-0.375000000,0.156250000,0.238522442660,0.131187343463
-0.359375000,0.156250000,0.289481910749,0.159215050912
-0.343750000,0.156250000,0.338424903065,0.186133696686
-0.328125000,0.156250000,0.385271729139,0.211899451026
-0.312500000,0.156250000,0.429960491712,0.236478270442
-0.296875000,0.156250000,0.472444846321,0.259844665476
-0.281250000,0.156250000,0.512691931698,0.281980562434
-0.265625000,0.156250000,0.550680463048,0.302874254677
-0.250000000,0.156250000,0.586398979098,0.322519438504
-0.234375000,0.156250000,0.619844233871,0.340914328629
-0.218750000,0.156250000,0.651019727340,0.358060850037
-0.203125000,0.156250000,0.679934364669,0.373963900568
-0.187500000,0.156250000,0.706601238587,0.388630681223
-0.171875000,0.156250000,0.731036526246,0.402070089435
-0.156250000,0.156250000,0.753258495988,0.414292172793
-0.140625000,0.156250000,0.773286615842,0.425307638713
-0.125000000,0.156250000,0.791140759384,0.435127417661
-0.109375000,0.156250000,0.806840503122,0.443762276717
-0.093750000,0.156250000,0.820404510944,0.451222481019
-0.078125000,0.156250000,0.831850001101,0.457517500606
-0.062500000,0.156250000,0.841192291784,0.462655760481
-0.046875000,0.156250000,0.848444422595,0.466644432427
-0.031250000,0.156250000,0.853616848185,0.469489266502
-0.015625000,0.156250000,0.856717203203,0.471194461762
0.000000000,0.156250000,0.857750134817,0.471762574149
0.015625000,0.156250000,0.856717203203,0.471194461762
0.031250000,0.156250000,0.853616848185,0.469489266502
0.046875000,0.156250000,0.848444422595,0.466644432427
0.062500000,0.156250000,0.841192291784,0.462655760481
0.078125000,0.156250000,0.831850001101,0.457517500606
0.093750000,0.156250000,0.820404510944,0.451222481019
0.109375000,0.156250000,0.806840503122,0.443762276717
0.125000000,0.156250000,0.791140759384,0.435127417661
0.140625000,0.156250000,0.773286615842,0.425307638713
0.156250000,0.156250000,0.753258495988,0.414292172793
0.171875000,0.156250000,0.731036526246,0.402070089435
0.187500000,0.156250000,0.706601238587,0.388630681223
0.203125000,0.156250000,0.679934364669,0.373963900568
0.218750000,0.156250000,0.651019727340,0.358060850037
0.234375000,0.156250000,0.619844233871,0.340914328629
0.250000000,0.156250000,0.586398979098,0.322519438504
0.265625000,0.156250000,0.550680463048,0.302874254677
0.281250000,0.156250000,0.512691931698,0.281980562434
0.296875000,0.156250000,0.472444846321,0.259844665476
0.312500000,0.156250000,0.429960491712,0.236478270442
0.328125000,0.156250000,0.385271729139,0.211899451026
0.343750000,0.156250000,0.338424903065,0.186133696686
0.359375000,0.156250000,0.289481910749,0.159215050912
0.375000000,0.156250000,0.238522442660,0.131187343463
0.390625000,0.156250000,0.185646403411,0.102105521876
0.406250000,0.156250000,0.130976520044,0.0720370860243
0.421875000,0.156250000,0.0746611498915,0.0410636324403
0.437500000,0.156250000,0.0168772929511,0.00928251112313
0.453125000,0.156250000,-0.0421661811844,-0.0231913996514
0.468750000,0.156250000,-0.102225084313,-0.0562237963724
0.484375000,0.156250000,-0.163016232091,-0.0896589276500
0.500000000,0.156250000,-0.224213532025,-0.123317442614
0.515625000,0.156250000,-0.285443832236,-0.156994107730
0.531250000,0.156250000,-0.346282527629,-0.190455390196
0.546875000,0.156250000,-0.406248923519,-0.223436907935
0.562500000,0.156250000,-0.464801356901,-0.255640746295
0.578125000,0.156250000,-0.521332081270,-0.286732644699
0.593750000,0.156250000,-0.575161922020,-0.316339057111
0.609375000,0.156250000,-0.625534716470,-0.344044094059
0.625000000,0.156250000,-0.671611556604,-0.369386356132
0.640625000,0.156250000,-0.712464859450,-0.391855672698
0.656250000,0.156250000,-0.747072298488,-0.410889764168
0.671875000,0.156250000,-0.774310639504,-0.425870851727
0.687500000,0.156250000,-0.792949533863,-0.436122243625
0.703125000,0.156250000,-0.801645340208,-0.440904937114
0.718750000,0.156250000,-0.798935057215,-0.439414281468
0.734375000,0.156250000,-0.783230474410,-0.430776760925
0.750000000,0.156250000,-0.752812669348,-0.414046968142
0.765625000,0.156250000,-0.705827009934,-0.388204855463
0.781250000,0.156250000,-0.640278854429,-0.352153369936
0.796875000,0.156250000,-0.554030182349,-0.304716600292
0.812500000,0.156250000,-0.444797441856,-0.244638593021
0.828125000,0.156250000,-0.310150955651,-0.170583025608
0.843750000,0.156250000,-0.147516302924,-0.0811339666081
0.859375000,0.156250000,0.0458218212107,0.0252020016659
0.875000000,0.156250000,0.272712659397,0.149991962668
0.890625000,0.156250000,0.536128626162,0.294870744389
0.906250000,0.156250000,0.839149831397,0.461532407268
0.921875000,0.156250000,1.18494282011,0.651718551063
0.937500000,0.156250000,1.57689758445,0.867293671445
0.953125000,0.156250000,,
0.968750000,0.156250000,,
0.984375000,0.156250000,,
1.000000000,0.156250000,,
-1.000000000,0.171875000,,
-0.984375000,0.171875000,,
-0.968750000,0.171875000,,
-0.953125000,0.171875000,,
-0.937500000,0.171875000,1.76402350616,0.970212928391
-0.921875000,0.171875000,1.35702109193,0.746361600563
-0.906250000,0.171875000,0.996618515915,0.548140183753
-0.890625000,0.171875000,0.679886628310,0.373937645571
-0.875000000,0.171875000,0.403489926340,0.221919459487
-0.859375000,0.171875000,0.164336087090,0.0903848478993
-0.843750000,0.171875000,-0.0405616133437,-0.0223088873390
-0.828125000,0.171875000,-0.214068325572,-0.117737579065
-0.812500000,0.171875000,-0.358916466688,-0.197404056678
-0.796875000,0.171875000,-0.477698466024,-0.262734156313
-0.781250000,0.171875000,-0.572862665034,-0.315074465769
-0.765625000,0.171875000,-0.646711750054,-0.355691462530
-0.750000000,0.171875000,-0.701403203672,-0.385771762019
-0.734375000,0.171875000,-0.738951349962,-0.406423242479
-0.718750000,0.171875000,-0.761230642291,-0.418676853260
-0.703125000,0.171875000,-0.769979904091,-0.423488947250
-0.687500000,0.171875000,-0.766807282330,-0.421744005282
-0.671875000,0.171875000,-0.753195719219,-0.414257645571
-0.656250000,0.171875000,-0.730508778453,-0.401779828149
-0.640625000,0.171875000,-0.699996695952,-0.384998182773
-0.625000000,0.171875000,-0.662802546854,-0.364541400770
-0.609375000,0.171875000,-0.619968441990,-0.340982643094
-0.593750000,0.171875000,-0.572441684344,-0.314842926389
-0.578125000,0.171875000,-0.521080829931,-0.286594456462
-0.562500000,0.171875000,-0.466661608675,-0.256663884771
-0.546875000,0.171875000,-0.409882672869,-0.225435470078
-0.531250000,0.171875000,-0.351371146006,-0.193254130303
-0.515625000,0.171875000,-0.291687955178,-0.160428375348
-0.500000000,0.171875000,-0.231332931421,-0.127233112282
-0.484375000,0.171875000,-0.170749672093,-0.0939123196513
-0.468750000,0.171875000,-0.110330159249,-0.0606815875872
-0.453125000,0.171875000,-0.0504191320744,-0.0277305226409
-0.437500000,0.171875000,0.00868178365638,0.00477498101101
-0.421875000,0.171875000,0.0667101879927,0.0366906033960
-0.406250000,0.171875000,0.123439255258,0.0678915903918
-0.390625000,0.171875000,0.178674312152,0.0982708716838
-0.375000000,0.171875000,0.232249640143,0.127737302078
-0.359375000,0.171875000,0.284025491657,0.156214020411
-0.343750000,0.171875000,0.333885314639,0.183636923051
-0.328125000,0.171875000,0.381733174264,0.209953245845
-0.312500000,0.171875000,0.427491364178,0.235120250298
-0.296875000,0.171875000,0.471098198786,0.259104009332
-0.281250000,0.171875000,0.512505975242,0.281878286383
-0.265625000,0.171875000,0.551679099352,0.303423504643
-0.250000000,0.171875000,0.588592363572,0.323725799964
-0.234375000,0.171875000,0.623229371095,0.342776154102
-0.218750000,0.171875000,0.655581096058,0.360569602832
-0.203125000,0.171875000,0.685644572672,0.377104514970
-0.187500000,0.171875000,0.713421706155,0.392381938385
-0.171875000,0.171875000,0.738918196942,0.406405008318
-0.156250000,0.171875000,0.762142573010,0.419178415155
-0.140625000,0.171875000,0.783105323089,0.430707927699
-0.125000000,0.171875000,0.801818125037,0.440999968770
-0.109375000,0.171875000,0.818293164127,0.450061240270
-0.093750000,0.171875000,0.832542536518,0.457898395085
-0.078125000,0.171875000,0.844577733091,0.464517753200
-0.062500000,0.171875000,0.854409200110,0.469925060061
-0.046875000,0.171875000,0.862045973574,0.474125285466
-0.031250000,0.171875000,0.867495383308,0.477122460819
-0.015625000,0.171875000,0.870762825639,0.478919554102
0.000000000,0.171875000,0.871851602688,0.479518381479
0.015625000,0.171875000,0.870762825639,0.478919554102
0.031250000,0.171875000,0.867495383308,0.477122460819
0.046875000,0.171875000,0.862045973574,0.474125285466
0.062500000,0.171875000,0.854409200110,0.469925060061
0.078125000,0.171875000,0.844577733091,0.464517753200
0.093750000,0.171875000,0.832542536518,0.457898395085
0.109375000,0.171875000,0.818293164127,0.450061240270
0.125000000,0.171875000,0.801818125037,0.440999968770
0.140625000,0.171875000,0.783105323089,0.430707927699
0.156250000,0.171875000,0.762142573010,0.419178415155
0.171875000,0.171875000,0.738918196942,0.406405008318
0.187500000,0.171875000,0.713421706155,0.392381938385
0.203125000,0.171875000,0.685644572672,0.377104514970
0.218750000,0.171875000,0.655581096058,0.360569602832
0.234375000,0.171875000,0.623229371095,0.342776154102
0.250000000,0.171875000,0.588592363572,0.323725799964
0.265625000,0.171875000,0.551679099352,0.303423504643
0.281250000,0.171875000,0.512505975242,0.281878286383
0.296875000,0.171875000,0.471098198786,0.259104009332
0.312500000,0.171875000,0.427491364178,0.235120250298
0.328125000,0.171875000,0.381733174264,0.209953245845
0.343750000,0.171875000,0.333885314639,0.183636923051
0.359375000,0.171875000,0.284025491657,0.156214020411
0.375000000,0.171875000,0.232249640143,0.127737302078
0.390625000,0.171875000,0.178674312152,0.0982708716838
0.406250000,0.171875000,0.123439255258,0.0678915903918
0.421875000,0.171875000,0.0667101879927,0.0366906033960
0.437500000,0.171875000,0.00868178365638,0.00477498101101
0.453125000,0.171875000,-0.0504191320744,-0.0277305226409
0.468750000,0.171875000,-0.110330159249,-0.0606815875872
0.484375000,0.171875000,-0.170749672093,-0.0939123196513
0.500000000,0.171875000,-0.231332931421,-0.127233112282
0.515625000,0.171875000,-0.291687955178,-0.160428375348
0.531250000,0.171875000,-0.351371146006,-0.193254130303
0.546875000,0.171875000,-0.409882672869,-0.225435470078
0.562500000,0.171875000,-0.466661608675,-0.256663884771
0.578125000,0.171875000,-0.521080829931,-0.286594456462
0.593750000,0.171875000,-0.572441684344,-0.314842926389
0.609375000,0.171875000,-0.619968441990,-0.340982643094
0.625000000,0.171875000,-0.662802546854,-0.364541400770
0.640625000,0.171875000,-0.699996695952,-0.384998182773
0.656250000,0.171875000,-0.730508778453,-0.401779828149
0.671875000,0.171875000,-0.753195719219,-0.414257645571
0.687500000,0.171875000,-0.766807282330,-0.421744005282
0.703125000,0.171875000,-0.769979904091,-0.423488947250
0.718750000,0.171875000,-0.761230642291,-0.418676853260
0.734375000,0.171875000,-0.738951349962,-0.406423242479
0.750000000,0.171875000,-0.701403203672,-0.385771762019
0.765625000,0.171875000,-0.646711750054,-0.355691462530
0.781250000,0.171875000,-0.572862665034,-0.315074465769
0.796875000,0.171875000,-0.477698466024,-0.262734156313
0.812500000,0.171875000,-0.358916466688,-0.197404056678
0.828125000,0.171875000,-0.214068325572,-0.117737579065
0.843750000,0.171875000,-0.0405616133437,-0.0223088873390
0.859375000,0.171875000,0.164336087090,0.0903848478993
0.875000000,0.171875000,0.403489926340,0.221919459487
0.890625000,0.171875000,0.679886628310,0.373937645571
0.906250000,0.171875000,0.996618515915,0.548140183753
0.921875000,0.171875000,1.35702109193,0.746361600563
0.937500000,0.171875000,1.76402350616,0.970212928391
0.953125000,0.171875000,,
0.968750000,0.171875000,,
0.984375000,0.171875000,,
1.000000000,0.171875000,,
-1.000000000,0.187500000,,
-0.984375000,0.187500000,,
-0.968750000,0.187500000,,
-0.953125000,0.187500000,,
-0.937500000,0.187500000,1.96311333102,1.07971233206
-0.921875000,0.187500000,1.53990473640,0.846947605021
-0.906250000,0.187500000,1.16406555046,0.640236052755
-0.890625000,0.187500000,0.832686282833,0.457977455558
-0.875000000,0.187500000,0.542412868760,0.298327077818
-0.859375000,0.187500000,0.290142639049,0.159578451477
-0.843750000,0.187500000,0.0728758491148,0.0400817170131
-0.828125000,0.187500000,-0.112267756490,-0.0617472660695
-0.812500000,0.187500000,-0.268037314584,-0.147420523021
-0.796875000,0.187500000,-0.397043216169,-0.218373768893
-0.781250000,0.187500000,-0.501752712118,-0.275963991665
-0.765625000,0.187500000,-0.584488114326,-0.321468462879
-0.750000000,0.187500000,-0.647427066319,-0.356084886475
-0.734375000,0.187500000,-0.692604447757,-0.380932446266
-0.718750000,0.187500000,-0.721915553815,-0.397053554598
-0.703125000,0.187500000,-0.737120251822,-0.405416138502
-0.687500000,0.187500000,-0.739847871226,-0.406916329174
-0.671875000,0.187500000,-0.731602625884,-0.402381444236
-0.656250000,0.187500000,-0.713769402889,-0.392573171589
-0.640625000,0.187500000,-0.687619783862,-0.378190881124
-0.625000000,0.187500000,-0.654318188348,-0.359875003592
-0.609375000,0.187500000,-0.614928051606,-0.338210428384
-0.593750000,0.187500000,-0.570417963799,-0.313729880089
-0.578125000,0.187500000,-0.521667715437,-0.286917243490
-0.562500000,0.187500000,-0.469474203768,-0.258210812072
-0.546875000,0.187500000,-0.414557165063,-0.228006440785
-0.531250000,0.187500000,-0.357564708318,-0.196660589575
-0.515625000,0.187500000,-0.299078629023,-0.164493245963
-0.500000000,0.187500000,-0.239619491600,-0.131790720380
-0.484375000,0.187500000,-0.179651470923,-0.0988083090077
-0.468750000,0.187500000,-0.119586948082,-0.0657728214454
-0.453125000,0.187500000,-0.0597908595010,-0.0328849727255
-0.437500000,0.187500000,-0.000584800256084,-0.000321640140846
-0.421875000,0.187500000,0.0577491154287,0.0317620134858
-0.406250000,0.187500000,0.114964631366,0.0632305472511
-0.390625000,0.187500000,0.170847957827,0.0939663768051
-0.375000000,0.187500000,0.225214604575,0.123868032516
-0.359375000,0.187500000,0.277906429992,0.152848536495
-0.343750000,0.187500000,0.328788898156,0.180833893986
-0.328125000,0.187500000,0.377748534237,0.207761693831
-0.312500000,0.187500000,0.424690570000,0.233579813500
-0.296875000,0.187500000,0.469536769665,0.258245223316
-0.281250000,0.187500000,0.512223426904,0.281722884797
-0.265625000,0.187500000,0.552699523735,0.303984738054
-0.250000000,0.187500000,0.590925042709,0.325008773490
-0.234375000,0.187500000,0.626869423480,0.344778182914
-0.218750000,0.187500000,0.660510155082,0.363280585295
-0.203125000,0.187500000,0.691831496603,0.380507323132
-0.187500000,0.187500000,0.720823317132,0.396452824423
-0.171875000,0.187500000,0.747480049450,0.411114027197
-0.156250000,0.187500000,0.771799749023,0.424489861963
-0.140625000,0.187500000,0.793783252641,0.436580788953
-0.125000000,0.187500000,0.813433430788,0.447388386933
-0.109375000,0.187500000,0.830754527648,0.456914990206
-0.093750000,0.187500000,0.845751584191,0.465163371305
-0.078125000,0.187500000,0.858429940333,0.472136467183
-0.062500000,0.187500000,0.868794810795,0.477837145937
-0.046875000,0.187500000,0.876850932726,0.482268012999
-0.031250000,0.187500000,0.882602280917,0.485431254504
-0.015625000,0.187500000,0.886051849145,0.487328517030
0.000000000,0.187500000,0.887201495427,0.487960822485
0.015625000,0.187500000,0.886051849145,0.487328517030
0.031250000,0.187500000,0.882602280917,0.485431254504
0.046875000,0.187500000,0.876850932726,0.482268012999
0.062500000,0.187500000,0.868794810795,0.477837145937
0.078125000,0.187500000,0.858429940333,0.472136467183
0.093750000,0.187500000,0.845751584191,0.465163371305
0.109375000,0.187500000,0.830754527648,0.456914990206
0.125000000,0.187500000,0.813433430788,0.447388386933
0.140625000,0.187500000,0.793783252641,0.436580788953
0.156250000,0.187500000,0.771799749023,0.424489861963
0.171875000,0.187500000,0.747480049450,0.411114027197
0.187500000,0.187500000,0.720823317132,0.396452824423
0.203125000,0.187500000,0.691831496603,0.380507323132
0.218750000,0.187500000,0.660510155082,0.363280585295
0.234375000,0.187500000,0.626869423480,0.344778182914
0.250000000,0.187500000,0.590925042709,0.325008773490
0.265625000,0.187500000,0.552699523735,0.303984738054
0.281250000,0.187500000,0.512223426904,0.281722884797
0.296875000,0.187500000,0.469536769665,0.258245223316
0.312500000,0.187500000,0.424690570000,0.233579813500
0.328125000,0.187500000,0.377748534237,0.207761693831
0.343750000,0.187500000,0.328788898156,0.180833893986
0.359375000,0.187500000,0.277906429992,0.152848536495
0.375000000,0.187500000,0.225214604575,0.123868032516
0.390625000,0.187500000,0.170847957827,0.0939663768051
0.406250000,0.187500000,0.114964631366,0.0632305472511
0.421875000,0.187500000,0.0577491154287,0.0317620134858
0.437500000,0.187500000,-0.000584800256084,-0.000321640140846
0.453125000,0.187500000,-0.0597908595010,-0.0328849727255
0.468750000,0.187500000,-0.119586948082,-0.0657728214454
0.484375000,0.187500000,-0.179651470923,-0.0988083090077
0.500000000,0.187500000,-0.239619491600,-0.131790720380
0.515625000,0.187500000,-0.299078629023,-0.164493245963
0.531250000,0.187500000,-0.357564708318,-0.196660589575
0.546875000,0.187500000,-0.414557165063,-0.228006440785
0.562500000,0.187500000,-0.469474203768,-0.258210812072
0.578125000,0.187500000,-0.521667715437,-0.286917243490
0.593750000,0.187500000,-0.570417963799,-0.313729880089
0.609375000,0.187500000,-0.614928051606,-0.338210428384
0.625000000,0.187500000,-0.654318188348,-0.359875003592
0.640625000,0.187500000,-0.687619783862,-0.378190881124
0.656250000,0.187500000,-0.713769402889,-0.392573171589
0.671875000,0.187500000,-0.731602625884,-0.402381444236
0.687500000,0.187500000,-0.739847871226,-0.406916329174
0.703125000,0.187500000,-0.737120251822,-0.405416138502
0.718750000,0.187500000,-0.721915553815,-0.397053554598
0.734375000,0.187500000,-0.692604447757,-0.380932446266
0.750000000,0.187500000,-0.647427066319,-0.356084886475
0.765625000,0.187500000,-0.584488114326,-0.321468462879
0.781250000,0.187500000,-0.501752712118,-0.275963991665
0.796875000,0.187500000,-0.397043216169,-0.218373768893
0.812500000,0.187500000,-0.268037314584,-0.147420523021
0.828125000,0.187500000,-0.112267756490,-0.0617472660695
0.843750000,0.187500000,0.0728758491148,0.0400817170131
0.859375000,0.187500000,0.290142639049,0.159578451477
0.875000000,0.187500000,0.542412868760,0.298327077818
0.890625000,0.187500000,0.832686282833,0.457977455558
0.906250000,0.187500000,1.16406555046,0.640236052755
0.921875000,0.187500000,1.53990473640,0.846947605021
0.937500000,0.187500000,1.96311333102,1.07971233206
0.953125000,0.187500000,,
0.968750000,0.187500000,,
0.984375000,0.187500000,,
1.000000000,0.187500000,,
-1.000000000,0.203125000,,
-0.984375000,0.203125000,,
-0.968750000,0.203125000,,
-0.953125000,0.203125000,,
-0.937500000,0.203125000,,
-0.921875000,0.203125000,1.73428625123,0.953857438175
-0.906250000,0.203125000,1.34216901759,0.738192959676
-0.890625000,0.203125000,0.995007999251,0.547254399588
-0.875000000,0.203125000,0.689930494095,0.379461771752
-0.859375000,0.203125000,0.423659520011,0.233012736006
-0.843750000,0.203125000,0.193183776471,0.106251077059
-0.828125000,0.203125000,-0.00439115328622,-0.00241513430742
-0.812500000,0.203125000,-0.171830620750,-0.0945068414127
-0.796875000,0.203125000,-0.311762844341,-0.171469564387
-0.781250000,0.203125000,-0.426674162388,-0.234670789314
-0.765625000,0.203125000,-0.518906953984,-0.285398824691
-0.750000000,0.203125000,-0.590659687794,-0.324862828287
-0.734375000,0.203125000,-0.643988650325,-0.354193757679
-0.718750000,0.203125000,-0.680810987194,-0.374446042957
-0.703125000,0.203125000,-0.702908750519,-0.386599812785
-0.687500000,0.203125000,-0.711933703168,-0.391563536743
-0.671875000,0.203125000,-0.709412673204,-0.390176970262
-0.656250000,0.203125000,-0.696753289213,-0.383214309067
-0.640625000,0.203125000,-0.675249958105,-0.371387476958
-0.625000000,0.203125000,-0.646089973713,-0.355349485542
-0.609375000,0.203125000,-0.610359663680,-0.335697815024
-0.593750000,0.203125000,-0.569050503700,-0.312977777035
-0.578125000,0.203125000,-0.523065139366,-0.287685826651
-0.562500000,0.203125000,-0.473223269506,-0.260272798228
-0.546875000,0.203125000,-0.420267357916,-0.231147046854
-0.531250000,0.203125000,-0.364868143988,-0.200677479193
-0.515625000,0.203125000,-0.307629934947,-0.169196464221
-0.500000000,0.203125000,-0.249095664075,-0.137002615241
-0.484375000,0.203125000,-0.189751707469,-0.104363439108
-0.468750000,0.203125000,-0.130032453899,-0.0715178496445
-0.453125000,0.203125000,-0.0703246261494,-0.0386785443822
-0.437500000,0.203125000,-0.0109713550205,-0.00603424526130
-0.421875000,0.203125000,0.0477239898900,0.0262481944395
-0.406250000,0.203125000,0.105494209966,0.0580218154813
-0.390625000,0.203125000,0.162104918038,0.0891577049209
-0.375000000,0.203125000,0.217351405912,0.119543273251
-0.359375000,0.203125000,0.271055728058,0.149080650432
-0.343750000,0.203125000,0.323063993767,0.177685196572
-0.328125000,0.203125000,0.373243858819,0.205284122351
-0.312500000,0.203125000,0.421482207051,0.231815213878
-0.296875000,0.203125000,0.467683012543,0.257225656899
-0.281250000,0.203125000,0.511765372308,0.281470954770
-0.265625000,0.203125000,0.553661701432,0.304513935788
-0.250000000,0.203125000,0.593316080582,0.326323844320
-0.234375000,0.203125000,0.630682746603,0.346875510632
-0.218750000,0.203125000,0.665724719296,0.366148595613
-0.203125000,0.203125000,0.698412553840,0.384126904612
-0.187500000,0.203125000,0.728723212858,0.400797767072
-0.171875000,0.203125000,0.756639049429,0.416151477186
-0.156250000,0.203125000,0.782146894837,0.430180792160
-0.140625000,0.203125000,0.805237243824,0.442880484103
-0.125000000,0.203125000,0.825903531649,0.454246942407
-0.109375000,0.203125000,0.844141496799,0.464277823239
-0.093750000,0.203125000,0.859948625416,0.472971743979
-0.078125000,0.203125000,0.873323671063,0.480328019085
-0.062500000,0.203125000,0.884266247850,0.486346436317
-0.046875000,0.203125000,0.892776490923,0.491027070008
-0.031250000,0.203125000,0.898854784243,0.494370131334
-0.015625000,0.203125000,0.902501549973,0.496375852485
0.000000000,0.203125000,0.903717100582,0.497044405320
0.015625000,0.203125000,0.902501549973,0.496375852485
0.031250000,0.203125000,0.898854784243,0.494370131334
0.046875000,0.203125000,0.892776490923,0.491027070008
0.062500000,0.203125000,0.884266247850,0.486346436317
0.078125000,0.203125000,0.873323671063,0.480328019085
0.093750000,0.203125000,0.859948625416,0.472971743979
0.109375000,0.203125000,0.844141496799,0.464277823239
0.125000000,0.203125000,0.825903531649,0.454246942407
0.140625000,0.203125000,0.805237243824,0.442880484103
0.156250000,0.203125000,0.782146894837,0.430180792160
0.171875000,0.203125000,0.756639049429,0.416151477186
0.187500000,0.203125000,0.728723212858,0.400797767072
0.203125000,0.203125000,0.698412553840,0.384126904612
0.218750000,0.203125000,0.665724719296,0.366148595613
0.234375000,0.203125000,0.630682746603,0.346875510632
0.250000000,0.203125000,0.593316080582,0.326323844320
0.265625000,0.203125000,0.553661701432,0.304513935788
0.281250000,0.203125000,0.511765372308,0.281470954770
0.296875000,0.203125000,0.467683012543,0.257225656899
0.312500000,0.203125000,0.421482207051,0.231815213878
0.328125000,0.203125000,0.373243858819,0.205284122351
0.343750000,0.203125000,0.323063993767,0.177685196572
0.359375000,0.203125000,0.271055728058,0.149080650432
0.375000000,0.203125000,0.217351405912,0.119543273251
0.390625000,0.203125000,0.162104918038,0.0891577049209
0.406250000,0.203125000,0.105494209966,0.0580218154813
0.421875000,0.203125000,0.0477239898900,0.0262481944395
0.437500000,0.203125000,-0.0109713550205,-0.00603424526130
0.453125000,0.203125000,-0.0703246261494,-0.0386785443822
0.468750000,0.203125000,-0.130032453899,-0.0715178496445
0.484375000,0.203125000,-0.189751707469,-0.104363439108
0.500000000,0.203125000,-0.249095664075,-0.137002615241
0.515625000,0.203125000,-0.307629934947,-0.169196464221
0.531250000,0.203125000,-0.364868143988,-0.200677479193
0.546875000,0.203125000,-0.420267357916,-0.231147046854
0.562500000,0.203125000,-0.473223269506,-0.260272798228
0.578125000,0.203125000,-0.523065139366,-0.287685826651
0.593750000,0.203125000,-0.569050503700,-0.312977777035
0.609375000,0.203125000,-0.610359663680,-0.335697815024
0.625000000,0.203125000,-0.646089973713,-0.355349485542
0.640625000,0.203125000,-0.675249958105,-0.371387476958
0.656250000,0.203125000,-0.696753289213,-0.383214309067
0.671875000,0.203125000,-0.709412673204,-0.390176970262
0.687500000,0.203125000,-0.711933703168,-0.391563536743
0.703125000,0.203125000,-0.702908750519,-0.386599812785
0.718750000,0.203125000,-0.680810987194,-0.374446042957
0.734375000,0.203125000,-0.643988650325,-0.354193757679
0.750000000,0.203125000,-0.590659687794,-0.324862828287
0.765625000,0.203125000,-0.518906953984,-0.285398824691
0.781250000,0.203125000,-0.426674162388,-0.234670789314
0.796875000,0.203125000,-0.311762844341,-0.171469564387
0.812500000,0.203125000,-0.171830620750,-0.0945068414127
0.828125000,0.203125000,-0.00439115328622,-0.00241513430742
0.843750000,0.203125000,0.193183776471,0.106251077059
0.859375000,0.203125000,0.423659520011,0.233012736006
0.875000000,0.203125000,0.689930494095,0.379461771752
0.890625000,0.203125000,0.995007999251,0.547254399588
0.906250000,0.203125000,1.34216901759,0.738192959676
0.921875000,0.203125000,1.73428625123,0.953857438175
0.937500000,0.203125000,,
0.953125000,0.203125000,,
0.968750000,0.203125000,,
0.984375000,0.203125000,,
1.000000000,0.203125000,,
-1.000000000,0.218750000,,
-0.984375000,0.218750000,,
-0.968750000,0.218750000,,
-0.953125000,0.218750000,,
-0.937500000,0.218750000,,
-0.921875000,0.218750000,1.94075770939,1.06741674017
-0.906250000,0.218750000,1.53116965977,0.842143312875
-0.890625000,0.218750000,1.16754143466,0.642147789061
-0.875000000,0.218750000,0.846538475743,0.465596161659
-0.859375000,0.218750000,0.565350411647,0.310942726406
-0.843750000,0.218750000,0.320794300152,0.176436865083
-0.828125000,0.218750000,0.109962676691,0.0604794721799
-0.812500000,0.218750000,-0.0699253837104,-0.0384589610407
-0.796875000,0.218750000,-0.221515683582,-0.121833625970
-0.781250000,0.218750000,-0.347313741263,-0.191022557694
-0.765625000,0.218750000,-0.449682379748,-0.247325308861
-0.750000000,0.218750000,-0.530841508101,-0.291962829455
-0.734375000,0.218750000,-0.592869637331,-0.326078300532
-0.718750000,0.218750000,-0.637706749986,-0.350738712492
-0.703125000,0.218750000,-0.667158212363,-0.366937016799
-0.687500000,0.218750000,-0.682899468799,-0.375594707839
-0.671875000,0.218750000,-0.686481309148,-0.377564720031
-0.656250000,0.218750000,-0.679335532227,-0.373634542725
-0.640625000,0.218750000,-0.662780866512,-0.364529476582
-0.625000000,0.218750000,-0.638029029533,-0.350915966243
-0.609375000,0.218750000,-0.606190834727,-0.333404959100
-0.593750000,0.218750000,-0.568282269194,-0.312555248056
-0.578125000,0.218750000,-0.525230483235,-0.288876765779
-0.562500000,0.218750000,-0.477879644671,-0.262833804569
-0.546875000,0.218750000,-0.426996621153,-0.234848141634
-0.531250000,0.218750000,-0.373276463480,-0.205302054914
-0.515625000,0.218750000,-0.317347669242,-0.174541218083
-0.500000000,0.218750000,-0.259777213043,-0.142877467174
-0.484375000,0.218750000,-0.201075333343,-0.110591433339
-0.468750000,0.218750000,-0.141700072419,-0.0779350398302
-0.453125000,0.218750000,-0.0820615660508,-0.0451338613279
-0.437500000,0.218750000,-0.0225260852585,-0.0123893468922
-0.421875000,0.218750000,0.0365801674004,0.0201190920702
-0.406250000,0.218750000,0.0949675014727,0.0522321258100
-0.390625000,0.218750000,0.152379415719,0.0838086786457
-0.375000000,0.218750000,0.208589501681,0.114724225924
-0.359375000,0.218750000,0.263398564909,0.144869210700
-0.343750000,0.218750000,0.316631955250,0.174147575387
-0.328125000,0.218750000,0.368137096454,0.202475403049
-0.312500000,0.218750000,0.417781206236,0.229779663430
-0.296875000,0.218750000,0.465449196728,0.255997058200
-0.281250000,0.218750000,0.511041745842,0.281072960213
-0.265625000,0.218750000,0.554473529561,0.304960441259
-0.250000000,0.218750000,0.595671606781,0.327619383730
-0.234375000,0.218750000,0.634573946497,0.349015670573
-0.218750000,0.218750000,0.671128089531,0.369120449242
-0.203125000,0.218750000,0.705289935510,0.387909464530
-0.187500000,0.218750000,0.737022647557,0.405362456156
-0.171875000,0.218750000,0.766295666702,0.421462616686
-0.156250000,0.218750000,0.793083829326,0.436196106129
-0.140625000,0.218750000,0.817366580290,0.449551619160
-0.125000000,0.218750000,0.839127275724,0.461520001648
-0.109375000,0.218750000,0.858352569802,0.472093913391
-0.093750000,0.218750000,0.875031880713,0.481267534392
-0.078125000,0.218750000,0.889156930008,0.489036311504
-0.062500000,0.218750000,0.900721352015,0.495396743608
-0.046875000,0.218750000,0.909720369791,0.500346203385
-0.031250000,0.218750000,0.916150533924,0.503882793658
-0.015625000,0.218750000,0.920009521928,0.506005237060
0.000000000,0.218750000,0.921295996720,0.506712798196
0.015625000,0.218750000,0.920009521928,0.506005237060
0.031250000,0.218750000,0.916150533924,0.503882793658
0.046875000,0.218750000,0.909720369791,0.500346203385
0.062500000,0.218750000,0.900721352015,0.495396743608
0.078125000,0.218750000,0.889156930008,0.489036311504
0.093750000,0.218750000,0.875031880713,0.481267534392
0.109375000,0.218750000,0.858352569802,0.472093913391
0.125000000,0.218750000,0.839127275724,0.461520001648
0.140625000,0.218750000,0.817366580290,0.449551619160
0.156250000,0.218750000,0.793083829326,0.436196106129
0.171875000,0.218750000,0.766295666702,0.421462616686
0.187500000,0.218750000,0.737022647557,0.405362456156
0.203125000,0.218750000,0.705289935510,0.387909464530
0.218750000,0.218750000,0.671128089531,0.369120449242
0.234375000,0.218750000,0.634573946497,0.349015670573
0.250000000,0.218750000,0.595671606781,0.327619383730
0.265625000,0.218750000,0.554473529561,0.304960441259
0.281250000,0.218750000,0.511041745842,0.281072960213
0.296875000,0.218750000,0.465449196728,0.255997058200
0.312500000,0.218750000,0.417781206236,0.229779663430
0.328125000,0.218750000,0.368137096454,0.202475403049
0.343750000,0.218750000,0.316631955250,0.174147575387
0.359375000,0.218750000,0.263398564909,0.144869210700
0.375000000,0.218750000,0.208589501681,0.114724225924
0.390625000,0.218750000,0.152379415719,0.0838086786457
0.406250000,0.218750000,0.0949675014727,0.0522321258100
0.421875000,0.218750000,0.0365801674004,0.0201190920702
0.437500000,0.218750000,-0.0225260852585,-0.0123893468922
0.453125000,0.218750000,-0.0820615660508,-0.0451338613279
0.468750000,0.218750000,-0.141700072419,-0.0779350398302
0.484375000,0.218750000,-0.201075333343,-0.110591433339
0.500000000,0.218750000,-0.259777213043,-0.142877467174
0.515625000,0.218750000,-0.317347669242,-0.174541218083
0.531250000,0.218750000,-0.373276463480,-0.205302054914
0.546875000,0.218750000,-0.426996621153,-0.234848141634
0.562500000,0.218750000,-0.477879644671,-0.262833804569
0.578125000,0.218750000,-0.525230483235,-0.288876765779
0.593750000,0.218750000,-0.568282269194,-0.312555248056
0.609375000,0.218750000,-0.606190834727,-0.333404959100
0.625000000,0.218750000,-0.638029029533,-0.350915966243
0.640625000,0.218750000,-0.662780866512,-0.364529476582
0.656250000,0.218750000,-0.679335532227,-0.373634542725
0.671875000,0.218750000,-0.686481309148,-0.377564720031
0.687500000,0.218750000,-0.682899468799,-0.375594707839
0.703125000,0.218750000,-0.667158212363,-0.366937016799
0.718750000,0.218750000,-0.637706749986,-0.350738712492
0.734375000,0.218750000,-0.592869637331,-0.326078300532
0.750000000,0.218750000,-0.530841508101,-0.291962829455
0.765625000,0.218750000,-0.449682379748,-0.247325308861
0.781250000,0.218750000,-0.347313741263,-0.191022557694
0.796875000,0.218750000,-0.221515683582,-0.121833625970
0.812500000,0.218750000,-0.0699253837104,-0.0384589610407
0.828125000,0.218750000,0.109962676691,0.0604794721799
0.843750000,0.218750000,0.320794300152,0.176436865083
0.859375000,0.218750000,0.565350411647,0.310942726406
0.875000000,0.218750000,0.846538475743,0.465596161659
0.890625000,0.218750000,1.16754143466,0.642147789061
0.906250000,0.218750000,1.53116965977,0.842143312875
0.921875000,0.218750000,1.94075770939,1.06741674017
0.937500000,0.218750000,,
0.953125000,0.218750000,,
0.968750000,0.218750000,,
0.984375000,0.218750000,,
1.000000000,0.218750000,,
-1.000000000,0.234375000,,
-0.984375000,0.234375000,,
-0.968750000,0.234375000,,
-0.953125000,0.234375000,,
-0.937500000,0.234375000,,
-0.921875000,0.234375000,2.15996185952,1.18797902274
-0.906250000,0.234375000,1.73183254828,0.952507901555
-0.890625000,0.234375000,1.35055381473,0.742804598104
-0.875000000,0.234375000,1.01293990914,0.557116950030
-0.859375000,0.234375000,0.715727235492,0.393649979521
-0.843750000,0.234375000,0.456186595965,0.250902627781
-0.828125000,0.234375000,0.231240610640,0.127182335852
-0.812500000,0.234375000,0.0380935863304,0.0209514724817
-0.796875000,0.234375000,-0.125917487714,-0.0692546182430
-0.781250000,0.234375000,-0.263317297033,-0.144824513368
-0.765625000,0.234375000,-0.376489401763,-0.207069170970
-0.750000000,0.234375000,-0.467675703303,-0.257221636816
-0.734375000,0.234375000,-0.538977706540,-0.296437738597
-0.718750000,0.234375000,-0.592359184737,-0.325797551606
-0.703125000,0.234375000,-0.629649925400,-0.346307458970
-0.687500000,0.234375000,-0.652550291117,-0.358902660114
-0.671875000,0.234375000,-0.662636377071,-0.364450007389
-0.656250000,0.234375000,-0.661365585751,-0.363751072163
-0.640625000,0.234375000,-0.650082472955,-0.357545360125
-0.625000000,0.234375000,-0.630024745537,-0.346513610045
-0.609375000,0.234375000,-0.602329314866,-0.331281123177
-0.593750000,0.234375000,-0.568038328445,-0.312421080645
-0.578125000,0.234375000,-0.528105117852,-0.290457814818
-0.562500000,0.234375000,-0.483400015489,-0.265870008519
-0.546875000,0.234375000,-0.434716000301,-0.239093800166
-0.531250000,0.234375000,-0.382774147390,-0.210525781065
-0.515625000,0.234375000,-0.328228857469,-0.180525871608
-0.500000000,0.234375000,-0.271672852957,-0.149420069126
-0.484375000,0.234375000,-0.213641931456,-0.117503062301
-0.468750000,0.234375000,-0.154619470366,-0.0850407087012
-0.453125000,0.234375000,-0.0950406811953,-0.0522723746574
-0.437500000,0.234375000,-0.0352966149435,-0.0194131382189
-0.421875000,0.234375000,0.0242620786407,0.0133441432524
-0.406250000,0.234375000,0.0833216327484,0.0458268980116
-0.390625000,0.234375000,0.141601879753,0.0778810338640
-0.375000000,0.234375000,0.198853194168,0.109369256793
-0.359375000,0.234375000,0.254853653864,0.140169509625
-0.343750000,0.234375000,0.309406410982,0.170173526040
-0.328125000,0.234375000,0.362337261925,0.199285494059
-0.312500000,0.234375000,0.413492408771,0.227420824824
-0.296875000,0.234375000,0.462736399913,0.254505019952
-0.281250000,0.234375000,0.509950241428,0.280472632786
-0.265625000,0.234375000,0.555029669850,0.305266318418
-0.250000000,0.234375000,0.597883575612,0.328835966586
-0.234375000,0.234375000,0.638432568569,0.351137912713
-0.218750000,0.234375000,0.676607676718,0.372134222195
-0.203125000,0.234375000,0.712349169025,0.391792042964
-0.187500000,0.234375000,0.745605494271,0.410083021849
-0.171875000,0.234375000,0.776332328858,0.426982780872
-0.156250000,0.234375000,0.804491724591,0.442470448525
-0.140625000,0.234375000,0.830051351111,0.456528243111
-0.125000000,0.234375000,0.852983825999,0.469141104299
-0.109375000,0.234375000,0.873266126272,0.480296369450
-0.093750000,0.234375000,0.890879076715,0.489983492193
-0.078125000,0.234375000,0.905806909532,0.498193800243
-0.062500000,0.234375000,0.918036891639,0.504920290402
-0.046875000,0.234375000,0.927559015473,0.510157458510
-0.031250000,0.234375000,0.934365750338,0.513901162686
-0.015625000,0.234375000,0.938451851644,0.516148518404
0.000000000,0.234375000,0.939814226130,0.516897824372
0.015625000,0.234375000,0.938451851644,0.516148518404
0.031250000,0.234375000,0.934365750338,0.513901162686
0.046875000,0.234375000,0.927559015473,0.510157458510
0.062500000,0.234375000,0.918036891639,0.504920290402
0.078125000,0.234375000,0.905806909532,0.498193800243
0.093750000,0.234375000,0.890879076715,0.489983492193
0.109375000,0.234375000,0.873266126272,0.480296369450
0.125000000,0.234375000,0.852983825999,0.469141104299
0.140625000,0.234375000,0.830051351111,0.456528243111
0.156250000,0.234375000,0.804491724591,0.442470448525
0.171875000,0.234375000,0.776332328858,0.426982780872
0.187500000,0.234375000,0.745605494271,0.410083021849
0.203125000,0.234375000,0.712349169025,0.391792042964
0.218750000,0.234375000,0.676607676718,0.372134222195
0.234375000,0.234375000,0.638432568569,0.351137912713
0.250000000,0.234375000,0.597883575612,0.328835966586
0.265625000,0.234375000,0.555029669850,0.305266318418
0.281250000,0.234375000,0.509950241428,0.280472632786
0.296875000,0.234375000,0.462736399913,0.254505019952
0.312500000,0.234375000,0.413492408771,0.227420824824
0.328125000,0.234375000,0.362337261925,0.199285494059
0.343750000,0.234375000,0.309406410982,0.170173526040
0.359375000,0.234375000,0.254853653864,0.140169509625
0.375000000,0.234375000,0.198853194168,0.109369256793
0.390625000,0.234375000,0.141601879753,0.0778810338640
0.406250000,0.234375000,0.0833216327484,0.0458268980116
0.421875000,0.234375000,0.0242620786407,0.0133441432524
0.437500000,0.234375000,-0.0352966149435,-0.0194131382189
0.453125000,0.234375000,-0.0950406811953,-0.0522723746574
0.468750000,0.234375000,-0.154619470366,-0.0850407087012
0.484375000,0.234375000,-0.213641931456,-0.117503062301
0.500000000,0.234375000,-0.271672852957,-0.149420069126
0.515625000,0.234375000,-0.328228857469,-0.180525871608
0.531250000,0.234375000,-0.382774147390,-0.210525781065
0.546875000,0.234375000,-0.434716000301,-0.239093800166
0.562500000,0.234375000,-0.483400015489,-0.265870008519
0.578125000,0.234375000,-0.528105117852,-0.290457814818
0.593750000,0.234375000,-0.568038328445,-0.312421080645
0.609375000,0.234375000,-0.602329314866,-0.331281123177
0.625000000,0.234375000,-0.630024745537,-0.346513610045
0.640625000,0.234375000,-0.650082472955,-0.357545360125
0.656250000,0.234375000,-0.661365585751,-0.363751072163
0.671875000,0.234375000,-0.662636377071,-0.364450007389
0.687500000,0.234375000,-0.652550291117,-0.358902660114
0.703125000,0.234375000,-0.629649925400,-0.346307458970
0.718750000,0.234375000,-0.592359184737,-0.325797551606
0.734375000,0.234375000,-0.538977706540,-0.296437738597
0.750000000,0.234375000,-0.467675703303,-0.257221636816
0.765625000,0.234375000,-0.376489401763,-0.207069170970
0.781250000,0.234375000,-0.263317297033,-0.144824513368
0.796875000,0.234375000,-0.125917487714,-0.0692546182430
0.812500000,0.234375000,0.0380935863304,0.0209514724817
0.828125000,0.234375000,0.231240610640,0.127182335852
0.843750000,0.234375000,0.456186595965,0.250902627781
0.859375000,0.234375000,0.715727235492,0.393649979521
0.875000000,0.234375000,1.01293990914,0.557116950030
0.890625000,0.234375000,1.35055381473,0.742804598104
0.906250000,0.234375000,1.73183254828,0.952507901555
0.921875000,0.234375000,2.15996185952,1.18797902274
0.937500000,0.234375000,,
0.953125000,0.234375000,,
0.968750000,0.234375000,,
0.984375000,0.234375000,,
1.000000000,0.234375000,,
-1.000000000,0.250000000,,
-0.984375000,0.250000000,,
-0.968750000,0.250000000,,
-0.953125000,0.250000000,,
-0.937500000,0.250000000,,
-0.921875000,0.250000000,,
-0.906250000,0.250000000,1.94482121474,1.06965166811
-0.890625000,0.250000000,1.54482560100,0.849654080552
-0.875000000,0.250000000,1.18942807643,0.654185442037
-0.859375000,0.250000000,0.875352733872,0.481444003630
-0.843750000,0.250000000,0.599889489746,0.329939219360
-0.828125000,0.250000000,0.359937817242,0.197965799483
-0.812500000,0.250000000,0.152688254817,0.0839785401493
-0.796875000,0.250000000,-0.0245388819996,-0.0134963850998
-0.781250000,0.250000000,-0.174287304581,-0.0958580175194
-0.765625000,0.250000000,-0.298961500280,-0.164428825154
-0.750000000,0.250000000,-0.400825833782,-0.220454208580
-0.734375000,0.250000000,-0.482005511053,-0.265103031079
-0.718750000,0.250000000,-0.544489002281,-0.299468951254
-0.703125000,0.250000000,-0.590131590484,-0.324572374766
-0.687500000,0.250000000,-0.620659771002,-0.341362874051
-0.671875000,0.250000000,-0.637676276248,-0.350721951936
-0.656250000,0.250000000,-0.642665541564,-0.353466047860
-0.640625000,0.250000000,-0.636999459183,-0.350349702551
-0.625000000,0.250000000,-0.621943299693,-0.342068814831
-0.609375000,0.250000000,-0.598661698906,-0.329263934398
-0.593750000,0.250000000,-0.568224632162,-0.312523547689
-0.578125000,0.250000000,-0.531613310738,-0.292387320906
-0.562500000,0.250000000,-0.489725951520,-0.269349273336
-0.546875000,0.250000000,-0.443383380106,-0.243860859058
-0.531250000,0.250000000,-0.393334437841,-0.216333940813
-0.515625000,0.250000000,-0.340261171934,-0.187143644564
-0.500000000,0.250000000,-0.284783791758,-0.156631085467
-0.484375000,0.250000000,-0.227465383383,-0.125105960860
-0.468750000,0.250000000,-0.168816374442,-0.0928490059433
-0.453125000,0.250000000,-0.109298749062,-0.0601143119840
-0.437500000,0.250000000,-0.0493300127480,-0.0271315070114
-0.421875000,0.250000000,0.0107130891441,0.00589219902927
-0.406250000,0.250000000,0.0704910949073,0.0387701021990
-0.390625000,0.250000000,0.129698584288,0.0713342213583
-0.375000000,0.250000000,0.188061164335,0.103433640384
-0.359375000,0.250000000,0.245332673502,0.134932970426
-0.343750000,0.250000000,0.301292595504,0.165710927527
-0.328125000,0.250000000,0.355743673099,0.195659020204
-0.312500000,0.250000000,0.408509711934,0.224680341564
-0.296875000,0.250000000,0.459433564739,0.252688460607
-0.281250000,0.250000000,0.508375285032,0.279606406768
-0.265625000,0.250000000,0.555210441687,0.305365742928
-0.250000000,0.250000000,0.599828583101,0.329905720706
-0.234375000,0.250000000,0.642131843650,0.353172514007
-0.218750000,0.250000000,0.682033680155,0.375118524085
-0.203125000,0.250000000,0.719457733189,0.395701753254
-0.187500000,0.250000000,0.754336801345,0.414885240740
-0.171875000,0.250000000,0.786611923332,0.432636557833
-0.156250000,0.250000000,0.816231558304,0.448927357067
-0.140625000,0.250000000,0.843150858659,0.463732972263
-0.125000000,0.250000000,0.867331028173,0.477032065495
-0.109375000,0.250000000,0.888738759654,0.488806317809
-0.093750000,0.250000000,0.907345746663,0.499040160665
-0.078125000,0.250000000,0.923128264472,0.507720545460
-0.062500000,0.250000000,0.936066815262,0.514836748394
-0.046875000,0.250000000,0.946145835177,0.520380209347
-0.031250000,0.250000000,0.953353458241,0.524344402032
-0.015625000,0.250000000,0.957681335967,0.526724734782
0.000000000,0.250000000,0.959124510068,0.527518480538
0.015625000,0.250000000,0.957681335967,0.526724734782
0.031250000,0.250000000,0.953353458241,0.524344402032
0.046875000,0.250000000,0.946145835177,0.520380209347
0.062500000,0.250000000,0.936066815262,0.514836748394
0.078125000,0.250000000,0.923128264472,0.507720545460
0.093750000,0.250000000,0.907345746663,0.499040160665
0.109375000,0.250000000,0.888738759654,0.488806317809
0.125000000,0.250000000,0.867331028173,0.477032065495
0.140625000,0.250000000,0.843150858659,0.463732972263
0.156250000,0.250000000,0.816231558304,0.448927357067
0.171875000,0.250000000,0.786611923332,0.432636557833
0.187500000,0.250000000,0.754336801345,0.414885240740
0.203125000,0.250000000,0.719457733189,0.395701753254
0.218750000,0.250000000,0.682033680155,0.375118524085
0.234375000,0.250000000,0.642131843650,0.353172514007
0.250000000,0.250000000,0.599828583101,0.329905720706
0.265625000,0.250000000,0.555210441687,0.305365742928
0.281250000,0.250000000,0.508375285032,0.279606406768
0.296875000,0.250000000,0.459433564739,0.252688460607
0.312500000,0.250000000,0.408509711934,0.224680341564
0.328125000,0.250000000,0.355743673099,0.195659020204
0.343750000,0.250000000,0.301292595504,0.165710927527
0.359375000,0.250000000,0.245332673502,0.134932970426
0.375000000,0.250000000,0.188061164335,0.103433640384
0.390625000,0.250000000,0.129698584288,0.0713342213583
0.406250000,0.250000000,0.0704910949073,0.0387701021990
0.421875000,0.250000000,0.0107130891441,0.00589219902927
0.437500000,0.250000000,-0.0493300127480,-0.0271315070114
0.453125000,0.250000000,-0.109298749062,-0.0601143119840
0.468750000,0.250000000,-0.168816374442,-0.0928490059433
0.484375000,0.250000000,-0.227465383383,-0.125105960860
0.500000000,0.250000000,-0.284783791758,-0.156631085467
0.515625000,0.250000000,-0.340261171934,-0.187143644564
0.531250000,0.250000000,-0.393334437841,-0.216333940813
0.546875000,0.250000000,-0.443383380106,-0.243860859058
0.562500000,0.250000000,-0.489725951520,-0.269349273336
0.578125000,0.250000000,-0.531613310738,-0.292387320906
0.593750000,0.250000000,-0.568224632162,-0.312523547689
0.609375000,0.250000000,-0.598661698906,-0.329263934398
0.625000000,0.250000000,-0.621943299693,-0.342068814831
0.640625000,0.250000000,-0.636999459183,-0.350349702551
0.656250000,0.250000000,-0.642665541564,-0.353466047860
0.671875000,0.250000000,-0.637676276248,-0.350721951936
0.687500000,0.250000000,-0.620659771002,-0.341362874051
0.703125000,0.250000000,-0.590131590484,-0.324572374766
0.718750000,0.250000000,-0.544489002281,-0.299468951254
0.734375000,0.250000000,-0.482005511053,-0.265103031079
0.750000000,0.250000000,-0.400825833782,-0.220454208580
0.765625000,0.250000000,-0.298961500280,-0.164428825154
0.781250000,0.250000000,-0.174287304581,-0.0958580175194
0.796875000,0.250000000,-0.0245388819996,-0.0134963850998
0.812500000,0.250000000,0.152688254817,0.0839785401493
0.828125000,0.250000000,0.359937817242,0.197965799483
0.843750000,0.250000000,0.599889489746,0.329939219360
0.859375000,0.250000000,0.875352733872,0.481444003630
0.875000000,0.250000000,1.18942807643,0.654185442037
0.890625000,0.250000000,1.54482560100,0.849654080552
0.906250000,0.250000000,1.94482121474,1.06965166811
0.921875000,0.250000000,,
0.937500000,0.250000000,,
0.953125000,0.250000000,,
0.968750000,0.250000000,,
0.984375000,0.250000000,,
1.000000000,0.250000000,,
-1.000000000,0.265625000,,
-0.984375000,0.265625000,,
-0.968750000,0.265625000,,
-0.953125000,0.265625000,,
-0.937500000,0.265625000,,
-0.921875000,0.265625000,,
-0.906250000,0.265625000,2.17085420182,1.19396981100
-0.890625000,0.265625000,1.75104205405,0.963073129728
-0.875000000,0.265625000,1.37680031651,0.757240174083
-0.859375000,0.265625000,1.04501142099,0.574756281544
-0.843750000,0.265625000,0.752484052723,0.413866228998
-0.828125000,0.265625000,0.496600375718,0.273130206645
-0.812500000,0.265625000,0.274369981289,0.150903489709
-0.796875000,0.265625000,0.0830972341101,0.0457034787605
-0.781250000,0.265625000,-0.0797803070418,-0.0438791688730
-0.765625000,0.265625000,-0.216688122139,-0.119178467176
-0.750000000,0.265625000,-0.329913408987,-0.181452374943
-0.734375000,0.265625000,-0.421605702420,-0.231883136331
-0.718750000,0.265625000,-0.493779014652,-0.271578458059
-0.703125000,0.265625000,-0.548315151895,-0.301573333542
-0.687500000,0.265625000,-0.586967923222,-0.322832357772
-0.671875000,0.265625000,-0.611368008396,-0.336252404618
-0.656250000,0.265625000,-0.623028291489,-0.342665560319
-0.640625000,0.265625000,-0.623349505941,-0.342842228268
-0.625000000,0.265625000,-0.613626062472,-0.337494334360
-0.609375000,0.265625000,-0.595051955886,-0.327278575737
-0.593750000,0.265625000,-0.568726669446,-0.312799668195
-0.578125000,0.265625000,-0.535661009478,-0.294613555213
-0.562500000,0.265625000,-0.496782818454,-0.273230550149
-0.546875000,0.265625000,-0.452942526306,-0.249118389468
-0.531250000,0.265625000,-0.404918508656,-0.222705179761
-0.515625000,0.265625000,-0.353422230177,-0.194382226598
-0.500000000,0.265625000,-0.299103155414,-0.164506735477
-0.484375000,0.265625000,-0.242553418729,-0.133404380301
-0.468750000,0.265625000,-0.184312244516,-0.101371734484
-0.453125000,0.265625000,-0.124870118282,-0.0686785650550
-0.437500000,0.265625000,-0.0646727068223,-0.0355699887523
-0.421875000,0.265625000,-0.00412453187061,-0.00226849252884
-0.406250000,0.265625000,0.0564075982716,0.0310241790494
-0.390625000,0.265625000,0.116591392340,0.0641252657870
-0.375000000,0.265625000,0.176126107252,0.0968693589885
-0.359375000,0.265625000,0.234739798561,0.129106889209
-0.343750000,0.265625000,0.292186779802,0.160702728891
-0.328125000,0.265625000,0.348245282669,0.191534905468
-0.312500000,0.265625000,0.402715306593,0.221493418626
-0.296875000,0.265625000,0.455416647613,0.250479156187
-0.281250000,0.265625000,0.506187097620,0.278402903691
-0.265625000,0.265625000,0.554880802478,0.305184441363
-0.250000000,0.265625000,0.601366769841,0.330751723413
-0.234375000,0.265625000,0.645527516567,0.355040134112
-0.218750000,0.265625000,0.687257847443,0.377991816094
-0.203125000,0.265625000,0.726463753974,0.399555064686
-0.187500000,0.265625000,0.763061427819,0.419683785301
-0.171875000,0.265625000,0.796976377511,0.438337007631
-0.156250000,0.265625000,0.828142643373,0.455478453855
-0.140625000,0.265625000,0.856502101482,0.471076155815
-0.125000000,0.265625000,0.882003851569,0.485102118363
-0.109375000,0.265625000,0.904603681555,0.497532024855
-0.093750000,0.265625000,0.924263603849,0.508344982117
-0.078125000,0.265625000,0.940951458137,0.517523301975
-0.062500000,0.265625000,0.954640575892,0.525052316741
-0.046875000,0.265625000,0.965309503648,0.530920227006
-0.031250000,0.265625000,0.972941780676,0.535117979372
-0.015625000,0.265625000,0.977525768882,0.537639172885
0.000000000,0.265625000,0.979054532957,0.538479993126
0.015625000,0.265625000,0.977525768882,0.537639172885
0.031250000,0.265625000,0.972941780676,0.535117979372
0.046875000,0.265625000,0.965309503648,0.530920227006
0.062500000,0.265625000,0.954640575892,0.525052316741
0.078125000,0.265625000,0.940951458137,0.517523301975
0.093750000,0.265625000,0.924263603849,0.508344982117
0.109375000,0.265625000,0.904603681555,0.497532024855
0.125000000,0.265625000,0.882003851569,0.485102118363
0.140625000,0.265625000,0.856502101482,0.471076155815
0.156250000,0.265625000,0.828142643373,0.455478453855
0.171875000,0.265625000,0.796976377511,0.438337007631
0.187500000,0.265625000,0.763061427819,0.419683785301
0.203125000,0.265625000,0.726463753974,0.399555064686
0.218750000,0.265625000,0.687257847443,0.377991816094
0.234375000,0.265625000,0.645527516567,0.355040134112
0.250000000,0.265625000,0.601366769841,0.330751723413
0.265625000,0.265625000,0.554880802478,0.305184441363
0.281250000,0.265625000,0.506187097620,0.278402903691
0.296875000,0.265625000,0.455416647613,0.250479156187
0.312500000,0.265625000,0.402715306593,0.221493418626
0.328125000,0.265625000,0.348245282669,0.191534905468
0.343750000,0.265625000,0.292186779802,0.160702728891
0.359375000,0.265625000,0.234739798561,0.129106889209
0.375000000,0.265625000,0.176126107252,0.0968693589885
0.390625000,0.265625000,0.116591392340,0.0641252657870
0.406250000,0.265625000,0.0564075982716,0.0310241790494
0.421875000,0.265625000,-0.00412453187061,-0.00226849252884
0.437500000,0.265625000,-0.0646727068223,-0.0355699887523
0.453125000,0.265625000,-0.124870118282,-0.0686785650550
0.468750000,0.265625000,-0.184312244516,-0.101371734484
0.484375000,0.265625000,-0.242553418729,-0.133404380301
0.500000000,0.265625000,-0.299103155414,-0.164506735477
0.515625000,0.265625000,-0.353422230177,-0.194382226598
0.531250000,0.265625000,-0.404918508656,-0.222705179761
0.546875000,0.265625000,-0.452942526306,-0.249118389468
0.562500000,0.265625000,-0.496782818454,-0.273230550149
0.578125000,0.265625000,-0.535661009478,-0.294613555213
0.593750000,0.265625000,-0.568726669446,-0.312799668195
0.609375000,0.265625000,-0.595051955886,-0.327278575737
0.625000000,0.265625000,-0.613626062472,-0.337494334360
0.640625000,0.265625000,-0.623349505941,-0.342842228268
0.656250000,0.265625000,-0.623028291489,-0.342665560319
0.671875000,0.265625000,-0.611368008396,-0.336252404618
0.687500000,0.265625000,-0.586967923222,-0.322832357772
0.703125000,0.265625000,-0.548315151895,-0.301573333542
0.718750000,0.265625000,-0.493779014652,-0.271578458059
0.734375000,0.265625000,-0.421605702420,-0.231883136331
0.750000000,0.265625000,-0.329913408987,-0.181452374943
0.765625000,0.265625000,-0.216688122139,-0.119178467176
0.781250000,0.265625000,-0.0797803070418,-0.0438791688730
0.796875000,0.265625000,0.0830972341101,0.0457034787605
0.812500000,0.265625000,0.274369981289,0.150903489709
0.828125000,0.265625000,0.496600375718,0.273130206645
0.843750000,0.265625000,0.752484052723,0.413866228998
0.859375000,0.265625000,1.04501142099,0.574756281544
0.875000000,0.265625000,1.37680031651,0.757240174083
0.890625000,0.265625000,1.75104205405,0.963073129728
0.906250000,0.265625000,2.17085420182,1.19396981100
0.921875000,0.265625000,,
0.937500000,0.265625000,,
0.953125000,0.265625000,,
0.968750000,0.265625000,,
0.984375000,0.265625000,,
1.000000000,0.265625000,,
-1.000000000,0.281250000,,
-0.984375000,0.281250000,,
-0.968750000,0.281250000,,
-0.953125000,0.281250000,,
-0.937500000,0.281250000,,
-0.921875000,0.281250000,,
-0.906250000,0.281250000,2.41070706317,1.32588888475
-0.890625000,0.281250000,1.96994544599,1.08346999529
-0.875000000,0.281250000,1.57576425310,0.866670339205
-0.859375000,0.281250000,1.22505280951,0.673779045228
-0.843750000,0.281250000,0.914772519259,0.503124885592
-0.828125000,0.281250000,0.641827894268,0.353005341847
-0.812500000,0.281250000,0.403702160528,0.222036188290
-0.796875000,0.281250000,0.197518327458,0.108635080102
-0.781250000,0.281250000,0.0206957026110,0.0113826364361
-0.765625000,0.281250000,-0.129212101330,-0.0710666557314
-0.750000000,0.281250000,-0.254515363280,-0.139983449804
-0.734375000,0.281250000,-0.357388475869,-0.196563661728
-0.718750000,0.281250000,-0.439871759901,-0.241929467946
-0.703125000,0.281250000,-0.503874511639,-0.277130981401
-0.687500000,0.281250000,-0.551178989044,-0.303148443974
-0.671875000,0.281250000,-0.583445094955,-0.320894802225
-0.656250000,0.281250000,-0.602215555958,-0.331218555777
-0.640625000,0.281250000,-0.608921437742,-0.334906790758
-0.625000000,0.281250000,-0.604887861654,-0.332688323910
-0.609375000,0.281250000,-0.591339816859,-0.325236899272
-0.593750000,0.281250000,-0.569407981483,-0.313174389816
-0.578125000,0.281250000,-0.540134483261,-0.297073965794
-0.562500000,0.281250000,-0.504478546691,-0.277463200680
-0.546875000,0.281250000,-0.463321982910,-0.254827090601
-0.531250000,0.281250000,-0.417474491438,-0.229610970291
-0.515625000,0.281250000,-0.367678749244,-0.202223312084
-0.500000000,0.281250000,-0.314615270267,-0.173038398647
-0.484375000,0.281250000,-0.258907024009,-0.142398863205
-0.468750000,0.281250000,-0.201123807088,-0.110618093898
-0.453125000,0.281250000,-0.141786364633,-0.0779825005482
-0.437500000,0.281250000,-0.0813702615941,-0.0447536438767
-0.421875000,0.281250000,-0.0203095074668,-0.0111702291068
-0.406250000,0.281250000,0.0410000607308,0.0225500334020
-0.390625000,0.281250000,0.102197631251,0.0562086971879
-0.375000000,0.281250000,0.162954497838,0.0896249738109
-0.359375000,0.281250000,0.222971359055,0.122634247480
-0.343750000,0.281250000,0.281975826888,0.155086704788
-0.328125000,0.281250000,0.339720135400,0.186846074470
-0.312500000,0.281250000,0.395979038513,0.217788471182
-0.296875000,0.281250000,0.450547887191,0.247801337955
-0.281250000,0.281250000,0.503240875624,0.276782481593
-0.265625000,0.281250000,0.553889445272,0.304639194899
-0.250000000,0.281250000,0.602340838437,0.331287461140
-0.234375000,0.281250000,0.648456789780,0.356651234379
-0.218750000,0.281250000,0.692112346660,0.380661790663
-0.203125000,0.281250000,0.733194810554,0.403257145805
-0.187500000,0.281250000,0.771602788135,0.424381533474
-0.171875000,0.281250000,0.807245346706,0.443984940688
-0.156250000,0.281250000,0.840041263298,0.462022694814
-0.140625000,0.281250000,0.869918362845,0.478455099565
-0.125000000,0.281250000,0.896812935555,0.493247114555
-0.109375000,0.281250000,0.920669230367,0.506368076702
-0.093750000,0.281250000,0.941439016811,0.517791459246
-0.078125000,0.281250000,0.959081210042,0.527494665523
-0.062500000,0.281250000,0.973561555935,0.535458855764
-0.046875000,0.281250000,0.984852371059,0.541668804082
-0.031250000,0.281250000,0.992932334293,0.546112783861
-0.015625000,0.281250000,0.997786328285,0.548782480557
0.000000000,0.281250000,0.999405326723,0.549672929698
0.015625000,0.281250000,0.997786328285,0.548782480557
0.031250000,0.281250000,0.992932334293,0.546112783861
0.046875000,0.281250000,0.984852371059,0.541668804082
0.062500000,0.281250000,0.973561555935,0.535458855764
0.078125000,0.281250000,0.959081210042,0.527494665523
0.093750000,0.281250000,0.941439016811,0.517791459246
0.109375000,0.281250000,0.920669230367,0.506368076702
0.125000000,0.281250000,0.896812935555,0.493247114555
0.140625000,0.281250000,0.869918362845,0.478455099565
0.156250000,0.281250000,0.840041263298,0.462022694814
0.171875000,0.281250000,0.807245346706,0.443984940688
0.187500000,0.281250000,0.771602788135,0.424381533474
0.203125000,0.281250000,0.733194810554,0.403257145805
0.218750000,0.281250000,0.692112346660,0.380661790663
0.234375000,0.281250000,0.648456789780,0.356651234379
0.250000000,0.281250000,0.602340838437,0.331287461140
0.265625000,0.281250000,0.553889445272,0.304639194899
0.281250000,0.281250000,0.503240875624,0.276782481593
0.296875000,0.281250000,0.450547887191,0.247801337955
0.312500000,0.281250000,0.395979038513,0.217788471182
0.328125000,0.281250000,0.339720135400,0.186846074470
0.343750000,0.281250000,0.281975826888,0.155086704788
0.359375000,0.281250000,0.222971359055,0.122634247480
0.375000000,0.281250000,0.162954497838,0.0896249738109
0.390625000,0.281250000,0.102197631251,0.0562086971879
0.406250000,0.281250000,0.0410000607308,0.0225500334020
0.421875000,0.281250000,-0.0203095074668,-0.0111702291068
0.437500000,0.281250000,-0.0813702615941,-0.0447536438767
0.453125000,0.281250000,-0.141786364633,-0.0779825005482
0.468750000,0.281250000,-0.201123807088,-0.110618093898
0.484375000,0.281250000,-0.258907024009,-0.142398863205
0.500000000,0.281250000,-0.314615270267,-0.173038398647
0.515625000,0.281250000,-0.367678749244,-0.202223312084
0.531250000,0.281250000,-0.417474491438,-0.229610970291
0.546875000,0.281250000,-0.463321982910,-0.254827090601
0.562500000,0.281250000,-0.504478546691,-0.277463200680
0.578125000,0.281250000,-0.540134483261,-0.297073965794
0.593750000,0.281250000,-0.569407981483,-0.313174389816
0.609375000,0.281250000,-0.591339816859,-0.325236899272
0.625000000,0.281250000,-0.604887861654,-0.332688323910
0.640625000,0.281250000,-0.608921437742,-0.334906790758
0.656250000,0.281250000,-0.602215555958,-0.331218555777
0.671875000,0.281250000,-0.583445094955,-0.320894802225
0.687500000,0.281250000,-0.551178989044,-0.303148443974
0.703125000,0.281250000,-0.503874511639,-0.277130981401
0.718750000,0.281250000,-0.439871759901,-0.241929467946
0.734375000,0.281250000,-0.357388475869,-0.196563661728
0.750000000,0.281250000,-0.254515363280,-0.139983449804
0.765625000,0.281250000,-0.129212101330,-0.0710666557314
0.781250000,0.281250000,0.0206957026110,0.0113826364361
0.796875000,0.281250000,0.197518327458,0.108635080102
0.812500000,0.281250000,0.403702160528,0.222036188290
0.828125000,0.281250000,0.641827894268,0.353005341847
0.843750000,0.281250000,0.914772519259,0.503124885592
0.859375000,0.281250000,1.22505280951,0.673779045228
0.875000000,0.281250000,1.57576425310,0.866670339205
0.890625000,0.281250000,1.96994544599,1.08346999529
0.906250000,0.281250000,2.41070706317,1.32588888475
0.921875000,0.281250000,,
0.937500000,0.281250000,,
0.953125000,0.281250000,,
0.968750000,0.281250000,,
0.984375000,0.281250000,,
1.000000000,0.281250000,,
-1.000000000,0.296875000,,
-0.984375000,0.296875000,,
-0.968750000,0.296875000,,
-0.953125000,0.296875000,,
-0.937500000,0.296875000,,
-0.921875000,0.296875000,,
-0.906250000,0.296875000,,
-0.890625000,0.296875000,2.20233709504,1.21128540227
-0.875000000,0.296875000,1.78708636136,0.982897498748
-0.859375000,0.296875000,1.41636251488,0.778999383184
-0.843750000,0.296875000,1.08713001005,0.597921505528
-0.828125000,0.296875000,0.796441063922,0.438042585157
-0.812500000,0.296875000,0.541302876216,0.297716581919
-0.796875000,0.296875000,0.319304907279,0.175617699003
-0.781250000,0.296875000,0.127683957004,0.0702261763521
-0.765625000,0.296875000,-0.0360270056968,-0.0198148531332
-0.750000000,0.296875000,-0.174161441495,-0.0957887928222
-0.734375000,0.296875000,-0.288919010277,-0.158905455652
-0.718750000,0.296875000,-0.382367010591,-0.210301855825
-0.703125000,0.296875000,-0.456443118003,-0.251043714902
-0.687500000,0.296875000,-0.512959113877,-0.282127512632
-0.671875000,0.296875000,-0.553605353394,-0.304482944367
-0.656250000,0.296875000,-0.579955765541,-0.318975671048
-0.640625000,0.296875000,-0.593473214961,-0.326410268228
-0.625000000,0.296875000,-0.595515089912,-0.327533299451
-0.609375000,0.296875000,-0.587339002203,-0.323036451212
-0.593750000,0.296875000,-0.570108510991,-0.313559681045
-0.578125000,0.296875000,-0.544898797205,-0.299694338463
-0.562500000,0.296875000,-0.512702233203,-0.281986228262
-0.546875000,0.296875000,-0.474433801981,-0.260938591090
-0.531250000,0.296875000,-0.430936333457,-0.237014983401
-0.515625000,0.296875000,-0.382985531811,-0.210642042496
-0.500000000,0.296875000,-0.331294776298,-0.182212126964
-0.484375000,0.296875000,-0.276519682955,-0.152085825625
-0.468750000,0.296875000,-0.219262421436,-0.120594331790
-0.453125000,0.296875000,-0.160075781034,-0.0880416795686
-0.437500000,0.296875000,-0.0994669894179,-0.0547068441798
-0.421875000,0.296875000,-0.0379012837793,-0.0208457060786
-0.406250000,0.296875000,0.0241947595571,0.0133071177564
-0.390625000,0.296875000,0.0864301302059,0.0475365716132
-0.375000000,0.296875000,0.148446516755,0.0816455842154
-0.359375000,0.296875000,0.209915658266,0.115453612046
-0.343750000,0.296875000,0.270536905104,0.148795297807
-0.328125000,0.296875000,0.330034979060,0.181519238483
-0.312500000,0.296875000,0.388157922480,0.213486857364
-0.296875000,0.296875000,0.444675225592,0.244571374076
-0.281250000,0.296875000,0.499376122583,0.274656867420
-0.265625000,0.296875000,0.552068044413,0.303637424427
-0.250000000,0.296875000,0.602575219371,0.331416370654
-0.234375000,0.296875000,0.650737410948,0.357905576021
-0.218750000,0.296875000,0.696408782998,0.383024830649
-0.203125000,0.296875000,0.739456883565,0.406701285961
-0.187500000,0.296875000,0.779761737717,0.428868955745
-0.171875000,0.296875000,0.817215041106,0.449468272608
-0.156250000,0.296875000,0.851719446684,0.468445695676
-0.140625000,0.296875000,0.883187936404,0.485753365022
-0.125000000,0.296875000,0.911543271692,0.501348799430
-0.109375000,0.296875000,0.936717515396,0.515194633468
-0.093750000,0.296875000,0.958651620315,0.527258391173
-0.078125000,0.296875000,0.977295078392,0.537512293116
-0.062500000,0.296875000,0.992605626474,0.545933094561
-0.046875000,0.296875000,1.00454900343,0.552501951884
-0.031250000,0.296875000,1.01309875720,0.557204316459
-0.015625000,0.296875000,1.01823609701,0.560029853355
0.000000000,0.296875000,1.01994978947,0.560972384207
0.015625000,0.296875000,1.01823609701,0.560029853355
0.031250000,0.296875000,1.01309875720,0.557204316459
0.046875000,0.296875000,1.00454900343,0.552501951884
0.062500000,0.296875000,0.992605626474,0.545933094561
0.078125000,0.296875000,0.977295078392,0.537512293116
0.093750000,0.296875000,0.958651620315,0.527258391173
0.109375000,0.296875000,0.936717515396,0.515194633468
0.125000000,0.296875000,0.911543271692,0.501348799430
0.140625000,0.296875000,0.883187936404,0.485753365022
0.156250000,0.296875000,0.851719446684,0.468445695676
0.171875000,0.296875000,0.817215041106,0.449468272608
0.187500000,0.296875000,0.779761737717,0.428868955745
0.203125000,0.296875000,0.739456883565,0.406701285961
0.218750000,0.296875000,0.696408782998,0.383024830649
0.234375000,0.296875000,0.650737410948,0.357905576021
0.250000000,0.296875000,0.602575219371,0.331416370654
0.265625000,0.296875000,0.552068044413,0.303637424427
0.281250000,0.296875000,0.499376122583,0.274656867420
0.296875000,0.296875000,0.444675225592,0.244571374076
0.312500000,0.296875000,0.388157922480,0.213486857364
0.328125000,0.296875000,0.330034979060,0.181519238483
0.343750000,0.296875000,0.270536905104,0.148795297807
0.359375000,0.296875000,0.209915658266,0.115453612046
0.375000000,0.296875000,0.148446516755,0.0816455842154
0.390625000,0.296875000,0.0864301302059,0.0475365716132
0.406250000,0.296875000,0.0241947595571,0.0133071177564
0.421875000,0.296875000,-0.0379012837793,-0.0208457060786
0.437500000,0.296875000,-0.0994669894179,-0.0547068441798
0.453125000,0.296875000,-0.160075781034,-0.0880416795686
0.468750000,0.296875000,-0.219262421436,-0.120594331790
0.484375000,0.296875000,-0.276519682955,-0.152085825625
0.500000000,0.296875000,-0.331294776298,-0.182212126964
0.515625000,0.296875000,-0.382985531811,-0.210642042496
0.531250000,0.296875000,-0.430936333457,-0.237014983401
0.546875000,0.296875000,-0.474433801981,-0.260938591090
0.562500000,0.296875000,-0.512702233203,-0.281986228262
0.578125000,0.296875000,-0.544898797205,-0.299694338463
0.593750000,0.296875000,-0.570108510991,-0.313559681045
0.609375000,0.296875000,-0.587339002203,-0.323036451212
0.625000000,0.296875000,-0.595515089912,-0.327533299451
0.640625000,0.296875000,-0.593473214961,-0.326410268228
0.656250000,0.296875000,-0.579955765541,-0.318975671048
0.671875000,0.296875000,-0.553605353394,-0.304482944367
0.687500000,0.296875000,-0.512959113877,-0.282127512632
0.703125000,0.296875000,-0.456443118003,-0.251043714902
0.718750000,0.296875000,-0.382367010591,-0.210301855825
0.734375000,0.296875000,-0.288919010277,-0.158905455652
0.750000000,0.296875000,-0.174161441495,-0.0957887928222
0.765625000,0.296875000,-0.0360270056968,-0.0198148531332
0.781250000,0.296875000,0.127683957004,0.0702261763521
0.796875000,0.296875000,0.319304907279,0.175617699003
0.812500000,0.296875000,0.541302876216,0.297716581919
0.828125000,0.296875000,0.796441063922,0.438042585157
0.843750000,0.296875000,1.08713001005,0.597921505528
0.859375000,0.296875000,1.41636251488,0.778999383184
0.875000000,0.296875000,1.78708636136,0.982897498748
0.890625000,0.296875000,2.20233709504,1.21128540227
0.906250000,0.296875000,,
0.921875000,0.296875000,,
0.937500000,0.296875000,,
0.953125000,0.296875000,,
0.968750000,0.296875000,,
0.984375000,0.296875000,,
1.000000000,0.296875000,,
-1.000000000,0.312500000,,
-0.984375000,0.312500000,,
-0.968750000,0.312500000,,
-0.953125000,0.312500000,,
-0.937500000,0.312500000,,
-0.921875000,0.312500000,,
-0.906250000,0.312500000,,
-0.890625000,0.312500000,2.44907917805,1.34699354793
-0.875000000,0.312500000,2.01159404422,1.10637672432
-0.859375000,0.312500000,1.61973142024,0.890852281131
-0.843750000,0.312500000,1.27046268024,0.698754474134
-0.828125000,0.312500000,0.960839289775,0.528461609376
-0.812500000,0.312500000,0.688011746716,0.378406460694
-0.796875000,0.312500000,0.449093225111,0.247001273811
-0.781250000,0.312500000,0.241781638771,0.132979901324
-0.765625000,0.312500000,0.0634255884482,0.0348840736465
-0.750000000,0.312500000,-0.0883314946812,-0.0485823220747
-0.734375000,0.312500000,-0.215714801865,-0.118643141026
-0.718750000,0.312500000,-0.320819160991,-0.176450538545
-0.703125000,0.312500000,-0.405611419849,-0.223086280917
-0.687500000,0.312500000,-0.471933880329,-0.259563634181
-0.671875000,0.312500000,-0.521508518871,-0.286829685379
-0.656250000,0.312500000,-0.555941778732,-0.305767978303
-0.640625000,0.312500000,-0.576729756129,-0.317201365871
-0.625000000,0.312500000,-0.585263637360,-0.321895000548
-0.609375000,0.312500000,-0.582835268938,-0.320559397916
-0.593750000,0.312500000,-0.570642768781,-0.313853522829
-0.578125000,0.312500000,-0.549796100494,-0.302387855272
-0.562500000,0.312500000,-0.521322553570,-0.286727404463
-0.546875000,0.312500000,-0.486172081241,-0.267394644683
-0.531250000,0.312500000,-0.445222462231,-0.244872354227
-0.515625000,0.312500000,-0.399284257744,-0.219606341759
-0.500000000,0.312500000,-0.349105546473,-0.192008050560
-0.484375000,0.312500000,-0.295376422333,-0.162457032283
-0.468750000,0.312500000,-0.238733250261,-0.131303287644
-0.453125000,0.312500000,-0.179762672622,-0.0988694699422
-0.437500000,0.312500000,-0.119005368842,-0.0654529528633
-0.421875000,0.312500000,-0.0569595686655,-0.0313277627660
-0.406250000,0.312500000,0.00591567498970,0.00325362124434
-0.390625000,0.312500000,0.0691974485687,0.0380585967128
-0.375000000,0.312500000,0.132496166636,0.0728728916497
-0.359375000,0.312500000,0.195452979253,0.107499138589
-0.343750000,0.312500000,0.257737388612,0.141755563737
-0.328125000,0.312500000,0.319045063235,0.175474784779
-0.312500000,0.312500000,0.379095841475,0.208502712811
-0.296875000,0.312500000,0.437631912207,0.240697551714
-0.281250000,0.312500000,0.494416162689,0.271928889479
-0.265625000,0.312500000,0.549230682516,0.302076875384
-0.250000000,0.312500000,0.601875414416,0.331031477929
-0.234375000,0.312500000,0.652166939753,0.358691816864
-0.218750000,0.312500000,0.699937391047,0.384965565076
-0.203125000,0.312500000,0.745033479984,0.409768413991
-0.187500000,0.312500000,0.787315633402,0.433023598371
-0.171875000,0.312500000,0.826657227680,0.454661475224
-0.156250000,0.312500000,0.862943913470,0.474619152409
-0.140625000,0.312500000,0.896073023731,0.492840163052
-0.125000000,0.312500000,0.925953056944,0.509274181319
-0.109375000,0.312500000,0.952503230164,0.523876776590
-0.093750000,0.312500000,0.975653094843,0.536609202164
-0.078125000,0.312500000,0.995342211084,0.547438216096
-0.062500000,0.312500000,1.01151987427,0.556335930849
-0.046875000,0.312500000,1.02414489185,0.563279690518
-0.031250000,0.312500000,1.03318540431,0.568251972369
-0.015625000,0.312500000,1.03861875013,0.571240312571
0.000000000,0.312500000,1.04043136987,0.572237253428
0.015625000,0.312500000,1.03861875013,0.571240312571
0.031250000,0.312500000,1.03318540431,0.568251972369
0.046875000,0.312500000,1.02414489185,0.563279690518
0.062500000,0.312500000,1.01151987427,0.556335930849
0.078125000,0.312500000,0.995342211084,0.547438216096
0.093750000,0.312500000,0.975653094843,0.536609202164
0.109375000,0.312500000,0.952503230164,0.523876776590
0.125000000,0.312500000,0.925953056944,0.509274181319
0.140625000,0.312500000,0.896073023731,0.492840163052
0.156250000,0.312500000,0.862943913470,0.474619152409
0.171875000,0.312500000,0.826657227680,0.454661475224
0.187500000,0.312500000,0.787315633402,0.433023598371
0.203125000,0.312500000,0.745033479984,0.409768413991
0.218750000,0.312500000,0.699937391047,0.384965565076
0.234375000,0.312500000,0.652166939753,0.358691816864
0.250000000,0.312500000,0.601875414416,0.331031477929
0.265625000,0.312500000,0.549230682516,0.302076875384
0.281250000,0.312500000,0.494416162689,0.271928889479
0.296875000,0.312500000,0.437631912207,0.240697551714
0.312500000,0.312500000,0.379095841475,0.208502712811
0.328125000,0.312500000,0.319045063235,0.175474784779
0.343750000,0.312500000,0.257737388612,0.141755563737
0.359375000,0.312500000,0.195452979253,0.107499138589
0.375000000,0.312500000,0.132496166636,0.0728728916497
0.390625000,0.312500000,0.0691974485687,0.0380585967128
0.406250000,0.312500000,0.00591567498970,0.00325362124434
0.421875000,0.312500000,-0.0569595686655,-0.0313277627660
0.437500000,0.312500000,-0.119005368842,-0.0654529528633
0.453125000,0.312500000,-0.179762672622,-0.0988694699422
0.468750000,0.312500000,-0.238733250261,-0.131303287644
0.484375000,0.312500000,-0.295376422333,-0.162457032283
0.500000000,0.312500000,-0.349105546473,-0.192008050560
0.515625000,0.312500000,-0.399284257744,-0.219606341759
0.531250000,0.312500000,-0.445222462231,-0.244872354227
0.546875000,0.312500000,-0.486172081241,-0.267394644683
0.562500000,0.312500000,-0.521322553570,-0.286727404463
0.578125000,0.312500000,-0.549796100494,-0.302387855272
0.593750000,0.312500000,-0.570642768781,-0.313853522829
0.609375000,0.312500000,-0.582835268938,-0.320559397916
0.625000000,0.312500000,-0.585263637360,-0.321895000548
0.640625000,0.312500000,-0.576729756129,-0.317201365871
0.656250000,0.312500000,-0.555941778732,-0.305767978303
0.671875000,0.312500000,-0.521508518871,-0.286829685379
0.687500000,0.312500000,-0.471933880329,-0.259563634181
0.703125000,0.312500000,-0.405611419849,-0.223086280917
0.718750000,0.312500000,-0.320819160991,-0.176450538545
0.734375000,0.312500000,-0.215714801865,-0.118643141026
0.750000000,0.312500000,-0.0883314946812,-0.0485823220747
0.765625000,0.312500000,0.0634255884482,0.0348840736465
0.781250000,0.312500000,0.241781638771,0.132979901324
0.796875000,0.312500000,0.449093225111,0.247001273811
0.812500000,0.312500000,0.688011746716,0.378406460694
0.828125000,0.312500000,0.960839289775,0.528461609376
0.843750000,0.312500000,1.27046268024,0.698754474134
0.859375000,0.312500000,1.61973142024,0.890852281131
0.875000000,0.312500000,2.01159404422,1.10637672432
0.890625000,0.312500000,2.44907917805,1.34699354793
0.906250000,0.312500000,,
0.921875000,0.312500000,,
0.937500000,0.312500000,,
0.953125000,0.312500000,,
0.968750000,0.312500000,,
0.984375000,0.312500000,,
1.000000000,0.312500000,,
-1.000000000,0.328125000,,
-0.984375000,0.328125000,,
-0.968750000,0.328125000,,
-0.953125000,0.328125000,,
-0.937500000,0.328125000,,
-0.921875000,0.328125000,,
-0.906250000,0.328125000,,
-0.890625000,0.328125000,,
-0.875000000,0.328125000,2.25017749026,1.23759761965
-0.859375000,0.328125000,1.83601308359,1.00980719598
-0.843750000,0.328125000,1.46558578247,0.806072180359
-0.828125000,0.328125000,1.13594973546,0.624772354505
-0.812500000,0.328125000,0.844250937456,0.464338015601
-0.796875000,0.328125000,0.587742063607,0.323258134984
-0.781250000,0.328125000,0.363642641373,0.200003452755
-0.765625000,0.328125000,0.169758883626,0.0933673859942
-0.750000000,0.328125000,0.00354731150466,0.00195102132756
-0.734375000,0.328125000,-0.137242891314,-0.0754835902229
-0.718750000,0.328125000,-0.254734490227,-0.140103969625
-0.703125000,0.328125000,-0.350924181357,-0.193008299746
-0.687500000,0.328125000,-0.427685688331,-0.235227128582
-0.671875000,0.328125000,-0.486773700217,-0.267725535119
-0.656250000,0.328125000,-0.529828425795,-0.291405634187
-0.640625000,0.328125000,-0.558380576768,-0.307109317222
-0.625000000,0.328125000,-0.573856632328,-0.315621147780
-0.609375000,0.328125000,-0.577584259928,-0.317671342961
-0.593750000,0.328125000,-0.570797796146,-0.313938787880
-0.578125000,0.328125000,-0.554643706108,-0.305054038360
-0.562500000,0.328125000,-0.530185961801,-0.291602278991
-0.546875000,0.328125000,-0.498411286502,-0.274126207576
-0.531250000,0.328125000,-0.460234231862,-0.253128827524
-0.515625000,0.328125000,-0.416502055920,-0.229076130756
-0.500000000,0.328125000,-0.367999383287,-0.202399660808
-0.484375000,0.328125000,-0.315452633427,-0.173498948385
-0.468750000,0.328125000,-0.259534206926,-0.142743813809
-0.453125000,0.328125000,-0.200866427497,-0.110476535123
-0.437500000,0.328125000,-0.140025236714,-0.0770138801930
-0.421875000,0.328125000,-0.0775436447232,-0.0426490045978
-0.406250000,0.328125000,-0.0139149411293,-0.00765321762111
-0.390625000,0.328125000,0.0504043282319,0.0277223805276
-0.375000000,0.328125000,0.114991610720,0.0632453858959
-0.359375000,0.328125000,0.179455813611,0.0987006974862
-0.343750000,0.328125000,0.243434979076,0.133889238492
-0.328125000,0.328125000,0.306594157187,0.168626786453
-0.312500000,0.328125000,0.368623465520,0.202742906036
-0.296875000,0.328125000,0.429236326883,0.236079979786
-0.281250000,0.328125000,0.488167870888,0.268492328989
-0.265625000,0.328125000,0.545173492990,0.299845421144
-0.250000000,0.328125000,0.600027556164,0.330015155890
-0.234375000,0.328125000,0.652522227894,0.358887225342
-0.218750000,0.328125000,0.702466440846,0.386356542465
-0.203125000,0.328125000,0.749684968131,0.412326732472
-0.187500000,0.328125000,0.794017603825,0.436709682104
-0.171875000,0.328125000,0.835318439924,0.459425141958
-0.156250000,0.328125000,0.873455230923,0.480400377007
-0.140625000,0.328125000,0.908308839286,0.499569861607
-0.125000000,0.328125000,0.939772753646,0.516875014506
-0.109375000,0.328125000,0.967752673175,0.532263970246
-0.093750000,0.328125000,0.992166152434,0.545691383839
-0.078125000,0.328125000,1.01294230124,0.557118265682
-0.062500000,0.328125000,1.03002153410,0.566511843757
-0.046875000,0.328125000,1.04335536555,0.573845451054
-0.031250000,0.328125000,1.05285792939,0.579071861164
-0.015625000,0.328125000,1.05860837928,0.582234608602
0.000000000,0.328125000,1.06052675398,0.583289714686
0.015625000,0.328125000,1.05860837928,0.582234608602
0.031250000,0.328125000,1.05285792939,0.579071861164
0.046875000,0.328125000,1.04335536555,0.573845451054
0.062500000,0.328125000,1.03002153410,0.566511843757
0.078125000,0.328125000,1.01294230124,0.557118265682
0.093750000,0.328125000,0.992166152434,0.545691383839
0.109375000,0.328125000,0.967752673175,0.532263970246
0.125000000,0.328125000,0.939772753646,0.516875014506
0.140625000,0.328125000,0.908308839286,0.499569861607
0.156250000,0.328125000,0.873455230923,0.480400377007
0.171875000,0.328125000,0.835318439924,0.459425141958
0.187500000,0.328125000,0.794017603825,0.436709682104
0.203125000,0.328125000,0.749684968131,0.412326732472
0.218750000,0.328125000,0.702466440846,0.386356542465
0.234375000,0.328125000,0.652522227894,0.358887225342
0.250000000,0.328125000,0.600027556164,0.330015155890
0.265625000,0.328125000,0.545173492990,0.299845421144
0.281250000,0.328125000,0.488167870888,0.268492328989
0.296875000,0.328125000,0.429236326883,0.236079979786
0.312500000,0.328125000,0.368623465520,0.202742906036
0.328125000,0.328125000,0.306594157187,0.168626786453
0.343750000,0.328125000,0.243434979076,0.133889238492
0.359375000,0.328125000,0.179455813611,0.0987006974862
0.375000000,0.328125000,0.114991610720,0.0632453858959
0.390625000,0.328125000,0.0504043282319,0.0277223805276
0.406250000,0.328125000,-0.0139149411293,-0.00765321762111
0.421875000,0.328125000,-0.0775436447232,-0.0426490045978
0.437500000,0.328125000,-0.140025236714,-0.0770138801930
0.453125000,0.328125000,-0.200866427497,-0.110476535123
0.468750000,0.328125000,-0.259534206926,-0.142743813809
0.484375000,0.328125000,-0.315452633427,-0.173498948385
0.500000000,0.328125000,-0.367999383287,-0.202399660808
0.515625000,0.328125000,-0.416502055920,-0.229076130756
0.531250000,0.328125000,-0.460234231862,-0.253128827524
0.546875000,0.328125000,-0.498411286502,-0.274126207576
0.562500000,0.328125000,-0.530185961801,-0.291602278991
0.578125000,0.328125000,-0.554643706108,-0.305054038360
0.593750000,0.328125000,-0.570797796146,-0.313938787880
0.609375000,0.328125000,-0.577584259928,-0.317671342961
0.625000000,0.328125000,-0.573856632328,-0.315621147780
0.640625000,0.328125000,-0.558380576768,-0.307109317222
0.656250000,0.328125000,-0.529828425795,-0.291405634187
0.671875000,0.328125000,-0.486773700217,-0.267725535119
0.687500000,0.328125000,-0.427685688331,-0.235227128582
0.703125000,0.328125000,-0.350924181357,-0.193008299746
0.718750000,0.328125000,-0.254734490227,-0.140103969625
0.734375000,0.328125000,-0.137242891314,-0.0754835902229
0.750000000,0.328125000,0.00354731150466,0.00195102132756
0.765625000,0.328125000,0.169758883626,0.0933673859942
0.781250000,0.328125000,0.363642641373,0.200003452755
0.796875000,0.328125000,0.587742063607,0.323258134984
0.812500000,0.328125000,0.844250937456,0.464338015601
0.828125000,0.328125000,1.13594973546,0.624772354505
0.843750000,0.328125000,1.46558578247,0.806072180359
0.859375000,0.328125000,1.83601308359,1.00980719598
0.875000000,0.328125000,2.25017749026,1.23759761965
0.890625000,0.328125000,,
0.906250000,0.328125000,,
0.921875000,0.328125000,,
0.937500000,0.328125000,,
0.953125000,0.328125000,,
0.968750000,0.328125000,,
0.984375000,0.328125000,,
1.000000000,0.328125000,,
-1.000000000,0.343750000,,
-0.984375000,0.343750000,,
-0.968750000,0.343750000,,
-0.953125000,0.343750000,,
-0.937500000,0.343750000,,
-0.921875000,0.343750000,,
-0.906250000,0.343750000,,
-0.890625000,0.343750000,,
-0.875000000,0.343750000,2.50379125096,1.37708518803
-0.859375000,0.343750000,2.06612564809,1.13636910645
-0.843750000,0.343750000,1.67337887746,0.920358382603
-0.828125000,0.343750000,1.32261176742,0.727436472081
-0.812500000,0.343750000,1.01096886263,0.556032874448
-0.796875000,0.343750000,0.735694641138,0.404632052626
-0.781250000,0.343750000,0.494144949190,0.271779722055
-0.765625000,0.343750000,0.283643699501,0.156004034726
-0.750000000,0.343750000,0.102103364269,0.0561568503480
-0.734375000,0.343750000,-0.0529169884697,-0.0291043436583
-0.718750000,0.343750000,-0.183568301461,-0.100962565804
-0.703125000,0.343750000,-0.291877653692,-0.160532709530
-0.687500000,0.343750000,-0.379750975036,-0.208863036270
-0.671875000,0.343750000,-0.448976663173,-0.246937164745
-0.656250000,0.343750000,-0.501229864867,-0.275676425677
-0.640625000,0.343750000,-0.538077229468,-0.295942476208
-0.625000000,0.343750000,-0.560981974570,-0.308540086014
-0.609375000,0.343750000,-0.571309136654,-0.314220025160
-0.593750000,0.343750000,-0.570330902964,-0.313681996630
-0.578125000,0.343750000,-0.559231940026,-0.307577567014
-0.562500000,0.343750000,-0.539114654608,-0.296513060034
-0.546875000,0.343750000,-0.511004333939,-0.281052383666
-0.531250000,0.343750000,-0.475854125793,-0.261719769186
-0.515625000,0.343750000,-0.434549828429,-0.239002405636
-0.500000000,0.343750000,-0.387914467004,-0.213352956852
-0.484375000,0.343750000,-0.336712643778,-0.185191954078
-0.468750000,0.343750000,-0.281654649614,-0.154910057288
-0.453125000,0.343750000,-0.223400333355,-0.122870183345
-0.437500000,0.343750000,-0.162562726736,-0.0894094997049
-0.421875000,0.343750000,-0.0997114271462,-0.0548412849304
-0.406250000,0.343750000,-0.0353757416106,-0.0194566578858
-0.390625000,0.343750000,0.0299524020058,0.0164738211032
-0.375000000,0.343750000,0.0958157685303,0.0526986726917
-0.359375000,0.343750000,0.161789346207,0.0889841404140
-0.343750000,0.343750000,0.227478083505,0.125112945928
-0.328125000,0.343750000,0.292514823484,0.160883152916
-0.312500000,0.343750000,0.356558424353,0.196107133394
-0.296875000,0.343750000,0.419292055252,0.230610630388
-0.281250000,0.343750000,0.480421656607,0.264231911134
-0.265625000,0.343750000,0.539674554736,0.296821005105
-0.250000000,0.343750000,0.596798218561,0.328239020208
-0.234375000,0.343750000,0.651559149345,0.358357532140
-0.218750000,0.343750000,0.703741892623,0.387058040943
-0.203125000,0.343750000,0.753148162305,0.414231489268
-0.187500000,0.343750000,0.799596067916,0.439777837354
-0.171875000,0.343750000,0.842919435475,0.463605689511
-0.156250000,0.343750000,0.882967214303,0.485631967866
-0.140625000,0.343750000,0.919602961143,0.505781628629
-0.125000000,0.343750000,0.952704394402,0.523987416921
-0.109375000,0.343750000,0.982163011717,0.540189656444
-0.093750000,0.343750000,1.00788376506,0.554336070782
-0.078125000,0.343750000,1.02978478675,0.566381632715
-0.062500000,0.343750000,1.04779716261,0.576288439436
-0.046875000,0.343750000,1.06183102286,0.584007062572
-0.031250000,0.343750000,1.07192253472,0.589557394095
-0.015625000,0.343750000,1.07798850431,0.592893677372
0.000000000,0.343750000,1.08001233658,0.594006785120
0.015625000,0.343750000,1.07798850431,0.592893677372
0.031250000,0.343750000,1.07192253472,0.589557394095
0.046875000,0.343750000,1.06183102286,0.584007062572
0.062500000,0.343750000,1.04779716261,0.576288439436
0.078125000,0.343750000,1.02978478675,0.566381632715
0.093750000,0.343750000,1.00788376506,0.554336070782
0.109375000,0.343750000,0.982163011717,0.540189656444
0.125000000,0.343750000,0.952704394402,0.523987416921
0.140625000,0.343750000,0.919602961143,0.505781628629
0.156250000,0.343750000,0.882967214303,0.485631967866
0.171875000,0.343750000,0.842919435475,0.463605689511
0.187500000,0.343750000,0.799596067916,0.439777837354
0.203125000,0.343750000,0.753148162305,0.414231489268
0.218750000,0.343750000,0.703741892623,0.387058040943
0.234375000,0.343750000,0.651559149345,0.358357532140
0.250000000,0.343750000,0.596798218561,0.328239020208
0.265625000,0.343750000,0.539674554736,0.296821005105
0.281250000,0.343750000,0.480421656607,0.264231911134
0.296875000,0.343750000,0.419292055252,0.230610630388
0.312500000,0.343750000,0.356558424353,0.196107133394
0.328125000,0.343750000,0.292514823484,0.160883152916
0.343750000,0.343750000,0.227478083505,0.125112945928
0.359375000,0.343750000,0.161789346207,0.0889841404140
0.375000000,0.343750000,0.0958157685303,0.0526986726917
0.390625000,0.343750000,0.0299524020058,0.0164738211032
0.406250000,0.343750000,-0.0353757416106,-0.0194566578858
0.421875000,0.343750000,-0.0997114271462,-0.0548412849304
0.437500000,0.343750000,-0.162562726736,-0.0894094997049
0.453125000,0.343750000,-0.223400333355,-0.122870183345
0.468750000,0.343750000,-0.281654649614,-0.154910057288
0.484375000,0.343750000,-0.336712643778,-0.185191954078
0.500000000,0.343750000,-0.387914467004,-0.213352956852
0.515625000,0.343750000,-0.434549828429,-0.239002405636
0.531250000,0.343750000,-0.475854125793,-0.261719769186
0.546875000,0.343750000,-0.511004333939,-0.281052383666
0.562500000,0.343750000,-0.539114654608,-0.296513060034
0.578125000,0.343750000,-0.559231940026,-0.307577567014
0.593750000,0.343750000,-0.570330902964,-0.313681996630
0.609375000,0.343750000,-0.571309136654,-0.314220025160
0.625000000,0.343750000,-0.560981974570,-0.308540086014
0.640625000,0.343750000,-0.538077229468,-0.295942476208
0.656250000,0.343750000,-0.501229864867,-0.275676425677
0.671875000,0.343750000,-0.448976663173,-0.246937164745
0.687500000,0.343750000,-0.379750975036,-0.208863036270
0.703125000,0.343750000,-0.291877653692,-0.160532709530
0.718750000,0.343750000,-0.183568301461,-0.100962565804
0.734375000,0.343750000,-0.0529169884697,-0.0291043436583
0.750000000,0.343750000,0.102103364269,0.0561568503480
0.765625000,0.343750000,0.283643699501,0.156004034726
0.781250000,0.343750000,0.494144949190,0.271779722055
0.796875000,0.343750000,0.735694641138,0.404632052626
0.812500000,0.343750000,1.01096886263,0.556032874448
0.828125000,0.343750000,1.32261176742,0.727436472081
0.843750000,0.343750000,1.67337887746,0.920358382603
0.859375000,0.343750000,2.06612564809,1.13636910645
0.875000000,0.343750000,2.50379125096,1.37708518803
0.890625000,0.343750000,,
0.906250000,0.343750000,,
0.921875000,0.343750000,,
0.937500000,0.343750000,,
0.953125000,0.343750000,,
0.968750000,0.343750000,,
0.984375000,0.343750000,,
1.000000000,0.343750000,,
-1.000000000,0.359375000,,
-0.984375000,0.359375000,,
-0.968750000,0.359375000,,
-0.953125000,0.359375000,,
-0.937500000,0.359375000,,
-0.921875000,0.359375000,,
-0.906250000,0.359375000,,
-0.890625000,0.359375000,,
-0.875000000,0.359375000,,
-0.859375000,0.359375000,2.31105347228,1.27107940976
-0.843750000,0.359375000,1.89478780424,1.04213329233
-0.828125000,0.359375000,1.52173060224,0.836951831230
-0.812500000,0.359375000,1.18902855850,0.653965707175
-0.796875000,0.359375000,0.893920671538,0.491656369346
-0.781250000,0.359375000,0.633750960495,0.348563028272
-0.765625000,0.359375000,0.405977098705,0.223287404288
-0.750000000,0.359375000,0.208023536738,0.114412945206
-0.734375000,0.359375000,0.0379054952745,0.0208480224010
-0.718750000,0.359375000,-0.106721942684,-0.0586970684762
-0.703125000,0.359375000,-0.227916605697,-0.125354133133
-0.687500000,0.359375000,-0.327617274296,-0.180189500863
-0.671875000,0.359375000,-0.407646932968,-0.224205813132
-0.656250000,0.359375000,-0.469716743567,-0.258344208962
-0.640625000,0.359375000,-0.515430535561,-0.283486794558
-0.625000000,0.359375000,-0.546289646977,-0.300459305838
-0.609375000,0.359375000,-0.563697980585,-0.310033889322
-0.593750000,0.359375000,-0.568967166463,-0.312931941555
-0.578125000,0.359375000,-0.563321741822,-0.309826958002
-0.562500000,0.359375000,-0.547904279761,-0.301347353869
-0.546875000,0.359375000,-0.523780409967,-0.288079225482
-0.531250000,0.359375000,-0.491943691678,-0.270569030423
-0.515625000,0.359375000,-0.453320302996,-0.249326166648
-0.500000000,0.359375000,-0.408773525682,-0.224825439125
-0.484375000,0.359375000,-0.359108007704,-0.197509404237
-0.468750000,0.359375000,-0.305073792422,-0.167790585832
-0.453125000,0.359375000,-0.247370108836,-0.136053559860
-0.437500000,0.359375000,-0.186648920317,-0.102656906174
-0.421875000,0.359375000,-0.123518233559,-0.0679350284572
-0.406250000,0.359375000,-0.0585451701937,-0.0321998436065
-0.390625000,0.359375000,0.00774119193181,0.00425765556250
-0.375000000,0.359375000,0.0748472014245,0.0411659607835
-0.359375000,0.359375000,0.142312231166,0.0782717271414
-0.343750000,0.359375000,0.209706482138,0.115338565176
-0.328125000,0.359375000,0.276628982323,0.152145940278
-0.312500000,0.359375000,0.342705770808,0.188488173944
-0.296875000,0.359375000,0.407588255909,0.224173540750
-0.281250000,0.359375000,0.470951736798,0.259023455239
-0.265625000,0.359375000,0.532494076241,0.292871741933
-0.250000000,0.359375000,0.591934515327,0.325563983430
-0.234375000,0.359375000,0.649012618692,0.356956940281
-0.218750000,0.359375000,0.703487339260,0.386918036593
-0.203125000,0.359375000,0.755136193987,0.415324906693
-0.187500000,0.359375000,0.803754539424,0.442064996683
-0.171875000,0.359375000,0.849154939202,0.467035216561
-0.156250000,0.359375000,0.891166613818,0.490141637600
-0.140625000,0.359375000,0.929634965548,0.511299231051
-0.125000000,0.359375000,0.964421170393,0.530431643716
-0.109375000,0.359375000,0.995401829962,0.547471006479
-0.093750000,0.359375000,1.02246867748,0.562357772613
-0.078125000,0.359375000,1.04552833211,0.575040582660
-0.062500000,0.359375000,1.06446960725,0.585458283987
-0.046875000,0.359375000,1.07930937055,0.593620153804
-0.031250000,0.359375000,1.08994135769,0.599467746730
-0.015625000,0.359375000,1.09633340004,0.602983370021
0.000000000,0.359375000,1.09846622139,0.604156421765
0.015625000,0.359375000,1.09633340004,0.602983370021
0.031250000,0.359375000,1.08994135769,0.599467746730
0.046875000,0.359375000,1.07930937055,0.593620153804
0.062500000,0.359375000,1.06446960725,0.585458283987
0.078125000,0.359375000,1.04552833211,0.575040582660
0.093750000,0.359375000,1.02246867748,0.562357772613
0.109375000,0.359375000,0.995401829962,0.547471006479
0.125000000,0.359375000,0.964421170393,0.530431643716
0.140625000,0.359375000,0.929634965548,0.511299231051
0.156250000,0.359375000,0.891166613818,0.490141637600
0.171875000,0.359375000,0.849154939202,0.467035216561
0.187500000,0.359375000,0.803754539424,0.442064996683
0.203125000,0.359375000,0.755136193987,0.415324906693
0.218750000,0.359375000,0.703487339260,0.386918036593
0.234375000,0.359375000,0.649012618692,0.356956940281
0.250000000,0.359375000,0.591934515327,0.325563983430
0.265625000,0.359375000,0.532494076241,0.292871741933
0.281250000,0.359375000,0.470951736798,0.259023455239
0.296875000,0.359375000,0.407588255909,0.224173540750
0.312500000,0.359375000,0.342705770808,0.188488173944
0.328125000,0.359375000,0.276628982323,0.152145940278
0.343750000,0.359375000,0.209706482138,0.115338565176
0.359375000,0.359375000,0.142312231166,0.0782717271414
0.375000000,0.359375000,0.0748472014245,0.0411659607835
0.390625000,0.359375000,0.00774119193181,0.00425765556250
0.406250000,0.359375000,-0.0585451701937,-0.0321998436065
0.421875000,0.359375000,-0.123518233559,-0.0679350284572
0.437500000,0.359375000,-0.186648920317,-0.102656906174
0.453125000,0.359375000,-0.247370108836,-0.136053559860
0.468750000,0.359375000,-0.305073792422,-0.167790585832
0.484375000,0.359375000,-0.359108007704,-0.197509404237
0.500000000,0.359375000,-0.408773525682,-0.224825439125
0.515625000,0.359375000,-0.453320302996,-0.249326166648
0.531250000,0.359375000,-0.491943691678,-0.270569030423
0.546875000,0.359375000,-0.523780409967,-0.288079225482
0.562500000,0.359375000,-0.547904279761,-0.301347353869
0.578125000,0.359375000,-0.563321741822,-0.309826958002
0.593750000,0.359375000,-0.568967166463,-0.312931941555
0.609375000,0.359375000,-0.563697980585,-0.310033889322
0.625000000,0.359375000,-0.546289646977,-0.300459305838
0.640625000,0.359375000,-0.515430535561,-0.283486794558
0.656250000,0.359375000,-0.469716743567,-0.258344208962
0.671875000,0.359375000,-0.407646932968,-0.224205813132
0.687500000,0.359375000,-0.327617274296,-0.180189500863
0.703125000,0.359375000,-0.227916605697,-0.125354133133
0.718750000,0.359375000,-0.106721942684,-0.0586970684762
0.734375000,0.359375000,0.0379054952745,0.0208480224010
0.750000000,0.359375000,0.208023536738,0.114412945206
0.765625000,0.359375000,0.405977098705,0.223287404288
0.781250000,0.359375000,0.633750960495,0.348563028272
0.796875000,0.359375000,0.893920671538,0.491656369346
0.812500000,0.359375000,1.18902855850,0.653965707175
0.828125000,0.359375000,1.52173060224,0.836951831230
0.843750000,0.359375000,1.89478780424,1.04213329233
0.859375000,0.359375000,2.31105347228,1.27107940976
0.875000000,0.359375000,,
0.890625000,0.359375000,,
0.906250000,0.359375000,,
0.921875000,0.359375000,,
0.937500000,0.359375000,,
0.953125000,0.359375000,,
0.968750000,0.359375000,,
0.984375000,0.359375000,,
1.000000000,0.359375000,,
-1.000000000,0.375000000,,
-0.984375000,0.375000000,,
-0.968750000,0.375000000,,
-0.953125000,0.375000000,,
-0.937500000,0.375000000,,
-0.921875000,0.375000000,,
-0.906250000,0.375000000,,
-0.890625000,0.375000000,,
-0.875000000,0.375000000,,
-0.859375000,0.375000000,2.57184840008,1.41451662004
-0.843750000,0.375000000,2.13082637005,1.17195450353
-0.828125000,0.375000000,1.73427934429,0.953853639362
-0.812500000,0.375000000,1.37936038557,0.758648212063
-0.796875000,0.375000000,1.06330626077,0.584818443425
-0.781250000,0.375000000,0.783451584832,0.430898371658
-0.765625000,0.375000000,0.537238642513,0.295481253382
-0.750000000,0.375000000,0.322223725663,0.177223049114
-0.734375000,0.375000000,0.135926492187,0.0747595707027
-0.718750000,0.375000000,-0.0235397193332,-0.0129468456333
-0.703125000,0.375000000,-0.158431218966,-0.0871371704314
-0.687500000,0.375000000,-0.270720114675,-0.148896063071
-0.671875000,0.375000000,-0.362264716170,-0.199245593893
-0.656250000,0.375000000,-0.434813159261,-0.239147237594
-0.640625000,0.375000000,-0.490007598850,-0.269504179368
-0.625000000,0.375000000,-0.529388794630,-0.291163837047
-0.609375000,0.375000000,-0.554400947461,-0.304920521103
-0.593750000,0.375000000,-0.566396669424,-0.311518168183
-0.578125000,0.375000000,-0.566641996273,-0.311653097950
-0.562500000,0.375000000,-0.556321365777,-0.305976751178
-0.546875000,0.375000000,-0.536542505362,-0.295098377949
-0.531250000,0.375000000,-0.508341183206,-0.279587650763
-0.515625000,0.375000000,-0.472685786406,-0.259977182523
-0.500000000,0.375000000,-0.430481703219,-0.236764936770
-0.484375000,0.375000000,-0.382575488879,-0.210416518884
-0.468750000,0.375000000,-0.329758804485,-0.181367342467
-0.453125000,0.375000000,-0.272772119717,-0.150024665844
-0.437500000,0.375000000,-0.212308179558,-0.116769498757
-0.421875000,0.375000000,-0.149015232489,-0.0819583778692
-0.406250000,0.375000000,-0.0835000251139,-0.0459250138127
-0.390625000,0.375000000,-0.0163305673923,-0.00898181206576
-0.375000000,0.375000000,0.0519613236035,0.0285787279819
-0.359375000,0.375000000,0.120877693479,0.0664827314133
-0.343750000,0.375000000,0.189952324401,0.104473778421
-0.328125000,0.375000000,0.258748803163,0.142311841740
-0.312500000,0.375000000,0.326858772571,0.179772324914
-0.296875000,0.375000000,0.393900354941,0.216645195217
-0.281250000,0.375000000,0.459516737602,0.252734205681
-0.265625000,0.375000000,0.523374907940,0.287856199367
-0.250000000,0.375000000,0.585164528131,0.321840490472
-0.234375000,0.375000000,0.644596938184,0.354528316001
-0.218750000,0.375000000,0.701404276788,0.385772352233
-0.203125000,0.375000000,0.755338710222,0.415436290622
-0.187500000,0.375000000,0.806171758944,0.443394467419
-0.171875000,0.375000000,0.853693713029,0.469531542166
-0.156250000,0.375000000,0.897713127268,0.493742219998
-0.140625000,0.375000000,0.938056388529,0.515931013691
-0.125000000,0.375000000,0.974567346531,0.536012040592
-0.109375000,0.375000000,1.00710700178,0.553908850979
-0.093750000,0.375000000,1.03555324399,0.569554284196
-0.078125000,0.375000000,1.05975652671,0.582866089691
-0.062500000,0.375000000,1.07973985574,0.593856920658
-0.046875000,0.375000000,1.09535126327,0.602443194798
-0.031250000,0.375000000,1.10653909899,0.608596504443
-0.015625000,0.375000000,1.11326652229,0.612296587259
0.000000000,0.375000000,1.11551144935,0.613531297141
0.015625000,0.375000000,1.11326652229,0.612296587259
0.031250000,0.375000000,1.10653909899,0.608596504443
0.046875000,0.375000000,1.09535126327,0.602443194798
0.062500000,0.375000000,1.07973985574,0.593856920658
0.078125000,0.375000000,1.05975652671,0.582866089691
0.093750000,0.375000000,1.03555324399,0.569554284196
0.109375000,0.375000000,1.00710700178,0.553908850979
0.125000000,0.375000000,0.974567346531,0.536012040592
0.140625000,0.375000000,0.938056388529,0.515931013691
0.156250000,0.375000000,0.897713127268,0.493742219998
0.171875000,0.375000000,0.853693713029,0.469531542166
0.187500000,0.375000000,0.806171758944,0.443394467419
0.203125000,0.375000000,0.755338710222,0.415436290622
0.218750000,0.375000000,0.701404276788,0.385772352233
0.234375000,0.375000000,0.644596938184,0.354528316001
0.250000000,0.375000000,0.585164528131,0.321840490472
0.265625000,0.375000000,0.523374907940,0.287856199367
0.281250000,0.375000000,0.459516737602,0.252734205681
0.296875000,0.375000000,0.393900354941,0.216645195217
0.312500000,0.375000000,0.326858772571,0.179772324914
0.328125000,0.375000000,0.258748803163,0.142311841740
0.343750000,0.375000000,0.189952324401,0.104473778421
0.359375000,0.375000000,0.120877693479,0.0664827314133
0.375000000,0.375000000,0.0519613236035,0.0285787279819
0.390625000,0.375000000,-0.0163305673923,-0.00898181206576
0.406250000,0.375000000,-0.0835000251139,-0.0459250138127
0.421875000,0.375000000,-0.149015232489,-0.0819583778692
0.437500000,0.375000000,-0.212308179558,-0.116769498757
0.453125000,0.375000000,-0.272772119717,-0.150024665844
0.468750000,0.375000000,-0.329758804485,-0.181367342467
0.484375000,0.375000000,-0.382575488879,-0.210416518884
0.500000000,0.375000000,-0.430481703219,-0.236764936770
0.515625000,0.375000000,-0.472685786406,-0.259977182523
0.531250000,0.375000000,-0.508341183206,-0.279587650763
0.546875000,0.375000000,-0.536542505362,-0.295098377949
0.562500000,0.375000000,-0.556321365777,-0.305976751178
0.578125000,0.375000000,-0.566641996273,-0.311653097950
0.593750000,0.375000000,-0.566396669424,-0.311518168183
0.609375000,0.375000000,-0.554400947461,-0.304920521103
0.625000000,0.375000000,-0.529388794630,-0.291163837047
0.640625000,0.375000000,-0.490007598850,-0.269504179368
0.656250000,0.375000000,-0.434813159261,-0.239147237594
0.671875000,0.375000000,-0.362264716170,-0.199245593893
0.687500000,0.375000000,-0.270720114675,-0.148896063071
0.703125000,0.375000000,-0.158431218966,-0.0871371704314
0.718750000,0.375000000,-0.0235397193332,-0.0129468456333
0.734375000,0.375000000,0.135926492187,0.0747595707027
0.750000000,0.375000000,0.322223725663,0.177223049114
0.765625000,0.375000000,0.537238642513,0.295481253382
0.781250000,0.375000000,0.783451584832,0.430898371658
0.796875000,0.375000000,1.06330626077,0.584818443425
0.812500000,0.375000000,1.37936038557,0.758648212063
0.828125000,0.375000000,1.73427934429,0.953853639362
0.843750000,0.375000000,2.13082637005,1.17195450353
0.859375000,0.375000000,2.57184840008,1.41451662004
0.875000000,0.375000000,,
0.890625000,0.375000000,,
0.906250000,0.375000000,,
0.921875000,0.375000000,,
0.937500000,0.375000000,,
0.953125000,0.375000000,,
0.968750000,0.375000000,,
0.984375000,0.375000000,,
1.000000000,0.375000000,,
-1.000000000,0.390625000,,
-0.984375000,0.390625000,,
-0.968750000,0.390625000,,
-0.953125000,0.390625000,,
-0.937500000,0.390625000,,
-0.921875000,0.390625000,,
-0.906250000,0.390625000,,
-0.890625000,0.390625000,,
-0.875000000,0.390625000,,
-0.859375000,0.390625000,,
-0.843750000,0.390625000,2.38257767447,1.31041772096
-0.828125000,0.390625000,1.96130074198,1.07871540809
-0.812500000,0.390625000,1.58296414283,0.870630278558
-0.796875000,0.390625000,1.24480626940,0.684643448171
-0.781250000,0.390625000,0.944155274272,0.519285400850
-0.765625000,0.390625000,0.678440219041,0.373142120472
-0.750000000,0.390625000,0.445198518891,0.244859185390
-0.734375000,0.390625000,0.242080412626,0.133144226944
-0.718750000,0.390625000,0.0666942845623,0.0366818565093
-0.703125000,0.390625000,-0.0827538589306,-0.0455146224118
-0.687500000,0.390625000,-0.208439766376,-0.114641871507
-0.671875000,0.390625000,-0.312257643593,-0.171741703976
-0.656250000,0.390625000,-0.395993418139,-0.217796379976
-0.640625000,0.390625000,-0.461328596892,-0.253730728291
-0.625000000,0.390625000,-0.509844563388,-0.280414509863
-0.609375000,0.390625000,-0.543027165509,-0.298664941030
-0.593750000,0.390625000,-0.562271469309,-0.309249308120
-0.578125000,0.390625000,-0.568886580956,-0.312887619526
-0.562500000,0.390625000,-0.564100457413,-0.310255251577
-0.546875000,0.390625000,-0.549064643696,-0.301985554033
-0.531250000,0.390625000,-0.524858887682,-0.288672388225
-0.515625000,0.390625000,-0.492495594953,-0.270872577224
-0.500000000,0.390625000,-0.452924096395,-0.249108253017
-0.484375000,0.390625000,-0.407034707657,-0.223869089211
-0.468750000,0.390625000,-0.355662567943,-0.195614412368
-0.453125000,0.390625000,-0.299591248780,-0.164775186829
-0.437500000,0.390625000,-0.239556129460,-0.131755871203
-0.421875000,0.390625000,-0.176247539003,-0.0969361464519
-0.406250000,0.390625000,-0.110313666994,-0.0606725168469
-0.390625000,0.390625000,-0.0423632475637,-0.0232997861600
-0.375000000,0.390625000,0.0270319753068,0.0148675864187
-0.359375000,0.390625000,0.0973349945647,0.0535342470106
-0.343750000,0.390625000,0.168041488744,0.0924228188090
-0.328125000,0.390625000,0.238677962890,0.131272879590
-0.312500000,0.390625000,0.308800070754,0.169840038914
-0.296875000,0.390625000,0.377991107896,0.207895109343
-0.281250000,0.390625000,0.445860663895,0.245223365142
-0.265625000,0.390625000,0.512043423105,0.281623882708
-0.250000000,0.390625000,0.576198101891,0.316908956040
-0.234375000,0.390625000,0.638006512680,0.350903581974
-0.218750000,0.390625000,0.697172743385,0.383445008862
-0.203125000,0.390625000,0.753422441644,0.414382342904
-0.187500000,0.390625000,0.806502194584,0.443576207021
-0.171875000,0.390625000,0.856178994688,0.470898447078
-0.156250000,0.390625000,0.902239782022,0.496231880112
-0.140625000,0.390625000,0.944491055377,0.519470080457
-0.125000000,0.390625000,0.982758543952,0.540517199174
-0.109375000,0.390625000,1.01688693264,0.559287812954
-0.093750000,0.390625000,1.04673963408,0.575706798744
-0.078125000,0.390625000,1.07216220132,0.589689210727
-0.062500000,0.390625000,1.09314898720,0.601231942958
-0.046875000,0.390625000,1.10954997058,0.610252483821
-0.031250000,0.390625000,1.12130667644,0.616718672042
-0.015625000,0.390625000,1.12837737881,0.620607558347
0.000000000,0.390625000,1.13073705860,0.621905382228
0.015625000,0.390625000,1.12837737881,0.620607558347
0.031250000,0.390625000,1.12130667644,0.616718672042
0.046875000,0.390625000,1.10954997058,0.610252483821
0.062500000,0.390625000,1.09314898720,0.601231942958
0.078125000,0.390625000,1.07216220132,0.589689210727
0.093750000,0.390625000,1.04673963408,0.575706798744
0.109375000,0.390625000,1.01688693264,0.559287812954
0.125000000,0.390625000,0.982758543952,0.540517199174
0.140625000,0.390625000,0.944491055377,0.519470080457
0.156250000,0.390625000,0.902239782022,0.496231880112
0.171875000,0.390625000,0.856178994688,0.470898447078
0.187500000,0.390625000,0.806502194584,0.443576207021
0.203125000,0.390625000,0.753422441644,0.414382342904
0.218750000,0.390625000,0.697172743385,0.383445008862
0.234375000,0.390625000,0.638006512680,0.350903581974
0.250000000,0.390625000,0.576198101891,0.316908956040
0.265625000,0.390625000,0.512043423105,0.281623882708
0.281250000,0.390625000,0.445860663895,0.245223365142
0.296875000,0.390625000,0.377991107896,0.207895109343
0.312500000,0.390625000,0.308800070754,0.169840038914
0.328125000,0.390625000,0.238677962890,0.131272879590
0.343750000,0.390625000,0.168041488744,0.0924228188090
0.359375000,0.390625000,0.0973349945647,0.0535342470106
0.375000000,0.390625000,0.0270319753068,0.0148675864187
0.390625000,0.390625000,-0.0423632475637,-0.0232997861600
0.406250000,0.390625000,-0.110313666994,-0.0606725168469
0.421875000,0.390625000,-0.176247539003,-0.0969361464519
0.437500000,0.390625000,-0.239556129460,-0.131755871203
0.453125000,0.390625000,-0.299591248780,-0.164775186829
0.468750000,0.390625000,-0.355662567943,-0.195614412368
0.484375000,0.390625000,-0.407034707657,-0.223869089211
0.500000000,0.390625000,-0.452924096395,-0.249108253017
0.515625000,0.390625000,-0.492495594953,-0.270872577224
0.531250000,0.390625000,-0.524858887682,-0.288672388225
0.546875000,0.390625000,-0.549064643696,-0.301985554033
0.562500000,0.390625000,-0.564100457413,-0.310255251577
0.578125000,0.390625000,-0.568886580956,-0.312887619526
0.593750000,0.390625000,-0.562271469309,-0.309249308120
0.609375000,0.390625000,-0.543027165509,-0.298664941030
0.625000000,0.390625000,-0.509844563388,-0.280414509863
0.640625000,0.390625000,-0.461328596892,-0.253730728291
0.656250000,0.390625000,-0.395993418139,-0.217796379976
0.671875000,0.390625000,-0.312257643593,-0.171741703976
0.687500000,0.390625000,-0.208439766376,-0.114641871507
0.703125000,0.390625000,-0.0827538589306,-0.0455146224118
0.718750000,0.390625000,0.0666942845623,0.0366818565093
0.734375000,0.390625000,0.242080412626,0.133144226944
0.750000000,0.390625000,0.445198518891,0.244859185390
0.765625000,0.390625000,0.678440219041,0.373142120472
0.781250000,0.390625000,0.944155274272,0.519285400850
0.796875000,0.390625000,1.24480626940,0.684643448171
0.812500000,0.390625000,1.58296414283,0.870630278558
0.828125000,0.390625000,1.96130074198,1.07871540809
0.843750000,0.390625000,2.38257767447,1.31041772096
0.859375000,0.390625000,,
0.875000000,0.390625000,,
0.890625000,0.390625000,,
0.906250000,0.390625000,,
0.921875000,0.390625000,,
0.937500000,0.390625000,,
0.953125000,0.390625000,,
0.968750000,0.390625000,,
0.984375000,0.390625000,,
1.000000000,0.390625000,,
-1.000000000,0.406250000,,
-0.984375000,0.406250000,,
-0.968750000,0.406250000,,
-0.953125000,0.406250000,,
-0.937500000,0.406250000,,
-0.921875000,0.406250000,,
-0.906250000,0.406250000,,
-0.890625000,0.406250000,,
-0.875000000,0.406250000,,
-0.859375000,0.406250000,,
-0.843750000,0.406250000,2.65119496356,1.45815722996
-0.828125000,0.406250000,2.20390857002,1.21214971351
-0.812500000,0.406250000,1.80091089551,0.990500992533
-0.796875000,0.406250000,1.43944651239,0.791695581812
-0.781250000,0.406250000,1.11684064847,0.614262356661
-0.765625000,0.406250000,0.830511816903,0.456781499297
-0.750000000,0.406250000,0.577980497681,0.317889273725
-0.734375000,0.406250000,0.356874642876,0.196281053582
-0.718750000,0.406250000,0.164932642321,0.0907129532766
-0.703125000,0.406250000,0.00000427388019753,0.00000235063410864
-0.687500000,0.406250000,-0.140097848427,-0.0770538166348
-0.671875000,0.406250000,-0.256997343482,-0.141348538915
-0.656250000,0.406250000,-0.352678596567,-0.193973228112
-0.640625000,0.406250000,-0.428863350235,-0.235874842629
-0.625000000,0.406250000,-0.487174693518,-0.267946081435
-0.609375000,0.406250000,-0.529141369193,-0.291027753056
-0.593750000,0.406250000,-0.556202283760,-0.305911256068
-0.578125000,0.406250000,-0.569711115774,-0.313341113675
-0.562500000,0.406250000,-0.570940937711,-0.314017515741
-0.546875000,0.406250000,-0.561088784694,-0.308598831582
-0.531250000,0.406250000,-0.541280117459,-0.297704064602
-0.515625000,0.406250000,-0.512573139452,-0.281915226699
-0.500000000,0.406250000,-0.475962937520,-0.261779615636
-0.484375000,0.406250000,-0.432385424148,-0.237811983281
-0.468750000,0.406250000,-0.382721066302,-0.210496586466
-0.453125000,0.406250000,-0.327798390503,-0.180289114777
-0.437500000,0.406250000,-0.268397260374,-0.147618493206
-0.421875000,0.406250000,-0.205251924229,-0.112888558326
-0.406250000,0.406250000,-0.139053835636,-0.0764796095995
-0.390625000,0.406250000,-0.0704542508215,-0.0387498379518
-0.375000000,0.406250000,-0.0000666087634602,-0.0000366348199031
-0.359375000,0.406250000,0.0715312965581,0.0393422131070
-0.343750000,0.406250000,0.143795344824,0.0790874396530
-0.328125000,0.406250000,0.216213307109,0.118917318910
-0.312500000,0.406250000,0.288303243614,0.158566783988
-0.296875000,0.406250000,0.359612069451,0.197786638198
-0.281250000,0.406250000,0.429714277570,0.236342852664
-0.265625000,0.406250000,0.498210808076,0.274015944442
-0.250000000,0.406250000,0.564728051444,0.310600428294
-0.234375000,0.406250000,0.628916976469,0.345904337058
-0.218750000,0.406250000,0.690452370389,0.379748803714
-0.203125000,0.406250000,0.749032181506,0.411967699828
-0.187500000,0.406250000,0.804376954524,0.442407324988
-0.171875000,0.406250000,0.856229348477,0.470926141662
-0.156250000,0.406250000,0.904353728516,0.497394550684
-0.140625000,0.406250000,0.948535822505,0.521694702378
-0.125000000,0.406250000,0.988582435512,0.543720339532
-0.109375000,0.406250000,1.02432121336,0.563376667347
-0.093750000,0.406250000,1.05560045005,0.580580247527
-0.078125000,0.406250000,1.08225291620,0.595239103908
-0.062500000,0.406250000,1.10426093826,0.607343516041
-0.046875000,0.406250000,1.12146572819,0.616806150506
-0.031250000,0.406250000,1.13380168470,0.623590926587
-0.015625000,0.406250000,1.14122198094,0.627672089516
0.000000000,0.406250000,1.14369853279,0.629034193034
0.015625000,0.406250000,1.14122198094,0.627672089516
0.031250000,0.406250000,1.13380168470,0.623590926587
0.046875000,0.406250000,1.12146572819,0.616806150506
0.062500000,0.406250000,1.10426093826,0.607343516041
0.078125000,0.406250000,1.08225291620,0.595239103908
0.093750000,0.406250000,1.05560045005,0.580580247527
0.109375000,0.406250000,1.02432121336,0.563376667347
0.125000000,0.406250000,0.988582435512,0.543720339532
0.140625000,0.406250000,0.948535822505,0.521694702378
0.156250000,0.406250000,0.904353728516,0.497394550684
0.171875000,0.406250000,0.856229348477,0.470926141662
0.187500000,0.406250000,0.804376954524,0.442407324988
0.203125000,0.406250000,0.749032181506,0.411967699828
0.218750000,0.406250000,0.690452370389,0.379748803714
0.234375000,0.406250000,0.628916976469,0.345904337058
0.250000000,0.406250000,0.564728051444,0.310600428294
0.265625000,0.406250000,0.498210808076,0.274015944442
0.281250000,0.406250000,0.429714277570,0.236342852664
0.296875000,0.406250000,0.359612069451,0.197786638198
0.312500000,0.406250000,0.288303243614,0.158566783988
0.328125000,0.406250000,0.216213307109,0.118917318910
0.343750000,0.406250000,0.143795344824,0.0790874396530
0.359375000,0.406250000,0.0715312965581,0.0393422131070
0.375000000,0.406250000,-0.0000666087634602,-0.0000366348199031
0.390625000,0.406250000,-0.0704542508215,-0.0387498379518
0.406250000,0.406250000,-0.139053835636,-0.0764796095995
0.421875000,0.406250000,-0.205251924229,-0.112888558326
0.437500000,0.406250000,-0.268397260374,-0.147618493206
0.453125000,0.406250000,-0.327798390503,-0.180289114777
0.468750000,0.406250000,-0.382721066302,-0.210496586466
0.484375000,0.406250000,-0.432385424148,-0.237811983281
0.500000000,0.406250000,-0.475962937520,-0.261779615636
0.515625000,0.406250000,-0.512573139452,-0.281915226699
0.531250000,0.406250000,-0.541280117459,-0.297704064602
0.546875000,0.406250000,-0.561088784694,-0.308598831582
0.562500000,0.406250000,-0.570940937711,-0.314017515741
0.578125000,0.406250000,-0.569711115774,-0.313341113675
0.593750000,0.406250000,-0.556202283760,-0.305911256068
0.609375000,0.406250000,-0.529141369193,-0.291027753056
0.625000000,0.406250000,-0.487174693518,-0.267946081435
0.640625000,0.406250000,-0.428863350235,-0.235874842629
0.656250000,0.406250000,-0.352678596567,-0.193973228112
0.671875000,0.406250000,-0.256997343482,-0.141348538915
0.687500000,0.406250000,-0.140097848427,-0.0770538166348
0.703125000,0.406250000,0.00000427388019753,0.00000235063410864
0.718750000,0.406250000,0.164932642321,0.0907129532766
0.734375000,0.406250000,0.356874642876,0.196281053582
0.750000000,0.406250000,0.577980497681,0.317889273725
0.765625000,0.406250000,0.830511816903,0.456781499297
0.781250000,0.406250000,1.11684064847,0.614262356661
0.796875000,0.406250000,1.43944651239,0.791695581812
0.812500000,0.406250000,1.80091089551,0.990500992533
0.828125000,0.406250000,2.20390857002,1.21214971351
0.843750000,0.406250000,2.65119496356,1.45815722996
0.859375000,0.406250000,,
0.875000000,0.406250000,,
0.890625000,0.406250000,,
0.906250000,0.406250000,,
0.921875000,0.406250000,,
0.937500000,0.406250000,,
0.953125000,0.406250000,,
0.968750000,0.406250000,,
0.984375000,0.406250000,,
1.000000000,0.406250000,,
-1.000000000,0.421875000,,
-0.984375000,0.421875000,,
-0.968750000,0.421875000,,
-0.953125000,0.421875000,,
-0.937500000,0.421875000,,
-0.921875000,0.421875000,,
-0.906250000,0.421875000,,
-0.890625000,0.421875000,,
-0.875000000,0.421875000,,
-0.859375000,0.421875000,,
-0.843750000,0.421875000,,
-0.828125000,0.421875000,2.46328852805,1.35480869043
-0.812500000,0.421875000,2.03434442013,1.11888943107
-0.796875000,0.421875000,1.64832566599,0.906579116296
-0.781250000,0.421875000,1.30255878934,0.716407334136
-0.765625000,0.421875000,0.994455014712,0.546950258092
-0.750000000,0.421875000,0.721520330187,0.396836181603
-0.734375000,0.421875000,0.481362149523,0.264749182238
-0.718750000,0.421875000,0.271693249780,0.149431287379
-0.703125000,0.421875000,0.0903335398251,0.0496834469038
-0.687500000,0.421875000,-0.0647898794197,-0.0356344336808
-0.671875000,0.421875000,-0.195795862034,-0.107687724119
-0.656250000,0.421875000,-0.304232916740,-0.167328104207
-0.640625000,0.421875000,-0.392027676289,-0.215615221959
-0.625000000,0.421875000,-0.460845872091,-0.253465229650
-0.609375000,0.421875000,-0.512260266678,-0.281743146673
-0.593750000,0.421875000,-0.547754889659,-0.301265189313
-0.578125000,0.421875000,-0.568729406231,-0.312801173427
-0.562500000,0.421875000,-0.576503527127,-0.317076939920
-0.546875000,0.421875000,-0.572321389001,-0.314776763951
-0.531250000,0.421875000,-0.557355848150,-0.306545716482
-0.515625000,0.421875000,-0.532712644314,-0.292991954372
-0.500000000,0.421875000,-0.499434400470,-0.274688920258
-0.484375000,0.421875000,-0.458504436599,-0.252177440130
-0.468750000,0.421875000,-0.410850376736,-0.225967707205
-0.453125000,0.421875000,-0.357347541439,-0.196541147792
-0.437500000,0.421875000,-0.298822118317,-0.164352165074
-0.421875000,0.421875000,-0.236054107540,-0.129829759147
-0.406250000,0.421875000,-0.169780045143,-0.0933790248285
-0.390625000,0.421875000,-0.100695506827,-0.0553825287546
-0.375000000,0.421875000,-0.0294573976090,-0.0162015686849
-0.359375000,0.421875000,0.0433139630178,0.0238226796598
-0.343750000,0.421875000,0.117032954312,0.0643681248718
-0.328125000,0.421875000,0.191146953933,0.105130824663
-0.312500000,0.421875000,0.265134815144,0.145824148329
-0.296875000,0.421875000,0.338505509364,0.186178030150
-0.281250000,0.421875000,0.410796923856,0.225938308121
-0.265625000,0.421875000,0.481574802614,0.264866141438
-0.250000000,0.421875000,0.550431819407,0.302737500674
-0.234375000,0.421875000,0.616986772079,0.339342724643
-0.218750000,0.421875000,0.680883886411,0.374486137526
-0.203125000,0.421875000,0.741792219994,0.407985720997
-0.187500000,0.421875000,0.799405155430,0.439672835487
-0.171875000,0.421875000,0.853439972526,0.469391984889
-0.156250000,0.421875000,0.903637491459,0.497000620303
-0.140625000,0.421875000,0.949761777372,0.522368977555
-0.125000000,0.421875000,0.991599898808,0.545379944345
-0.109375000,0.421875000,1.02896173172,0.565928952443
-0.093750000,0.421875000,1.06167980331,0.583923891822
-0.078125000,0.421875000,1.08956623496,0.599261429229
-0.062500000,0.421875000,1.11260796354,0.611934379946
-0.046875000,0.421875000,1.13062666596,0.621844666278
-0.031250000,0.421875000,1.14354930984,0.628952120411
-0.015625000,0.421875000,1.15132374918,0.633228062051
0.000000000,0.421875000,1.15391870415,0.634655287281
0.015625000,0.421875000,1.15132374918,0.633228062051
0.031250000,0.421875000,1.14354930984,0.628952120411
0.046875000,0.421875000,1.13062666596,0.621844666278
0.062500000,0.421875000,1.11260796354,0.611934379946
0.078125000,0.421875000,1.08956623496,0.599261429229
0.093750000,0.421875000,1.06167980331,0.583923891822
0.109375000,0.421875000,1.02896173172,0.565928952443
0.125000000,0.421875000,0.991599898808,0.545379944345
0.140625000,0.421875000,0.949761777372,0.522368977555
0.156250000,0.421875000,0.903637491459,0.497000620303
0.171875000,0.421875000,0.853439972526,0.469391984889
0.187500000,0.421875000,0.799405155430,0.439672835487
0.203125000,0.421875000,0.741792219994,0.407985720997
0.218750000,0.421875000,0.680883886411,0.374486137526
0.234375000,0.421875000,0.616986772079,0.339342724643
0.250000000,0.421875000,0.550431819407,0.302737500674
0.265625000,0.421875000,0.481574802614,0.264866141438
0.281250000,0.421875000,0.410796923856,0.225938308121
0.296875000,0.421875000,0.338505509364,0.186178030150
0.312500000,0.421875000,0.265134815144,0.145824148329
0.328125000,0.421875000,0.191146953933,0.105130824663
0.343750000,0.421875000,0.117032954312,0.0643681248718
0.359375000,0.421875000,0.0433139630178,0.0238226796598
0.375000000,0.421875000,-0.0294573976090,-0.0162015686849
0.390625000,0.421875000,-0.100695506827,-0.0553825287546
0.406250000,0.421875000,-0.169780045143,-0.0933790248285
0.421875000,0.421875000,-0.236054107540,-0.129829759147
0.437500000,0.421875000,-0.298822118317,-0.164352165074
0.453125000,0.421875000,-0.357347541439,-0.196541147792
0.468750000,0.421875000,-0.410850376736,-0.225967707205
0.484375000,0.421875000,-0.458504436599,-0.252177440130
0.500000000,0.421875000,-0.499434400470,-0.274688920258
0.515625000,0.421875000,-0.532712644314,-0.292991954372
0.531250000,0.421875000,-0.557355848150,-0.306545716482
0.546875000,0.421875000,-0.572321389001,-0.314776763951
0.562500000,0.421875000,-0.576503527127,-0.317076939920
0.578125000,0.421875000,-0.568729406231,-0.312801173427
0.593750000,0.421875000,-0.547754889659,-0.301265189313
0.609375000,0.421875000,-0.512260266678,-0.281743146673
0.625000000,0.421875000,-0.460845872091,-0.253465229650
0.640625000,0.421875000,-0.392027676289,-0.215615221959
0.656250000,0.421875000,-0.304232916740,-0.167328104207
0.671875000,0.421875000,-0.195795862034,-0.107687724119
0.687500000,0.421875000,-0.0647898794197,-0.0356344336808
0.703125000,0.421875000,0.0903335398251,0.0496834469038
0.718750000,0.421875000,0.271693249780,0.149431287379
0.734375000,0.421875000,0.481362149523,0.264749182238
0.750000000,0.421875000,0.721520330187,0.396836181603
0.765625000,0.421875000,0.994455014712,0.546950258092
0.781250000,0.421875000,1.30255878934,0.716407334136
0.796875000,0.421875000,1.64832566599,0.906579116296
0.812500000,0.421875000,2.03434442013,1.11888943107
0.828125000,0.421875000,2.46328852805,1.35480869043
0.843750000,0.421875000,,
0.859375000,0.421875000,,
0.875000000,0.421875000,,
0.890625000,0.421875000,,
0.906250000,0.421875000,,
0.921875000,0.421875000,,
0.937500000,0.421875000,,
0.953125000,0.421875000,,
0.968750000,0.421875000,,
0.984375000,0.421875000,,
1.000000000,0.421875000,,
-1.000000000,0.437500000,,
-0.984375000,0.437500000,,
-0.968750000,0.437500000,,
-0.953125000,0.437500000,,
-0.937500000,0.437500000,,
-0.921875000,0.437500000,,
-0.906250000,0.437500000,,
-0.890625000,0.437500000,,
-0.875000000,0.437500000,,
-0.859375000,0.437500000,,
-0.843750000,0.437500000,,
-0.828125000,0.437500000,,
-0.812500000,0.437500000,2.28448214607,1.25646518034
-0.796875000,0.437500000,1.87261677659,1.02993922713
-0.781250000,0.437500000,1.50243523210,0.826339377658
-0.765625000,0.437500000,1.17134537961,0.644239958783
-0.750000000,0.437500000,0.876841735206,0.482262954363
-0.734375000,0.437500000,0.616513418843,0.339082380364
-0.718750000,0.437500000,0.388049178291,0.213427048060
-0.703125000,0.437500000,0.189240073616,0.104082040489
-0.687500000,0.437500000,0.0179803112403,0.00988917118218
-0.671875000,0.437500000,-0.127733370834,-0.0702533539589
-0.656250000,0.437500000,-0.249959955294,-0.137477975412
-0.640625000,0.437500000,-0.350179540745,-0.192598747410
-0.625000000,0.437500000,-0.430269850847,-0.236648417966
-0.609375000,0.437500000,-0.491848645404,-0.270516754972
-0.593750000,0.437500000,-0.536446234010,-0.295045428706
-0.578125000,0.437500000,-0.565509575218,-0.311030266370
-0.562500000,0.437500000,-0.580406450132,-0.319223547573
-0.546875000,0.437500000,-0.582429631349,-0.320336297242
-0.531250000,0.437500000,-0.572800989030,-0.315040543967
-0.515625000,0.437500000,-0.552675483288,-0.303971515808
-0.500000000,0.437500000,-0.523145009753,-0.287729755364
-0.484375000,0.437500000,-0.485242069064,-0.266883137985
-0.468750000,0.437500000,-0.439943242660,-0.241968783463
-0.453125000,0.437500000,-0.388172460953,-0.213494853524
-0.437500000,0.437500000,-0.330804057065,-0.181942231386
-0.421875000,0.437500000,-0.268665602304,-0.147766081267
-0.406250000,0.437500000,-0.202540524267,-0.111397288347
-0.390625000,0.437500000,-0.133170509335,-0.0732437801345
-0.375000000,0.437500000,-0.0612576965732,-0.0336917331152
-0.359375000,0.437500000,0.0125333306706,0.00689333186881
-0.343750000,0.437500000,0.0875737483410,0.0481655615875
-0.328125000,0.437500000,0.163268877897,0.0897978828433
-0.312500000,0.437500000,0.239056747391,0.131481211065
-0.296875000,0.437500000,0.314406815530,0.172923748541
-0.281250000,0.437500000,0.388818847793,0.213850366286
-0.265625000,0.437500000,0.461821932721,0.254002062997
-0.250000000,0.437500000,0.532973628353,0.293135495594
-0.234375000,0.437500000,0.601859225770,0.331022574173
-0.218750000,0.437500000,0.668091120129,0.367450116071
-0.203125000,0.437500000,0.731308278231,0.402219553027
-0.187500000,0.437500000,0.791175791978,0.435146685588
-0.171875000,0.437500000,0.847384507757,0.466061479266
-0.156250000,0.437500000,0.899650722991,0.494807897645
-0.140625000,0.437500000,0.947715940631,0.521243767347
-0.125000000,0.437500000,0.991346673267,0.545240670297
-0.109375000,0.437500000,1.03033428940,0.566683859171
-0.093750000,0.437500000,1.06449489532,0.585472192426
-0.078125000,0.437500000,1.09366924523,0.601518084877
-0.062500000,0.437500000,1.11769208338,0.614730645859
-0.046875000,0.437500000,1.13653023637,0.625091630005
-0.031250000,0.437500000,1.15004374370,0.632524059038
-0.015625000,0.437500000,1.15817492015,0.636996206085
0.000000000,0.437500000,1.16088915751,0.638489036632
0.015625000,0.437500000,1.15817492015,0.636996206085
0.031250000,0.437500000,1.15004374370,0.632524059038
0.046875000,0.437500000,1.13653023637,0.625091630005
0.062500000,0.437500000,1.11769208338,0.614730645859
0.078125000,0.437500000,1.09366924523,0.601518084877
0.093750000,0.437500000,1.06449489532,0.585472192426
0.109375000,0.437500000,1.03033428940,0.566683859171
0.125000000,0.437500000,0.991346673267,0.545240670297
0.140625000,0.437500000,0.947715940631,0.521243767347
0.156250000,0.437500000,0.899650722991,0.494807897645
0.171875000,0.437500000,0.847384507757,0.466061479266
0.187500000,0.437500000,0.791175791978,0.435146685588
0.203125000,0.437500000,0.731308278231,0.402219553027
0.218750000,0.437500000,0.668091120129,0.367450116071
0.234375000,0.437500000,0.601859225770,0.331022574173
0.250000000,0.437500000,0.532973628353,0.293135495594
0.265625000,0.437500000,0.461821932721,0.254002062997
0.281250000,0.437500000,0.388818847793,0.213850366286
0.296875000,0.437500000,0.314406815530,0.172923748541
0.312500000,0.437500000,0.239056747391,0.131481211065
0.328125000,0.437500000,0.163268877897,0.0897978828433
0.343750000,0.437500000,0.0875737483410,0.0481655615875
0.359375000,0.437500000,0.0125333306706,0.00689333186881
0.375000000,0.437500000,-0.0612576965732,-0.0336917331152
0.390625000,0.437500000,-0.133170509335,-0.0732437801345
0.406250000,0.437500000,-0.202540524267,-0.111397288347
0.421875000,0.437500000,-0.268665602304,-0.147766081267
0.437500000,0.437500000,-0.330804057065,-0.181942231386
0.453125000,0.437500000,-0.388172460953,-0.213494853524
0.468750000,0.437500000,-0.439943242660,-0.241968783463
0.484375000,0.437500000,-0.485242069064,-0.266883137985
0.500000000,0.437500000,-0.523145009753,-0.287729755364
0.515625000,0.437500000,-0.552675483288,-0.303971515808
0.531250000,0.437500000,-0.572800989030,-0.315040543967
0.546875000,0.437500000,-0.582429631349,-0.320336297242
0.562500000,0.437500000,-0.580406450132,-0.319223547573
0.578125000,0.437500000,-0.565509575218,-0.311030266370
0.593750000,0.437500000,-0.536446234010,-0.295045428706
0.609375000,0.437500000,-0.491848645404,-0.270516754972
0.625000000,0.437500000,-0.430269850847,-0.236648417966
0.640625000,0.437500000,-0.350179540745,-0.192598747410
0.656250000,0.437500000,-0.249959955294,-0.137477975412
0.671875000,0.437500000,-0.127733370834,-0.0702533539589
0.687500000,0.437500000,0.0179803112403,0.00988917118218
0.703125000,0.437500000,0.189240073616,0.104082040489
0.718750000,0.437500000,0.388049178291,0.213427048060
0.734375000,0.437500000,0.616513418843,0.339082380364
0.750000000,0.437500000,0.876841735206,0.482262954363
0.765625000,0.437500000,1.17134537961,0.644239958783
0.781250000,0.437500000,1.50243523210,0.826339377658
0.796875000,0.437500000,1.87261677659,1.02993922713
0.812500000,0.437500000,2.28448214607,1.25646518034
0.828125000,0.437500000,,
0.843750000,0.437500000,,
0.859375000,0.437500000,,
0.875000000,0.437500000,,
0.890625000,0.437500000,,
0.906250000,0.437500000,,
0.921875000,0.437500000,,
0.937500000,0.437500000,,
0.953125000,0.437500000,,
0.968750000,0.437500000,,
0.984375000,0.437500000,,
1.000000000,0.437500000,,
-1.000000000,0.453125000,,
-0.984375000,0.453125000,,
-0.968750000,0.453125000,,
-0.953125000,0.453125000,,
-0.937500000,0.453125000,,
-0.921875000,0.453125000,,
-0.906250000,0.453125000,,
-0.890625000,0.453125000,,
-0.875000000,0.453125000,,
-0.859375000,0.453125000,,
-0.843750000,0.453125000,,
-0.828125000,0.453125000,,
-0.812500000,0.453125000,2.55261544946,1.40393849720
-0.796875000,0.453125000,2.11356824368,1.16246253402
-0.781250000,0.453125000,1.71767153926,0.944719346594
-0.765625000,0.453125000,1.36233454629,0.749284000461
-0.750000000,0.453125000,1.04504399098,0.574774195037
-0.734375000,0.453125000,0.763373514487,0.419855432968
-0.718750000,0.453125000,0.514989910836,0.283244450960
-0.703125000,0.453125000,0.297656835975,0.163711259786
-0.687500000,0.453125000,0.109236508547,0.0600800797011
-0.671875000,0.453125000,-0.0523101699730,-0.0287705934852
-0.656250000,0.453125000,-0.188924721169,-0.103908596643
-0.640625000,0.453125000,-0.302453131264,-0.166349222195
-0.625000000,0.453125000,-0.394799348848,-0.217139641866
-0.609375000,0.453125000,-0.467315227743,-0.257023375259
-0.593750000,0.453125000,-0.521740263706,-0.286957145038
-0.578125000,0.453125000,-0.559569886554,-0.307763437605
-0.562500000,0.453125000,-0.582221268393,-0.320221697616
-0.546875000,0.453125000,-0.591037258106,-0.325070491958
-0.531250000,0.453125000,-0.587290276670,-0.323009652168
-0.515625000,0.453125000,-0.572186121074,-0.314702366591
-0.500000000,0.453125000,-0.546867637225,-0.300777200474
-0.484375000,0.453125000,-0.512418232437,-0.281830027840
-0.468750000,0.453125000,-0.469865205277,-0.258425862902
-0.453125000,0.453125000,-0.420182878434,-0.231100583139
-0.437500000,0.453125000,-0.364295525457,-0.200362539002
-0.421875000,0.453125000,-0.303080086588,-0.166694047623
-0.406250000,0.453125000,-0.237368672776,-0.130552770027
-0.390625000,0.453125000,-0.167950860386,-0.0923729732121
-0.375000000,0.453125000,-0.0955757810069,-0.0525666795538
-0.359375000,0.453125000,-0.0209540132064,-0.0115247072635
-0.343750000,0.453125000,0.0552407160104,0.0303823938057
-0.328125000,0.453125000,0.132370010312,0.0728035056718
-0.312500000,0.453125000,0.209829454260,0.115406199843
-0.296875000,0.453125000,0.287047422722,0.157876082497
-0.281250000,0.453125000,0.363484040144,0.199916222079
-0.265625000,0.453125000,0.438630276379,0.241246652008
-0.250000000,0.453125000,0.512007169397,0.281603943168
-0.234375000,0.453125000,0.583165162013,0.320740839107
-0.218750000,0.453125000,0.651683543780,0.358425949079
-0.203125000,0.453125000,0.717169984242,0.394443491333
-0.187500000,0.453125000,0.779260149821,0.428593082402
-0.171875000,0.453125000,0.837617392861,0.460689566074
-0.156250000,0.453125000,0.891932503921,0.490562877157
-0.140625000,0.453125000,0.941923518160,0.518057934988
-0.125000000,0.453125000,0.987335567038,0.543034561871
-0.109375000,0.453125000,1.02794076891,0.565367422901
-0.093750000,0.453125000,1.06353814987,0.584945982429
-0.078125000,0.453125000,1.09395358935,0.601674474140
-0.062500000,0.453125000,1.11898707909,0.615442893502
-0.046875000,0.453125000,1.13864519137,0.626254855252
-0.031250000,0.453125000,1.15275014759,0.634012581174
-0.015625000,0.453125000,1.16123850106,0.638681175585
0.000000000,0.453125000,1.16407218234,0.640239700287
0.015625000,0.453125000,1.16123850106,0.638681175585
0.031250000,0.453125000,1.15275014759,0.634012581174
0.046875000,0.453125000,1.13864519137,0.626254855252
0.062500000,0.453125000,1.11898707909,0.615442893502
0.078125000,0.453125000,1.09395358935,0.601674474140
0.093750000,0.453125000,1.06353814987,0.584945982429
0.109375000,0.453125000,1.02794076891,0.565367422901
0.125000000,0.453125000,0.987335567038,0.543034561871
0.140625000,0.453125000,0.941923518160,0.518057934988
0.156250000,0.453125000,0.891932503921,0.490562877157
0.171875000,0.453125000,0.837617392861,0.460689566074
0.187500000,0.453125000,0.779260149821,0.428593082402
0.203125000,0.453125000,0.717169984242,0.394443491333
0.218750000,0.453125000,0.651683543780,0.358425949079
0.234375000,0.453125000,0.583165162013,0.320740839107
0.250000000,0.453125000,0.512007169397,0.281603943168
0.265625000,0.453125000,0.438630276379,0.241246652008
0.281250000,0.453125000,0.363484040144,0.199916222079
0.296875000,0.453125000,0.287047422722,0.157876082497
0.312500000,0.453125000,0.209829454260,0.115406199843
0.328125000,0.453125000,0.132370010312,0.0728035056718
0.343750000,0.453125000,0.0552407160104,0.0303823938057
0.359375000,0.453125000,-0.0209540132064,-0.0115247072635
0.375000000,0.453125000,-0.0955757810069,-0.0525666795538
0.390625000,0.453125000,-0.167950860386,-0.0923729732121
0.406250000,0.453125000,-0.237368672776,-0.130552770027
0.421875000,0.453125000,-0.303080086588,-0.166694047623
0.437500000,0.453125000,-0.364295525457,-0.200362539002
0.453125000,0.453125000,-0.420182878434,-0.231100583139
0.468750000,0.453125000,-0.469865205277,-0.258425862902
0.484375000,0.453125000,-0.512418232437,-0.281830027840
0.500000000,0.453125000,-0.546867637225,-0.300777200474
0.515625000,0.453125000,-0.572186121074,-0.314702366591
0.531250000,0.453125000,-0.587290276670,-0.323009652168
0.546875000,0.453125000,-0.591037258106,-0.325070491958
0.562500000,0.453125000,-0.582221268393,-0.320221697616
0.578125000,0.453125000,-0.559569886554,-0.307763437605
0.593750000,0.453125000,-0.521740263706,-0.286957145038
0.609375000,0.453125000,-0.467315227743,-0.257023375259
0.625000000,0.453125000,-0.394799348848,-0.217139641866
0.640625000,0.453125000,-0.302453131264,-0.166349222195
0.656250000,0.453125000,-0.188924721169,-0.103908596643
0.671875000,0.453125000,-0.0523101699730,-0.0287705934852
0.687500000,0.453125000,0.109236508547,0.0600800797011
0.703125000,0.453125000,0.297656835975,0.163711259786
0.718750000,0.453125000,0.514989910836,0.283244450960
0.734375000,0.453125000,0.763373514487,0.419855432968
0.750000000,0.453125000,1.04504399098,0.574774195037
0.765625000,0.453125000,1.36233454629,0.749284000461
0.781250000,0.453125000,1.71767153926,0.944719346594
0.796875000,0.453125000,2.11356824368,1.16246253402
0.812500000,0.453125000,2.55261544946,1.40393849720
0.828125000,0.453125000,,
0.843750000,0.453125000,,
0.859375000,0.453125000,,
0.875000000,0.453125000,,
0.890625000,0.453125000,,
0.906250000,0.453125000,,
0.921875000,0.453125000,,
0.937500000,0.453125000,,
0.953125000,0.453125000,,
0.968750000,0.453125000,,
0.984375000,0.453125000,,
1.000000000,0.453125000,,
-1.000000000,0.468750000,,
-0.984375000,0.468750000,,
-0.968750000,0.468750000,,
-0.953125000,0.468750000,,
-0.937500000,0.468750000,,
-0.921875000,0.468750000,,
-0.906250000,0.468750000,,
-0.890625000,0.468750000,,
-0.875000000,0.468750000,,
-0.859375000,0.468750000,,
-0.843750000,0.468750000,,
-0.828125000,0.468750000,,
-0.812500000,0.468750000,,
-0.796875000,0.468750000,2.37250412073,1.30487726640
-0.781250000,0.468750000,1.94954632119,1.07225047665
-0.765625000,0.468750000,1.56865185689,0.862758521291
-0.750000000,0.468750000,1.22730410646,0.675017258555
-0.734375000,0.468750000,0.923064702885,0.507685586587
-0.718750000,0.468750000,0.653581128563,0.359469620709
-0.703125000,0.468750000,0.416591570555,0.229125363805
-0.687500000,0.468750000,0.209927590004,0.115460174502
-0.671875000,0.468750000,0.0315150663965,0.0173332865181
-0.656250000,0.468750000,-0.120626207297,-0.0663444140135
-0.640625000,0.468750000,-0.248383966136,-0.136611181375
-0.625000000,0.468750000,-0.353555697455,-0.194455633600
-0.609375000,0.468750000,-0.437851437266,-0.240818290496
-0.593750000,0.468750000,-0.503043491451,-0.276673920298
-0.578125000,0.468750000,-0.550374270490,-0.302705848769
-0.562500000,0.468750000,-0.581468386395,-0.319807612517
-0.546875000,0.468750000,-0.597720089039,-0.328746048972
-0.531250000,0.468750000,-0.600453788869,-0.330249583878
-0.515625000,0.468750000,-0.590927650823,-0.325010207953
-0.500000000,0.468750000,-0.570337076930,-0.313685392311
-0.484375000,0.468750000,-0.539818044592,-0.296899924526
-0.468750000,0.468750000,-0.500450277054,-0.275247652380
-0.453125000,0.468750000,-0.453260227709,-0.249293125240
-0.437500000,0.468750000,-0.399223868374,-0.219573127606
-0.421875000,0.468750000,-0.339269275146,-0.186598101330
-0.406250000,0.468750000,-0.274279009142,-0.150853455028
-0.390625000,0.468750000,-0.205092295135,-0.112800762325
-0.375000000,0.468750000,-0.132506999186,-0.0728788495524
-0.359375000,0.468750000,-0.0572814148767,-0.0315047781822
-0.343750000,0.468750000,0.0198641385449,0.0109252761997
-0.328125000,0.468750000,0.0982458924578,0.0540352408518
-0.312500000,0.468750000,0.177215373753,0.0974684555642
-0.296875000,0.468750000,0.256158305476,0.140887068012
-0.281250000,0.468750000,0.334493652537,0.183971508896
-0.265625000,0.468750000,0.411672802336,0.226420041285
-0.250000000,0.468750000,0.487178867059,0.267948376883
-0.234375000,0.468750000,0.560526098194,0.308289354007
-0.218750000,0.468750000,0.631259400705,0.347192670388
-0.203125000,0.468750000,0.698953937036,0.384424665370
-0.187500000,0.468750000,0.763214809429,0.419768145186
-0.171875000,0.468750000,0.823676811564,0.453022246360
-0.156250000,0.468750000,0.880004238666,0.484002331266
-0.140625000,0.468750000,0.931890747998,0.512539911399
-0.125000000,0.468750000,0.979059261197,0.538482593658
-0.109375000,0.468750000,1.02137165622,0.561754410921
-0.093750000,0.468750000,1.05838719323,0.582112956278
-0.078125000,0.468750000,1.09002898740,0.599515943070
-0.062500000,0.468750000,1.11613658867,0.613875123769
-0.046875000,0.468750000,1.13657869739,0.625118283564
-0.031250000,0.468750000,1.15120847367,0.633164660520
-0.015625000,0.468750000,1.16005153725,0.638028345488
0.000000000,0.468750000,1.16300385556,0.639652120555
0.015625000,0.468750000,1.16005153725,0.638028345488
0.031250000,0.468750000,1.15120847367,0.633164660520
0.046875000,0.468750000,1.13657869739,0.625118283564
0.062500000,0.468750000,1.11613658867,0.613875123769
0.078125000,0.468750000,1.09002898740,0.599515943070
0.093750000,0.468750000,1.05838719323,0.582112956278
0.109375000,0.468750000,1.02137165622,0.561754410921
0.125000000,0.468750000,0.979059261197,0.538482593658
0.140625000,0.468750000,0.931890747998,0.512539911399
0.156250000,0.468750000,0.880004238666,0.484002331266
0.171875000,0.468750000,0.823676811564,0.453022246360
0.187500000,0.468750000,0.763214809429,0.419768145186
0.203125000,0.468750000,0.698953937036,0.384424665370
0.218750000,0.468750000,0.631259400705,0.347192670388
0.234375000,0.468750000,0.560526098194,0.308289354007
0.250000000,0.468750000,0.487178867059,0.267948376883
0.265625000,0.468750000,0.411672802336,0.226420041285
0.281250000,0.468750000,0.334493652537,0.183971508896
0.296875000,0.468750000,0.256158305476,0.140887068012
0.312500000,0.468750000,0.177215373753,0.0974684555642
0.328125000,0.468750000,0.0982458924578,0.0540352408518
0.343750000,0.468750000,0.0198641385449,0.0109252761997
0.359375000,0.468750000,-0.0572814148767,-0.0315047781822
0.375000000,0.468750000,-0.132506999186,-0.0728788495524
0.390625000,0.468750000,-0.205092295135,-0.112800762325
0.406250000,0.468750000,-0.274279009142,-0.150853455028
0.421875000,0.468750000,-0.339269275146,-0.186598101330
0.437500000,0.468750000,-0.399223868374,-0.219573127606
0.453125000,0.468750000,-0.453260227709,-0.249293125240
0.468750000,0.468750000,-0.500450277054,-0.275247652380
0.484375000,0.468750000,-0.539818044592,-0.296899924526
0.500000000,0.468750000,-0.570337076930,-0.313685392311
0.515625000,0.468750000,-0.590927650823,-0.325010207953
0.531250000,0.468750000,-0.600453788869,-0.330249583878
0.546875000,0.468750000,-0.597720089039,-0.328746048972
0.562500000,0.468750000,-0.581468386395,-0.319807612517
0.578125000,0.468750000,-0.550374270490,-0.302705848769
0.593750000,0.468750000,-0.503043491451,-0.276673920298
0.609375000,0.468750000,-0.437851437266,-0.240818290496
0.625000000,0.468750000,-0.353555697455,-0.194455633600
0.640625000,0.468750000,-0.248383966136,-0.136611181375
0.656250000,0.468750000,-0.120626207297,-0.0663444140135
0.671875000,0.468750000,0.0315150663965,0.0173332865181
0.687500000,0.468750000,0.209927590004,0.115460174502
0.703125000,0.468750000,0.416591570555,0.229125363805
0.718750000,0.468750000,0.653581128563,0.359469620709
0.734375000,0.468750000,0.923064702885,0.507685586587
0.750000000,0.468750000,1.22730410646,0.675017258555
0.765625000,0.468750000,1.56865185689,0.862758521291
0.781250000,0.468750000,1.94954632119,1.07225047665
0.796875000,0.468750000,2.37250412073,1.30487726640
0.812500000,0.468750000,,
0.828125000,0.468750000,,
0.843750000,0.468750000,,
0.859375000,0.468750000,,
0.875000000,0.468750000,,
0.890625000,0.468750000,,
0.906250000,0.468750000,,
0.921875000,0.468750000,,
0.937500000,0.468750000,,
0.953125000,0.468750000,,
0.968750000,0.468750000,,
0.984375000,0.468750000,,
1.000000000,0.468750000,,
-1.000000000,0.484375000,,
-0.984375000,0.484375000,,
-0.968750000,0.484375000,,
-0.953125000,0.484375000,,
-0.937500000,0.484375000,,
-0.921875000,0.484375000,,
-0.906250000,0.484375000,,
-0.890625000,0.484375000,,
-0.875000000,0.484375000,,
-0.859375000,0.484375000,,
-0.843750000,0.484375000,,
-0.828125000,0.484375000,,
-0.812500000,0.484375000,,
-0.796875000,0.484375000,,
-0.781250000,0.484375000,2.19941553059,1.20967854182
-0.765625000,0.484375000,1.79160540942,0.985382975180
-0.750000000,0.484375000,1.42487852178,0.783683186978
-0.734375000,0.484375000,1.09678871620,0.603233793910
-0.718750000,0.484375000,0.804967458004,0.442732101902
-0.703125000,0.484375000,0.547129964291,0.300921480360
-0.687500000,0.484375000,0.321078959412,0.176593427677
-0.671875000,0.484375000,0.124706540293,0.0685885971610
-0.656250000,0.484375000,-0.0440054426287,-0.0242029934458
-0.640625000,0.484375000,-0.186986155142,-0.102842385328
-0.625000000,0.484375000,-0.306077426226,-0.168342584425
-0.609375000,0.484375000,-0.403036046351,-0.221669825493
-0.593750000,0.484375000,-0.479536533875,-0.263745093631
-0.578125000,0.484375000,-0.537327572450,-0.295530164848
-0.562500000,0.484375000,-0.577612243546,-0.317686733950
-0.546875000,0.484375000,-0.602001174280,-0.331100645854
-0.531250000,0.484375000,-0.611872083577,-0.336529645968
-0.515625000,0.484375000,-0.608536931793,-0.334695312486
-0.500000000,0.484375000,-0.593245193173,-0.326284856245
-0.484375000,0.484375000,-0.567187002136,-0.311952851175
-0.468750000,0.484375000,-0.531496147504,-0.292322881127
-0.453125000,0.484375000,-0.487252895097,-0.267989092303
-0.437500000,0.484375000,-0.435486624246,-0.239517643335
-0.421875000,0.484375000,-0.377178272678,-0.207448049973
-0.406250000,0.484375000,-0.313262584043,-0.172294421224
-0.390625000,0.484375000,-0.244630160452,-0.134546588248
-0.375000000,0.484375000,-0.172129320723,-0.0946711263974
-0.359375000,0.484375000,-0.0965677721394,-0.0531122746767
-0.343750000,0.484375000,-0.0187141001923,-0.0102927551058
-0.328125000,0.484375000,0.0607009129641,0.0333855021303
-0.312500000,0.484375000,0.140983132930,0.0775407231116
-0.296875000,0.484375000,0.221474070117,0.121810738564
-0.281250000,0.484375000,0.301550017849,0.165852509817
-0.265625000,0.484375000,0.380621320985,0.209341726542
-0.250000000,0.484375000,0.458131762967,0.251972469632
-0.234375000,0.484375000,0.533558061234,0.293456933679
-0.218750000,0.484375000,0.606409458480,0.333525202164
-0.203125000,0.484375000,0.676227399248,0.371925069586
-0.187500000,0.484375000,0.742697464063,0.408483605235
-0.171875000,0.484375000,0.805195895742,0.442857742658
-0.156250000,0.484375000,0.863476772236,0.474912224730
-0.140625000,0.484375000,0.917208423885,0.504464633137
-0.125000000,0.484375000,0.966090697646,0.531349883705
-0.109375000,0.484375000,1.00985494043,0.555420217235
-0.093750000,0.484375000,1.04826400313,0.576545201722
-0.078125000,0.484375000,1.08111226143,0.594611743785
-0.062500000,0.484375000,1.10822564478,0.609524104627
-0.046875000,0.484375000,1.12946166998,0.621203918490
-0.031250000,0.484375000,1.14470947518,0.629590211348
-0.015625000,0.484375000,1.15388984959,0.634639417272
0.000000000,0.484375000,1.15695525678,0.636325391227
0.015625000,0.484375000,1.15388984959,0.634639417272
0.031250000,0.484375000,1.14470947518,0.629590211348
0.046875000,0.484375000,1.12946166998,0.621203918490
0.062500000,0.484375000,1.10822564478,0.609524104627
0.078125000,0.484375000,1.08111226143,0.594611743785
0.093750000,0.484375000,1.04826400313,0.576545201722
0.109375000,0.484375000,1.00985494043,0.555420217235
0.125000000,0.484375000,0.966090697646,0.531349883705
0.140625000,0.484375000,0.917208423885,0.504464633137
0.156250000,0.484375000,0.863476772236,0.474912224730
0.171875000,0.484375000,0.805195895742,0.442857742658
0.187500000,0.484375000,0.742697464063,0.408483605235
0.203125000,0.484375000,0.676227399248,0.371925069586
0.218750000,0.484375000,0.606409458480,0.333525202164
0.234375000,0.484375000,0.533558061234,0.293456933679
0.250000000,0.484375000,0.458131762967,0.251972469632
0.265625000,0.484375000,0.380621320985,0.209341726542
0.281250000,0.484375000,0.301550017849,0.165852509817
0.296875000,0.484375000,0.221474070117,0.121810738564
0.312500000,0.484375000,0.140983132930,0.0775407231116
0.328125000,0.484375000,0.0607009129641,0.0333855021303
0.343750000,0.484375000,-0.0187141001923,-0.0102927551058
0.359375000,0.484375000,-0.0965677721394,-0.0531122746767
0.375000000,0.484375000,-0.172129320723,-0.0946711263974
0.390625000,0.484375000,-0.244630160452,-0.134546588248
0.406250000,0.484375000,-0.313262584043,-0.172294421224
0.421875000,0.484375000,-0.377178272678,-0.207448049973
0.437500000,0.484375000,-0.435486624246,-0.239517643335
0.453125000,0.484375000,-0.487252895097,-0.267989092303
0.468750000,0.484375000,-0.531496147504,-0.292322881127
0.484375000,0.484375000,-0.567187002136,-0.311952851175
0.500000000,0.484375000,-0.593245193173,-0.326284856245
0.515625000,0.484375000,-0.608536931793,-0.334695312486
0.531250000,0.484375000,-0.611872083577,-0.336529645968
0.546875000,0.484375000,-0.602001174280,-0.331100645854
0.562500000,0.484375000,-0.577612243546,-0.317686733950
0.578125000,0.484375000,-0.537327572450,-0.295530164848
0.593750000,0.484375000,-0.479536533875,-0.263745093631
0.609375000,0.484375000,-0.403036046351,-0.221669825493
0.625000000,0.484375000,-0.306077426226,-0.168342584425
0.640625000,0.484375000,-0.186986155142,-0.102842385328
0.656250000,0.484375000,-0.0440054426287,-0.0242029934458
0.671875000,0.484375000,0.124706540293,0.0685885971610
0.687500000,0.484375000,0.321078959412,0.176593427677
0.703125000,0.484375000,0.547129964291,0.300921480360
0.718750000,0.484375000,0.804967458004,0.442732101902
0.734375000,0.484375000,1.09678871620,0.603233793910
0.750000000,0.484375000,1.42487852178,0.783683186978
0.765625000,0.484375000,1.79160540942,0.985382975180
0.781250000,0.484375000,2.19941553059,1.20967854182
0.796875000,0.484375000,,
0.812500000,0.484375000,,
0.828125000,0.484375000,,
0.843750000,0.484375000,,
0.859375000,0.484375000,,
0.875000000,0.484375000,,
0.890625000,0.484375000,,
0.906250000,0.484375000,,
0.921875000,0.484375000,,
0.937500000,0.484375000,,
0.953125000,0.484375000,,
0.968750000,0.484375000,,
0.984375000,0.484375000,,
1.000000000,0.484375000,,
-1.000000000,0.500000000,,
-0.984375000,0.500000000,,
-0.968750000,0.500000000,,
-0.953125000,0.500000000,,
-0.937500000,0.500000000,,
-0.921875000,0.500000000,,
-0.906250000,0.500000000,,
-0.890625000,0.500000000,,
-0.875000000,0.500000000,,
-0.859375000,0.500000000,,
-0.843750000,0.500000000,,
-0.828125000,0.500000000,,
-0.812500000,0.500000000,,
-0.796875000,0.500000000,,
-0.781250000,0.500000000,2.46871182603,1.35779150432
-0.765625000,0.500000000,2.03258233101,1.11792028205
-0.750000000,0.500000000,1.63910417406,0.901507295730
-0.734375000,0.500000000,1.28582850763,0.707205679199
-0.718750000,0.500000000,0.970374822296,0.533706152263
-0.703125000,0.500000000,0.690438515191,0.379741183355
-0.687500000,0.500000000,0.443795859102,0.244087722506
-0.671875000,0.500000000,0.228306899088,0.125568794498
-0.656250000,0.500000000,0.0419167135600,0.0230541924580
-0.640625000,0.500000000,-0.117344603289,-0.0645395318092
-0.625000000,0.500000000,-0.251362941813,-0.138249617997
-0.609375000,0.500000000,-0.361941917130,-0.199068054422
-0.593750000,0.500000000,-0.450805152642,-0.247942833953
-0.578125000,0.500000000,-0.519598942422,-0.285779418332
-0.562500000,0.500000000,-0.569895163478,-0.313442339913
-0.546875000,0.500000000,-0.603345626275,-0.331840094451
-0.531250000,0.500000000,-0.621070977774,-0.341589037776
-0.515625000,0.500000000,-0.624599333776,-0.343529633577
-0.500000000,0.500000000,-0.615235648100,-0.338379606455
-0.484375000,0.500000000,-0.594225704255,-0.326824137340
-0.468750000,0.500000000,-0.562758916077,-0.309517403842
-0.453125000,0.500000000,-0.521970972178,-0.287084034698
-0.437500000,0.500000000,-0.472946307477,-0.260120469112
-0.421875000,0.500000000,-0.416720394085,-0.229196216747
-0.406250000,0.500000000,-0.354281844807,-0.194855014644
-0.390625000,0.500000000,-0.286574329173,-0.157615881045
-0.375000000,0.500000000,-0.214498303559,-0.117974066957
-0.359375000,0.500000000,-0.138912559903,-0.0764019079465
-0.343750000,0.500000000,-0.0606355996230,-0.0333495797926
-0.328125000,0.500000000,0.0195531599796,0.0107542379888
-0.312500000,0.500000000,0.100912336209,0.0555017849152
-0.296875000,0.500000000,0.182737680054,0.100505724030
-0.281250000,0.500000000,0.264361311679,0.145398721423
-0.265625000,0.500000000,0.345151082260,0.189833095243
-0.250000000,0.500000000,0.424510050885,0.233480527987
-0.234375000,0.500000000,0.501876063758,0.276031835067
-0.218750000,0.500000000,0.576827921118,0.317255356615
-0.203125000,0.500000000,0.648653943110,0.356759668710
-0.187500000,0.500000000,0.717006957362,0.394353826549
-0.171875000,0.500000000,0.781461395945,0.429803767770
-0.156250000,0.500000000,0.841625552468,0.462894053857
-0.140625000,0.500000000,0.897141557448,0.493427856597
-0.125000000,0.500000000,0.947685386247,0.521226962436
-0.109375000,0.500000000,0.992966891216,0.546131790169
-0.093750000,0.500000000,1.03272985139,0.568001418262
-0.078125000,0.500000000,1.06675203200,0.586713617599
-0.062500000,0.500000000,1.09484524856,0.602164886707
-0.046875000,0.500000000,1.11685542988,0.614270486436
-0.031250000,0.500000000,1.13266267579,0.622964471685
-0.015625000,0.500000000,1.14218130616,0.628199718387
0.000000000,0.500000000,1.14535989756,0.629947943661
0.015625000,0.500000000,1.14218130616,0.628199718387
0.031250000,0.500000000,1.13266267579,0.622964471685
0.046875000,0.500000000,1.11685542988,0.614270486436
0.062500000,0.500000000,1.09484524856,0.602164886707
0.078125000,0.500000000,1.06675203200,0.586713617599
0.093750000,0.500000000,1.03272985139,0.568001418262
0.109375000,0.500000000,0.992966891216,0.546131790169
0.125000000,0.500000000,0.947685386247,0.521226962436
0.140625000,0.500000000,0.897141557448,0.493427856597
0.156250000,0.500000000,0.841625552468,0.462894053857
0.171875000,0.500000000,0.781461395945,0.429803767770
0.187500000,0.500000000,0.717006957362,0.394353826549
0.203125000,0.500000000,0.648653943110,0.356759668710
0.218750000,0.500000000,0.576827921118,0.317255356615
0.234375000,0.500000000,0.501876063758,0.276031835067
0.250000000,0.500000000,0.424510050885,0.233480527987
0.265625000,0.500000000,0.345151082260,0.189833095243
0.281250000,0.500000000,0.264361311679,0.145398721423
0.296875000,0.500000000,0.182737680054,0.100505724030
0.312500000,0.500000000,0.100912336209,0.0555017849152
0.328125000,0.500000000,0.0195531599796,0.0107542379888
0.343750000,0.500000000,-0.0606355996230,-0.0333495797926
0.359375000,0.500000000,-0.138912559903,-0.0764019079465
0.375000000,0.500000000,-0.214498303559,-0.117974066957
0.390625000,0.500000000,-0.286574329173,-0.157615881045
0.406250000,0.500000000,-0.354281844807,-0.194855014644
0.421875000,0.500000000,-0.416720394085,-0.229196216747
0.437500000,0.500000000,-0.472946307477,-0.260120469112
0.453125000,0.500000000,-0.521970972178,-0.287084034698
0.468750000,0.500000000,-0.562758916077,-0.309517403842
0.484375000,0.500000000,-0.594225704255,-0.326824137340
0.500000000,0.500000000,-0.615235648100,-0.338379606455
0.515625000,0.500000000,-0.624599333776,-0.343529633577
0.531250000,0.500000000,-0.621070977774,-0.341589037776
0.546875000,0.500000000,-0.603345626275,-0.331840094451
0.562500000,0.500000000,-0.569895163478,-0.313442339913
0.578125000,0.500000000,-0.519598942422,-0.285779418332
0.593750000,0.500000000,-0.450805152642,-0.247942833953
0.609375000,0.500000000,-0.361941917130,-0.199068054422
0.625000000,0.500000000,-0.251362941813,-0.138249617997
0.640625000,0.500000000,-0.117344603289,-0.0645395318092
0.656250000,0.500000000,0.0419167135600,0.0230541924580
0.671875000,0.500000000,0.228306899088,0.125568794498
0.687500000,0.500000000,0.443795859102,0.244087722506
0.703125000,0.500000000,0.690438515191,0.379741183355
0.718750000,0.500000000,0.970374822296,0.533706152263
0.734375000,0.500000000,1.28582850763,0.707205679199
0.750000000,0.500000000,1.63910417406,0.901507295730
0.765625000,0.500000000,2.03258233101,1.11792028205
0.781250000,0.500000000,2.46871182603,1.35779150432
0.796875000,0.500000000,,
0.812500000,0.500000000,,
0.828125000,0.500000000,,
0.843750000,0.500000000,,
0.859375000,0.500000000,,
0.875000000,0.500000000,,
0.890625000,0.500000000,,
0.906250000,0.500000000,,
0.921875000,0.500000000,,
0.937500000,0.500000000,,
0.953125000,0.500000000,,
0.968750000,0.500000000,,
0.984375000,0.500000000,,
1.000000000,0.500000000,,
-1.000000000,0.515625000,,
-0.984375000,0.515625000,,
-0.968750000,0.515625000,,
-0.953125000,0.515625000,,
-0.937500000,0.515625000,,
-0.921875000,0.515625000,,
-0.906250000,0.515625000,,
-0.890625000,0.515625000,,
-0.875000000,0.515625000,,
-0.859375000,0.515625000,,
-0.843750000,0.515625000,,
-0.828125000,0.515625000,,
-0.812500000,0.515625000,,
-0.796875000,0.515625000,,
-0.781250000,0.515625000,,
-0.765625000,0.515625000,2.29304805085,1.26117642797
-0.750000000,0.515625000,1.87139872730,1.02926930002
-0.734375000,0.515625000,1.49154931652,0.820352124088
-0.718750000,0.515625000,1.15111223778,0.633111730780
-0.703125000,0.515625000,0.847766965363,0.466271830950
-0.687500000,0.515625000,0.579266355876,0.318596495732
-0.671875000,0.515625000,0.343440700423,0.188892385233
-0.656250000,0.515625000,0.138199970206,0.0760099836131
-0.640625000,0.515625000,-0.0384653582003,-0.0211559470102
-0.625000000,0.515625000,-0.188484578801,-0.103666518340
-0.609375000,0.515625000,-0.313707872183,-0.172539329700
-0.593750000,0.515625000,-0.415908047485,-0.228749426117
-0.578125000,0.515625000,-0.496782733731,-0.273230503552
-0.562500000,0.515625000,-0.557956879318,-0.306876283625
-0.546875000,0.515625000,-0.600985442404,-0.330541993322
-0.531250000,0.515625000,-0.627356180588,-0.345045899323
-0.515625000,0.515625000,-0.638643110245,-0.351253710635
-0.500000000,0.515625000,-0.635898221898,-0.349744022044
-0.484375000,0.515625000,-0.620584138441,-0.341321276143
-0.468750000,0.515625000,-0.593947358360,-0.326671047098
-0.453125000,0.515625000,-0.557180515935,-0.306449283764
-0.437500000,0.515625000,-0.511424673747,-0.281283570561
-0.421875000,0.515625000,-0.457771444645,-0.251774294555
-0.406250000,0.515625000,-0.397264939315,-0.218495716623
-0.390625000,0.515625000,-0.330903535026,-0.181996944264
-0.375000000,0.515625000,-0.259641466715,-0.142802806693
-0.359375000,0.515625000,-0.184390244683,-0.101414634575
-0.343750000,0.515625000,-0.106019903228,-0.0583109467755
-0.328125000,0.515625000,-0.0253600888693,-0.0139480488781
-0.312500000,0.515625000,0.0567990042091,0.0312394523150
-0.296875000,0.515625000,0.139705840784,0.0768382124313
-0.281250000,0.515625000,0.222646883541,0.122455785947
-0.265625000,0.515625000,0.305055504369,0.167780527403
-0.250000000,0.515625000,0.386067164670,0.212336940569
-0.234375000,0.515625000,0.465196236847,0.255857930266
-0.218750000,0.515625000,0.541876762307,0.298032219269
-0.203125000,0.515625000,0.615579078905,0.338568493398
-0.187500000,0.515625000,0.685809719398,0.377195345669
-0.171875000,0.515625000,0.752111366670,0.413661251668
-0.156250000,0.515625000,0.814062854429,0.447734569936
-0.140625000,0.515625000,0.871279203979,0.479203562188
-0.125000000,0.515625000,0.923411688990,0.507876428944
-0.109375000,0.515625000,0.970147919582,0.533581355770
-0.093750000,0.515625000,1.01121193789,0.556166565840
-0.078125000,0.515625000,1.04636431959,0.575500375775
-0.062500000,0.515625000,1.07540227355,0.591471250454
-0.046875000,0.515625000,1.09815973573,0.603987854652
-0.031250000,0.515625000,1.11450745205,0.612979098625
-0.015625000,0.515625000,1.12435304672,0.618394175699
0.000000000,0.515625000,1.12764107356,0.620202590458
0.015625000,0.515625000,1.12435304672,0.618394175699
0.031250000,0.515625000,1.11450745205,0.612979098625
0.046875000,0.515625000,1.09815973573,0.603987854652
0.062500000,0.515625000,1.07540227355,0.591471250454
0.078125000,0.515625000,1.04636431959,0.575500375775
0.093750000,0.515625000,1.01121193789,0.556166565840
0.109375000,0.515625000,0.970147919582,0.533581355770
0.125000000,0.515625000,0.923411688990,0.507876428944
0.140625000,0.515625000,0.871279203979,0.479203562188
0.156250000,0.515625000,0.814062854429,0.447734569936
0.171875000,0.515625000,0.752111366670,0.413661251668
0.187500000,0.515625000,0.685809719398,0.377195345669
0.203125000,0.515625000,0.615579078905,0.338568493398
0.218750000,0.515625000,0.541876762307,0.298032219269
0.234375000,0.515625000,0.465196236847,0.255857930266
0.250000000,0.515625000,0.386067164670,0.212336940569
0.265625000,0.515625000,0.305055504369,0.167780527403
0.281250000,0.515625000,0.222646883541,0.122455785947
0.296875000,0.515625000,0.139705840784,0.0768382124313
0.312500000,0.515625000,0.0567990042091,0.0312394523150
0.328125000,0.515625000,-0.0253600888693,-0.0139480488781
0.343750000,0.515625000,-0.106019903228,-0.0583109467755
0.359375000,0.515625000,-0.184390244683,-0.101414634575
0.375000000,0.515625000,-0.259641466715,-0.142802806693
0.390625000,0.515625000,-0.330903535026,-0.181996944264
0.406250000,0.515625000,-0.397264939315,-0.218495716623
0.421875000,0.515625000,-0.457771444645,-0.251774294555
0.437500000,0.515625000,-0.511424673747,-0.281283570561
0.453125000,0.515625000,-0.557180515935,-0.306449283764
0.468750000,0.515625000,-0.593947358360,-0.326671047098
0.484375000,0.515625000,-0.620584138441,-0.341321276143
0.500000000,0.515625000,-0.635898221898,-0.349744022044
0.515625000,0.515625000,-0.638643110245,-0.351253710635
0.531250000,0.515625000,-0.627356180588,-0.345045899323
0.546875000,0.515625000,-0.600985442404,-0.330541993322
0.562500000,0.515625000,-0.557956879318,-0.306876283625
0.578125000,0.515625000,-0.496782733731,-0.273230503552
0.593750000,0.515625000,-0.415908047485,-0.228749426117
0.609375000,0.515625000,-0.313707872183,-0.172539329700
0.625000000,0.515625000,-0.188484578801,-0.103666518340
0.640625000,0.515625000,-0.0384653582003,-0.0211559470102
0.656250000,0.515625000,0.138199970206,0.0760099836131
0.671875000,0.515625000,0.343440700423,0.188892385233
0.687500000,0.515625000,0.579266355876,0.318596495732
0.703125000,0.515625000,0.847766965363,0.466271830950
0.718750000,0.515625000,1.15111223778,0.633111730780
0.734375000,0.515625000,1.49154931652,0.820352124088
0.750000000,0.515625000,1.87139872730,1.02926930002
0.765625000,0.515625000,2.29304805085,1.26117642797
0.781250000,0.515625000,,
0.796875000,0.515625000,,
0.812500000,0.515625000,,
0.828125000,0.515625000,,
0.843750000,0.515625000,,
0.859375000,0.515625000,,
0.875000000,0.515625000,,
0.890625000,0.515625000,,
0.906250000,0.515625000,,
0.921875000,0.515625000,,
0.937500000,0.515625000,,
0.953125000,0.515625000,,
0.968750000,0.515625000,,
0.984375000,0.515625000,,
1.000000000,0.515625000,,
-1.000000000,0.531250000,,
-0.984375000,0.531250000,,
-0.968750000,0.531250000,,
-0.953125000,0.531250000,,
-0.937500000,0.531250000,,
-0.921875000,0.531250000,,
-0.906250000,0.531250000,,
-0.890625000,0.531250000,,
-0.875000000,0.531250000,,
-0.859375000,0.531250000,,
-0.843750000,0.531250000,,
-0.828125000,0.531250000,,
-0.812500000,0.531250000,,
-0.796875000,0.531250000,,
-0.781250000,0.531250000,,
-0.765625000,0.531250000,,
-0.750000000,0.531250000,2.12325971999,1.16779284600
-0.734375000,0.531250000,1.71539882656,0.943469354605
-0.718750000,0.531250000,1.34857285752,0.741715071635
-0.703125000,0.531250000,1.02045012082,0.561247566452
-0.687500000,0.531250000,0.728763841324,0.400820112728
-0.671875000,0.531250000,0.471317507007,0.259224628854
-0.656250000,0.531250000,0.245988217302,0.135293519516
-0.640625000,0.531250000,0.0507284530198,0.0279006491609
-0.625000000,0.531250000,-0.116433388746,-0.0640383638102
-0.609375000,0.531250000,-0.257393411331,-0.141566376232
-0.593750000,0.531250000,-0.373973354688,-0.205685345079
-0.578125000,0.531250000,-0.467922259203,-0.257357242562
-0.562500000,0.531250000,-0.540918504387,-0.297505177413
-0.546875000,0.531250000,-0.594572093054,-0.327014651180
-0.531250000,0.531250000,-0.630427082362,-0.346734895299
-0.515625000,0.531250000,-0.649964077829,-0.357480242806
-0.500000000,0.531250000,-0.654602727685,-0.360031500227
-0.484375000,0.531250000,-0.645855550857,-0.355220552971
-0.468750000,0.531250000,-0.624716741522,-0.343594207837
-0.453125000,0.531250000,-0.592597326271,-0.325928529449
-0.437500000,0.531250000,-0.550696473618,-0.302883060490
-0.421875000,0.531250000,-0.500163462396,-0.275089904318
-0.406250000,0.531250000,-0.442099458386,-0.243154702113
-0.390625000,0.531250000,-0.377559123605,-0.207657517983
-0.375000000,0.531250000,-0.307552057918,-0.169153631855
-0.359375000,0.531250000,-0.233044075273,-0.128174241400
-0.343750000,0.531250000,-0.154958318270,-0.0852270750485
-0.328125000,0.531250000,-0.0741762195108,-0.0407969207309
-0.312500000,0.531250000,0.00846168335702,0.00465392584636
-0.296875000,0.531250000,0.0922637576198,0.0507450666909
-0.281250000,0.531250000,0.176244528290,0.0969344905597
-0.265625000,0.531250000,0.259799478198,0.142889713009
-0.250000000,0.531250000,0.342246007559,0.188235304157
-0.234375000,0.531250000,0.422940188356,0.232617103596
-0.218750000,0.531250000,0.501276609745,0.275702135360
-0.203125000,0.531250000,0.576688295773,0.317178562675
-0.187500000,0.531250000,0.648646684367,0.356755676402
-0.171875000,0.531250000,0.716661655856,0.394163910721
-0.156250000,0.531250000,0.780281604171,0.429154882294
-0.140625000,0.531250000,0.839093537571,0.461501445664
-0.125000000,0.531250000,0.892723202862,0.490997761574
-0.109375000,0.531250000,0.940835223140,0.517459372727
-0.093750000,0.531250000,0.983133242326,0.540723283279
-0.078125000,0.531250000,1.01936006958,0.560648038269
-0.062500000,0.531250000,1.04929781651,0.577113799080
-0.046875000,0.531250000,1.07276802295,0.590022412622
-0.031250000,0.531250000,1.08963176608,0.599297471343
-0.015625000,0.531250000,1.09978974934,0.604884362138
0.000000000,0.531250000,1.10318236804,0.606750302423
0.015625000,0.531250000,1.09978974934,0.604884362138
0.031250000,0.531250000,1.08963176608,0.599297471343
0.046875000,0.531250000,1.07276802295,0.590022412622
0.062500000,0.531250000,1.04929781651,0.577113799080
0.078125000,0.531250000,1.01936006958,0.560648038269
0.093750000,0.531250000,0.983133242326,0.540723283279
0.109375000,0.531250000,0.940835223140,0.517459372727
0.125000000,0.531250000,0.892723202862,0.490997761574
0.140625000,0.531250000,0.839093537571,0.461501445664
0.156250000,0.531250000,0.780281604171,0.429154882294
0.171875000,0.531250000,0.716661655856,0.394163910721
0.187500000,0.531250000,0.648646684367,0.356755676402
0.203125000,0.531250000,0.576688295773,0.317178562675
0.218750000,0.531250000,0.501276609745,0.275702135360
0.234375000,0.531250000,0.422940188356,0.232617103596
0.250000000,0.531250000,0.342246007559,0.188235304157
0.265625000,0.531250000,0.259799478198,0.142889713009
0.281250000,0.531250000,0.176244528290,0.0969344905597
0.296875000,0.531250000,0.0922637576198,0.0507450666909
0.312500000,0.531250000,0.00846168335702,0.00465392584636
0.328125000,0.531250000,-0.0741762195108,-0.0407969207309
0.343750000,0.531250000,-0.154958318270,-0.0852270750485
0.359375000,0.531250000,-0.233044075273,-0.128174241400
0.375000000,0.531250000,-0.307552057918,-0.169153631855
0.390625000,0.531250000,-0.377559123605,-0.207657517983
0.406250000,0.531250000,-0.442099458386,-0.243154702113
0.421875000,0.531250000,-0.500163462396,-0.275089904318
0.437500000,0.531250000,-0.550696473618,-0.302883060490
0.453125000,0.531250000,-0.592597326271,-0.325928529449
0.468750000,0.531250000,-0.624716741522,-0.343594207837
0.484375000,0.531250000,-0.645855550857,-0.355220552971
0.500000000,0.531250000,-0.654602727685,-0.360031500227
0.515625000,0.531250000,-0.649964077829,-0.357480242806
0.531250000,0.531250000,-0.630427082362,-0.346734895299
0.546875000,0.531250000,-0.594572093054,-0.327014651180
0.562500000,0.531250000,-0.540918504387,-0.297505177413
0.578125000,0.531250000,-0.467922259203,-0.257357242562
0.593750000,0.531250000,-0.373973354688,-0.205685345079
0.609375000,0.531250000,-0.257393411331,-0.141566376232
0.625000000,0.531250000,-0.116433388746,-0.0640383638102
0.640625000,0.531250000,0.0507284530198,0.0279006491609
0.656250000,0.531250000,0.245988217302,0.135293519516
0.671875000,0.531250000,0.471317507007,0.259224628854
0.687500000,0.531250000,0.728763841324,0.400820112728
0.703125000,0.531250000,1.02045012082,0.561247566452
0.718750000,0.531250000,1.34857285752,0.741715071635
0.734375000,0.531250000,1.71539882656,0.943469354605
0.750000000,0.531250000,2.12325971999,1.16779284600
0.765625000,0.531250000,,
0.781250000,0.531250000,,
0.796875000,0.531250000,,
0.812500000,0.531250000,,
0.828125000,0.531250000,,
0.843750000,0.531250000,,
0.859375000,0.531250000,,
0.875000000,0.531250000,,
0.890625000,0.531250000,,
0.906250000,0.531250000,,
0.921875000,0.531250000,,
0.937500000,0.531250000,,
0.953125000,0.531250000,,
0.968750000,0.531250000,,
0.984375000,0.531250000,,
1.000000000,0.531250000,,
-1.000000000,0.546875000,,
-0.984375000,0.546875000,,
-0.968750000,0.546875000,,
-0.953125000,0.546875000,,
-0.937500000,0.546875000,,
-0.921875000,0.546875000,,
-0.906250000,0.546875000,,
-0.890625000,0.546875000,,
-0.875000000,0.546875000,,
-0.859375000,0.546875000,,
-0.843750000,0.546875000,,
-0.828125000,0.546875000,,
-0.812500000,0.546875000,,
-0.796875000,0.546875000,,
-0.781250000,0.546875000,,
-0.765625000,0.546875000,,
-0.750000000,0.546875000,,
-0.734375000,0.546875000,1.95890614412,1.07739837926
-0.718750000,0.546875000,1.56423401895,0.860328710423
-0.703125000,0.546875000,1.20990884144,0.665449862794
-0.687500000,0.546875000,0.893648850675,0.491506867871
-0.671875000,0.546875000,0.613234434363,0.337278938900
-0.656250000,0.546875000,0.366512714146,0.201581992780
-0.640625000,0.546875000,0.151400373282,0.0832702053049
-0.625000000,0.546875000,-0.0341148996680,-0.0187631948174
-0.609375000,0.546875000,-0.191974043972,-0.105585724184
-0.593750000,0.546875000,-0.324047084664,-0.178225896565
-0.578125000,0.546875000,-0.432134206606,-0.237673813634
-0.562500000,0.546875000,-0.517967277284,-0.284882002506
-0.546875000,0.546875000,-0.583211678492,-0.320766423170
-0.531250000,0.546875000,-0.629468336880,-0.346207585284
-0.515625000,0.546875000,-0.658275862562,-0.362051724409
-0.500000000,0.546875000,-0.671112724912,-0.369111998702
-0.484375000,0.546875000,-0.669399409347,-0.368169675141
-0.468750000,0.546875000,-0.654500510950,-0.359975281022
-0.453125000,0.546875000,-0.627880266078,-0.345334146343
-0.437500000,0.546875000,-0.590482714675,-0.324765493071
-0.421875000,0.546875000,-0.543677937286,-0.299022865507
-0.406250000,0.546875000,-0.488625624401,-0.268744093420
-0.390625000,0.546875000,-0.426438223188,-0.234541022754
-0.375000000,0.546875000,-0.358182216554,-0.197000219105
-0.359375000,0.546875000,-0.284879247080,-0.156683585894
-0.343750000,0.546875000,-0.207507088192,-0.114128898505
-0.328125000,0.546875000,-0.126890350306,-0.0697896926685
-0.312500000,0.546875000,-0.0441500889758,-0.0242825489367
-0.296875000,0.546875000,0.0399825824174,0.0219904203296
-0.281250000,0.546875000,0.124698372152,0.0685841046834
-0.265625000,0.546875000,0.209229040940,0.115075972517
-0.250000000,0.546875000,0.292847175105,0.161065946308
-0.234375000,0.546875000,0.374866049315,0.206176327123
-0.218750000,0.546875000,0.454639566048,0.250051761326
-0.203125000,0.546875000,0.531562261756,0.292359243966
-0.187500000,0.546875000,0.605069369677,0.332788153322
-0.171875000,0.546875000,0.674636926911,0.371050309801
-0.156250000,0.546875000,0.739781917635,0.406880054699
-0.140625000,0.546875000,0.800062442015,0.440034343108
-0.125000000,0.546875000,0.855077902015,0.470292846108
-0.109375000,0.546875000,0.904469195845,0.497458057715
-0.093750000,0.546875000,0.947918912921,0.521355402107
-0.078125000,0.546875000,0.985151523154,0.541833337735
-0.062500000,0.546875000,1.01593355374,0.558763454555
-0.046875000,0.546875000,1.04007374784,0.572040561314
-0.031250000,0.546875000,1.05742320149,0.581582760820
-0.015625000,0.546875000,1.06787547327,0.587331510298
0.000000000,0.546875000,1.07136666553,0.589251666042
0.015625000,0.546875000,1.06787547327,0.587331510298
0.031250000,0.546875000,1.05742320149,0.581582760820
0.046875000,0.546875000,1.04007374784,0.572040561314
0.062500000,0.546875000,1.01593355374,0.558763454555
0.078125000,0.546875000,0.985151523154,0.541833337735
0.093750000,0.546875000,0.947918912921,0.521355402107
0.109375000,0.546875000,0.904469195845,0.497458057715
0.125000000,0.546875000,0.855077902015,0.470292846108
0.140625000,0.546875000,0.800062442015,0.440034343108
0.156250000,0.546875000,0.739781917635,0.406880054699
0.171875000,0.546875000,0.674636926911,0.371050309801
0.187500000,0.546875000,0.605069369677,0.332788153322
0.203125000,0.546875000,0.531562261756,0.292359243966
0.218750000,0.546875000,0.454639566048,0.250051761326
0.234375000,0.546875000,0.374866049315,0.206176327123
0.250000000,0.546875000,0.292847175105,0.161065946308
0.265625000,0.546875000,0.209229040940,0.115075972517
0.281250000,0.546875000,0.124698372152,0.0685841046834
0.296875000,0.546875000,0.0399825824174,0.0219904203296
0.312500000,0.546875000,-0.0441500889758,-0.0242825489367
0.328125000,0.546875000,-0.126890350306,-0.0697896926685
0.343750000,0.546875000,-0.207507088192,-0.114128898505
0.359375000,0.546875000,-0.284879247080,-0.156683585894
0.375000000,0.546875000,-0.358182216554,-0.197000219105
0.390625000,0.546875000,-0.426438223188,-0.234541022754
0.406250000,0.546875000,-0.488625624401,-0.268744093420
0.421875000,0.546875000,-0.543677937286,-0.299022865507
0.437500000,0.546875000,-0.590482714675,-0.324765493071
0.453125000,0.546875000,-0.627880266078,-0.345334146343
0.468750000,0.546875000,-0.654500510950,-0.359975281022
0.484375000,0.546875000,-0.669399409347,-0.368169675141
0.500000000,0.546875000,-0.671112724912,-0.369111998702
0.515625000,0.546875000,-0.658275862562,-0.362051724409
0.531250000,0.546875000,-0.629468336880,-0.346207585284
0.546875000,0.546875000,-0.583211678492,-0.320766423170
0.562500000,0.546875000,-0.517967277284,-0.284882002506
0.578125000,0.546875000,-0.432134206606,-0.237673813634
0.593750000,0.546875000,-0.324047084664,-0.178225896565
0.609375000,0.546875000,-0.191974043972,-0.105585724184
0.625000000,0.546875000,-0.0341148996680,-0.0187631948174
0.640625000,0.546875000,0.151400373282,0.0832702053049
0.656250000,0.546875000,0.366512714146,0.201581992780
0.671875000,0.546875000,0.613234434363,0.337278938900
0.687500000,0.546875000,0.893648850675,0.491506867871
0.703125000,0.546875000,1.20990884144,0.665449862794
0.718750000,0.546875000,1.56423401895,0.860328710423
0.734375000,0.546875000,1.95890614412,1.07739837926
0.750000000,0.546875000,,
0.765625000,0.546875000,,
0.781250000,0.546875000,,
0.796875000,0.546875000,,
0.812500000,0.546875000,,
0.828125000,0.546875000,,
0.843750000,0.546875000,,
0.859375000,0.546875000,,
0.875000000,0.546875000,,
0.890625000,0.546875000,,
0.906250000,0.546875000,,
0.921875000,0.546875000,,
0.937500000,0.546875000,,
0.953125000,0.546875000,,
0.968750000,0.546875000,,
0.984375000,0.546875000,,
1.000000000,0.546875000,,
-1.000000000,0.562500000,,
-0.984375000,0.562500000,,
-0.968750000,0.562500000,,
-0.953125000,0.562500000,,
-0.937500000,0.562500000,,
-0.921875000,0.562500000,,
-0.906250000,0.562500000,,
-0.890625000,0.562500000,,
-0.875000000,0.562500000,,
-0.859375000,0.562500000,,
-0.843750000,0.562500000,,
-0.828125000,0.562500000,,
-0.812500000,0.562500000,,
-0.796875000,0.562500000,,
-0.781250000,0.562500000,,
-0.765625000,0.562500000,,
-0.750000000,0.562500000,,
-0.734375000,0.562500000,,
-0.718750000,0.562500000,1.79965599957,0.989810799766
-0.703125000,0.562500000,1.41764993162,0.779707462390
-0.687500000,0.562500000,1.07536995714,0.591453476424
-0.671875000,0.562500000,0.770577933041,0.423817863172
-0.656250000,0.562500000,0.501094655313,0.275602060422
-0.640625000,0.562500000,0.264803872946,0.145642130120
-0.625000000,0.562500000,0.0596547509241,0.0328101130083
-0.609375000,0.562500000,-0.116336885481,-0.0639852870143
-0.593750000,0.562500000,-0.265088247977,-0.145798536388
-0.578125000,0.562500000,-0.388450000012,-0.213647500007
-0.562500000,0.562500000,-0.488207201823,-0.268513961003
-0.546875000,0.562500000,-0.566080637335,-0.311344350534
-0.531250000,0.562500000,-0.623728397515,-0.343050618633
-0.515625000,0.562500000,-0.662747623452,-0.364511192899
-0.500000000,0.562500000,-0.684676328659,-0.376571980762
-0.484375000,0.562500000,-0.690995238796,-0.380047381338
-0.468750000,0.562500000,-0.683129598763,-0.375721279320
-0.453125000,0.562500000,-0.662450909901,-0.364348000446
-0.437500000,0.562500000,-0.630278569996,-0.346653213498
-0.421875000,0.562500000,-0.587881394165,-0.323334766791
-0.406250000,0.562500000,-0.536628950568,-0.295145922812
-0.390625000,0.562500000,-0.477386354083,-0.262562494746
-0.375000000,0.562500000,-0.411435545629,-0.226289550096
-0.359375000,0.562500000,-0.339855447989,-0.186920496394
-0.343750000,0.562500000,-0.263575633089,-0.144966598199
-0.328125000,0.562500000,-0.183802770160,-0.101091523588
-0.312500000,0.562500000,-0.101368674988,-0.0557527712433
-0.296875000,0.562500000,-0.0171756793444,-0.00944662363944
-0.281250000,0.562500000,0.0679169940142,0.0373543467078
-0.265625000,0.562500000,0.153093022384,0.0842011623110
-0.250000000,0.562500000,0.237578867939,0.130668377367
-0.234375000,0.562500000,0.320643744981,0.176354059740
-0.218750000,0.562500000,0.401599658986,0.220879812442
-0.203125000,0.562500000,0.479801506724,0.263890828698
-0.187500000,0.562500000,0.554647226119,0.305055974365
-0.171875000,0.562500000,0.625577985975,0.344067892286
-0.156250000,0.562500000,0.692078405742,0.380643123158
-0.140625000,0.562500000,0.753676794744,0.414522237109
-0.125000000,0.562500000,0.809945403005,0.445469971653
-0.109375000,0.562500000,0.860500674768,0.473275371123
-0.093750000,0.562500000,0.905003496382,0.497751923010
-0.078125000,0.562500000,0.943159432594,0.518737687927
-0.062500000,0.562500000,0.974718944174,0.536095419296
-0.046875000,0.562500000,0.999477581607,0.549712669884
-0.031250000,0.562500000,1.01727615009,0.559501882549
-0.015625000,0.562500000,1.02800084182,0.565400462999
0.000000000,0.562500000,1.03158333277,0.567370833023
0.015625000,0.562500000,1.02800084182,0.565400462999
0.031250000,0.562500000,1.01727615009,0.559501882549
0.046875000,0.562500000,0.999477581607,0.549712669884
0.062500000,0.562500000,0.974718944174,0.536095419296
0.078125000,0.562500000,0.943159432594,0.518737687927
0.093750000,0.562500000,0.905003496382,0.497751923010
0.109375000,0.562500000,0.860500674768,0.473275371123
0.125000000,0.562500000,0.809945403005,0.445469971653
0.140625000,0.562500000,0.753676794744,0.414522237109
0.156250000,0.562500000,0.692078405742,0.380643123158
0.171875000,0.562500000,0.625577985975,0.344067892286
0.187500000,0.562500000,0.554647226119,0.305055974365
0.203125000,0.562500000,0.479801506724,0.263890828698
0.218750000,0.562500000,0.401599658986,0.220879812442
0.234375000,0.562500000,0.320643744981,0.176354059740
0.250000000,0.562500000,0.237578867939,0.130668377367
0.265625000,0.562500000,0.153093022384,0.0842011623110
0.281250000,0.562500000,0.0679169940142,0.0373543467078
0.296875000,0.562500000,-0.0171756793444,-0.00944662363944
0.312500000,0.562500000,-0.101368674988,-0.0557527712433
0.328125000,0.562500000,-0.183802770160,-0.101091523588
0.343750000,0.562500000,-0.263575633089,-0.144966598199
0.359375000,0.562500000,-0.339855447989,-0.186920496394
0.375000000,0.562500000,-0.411435545629,-0.226289550096
0.390625000,0.562500000,-0.477386354083,-0.262562494746
0.406250000,0.562500000,-0.536628950568,-0.295145922812
0.421875000,0.562500000,-0.587881394165,-0.323334766791
0.437500000,0.562500000,-0.630278569996,-0.346653213498
0.453125000,0.562500000,-0.662450909901,-0.364348000446
0.468750000,0.562500000,-0.683129598763,-0.375721279320
0.484375000,0.562500000,-0.690995238796,-0.380047381338
0.500000000,0.562500000,-0.684676328659,-0.376571980762
0.515625000,0.562500000,-0.662747623452,-0.364511192899
0.531250000,0.562500000,-0.623728397515,-0.343050618633
0.546875000,0.562500000,-0.566080637335,-0.311344350534
0.562500000,0.562500000,-0.488207201823,-0.268513961003
0.578125000,0.562500000,-0.388450000012,-0.213647500007
0.593750000,0.562500000,-0.265088247977,-0.145798536388
0.609375000,0.562500000,-0.116336885481,-0.0639852870143
0.625000000,0.562500000,0.0596547509241,0.0328101130083
0.640625000,0.562500000,0.264803872946,0.145642130120
0.656250000,0.562500000,0.501094655313,0.275602060422
0.671875000,0.562500000,0.770577933041,0.423817863172
0.687500000,0.562500000,1.07536995714,0.591453476424
0.703125000,0.562500000,1.41764993162,0.779707462390
0.718750000,0.562500000,1.79965599957,0.989810799766
0.734375000,0.562500000,,
0.750000000,0.562500000,,
0.765625000,0.562500000,,
0.781250000,0.562500000,,
0.796875000,0.562500000,,
0.812500000,0.562500000,,
0.828125000,0.562500000,,
0.843750000,0.562500000,,
0.859375000,0.562500000,,
0.875000000,0.562500000,,
0.890625000,0.562500000,,
0.906250000,0.562500000,,
0.921875000,0.562500000,,
0.937500000,0.562500000,,
0.953125000,0.562500000,,
0.968750000,0.562500000,,
0.984375000,0.562500000,,
1.000000000,0.562500000,,
-1.000000000,0.578125000,,
-0.984375000,0.578125000,,
-0.968750000,0.578125000,,
-0.953125000,0.578125000,,
-0.937500000,0.578125000,,
-0.921875000,0.578125000,,
-0.906250000,0.578125000,,
-0.890625000,0.578125000,,
-0.875000000,0.578125000,,
-0.859375000,0.578125000,,
-0.843750000,0.578125000,,
-0.828125000,0.578125000,,
-0.812500000,0.578125000,,
-0.796875000,0.578125000,,
-0.781250000,0.578125000,,
-0.765625000,0.578125000,,
-0.750000000,0.578125000,,
-0.734375000,0.578125000,,
-0.718750000,0.578125000,,
-0.703125000,0.578125000,1.64526460531,0.904895532918
-0.687500000,0.578125000,1.27546344627,0.701504895448
-0.671875000,0.578125000,0.944824535900,0.519653494745
-0.656250000,0.578125000,0.651146870088,0.358130778548
-0.640625000,0.578125000,0.392284894423,0.215756691933
-0.625000000,0.578125000,0.166152109104,0.0913836600070
-0.609375000,0.578125000,-0.0292767009682,-0.0161021855325
-0.593750000,0.578125000,-0.195964312882,-0.107780372085
-0.578125000,0.578125000,-0.335810739412,-0.184695906677
-0.562500000,0.578125000,-0.450653530295,-0.247859441662
-0.546875000,0.578125000,-0.542268532130,-0.298247692671
-0.531250000,0.578125000,-0.612370974482,-0.336804035965
-0.515625000,0.578125000,-0.662616771405,-0.364439224273
-0.500000000,0.578125000,-0.694603951047,-0.382032173076
-0.484375000,0.578125000,-0.709874143123,-0.390430778718
-0.468750000,0.578125000,-0.709914069107,-0.390452738009
-0.453125000,0.578125000,-0.696156992506,-0.382886345878
-0.437500000,0.578125000,-0.669984096553,-0.368491253104
-0.421875000,0.578125000,-0.632725765466,-0.347999171006
-0.406250000,0.578125000,-0.585662752541,-0.322114513897
-0.390625000,0.578125000,-0.530027223976,-0.291514973187
-0.375000000,0.578125000,-0.467049772192,-0.256877374706
-0.359375000,0.578125000,-0.397779358559,-0.218778647207
-0.343750000,0.578125000,-0.323349259273,-0.177842092600
-0.328125000,0.578125000,-0.244805201975,-0.134642861086
-0.312500000,0.578125000,-0.163147584617,-0.0897311715395
-0.296875000,0.578125000,-0.0793317616521,-0.0436324689086
-0.281250000,0.578125000,0.00573177451255,0.00315247598190
-0.265625000,0.578125000,0.0911773101199,0.0501475205659
-0.250000000,0.578125000,0.176183912154,0.0969011516849
-0.234375000,0.578125000,0.259975507027,0.142986528865
-0.218750000,0.578125000,0.341821024536,0.188001563495
-0.203125000,0.578125000,0.421034597064,0.231569028385
-0.187500000,0.578125000,0.496975800935,0.273336690514
-0.171875000,0.578125000,0.569049933928,0.312977463660
-0.156250000,0.578125000,0.636708314120,0.350189572766
-0.140625000,0.578125000,0.699448593868,0.384696726628
-0.125000000,0.578125000,0.756815078756,0.416248293316
-0.109375000,0.578125000,0.808399042339,0.444619473287
-0.093750000,0.578125000,0.853839029942,0.469611466468
-0.078125000,0.578125000,0.892821143865,0.491051629126
-0.062500000,0.578125000,0.925079304167,0.508793617292
-0.046875000,0.578125000,0.950395478097,0.522717512953
-0.031250000,0.578125000,0.968599875153,0.532729931334
-0.015625000,0.578125000,0.979571102756,0.538764106516
0.000000000,0.578125000,0.983236279093,0.540779953501
0.015625000,0.578125000,0.979571102756,0.538764106516
0.031250000,0.578125000,0.968599875153,0.532729931334
0.046875000,0.578125000,0.950395478097,0.522717512953
0.062500000,0.578125000,0.925079304167,0.508793617292
0.078125000,0.578125000,0.892821143865,0.491051629126
0.093750000,0.578125000,0.853839029942,0.469611466468
0.109375000,0.578125000,0.808399042339,0.444619473287
0.125000000,0.578125000,0.756815078756,0.416248293316
0.140625000,0.578125000,0.699448593868,0.384696726628
0.156250000,0.578125000,0.636708314120,0.350189572766
0.171875000,0.578125000,0.569049933928,0.312977463660
0.187500000,0.578125000,0.496975800935,0.273336690514
0.203125000,0.578125000,0.421034597064,0.231569028385
0.218750000,0.578125000,0.341821024536,0.188001563495
0.234375000,0.578125000,0.259975507027,0.142986528865
0.250000000,0.578125000,0.176183912154,0.0969011516849
0.265625000,0.578125000,0.0911773101199,0.0501475205659
0.281250000,0.578125000,0.00573177451255,0.00315247598190
0.296875000,0.578125000,-0.0793317616521,-0.0436324689086
0.312500000,0.578125000,-0.163147584617,-0.0897311715395
0.328125000,0.578125000,-0.244805201975,-0.134642861086
0.343750000,0.578125000,-0.323349259273,-0.177842092600
0.359375000,0.578125000,-0.397779358559,-0.218778647207
0.375000000,0.578125000,-0.467049772192,-0.256877374706
0.390625000,0.578125000,-0.530027223976,-0.291514973187
0.406250000,0.578125000,-0.585662752541,-0.322114513897
0.421875000,0.578125000,-0.632725765466,-0.347999171006
0.437500000,0.578125000,-0.669984096553,-0.368491253104
0.453125000,0.578125000,-0.696156992506,-0.382886345878
0.468750000,0.578125000,-0.709914069107,-0.390452738009
0.484375000,0.578125000,-0.709874143123,-0.390430778718
0.500000000,0.578125000,-0.694603951047,-0.382032173076
0.515625000,0.578125000,-0.662616771405,-0.364439224273
0.531250000,0.578125000,-0.612370974482,-0.336804035965
0.546875000,0.578125000,-0.542268532130,-0.298247692671
0.562500000,0.578125000,-0.450653530295,-0.247859441662
0.578125000,0.578125000,-0.335810739412,-0.184695906677
0.593750000,0.578125000,-0.195964312882,-0.107780372085
0.609375000,0.578125000,-0.0292767009682,-0.0161021855325
0.625000000,0.578125000,0.166152109104,0.0913836600070
0.640625000,0.578125000,0.392284894423,0.215756691933
0.656250000,0.578125000,0.651146870088,0.358130778548
0.671875000,0.578125000,0.944824535900,0.519653494745
0.687500000,0.578125000,1.27546344627,0.701504895448
0.703125000,0.578125000,1.64526460531,0.904895532918
0.718750000,0.578125000,,
0.734375000,0.578125000,,
0.750000000,0.578125000,,
0.765625000,0.578125000,,
0.781250000,0.578125000,,
0.796875000,0.578125000,,
0.812500000,0.578125000,,
0.828125000,0.578125000,,
0.843750000,0.578125000,,
0.859375000,0.578125000,,
0.875000000,0.578125000,,
0.890625000,0.578125000,,
0.906250000,0.578125000,,
0.921875000,0.578125000,,
0.937500000,0.578125000,,
0.953125000,0.578125000,,
0.968750000,0.578125000,,
0.984375000,0.578125000,,
1.000000000,0.578125000,,
-1.000000000,0.593750000,,
-0.984375000,0.593750000,,
-0.968750000,0.593750000,,
-0.953125000,0.593750000,,
-0.937500000,0.593750000,,
-0.921875000,0.593750000,,
-0.906250000,0.593750000,,
-0.890625000,0.593750000,,
-0.875000000,0.593750000,,
-0.859375000,0.593750000,,
-0.843750000,0.593750000,,
-0.828125000,0.593750000,,
-0.812500000,0.593750000,,
-0.796875000,0.593750000,,
-0.781250000,0.593750000,,
-0.765625000,0.593750000,,
-0.750000000,0.593750000,,
-0.734375000,0.593750000,,
-0.718750000,0.593750000,,
-0.703125000,0.593750000,,
-0.687500000,0.593750000,1.49555140718,0.822553273948
-0.671875000,0.593750000,1.13754023997,0.625647131983
-0.656250000,0.593750000,0.818174355140,0.449995895327
-0.640625000,0.593750000,0.535283408832,0.294405874858
-0.625000000,0.593750000,0.286748874303,0.157711880867
-0.609375000,0.593750000,0.0705073759103,0.0387790567507
-0.593750000,0.593750000,-0.115447200892,-0.0634959604908
-0.578125000,0.593750000,-0.273062554897,-0.150184405193
-0.562500000,0.593750000,-0.404227546738,-0.222325150706
-0.546875000,0.593750000,-0.510772327167,-0.280924779942
-0.531250000,0.593750000,-0.594468865411,-0.326957875976
-0.515625000,0.593750000,-0.657031759085,-0.361367467497
-0.500000000,0.593750000,-0.700119226445,-0.385065574545
-0.484375000,0.593750000,-0.725334202680,-0.398933811474
-0.468750000,0.593750000,-0.734225478922,-0.403824013407
-0.453125000,0.593750000,-0.728288834977,-0.400558859238
-0.437500000,0.593750000,-0.708968128781,-0.389932470829
-0.421875000,0.593750000,-0.677656313552,-0.372710972454
-0.406250000,0.593750000,-0.635696364249,-0.349633000337
-0.390625000,0.593750000,-0.584276340081,-0.321351987045
-0.375000000,0.593750000,-0.524863317995,-0.288674824897
-0.359375000,0.593750000,-0.458537695066,-0.252195732286
-0.343750000,0.593750000,-0.386449708703,-0.212547339787
-0.328125000,0.593750000,-0.309702541927,-0.170336398060
-0.312500000,0.593750000,-0.229503553096,-0.126226954203
-0.296875000,0.593750000,-0.146555311771,-0.0806054214740
-0.281250000,0.593750000,-0.0619774181813,-0.0340875799997
-0.265625000,0.593750000,0.0233137693357,0.0128225731346
-0.250000000,0.593750000,0.108448700953,0.0596467855244
-0.234375000,0.593750000,0.192604831489,0.105932657319
-0.218750000,0.593750000,0.275006875830,0.151253781707
-0.203125000,0.593750000,0.354927111296,0.195209911213
-0.187500000,0.593750000,0.431685718311,0.237427145071
-0.171875000,0.593750000,0.504651147328,0.277558131030
-0.156250000,0.593750000,0.573240503045,0.315282276675
-0.140625000,0.593750000,0.636919936282,0.350305964955
-0.125000000,0.593750000,0.695205033519,0.382362768436
-0.109375000,0.593750000,0.747661197363,0.411213658550
-0.093750000,0.593750000,0.793904007858,0.436647204322
-0.078125000,0.593750000,0.833599559508,0.458479757730
-0.062500000,0.593750000,0.866464766500,0.476555621575
-0.046875000,0.593750000,0.892267630214,0.490747196618
-0.031250000,0.593750000,0.910827465658,0.500955106112
-0.015625000,0.593750000,0.922015080742,0.507108294408
0.000000000,0.593750000,0.925752907410,0.509164099075
0.015625000,0.593750000,0.922015080742,0.507108294408
0.031250000,0.593750000,0.910827465658,0.500955106112
0.046875000,0.593750000,0.892267630214,0.490747196618
0.062500000,0.593750000,0.866464766500,0.476555621575
0.078125000,0.593750000,0.833599559508,0.458479757730
0.093750000,0.593750000,0.793904007858,0.436647204322
0.109375000,0.593750000,0.747661197363,0.411213658550
0.125000000,0.593750000,0.695205033519,0.382362768436
0.140625000,0.593750000,0.636919936282,0.350305964955
0.156250000,0.593750000,0.573240503045,0.315282276675
0.171875000,0.593750000,0.504651147328,0.277558131030
0.187500000,0.593750000,0.431685718311,0.237427145071
0.203125000,0.593750000,0.354927111296,0.195209911213
0.218750000,0.593750000,0.275006875830,0.151253781707
0.234375000,0.593750000,0.192604831489,0.105932657319
0.250000000,0.593750000,0.108448700953,0.0596467855244
0.265625000,0.593750000,0.0233137693357,0.0128225731346
0.281250000,0.593750000,-0.0619774181813,-0.0340875799997
0.296875000,0.593750000,-0.146555311771,-0.0806054214740
0.312500000,0.593750000,-0.229503553096,-0.126226954203
0.328125000,0.593750000,-0.309702541927,-0.170336398060
0.343750000,0.593750000,-0.386449708703,-0.212547339787
0.359375000,0.593750000,-0.458537695066,-0.252195732286
0.375000000,0.593750000,-0.524863317995,-0.288674824897
0.390625000,0.593750000,-0.584276340081,-0.321351987045
0.406250000,0.593750000,-0.635696364249,-0.349633000337
0.421875000,0.593750000,-0.677656313552,-0.372710972454
0.437500000,0.593750000,-0.708968128781,-0.389932470829
0.453125000,0.593750000,-0.728288834977,-0.400558859238
0.468750000,0.593750000,-0.734225478922,-0.403824013407
0.484375000,0.593750000,-0.725334202680,-0.398933811474
0.500000000,0.593750000,-0.700119226445,-0.385065574545
0.515625000,0.593750000,-0.657031759085,-0.361367467497
0.531250000,0.593750000,-0.594468865411,-0.326957875976
0.546875000,0.593750000,-0.510772327167,-0.280924779942
0.562500000,0.593750000,-0.404227546738,-0.222325150706
0.578125000,0.593750000,-0.273062554897,-0.150184405193
0.593750000,0.593750000,-0.115447200892,-0.0634959604908
0.609375000,0.593750000,0.0705073759103,0.0387790567507
0.625000000,0.593750000,0.286748874303,0.157711880867
0.640625000,0.593750000,0.535283408832,0.294405874858
0.656250000,0.593750000,0.818174355140,0.449995895327
0.671875000,0.593750000,1.13754023997,0.625647131983
0.687500000,0.593750000,1.49555140718,0.822553273948
0.703125000,0.593750000,,
0.718750000,0.593750000,,
0.734375000,0.593750000,,
0.750000000,0.593750000,,
0.765625000,0.593750000,,
0.781250000,0.593750000,,
0.796875000,0.593750000,,
0.812500000,0.593750000,,
0.828125000,0.593750000,,
0.843750000,0.593750000,,
0.859375000,0.593750000,,
0.875000000,0.593750000,,
0.890625000,0.593750000,,
0.906250000,0.593750000,,
0.921875000,0.593750000,,
0.937500000,0.593750000,,
0.953125000,0.593750000,,
0.968750000,0.593750000,,
0.984375000,0.593750000,,
1.000000000,0.593750000,,
-1.000000000,0.609375000,,
-0.984375000,0.609375000,,
-0.968750000,0.609375000,,
-0.953125000,0.609375000,,
-0.937500000,0.609375000,,
-0.921875000,0.609375000,,
-0.906250000,0.609375000,,
-0.890625000,0.609375000,,
-0.875000000,0.609375000,,
-0.859375000,0.609375000,,
-0.843750000,0.609375000,,
-0.828125000,0.609375000,,
-0.812500000,0.609375000,,
-0.796875000,0.609375000,,
-0.781250000,0.609375000,,
-0.765625000,0.609375000,,
-0.750000000,0.609375000,,
-0.734375000,0.609375000,,
-0.718750000,0.609375000,,
-0.703125000,0.609375000,,
-0.687500000,0.609375000,,
-0.671875000,0.609375000,1.35037812247,0.742707967359
-0.656250000,0.609375000,1.00377327174,0.552075299457
-0.640625000,0.609375000,0.695333649705,0.382433507337
-0.625000000,0.609375000,0.422913236505,0.232602280078
-0.609375000,0.609375000,0.184414168459,0.101427792652
-0.593750000,0.609375000,-0.0222100796489,-0.0122155438069
-0.578125000,0.609375000,-0.198952609749,-0.109423935362
-0.562500000,0.609375000,-0.347751867229,-0.191263526976
-0.546875000,0.609375000,-0.470491060364,-0.258770083200
-0.531250000,0.609375000,-0.568998066763,-0.312948936720
-0.515625000,0.609375000,-0.645045693314,-0.354775131323
-0.500000000,0.609375000,-0.700352180560,-0.385193699308
-0.484375000,0.609375000,-0.736581864303,-0.405120025366
-0.468750000,0.609375000,-0.755345925055,-0.415440258780
-0.453125000,0.609375000,-0.758203169110,-0.417011743011
-0.437500000,0.609375000,-0.746660799208,-0.410663439564
-0.421875000,0.609375000,-0.722175142025,-0.397196328114
-0.406250000,0.609375000,-0.686049158803,-0.377327037342
-0.390625000,0.609375000,-0.639856176632,-0.351920897148
-0.375000000,0.609375000,-0.584788579395,-0.321633718667
-0.359375000,0.609375000,-0.522105039893,-0.287157771941
-0.343750000,0.609375000,-0.453015709287,-0.249158640108
-0.328125000,0.609375000,-0.378682389312,-0.208275314121
-0.312500000,0.609375000,-0.300218604903,-0.165120232697
-0.296875000,0.609375000,-0.218689581074,-0.120279269591
-0.281250000,0.609375000,-0.135112132635,-0.0743116729493
-0.265625000,0.609375000,-0.0506101393219,-0.0278355766270
-0.250000000,0.609375000,0.0342128593725,0.0188170726549
-0.234375000,0.609375000,0.118326182619,0.0650794004402
-0.218750000,0.609375000,0.200909238154,0.110500080985
-0.203125000,0.609375000,0.281191402029,0.154655271116
-0.187500000,0.609375000,0.358452461304,0.197148853717
-0.171875000,0.609375000,0.432023077593,0.237612692676
-0.156250000,0.609375000,0.501285260187,0.275706893103
-0.140625000,0.609375000,0.565672839678,0.311120061823
-0.125000000,0.609375000,0.624671932986,0.343569563142
-0.109375000,0.609375000,0.677821391081,0.372801765094
-0.093750000,0.609375000,0.724713221969,0.398592272083
-0.078125000,0.609375000,0.764992981634,0.420746139899
-0.062500000,0.609375000,0.798360125404,0.439098068972
-0.046875000,0.609375000,0.824568316339,0.453512573986
-0.031250000,0.609375000,0.843425682940,0.463884125617
-0.015625000,0.609375000,0.854795025226,0.470137263874
0.000000000,0.609375000,0.858593962635,0.472226679449
0.015625000,0.609375000,0.854795025226,0.470137263874
0.031250000,0.609375000,0.843425682940,0.463884125617
0.046875000,0.609375000,0.824568316339,0.453512573986
0.062500000,0.609375000,0.798360125404,0.439098068972
0.078125000,0.609375000,0.764992981634,0.420746139899
0.093750000,0.609375000,0.724713221969,0.398592272083
0.109375000,0.609375000,0.677821391081,0.372801765094
0.125000000,0.609375000,0.624671932986,0.343569563142
0.140625000,0.609375000,0.565672839678,0.311120061823
0.156250000,0.609375000,0.501285260187,0.275706893103
0.171875000,0.609375000,0.432023077593,0.237612692676
0.187500000,0.609375000,0.358452461304,0.197148853717
0.203125000,0.609375000,0.281191402029,0.154655271116
0.218750000,0.609375000,0.200909238154,0.110500080985
0.234375000,0.609375000,0.118326182619,0.0650794004402
0.250000000,0.609375000,0.0342128593725,0.0188170726549
0.265625000,0.609375000,-0.0506101393219,-0.0278355766270
0.281250000,0.609375000,-0.135112132635,-0.0743116729493
0.296875000,0.609375000,-0.218689581074,-0.120279269591
0.312500000,0.609375000,-0.300218604903,-0.165120232697
0.328125000,0.609375000,-0.378682389312,-0.208275314121
0.343750000,0.609375000,-0.453015709287,-0.249158640108
0.359375000,0.609375000,-0.522105039893,-0.287157771941
0.375000000,0.609375000,-0.584788579395,-0.321633718667
0.390625000,0.609375000,-0.639856176632,-0.351920897148
0.406250000,0.609375000,-0.686049158803,-0.377327037342
0.421875000,0.609375000,-0.722175142025,-0.397196328114
0.437500000,0.609375000,-0.746660799208,-0.410663439564
0.453125000,0.609375000,-0.758203169110,-0.417011743011
0.468750000,0.609375000,-0.755345925055,-0.415440258780
0.484375000,0.609375000,-0.736581864303,-0.405120025366
0.500000000,0.609375000,-0.700352180560,-0.385193699308
0.515625000,0.609375000,-0.645045693314,-0.354775131323
0.531250000,0.609375000,-0.568998066763,-0.312948936720
0.546875000,0.609375000,-0.470491060364,-0.258770083200
0.562500000,0.609375000,-0.347751867229,-0.191263526976
0.578125000,0.609375000,-0.198952609749,-0.109423935362
0.593750000,0.609375000,-0.0222100796489,-0.0122155438069
0.609375000,0.609375000,0.184414168459,0.101427792652
0.625000000,0.609375000,0.422913236505,0.232602280078
0.640625000,0.609375000,0.695333649705,0.382433507337
0.656250000,0.609375000,1.00377327174,0.552075299457
0.671875000,0.609375000,1.35037812247,0.742707967359
0.687500000,0.609375000,,
0.703125000,0.609375000,,
0.718750000,0.609375000,,
0.734375000,0.609375000,,
0.750000000,0.609375000,,
0.765625000,0.609375000,,
0.781250000,0.609375000,,
0.796875000,0.609375000,,
0.812500000,0.609375000,,
0.828125000,0.609375000,,
0.843750000,0.609375000,,
0.859375000,0.609375000,,
0.875000000,0.609375000,,
0.890625000,0.609375000,,
0.906250000,0.609375000,,
0.921875000,0.609375000,,
0.937500000,0.609375000,,
0.953125000,0.609375000,,
0.968750000,0.609375000,,
0.984375000,0.609375000,,
1.000000000,0.609375000,,
-1.000000000,0.625000000,,
-0.984375000,0.625000000,,
-0.968750000,0.625000000,,
-0.953125000,0.625000000,,
-0.937500000,0.625000000,,
-0.921875000,0.625000000,,
-0.906250000,0.625000000,,
-0.890625000,0.625000000,,
-0.875000000,0.625000000,,
-0.859375000,0.625000000,,
-0.843750000,0.625000000,,
-0.828125000,0.625000000,,
-0.812500000,0.625000000,,
-0.796875000,0.625000000,,
-0.781250000,0.625000000,,
-0.765625000,0.625000000,,
-0.750000000,0.625000000,,
-0.734375000,0.625000000,,
-0.718750000,0.625000000,,
-0.703125000,0.625000000,,
-0.687500000,0.625000000,,
-0.671875000,0.625000000,,
-0.656250000,0.625000000,1.20962796105,0.665295378580
-0.640625000,0.625000000,0.874062610591,0.480734435825
-0.625000000,0.625000000,0.576209705346,0.316915337940
-0.609375000,0.625000000,0.313941478959,0.172667813427
-0.593750000,0.625000000,0.0851747298324,0.0468461014078
-0.578125000,0.625000000,-0.112126048457,-0.0616693266512
-0.562500000,0.625000000,-0.279946525066,-0.153970588786
-0.546875000,0.625000000,-0.420221156307,-0.231121635969
-0.531250000,0.625000000,-0.534832394918,-0.294157817205
-0.515625000,0.625000000,-0.625610335638,-0.344085684601
-0.500000000,0.625000000,-0.694332675144,-0.381882971329
-0.484375000,0.625000000,-0.742724889136,-0.408498689025
-0.468750000,0.625000000,-0.772460548486,-0.424853301667
-0.453125000,0.625000000,-0.785161710787,-0.431838940933
-0.437500000,0.625000000,-0.782399338658,-0.430319636262
-0.421875000,0.625000000,-0.765592180413,-0.421075699227
-0.406250000,0.625000000,-0.736424233662,-0.405033328514
-0.390625000,0.625000000,-0.696201621908,-0.382910892049
-0.375000000,0.625000000,-0.646294667892,-0.355462067340
-0.359375000,0.625000000,-0.588024049916,-0.323413227454
-0.343750000,0.625000000,-0.522660866240,-0.287463476432
-0.328125000,0.625000000,-0.451426610317,-0.248284635674
-0.312500000,0.625000000,-0.375493058901,-0.206521182396
-0.296875000,0.625000000,-0.295982076499,-0.162790142074
-0.281250000,0.625000000,-0.213965342876,-0.117680938582
-0.265625000,0.625000000,-0.130464011193,-0.0717552061561
-0.250000000,0.625000000,-0.0464483043637,-0.0255465674000
-0.234375000,0.625000000,0.0371629406335,0.0204396173484
-0.218750000,0.625000000,0.119502770192,0.0657265236058
-0.203125000,0.625000000,0.199756644430,0.109866154436
-0.187500000,0.625000000,0.277162989603,0.152439644282
-0.171875000,0.625000000,0.350860842071,0.192973463139
-0.156250000,0.625000000,0.420504920790,0.231277706434
-0.140625000,0.625000000,0.485339888596,0.266936938728
-0.125000000,0.625000000,0.544821670228,0.299651918625
-0.109375000,0.625000000,0.598461909867,0.329154050427
-0.093750000,0.625000000,0.645828458175,0.355205651996
-0.078125000,0.625000000,0.686545819411,0.377600200676
-0.062500000,0.625000000,0.720295553087,0.396162554198
-0.046875000,0.625000000,0.746816622582,0.410749142420
-0.031250000,0.625000000,0.765905688376,0.421248128607
-0.015625000,0.625000000,0.777417339688,0.427579536828
0.000000000,0.625000000,0.781264262170,0.429695344193
0.015625000,0.625000000,0.777417339688,0.427579536828
0.031250000,0.625000000,0.765905688376,0.421248128607
0.046875000,0.625000000,0.746816622582,0.410749142420
0.062500000,0.625000000,0.720295553087,0.396162554198
0.078125000,0.625000000,0.686545819411,0.377600200676
0.093750000,0.625000000,0.645828458175,0.355205651996
0.109375000,0.625000000,0.598461909867,0.329154050427
0.125000000,0.625000000,0.544821670228,0.299651918625
0.140625000,0.625000000,0.485339888596,0.266936938728
0.156250000,0.625000000,0.420504920790,0.231277706434
0.171875000,0.625000000,0.350860842071,0.192973463139
0.187500000,0.625000000,0.277162989603,0.152439644282
0.203125000,0.625000000,0.199756644430,0.109866154436
0.218750000,0.625000000,0.119502770192,0.0657265236058
0.234375000,0.625000000,0.0371629406335,0.0204396173484
0.250000000,0.625000000,-0.0464483043637,-0.0255465674000
0.265625000,0.625000000,-0.130464011193,-0.0717552061561
0.281250000,0.625000000,-0.213965342876,-0.117680938582
0.296875000,0.625000000,-0.295982076499,-0.162790142074
0.312500000,0.625000000,-0.375493058901,-0.206521182396
0.328125000,0.625000000,-0.451426610317,-0.248284635674
0.343750000,0.625000000,-0.522660866240,-0.287463476432
0.359375000,0.625000000,-0.588024049916,-0.323413227454
0.375000000,0.625000000,-0.646294667892,-0.355462067340
0.390625000,0.625000000,-0.696201621908,-0.382910892049
0.406250000,0.625000000,-0.736424233662,-0.405033328514
0.421875000,0.625000000,-0.765592180413,-0.421075699227
0.437500000,0.625000000,-0.782399338658,-0.430319636262
0.453125000,0.625000000,-0.785161710787,-0.431838940933
0.468750000,0.625000000,-0.772460548486,-0.424853301667
0.484375000,0.625000000,-0.742724889136,-0.408498689025
0.500000000,0.625000000,-0.694332675144,-0.381882971329
0.515625000,0.625000000,-0.625610335638,-0.344085684601
0.531250000,0.625000000,-0.534832394918,-0.294157817205
0.546875000,0.625000000,-0.420221156307,-0.231121635969
0.562500000,0.625000000,-0.279946525066,-0.153970588786
0.578125000,0.625000000,-0.112126048457,-0.0616693266512
0.593750000,0.625000000,0.0851747298324,0.0468461014078
0.609375000,0.625000000,0.313941478959,0.172667813427
0.625000000,0.625000000,0.576209705346,0.316915337940
0.640625000,0.625000000,0.874062610591,0.480734435825
0.656250000,0.625000000,1.20962796105,0.665295378580
0.671875000,0.625000000,,
0.687500000,0.625000000,,
0.703125000,0.625000000,,
0.718750000,0.625000000,,
0.734375000,0.625000000,,
0.750000000,0.625000000,,
0.765625000,0.625000000,,
0.781250000,0.625000000,,
0.796875000,0.625000000,,
0.812500000,0.625000000,,
0.828125000,0.625000000,,
0.843750000,0.625000000,,
0.859375000,0.625000000,,
0.875000000,0.625000000,,
0.890625000,0.625000000,,
0.906250000,0.625000000,,
0.921875000,0.625000000,,
0.937500000,0.625000000,,
0.953125000,0.625000000,,
0.968750000,0.625000000,,
0.984375000,0.625000000,,
1.000000000,0.625000000,,
-1.000000000,0.640625000,,
-0.984375000,0.640625000,,
-0.968750000,0.640625000,,
-0.953125000,0.640625000,,
-0.937500000,0.640625000,,
-0.921875000,0.640625000,,
-0.906250000,0.640625000,,
-0.890625000,0.640625000,,
-0.875000000,0.640625000,,
-0.859375000,0.640625000,,
-0.843750000,0.640625000,,
-0.828125000,0.640625000,,
-0.812500000,0.640625000,,
-0.796875000,0.640625000,,
-0.781250000,0.640625000,,
-0.765625000,0.640625000,,
-0.750000000,0.640625000,,
-0.734375000,0.640625000,,
-0.718750000,0.640625000,,
-0.703125000,0.640625000,,
-0.687500000,0.640625000,,
-0.671875000,0.640625000,,
-0.656250000,0.640625000,,
-0.640625000,0.640625000,1.07318630779,0.590252469282
-0.625000000,0.640625000,0.748296968104,0.411563332457
-0.609375000,0.640625000,0.460685381925,0.253376960059
-0.593750000,0.640625000,0.208236338597,0.114529986228
-0.578125000,0.640625000,-0.0111242484473,-0.00611833664602
-0.562500000,0.640625000,-0.199426177233,-0.109684397478
-0.546875000,0.640625000,-0.358652690293,-0.197258979661
-0.531250000,0.640625000,-0.490738901844,-0.269906396014
-0.515625000,0.640625000,-0.597570755048,-0.328663915277
-0.500000000,0.640625000,-0.680984373924,-0.374541405658
-0.484375000,0.640625000,-0.742765700053,-0.408521135029
-0.468750000,0.640625000,-0.784650325812,-0.431557679197
-0.453125000,0.640625000,-0.808323452810,-0.444577899046
-0.437500000,0.640625000,-0.815319012189,-0.448425456704
-0.421875000,0.640625000,-0.807434859315,-0.444089172623
-0.406250000,0.640625000,-0.786091441929,-0.432350293061
-0.390625000,0.640625000,-0.752772952277,-0.414025123752
-0.375000000,0.640625000,-0.708913278089,-0.389902302949
-0.359375000,0.640625000,-0.655895906988,-0.360742748843
-0.343750000,0.640625000,-0.595053759483,-0.327279567716
-0.328125000,0.640625000,-0.527668950587,-0.290217922823
-0.312500000,0.640625000,-0.454972478138,-0.250234862976
-0.296875000,0.640625000,-0.378143841142,-0.207979112628
-0.281250000,0.640625000,-0.298310593744,-0.164070826559
-0.265625000,0.640625000,-0.216547840360,-0.119101312198
-0.250000000,0.640625000,-0.133877679468,-0.0736327237073
-0.234375000,0.640625000,-0.0512686060871,-0.0281977333479
-0.218750000,0.640625000,0.0303651193811,0.0167008156596
-0.203125000,0.640625000,0.110164126175,0.0605902693961
-0.187500000,0.640625000,0.187324600680,0.103028530374
-0.171875000,0.640625000,0.261098958705,0.143604427288
-0.156250000,0.640625000,0.330796511796,0.181938081488
-0.140625000,0.640625000,0.395784118504,0.217681265177
-0.125000000,0.640625000,0.455486811438,0.250517746291
-0.109375000,0.640625000,0.509388391913,0.280163615552
-0.093750000,0.640625000,0.557031984425,0.306367591434
-0.078125000,0.640625000,0.598020543408,0.328911298874
-0.062500000,0.640625000,0.632017306110,0.347609518361
-0.046875000,0.640625000,0.658746185395,0.362310401967
-0.031250000,0.640625000,0.677992098742,0.372895654308
-0.015625000,0.640625000,0.689601227276,0.379280675002
0.000000000,0.640625000,0.693481204036,0.381414662220
0.015625000,0.640625000,0.689601227276,0.379280675002
0.031250000,0.640625000,0.677992098742,0.372895654308
0.046875000,0.640625000,0.658746185395,0.362310401967
0.062500000,0.640625000,0.632017306110,0.347609518361
0.078125000,0.640625000,0.598020543408,0.328911298874
0.093750000,0.640625000,0.557031984425,0.306367591434
0.109375000,0.640625000,0.509388391913,0.280163615552
0.125000000,0.640625000,0.455486811438,0.250517746291
0.140625000,0.640625000,0.395784118504,0.217681265177
0.156250000,0.640625000,0.330796511796,0.181938081488
0.171875000,0.640625000,0.261098958705,0.143604427288
0.187500000,0.640625000,0.187324600680,0.103028530374
0.203125000,0.640625000,0.110164126175,0.0605902693961
0.218750000,0.640625000,0.0303651193811,0.0167008156596
0.234375000,0.640625000,-0.0512686060871,-0.0281977333479
0.250000000,0.640625000,-0.133877679468,-0.0736327237073
0.265625000,0.640625000,-0.216547840360,-0.119101312198
0.281250000,0.640625000,-0.298310593744,-0.164070826559
0.296875000,0.640625000,-0.378143841142,-0.207979112628
0.312500000,0.640625000,-0.454972478138,-0.250234862976
0.328125000,0.640625000,-0.527668950587,-0.290217922823
0.343750000,0.640625000,-0.595053759483,-0.327279567716
0.359375000,0.640625000,-0.655895906988,-0.360742748843
0.375000000,0.640625000,-0.708913278089,-0.389902302949
0.390625000,0.640625000,-0.752772952277,-0.414025123752
0.406250000,0.640625000,-0.786091441929,-0.432350293061
0.421875000,0.640625000,-0.807434859315,-0.444089172623
0.437500000,0.640625000,-0.815319012189,-0.448425456704
0.453125000,0.640625000,-0.808323452810,-0.444577899046
0.468750000,0.640625000,-0.784650325812,-0.431557679197
0.484375000,0.640625000,-0.742765700053,-0.408521135029
0.500000000,0.640625000,-0.680984373924,-0.374541405658
0.515625000,0.640625000,-0.597570755048,-0.328663915277
0.531250000,0.640625000,-0.490738901844,-0.269906396014
0.546875000,0.640625000,-0.358652690293,-0.197258979661
0.562500000,0.640625000,-0.199426177233,-0.109684397478
0.578125000,0.640625000,-0.0111242484473,-0.00611833664602
0.593750000,0.640625000,0.208236338597,0.114529986228
0.609375000,0.640625000,0.460685381925,0.253376960059
0.625000000,0.640625000,0.748296968104,0.411563332457
0.640625000,0.640625000,1.07318630779,0.590252469282
0.656250000,0.640625000,,
0.671875000,0.640625000,,
0.687500000,0.640625000,,
0.703125000,0.640625000,,
0.718750000,0.640625000,,
0.734375000,0.640625000,,
0.750000000,0.640625000,,
0.765625000,0.640625000,,
0.781250000,0.640625000,,
0.796875000,0.640625000,,
0.812500000,0.640625000,,
0.828125000,0.640625000,,
0.843750000,0.640625000,,
0.859375000,0.640625000,,
0.875000000,0.640625000,,
0.890625000,0.640625000,,
0.906250000,0.640625000,,
0.921875000,0.640625000,,
0.937500000,0.640625000,,
0.953125000,0.640625000,,
0.968750000,0.640625000,,
0.984375000,0.640625000,,
1.000000000,0.640625000,,
-1.000000000,0.656250000,,
-0.984375000,0.656250000,,
-0.968750000,0.656250000,,
-0.953125000,0.656250000,,
-0.937500000,0.656250000,,
-0.921875000,0.656250000,,
-0.906250000,0.656250000,,
-0.890625000,0.656250000,,
-0.875000000,0.656250000,,
-0.859375000,0.656250000,,
-0.843750000,0.656250000,,
-0.828125000,0.656250000,,
-0.812500000,0.656250000,,
-0.796875000,0.656250000,,
-0.781250000,0.656250000,,
-0.765625000,0.656250000,,
-0.750000000,0.656250000,,
-0.734375000,0.656250000,,
-0.718750000,0.656250000,,
-0.703125000,0.656250000,,
-0.687500000,0.656250000,,
-0.671875000,0.656250000,,
-0.656250000,0.656250000,,
-0.640625000,0.656250000,,
-0.625000000,0.656250000,0.940923215412,0.517507768476
-0.609375000,0.656250000,0.626337270806,0.344485498943
-0.593750000,0.656250000,0.348603887608,0.191732138185
-0.578125000,0.656250000,0.105615178565,0.0580883482109
-0.562500000,0.656250000,-0.104698840944,-0.0575843625191
-0.546875000,0.656250000,-0.284366983303,-0.156401840817
-0.531250000,0.656250000,-0.435374438305,-0.239455941068
-0.515625000,0.656250000,-0.559660959155,-0.307813527535
-0.500000000,0.656250000,-0.659119532726,-0.362515742999
-0.484375000,0.656250000,-0.735595412380,-0.404577476809
-0.468750000,0.656250000,-0.790885413152,-0.434986977234
-0.453125000,0.656250000,-0.826636050941,-0.454649828018
-0.437500000,0.656250000,-0.844760619709,-0.464618340840
-0.421875000,0.656250000,-0.846792911589,-0.465736101374
-0.406250000,0.656250000,-0.834331885469,-0.458882537008
-0.390625000,0.656250000,-0.808926155798,-0.444909385689
-0.375000000,0.656250000,-0.772073661752,-0.424640513964
-0.359375000,0.656250000,-0.725221298013,-0.398871713907
-0.343750000,0.656250000,-0.669764497050,-0.368370473377
-0.328125000,0.656250000,-0.607046757134,-0.333875716424
-0.312500000,0.656250000,-0.538359114712,-0.296097513092
-0.296875000,0.656250000,-0.464939561537,-0.255716758845
-0.281250000,0.656250000,-0.387972411157,-0.213384826136
-0.265625000,0.656250000,-0.308587618915,-0.169723190403
-0.250000000,0.656250000,-0.227860062878,-0.125323034583
-0.234375000,0.656250000,-0.146808793321,-0.0807448363264
-0.218750000,0.656250000,-0.0663962594986,-0.0365179427243
-0.203125000,0.656250000,0.0124724777763,0.00685986277697
-0.187500000,0.656250000,0.0889505366190,0.0489227951404
-0.171875000,0.656250000,0.162250000881,0.0892375004844
-0.156250000,0.656250000,0.231642691215,0.127403480168
-0.140625000,0.656250000,0.296460913021,0.163053502162
-0.125000000,0.656250000,0.356098171575,0.195853994366
-0.109375000,0.656250000,0.410009845787,0.225505415183
-0.093750000,0.656250000,0.457713814566,0.251742598012
-0.078125000,0.656250000,0.498791025722,0.274335064147
-0.062500000,0.656250000,0.532886003216,0.293087301769
-0.046875000,0.656250000,0.559707286501,0.307839007575
-0.031250000,0.656250000,0.579027796723,0.318465288198
-0.015625000,0.656250000,0.590685125062,0.324876818784
0.000000000,0.656250000,0.594581742441,0.327019958342
0.015625000,0.656250000,0.590685125062,0.324876818784
0.031250000,0.656250000,0.579027796723,0.318465288198
0.046875000,0.656250000,0.559707286501,0.307839007575
0.062500000,0.656250000,0.532886003216,0.293087301769
0.078125000,0.656250000,0.498791025722,0.274335064147
0.093750000,0.656250000,0.457713814566,0.251742598012
0.109375000,0.656250000,0.410009845787,0.225505415183
0.125000000,0.656250000,0.356098171575,0.195853994366
0.140625000,0.656250000,0.296460913021,0.163053502162
0.156250000,0.656250000,0.231642691215,0.127403480168
0.171875000,0.656250000,0.162250000881,0.0892375004844
0.187500000,0.656250000,0.0889505366190,0.0489227951404
0.203125000,0.656250000,0.0124724777763,0.00685986277697
0.218750000,0.656250000,-0.0663962594986,-0.0365179427243
0.234375000,0.656250000,-0.146808793321,-0.0807448363264
0.250000000,0.656250000,-0.227860062878,-0.125323034583
0.265625000,0.656250000,-0.308587618915,-0.169723190403
0.281250000,0.656250000,-0.387972411157,-0.213384826136
0.296875000,0.656250000,-0.464939561537,-0.255716758845
0.312500000,0.656250000,-0.538359114712,-0.296097513092
0.328125000,0.656250000,-0.607046757134,-0.333875716424
0.343750000,0.656250000,-0.669764497050,-0.368370473377
0.359375000,0.656250000,-0.725221298013,-0.398871713907
0.375000000,0.656250000,-0.772073661752,-0.424640513964
0.390625000,0.656250000,-0.808926155798,-0.444909385689
0.406250000,0.656250000,-0.834331885469,-0.458882537008
0.421875000,0.656250000,-0.846792911589,-0.465736101374
0.437500000,0.656250000,-0.844760619709,-0.464618340840
0.453125000,0.656250000,-0.826636050941,-0.454649828018
0.468750000,0.656250000,-0.790885413152,-0.434986977234
0.484375000,0.656250000,-0.735595412380,-0.404577476809
0.500000000,0.656250000,-0.659119532726,-0.362515742999
0.515625000,0.656250000,-0.559660959155,-0.307813527535
0.531250000,0.656250000,-0.435374438305,-0.239455941068
0.546875000,0.656250000,-0.284366983303,-0.156401840817
0.562500000,0.656250000,-0.104698840944,-0.0575843625191
0.578125000,0.656250000,0.105615178565,0.0580883482109
0.593750000,0.656250000,0.348603887608,0.191732138185
0.609375000,0.656250000,0.626337270806,0.344485498943
0.625000000,0.656250000,0.940923215412,0.517507768476
0.640625000,0.656250000,,
0.656250000,0.656250000,,
0.671875000,0.656250000,,
0.687500000,0.656250000,,
0.703125000,0.656250000,,
0.718750000,0.656250000,,
0.734375000,0.656250000,,
0.750000000,0.656250000,,
0.765625000,0.656250000,,
0.781250000,0.656250000,,
0.796875000,0.656250000,,
0.812500000,0.656250000,,
0.828125000,0.656250000,,
0.843750000,0.656250000,,
0.859375000,0.656250000,,
0.875000000,0.656250000,,
0.890625000,0.656250000,,
0.906250000,0.656250000,,
0.921875000,0.656250000,,
0.937500000,0.656250000,,
0.953125000,0.656250000,,
0.968750000,0.656250000,,
0.984375000,0.656250000,,
1.000000000,0.656250000,,
-1.000000000,0.671875000,,
-0.984375000,0.671875000,,
-0.968750000,0.671875000,,
-0.953125000,0.671875000,,
-0.937500000,0.671875000,,
-0.921875000,0.671875000,,
-0.906250000,0.671875000,,
-0.890625000,0.671875000,,
-0.875000000,0.671875000,,
-0.859375000,0.671875000,,
-0.843750000,0.671875000,,
-0.828125000,0.671875000,,
-0.812500000,0.671875000,,
-0.796875000,0.671875000,,
-0.781250000,0.671875000,,
-0.765625000,0.671875000,,
-0.750000000,0.671875000,,
-0.734375000,0.671875000,,
-0.718750000,0.671875000,,
-0.703125000,0.671875000,,
-0.687500000,0.671875000,,
-0.671875000,0.671875000,,
-0.656250000,0.671875000,,
-0.640625000,0.671875000,,
-0.625000000,0.671875000,,
-0.609375000,0.671875000,,
-0.593750000,0.671875000,0.508002573302,0.279401415316
-0.578125000,0.671875000,0.239756092483,0.131865850866
-0.562500000,0.671875000,0.00583333357082,0.00320833346395
-0.546875000,0.671875000,-0.195835997508,-0.107709798630
-0.531250000,0.671875000,-0.367283803278,-0.202006091803
-0.515625000,0.671875000,-0.510500913929,-0.280775502661
-0.500000000,0.671875000,-0.627434994098,-0.345089246754
-0.484375000,0.671875000,-0.719988899606,-0.395993894783
-0.468750000,0.671875000,-0.789916487918,-0.434454068355
-0.453125000,0.671875000,-0.839245973440,-0.461585285392
-0.437500000,0.671875000,-0.869621435444,-0.478291789494
-0.421875000,0.671875000,-0.882755752117,-0.485515663665
-0.406250000,0.671875000,-0.880312241264,-0.484171732695
-0.390625000,0.671875000,-0.863903995676,-0.475147197622
-0.375000000,0.671875000,-0.835093225976,-0.459301274287
-0.359375000,0.671875000,-0.795390592517,-0.437464825884
-0.343750000,0.671875000,-0.746254511764,-0.410439981470
-0.328125000,0.671875000,-0.689090431027,-0.378999737065
-0.312500000,0.671875000,-0.625250065010,-0.343887535756
-0.296875000,0.671875000,-0.556030595754,-0.305816827664
-0.281250000,0.671875000,-0.482673835866,-0.265470609726
-0.265625000,0.671875000,-0.406365359804,-0.223500947892
-0.250000000,0.671875000,-0.328233609832,-0.180528485408
-0.234375000,0.671875000,-0.249348981284,-0.137141939706
-0.218750000,0.671875000,-0.170722897407,-0.0938975935738
-0.203125000,0.671875000,-0.0933068807926,-0.0513187844359
-0.187500000,0.671875000,-0.0179916310210,-0.00989539706152
-0.171875000,0.671875000,0.0543938829012,0.0299166355957
-0.156250000,0.671875000,0.123083305551,0.0676958180533
-0.140625000,0.671875000,0.187373745346,0.103055559940
-0.125000000,0.671875000,0.246626582728,0.135644620500
-0.109375000,0.671875000,0.300268228611,0.165147525736
-0.093750000,0.671875000,0.347790824885,0.191284953687
-0.078125000,0.671875000,0.388752880280,0.213814084154
-0.062500000,0.671875000,0.422779835058,0.232528909282
-0.046875000,0.671875000,0.449564548321,0.247260501577
-0.031250000,0.671875000,0.468867704115,0.257877237263
-0.015625000,0.671875000,0.480518131195,0.264284972157
0.000000000,0.671875000,0.484413033776,0.266427168577
0.015625000,0.671875000,0.480518131195,0.264284972157
0.031250000,0.671875000,0.468867704115,0.257877237263
0.046875000,0.671875000,0.449564548321,0.247260501577
0.062500000,0.671875000,0.422779835058,0.232528909282
0.078125000,0.671875000,0.388752880280,0.213814084154
0.093750000,0.671875000,0.347790824885,0.191284953687
0.109375000,0.671875000,0.300268228611,0.165147525736
0.125000000,0.671875000,0.246626582728,0.135644620500
0.140625000,0.671875000,0.187373745346,0.103055559940
0.156250000,0.671875000,0.123083305551,0.0676958180533
0.171875000,0.671875000,0.0543938829012,0.0299166355957
0.187500000,0.671875000,-0.0179916310210,-0.00989539706152
0.203125000,0.671875000,-0.0933068807926,-0.0513187844359
0.218750000,0.671875000,-0.170722897407,-0.0938975935738
0.234375000,0.671875000,-0.249348981284,-0.137141939706
0.250000000,0.671875000,-0.328233609832,-0.180528485408
0.265625000,0.671875000,-0.406365359804,-0.223500947892
0.281250000,0.671875000,-0.482673835866,-0.265470609726
0.296875000,0.671875000,-0.556030595754,-0.305816827664
0.312500000,0.671875000,-0.625250065010,-0.343887535756
0.328125000,0.671875000,-0.689090431027,-0.378999737065
0.343750000,0.671875000,-0.746254511764,-0.410439981470
0.359375000,0.671875000,-0.795390592517,-0.437464825884
0.375000000,0.671875000,-0.835093225976,-0.459301274287
0.390625000,0.671875000,-0.863903995676,-0.475147197622
0.406250000,0.671875000,-0.880312241264,-0.484171732695
0.421875000,0.671875000,-0.882755752117,-0.485515663665
0.437500000,0.671875000,-0.869621435444,-0.478291789494
0.453125000,0.671875000,-0.839245973440,-0.461585285392
0.468750000,0.671875000,-0.789916487918,-0.434454068355
0.484375000,0.671875000,-0.719988899606,-0.395993894783
0.500000000,0.671875000,-0.627434994098,-0.345089246754
0.515625000,0.671875000,-0.510500913929,-0.280775502661
0.531250000,0.671875000,-0.367283803278,-0.202006091803
0.546875000,0.671875000,-0.195835997508,-0.107709798630
0.562500000,0.671875000,0.00583333357082,0.00320833346395
0.578125000,0.671875000,0.239756092483,0.131865850866
0.593750000,0.671875000,0.508002573302,0.279401415316
0.609375000,0.671875000,,
0.625000000,0.671875000,,
0.640625000,0.671875000,,
0.656250000,0.671875000,,
0.671875000,0.671875000,,
0.687500000,0.671875000,,
0.703125000,0.671875000,,
0.718750000,0.671875000,,
0.734375000,0.671875000,,
0.750000000,0.671875000,,
0.765625000,0.671875000,,
0.781250000,0.671875000,,
0.796875000,0.671875000,,
0.812500000,0.671875000,,
0.828125000,0.671875000,,
0.843750000,0.671875000,,
0.859375000,0.671875000,,
0.875000000,0.671875000,,
0.890625000,0.671875000,,
0.906250000,0.671875000,,
0.921875000,0.671875000,,
0.937500000,0.671875000,,
0.953125000,0.671875000,,
0.968750000,0.671875000,,
0.984375000,0.671875000,,
1.000000000,0.671875000,,
-1.000000000,0.687500000,,
-0.984375000,0.687500000,,
-0.968750000,0.687500000,,
-0.953125000,0.687500000,,
-0.937500000,0.687500000,,
-0.921875000,0.687500000,,
-0.906250000,0.687500000,,
-0.890625000,0.687500000,,
-0.875000000,0.687500000,,
-0.859375000,0.687500000,,
-0.843750000,0.687500000,,
-0.828125000,0.687500000,,
-0.812500000,0.687500000,,
-0.796875000,0.687500000,,
-0.781250000,0.687500000,,
-0.765625000,0.687500000,,
-0.750000000,0.687500000,,
-0.734375000,0.687500000,,
-0.718750000,0.687500000,,
-0.703125000,0.687500000,,
-0.687500000,0.687500000,,
-0.671875000,0.687500000,,
-0.656250000,0.687500000,,
-0.640625000,0.687500000,,
-0.625000000,0.687500000,,
-0.609375000,0.687500000,,
-0.593750000,0.687500000,,
-0.578125000,0.687500000,0.393058577192,0.216182217455
-0.562500000,0.687500000,0.133870638361,0.0736288510985
-0.546875000,0.687500000,-0.0914241071346,-0.0502832589240
-0.531250000,0.687500000,-0.284900012083,-0.156695006646
-0.515625000,0.687500000,-0.448595447705,-0.246727496238
-0.500000000,0.687500000,-0.584509853238,-0.321480419281
-0.484375000,0.687500000,-0.694495687993,-0.381972628396
-0.468750000,0.687500000,-0.780692820920,-0.429381051506
-0.453125000,0.687500000,-0.844849821398,-0.464667401769
-0.437500000,0.687500000,-0.888790343037,-0.488834688670
-0.421875000,0.687500000,-0.914290360097,-0.502859698053
-0.406250000,0.687500000,-0.923077032199,-0.507692367709
-0.390625000,0.687500000,-0.916827644524,-0.504255204488
-0.375000000,0.687500000,-0.897168590477,-0.493442724762
-0.359375000,0.687500000,-0.865674374346,-0.476120905890
-0.343750000,0.687500000,-0.823866616671,-0.453126639169
-0.328125000,0.687500000,-0.773213049975,-0.425267177486
-0.312500000,0.687500000,-0.715126500313,-0.393319575172
-0.296875000,0.687500000,-0.650963849193,-0.358030117056
-0.281250000,0.687500000,-0.582024977771,-0.320113737774
-0.265625000,0.687500000,-0.509551694104,-0.280253431757
-0.250000000,0.687500000,-0.434726649383,-0.239099657161
-0.234375000,0.687500000,-0.358672247857,-0.197269736321
-0.218750000,0.687500000,-0.282449558167,-0.155347256992
-0.203125000,0.687500000,-0.207057233144,-0.113881478229
-0.187500000,0.687500000,-0.133430447706,-0.0733867462381
-0.171875000,0.687500000,-0.0624398615127,-0.0343419238320
-0.156250000,0.687500000,0.00510938280813,0.00281016054447
-0.140625000,0.687500000,0.0684786185834,0.0376632402209
-0.125000000,0.687500000,0.126996562392,0.0698481093155
-0.109375000,0.687500000,0.180060161303,0.0990330887167
-0.093750000,0.687500000,0.227135373495,0.124924455422
-0.078125000,0.687500000,0.267757873759,0.147266830567
-0.062500000,0.687500000,0.301533678672,0.165843523270
-0.046875000,0.687500000,0.328139685660,0.180476827113
-0.031250000,0.687500000,0.347324120711,0.191028266391
-0.015625000,0.687500000,0.358906890540,0.197398789797
0.000000000,0.687500000,0.362779837164,0.199528910440
0.015625000,0.687500000,0.358906890540,0.197398789797
0.031250000,0.687500000,0.347324120711,0.191028266391
0.046875000,0.687500000,0.328139685660,0.180476827113
0.062500000,0.687500000,0.301533678672,0.165843523270
0.078125000,0.687500000,0.267757873759,0.147266830567
0.093750000,0.687500000,0.227135373495,0.124924455422
0.109375000,0.687500000,0.180060161303,0.0990330887167
0.125000000,0.687500000,0.126996562392,0.0698481093155
0.140625000,0.687500000,0.0684786185834,0.0376632402209
0.156250000,0.687500000,0.00510938280813,0.00281016054447
0.171875000,0.687500000,-0.0624398615127,-0.0343419238320
0.187500000,0.687500000,-0.133430447706,-0.0733867462381
0.203125000,0.687500000,-0.207057233144,-0.113881478229
0.218750000,0.687500000,-0.282449558167,-0.155347256992
0.234375000,0.687500000,-0.358672247857,-0.197269736321
0.250000000,0.687500000,-0.434726649383,-0.239099657161
0.265625000,0.687500000,-0.509551694104,-0.280253431757
0.281250000,0.687500000,-0.582024977771,-0.320113737774
0.296875000,0.687500000,-0.650963849193,-0.358030117056
0.312500000,0.687500000,-0.715126500313,-0.393319575172
0.328125000,0.687500000,-0.773213049975,-0.425267177486
0.343750000,0.687500000,-0.823866616671,-0.453126639169
0.359375000,0.687500000,-0.865674374346,-0.476120905890
0.375000000,0.687500000,-0.897168590477,-0.493442724762
0.390625000,0.687500000,-0.916827644524,-0.504255204488
0.406250000,0.687500000,-0.923077032199,-0.507692367709
0.421875000,0.687500000,-0.914290360097,-0.502859698053
0.437500000,0.687500000,-0.888790343037,-0.488834688670
0.453125000,0.687500000,-0.844849821398,-0.464667401769
0.468750000,0.687500000,-0.780692820920,-0.429381051506
0.484375000,0.687500000,-0.694495687993,-0.381972628396
0.500000000,0.687500000,-0.584509853238,-0.321480419281
0.515625000,0.687500000,-0.448595447705,-0.246727496238
0.531250000,0.687500000,-0.284900012083,-0.156695006646
0.546875000,0.687500000,-0.0914241071346,-0.0502832589240
0.562500000,0.687500000,0.133870638361,0.0736288510985
0.578125000,0.687500000,0.393058577192,0.216182217455
0.593750000,0.687500000,,
0.609375000,0.687500000,,
0.625000000,0.687500000,,
0.640625000,0.687500000,,
0.656250000,0.687500000,,
0.671875000,0.687500000,,
0.687500000,0.687500000,,
0.703125000,0.687500000,,
0.718750000,0.687500000,,
0.734375000,0.687500000,,
0.750000000,0.687500000,,
0.765625000,0.687500000,,
0.781250000,0.687500000,,
0.796875000,0.687500000,,
0.812500000,0.687500000,,
0.828125000,0.687500000,,
0.843750000,0.687500000,,
0.859375000,0.687500000,,
0.875000000,0.687500000,,
0.890625000,0.687500000,,
0.906250000,0.687500000,,
0.921875000,0.687500000,,
0.937500000,0.687500000,,
0.953125000,0.687500000,,
0.968750000,0.687500000,,
0.984375000,0.687500000,,
1.000000000,0.687500000,,
-1.000000000,0.703125000,,
-0.984375000,0.703125000,,
-0.968750000,0.703125000,,
-0.953125000,0.703125000,,
-0.937500000,0.703125000,,
-0.921875000,0.703125000,,
-0.906250000,0.703125000,,
-0.890625000,0.703125000,,
-0.875000000,0.703125000,,
-0.859375000,0.703125000,,
-0.843750000,0.703125000,,
-0.828125000,0.703125000,,
-0.812500000,0.703125000,,
-0.796875000,0.703125000,,
-0.781250000,0.703125000,,
-0.765625000,0.703125000,,
-0.750000000,0.703125000,,
-0.734375000,0.703125000,,
-0.718750000,0.703125000,,
-0.703125000,0.703125000,,
-0.687500000,0.703125000,,
-0.671875000,0.703125000,,
-0.656250000,0.703125000,,
-0.640625000,0.703125000,,
-0.625000000,0.703125000,,
-0.609375000,0.703125000,,
-0.593750000,0.703125000,,
-0.578125000,0.703125000,,
-0.562500000,0.703125000,,
-0.546875000,0.703125000,0.0306070556420,0.0168338806031
-0.531250000,0.703125000,-0.186547340934,-0.102601037514
-0.515625000,0.703125000,-0.372335656946,-0.204784611320
-0.500000000,0.703125000,-0.528805370731,-0.290842953902
-0.484375000,0.703125000,-0.657871845457,-0.361829515001
-0.468750000,0.703125000,-0.761708032211,-0.418939417716
-0.453125000,0.703125000,-0.842132439178,-0.463172841548
-0.437500000,0.703125000,-0.901028995352,-0.495565947444
-0.421875000,0.703125000,-0.940235497534,-0.517129523643
-0.406250000,0.703125000,-0.961541990388,-0.528848094713
-0.390625000,0.703125000,-0.966689268337,-0.531679097585
-0.375000000,0.703125000,-0.957367459765,-0.526552102871
-0.359375000,0.703125000,-0.935214667103,-0.514368066906
-0.343750000,0.703125000,-0.901815639928,-0.495998601961
-0.328125000,0.703125000,-0.858700466700,-0.472285256685
-0.312500000,0.703125000,-0.807343275744,-0.444038801659
-0.296875000,0.703125000,-0.749160938841,-0.412038516363
-0.281250000,0.703125000,-0.685511776763,-0.377031477219
-0.265625000,0.703125000,-0.617694265397,-0.339731845969
-0.250000000,0.703125000,-0.546945747219,-0.300820160970
-0.234375000,0.703125000,-0.474441151746,-0.260942633460
-0.218750000,0.703125000,-0.401291730854,-0.220710451970
-0.203125000,0.703125000,-0.328543816432,-0.180699099037
-0.187500000,0.703125000,-0.257177607604,-0.141447684182
-0.171875000,0.703125000,-0.188105995595,-0.103458297577
-0.156250000,0.703125000,-0.122173434634,-0.0671953890490
-0.140625000,0.703125000,-0.0601548674145,-0.0330851770780
-0.125000000,0.703125000,-0.00275471230579,-0.00151509176819
-0.109375000,0.703125000,0.0493940784173,0.0271667431295
-0.093750000,0.703125000,0.0957308835160,0.0526519859338
-0.078125000,0.703125000,0.135768192796,0.0746725060378
-0.062500000,0.703125000,0.169092296577,0.0930007631175
-0.046875000,0.703125000,0.195363878751,0.107450133313
-0.031250000,0.703125000,0.214318508687,0.117875179778
-0.015625000,0.703125000,0.225767028367,0.124171865602
0.000000000,0.703125000,0.229595830777,0.126277706928
0.015625000,0.703125000,0.225767028367,0.124171865602
0.031250000,0.703125000,0.214318508687,0.117875179778
0.046875000,0.703125000,0.195363878751,0.107450133313
0.062500000,0.703125000,0.169092296577,0.0930007631175
0.078125000,0.703125000,0.135768192796,0.0746725060378
0.093750000,0.703125000,0.0957308835160,0.0526519859338
0.109375000,0.703125000,0.0493940784173,0.0271667431295
0.125000000,0.703125000,-0.00275471230579,-0.00151509176819
0.140625000,0.703125000,-0.0601548674145,-0.0330851770780
0.156250000,0.703125000,-0.122173434634,-0.0671953890490
0.171875000,0.703125000,-0.188105995595,-0.103458297577
0.187500000,0.703125000,-0.257177607604,-0.141447684182
0.203125000,0.703125000,-0.328543816432,-0.180699099037
0.218750000,0.703125000,-0.401291730854,-0.220710451970
0.234375000,0.703125000,-0.474441151746,-0.260942633460
0.250000000,0.703125000,-0.546945747219,-0.300820160970
0.265625000,0.703125000,-0.617694265397,-0.339731845969
0.281250000,0.703125000,-0.685511776763,-0.377031477219
0.296875000,0.703125000,-0.749160938841,-0.412038516363
0.312500000,0.703125000,-0.807343275744,-0.444038801659
0.328125000,0.703125000,-0.858700466700,-0.472285256685
0.343750000,0.703125000,-0.901815639928,-0.495998601961
0.359375000,0.703125000,-0.935214667103,-0.514368066906
0.375000000,0.703125000,-0.957367459765,-0.526552102871
0.390625000,0.703125000,-0.966689268337,-0.531679097585
0.406250000,0.703125000,-0.961541990388,-0.528848094713
0.421875000,0.703125000,-0.940235497534,-0.517129523643
0.437500000,0.703125000,-0.901028995352,-0.495565947444
0.453125000,0.703125000,-0.842132439178,-0.463172841548
0.468750000,0.703125000,-0.761708032211,-0.418939417716
0.484375000,0.703125000,-0.657871845457,-0.361829515001
0.500000000,0.703125000,-0.528805370731,-0.290842953902
0.515625000,0.703125000,-0.372335656946,-0.204784611320
0.531250000,0.703125000,-0.186547340934,-0.102601037514
0.546875000,0.703125000,0.0306070556420,0.0168338806031
0.562500000,0.703125000,,
0.578125000,0.703125000,,
0.593750000,0.703125000,,
0.609375000,0.703125000,,
0.625000000,0.703125000,,
0.640625000,0.703125000,,
0.656250000,0.703125000,,
0.671875000,0.703125000,,
0.687500000,0.703125000,,
0.703125000,0.703125000,,
0.718750000,0.703125000,,
0.734375000,0.703125000,,
0.750000000,0.703125000,,
0.765625000,0.703125000,,
0.781250000,0.703125000,,
0.796875000,0.703125000,,
0.812500000,0.703125000,,
0.828125000,0.703125000,,
0.843750000,0.703125000,,
0.859375000,0.703125000,,
0.875000000,0.703125000,,
0.890625000,0.703125000,,
0.906250000,0.703125000,,
0.921875000,0.703125000,,
0.937500000,0.703125000,,
0.953125000,0.703125000,,
0.968750000,0.703125000,,
0.984375000,0.703125000,,
1.000000000,0.703125000,,
-1.000000000,0.718750000,,
-0.984375000,0.718750000,,
-0.968750000,0.718750000,,
-0.953125000,0.718750000,,
-0.937500000,0.718750000,,
-0.921875000,0.718750000,,
-0.906250000,0.718750000,,
-0.890625000,0.718750000,,
-0.875000000,0.718750000,,
-0.859375000,0.718750000,,
-0.843750000,0.718750000,,
-0.828125000,0.718750000,,
-0.812500000,0.718750000,,
-0.796875000,0.718750000,,
-0.781250000,0.718750000,,
-0.765625000,0.718750000,,
-0.750000000,0.718750000,,
-0.734375000,0.718750000,,
-0.718750000,0.718750000,,
-0.703125000,0.718750000,,
-0.687500000,0.718750000,,
-0.671875000,0.718750000,,
-0.656250000,0.718750000,,
-0.640625000,0.718750000,,
-0.625000000,0.718750000,,
-0.609375000,0.718750000,,
-0.593750000,0.718750000,,
-0.578125000,0.718750000,,
-0.562500000,0.718750000,,
-0.546875000,0.718750000,,
-0.531250000,0.718750000,-0.0704479462846,-0.0387463704566
-0.515625000,0.718750000,-0.280003559844,-0.154001957914
-0.500000000,0.718750000,-0.458568587814,-0.252212723298
-0.484375000,0.718750000,-0.608413918505,-0.334627655178
-0.468750000,0.718750000,-0.731446911660,-0.402295801413
-0.453125000,0.718750000,-0.829651273543,-0.456308200449
-0.437500000,0.718750000,-0.904968942584,-0.497732918421
-0.421875000,0.718750000,-0.959297699848,-0.527613734917
-0.406250000,0.718750000,-0.994489008502,-0.546968954676
-0.390625000,0.718750000,-1.01234602801,-0.556790315403
-0.375000000,0.718750000,-1.01462175782,-0.558041966800
-0.359375000,0.718750000,-1.00301727505,-0.551659501277
-0.343750000,0.718750000,-0.979180042478,-0.538549023363
-0.328125000,0.718750000,-0.944702265160,-0.519586245838
-0.312500000,0.718750000,-0.901119283998,-0.495615606199
-0.296875000,0.718750000,-0.849907997530,-0.467449398641
-0.281250000,0.718750000,-0.792485305976,-0.435866918287
-0.265625000,0.718750000,-0.730206578134,-0.401613617974
-0.250000000,0.718750000,-0.664364140491,-0.365400277270
-0.234375000,0.718750000,-0.596185792057,-0.327902185632
-0.218750000,0.718750000,-0.526833350759,-0.289758342918
-0.203125000,0.718750000,-0.457401235847,-0.251570679716
-0.187500000,0.718750000,-0.388915093425,-0.213903301384
-0.171875000,0.718750000,-0.322330473578,-0.177281760468
-0.156250000,0.718750000,-0.258531565386,-0.142192360962
-0.140625000,0.718750000,-0.198329998085,-0.109081498947
-0.125000000,0.718750000,-0.142463716599,-0.0783550441293
-0.109375000,0.718750000,-0.0915959383021,-0.0503777660661
-0.093750000,0.718750000,-0.0463141988358,-0.0254728093597
-0.078125000,0.718750000,-0.00712949275129,-0.00392122101321
-0.062500000,0.718750000,0.0255244839303,0.0140384661617
-0.046875000,0.718750000,0.0512919844267,0.0282105914347
-0.031250000,0.718750000,0.0698957501447,0.0384426625796
-0.015625000,0.718750000,0.0811374341404,0.0446255887772
0.000000000,0.718750000,0.0848979057312,0.0466938481522
0.015625000,0.718750000,0.0811374341404,0.0446255887772
0.031250000,0.718750000,0.0698957501447,0.0384426625796
0.046875000,0.718750000,0.0512919844267,0.0282105914347
0.062500000,0.718750000,0.0255244839303,0.0140384661617
0.078125000,0.718750000,-0.00712949275129,-0.00392122101321
0.093750000,0.718750000,-0.0463141988358,-0.0254728093597
0.109375000,0.718750000,-0.0915959383021,-0.0503777660661
0.125000000,0.718750000,-0.142463716599,-0.0783550441293
0.140625000,0.718750000,-0.198329998085,-0.109081498947
0.156250000,0.718750000,-0.258531565386,-0.142192360962
0.171875000,0.718750000,-0.322330473578,-0.177281760468
0.187500000,0.718750000,-0.388915093425,-0.213903301384
0.203125000,0.718750000,-0.457401235847,-0.251570679716
0.218750000,0.718750000,-0.526833350759,-0.289758342918
0.234375000,0.718750000,-0.596185792057,-0.327902185632
0.250000000,0.718750000,-0.664364140491,-0.365400277270
0.265625000,0.718750000,-0.730206578134,-0.401613617974
0.281250000,0.718750000,-0.792485305976,-0.435866918287
0.296875000,0.718750000,-0.849907997530,-0.467449398641
0.312500000,0.718750000,-0.901119283998,-0.495615606199
0.328125000,0.718750000,-0.944702265160,-0.519586245838
0.343750000,0.718750000,-0.979180042478,-0.538549023363
0.359375000,0.718750000,-1.00301727505,-0.551659501277
0.375000000,0.718750000,-1.01462175782,-0.558041966800
0.390625000,0.718750000,-1.01234602801,-0.556790315403
0.406250000,0.718750000,-0.994489008502,-0.546968954676
0.421875000,0.718750000,-0.959297699848,-0.527613734917
0.437500000,0.718750000,-0.904968942584,-0.497732918421
0.453125000,0.718750000,-0.829651273543,-0.456308200449
0.468750000,0.718750000,-0.731446911660,-0.402295801413
0.484375000,0.718750000,-0.608413918505,-0.334627655178
0.500000000,0.718750000,-0.458568587814,-0.252212723298
0.515625000,0.718750000,-0.280003559844,-0.154001957914
0.531250000,0.718750000,-0.0704479462846,-0.0387463704566
0.546875000,0.718750000,,
0.562500000,0.718750000,,
0.578125000,0.718750000,,
0.593750000,0.718750000,,
0.609375000,0.718750000,,
0.625000000,0.718750000,,
0.640625000,0.718750000,,
0.656250000,0.718750000,,
0.671875000,0.718750000,,
0.687500000,0.718750000,,
0.703125000,0.718750000,,
0.718750000,0.718750000,,
0.734375000,0.718750000,,
0.750000000,0.718750000,,
0.765625000,0.718750000,,
0.781250000,0.718750000,,
0.796875000,0.718750000,,
0.812500000,0.718750000,,
0.828125000,0.718750000,,
0.843750000,0.718750000,,
0.859375000,0.718750000,,
0.875000000,0.718750000,,
0.890625000,0.718750000,,
0.906250000,0.718750000,,
0.921875000,0.718750000,,
0.937500000,0.718750000,,
0.953125000,0.718750000,,
0.968750000,0.718750000,,
0.984375000,0.718750000,,
1.000000000,0.718750000,,
-1.000000000,0.734375000,,
-0.984375000,0.734375000,,
-0.968750000,0.734375000,,
-0.953125000,0.734375000,,
-0.937500000,0.734375000,,
-0.921875000,0.734375000,,
-0.906250000,0.734375000,,
-0.890625000,0.734375000,,
-0.875000000,0.734375000,,
-0.859375000,0.734375000,,
-0.843750000,0.734375000,,
-0.828125000,0.734375000,,
-0.812500000,0.734375000,,
-0.796875000,0.734375000,,
-0.781250000,0.734375000,,
-0.765625000,0.734375000,,
-0.750000000,0.734375000,,
-0.734375000,0.734375000,,
-0.718750000,0.734375000,,
-0.703125000,0.734375000,,
-0.687500000,0.734375000,,
-0.671875000,0.734375000,,
-0.656250000,0.734375000,,
-0.640625000,0.734375000,,
-0.625000000,0.734375000,,
-0.609375000,0.734375000,,
-0.593750000,0.734375000,,
-0.578125000,0.734375000,,
-0.562500000,0.734375000,,
-0.546875000,0.734375000,,
-0.531250000,0.734375000,,
-0.515625000,0.734375000,,
-0.500000000,0.734375000,-0.372245370947,-0.204734954021
-0.484375000,0.734375000,-0.544420898788,-0.299431494333
-0.468750000,0.734375000,-0.688273133442,-0.378550223393
-0.453125000,0.734375000,-0.805837652479,-0.443210708863
-0.437500000,0.734375000,-0.899111411864,-0.494511276525
-0.421875000,0.734375000,-0.970049683287,-0.533527325808
-0.406250000,0.734375000,-1.02056329054,-0.561309809795
-0.390625000,0.734375000,-1.05251608051,-0.578883844280
-0.375000000,0.734375000,-1.06772257581,-0.587247416695
-0.359375000,0.734375000,-1.06794576779,-0.587370172287
-0.343750000,0.734375000,-1.05489502010,-0.580192261053
-0.328125000,0.734375000,-1.03022405570,-0.566623230637
-0.312500000,0.734375000,-0.995529012868,-0.547540957077
-0.296875000,0.734375000,-0.952346556875,-0.523790606281
-0.281250000,0.734375000,-0.902152039763,-0.496183621870
-0.265625000,0.734375000,-0.846357704825,-0.465496737654
-0.250000000,0.734375000,-0.786310934077,-0.432471013742
-0.234375000,0.734375000,-0.723292541142,-0.397810897628
-0.218750000,0.734375000,-0.658515111741,-0.362183311457
-0.203125000,0.734375000,-0.593121397327,-0.326216768530
-0.187500000,0.734375000,-0.528182767127,-0.290500521920
-0.171875000,0.734375000,-0.464697725332,-0.255583748933
-0.156250000,0.734375000,-0.403590500431,-0.221974775237
-0.140625000,0.734375000,-0.345709714056,-0.190140342731
-0.125000000,0.734375000,-0.291827135949,-0.160504924772
-0.109375000,0.734375000,-0.242636533324,-0.133450093328
-0.093750000,0.734375000,-0.198752620619,-0.109313941341
-0.078125000,0.734375000,-0.160710116215,-0.0883905639184
-0.062500000,0.734375000,-0.128962911969,-0.0709296015829
-0.046875000,0.734375000,-0.103883362075,-0.0571358491415
-0.031250000,0.734375000,-0.0857616934246,-0.0471689313835
-0.015625000,0.734375000,-0.0748055435376,-0.0411430489457
0.000000000,0.734375000,-0.0711396288897,-0.0391267958893
0.015625000,0.734375000,-0.0748055435376,-0.0411430489457
0.031250000,0.734375000,-0.0857616934246,-0.0471689313835
0.046875000,0.734375000,-0.103883362075,-0.0571358491415
0.062500000,0.734375000,-0.128962911969,-0.0709296015829
0.078125000,0.734375000,-0.160710116215,-0.0883905639184
0.093750000,0.734375000,-0.198752620619,-0.109313941341
0.109375000,0.734375000,-0.242636533324,-0.133450093328
0.125000000,0.734375000,-0.291827135949,-0.160504924772
0.140625000,0.734375000,-0.345709714056,-0.190140342731
0.156250000,0.734375000,-0.403590500431,-0.221974775237
0.171875000,0.734375000,-0.464697725332,-0.255583748933
0.187500000,0.734375000,-0.528182767127,-0.290500521920
0.203125000,0.734375000,-0.593121397327,-0.326216768530
0.218750000,0.734375000,-0.658515111741,-0.362183311457
0.234375000,0.734375000,-0.723292541142,-0.397810897628
0.250000000,0.734375000,-0.786310934077,-0.432471013742
0.265625000,0.734375000,-0.846357704825,-0.465496737654
0.281250000,0.734375000,-0.902152039763,-0.496183621870
0.296875000,0.734375000,-0.952346556875,-0.523790606281
0.312500000,0.734375000,-0.995529012868,-0.547540957077
0.328125000,0.734375000,-1.03022405570,-0.566623230637
0.343750000,0.734375000,-1.05489502010,-0.580192261053
0.359375000,0.734375000,-1.06794576779,-0.587370172287
0.375000000,0.734375000,-1.06772257581,-0.587247416695
0.390625000,0.734375000,-1.05251608051,-0.578883844280
0.406250000,0.734375000,-1.02056329054,-0.561309809795
0.421875000,0.734375000,-0.970049683287,-0.533527325808
0.437500000,0.734375000,-0.899111411864,-0.494511276525
0.453125000,0.734375000,-0.805837652479,-0.443210708863
0.468750000,0.734375000,-0.688273133442,-0.378550223393
0.484375000,0.734375000,-0.544420898788,-0.299431494333
0.500000000,0.734375000,-0.372245370947,-0.204734954021
0.515625000,0.734375000,,
0.531250000,0.734375000,,
0.546875000,0.734375000,,
0.562500000,0.734375000,,
0.578125000,0.734375000,,
0.593750000,0.734375000,,
0.609375000,0.734375000,,
0.625000000,0.734375000,,
0.640625000,0.734375000,,
0.656250000,0.734375000,,
0.671875000,0.734375000,,
0.687500000,0.734375000,,
0.703125000,0.734375000,,
0.718750000,0.734375000,,
0.734375000,0.734375000,,
0.750000000,0.734375000,,
0.765625000,0.734375000,,
0.781250000,0.734375000,,
0.796875000,0.734375000,,
0.812500000,0.734375000,,
0.828125000,0.734375000,,
0.843750000,0.734375000,,
0.859375000,0.734375000,,
0.875000000,0.734375000,,
0.890625000,0.734375000,,
0.906250000,0.734375000,,
0.921875000,0.734375000,,
0.937500000,0.734375000,,
0.953125000,0.734375000,,
0.968750000,0.734375000,,
0.984375000,0.734375000,,
1.000000000,0.734375000,,
-1.000000000,0.750000000,,
-0.984375000,0.750000000,,
-0.968750000,0.750000000,,
-0.953125000,0.750000000,,
-0.937500000,0.750000000,,
-0.921875000,0.750000000,,
-0.906250000,0.750000000,,
-0.890625000,0.750000000,,
-0.875000000,0.750000000,,
-0.859375000,0.750000000,,
-0.843750000,0.750000000,,
-0.828125000,0.750000000,,
-0.812500000,0.750000000,,
-0.796875000,0.750000000,,
-0.781250000,0.750000000,,
-0.765625000,0.750000000,,
-0.750000000,0.750000000,,
-0.734375000,0.750000000,,
-0.718750000,0.750000000,,
-0.703125000,0.750000000,,
-0.687500000,0.750000000,,
-0.671875000,0.750000000,,
-0.656250000,0.750000000,,
-0.640625000,0.750000000,,
-0.625000000,0.750000000,,
-0.609375000,0.750000000,,
-0.593750000,0.750000000,,
-0.578125000,0.750000000,,
-0.562500000,0.750000000,,
-0.546875000,0.750000000,,
-0.531250000,0.750000000,,
-0.515625000,0.750000000,,
-0.500000000,0.750000000,,
-0.484375000,0.750000000,-0.464085743073,-0.255247158690
-0.468750000,0.750000000,-0.630436289901,-0.346739959445
-0.453125000,0.750000000,-0.769001854021,-0.422951019712
-0.437500000,0.750000000,-0.881830574615,-0.485006816038
-0.421875000,0.750000000,-0.970931961454,-0.534012578800
-0.406250000,0.750000000,-1.03827345594,-0.571050400766
-0.390625000,0.750000000,-1.08577729477,-0.597177512122
-0.375000000,0.750000000,-1.11531761601,-0.613424688804
-0.359375000,0.750000000,-1.12871775778,-0.620794766780
-0.343750000,0.750000000,-1.12774771211,-0.620261241661
-0.328125000,0.750000000,-1.11412170435,-0.612766937390
-0.312500000,0.750000000,-1.08949587674,-0.599222732207
-0.296875000,0.750000000,-1.05546605857,-0.580506332212
-0.281250000,0.750000000,-1.01356561419,-0.557461087804
-0.265625000,0.750000000,-0.965263360507,-0.530894848279
-0.250000000,0.750000000,-0.911961550950,-0.501578853022
-0.234375000,0.750000000,-0.854993926280,-0.470246659454
-0.218750000,0.750000000,-0.795623831709,-0.437593107440
-0.203125000,0.750000000,-0.735042406398,-0.404273323519
-0.187500000,0.750000000,-0.674366847420,-0.370901766081
-0.171875000,0.750000000,-0.614638754832,-0.338051315158
-0.156250000,0.750000000,-0.556822564171,-0.306252410294
-0.140625000,0.750000000,-0.501804072610,-0.275992239935
-0.125000000,0.750000000,-0.450389065096,-0.247713985803
-0.109375000,0.750000000,-0.403302048707,-0.221816126789
-0.093750000,0.750000000,-0.361185098976,-0.198651804437
-0.078125000,0.750000000,-0.324596827494,-0.178528255122
-0.062500000,0.750000000,-0.294011473612,-0.161706310487
-0.046875000,0.750000000,-0.269818127868,-0.148399970328
-0.031250000,0.750000000,-0.252320089508,-0.138776049230
-0.015625000,0.750000000,-0.241734362910,-0.132953899600
0.000000000,0.750000000,-0.238191296165,-0.131005212891
0.015625000,0.750000000,-0.241734362910,-0.132953899600
0.031250000,0.750000000,-0.252320089508,-0.138776049230
0.046875000,0.750000000,-0.269818127868,-0.148399970328
0.062500000,0.750000000,-0.294011473612,-0.161706310487
0.078125000,0.750000000,-0.324596827494,-0.178528255122
0.093750000,0.750000000,-0.361185098976,-0.198651804437
0.109375000,0.750000000,-0.403302048707,-0.221816126789
0.125000000,0.750000000,-0.450389065096,-0.247713985803
0.140625000,0.750000000,-0.501804072610,-0.275992239935
0.156250000,0.750000000,-0.556822564171,-0.306252410294
0.171875000,0.750000000,-0.614638754832,-0.338051315158
0.187500000,0.750000000,-0.674366847420,-0.370901766081
0.203125000,0.750000000,-0.735042406398,-0.404273323519
0.218750000,0.750000000,-0.795623831709,-0.437593107440
0.234375000,0.750000000,-0.854993926280,-0.470246659454
0.250000000,0.750000000,-0.911961550950,-0.501578853022
0.265625000,0.750000000,-0.965263360507,-0.530894848279
0.281250000,0.750000000,-1.01356561419,-0.557461087804
0.296875000,0.750000000,-1.05546605857,-0.580506332212
0.312500000,0.750000000,-1.08949587674,-0.599222732207
0.328125000,0.750000000,-1.11412170435,-0.612766937390
0.343750000,0.750000000,-1.12774771211,-0.620261241661
0.359375000,0.750000000,-1.12871775778,-0.620794766780
0.375000000,0.750000000,-1.11531761601,-0.613424688804
0.390625000,0.750000000,-1.08577729477,-0.597177512122
0.406250000,0.750000000,-1.03827345594,-0.571050400766
0.421875000,0.750000000,-0.970931961454,-0.534012578800
0.437500000,0.750000000,-0.881830574615,-0.485006816038
0.453125000,0.750000000,-0.769001854021,-0.422951019712
0.468750000,0.750000000,-0.630436289901,-0.346739959445
0.484375000,0.750000000,-0.464085743073,-0.255247158690
0.500000000,0.750000000,,
0.515625000,0.750000000,,
0.531250000,0.750000000,,
0.546875000,0.750000000,,
0.562500000,0.750000000,,
0.578125000,0.750000000,,
0.593750000,0.750000000,,
0.609375000,0.750000000,,
0.625000000,0.750000000,,
0.640625000,0.750000000,,
0.656250000,0.750000000,,
0.671875000,0.750000000,,
0.687500000,0.750000000,,
0.703125000,0.750000000,,
0.718750000,0.750000000,,
0.734375000,0.750000000,,
0.750000000,0.750000000,,
0.765625000,0.750000000,,
0.781250000,0.750000000,,
0.796875000,0.750000000,,
0.812500000,0.750000000,,
0.828125000,0.750000000,,
0.843750000,0.750000000,,
0.859375000,0.750000000,,
0.875000000,0.750000000,,
0.890625000,0.750000000,,
0.906250000,0.750000000,,
0.921875000,0.750000000,,
0.937500000,0.750000000,,
0.953125000,0.750000000,,
0.968750000,0.750000000,,
0.984375000,0.750000000,,
1.000000000,0.750000000,,
-1.000000000,0.765625000,,
-0.984375000,0.765625000,,
-0.968750000,0.765625000,,
-0.953125000,0.765625000,,
-0.937500000,0.765625000,,
-0.921875000,0.765625000,,
-0.906250000,0.765625000,,
-0.890625000,0.765625000,,
-0.875000000,0.765625000,,
-0.859375000,0.765625000,,
-0.843750000,0.765625000,,
-0.828125000,0.765625000,,
-0.812500000,0.765625000,,
-0.796875000,0.765625000,,
-0.781250000,0.765625000,,
-0.765625000,0.765625000,,
-0.750000000,0.765625000,,
-0.734375000,0.765625000,,
-0.718750000,0.765625000,,
-0.703125000,0.765625000,,
-0.687500000,0.765625000,,
-0.671875000,0.765625000,,
-0.656250000,0.765625000,,
-0.640625000,0.765625000,,
-0.625000000,0.765625000,,
-0.609375000,0.765625000,,
-0.593750000,0.765625000,,
-0.578125000,0.765625000,,
-0.562500000,0.765625000,,
-0.546875000,0.765625000,,
-0.531250000,0.765625000,,
-0.515625000,0.765625000,,
-0.500000000,0.765625000,,
-0.484375000,0.765625000,,
-0.468750000,0.765625000,,
-0.453125000,0.765625000,-0.717343037943,-0.394538670869
-0.437500000,0.765625000,-0.851381320793,-0.468259726436
-0.421875000,0.765625000,-0.960258639990,-0.528142251994
-0.406250000,0.765625000,-1.04599551634,-0.575297533989
-0.390625000,0.765625000,-1.11056956111,-0.610813258612
-0.375000000,0.765625000,-1.15591197042,-0.635751583733
-0.359375000,0.765625000,-1.18390427260,-0.651147349930
-0.343750000,0.765625000,-1.19637528311,-0.658006405709
-0.328125000,0.765625000,-1.19509823086,-0.657304026976
-0.312500000,0.765625000,-1.18178802958,-0.649983416271
-0.296875000,0.765625000,-1.15809867204,-0.636954269623
-0.281250000,0.765625000,-1.12562073422,-0.619091403819
-0.265625000,0.765625000,-1.08587897780,-0.597233437791
-0.250000000,0.765625000,-1.04033004649,-0.572181525571
-0.234375000,0.765625000,-0.990360250851,-0.544698137968
-0.218750000,0.765625000,-0.937283444277,-0.515505894352
-0.203125000,0.765625000,-0.882338988654,-0.485286443759
-0.187500000,0.765625000,-0.826689815128,-0.454679398321
-0.171875000,0.765625000,-0.771420583167,-0.424281320742
-0.156250000,0.765625000,-0.717535943265,-0.394644768795
-0.140625000,0.765625000,-0.665958909620,-0.366277400291
-0.125000000,0.765625000,-0.617529347450,-0.339641141097
-0.109375000,0.765625000,-0.573002583094,-0.315151420702
-0.093750000,0.765625000,-0.533048140595,-0.293176477327
-0.078125000,0.765625000,-0.498248612784,-0.274036737031
-0.062500000,0.765625000,-0.469098670165,-0.258004268591
-0.046875000,0.765625000,-0.446004214152,-0.245302317784
-0.031250000,0.765625000,-0.429281677887,-0.236104922838
-0.015625000,0.765625000,-0.419157478721,-0.230536613296
0.000000000,0.765625000,-0.415767624806,-0.228672193643
0.015625000,0.765625000,-0.419157478721,-0.230536613296
0.031250000,0.765625000,-0.429281677887,-0.236104922838
0.046875000,0.765625000,-0.446004214152,-0.245302317784
0.062500000,0.765625000,-0.469098670165,-0.258004268591
0.078125000,0.765625000,-0.498248612784,-0.274036737031
0.093750000,0.765625000,-0.533048140595,-0.293176477327
0.109375000,0.765625000,-0.573002583094,-0.315151420702
0.125000000,0.765625000,-0.617529347450,-0.339641141097
0.140625000,0.765625000,-0.665958909620,-0.366277400291
0.156250000,0.765625000,-0.717535943265,-0.394644768795
0.171875000,0.765625000,-0.771420583167,-0.424281320742
0.187500000,0.765625000,-0.826689815128,-0.454679398321
0.203125000,0.765625000,-0.882338988654,-0.485286443759
0.218750000,0.765625000,-0.937283444277,-0.515505894352
0.234375000,0.765625000,-0.990360250851,-0.544698137968
0.250000000,0.765625000,-1.04033004649,-0.572181525571
0.265625000,0.765625000,-1.08587897780,-0.597233437791
0.281250000,0.765625000,-1.12562073422,-0.619091403819
0.296875000,0.765625000,-1.15809867204,-0.636954269623
0.312500000,0.765625000,-1.18178802958,-0.649983416271
0.328125000,0.765625000,-1.19509823086,-0.657304026976
0.343750000,0.765625000,-1.19637528311,-0.658006405709
0.359375000,0.765625000,-1.18390427260,-0.651147349930
0.375000000,0.765625000,-1.15591197042,-0.635751583733
0.390625000,0.765625000,-1.11056956111,-0.610813258612
0.406250000,0.765625000,-1.04599551634,-0.575297533989
0.421875000,0.765625000,-0.960258639990,-0.528142251994
0.437500000,0.765625000,-0.851381320793,-0.468259726436
0.453125000,0.765625000,-0.717343037943,-0.394538670869
0.468750000,0.765625000,,
0.484375000,0.765625000,,
0.500000000,0.765625000,,
0.515625000,0.765625000,,
0.531250000,0.765625000,,
0.546875000,0.765625000,,
0.562500000,0.765625000,,
0.578125000,0.765625000,,
0.593750000,0.765625000,,
0.609375000,0.765625000,,
0.625000000,0.765625000,,
0.640625000,0.765625000,,
0.656250000,0.765625000,,
0.671875000,0.765625000,,
0.687500000,0.765625000,,
0.703125000,0.765625000,,
0.718750000,0.765625000,,
0.734375000,0.765625000,,
0.750000000,0.765625000,,
0.765625000,0.765625000,,
0.781250000,0.765625000,,
0.796875000,0.765625000,,
0.812500000,0.765625000,,
0.828125000,0.765625000,,
0.843750000,0.765625000,,
0.859375000,0.765625000,,
0.875000000,0.765625000,,
0.890625000,0.765625000,,
0.906250000,0.765625000,,
0.921875000,0.765625000,,
0.937500000,0.765625000,,
0.953125000,0.765625000,,
0.968750000,0.765625000,,
0.984375000,0.765625000,,
1.000000000,0.765625000,,
-1.000000000,0.781250000,,
-0.984375000,0.781250000,,
-0.968750000,0.781250000,,
-0.953125000,0.781250000,,
-0.937500000,0.781250000,,
-0.921875000,0.781250000,,
-0.906250000,0.781250000,,
-0.890625000,0.781250000,,
-0.875000000,0.781250000,,
-0.859375000,0.781250000,,
-0.843750000,0.781250000,,
-0.828125000,0.781250000,,
-0.812500000,0.781250000,,
-0.796875000,0.781250000,,
-0.781250000,0.781250000,,
-0.765625000,0.781250000,,
-0.750000000,0.781250000,,
-0.734375000,0.781250000,,
-0.718750000,0.781250000,,
-0.703125000,0.781250000,,
-0.687500000,0.781250000,,
-0.671875000,0.781250000,,
-0.656250000,0.781250000,,
-0.640625000,0.781250000,,
-0.625000000,0.781250000,,
-0.609375000,0.781250000,,
-0.593750000,0.781250000,,
-0.578125000,0.781250000,,
-0.562500000,0.781250000,,
-0.546875000,0.781250000,,
-0.531250000,0.781250000,,
-0.515625000,0.781250000,,
-0.500000000,0.781250000,,
-0.484375000,0.781250000,,
-0.468750000,0.781250000,,
-0.453125000,0.781250000,,
-0.437500000,0.781250000,,
-0.421875000,0.781250000,-0.936228571542,-0.514925714348
-0.406250000,0.781250000,-1.04198185420,-0.573090019809
-0.390625000,0.781250000,-1.12520176914,-0.618860973029
-0.375000000,0.781250000,-1.18787325948,-0.653330292711
-0.359375000,0.781250000,-1.23193320516,-0.677563262840
-0.343750000,0.781250000,-1.25926682127,-0.692596751700
-0.328125000,0.781250000,-1.27170428088,-0.699437354486
-0.312500000,0.781250000,-1.27101752830,-0.699059640565
-0.296875000,0.781250000,-1.25891725734,-0.692404491534
-0.281250000,0.781250000,-1.23705003569,-0.680377519630
-0.265625000,0.781250000,-1.20699556184,-0.663847559014
-0.250000000,0.781250000,-1.17026404258,-0.643645223418
-0.234375000,0.781250000,-1.12829368993,-0.620561529459
-0.218750000,0.781250000,-1.08244833023,-0.595346581626
-0.203125000,0.781250000,-1.03401512812,-0.568708320467
-0.187500000,0.781250000,-0.984202425221,-0.541311333871
-0.171875000,0.781250000,-0.934137696932,-0.513775733313
-0.156250000,0.781250000,-0.884865631707,-0.486676097439
-0.140625000,0.781250000,-0.837346337394,-0.460540485567
-0.125000000,0.781250000,-0.792453678703,-0.435849523287
-0.109375000,0.781250000,-0.750973753427,-0.413035564385
-0.093750000,0.781250000,-0.713603510942,-0.392481931018
-0.078125000,0.781250000,-0.680949519021,-0.374522235461
-0.062500000,0.781250000,-0.653526884242,-0.359439786333
-0.046875000,0.781250000,-0.631758329689,-0.347467081329
-0.031250000,0.781250000,-0.615973435128,-0.338785389320
-0.015625000,0.781250000,-0.606408041889,-0.333524423039
0.000000000,0.781250000,-0.603203826174,-0.331762104396
0.015625000,0.781250000,-0.606408041889,-0.333524423039
0.031250000,0.781250000,-0.615973435128,-0.338785389320
0.046875000,0.781250000,-0.631758329689,-0.347467081329
0.062500000,0.781250000,-0.653526884242,-0.359439786333
0.078125000,0.781250000,-0.680949519021,-0.374522235461
0.093750000,0.781250000,-0.713603510942,-0.392481931018
0.109375000,0.781250000,-0.750973753427,-0.413035564385
0.125000000,0.781250000,-0.792453678703,-0.435849523287
0.140625000,0.781250000,-0.837346337394,-0.460540485567
0.156250000,0.781250000,-0.884865631707,-0.486676097439
0.171875000,0.781250000,-0.934137696932,-0.513775733313
0.187500000,0.781250000,-0.984202425221,-0.541311333871
0.203125000,0.781250000,-1.03401512812,-0.568708320467
0.218750000,0.781250000,-1.08244833023,-0.595346581626
0.234375000,0.781250000,-1.12829368993,-0.620561529459
0.250000000,0.781250000,-1.17026404258,-0.643645223418
0.265625000,0.781250000,-1.20699556184,-0.663847559014
0.281250000,0.781250000,-1.23705003569,-0.680377519630
0.296875000,0.781250000,-1.25891725734,-0.692404491534
0.312500000,0.781250000,-1.27101752830,-0.699059640565
0.328125000,0.781250000,-1.27170428088,-0.699437354486
0.343750000,0.781250000,-1.25926682127,-0.692596751700
0.359375000,0.781250000,-1.23193320516,-0.677563262840
0.375000000,0.781250000,-1.18787325948,-0.653330292711
0.390625000,0.781250000,-1.12520176914,-0.618860973029
0.406250000,0.781250000,-1.04198185420,-0.573090019809
0.421875000,0.781250000,-0.936228571542,-0.514925714348
0.437500000,0.781250000,,
0.453125000,0.781250000,,
0.468750000,0.781250000,,
0.484375000,0.781250000,,
0.500000000,0.781250000,,
0.515625000,0.781250000,,
0.531250000,0.781250000,,
0.546875000,0.781250000,,
0.562500000,0.781250000,,
0.578125000,0.781250000,,
0.593750000,0.781250000,,
0.609375000,0.781250000,,
0.625000000,0.781250000,,
0.640625000,0.781250000,,
0.656250000,0.781250000,,
0.671875000,0.781250000,,
0.687500000,0.781250000,,
0.703125000,0.781250000,,
0.718750000,0.781250000,,
0.734375000,0.781250000,,
0.750000000,0.781250000,,
0.765625000,0.781250000,,
0.781250000,0.781250000,,
0.796875000,0.781250000,,
0.812500000,0.781250000,,
0.828125000,0.781250000,,
0.843750000,0.781250000,,
0.859375000,0.781250000,,
0.875000000,0.781250000,,
0.890625000,0.781250000,,
0.906250000,0.781250000,,
0.921875000,0.781250000,,
0.937500000,0.781250000,,
0.953125000,0.781250000,,
0.968750000,0.781250000,,
0.984375000,0.781250000,,
1.000000000,0.781250000,,
-1.000000000,0.796875000,,
-0.984375000,0.796875000,,
-0.968750000,0.796875000,,
-0.953125000,0.796875000,,
-0.937500000,0.796875000,,
-0.921875000,0.796875000,,
-0.906250000,0.796875000,,
-0.890625000,0.796875000,,
-0.875000000,0.796875000,,
-0.859375000,0.796875000,,
-0.843750000,0.796875000,,
-0.828125000,0.796875000,,
-0.812500000,0.796875000,,
-0.796875000,0.796875000,,
-0.781250000,0.796875000,,
-0.765625000,0.796875000,,
-0.750000000,0.796875000,,
-0.734375000,0.796875000,,
-0.718750000,0.796875000,,
-0.703125000,0.796875000,,
-0.687500000,0.796875000,,
-0.671875000,0.796875000,,
-0.656250000,0.796875000,,
-0.640625000,0.796875000,,
-0.625000000,0.796875000,,
-0.609375000,0.796875000,,
-0.593750000,0.796875000,,
-0.578125000,0.796875000,,
-0.562500000,0.796875000,,
-0.546875000,0.796875000,,
-0.531250000,0.796875000,,
-0.515625000,0.796875000,,
-0.500000000,0.796875000,,
-0.484375000,0.796875000,,
-0.468750000,0.796875000,,
-0.453125000,0.796875000,,
-0.437500000,0.796875000,,
-0.421875000,0.796875000,,
-0.406250000,0.796875000,,
-0.390625000,0.796875000,,
-0.375000000,0.796875000,-1.20944238846,-0.665193313654
-0.359375000,0.796875000,-1.27109804385,-0.699103924120
-0.343750000,0.796875000,-1.31477020603,-0.723123613317
-0.328125000,0.796875000,-1.34234328179,-0.738288804984
-0.312500000,0.796875000,-1.35564391495,-0.745604153222
-0.296875000,0.796875000,-1.35643750256,-0.746040626408
-0.281250000,0.796875000,-1.34642489894,-0.740533694415
-0.265625000,0.796875000,-1.32723928875,-0.729981608814
-0.250000000,0.796875000,-1.30044321669,-0.715243769178
-0.234375000,0.796875000,-1.26752576427,-0.697139170349
-0.218750000,0.796875000,-1.22989986877,-0.676444927821
-0.203125000,0.796875000,-1.18889978109,-0.653894879602
-0.187500000,0.796875000,-1.14577866256,-0.630178264409
-0.171875000,0.796875000,-1.10170632158,-0.605938476868
-0.156250000,0.796875000,-1.05776709318,-0.581771901250
-0.140625000,0.796875000,-1.01495786418,-0.558226825299
-0.125000000,0.796875000,-0.974186249384,-0.535802437161
-0.109375000,0.796875000,-0.936268922433,-0.514947907338
-0.093750000,0.796875000,-0.901930106353,-0.496061558494
-0.078125000,0.796875000,-0.871800228582,-0.479490125720
-0.062500000,0.796875000,-0.846414745308,-0.465528109920
-0.046875000,0.796875000,-0.826213138341,-0.454417226088
-0.031250000,0.796875000,-0.811538089860,-0.446345949423
-0.015625000,0.796875000,-0.802634836200,-0.441449159910
0.000000000,0.796875000,-0.799650704922,-0.439807887707
0.015625000,0.796875000,-0.802634836200,-0.441449159910
0.031250000,0.796875000,-0.811538089860,-0.446345949423
0.046875000,0.796875000,-0.826213138341,-0.454417226088
0.062500000,0.796875000,-0.846414745308,-0.465528109920
0.078125000,0.796875000,-0.871800228582,-0.479490125720
0.093750000,0.796875000,-0.901930106353,-0.496061558494
0.109375000,0.796875000,-0.936268922433,-0.514947907338
0.125000000,0.796875000,-0.974186249384,-0.535802437161
0.140625000,0.796875000,-1.01495786418,-0.558226825299
0.156250000,0.796875000,-1.05776709318,-0.581771901250
0.171875000,0.796875000,-1.10170632158,-0.605938476868
0.187500000,0.796875000,-1.14577866256,-0.630178264409
0.203125000,0.796875000,-1.18889978109,-0.653894879602
0.218750000,0.796875000,-1.22989986877,-0.676444927821
0.234375000,0.796875000,-1.26752576427,-0.697139170349
0.250000000,0.796875000,-1.30044321669,-0.715243769178
0.265625000,0.796875000,-1.32723928875,-0.729981608814
0.281250000,0.796875000,-1.34642489894,-0.740533694415
0.296875000,0.796875000,-1.35643750256,-0.746040626408
0.312500000,0.796875000,-1.35564391495,-0.745604153222
0.328125000,0.796875000,-1.34234328179,-0.738288804984
0.343750000,0.796875000,-1.31477020603,-0.723123613317
0.359375000,0.796875000,-1.27109804385,-0.699103924120
0.375000000,0.796875000,-1.20944238846,-0.665193313654
0.390625000,0.796875000,,
0.406250000,0.796875000,,
0.421875000,0.796875000,,
0.437500000,0.796875000,,
0.453125000,0.796875000,,
0.468750000,0.796875000,,
0.484375000,0.796875000,,
0.500000000,0.796875000,,
0.515625000,0.796875000,,
0.531250000,0.796875000,,
0.546875000,0.796875000,,
0.562500000,0.796875000,,
0.578125000,0.796875000,,
0.593750000,0.796875000,,
0.609375000,0.796875000,,
0.625000000,0.796875000,,
0.640625000,0.796875000,,
0.656250000,0.796875000,,
0.671875000,0.796875000,,
0.687500000,0.796875000,,
0.703125000,0.796875000,,
0.718750000,0.796875000,,
0.734375000,0.796875000,,
0.750000000,0.796875000,,
0.765625000,0.796875000,,
0.781250000,0.796875000,,
0.796875000,0.796875000,,
0.812500000,0.796875000,,
0.828125000,0.796875000,,
0.843750000,0.796875000,,
0.859375000,0.796875000,,
0.875000000,0.796875000,,
0.890625000,0.796875000,,
0.906250000,0.796875000,,
0.921875000,0.796875000,,
0.937500000,0.796875000,,
0.953125000,0.796875000,,
0.968750000,0.796875000,,
0.984375000,0.796875000,,
1.000000000,0.796875000,,
-1.000000000,0.812500000,,
-0.984375000,0.812500000,,
-0.968750000,0.812500000,,
-0.953125000,0.812500000,,
-0.937500000,0.812500000,,
-0.921875000,0.812500000,,
-0.906250000,0.812500000,,
-0.890625000,0.812500000,,
-0.875000000,0.812500000,,
-0.859375000,0.812500000,,
-0.843750000,0.812500000,,
-0.828125000,0.812500000,,
-0.812500000,0.812500000,,
-0.796875000,0.812500000,,
-0.781250000,0.812500000,,
-0.765625000,0.812500000,,
-0.750000000,0.812500000,,
-0.734375000,0.812500000,,
-0.718750000,0.812500000,,
-0.703125000,0.812500000,,
-0.687500000,0.812500000,,
-0.671875000,0.812500000,,
-0.656250000,0.812500000,,
-0.640625000,0.812500000,,
-0.625000000,0.812500000,,
-0.609375000,0.812500000,,
-0.593750000,0.812500000,,
-0.578125000,0.812500000,,
-0.562500000,0.812500000,,
-0.546875000,0.812500000,,
-0.531250000,0.812500000,,
-0.515625000,0.812500000,,
-0.500000000,0.812500000,,
-0.484375000,0.812500000,,
-0.468750000,0.812500000,,
-0.453125000,0.812500000,,
-0.437500000,0.812500000,,
-0.421875000,0.812500000,,
-0.406250000,0.812500000,,
-0.390625000,0.812500000,,
-0.375000000,0.812500000,,
-0.359375000,0.812500000,,
-0.343750000,0.812500000,-1.36110535588,-0.748607945734
-0.328125000,0.812500000,-1.40528263760,-0.772905450682
-0.312500000,0.812500000,-1.43398352489,-0.788690938691
-0.296875000,0.812500000,-1.44902549859,-0.796964024226
-0.281250000,0.812500000,-1.45216143011,-0.798688786559
-0.265625000,0.812500000,-1.44507602948,-0.794791816214
-0.250000000,0.812500000,-1.42938248922,-0.786160369073
-0.234375000,0.812500000,-1.40661930891,-0.773640619900
-0.218750000,0.812500000,-1.37824729406,-0.758036011732
-0.203125000,0.812500000,-1.34564672216,-0.740105697190
-0.187500000,0.812500000,-1.31011467430,-0.720563070867
-0.171875000,0.812500000,-1.27286253082,-0.700074391953
-0.156250000,0.812500000,-1.23501363288,-0.679257498083
-0.140625000,0.812500000,-1.19760111089,-0.658680610988
-0.125000000,0.812500000,-1.16156588447,-0.638861236457
-0.109375000,0.812500000,-1.12775483595,-0.620265159774
-0.093750000,0.812500000,-1.09691916182,-0.603305539004
-0.078125000,0.812500000,-1.06971290720,-0.588342098959
-0.062500000,0.812500000,-1.04669168587,-0.575680427228
-0.046875000,0.812500000,-1.02831158999,-0.565571374496
-0.031250000,0.812500000,-1.01492829394,-0.558210561667
-0.015625000,0.812500000,-1.00679635309,-0.553737994200
0.000000000,0.812500000,-1.00406870220,-0.552237786211
0.015625000,0.812500000,-1.00679635309,-0.553737994200
0.031250000,0.812500000,-1.01492829394,-0.558210561667
0.046875000,0.812500000,-1.02831158999,-0.565571374496
0.062500000,0.812500000,-1.04669168587,-0.575680427228
0.078125000,0.812500000,-1.06971290720,-0.588342098959
0.093750000,0.812500000,-1.09691916182,-0.603305539004
0.109375000,0.812500000,-1.12775483595,-0.620265159774
0.125000000,0.812500000,-1.16156588447,-0.638861236457
0.140625000,0.812500000,-1.19760111089,-0.658680610988
0.156250000,0.812500000,-1.23501363288,-0.679257498083
0.171875000,0.812500000,-1.27286253082,-0.700074391953
0.187500000,0.812500000,-1.31011467430,-0.720563070867
0.203125000,0.812500000,-1.34564672216,-0.740105697190
0.218750000,0.812500000,-1.37824729406,-0.758036011732
0.234375000,0.812500000,-1.40661930891,-0.773640619900
0.250000000,0.812500000,-1.42938248922,-0.786160369073
0.265625000,0.812500000,-1.44507602948,-0.794791816214
0.281250000,0.812500000,-1.45216143011,-0.798688786559
0.296875000,0.812500000,-1.44902549859,-0.796964024226
0.312500000,0.812500000,-1.43398352489,-0.788690938691
0.328125000,0.812500000,-1.40528263760,-0.772905450682
0.343750000,0.812500000,-1.36110535588,-0.748607945734
0.359375000,0.812500000,,
0.375000000,0.812500000,,
0.390625000,0.812500000,,
0.406250000,0.812500000,,
0.421875000,0.812500000,,
0.437500000,0.812500000,,
0.453125000,0.812500000,,
0.468750000,0.812500000,,
0.484375000,0.812500000,,
0.500000000,0.812500000,,
0.515625000,0.812500000,,
0.531250000,0.812500000,,
0.546875000,0.812500000,,
0.562500000,0.812500000,,
0.578125000,0.812500000,,
0.593750000,0.812500000,,
0.609375000,0.812500000,,
0.625000000,0.812500000,,
0.640625000,0.812500000,,
0.656250000,0.812500000,,
0.671875000,0.812500000,,
0.687500000,0.812500000,,
0.703125000,0.812500000,,
0.718750000,0.812500000,,
0.734375000,0.812500000,,
0.750000000,0.812500000,,
0.765625000,0.812500000,,
0.781250000,0.812500000,,
0.796875000,0.812500000,,
0.812500000,0.812500000,,
0.828125000,0.812500000,,
0.843750000,0.812500000,,
0.859375000,0.812500000,,
0.875000000,0.812500000,,
0.890625000,0.812500000,,
0.906250000,0.812500000,,
0.921875000,0.812500000,,
0.937500000,0.812500000,,
0.953125000,0.812500000,,
0.968750000,0.812500000,,
0.984375000,0.812500000,,
1.000000000,0.812500000,,
-1.000000000,0.828125000,,
-0.984375000,0.828125000,,
-0.968750000,0.828125000,,
-0.953125000,0.828125000,,
-0.937500000,0.828125000,,
-0.921875000,0.828125000,,
-0.906250000,0.828125000,,
-0.890625000,0.828125000,,
-0.875000000,0.828125000,,
-0.859375000,0.828125000,,
-0.843750000,0.828125000,,
-0.828125000,0.828125000,,
-0.812500000,0.828125000,,
-0.796875000,0.828125000,,
-0.781250000,0.828125000,,
-0.765625000,0.828125000,,
-0.750000000,0.828125000,,
-0.734375000,0.828125000,,
-0.718750000,0.828125000,,
-0.703125000,0.828125000,,
-0.687500000,0.828125000,,
-0.671875000,0.828125000,,
-0.656250000,0.828125000,,
-0.640625000,0.828125000,,
-0.625000000,0.828125000,,
-0.609375000,0.828125000,,
-0.593750000,0.828125000,,
-0.578125000,0.828125000,,
-0.562500000,0.828125000,,
-0.546875000,0.828125000,,
-0.531250000,0.828125000,,
-0.515625000,0.828125000,,
-0.500000000,0.828125000,,
-0.484375000,0.828125000,,
-0.468750000,0.828125000,,
-0.453125000,0.828125000,,
-0.437500000,0.828125000,,
-0.421875000,0.828125000,,
-0.406250000,0.828125000,,
-0.390625000,0.828125000,,
-0.375000000,0.828125000,,
-0.359375000,0.828125000,,
-0.343750000,0.828125000,,
-0.328125000,0.828125000,,
-0.312500000,0.828125000,,
-0.296875000,0.828125000,-1.53491229335,-0.844201761341
-0.281250000,0.828125000,-1.55253310852,-0.853893209684
-0.265625000,0.828125000,-1.55882224554,-0.857352235048
-0.250000000,0.828125000,-1.55544131666,-0.855492724163
-0.234375000,0.828125000,-1.54397630040,-0.849186965220
-0.218750000,0.828125000,-1.52593418688,-0.839263802786
-0.203125000,0.828125000,-1.50273982224,-0.826506902230
-0.187500000,0.828125000,-1.47573294830,-0.811653121563
-0.171875000,0.828125000,-1.44616543395,-0.795390988670
-0.156250000,0.828125000,-1.41519869789,-0.778359283838
-0.140625000,0.828125000,-1.38390132221,-0.761145727213
-0.125000000,0.828125000,-1.35324685924,-0.744285772583
-0.109375000,0.828125000,-1.32411183371,-0.728261508541
-0.093750000,0.828125000,-1.29727394383,-0.713500669109
-0.078125000,0.828125000,-1.27341046329,-0.700375754807
-0.062500000,0.828125000,-1.25309684904,-0.689203266970
-0.046875000,0.828125000,-1.23680555605,-0.680243055830
-0.031250000,0.828125000,-1.22490506439,-0.673697785415
-0.015625000,0.828125000,-1.21765911881,-0.669712515343
0.000000000,0.828125000,-1.21522618426,-0.668374401342
0.015625000,0.828125000,-1.21765911881,-0.669712515343
0.031250000,0.828125000,-1.22490506439,-0.673697785415
0.046875000,0.828125000,-1.23680555605,-0.680243055830
0.062500000,0.828125000,-1.25309684904,-0.689203266970
0.078125000,0.828125000,-1.27341046329,-0.700375754807
0.093750000,0.828125000,-1.29727394383,-0.713500669109
0.109375000,0.828125000,-1.32411183371,-0.728261508541
0.125000000,0.828125000,-1.35324685924,-0.744285772583
0.140625000,0.828125000,-1.38390132221,-0.761145727213
0.156250000,0.828125000,-1.41519869789,-0.778359283838
0.171875000,0.828125000,-1.44616543395,-0.795390988670
0.187500000,0.828125000,-1.47573294830,-0.811653121563
0.203125000,0.828125000,-1.50273982224,-0.826506902230
0.218750000,0.828125000,-1.52593418688,-0.839263802786
0.234375000,0.828125000,-1.54397630040,-0.849186965220
0.250000000,0.828125000,-1.55544131666,-0.855492724163
0.265625000,0.828125000,-1.55882224554,-0.857352235048
0.281250000,0.828125000,-1.55253310852,-0.853893209684
0.296875000,0.828125000,-1.53491229335,-0.844201761341
0.312500000,0.828125000,,
0.328125000,0.828125000,,
0.343750000,0.828125000,,
0.359375000,0.828125000,,
0.375000000,0.828125000,,
0.390625000,0.828125000,,
0.406250000,0.828125000,,
0.421875000,0.828125000,,
0.437500000,0.828125000,,
0.453125000,0.828125000,,
0.468750000,0.828125000,,
0.484375000,0.828125000,,
0.500000000,0.828125000,,
0.515625000,0.828125000,,
0.531250000,0.828125000,,
0.546875000,0.828125000,,
0.562500000,0.828125000,,
0.578125000,0.828125000,,
0.593750000,0.828125000,,
0.609375000,0.828125000,,
0.625000000,0.828125000,,
0.640625000,0.828125000,,
0.656250000,0.828125000,,
0.671875000,0.828125000,,
0.687500000,0.828125000,,
0.703125000,0.828125000,,
0.718750000,0.828125000,,
0.734375000,0.828125000,,
0.750000000,0.828125000,,
0.765625000,0.828125000,,
0.781250000,0.828125000,,
0.796875000,0.828125000,,
0.812500000,0.828125000,,
0.828125000,0.828125000,,
0.843750000,0.828125000,,
0.859375000,0.828125000,,
0.875000000,0.828125000,,
0.890625000,0.828125000,,
0.906250000,0.828125000,,
0.921875000,0.828125000,,
0.937500000,0.828125000,,
0.953125000,0.828125000,,
0.968750000,0.828125000,,
0.984375000,0.828125000,,
1.000000000,0.828125000,,
-1.000000000,0.843750000,,
-0.984375000,0.843750000,,
-0.968750000,0.843750000,,
-0.953125000,0.843750000,,
-0.937500000,0.843750000,,
-0.921875000,0.843750000,,
-0.906250000,0.843750000,,
-0.890625000,0.843750000,,
-0.875000000,0.843750000,,
-0.859375000,0.843750000,,
-0.843750000,0.843750000,,
-0.828125000,0.843750000,,
-0.812500000,0.843750000,,
-0.796875000,0.843750000,,
-0.781250000,0.843750000,,
-0.765625000,0.843750000,,
-0.750000000,0.843750000,,
-0.734375000,0.843750000,,
-0.718750000,0.843750000,,
-0.703125000,0.843750000,,
-0.687500000,0.843750000,,
-0.671875000,0.843750000,,
-0.656250000,0.843750000,,
-0.640625000,0.843750000,,
-0.625000000,0.843750000,,
-0.609375000,0.843750000,,
-0.593750000,0.843750000,,
-0.578125000,0.843750000,,
-0.562500000,0.843750000,,
-0.546875000,0.843750000,,
-0.531250000,0.843750000,,
-0.515625000,0.843750000,,
-0.500000000,0.843750000,,
-0.484375000,0.843750000,,
-0.468750000,0.843750000,,
-0.453125000,0.843750000,,
-0.437500000,0.843750000,,
-0.421875000,0.843750000,,
-0.406250000,0.843750000,,
-0.390625000,0.843750000,,
-0.375000000,0.843750000,,
-0.359375000,0.843750000,,
-0.343750000,0.843750000,,
-0.328125000,0.843750000,,
-0.312500000,0.843750000,,
-0.296875000,0.843750000,,
-0.281250000,0.843750000,,
-0.265625000,0.843750000,,
-0.250000000,0.843750000,,
-0.234375000,0.843750000,-1.67785321597,-0.922819268782
-0.218750000,0.843750000,-1.67125223151,-0.919188727328
-0.203125000,0.843750000,-1.65850534807,-0.912177941436
-0.187500000,0.843750000,-1.64099329309,-0.902546311199
-0.171875000,0.843750000,-1.62000696663,-0.891003831648
-0.156250000,0.843750000,-1.59674460213,-0.878209531171
-0.140625000,0.843750000,-1.57230914310,-0.864770028705
-0.125000000,0.843750000,-1.54770583964,-0.851238211800
-0.109375000,0.843750000,-1.52384006274,-0.838112034509
-0.093750000,0.843750000,-1.50151534039,-0.825833437216
-0.078125000,0.843750000,-1.48143161614,-0.814787388875
-0.062500000,0.843750000,-1.46418373338,-0.805301053357
-0.046875000,0.843750000,-1.45026014773,-0.797643081250
-0.031250000,0.843750000,-1.44004186995,-0.792023028474
-0.015625000,0.843750000,-1.43380164125,-0.788590902690
0.000000000,0.843750000,-1.43170334287,-0.787436838576
0.015625000,0.843750000,-1.43380164125,-0.788590902690
0.031250000,0.843750000,-1.44004186995,-0.792023028474
0.046875000,0.843750000,-1.45026014773,-0.797643081250
0.062500000,0.843750000,-1.46418373338,-0.805301053357
0.078125000,0.843750000,-1.48143161614,-0.814787388875
0.093750000,0.843750000,-1.50151534039,-0.825833437216
0.109375000,0.843750000,-1.52384006274,-0.838112034509
0.125000000,0.843750000,-1.54770583964,-0.851238211800
0.140625000,0.843750000,-1.57230914310,-0.864770028705
0.156250000,0.843750000,-1.59674460213,-0.878209531171
0.171875000,0.843750000,-1.62000696663,-0.891003831648
0.187500000,0.843750000,-1.64099329309,-0.902546311199
0.203125000,0.843750000,-1.65850534807,-0.912177941436
0.218750000,0.843750000,-1.67125223151,-0.919188727328
0.234375000,0.843750000,-1.67785321597,-0.922819268782
0.250000000,0.843750000,,
0.265625000,0.843750000,,
0.281250000,0.843750000,,
0.296875000,0.843750000,,
0.312500000,0.843750000,,
0.328125000,0.843750000,,
0.343750000,0.843750000,,
0.359375000,0.843750000,,
0.375000000,0.843750000,,
0.390625000,0.843750000,,
0.406250000,0.843750000,,
0.421875000,0.843750000,,
0.437500000,0.843750000,,
0.453125000,0.843750000,,
0.468750000,0.843750000,,
0.484375000,0.843750000,,
0.500000000,0.843750000,,
0.515625000,0.843750000,,
0.531250000,0.843750000,,
0.546875000,0.843750000,,
0.562500000,0.843750000,,
0.578125000,0.843750000,,
0.593750000,0.843750000,,
0.609375000,0.843750000,,
0.625000000,0.843750000,,
0.640625000,0.843750000,,
0.656250000,0.843750000,,
0.671875000,0.843750000,,
0.687500000,0.843750000,,
0.703125000,0.843750000,,
0.718750000,0.843750000,,
0.734375000,0.843750000,,
0.750000000,0.843750000,,
0.765625000,0.843750000,,
0.781250000,0.843750000,,
0.796875000,0.843750000,,
0.812500000,0.843750000,,
0.828125000,0.843750000,,
0.843750000,0.843750000,,
0.859375000,0.843750000,,
0.875000000,0.843750000,,
0.890625000,0.843750000,,
0.906250000,0.843750000,,
0.921875000,0.843750000,,
0.937500000,0.843750000,,
0.953125000,0.843750000,,
0.968750000,0.843750000,,
0.984375000,0.843750000,,
1.000000000,0.843750000,,
-1.000000000,0.859375000,,
-0.984375000,0.859375000,,
-0.968750000,0.859375000,,
-0.953125000,0.859375000,,
-0.937500000,0.859375000,,
-0.921875000,0.859375000,,
-0.906250000,0.859375000,,
-0.890625000,0.859375000,,
-0.875000000,0.859375000,,
-0.859375000,0.859375000,,
-0.843750000,0.859375000,,
-0.828125000,0.859375000,,
-0.812500000,0.859375000,,
-0.796875000,0.859375000,,
-0.781250000,0.859375000,,
-0.765625000,0.859375000,,
-0.750000000,0.859375000,,
-0.734375000,0.859375000,,
-0.718750000,0.859375000,,
-0.703125000,0.859375000,,
-0.687500000,0.859375000,,
-0.671875000,0.859375000,,
-0.656250000,0.859375000,,
-0.640625000,0.859375000,,
-0.625000000,0.859375000,,
-0.609375000,0.859375000,,
-0.593750000,0.859375000,,
-0.578125000,0.859375000,,
-0.562500000,0.859375000,,
-0.546875000,0.859375000,,
-0.531250000,0.859375000,,
-0.515625000,0.859375000,,
-0.500000000,0.859375000,,
-0.484375000,0.859375000,,
-0.468750000,0.859375000,,
-0.453125000,0.859375000,,
-0.437500000,0.859375000,,
-0.421875000,0.859375000,,
-0.406250000,0.859375000,,
-0.390625000,0.859375000,,
-0.375000000,0.859375000,,
-0.359375000,0.859375000,,
-0.343750000,0.859375000,,
-0.328125000,0.859375000,,
-0.312500000,0.859375000,,
-0.296875000,0.859375000,,
-0.281250000,0.859375000,,
-0.265625000,0.859375000,,
-0.250000000,0.859375000,,
-0.234375000,0.859375000,,
-0.218750000,0.859375000,,
-0.203125000,0.859375000,,
-0.187500000,0.859375000,,
-0.171875000,0.859375000,,
-0.156250000,0.859375000,,
-0.140625000,0.859375000,-1.76111646206,-0.968614054135
-0.125000000,0.859375000,-1.74325672342,-0.958791197878
-0.109375000,0.859375000,-1.72527344515,-0.948900394830
-0.093750000,0.859375000,-1.70799508154,-0.939397294850
-0.078125000,0.859375000,-1.69214348966,-0.930678919311
-0.062500000,0.859375000,-1.67833227834,-0.923082753089
-0.046875000,0.859375000,-1.66706540826,-0.916885974545
-0.031250000,0.859375000,-1.65873604359,-0.912304823975
-0.015625000,0.859375000,-1.65362565639,-0.909494111013
0.000000000,0.859375000,-1.65190338639,-0.908546862517
0.015625000,0.859375000,-1.65362565639,-0.909494111013
0.031250000,0.859375000,-1.65873604359,-0.912304823975
0.046875000,0.859375000,-1.66706540826,-0.916885974545
0.062500000,0.859375000,-1.67833227834,-0.923082753089
0.078125000,0.859375000,-1.69214348966,-0.930678919311
0.093750000,0.859375000,-1.70799508154,-0.939397294850
0.109375000,0.859375000,-1.72527344515,-0.948900394830
0.125000000,0.859375000,-1.74325672342,-0.958791197878
0.140625000,0.859375000,-1.76111646206,-0.968614054135
0.156250000,0.859375000,,
0.171875000,0.859375000,,
0.187500000,0.859375000,,
0.203125000,0.859375000,,
0.218750000,0.859375000,,
0.234375000,0.859375000,,
0.250000000,0.859375000,,
0.265625000,0.859375000,,
0.281250000,0.859375000,,
0.296875000,0.859375000,,
0.312500000,0.859375000,,
0.328125000,0.859375000,,
0.343750000,0.859375000,,
0.359375000,0.859375000,,
0.375000000,0.859375000,,
0.390625000,0.859375000,,
0.406250000,0.859375000,,
0.421875000,0.859375000,,
0.437500000,0.859375000,,
0.453125000,0.859375000,,
0.468750000,0.859375000,,
0.484375000,0.859375000,,
0.500000000,0.859375000,,
0.515625000,0.859375000,,
0.531250000,0.859375000,,
0.546875000,0.859375000,,
0.562500000,0.859375000,,
0.578125000,0.859375000,,
0.593750000,0.859375000,,
0.609375000,0.859375000,,
0.625000000,0.859375000,,
0.640625000,0.859375000,,
0.656250000,0.859375000,,
0.671875000,0.859375000,,
0.687500000,0.859375000,,
0.703125000,0.859375000,,
0.718750000,0.859375000,,
0.734375000,0.859375000,,
0.750000000,0.859375000,,
0.765625000,0.859375000,,
0.781250000,0.859375000,,
0.796875000,0.859375000,,
0.812500000,0.859375000,,
0.828125000,0.859375000,,
0.843750000,0.859375000,,
0.859375000,0.859375000,,
0.875000000,0.859375000,,
0.890625000,0.859375000,,
0.906250000,0.859375000,,
0.921875000,0.859375000,,
0.937500000,0.859375000,,
0.953125000,0.859375000,,
0.968750000,0.859375000,,
0.984375000,0.859375000,,
1.000000000,0.859375000,,
-1.000000000,0.875000000,,
-0.984375000,0.875000000,,
-0.968750000,0.875000000,,
-0.953125000,0.875000000,,
-0.937500000,0.875000000,,
-0.921875000,0.875000000,,
-0.906250000,0.875000000,,
-0.890625000,0.875000000,,
-0.875000000,0.875000000,,
-0.859375000,0.875000000,,
-0.843750000,0.875000000,,
-0.828125000,0.875000000,,
-0.812500000,0.875000000,,
-0.796875000,0.875000000,,
-0.781250000,0.875000000,,
-0.765625000,0.875000000,,
-0.750000000,0.875000000,,
-0.734375000,0.875000000,,
-0.718750000,0.875000000,,
-0.703125000,0.875000000,,
-0.687500000,0.875000000,,
-0.671875000,0.875000000,,
-0.656250000,0.875000000,,
-0.640625000,0.875000000,,
-0.625000000,0.875000000,,
-0.609375000,0.875000000,,
-0.593750000,0.875000000,,
-0.578125000,0.875000000,,
-0.562500000,0.875000000,,
-0.546875000,0.875000000,,
-0.531250000,0.875000000,,
-0.515625000,0.875000000,,
-0.500000000,0.875000000,,
-0.484375000,0.875000000,,
-0.468750000,0.875000000,,
-0.453125000,0.875000000,,
-0.437500000,0.875000000,,
-0.421875000,0.875000000,,
-0.406250000,0.875000000,,
-0.390625000,0.875000000,,
-0.375000000,0.875000000,,
-0.359375000,0.875000000,,
-0.343750000,0.875000000,,
-0.328125000,0.875000000,,
-0.312500000,0.875000000,,
-0.296875000,0.875000000,,
-0.281250000,0.875000000,,
-0.265625000,0.875000000,,
-0.250000000,0.875000000,,
-0.234375000,0.875000000,,
-0.218750000,0.875000000,,
-0.203125000,0.875000000,,
-0.187500000,0.875000000,,
-0.171875000,0.875000000,,
-0.156250000,0.875000000,,
-0.140625000,0.875000000,,
-0.125000000,0.875000000,,
-0.109375000,0.875000000,,
-0.093750000,0.875000000,,
-0.078125000,0.875000000,,
-0.062500000,0.875000000,,
-0.046875000,0.875000000,,
-0.031250000,0.875000000,,
-0.015625000,0.875000000,,
0.000000000,0.875000000,,
0.015625000,0.875000000,,
0.031250000,0.875000000,,
0.046875000,0.875000000,,
0.062500000,0.875000000,,
0.078125000,0.875000000,,
0.093750000,0.875000000,,
0.109375000,0.875000000,,
0.125000000,0.875000000,,
0.140625000,0.875000000,,
0.156250000,0.875000000,,
0.171875000,0.875000000,,
0.187500000,0.875000000,,
0.203125000,0.875000000,,
0.218750000,0.875000000,,
0.234375000,0.875000000,,
0.250000000,0.875000000,,
0.265625000,0.875000000,,
0.281250000,0.875000000,,
0.296875000,0.875000000,,
0.312500000,0.875000000,,
0.328125000,0.875000000,,
0.343750000,0.875000000,,
0.359375000,0.875000000,,
0.375000000,0.875000000,,
0.390625000,0.875000000,,
0.406250000,0.875000000,,
0.421875000,0.875000000,,
0.437500000,0.875000000,,
0.453125000,0.875000000,,
0.468750000,0.875000000,,
0.484375000,0.875000000,,
0.500000000,0.875000000,,
0.515625000,0.875000000,,
0.531250000,0.875000000,,
0.546875000,0.875000000,,
0.562500000,0.875000000,,
0.578125000,0.875000000,,
0.593750000,0.875000000,,
0.609375000,0.875000000,,
0.625000000,0.875000000,,
0.640625000,0.875000000,,
0.656250000,0.875000000,,
0.671875000,0.875000000,,
0.687500000,0.875000000,,
0.703125000,0.875000000,,
0.718750000,0.875000000,,
0.734375000,0.875000000,,
0.750000000,0.875000000,,
0.765625000,0.875000000,,
0.781250000,0.875000000,,
0.796875000,0.875000000,,
0.812500000,0.875000000,,
0.828125000,0.875000000,,
0.843750000,0.875000000,,
0.859375000,0.875000000,,
0.875000000,0.875000000,,
0.890625000,0.875000000,,
0.906250000,0.875000000,,
0.921875000,0.875000000,,
0.937500000,0.875000000,,
0.953125000,0.875000000,,
0.968750000,0.875000000,,
0.984375000,0.875000000,,
1.000000000,0.875000000,,
-1.000000000,0.890625000,,
-0.984375000,0.890625000,,
-0.968750000,0.890625000,,
-0.953125000,0.890625000,,
-0.937500000,0.890625000,,
-0.921875000,0.890625000,,
-0.906250000,0.890625000,,
-0.890625000,0.890625000,,
-0.875000000,0.890625000,,
-0.859375000,0.890625000,,
-0.843750000,0.890625000,,
-0.828125000,0.890625000,,
-0.812500000,0.890625000,,
-0.796875000,0.890625000,,
-0.781250000,0.890625000,,
-0.765625000,0.890625000,,
-0.750000000,0.890625000,,
-0.734375000,0.890625000,,
-0.718750000,0.890625000,,
-0.703125000,0.890625000,,
-0.687500000,0.890625000,,
-0.671875000,0.890625000,,
-0.656250000,0.890625000,,
-0.640625000,0.890625000,,
-0.625000000,0.890625000,,
-0.609375000,0.890625000,,
-0.593750000,0.890625000,,
-0.578125000,0.890625000,,
-0.562500000,0.890625000,,
-0.546875000,0.890625000,,
-0.531250000,0.890625000,,
-0.515625000,0.890625000,,
-0.500000000,0.890625000,,
-0.484375000,0.890625000,,
-0.468750000,0.890625000,,
-0.453125000,0.890625000,,
-0.437500000,0.890625000,,
-0.421875000,0.890625000,,
-0.406250000,0.890625000,,
-0.390625000,0.890625000,,
-0.375000000,0.890625000,,
-0.359375000,0.890625000,,
-0.343750000,0.890625000,,
-0.328125000,0.890625000,,
-0.312500000,0.890625000,,
-0.296875000,0.890625000,,
-0.281250000,0.890625000,,
-0.265625000,0.890625000,,
-0.250000000,0.890625000,,
-0.234375000,0.890625000,,
-0.218750000,0.890625000,,
-0.203125000,0.890625000,,
-0.187500000,0.890625000,,
-0.171875000,0.890625000,,
-0.156250000,0.890625000,,
-0.140625000,0.890625000,,
-0.125000000,0.890625000,,
-0.109375000,0.890625000,,
-0.093750000,0.890625000,,
-0.078125000,0.890625000,,
-0.062500000,0.890625000,,
-0.046875000,0.890625000,,
-0.031250000,0.890625000,,
-0.015625000,0.890625000,,
0.000000000,0.890625000,,
0.015625000,0.890625000,,
0.031250000,0.890625000,,
0.046875000,0.890625000,,
0.062500000,0.890625000,,
0.078125000,0.890625000,,
0.093750000,0.890625000,,
0.109375000,0.890625000,,
0.125000000,0.890625000,,
0.140625000,0.890625000,,
0.156250000,0.890625000,,
0.171875000,0.890625000,,
0.187500000,0.890625000,,
0.203125000,0.890625000,,
0.218750000,0.890625000,,
0.234375000,0.890625000,,
0.250000000,0.890625000,,
0.265625000,0.890625000,,
0.281250000,0.890625000,,
0.296875000,0.890625000,,
0.312500000,0.890625000,,
0.328125000,0.890625000,,
0.343750000,0.890625000,,
0.359375000,0.890625000,,
0.375000000,0.890625000,,
0.390625000,0.890625000,,
0.406250000,0.890625000,,
0.421875000,0.890625000,,
0.437500000,0.890625000,,
0.453125000,0.890625000,,
0.468750000,0.890625000,,
0.484375000,0.890625000,,
0.500000000,0.890625000,,
0.515625000,0.890625000,,
0.531250000,0.890625000,,
0.546875000,0.890625000,,
0.562500000,0.890625000,,
0.578125000,0.890625000,,
0.593750000,0.890625000,,
0.609375000,0.890625000,,
0.625000000,0.890625000,,
0.640625000,0.890625000,,
0.656250000,0.890625000,,
0.671875000,0.890625000,,
0.687500000,0.890625000,,
0.703125000,0.890625000,,
0.718750000,0.890625000,,
0.734375000,0.890625000,,
0.750000000,0.890625000,,
0.765625000,0.890625000,,
0.781250000,0.890625000,,
0.796875000,0.890625000,,
0.812500000,0.890625000,,
0.828125000,0.890625000,,
0.843750000,0.890625000,,
0.859375000,0.890625000,,
0.875000000,0.890625000,,
0.890625000,0.890625000,,
0.906250000,0.890625000,,
0.921875000,0.890625000,,
0.937500000,0.890625000,,
0.953125000,0.890625000,,
0.968750000,0.890625000,,
0.984375000,0.890625000,,
1.000000000,0.890625000,,
-1.000000000,0.906250000,,
-0.984375000,0.906250000,,
-0.968750000,0.906250000,,
-0.953125000,0.906250000,,
-0.937500000,0.906250000,,
-0.921875000,0.906250000,,
-0.906250000,0.906250000,,
-0.890625000,0.906250000,,
-0.875000000,0.906250000,,
-0.859375000,0.906250000,,
-0.843750000,0.906250000,,
-0.828125000,0.906250000,,
-0.812500000,0.906250000,,
-0.796875000,0.906250000,,
-0.781250000,0.906250000,,
-0.765625000,0.906250000,,
-0.750000000,0.906250000,,
-0.734375000,0.906250000,,
-0.718750000,0.906250000,,
-0.703125000,0.906250000,,
-0.687500000,0.906250000,,
-0.671875000,0.906250000,,
-0.656250000,0.906250000,,
-0.640625000,0.906250000,,
-0.625000000,0.906250000,,
-0.609375000,0.906250000,,
-0.593750000,0.906250000,,
-0.578125000,0.906250000,,
-0.562500000,0.906250000,,
-0.546875000,0.906250000,,
-0.531250000,0.906250000,,
-0.515625000,0.906250000,,
-0.500000000,0.906250000,,
-0.484375000,0.906250000,,
-0.468750000,0.906250000,,
-0.453125000,0.906250000,,
-0.437500000,0.906250000,,
-0.421875000,0.906250000,,
-0.406250000,0.906250000,,
-0.390625000,0.906250000,,
-0.375000000,0.906250000,,
-0.359375000,0.906250000,,
-0.343750000,0.906250000,,
-0.328125000,0.906250000,,
-0.312500000,0.906250000,,
-0.296875000,0.906250000,,
-0.281250000,0.906250000,,
-0.265625000,0.906250000,,
-0.250000000,0.906250000,,
-0.234375000,0.906250000,,
-0.218750000,0.906250000,,
-0.203125000,0.906250000,,
-0.187500000,0.906250000,,
-0.171875000,0.906250000,,
-0.156250000,0.906250000,,
-0.140625000,0.906250000,,
-0.125000000,0.906250000,,
-0.109375000,0.906250000,,
-0.093750000,0.906250000,,
-0.078125000,0.906250000,,
-0.062500000,0.906250000,,
-0.046875000,0.906250000,,
-0.031250000,0.906250000,,
-0.015625000,0.906250000,,
0.000000000,0.906250000,,
0.015625000,0.906250000,,
0.031250000,0.906250000,,
0.046875000,0.906250000,,
0.062500000,0.906250000,,
0.078125000,0.906250000,,
0.093750000,0.906250000,,
0.109375000,0.906250000,,
0.125000000,0.906250000,,
0.140625000,0.906250000,,
0.156250000,0.906250000,,
0.171875000,0.906250000,,
0.187500000,0.906250000,,
0.203125000,0.906250000,,
0.218750000,0.906250000,,
0.234375000,0.906250000,,
0.250000000,0.906250000,,
0.265625000,0.906250000,,
0.281250000,0.906250000,,
0.296875000,0.906250000,,
0.312500000,0.906250000,,
0.328125000,0.906250000,,
0.343750000,0.906250000,,
0.359375000,0.906250000,,
0.375000000,0.906250000,,
0.390625000,0.906250000,,
0.406250000,0.906250000,,
0.421875000,0.906250000,,
0.437500000,0.906250000,,
0.453125000,0.906250000,,
0.468750000,0.906250000,,
0.484375000,0.906250000,,
0.500000000,0.906250000,,
0.515625000,0.906250000,,
0.531250000,0.906250000,,
0.546875000,0.906250000,,
0.562500000,0.906250000,,
0.578125000,0.906250000,,
0.593750000,0.906250000,,
0.609375000,0.906250000,,
0.625000000,0.906250000,,
0.640625000,0.906250000,,
0.656250000,0.906250000,,
0.671875000,0.906250000,,
0.687500000,0.906250000,,
0.703125000,0.906250000,,
0.718750000,0.906250000,,
0.734375000,0.906250000,,
0.750000000,0.906250000,,
0.765625000,0.906250000,,
0.781250000,0.906250000,,
0.796875000,0.906250000,,
0.812500000,0.906250000,,
0.828125000,0.906250000,,
0.843750000,0.906250000,,
0.859375000,0.906250000,,
0.875000000,0.906250000,,
0.890625000,0.906250000,,
0.906250000,0.906250000,,
0.921875000,0.906250000,,
0.937500000,0.906250000,,
0.953125000,0.906250000,,
0.968750000,0.906250000,,
0.984375000,0.906250000,,
1.000000000,0.906250000,,
-1.000000000,0.921875000,,
-0.984375000,0.921875000,,
-0.968750000,0.921875000,,
-0.953125000,0.921875000,,
-0.937500000,0.921875000,,
-0.921875000,0.921875000,,
-0.906250000,0.921875000,,
-0.890625000,0.921875000,,
-0.875000000,0.921875000,,
-0.859375000,0.921875000,,
-0.843750000,0.921875000,,
-0.828125000,0.921875000,,
-0.812500000,0.921875000,,
-0.796875000,0.921875000,,
-0.781250000,0.921875000,,
-0.765625000,0.921875000,,
-0.750000000,0.921875000,,
-0.734375000,0.921875000,,
-0.718750000,0.921875000,,
-0.703125000,0.921875000,,
-0.687500000,0.921875000,,
-0.671875000,0.921875000,,
-0.656250000,0.921875000,,
-0.640625000,0.921875000,,
-0.625000000,0.921875000,,
-0.609375000,0.921875000,,
-0.593750000,0.921875000,,
-0.578125000,0.921875000,,
-0.562500000,0.921875000,,
-0.546875000,0.921875000,,
-0.531250000,0.921875000,,
-0.515625000,0.921875000,,
-0.500000000,0.921875000,,
-0.484375000,0.921875000,,
-0.468750000,0.921875000,,
-0.453125000,0.921875000,,
-0.437500000,0.921875000,,
-0.421875000,0.921875000,,
-0.406250000,0.921875000,,
-0.390625000,0.921875000,,
-0.375000000,0.921875000,,
-0.359375000,0.921875000,,
-0.343750000,0.921875000,,
-0.328125000,0.921875000,,
-0.312500000,0.921875000,,
-0.296875000,0.921875000,,
-0.281250000,0.921875000,,
-0.265625000,0.921875000,,
-0.250000000,0.921875000,,
-0.234375000,0.921875000,,
-0.218750000,0.921875000,,
-0.203125000,0.921875000,,
-0.187500000,0.921875000,,
-0.171875000,0.921875000,,
-0.156250000,0.921875000,,
-0.140625000,0.921875000,,
-0.125000000,0.921875000,,
-0.109375000,0.921875000,,
-0.093750000,0.921875000,,
-0.078125000,0.921875000,,
-0.062500000,0.921875000,,
-0.046875000,0.921875000,,
-0.031250000,0.921875000,,
-0.015625000,0.921875000,,
0.000000000,0.921875000,,
0.015625000,0.921875000,,
0.031250000,0.921875000,,
0.046875000,0.921875000,,
0.062500000,0.921875000,,
0.078125000,0.921875000,,
0.093750000,0.921875000,,
0.109375000,0.921875000,,
0.125000000,0.921875000,,
0.140625000,0.921875000,,
0.156250000,0.921875000,,
0.171875000,0.921875000,,
0.187500000,0.921875000,,
0.203125000,0.921875000,,
0.218750000,0.921875000,,
0.234375000,0.921875000,,
0.250000000,0.921875000,,
0.265625000,0.921875000,,
0.281250000,0.921875000,,
0.296875000,0.921875000,,
0.312500000,0.921875000,,
0.328125000,0.921875000,,
0.343750000,0.921875000,,
0.359375000,0.921875000,,
0.375000000,0.921875000,,
0.390625000,0.921875000,,
0.406250000,0.921875000,,
0.421875000,0.921875000,,
0.437500000,0.921875000,,
0.453125000,0.921875000,,
0.468750000,0.921875000,,
0.484375000,0.921875000,,
0.500000000,0.921875000,,
0.515625000,0.921875000,,
0.531250000,0.921875000,,
0.546875000,0.921875000,,
0.562500000,0.921875000,,
0.578125000,0.921875000,,
0.593750000,0.921875000,,
0.609375000,0.921875000,,
0.625000000,0.921875000,,
0.640625000,0.921875000,,
0.656250000,0.921875000,,
0.671875000,0.921875000,,
0.687500000,0.921875000,,
0.703125000,0.921875000,,
0.718750000,0.921875000,,
0.734375000,0.921875000,,
0.750000000,0.921875000,,
0.765625000,0.921875000,,
0.781250000,0.921875000,,
0.796875000,0.921875000,,
0.812500000,0.921875000,,
0.828125000,0.921875000,,
0.843750000,0.921875000,,
0.859375000,0.921875000,,
0.875000000,0.921875000,,
0.890625000,0.921875000,,
0.906250000,0.921875000,,
0.921875000,0.921875000,,
0.937500000,0.921875000,,
0.953125000,0.921875000,,
0.968750000,0.921875000,,
0.984375000,0.921875000,,
1.000000000,0.921875000,,
-1.000000000,0.937500000,,
-0.984375000,0.937500000,,
-0.968750000,0.937500000,,
-0.953125000,0.937500000,,
-0.937500000,0.937500000,,
-0.921875000,0.937500000,,
-0.906250000,0.937500000,,
-0.890625000,0.937500000,,
-0.875000000,0.937500000,,
-0.859375000,0.937500000,,
-0.843750000,0.937500000,,
-0.828125000,0.937500000,,
-0.812500000,0.937500000,,
-0.796875000,0.937500000,,
-0.781250000,0.937500000,,
-0.765625000,0.937500000,,
-0.750000000,0.937500000,,
-0.734375000,0.937500000,,
-0.718750000,0.937500000,,
-0.703125000,0.937500000,,
-0.687500000,0.937500000,,
-0.671875000,0.937500000,,
-0.656250000,0.937500000,,
-0.640625000,0.937500000,,
-0.625000000,0.937500000,,
-0.609375000,0.937500000,,
-0.593750000,0.937500000,,
-0.578125000,0.937500000,,
-0.562500000,0.937500000,,
-0.546875000,0.937500000,,
-0.531250000,0.937500000,,
-0.515625000,0.937500000,,
-0.500000000,0.937500000,,
-0.484375000,0.937500000,,
-0.468750000,0.937500000,,
-0.453125000,0.937500000,,
-0.437500000,0.937500000,,
-0.421875000,0.937500000,,
-0.406250000,0.937500000,,
-0.390625000,0.937500000,,
-0.375000000,0.937500000,,
-0.359375000,0.937500000,,
-0.343750000,0.937500000,,
-0.328125000,0.937500000,,
-0.312500000,0.937500000,,
-0.296875000,0.937500000,,
-0.281250000,0.937500000,,
-0.265625000,0.937500000,,
-0.250000000,0.937500000,,
-0.234375000,0.937500000,,
-0.218750000,0.937500000,,
-0.203125000,0.937500000,,
-0.187500000,0.937500000,,
-0.171875000,0.937500000,,
-0.156250000,0.937500000,,
-0.140625000,0.937500000,,
-0.125000000,0.937500000,,
-0.109375000,0.937500000,,
-0.093750000,0.937500000,,
-0.078125000,0.937500000,,
-0.062500000,0.937500000,,
-0.046875000,0.937500000,,
-0.031250000,0.937500000,,
-0.015625000,0.937500000,,
0.000000000,0.937500000,,
0.015625000,0.937500000,,
0.031250000,0.937500000,,
0.046875000,0.937500000,,
0.062500000,0.937500000,,
0.078125000,0.937500000,,
0.093750000,0.937500000,,
0.109375000,0.937500000,,
0.125000000,0.937500000,,
0.140625000,0.937500000,,
0.156250000,0.937500000,,
0.171875000,0.937500000,,
0.187500000,0.937500000,,
0.203125000,0.937500000,,
0.218750000,0.937500000,,
0.234375000,0.937500000,,
0.250000000,0.937500000,,
0.265625000,0.937500000,,
0.281250000,0.937500000,,
0.296875000,0.937500000,,
0.312500000,0.937500000,,
0.328125000,0.937500000,,
0.343750000,0.937500000,,
0.359375000,0.937500000,,
0.375000000,0.937500000,,
0.390625000,0.937500000,,
0.406250000,0.937500000,,
0.421875000,0.937500000,,
0.437500000,0.937500000,,
0.453125000,0.937500000,,
0.468750000,0.937500000,,
0.484375000,0.937500000,,
0.500000000,0.937500000,,
0.515625000,0.937500000,,
0.531250000,0.937500000,,
0.546875000,0.937500000,,
0.562500000,0.937500000,,
0.578125000,0.937500000,,
0.593750000,0.937500000,,
0.609375000,0.937500000,,
0.625000000,0.937500000,,
0.640625000,0.937500000,,
0.656250000,0.937500000,,
0.671875000,0.937500000,,
0.687500000,0.937500000,,
0.703125000,0.937500000,,
0.718750000,0.937500000,,
0.734375000,0.937500000,,
0.750000000,0.937500000,,
0.765625000,0.937500000,,
0.781250000,0.937500000,,
0.796875000,0.937500000,,
0.812500000,0.937500000,,
0.828125000,0.937500000,,
0.843750000,0.937500000,,
0.859375000,0.937500000,,
0.875000000,0.937500000,,
0.890625000,0.937500000,,
0.906250000,0.937500000,,
0.921875000,0.937500000,,
0.937500000,0.937500000,,
0.953125000,0.937500000,,
0.968750000,0.937500000,,
0.984375000,0.937500000,,
1.000000000,0.937500000,,
-1.000000000,0.953125000,,
-0.984375000,0.953125000,,
-0.968750000,0.953125000,,
-0.953125000,0.953125000,,
-0.937500000,0.953125000,,
-0.921875000,0.953125000,,
-0.906250000,0.953125000,,
-0.890625000,0.953125000,,
-0.875000000,0.953125000,,
-0.859375000,0.953125000,,
-0.843750000,0.953125000,,
-0.828125000,0.953125000,,
-0.812500000,0.953125000,,
-0.796875000,0.953125000,,
-0.781250000,0.953125000,,
-0.765625000,0.953125000,,
-0.750000000,0.953125000,,
-0.734375000,0.953125000,,
-0.718750000,0.953125000,,
-0.703125000,0.953125000,,
-0.687500000,0.953125000,,
-0.671875000,0.953125000,,
-0.656250000,0.953125000,,
-0.640625000,0.953125000,,
-0.625000000,0.953125000,,
-0.609375000,0.953125000,,
-0.593750000,0.953125000,,
-0.578125000,0.953125000,,
-0.562500000,0.953125000,,
-0.546875000,0.953125000,,
-0.531250000,0.953125000,,
-0.515625000,0.953125000,,
-0.500000000,0.953125000,,
-0.484375000,0.953125000,,
-0.468750000,0.953125000,,
-0.453125000,0.953125000,,
-0.437500000,0.953125000,,
-0.421875000,0.953125000,,
-0.406250000,0.953125000,,
-0.390625000,0.953125000,,
-0.375000000,0.953125000,,
-0.359375000,0.953125000,,
-0.343750000,0.953125000,,
-0.328125000,0.953125000,,
-0.312500000,0.953125000,,
-0.296875000,0.953125000,,
-0.281250000,0.953125000,,
-0.265625000,0.953125000,,
-0.250000000,0.953125000,,
-0.234375000,0.953125000,,
-0.218750000,0.953125000,,
-0.203125000,0.953125000,,
-0.187500000,0.953125000,,
-0.171875000,0.953125000,,
-0.156250000,0.953125000,,
-0.140625000,0.953125000,,
-0.125000000,0.953125000,,
-0.109375000,0.953125000,,
-0.093750000,0.953125000,,
-0.078125000,0.953125000,,
-0.062500000,0.953125000,,
-0.046875000,0.953125000,,
-0.031250000,0.953125000,,
-0.015625000,0.953125000,,
0.000000000,0.953125000,,
0.015625000,0.953125000,,
0.031250000,0.953125000,,
0.046875000,0.953125000,,
0.062500000,0.953125000,,
0.078125000,0.953125000,,
0.093750000,0.953125000,,
0.109375000,0.953125000,,
0.125000000,0.953125000,,
0.140625000,0.953125000,,
0.156250000,0.953125000,,
0.171875000,0.953125000,,
0.187500000,0.953125000,,
0.203125000,0.953125000,,
0.218750000,0.953125000,,
0.234375000,0.953125000,,
0.250000000,0.953125000,,
0.265625000,0.953125000,,
0.281250000,0.953125000,,
0.296875000,0.953125000,,
0.312500000,0.953125000,,
0.328125000,0.953125000,,
0.343750000,0.953125000,,
0.359375000,0.953125000,,
0.375000000,0.953125000,,
0.390625000,0.953125000,,
0.406250000,0.953125000,,
0.421875000,0.953125000,,
0.437500000,0.953125000,,
0.453125000,0.953125000,,
0.468750000,0.953125000,,
0.484375000,0.953125000,,
0.500000000,0.953125000,,
0.515625000,0.953125000,,
0.531250000,0.953125000,,
0.546875000,0.953125000,,
0.562500000,0.953125000,,
0.578125000,0.953125000,,
0.593750000,0.953125000,,
0.609375000,0.953125000,,
0.625000000,0.953125000,,
0.640625000,0.953125000,,
0.656250000,0.953125000,,
0.671875000,0.953125000,,
0.687500000,0.953125000,,
0.703125000,0.953125000,,
0.718750000,0.953125000,,
0.734375000,0.953125000,,
0.750000000,0.953125000,,
0.765625000,0.953125000,,
0.781250000,0.953125000,,
0.796875000,0.953125000,,
0.812500000,0.953125000,,
0.828125000,0.953125000,,
0.843750000,0.953125000,,
0.859375000,0.953125000,,
0.875000000,0.953125000,,
0.890625000,0.953125000,,
0.906250000,0.953125000,,
0.921875000,0.953125000,,
0.937500000,0.953125000,,
0.953125000,0.953125000,,
0.968750000,0.953125000,,
0.984375000,0.953125000,,
1.000000000,0.953125000,,
-1.000000000,0.968750000,,
-0.984375000,0.968750000,,
-0.968750000,0.968750000,,
-0.953125000,0.968750000,,
-0.937500000,0.968750000,,
-0.921875000,0.968750000,,
-0.906250000,0.968750000,,
-0.890625000,0.968750000,,
-0.875000000,0.968750000,,
-0.859375000,0.968750000,,
-0.843750000,0.968750000,,
-0.828125000,0.968750000,,
-0.812500000,0.968750000,,
-0.796875000,0.968750000,,
-0.781250000,0.968750000,,
-0.765625000,0.968750000,,
-0.750000000,0.968750000,,
-0.734375000,0.968750000,,
-0.718750000,0.968750000,,
-0.703125000,0.968750000,,
-0.687500000,0.968750000,,
-0.671875000,0.968750000,,
-0.656250000,0.968750000,,
-0.640625000,0.968750000,,
-0.625000000,0.968750000,,
-0.609375000,0.968750000,,
-0.593750000,0.968750000,,
-0.578125000,0.968750000,,
-0.562500000,0.968750000,,
-0.546875000,0.968750000,,
-0.531250000,0.968750000,,
-0.515625000,0.968750000,,
-0.500000000,0.968750000,,
-0.484375000,0.968750000,,
-0.468750000,0.968750000,,
-0.453125000,0.968750000,,
-0.437500000,0.968750000,,
-0.421875000,0.968750000,,
-0.406250000,0.968750000,,
-0.390625000,0.968750000,,
-0.375000000,0.968750000,,
-0.359375000,0.968750000,,
-0.343750000,0.968750000,,
-0.328125000,0.968750000,,
-0.312500000,0.968750000,,
-0.296875000,0.968750000,,
-0.281250000,0.968750000,,
-0.265625000,0.968750000,,
-0.250000000,0.968750000,,
-0.234375000,0.968750000,,
-0.218750000,0.968750000,,
-0.203125000,0.968750000,,
-0.187500000,0.968750000,,
-0.171875000,0.968750000,,
-0.156250000,0.968750000,,
-0.140625000,0.968750000,,
-0.125000000,0.968750000,,
-0.109375000,0.968750000,,
-0.093750000,0.968750000,,
-0.078125000,0.968750000,,
-0.062500000,0.968750000,,
-0.046875000,0.968750000,,
-0.031250000,0.968750000,,
-0.015625000,0.968750000,,
0.000000000,0.968750000,,
0.015625000,0.968750000,,
0.031250000,0.968750000,,
0.046875000,0.968750000,,
0.062500000,0.968750000,,
0.078125000,0.968750000,,
0.093750000,0.968750000,,
0.109375000,0.968750000,,
0.125000000,0.968750000,,
0.140625000,0.968750000,,
0.156250000,0.968750000,,
0.171875000,0.968750000,,
0.187500000,0.968750000,,
0.203125000,0.968750000,,
0.218750000,0.968750000,,
0.234375000,0.968750000,,
0.250000000,0.968750000,,
0.265625000,0.968750000,,
0.281250000,0.968750000,,
0.296875000,0.968750000,,
0.312500000,0.968750000,,
0.328125000,0.968750000,,
0.343750000,0.968750000,,
0.359375000,0.968750000,,
0.375000000,0.968750000,,
0.390625000,0.968750000,,
0.406250000,0.968750000,,
0.421875000,0.968750000,,
0.437500000,0.968750000,,
0.453125000,0.968750000,,
0.468750000,0.968750000,,
0.484375000,0.968750000,,
0.500000000,0.968750000,,
0.515625000,0.968750000,,
0.531250000,0.968750000,,
0.546875000,0.968750000,,
0.562500000,0.968750000,,
0.578125000,0.968750000,,
0.593750000,0.968750000,,
0.609375000,0.968750000,,
0.625000000,0.968750000,,
0.640625000,0.968750000,,
0.656250000,0.968750000,,
0.671875000,0.968750000,,
0.687500000,0.968750000,,
0.703125000,0.968750000,,
0.718750000,0.968750000,,
0.734375000,0.968750000,,
0.750000000,0.968750000,,
0.765625000,0.968750000,,
0.781250000,0.968750000,,
0.796875000,0.968750000,,
0.812500000,0.968750000,,
0.828125000,0.968750000,,
0.843750000,0.968750000,,
0.859375000,0.968750000,,
0.875000000,0.968750000,,
0.890625000,0.968750000,,
0.906250000,0.968750000,,
0.921875000,0.968750000,,
0.937500000,0.968750000,,
0.953125000,0.968750000,,
0.968750000,0.968750000,,
0.984375000,0.968750000,,
1.000000000,0.968750000,,
-1.000000000,0.984375000,,
-0.984375000,0.984375000,,
-0.968750000,0.984375000,,
-0.953125000,0.984375000,,
-0.937500000,0.984375000,,
-0.921875000,0.984375000,,
-0.906250000,0.984375000,,
-0.890625000,0.984375000,,
-0.875000000,0.984375000,,
-0.859375000,0.984375000,,
-0.843750000,0.984375000,,
-0.828125000,0.984375000,,
-0.812500000,0.984375000,,
-0.796875000,0.984375000,,
-0.781250000,0.984375000,,
-0.765625000,0.984375000,,
-0.750000000,0.984375000,,
-0.734375000,0.984375000,,
-0.718750000,0.984375000,,
-0.703125000,0.984375000,,
-0.687500000,0.984375000,,
-0.671875000,0.984375000,,
-0.656250000,0.984375000,,
-0.640625000,0.984375000,,
-0.625000000,0.984375000,,
-0.609375000,0.984375000,,
-0.593750000,0.984375000,,
-0.578125000,0.984375000,,
-0.562500000,0.984375000,,
-0.546875000,0.984375000,,
-0.531250000,0.984375000,,
-0.515625000,0.984375000,,
-0.500000000,0.984375000,,
-0.484375000,0.984375000,,
-0.468750000,0.984375000,,
-0.453125000,0.984375000,,
-0.437500000,0.984375000,,
-0.421875000,0.984375000,,
-0.406250000,0.984375000,,
-0.390625000,0.984375000,,
-0.375000000,0.984375000,,
-0.359375000,0.984375000,,
-0.343750000,0.984375000,,
-0.328125000,0.984375000,,
-0.312500000,0.984375000,,
-0.296875000,0.984375000,,
-0.281250000,0.984375000,,
-0.265625000,0.984375000,,
-0.250000000,0.984375000,,
-0.234375000,0.984375000,,
-0.218750000,0.984375000,,
-0.203125000,0.984375000,,
-0.187500000,0.984375000,,
-0.171875000,0.984375000,,
-0.156250000,0.984375000,,
-0.140625000,0.984375000,,
-0.125000000,0.984375000,,
-0.109375000,0.984375000,,
-0.093750000,0.984375000,,
-0.078125000,0.984375000,,
-0.062500000,0.984375000,,
-0.046875000,0.984375000,,
-0.031250000,0.984375000,,
-0.015625000,0.984375000,,
0.000000000,0.984375000,,
0.015625000,0.984375000,,
0.031250000,0.984375000,,
0.046875000,0.984375000,,
0.062500000,0.984375000,,
0.078125000,0.984375000,,
0.093750000,0.984375000,,
0.109375000,0.984375000,,
0.125000000,0.984375000,,
0.140625000,0.984375000,,
0.156250000,0.984375000,,
0.171875000,0.984375000,,
0.187500000,0.984375000,,
0.203125000,0.984375000,,
0.218750000,0.984375000,,
0.234375000,0.984375000,,
0.250000000,0.984375000,,
0.265625000,0.984375000,,
0.281250000,0.984375000,,
0.296875000,0.984375000,,
0.312500000,0.984375000,,
0.328125000,0.984375000,,
0.343750000,0.984375000,,
0.359375000,0.984375000,,
0.375000000,0.984375000,,
0.390625000,0.984375000,,
0.406250000,0.984375000,,
0.421875000,0.984375000,,
0.437500000,0.984375000,,
0.453125000,0.984375000,,
0.468750000,0.984375000,,
0.484375000,0.984375000,,
0.500000000,0.984375000,,
0.515625000,0.984375000,,
0.531250000,0.984375000,,
0.546875000,0.984375000,,
0.562500000,0.984375000,,
0.578125000,0.984375000,,
0.593750000,0.984375000,,
0.609375000,0.984375000,,
0.625000000,0.984375000,,
0.640625000,0.984375000,,
0.656250000,0.984375000,,
0.671875000,0.984375000,,
0.687500000,0.984375000,,
0.703125000,0.984375000,,
0.718750000,0.984375000,,
0.734375000,0.984375000,,
0.750000000,0.984375000,,
0.765625000,0.984375000,,
0.781250000,0.984375000,,
0.796875000,0.984375000,,
0.812500000,0.984375000,,
0.828125000,0.984375000,,
0.843750000,0.984375000,,
0.859375000,0.984375000,,
0.875000000,0.984375000,,
0.890625000,0.984375000,,
0.906250000,0.984375000,,
0.921875000,0.984375000,,
0.937500000,0.984375000,,
0.953125000,0.984375000,,
0.968750000,0.984375000,,
0.984375000,0.984375000,,
1.000000000,0.984375000,,
-1.000000000,1.000000000,,
-0.984375000,1.000000000,,
-0.968750000,1.000000000,,
-0.953125000,1.000000000,,
-0.937500000,1.000000000,,
-0.921875000,1.000000000,,
-0.906250000,1.000000000,,
-0.890625000,1.000000000,,
-0.875000000,1.000000000,,
-0.859375000,1.000000000,,
-0.843750000,1.000000000,,
-0.828125000,1.000000000,,
-0.812500000,1.000000000,,
-0.796875000,1.000000000,,
-0.781250000,1.000000000,,
-0.765625000,1.000000000,,
-0.750000000,1.000000000,,
-0.734375000,1.000000000,,
-0.718750000,1.000000000,,
-0.703125000,1.000000000,,
-0.687500000,1.000000000,,
-0.671875000,1.000000000,,
-0.656250000,1.000000000,,
-0.640625000,1.000000000,,
-0.625000000,1.000000000,,
-0.609375000,1.000000000,,
-0.593750000,1.000000000,,
-0.578125000,1.000000000,,
-0.562500000,1.000000000,,
-0.546875000,1.000000000,,
-0.531250000,1.000000000,,
-0.515625000,1.000000000,,
-0.500000000,1.000000000,,
-0.484375000,1.000000000,,
-0.468750000,1.000000000,,
-0.453125000,1.000000000,,
-0.437500000,1.000000000,,
-0.421875000,1.000000000,,
-0.406250000,1.000000000,,
-0.390625000,1.000000000,,
-0.375000000,1.000000000,,
-0.359375000,1.000000000,,
-0.343750000,1.000000000,,
-0.328125000,1.000000000,,
-0.312500000,1.000000000,,
-0.296875000,1.000000000,,
-0.281250000,1.000000000,,
-0.265625000,1.000000000,,
-0.250000000,1.000000000,,
-0.234375000,1.000000000,,
-0.218750000,1.000000000,,
-0.203125000,1.000000000,,
-0.187500000,1.000000000,,
-0.171875000,1.000000000,,
-0.156250000,1.000000000,,
-0.140625000,1.000000000,,
-0.125000000,1.000000000,,
-0.109375000,1.000000000,,
-0.093750000,1.000000000,,
-0.078125000,1.000000000,,
-0.062500000,1.000000000,,
-0.046875000,1.000000000,,
-0.031250000,1.000000000,,
-0.015625000,1.000000000,,
0.000000000,1.000000000,,
0.015625000,1.000000000,,
0.031250000,1.000000000,,
0.046875000,1.000000000,,
0.062500000,1.000000000,,
0.078125000,1.000000000,,
0.093750000,1.000000000,,
0.109375000,1.000000000,,
0.125000000,1.000000000,,
0.140625000,1.000000000,,
0.156250000,1.000000000,,
0.171875000,1.000000000,,
0.187500000,1.000000000,,
0.203125000,1.000000000,,
0.218750000,1.000000000,,
0.234375000,1.000000000,,
0.250000000,1.000000000,,
0.265625000,1.000000000,,
0.281250000,1.000000000,,
0.296875000,1.000000000,,
0.312500000,1.000000000,,
0.328125000,1.000000000,,
0.343750000,1.000000000,,
0.359375000,1.000000000,,
0.375000000,1.000000000,,
0.390625000,1.000000000,,
0.406250000,1.000000000,,
0.421875000,1.000000000,,
0.437500000,1.000000000,,
0.453125000,1.000000000,,
0.468750000,1.000000000,,
0.484375000,1.000000000,,
0.500000000,1.000000000,,
0.515625000,1.000000000,,
0.531250000,1.000000000,,
0.546875000,1.000000000,,
0.562500000,1.000000000,,
0.578125000,1.000000000,,
0.593750000,1.000000000,,
0.609375000,1.000000000,,
0.625000000,1.000000000,,
0.640625000,1.000000000,,
0.656250000,1.000000000,,
0.671875000,1.000000000,,
0.687500000,1.000000000,,
0.703125000,1.000000000,,
0.718750000,1.000000000,,
0.734375000,1.000000000,,
0.750000000,1.000000000,,
0.765625000,1.000000000,,
0.781250000,1.000000000,,
0.796875000,1.000000000,,
0.812500000,1.000000000,,
0.828125000,1.000000000,,
0.843750000,1.000000000,,
0.859375000,1.000000000,,
0.875000000,1.000000000,,
0.890625000,1.000000000,,
0.906250000,1.000000000,,
0.921875000,1.000000000,,
0.937500000,1.000000000,,
0.953125000,1.000000000,,
0.968750000,1.000000000,,
0.984375000,1.000000000,,
1.000000000,1.000000000,,
