xNormalized,yNormalized,displayWaves,displayMicron
-1.000000000,-1.000000000,,
-0.984375000,-1.000000000,,
-0.968750000,-1.000000000,,
-0.953125000,-1.000000000,,
-0.937500000,-1.000000000,,
-0.921875000,-1.000000000,,
-0.906250000,-1.000000000,,
-0.890625000,-1.000000000,,
-0.875000000,-1.000000000,,
-0.859375000,-1.000000000,,
-0.843750000,-1.000000000,,
-0.828125000,-1.000000000,,
-0.812500000,-1.000000000,,
-0.796875000,-1.000000000,,
-0.781250000,-1.000000000,,
-0.765625000,-1.000000000,,
-0.750000000,-1.000000000,,
-0.734375000,-1.000000000,,
-0.718750000,-1.000000000,,
-0.703125000,-1.000000000,,
-0.687500000,-1.000000000,,
-0.671875000,-1.000000000,,
-0.656250000,-1.000000000,,
-0.640625000,-1.000000000,,
-0.625000000,-1.000000000,,
-0.609375000,-1.000000000,,
-0.593750000,-1.000000000,,
-0.578125000,-1.000000000,,
-0.562500000,-1.000000000,,
-0.546875000,-1.000000000,,
-0.531250000,-1.000000000,,
-0.515625000,-1.000000000,,
-0.500000000,-1.000000000,,
-0.484375000,-1.000000000,,
-0.468750000,-1.000000000,,
-0.453125000,-1.000000000,,
-0.437500000,-1.000000000,,
-0.421875000,-1.000000000,,
-0.406250000,-1.000000000,,
-0.390625000,-1.000000000,,
-0.375000000,-1.000000000,,
-0.359375000,-1.000000000,,
-0.343750000,-1.000000000,,
-0.328125000,-1.000000000,,
-0.312500000,-1.000000000,,
-0.296875000,-1.000000000,,
-0.281250000,-1.000000000,,
-0.265625000,-1.000000000,,
-0.250000000,-1.000000000,,
-0.234375000,-1.000000000,,
-0.218750000,-1.000000000,,
-0.203125000,-1.000000000,,
-0.187500000,-1.000000000,,
-0.171875000,-1.000000000,,
-0.156250000,-1.000000000,,
-0.140625000,-1.000000000,,
-0.125000000,-1.000000000,,
-0.109375000,-1.000000000,,
-0.093750000,-1.000000000,,
-0.078125000,-1.000000000,,
-0.062500000,-1.000000000,,
-0.046875000,-1.000000000,,
-0.031250000,-1.000000000,,
-0.015625000,-1.000000000,,
0.000000000,-1.000000000,,
0.015625000,-1.000000000,,
0.031250000,-1.000000000,,
0.046875000,-1.000000000,,
0.062500000,-1.000000000,,
0.078125000,-1.000000000,,
0.093750000,-1.000000000,,
0.109375000,-1.000000000,,
0.125000000,-1.000000000,,
0.140625000,-1.000000000,,
0.156250000,-1.000000000,,
0.171875000,-1.000000000,,
0.187500000,-1.000000000,,
0.203125000,-1.000000000,,
0.218750000,-1.000000000,,
0.234375000,-1.000000000,,
0.250000000,-1.000000000,,
0.265625000,-1.000000000,,
0.281250000,-1.000000000,,
0.296875000,-1.000000000,,
0.312500000,-1.000000000,,
0.328125000,-1.000000000,,
0.343750000,-1.000000000,,
0.359375000,-1.000000000,,
0.375000000,-1.000000000,,
0.390625000,-1.000000000,,
0.406250000,-1.000000000,,
0.421875000,-1.000000000,,
0.437500000,-1.000000000,,
0.453125000,-1.000000000,,
0.468750000,-1.000000000,,
0.484375000,-1.000000000,,
0.500000000,-1.000000000,,
0.515625000,-1.000000000,,
0.531250000,-1.000000000,,
0.546875000,-1.000000000,,
0.562500000,-1.000000000,,
0.578125000,-1.000000000,,
0.593750000,-1.000000000,,
0.609375000,-1.000000000,,
0.625000000,-1.000000000,,
0.640625000,-1.000000000,,
0.656250000,-1.000000000,,
0.671875000,-1.000000000,,
0.687500000,-1.000000000,,
0.703125000,-1.000000000,,
0.718750000,-1.000000000,,
0.734375000,-1.000000000,,
0.750000000,-1.000000000,,
0.765625000,-1.000000000,,
0.781250000,-1.000000000,,
0.796875000,-1.000000000,,
0.812500000,-1.000000000,,
0.828125000,-1.000000000,,
0.843750000,-1.000000000,,
0.859375000,-1.000000000,,
0.875000000,-1.000000000,,
0.890625000,-1.000000000,,
0.906250000,-1.000000000,,
0.921875000,-1.000000000,,
0.937500000,-1.000000000,,
0.953125000,-1.000000000,,
0.968750000,-1.000000000,,
0.984375000,-1.000000000,,
1.000000000,-1.000000000,,
-1.000000000,-0.984375000,,
-0.984375000,-0.984375000,,
-0.968750000,-0.984375000,,
-0.953125000,-0.984375000,,
-0.937500000,-0.984375000,,
-0.921875000,-0.984375000,,
-0.906250000,-0.984375000,,
-0.890625000,-0.984375000,,
-0.875000000,-0.984375000,,
-0.859375000,-0.984375000,,
-0.843750000,-0.984375000,,
-0.828125000,-0.984375000,,
-0.812500000,-0.984375000,,
-0.796875000,-0.984375000,,
-0.781250000,-0.984375000,,
-0.765625000,-0.984375000,,
-0.750000000,-0.984375000,,
-0.734375000,-0.984375000,,
-0.718750000,-0.984375000,,
-0.703125000,-0.984375000,,
-0.687500000,-0.984375000,,
-0.671875000,-0.984375000,,
-0.656250000,-0.984375000,,
-0.640625000,-0.984375000,,
-0.625000000,-0.984375000,,
-0.609375000,-0.984375000,,
-0.593750000,-0.984375000,,
-0.578125000,-0.984375000,,
-0.562500000,-0.984375000,,
-0.546875000,-0.984375000,,
-0.531250000,-0.984375000,,
-0.515625000,-0.984375000,,
-0.500000000,-0.984375000,,
-0.484375000,-0.984375000,,
-0.468750000,-0.984375000,,
-0.453125000,-0.984375000,,
-0.437500000,-0.984375000,,
-0.421875000,-0.984375000,,
-0.406250000,-0.984375000,,
-0.390625000,-0.984375000,,
-0.375000000,-0.984375000,,
-0.359375000,-0.984375000,,
-0.343750000,-0.984375000,,
-0.328125000,-0.984375000,,
-0.312500000,-0.984375000,,
-0.296875000,-0.984375000,,
-0.281250000,-0.984375000,,
-0.265625000,-0.984375000,,
-0.250000000,-0.984375000,,
-0.234375000,-0.984375000,,
-0.218750000,-0.984375000,,
-0.203125000,-0.984375000,,
-0.187500000,-0.984375000,,
-0.171875000,-0.984375000,,
-0.156250000,-0.984375000,,
-0.140625000,-0.984375000,,
-0.125000000,-0.984375000,,
-0.109375000,-0.984375000,,
-0.093750000,-0.984375000,,
-0.078125000,-0.984375000,,
-0.062500000,-0.984375000,,
-0.046875000,-0.984375000,,
-0.031250000,-0.984375000,,
-0.015625000,-0.984375000,,
0.000000000,-0.984375000,,
0.015625000,-0.984375000,,
0.031250000,-0.984375000,,
0.046875000,-0.984375000,,
0.062500000,-0.984375000,,
0.078125000,-0.984375000,,
0.093750000,-0.984375000,,
0.109375000,-0.984375000,,
0.125000000,-0.984375000,,
0.140625000,-0.984375000,,
0.156250000,-0.984375000,,
0.171875000,-0.984375000,,
0.187500000,-0.984375000,,
0.203125000,-0.984375000,,
0.218750000,-0.984375000,,
0.234375000,-0.984375000,,
0.250000000,-0.984375000,,
0.265625000,-0.984375000,,
0.281250000,-0.984375000,,
0.296875000,-0.984375000,,
0.312500000,-0.984375000,,
0.328125000,-0.984375000,,
0.343750000,-0.984375000,,
0.359375000,-0.984375000,,
0.375000000,-0.984375000,,
0.390625000,-0.984375000,,
0.406250000,-0.984375000,,
0.421875000,-0.984375000,,
0.437500000,-0.984375000,,
0.453125000,-0.984375000,,
0.468750000,-0.984375000,,
0.484375000,-0.984375000,,
0.500000000,-0.984375000,,
0.515625000,-0.984375000,,
0.531250000,-0.984375000,,
0.546875000,-0.984375000,,
0.562500000,-0.984375000,,
0.578125000,-0.984375000,,
0.593750000,-0.984375000,,
0.609375000,-0.984375000,,
0.625000000,-0.984375000,,
0.640625000,-0.984375000,,
0.656250000,-0.984375000,,
0.671875000,-0.984375000,,
0.687500000,-0.984375000,,
0.703125000,-0.984375000,,
0.718750000,-0.984375000,,
0.734375000,-0.984375000,,
0.750000000,-0.984375000,,
0.765625000,-0.984375000,,
0.781250000,-0.984375000,,
0.796875000,-0.984375000,,
0.812500000,-0.984375000,,
0.828125000,-0.984375000,,
0.843750000,-0.984375000,,
0.859375000,-0.984375000,,
0.875000000,-0.984375000,,
0.890625000,-0.984375000,,
0.906250000,-0.984375000,,
0.921875000,-0.984375000,,
0.937500000,-0.984375000,,
0.953125000,-0.984375000,,
0.968750000,-0.984375000,,
0.984375000,-0.984375000,,
1.000000000,-0.984375000,,
-1.000000000,-0.968750000,,
-0.984375000,-0.968750000,,
-0.968750000,-0.968750000,,
-0.953125000,-0.968750000,,
-0.937500000,-0.968750000,,
-0.921875000,-0.968750000,,
-0.906250000,-0.968750000,,
-0.890625000,-0.968750000,,
-0.875000000,-0.968750000,,
-0.859375000,-0.968750000,,
-0.843750000,-0.968750000,,
-0.828125000,-0.968750000,,
-0.812500000,-0.968750000,,
-0.796875000,-0.968750000,,
-0.781250000,-0.968750000,,
-0.765625000,-0.968750000,,
-0.750000000,-0.968750000,,
-0.734375000,-0.968750000,,
-0.718750000,-0.968750000,,
-0.703125000,-0.968750000,,
-0.687500000,-0.968750000,,
-0.671875000,-0.968750000,,
-0.656250000,-0.968750000,,
-0.640625000,-0.968750000,,
-0.625000000,-0.968750000,,
-0.609375000,-0.968750000,,
-0.593750000,-0.968750000,,
-0.578125000,-0.968750000,,
-0.562500000,-0.968750000,,
-0.546875000,-0.968750000,,
-0.531250000,-0.968750000,,
-0.515625000,-0.968750000,,
-0.500000000,-0.968750000,,
-0.484375000,-0.968750000,,
-0.468750000,-0.968750000,,
-0.453125000,-0.968750000,,
-0.437500000,-0.968750000,,
-0.421875000,-0.968750000,,
-0.406250000,-0.968750000,,
-0.390625000,-0.968750000,,
-0.375000000,-0.968750000,,
-0.359375000,-0.968750000,,
-0.343750000,-0.968750000,,
-0.328125000,-0.968750000,,
-0.312500000,-0.968750000,,
-0.296875000,-0.968750000,,
-0.281250000,-0.968750000,,
-0.265625000,-0.968750000,,
-0.250000000,-0.968750000,,
-0.234375000,-0.968750000,,
-0.218750000,-0.968750000,,
-0.203125000,-0.968750000,,
-0.187500000,-0.968750000,,
-0.171875000,-0.968750000,,
-0.156250000,-0.968750000,,
-0.140625000,-0.968750000,,
-0.125000000,-0.968750000,,
-0.109375000,-0.968750000,-1.07977875680,-0.512894909482
-0.093750000,-0.968750000,-1.06089602127,-0.503925610102
-0.078125000,-0.968750000,-1.04484071254,-0.496299338456
-0.062500000,-0.968750000,-1.03165100363,-0.490034226724
-0.046875000,-0.968750000,-1.02135870931,-0.485145386923
-0.031250000,-0.968750000,-1.01398892545,-0.481644739587
-0.015625000,-0.968750000,-1.00955976112,-0.479540886534
0.000000000,-0.968750000,-1.00808215375,-0.478839023032
0.015625000,-0.968750000,-1.00955976112,-0.479540886534
0.031250000,-0.968750000,-1.01398892545,-0.481644739587
0.046875000,-0.968750000,-1.02135870931,-0.485145386923
0.062500000,-0.968750000,-1.03165100363,-0.490034226724
0.078125000,-0.968750000,-1.04484071254,-0.496299338456
0.093750000,-0.968750000,-1.06089602127,-0.503925610102
0.109375000,-0.968750000,-1.07977875680,-0.512894909482
0.125000000,-0.968750000,,
0.140625000,-0.968750000,,
0.156250000,-0.968750000,,
0.171875000,-0.968750000,,
0.187500000,-0.968750000,,
0.203125000,-0.968750000,,
0.218750000,-0.968750000,,
0.234375000,-0.968750000,,
0.250000000,-0.968750000,,
0.265625000,-0.968750000,,
0.281250000,-0.968750000,,
0.296875000,-0.968750000,,
0.312500000,-0.968750000,,
0.328125000,-0.968750000,,
0.343750000,-0.968750000,,
0.359375000,-0.968750000,,
0.375000000,-0.968750000,,
0.390625000,-0.968750000,,
0.406250000,-0.968750000,,
0.421875000,-0.968750000,,
0.437500000,-0.968750000,,
0.453125000,-0.968750000,,
0.468750000,-0.968750000,,
0.484375000,-0.968750000,,
0.500000000,-0.968750000,,
0.515625000,-0.968750000,,
0.531250000,-0.968750000,,
0.546875000,-0.968750000,,
0.562500000,-0.968750000,,
0.578125000,-0.968750000,,
0.593750000,-0.968750000,,
0.609375000,-0.968750000,,
0.625000000,-0.968750000,,
0.640625000,-0.968750000,,
0.656250000,-0.968750000,,
0.671875000,-0.968750000,,
0.687500000,-0.968750000,,
0.703125000,-0.968750000,,
0.718750000,-0.968750000,,
0.734375000,-0.968750000,,
0.750000000,-0.968750000,,
0.765625000,-0.968750000,,
0.781250000,-0.968750000,,
0.796875000,-0.968750000,,
0.812500000,-0.968750000,,
0.828125000,-0.968750000,,
0.843750000,-0.968750000,,
0.859375000,-0.968750000,,
0.875000000,-0.968750000,,
0.890625000,-0.968750000,,
0.906250000,-0.968750000,,
0.921875000,-0.968750000,,
0.937500000,-0.968750000,,
0.953125000,-0.968750000,,
0.968750000,-0.968750000,,
0.984375000,-0.968750000,,
1.000000000,-0.968750000,,
-1.000000000,-0.953125000,,
-0.984375000,-0.953125000,,
-0.968750000,-0.953125000,,
-0.953125000,-0.953125000,,
-0.937500000,-0.953125000,,
-0.921875000,-0.953125000,,
-0.906250000,-0.953125000,,
-0.890625000,-0.953125000,,
-0.875000000,-0.953125000,,
-0.859375000,-0.953125000,,
-0.843750000,-0.953125000,,
-0.828125000,-0.953125000,,
-0.812500000,-0.953125000,,
-0.796875000,-0.953125000,,
-0.781250000,-0.953125000,,
-0.765625000,-0.953125000,,
-0.750000000,-0.953125000,,
-0.734375000,-0.953125000,,
-0.718750000,-0.953125000,,
-0.703125000,-0.953125000,,
-0.687500000,-0.953125000,,
-0.671875000,-0.953125000,,
-0.656250000,-0.953125000,,
-0.640625000,-0.953125000,,
-0.625000000,-0.953125000,,
-0.609375000,-0.953125000,,
-0.593750000,-0.953125000,,
-0.578125000,-0.953125000,,
-0.562500000,-0.953125000,,
-0.546875000,-0.953125000,,
-0.531250000,-0.953125000,,
-0.515625000,-0.953125000,,
-0.500000000,-0.953125000,,
-0.484375000,-0.953125000,,
-0.468750000,-0.953125000,,
-0.453125000,-0.953125000,,
-0.437500000,-0.953125000,,
-0.421875000,-0.953125000,,
-0.406250000,-0.953125000,,
-0.390625000,-0.953125000,,
-0.375000000,-0.953125000,,
-0.359375000,-0.953125000,,
-0.343750000,-0.953125000,,
-0.328125000,-0.953125000,,
-0.312500000,-0.953125000,,
-0.296875000,-0.953125000,,
-0.281250000,-0.953125000,,
-0.265625000,-0.953125000,,
-0.250000000,-0.953125000,,
-0.234375000,-0.953125000,,
-0.218750000,-0.953125000,,
-0.203125000,-0.953125000,-1.07367457470,-0.509995422983
-0.187500000,-0.953125000,-1.03963741580,-0.493827772506
-0.171875000,-0.953125000,-1.00797867035,-0.478789868415
-0.156250000,-0.953125000,-0.978778160696,-0.464919626330
-0.140625000,-0.953125000,-0.952111786702,-0.452253098684
-0.125000000,-0.953125000,-0.928050525651,-0.440823999684
-0.109375000,-0.953125000,-0.906659614623,-0.430663316946
-0.093750000,-0.953125000,-0.887997888336,-0.421798996959
-0.078125000,-0.953125000,-0.872117244395,-0.414255691088
-0.062500000,-0.953125000,-0.859062220790,-0.408054554875
-0.046875000,-0.953125000,-0.848869662917,-0.403213089886
-0.031250000,-0.953125000,-0.841568471038,-0.399745023743
-0.015625000,-0.953125000,-0.837179414018,-0.397660221658
0.000000000,-0.953125000,-0.835715002243,-0.396964626065
0.015625000,-0.953125000,-0.837179414018,-0.397660221658
0.031250000,-0.953125000,-0.841568471038,-0.399745023743
0.046875000,-0.953125000,-0.848869662917,-0.403213089886
0.062500000,-0.953125000,-0.859062220790,-0.408054554875
0.078125000,-0.953125000,-0.872117244395,-0.414255691088
0.093750000,-0.953125000,-0.887997888336,-0.421798996959
0.109375000,-0.953125000,-0.906659614623,-0.430663316946
0.125000000,-0.953125000,-0.928050525651,-0.440823999684
0.140625000,-0.953125000,-0.952111786702,-0.452253098684
0.156250000,-0.953125000,-0.978778160696,-0.464919626330
0.171875000,-0.953125000,-1.00797867035,-0.478789868415
0.187500000,-0.953125000,-1.03963741580,-0.493827772506
0.203125000,-0.953125000,-1.07367457470,-0.509995422983
0.218750000,-0.953125000,,
0.234375000,-0.953125000,,
0.250000000,-0.953125000,,
0.265625000,-0.953125000,,
0.281250000,-0.953125000,,
0.296875000,-0.953125000,,
0.312500000,-0.953125000,,
0.328125000,-0.953125000,,
0.343750000,-0.953125000,,
0.359375000,-0.953125000,,
0.375000000,-0.953125000,,
0.390625000,-0.953125000,,
0.406250000,-0.953125000,,
0.421875000,-0.953125000,,
0.437500000,-0.953125000,,
0.453125000,-0.953125000,,
0.468750000,-0.953125000,,
0.484375000,-0.953125000,,
0.500000000,-0.953125000,,
0.515625000,-0.953125000,,
0.531250000,-0.953125000,,
0.546875000,-0.953125000,,
0.562500000,-0.953125000,,
0.578125000,-0.953125000,,
0.593750000,-0.953125000,,
0.609375000,-0.953125000,,
0.625000000,-0.953125000,,
0.640625000,-0.953125000,,
0.656250000,-0.953125000,,
0.671875000,-0.953125000,,
0.687500000,-0.953125000,,
0.703125000,-0.953125000,,
0.718750000,-0.953125000,,
0.734375000,-0.953125000,,
0.750000000,-0.953125000,,
0.765625000,-0.953125000,,
0.781250000,-0.953125000,,
0.796875000,-0.953125000,,
0.812500000,-0.953125000,,
0.828125000,-0.953125000,,
0.843750000,-0.953125000,,
0.859375000,-0.953125000,,
0.875000000,-0.953125000,,
0.890625000,-0.953125000,,
0.906250000,-0.953125000,,
0.921875000,-0.953125000,,
0.937500000,-0.953125000,,
0.953125000,-0.953125000,,
0.968750000,-0.953125000,,
0.984375000,-0.953125000,,
1.000000000,-0.953125000,,
-1.000000000,-0.937500000,,
-0.984375000,-0.937500000,,
-0.968750000,-0.937500000,,
-0.953125000,-0.937500000,,
-0.937500000,-0.937500000,,
-0.921875000,-0.937500000,,
-0.906250000,-0.937500000,,
-0.890625000,-0.937500000,,
-0.875000000,-0.937500000,,
-0.859375000,-0.937500000,,
-0.843750000,-0.937500000,,
-0.828125000,-0.937500000,,
-0.812500000,-0.937500000,,
-0.796875000,-0.937500000,,
-0.781250000,-0.937500000,,
-0.765625000,-0.937500000,,
-0.750000000,-0.937500000,,
-0.734375000,-0.937500000,,
-0.718750000,-0.937500000,,
-0.703125000,-0.937500000,,
-0.687500000,-0.937500000,,
-0.671875000,-0.937500000,,
-0.656250000,-0.937500000,,
-0.640625000,-0.937500000,,
-0.625000000,-0.937500000,,
-0.609375000,-0.937500000,,
-0.593750000,-0.937500000,,
-0.578125000,-0.937500000,,
-0.562500000,-0.937500000,,
-0.546875000,-0.937500000,,
-0.531250000,-0.937500000,,
-0.515625000,-0.937500000,,
-0.500000000,-0.937500000,,
-0.484375000,-0.937500000,,
-0.468750000,-0.937500000,,
-0.453125000,-0.937500000,,
-0.437500000,-0.937500000,,
-0.421875000,-0.937500000,,
-0.406250000,-0.937500000,,
-0.390625000,-0.937500000,,
-0.375000000,-0.937500000,,
-0.359375000,-0.937500000,,
-0.343750000,-0.937500000,,
-0.328125000,-0.937500000,,
-0.312500000,-0.937500000,,
-0.296875000,-0.937500000,,
-0.281250000,-0.937500000,,
-0.265625000,-0.937500000,-1.06704691399,-0.506847284143
-0.250000000,-0.937500000,-1.02523939716,-0.486988713650
-0.234375000,-0.937500000,-0.985313865742,-0.468024086228
-0.218750000,-0.937500000,-0.947377314124,-0.450004224209
-0.203125000,-0.937500000,-0.911535738613,-0.432979475841
-0.187500000,-0.937500000,-0.877892470479,-0.416998923478
-0.171875000,-0.937500000,-0.846546804347,-0.402109732065
-0.156250000,-0.937500000,-0.817592878699,-0.388356617382
-0.140625000,-0.937500000,-0.791118765774,-0.375781413743
-0.125000000,-0.937500000,-0.767205738177,-0.364422725634
-0.109375000,-0.937500000,-0.745927682305,-0.354315649095
-0.093750000,-0.937500000,-0.727350632978,-0.345491550664
-0.078125000,-0.937500000,-0.711532409134,-0.337977894338
-0.062500000,-0.937500000,-0.698522330442,-0.331798106960
-0.046875000,-0.937500000,-0.688361002407,-0.326971476144
-0.031250000,-0.937500000,-0.681080155482,-0.323513073854
-0.015625000,-0.937500000,-0.676702530473,-0.321433701974
0.000000000,-0.937500000,-0.675241801152,-0.320739855547
0.015625000,-0.937500000,-0.676702530473,-0.321433701974
0.031250000,-0.937500000,-0.681080155482,-0.323513073854
0.046875000,-0.937500000,-0.688361002407,-0.326971476144
0.062500000,-0.937500000,-0.698522330442,-0.331798106960
0.078125000,-0.937500000,-0.711532409134,-0.337977894338
0.093750000,-0.937500000,-0.727350632978,-0.345491550664
0.109375000,-0.937500000,-0.745927682305,-0.354315649095
0.125000000,-0.937500000,-0.767205738177,-0.364422725634
0.140625000,-0.937500000,-0.791118765774,-0.375781413743
0.156250000,-0.937500000,-0.817592878699,-0.388356617382
0.171875000,-0.937500000,-0.846546804347,-0.402109732065
0.187500000,-0.937500000,-0.877892470479,-0.416998923478
0.203125000,-0.937500000,-0.911535738613,-0.432979475841
0.218750000,-0.937500000,-0.947377314124,-0.450004224209
0.234375000,-0.937500000,-0.985313865742,-0.468024086228
0.250000000,-0.937500000,-1.02523939716,-0.486988713650
0.265625000,-0.937500000,-1.06704691399,-0.506847284143
0.281250000,-0.937500000,,
0.296875000,-0.937500000,,
0.312500000,-0.937500000,,
0.328125000,-0.937500000,,
0.343750000,-0.937500000,,
0.359375000,-0.937500000,,
0.375000000,-0.937500000,,
0.390625000,-0.937500000,,
0.406250000,-0.937500000,,
0.421875000,-0.937500000,,
0.437500000,-0.937500000,,
0.453125000,-0.937500000,,
0.468750000,-0.937500000,,
0.484375000,-0.937500000,,
0.500000000,-0.937500000,,
0.515625000,-0.937500000,,
0.531250000,-0.937500000,,
0.546875000,-0.937500000,,
0.562500000,-0.937500000,,
0.578125000,-0.937500000,,
0.593750000,-0.937500000,,
0.609375000,-0.937500000,,
0.625000000,-0.937500000,,
0.640625000,-0.937500000,,
0.656250000,-0.937500000,,
0.671875000,-0.937500000,,
0.687500000,-0.937500000,,
0.703125000,-0.937500000,,
0.718750000,-0.937500000,,
0.734375000,-0.937500000,,
0.750000000,-0.937500000,,
0.765625000,-0.937500000,,
0.781250000,-0.937500000,,
0.796875000,-0.937500000,,
0.812500000,-0.937500000,,
0.828125000,-0.937500000,,
0.843750000,-0.937500000,,
0.859375000,-0.937500000,,
0.875000000,-0.937500000,,
0.890625000,-0.937500000,,
0.906250000,-0.937500000,,
0.921875000,-0.937500000,,
0.937500000,-0.937500000,,
0.953125000,-0.937500000,,
0.968750000,-0.937500000,,
0.984375000,-0.937500000,,
1.000000000,-0.937500000,,
-1.000000000,-0.921875000,,
-0.984375000,-0.921875000,,
-0.968750000,-0.921875000,,
-0.953125000,-0.921875000,,
-0.937500000,-0.921875000,,
-0.921875000,-0.921875000,,
-0.906250000,-0.921875000,,
-0.890625000,-0.921875000,,
-0.875000000,-0.921875000,,
-0.859375000,-0.921875000,,
-0.843750000,-0.921875000,,
-0.828125000,-0.921875000,,
-0.812500000,-0.921875000,,
-0.796875000,-0.921875000,,
-0.781250000,-0.921875000,,
-0.765625000,-0.921875000,,
-0.750000000,-0.921875000,,
-0.734375000,-0.921875000,,
-0.718750000,-0.921875000,,
-0.703125000,-0.921875000,,
-0.687500000,-0.921875000,,
-0.671875000,-0.921875000,,
-0.656250000,-0.921875000,,
-0.640625000,-0.921875000,,
-0.625000000,-0.921875000,,
-0.609375000,-0.921875000,,
-0.593750000,-0.921875000,,
-0.578125000,-0.921875000,,
-0.562500000,-0.921875000,,
-0.546875000,-0.921875000,,
-0.531250000,-0.921875000,,
-0.515625000,-0.921875000,,
-0.500000000,-0.921875000,,
-0.484375000,-0.921875000,,
-0.468750000,-0.921875000,,
-0.453125000,-0.921875000,,
-0.437500000,-0.921875000,,
-0.421875000,-0.921875000,,
-0.406250000,-0.921875000,,
-0.390625000,-0.921875000,,
-0.375000000,-0.921875000,,
-0.359375000,-0.921875000,,
-0.343750000,-0.921875000,,
-0.328125000,-0.921875000,-1.09620721759,-0.520698428357
-0.312500000,-0.921875000,-1.04912055842,-0.498332265247
-0.296875000,-0.921875000,-1.00328513344,-0.476560438386
-0.281250000,-0.921875000,-0.958825619865,-0.455442169436
-0.265625000,-0.921875000,-0.915871266810,-0.435038851735
-0.250000000,-0.921875000,-0.874553082553,-0.415412714213
-0.234375000,-0.921875000,-0.835001507102,-0.396625715873
-0.218750000,-0.921875000,-0.797344498172,-0.378738636632
-0.203125000,-0.921875000,-0.761705965957,-0.361810333830
-0.187500000,-0.921875000,-0.728204503301,-0.345897139068
-0.171875000,-0.921875000,-0.696952363333,-0.331052372583
-0.156250000,-0.921875000,-0.668054644537,-0.317325956155
-0.140625000,-0.921875000,-0.641608646468,-0.304764107072
-0.125000000,-0.921875000,-0.617703368295,-0.293409099940
-0.109375000,-0.921875000,-0.596419121562,-0.283299082742
-0.093750000,-0.921875000,-0.577827237245,-0.274467937691
-0.078125000,-0.921875000,-0.561989846703,-0.266945177184
-0.062500000,-0.921875000,-0.548959721557,-0.260755867740
-0.046875000,-0.921875000,-0.538780158915,-0.255920575485
-0.031250000,-0.921875000,-0.531484901704,-0.252455328309
-0.015625000,-0.921875000,-0.527098084832,-0.250371590295
0.000000000,-0.921875000,-0.525634201529,-0.249676245726
0.015625000,-0.921875000,-0.527098084832,-0.250371590295
0.031250000,-0.921875000,-0.531484901704,-0.252455328309
0.046875000,-0.921875000,-0.538780158915,-0.255920575485
0.062500000,-0.921875000,-0.548959721557,-0.260755867740
0.078125000,-0.921875000,-0.561989846703,-0.266945177184
0.093750000,-0.921875000,-0.577827237245,-0.274467937691
0.109375000,-0.921875000,-0.596419121562,-0.283299082742
0.125000000,-0.921875000,-0.617703368295,-0.293409099940
0.140625000,-0.921875000,-0.641608646468,-0.304764107072
0.156250000,-0.921875000,-0.668054644537,-0.317325956155
0.171875000,-0.921875000,-0.696952363333,-0.331052372583
0.187500000,-0.921875000,-0.728204503301,-0.345897139068
0.203125000,-0.921875000,-0.761705965957,-0.361810333830
0.218750000,-0.921875000,-0.797344498172,-0.378738636632
0.234375000,-0.921875000,-0.835001507102,-0.396625715873
0.250000000,-0.921875000,-0.874553082553,-0.415412714213
0.265625000,-0.921875000,-0.915871266810,-0.435038851735
0.281250000,-0.921875000,-0.958825619865,-0.455442169436
0.296875000,-0.921875000,-1.00328513344,-0.476560438386
0.312500000,-0.921875000,-1.04912055842,-0.498332265247
0.328125000,-0.921875000,-1.09620721759,-0.520698428357
0.343750000,-0.921875000,,
0.359375000,-0.921875000,,
0.375000000,-0.921875000,,
0.390625000,-0.921875000,,
0.406250000,-0.921875000,,
0.421875000,-0.921875000,,
0.437500000,-0.921875000,,
0.453125000,-0.921875000,,
0.468750000,-0.921875000,,
0.484375000,-0.921875000,,
0.500000000,-0.921875000,,
0.515625000,-0.921875000,,
0.531250000,-0.921875000,,
0.546875000,-0.921875000,,
0.562500000,-0.921875000,,
0.578125000,-0.921875000,,
0.593750000,-0.921875000,,
0.609375000,-0.921875000,,
0.625000000,-0.921875000,,
0.640625000,-0.921875000,,
0.656250000,-0.921875000,,
0.671875000,-0.921875000,,
0.687500000,-0.921875000,,
0.703125000,-0.921875000,,
0.718750000,-0.921875000,,
0.734375000,-0.921875000,,
0.750000000,-0.921875000,,
0.765625000,-0.921875000,,
0.781250000,-0.921875000,,
0.796875000,-0.921875000,,
0.812500000,-0.921875000,,
0.828125000,-0.921875000,,
0.843750000,-0.921875000,,
0.859375000,-0.921875000,,
0.875000000,-0.921875000,,
0.890625000,-0.921875000,,
0.906250000,-0.921875000,,
0.921875000,-0.921875000,,
0.937500000,-0.921875000,,
0.953125000,-0.921875000,,
0.968750000,-0.921875000,,
0.984375000,-0.921875000,,
1.000000000,-0.921875000,,
-1.000000000,-0.906250000,,
-0.984375000,-0.906250000,,
-0.968750000,-0.906250000,,
-0.953125000,-0.906250000,,
-0.937500000,-0.906250000,,
-0.921875000,-0.906250000,,
-0.906250000,-0.906250000,,
-0.890625000,-0.906250000,,
-0.875000000,-0.906250000,,
-0.859375000,-0.906250000,,
-0.843750000,-0.906250000,,
-0.828125000,-0.906250000,,
-0.812500000,-0.906250000,,
-0.796875000,-0.906250000,,
-0.781250000,-0.906250000,,
-0.765625000,-0.906250000,,
-0.750000000,-0.906250000,,
-0.734375000,-0.906250000,,
-0.718750000,-0.906250000,,
-0.703125000,-0.906250000,,
-0.687500000,-0.906250000,,
-0.671875000,-0.906250000,,
-0.656250000,-0.906250000,,
-0.640625000,-0.906250000,,
-0.625000000,-0.906250000,,
-0.609375000,-0.906250000,,
-0.593750000,-0.906250000,,
-0.578125000,-0.906250000,,
-0.562500000,-0.906250000,,
-0.546875000,-0.906250000,,
-0.531250000,-0.906250000,,
-0.515625000,-0.906250000,,
-0.500000000,-0.906250000,,
-0.484375000,-0.906250000,,
-0.468750000,-0.906250000,,
-0.453125000,-0.906250000,,
-0.437500000,-0.906250000,,
-0.421875000,-0.906250000,,
-0.406250000,-0.906250000,,
-0.390625000,-0.906250000,,
-0.375000000,-0.906250000,,
-0.359375000,-0.906250000,-1.05081014084,-0.499134816898
-0.343750000,-0.906250000,-1.00271479391,-0.476289527106
-0.328125000,-0.906250000,-0.955397221022,-0.453813679985
-0.312500000,-0.906250000,-0.909004114404,-0.431776954342
-0.296875000,-0.906250000,-0.863688297527,-0.410251941326
-0.281250000,-0.906250000,-0.819605425640,-0.389312577179
-0.265625000,-0.906250000,-0.776911263476,-0.369032850151
-0.250000000,-0.906250000,-0.735759452456,-0.349485739917
-0.234375000,-0.906250000,-0.696299694166,-0.330742354729
-0.218750000,-0.906250000,-0.658676284683,-0.312871235224
-0.203125000,-0.906250000,-0.623026943014,-0.295937797932
-0.187500000,-0.906250000,-0.589481887820,-0.280003896715
-0.171875000,-0.906250000,-0.558163117464,-0.265127480795
-0.156250000,-0.906250000,-0.529183860582,-0.251362333777
-0.140625000,-0.906250000,-0.502648163079,-0.238757877462
-0.125000000,-0.906250000,-0.478650587426,-0.227359029027
-0.109375000,-0.906250000,-0.457275999652,-0.217206099835
-0.093750000,-0.906250000,-0.438599424908,-0.208334726831
-0.078125000,-0.906250000,-0.422685955789,-0.200775829000
-0.062500000,-0.906250000,-0.409590698255,-0.194555581671
-0.046875000,-0.906250000,-0.399358744617,-0.189695403693
-0.031250000,-0.906250000,-0.392025163191,-0.186211952516
-0.015625000,-0.906250000,-0.387614998485,-0.184117124280
0.000000000,-0.906250000,-0.386143274399,-0.183418055339
0.015625000,-0.906250000,-0.387614998485,-0.184117124280
0.031250000,-0.906250000,-0.392025163191,-0.186211952516
0.046875000,-0.906250000,-0.399358744617,-0.189695403693
0.062500000,-0.906250000,-0.409590698255,-0.194555581671
0.078125000,-0.906250000,-0.422685955789,-0.200775829000
0.093750000,-0.906250000,-0.438599424908,-0.208334726831
0.109375000,-0.906250000,-0.457275999652,-0.217206099835
0.125000000,-0.906250000,-0.478650587426,-0.227359029027
0.140625000,-0.906250000,-0.502648163079,-0.238757877462
0.156250000,-0.906250000,-0.529183860582,-0.251362333777
0.171875000,-0.906250000,-0.558163117464,-0.265127480795
0.187500000,-0.906250000,-0.589481887820,-0.280003896715
0.203125000,-0.906250000,-0.623026943014,-0.295937797932
0.218750000,-0.906250000,-0.658676284683,-0.312871235224
0.234375000,-0.906250000,-0.696299694166,-0.330742354729
0.250000000,-0.906250000,-0.735759452456,-0.349485739917
0.265625000,-0.906250000,-0.776911263476,-0.369032850151
0.281250000,-0.906250000,-0.819605425640,-0.389312577179
0.296875000,-0.906250000,-0.863688297527,-0.410251941326
0.312500000,-0.906250000,-0.909004114404,-0.431776954342
0.328125000,-0.906250000,-0.955397221022,-0.453813679985
0.343750000,-0.906250000,-1.00271479391,-0.476289527106
0.359375000,-0.906250000,-1.05081014084,-0.499134816898
0.375000000,-0.906250000,,
0.390625000,-0.906250000,,
0.406250000,-0.906250000,,
0.421875000,-0.906250000,,
0.437500000,-0.906250000,,
0.453125000,-0.906250000,,
0.468750000,-0.906250000,,
0.484375000,-0.906250000,,
0.500000000,-0.906250000,,
0.515625000,-0.906250000,,
0.531250000,-0.906250000,,
0.546875000,-0.906250000,,
0.562500000,-0.906250000,,
0.578125000,-0.906250000,,
0.593750000,-0.906250000,,
0.609375000,-0.906250000,,
0.625000000,-0.906250000,,
0.640625000,-0.906250000,,
0.656250000,-0.906250000,,
0.671875000,-0.906250000,,
0.687500000,-0.906250000,,
0.703125000,-0.906250000,,
0.718750000,-0.906250000,,
0.734375000,-0.906250000,,
0.750000000,-0.906250000,,
0.765625000,-0.906250000,,
0.781250000,-0.906250000,,
0.796875000,-0.906250000,,
0.812500000,-0.906250000,,
0.828125000,-0.906250000,,
0.843750000,-0.906250000,,
0.859375000,-0.906250000,,
0.875000000,-0.906250000,,
0.890625000,-0.906250000,,
0.906250000,-0.906250000,,
0.921875000,-0.906250000,,
0.937500000,-0.906250000,,
0.953125000,-0.906250000,,
0.968750000,-0.906250000,,
0.984375000,-0.906250000,,
1.000000000,-0.906250000,,
-1.000000000,-0.890625000,,
-0.984375000,-0.890625000,,
-0.968750000,-0.890625000,,
-0.953125000,-0.890625000,,
-0.937500000,-0.890625000,,
-0.921875000,-0.890625000,,
-0.906250000,-0.890625000,,
-0.890625000,-0.890625000,,
-0.875000000,-0.890625000,,
-0.859375000,-0.890625000,,
-0.843750000,-0.890625000,,
-0.828125000,-0.890625000,,
-0.812500000,-0.890625000,,
-0.796875000,-0.890625000,,
-0.781250000,-0.890625000,,
-0.765625000,-0.890625000,,
-0.750000000,-0.890625000,,
-0.734375000,-0.890625000,,
-0.718750000,-0.890625000,,
-0.703125000,-0.890625000,,
-0.687500000,-0.890625000,,
-0.671875000,-0.890625000,,
-0.656250000,-0.890625000,,
-0.640625000,-0.890625000,,
-0.625000000,-0.890625000,,
-0.609375000,-0.890625000,,
-0.593750000,-0.890625000,,
-0.578125000,-0.890625000,,
-0.562500000,-0.890625000,,
-0.546875000,-0.890625000,,
-0.531250000,-0.890625000,,
-0.515625000,-0.890625000,,
-0.500000000,-0.890625000,,
-0.484375000,-0.890625000,,
-0.468750000,-0.890625000,,
-0.453125000,-0.890625000,,
-0.437500000,-0.890625000,,
-0.421875000,-0.890625000,,
-0.406250000,-0.890625000,-1.06571943756,-0.506216732840
-0.390625000,-0.890625000,-1.01746871877,-0.483297641416
-0.375000000,-0.890625000,-0.969312688262,-0.460423526924
-0.359375000,-0.890625000,-0.921406471382,-0.437668073907
-0.343750000,-0.890625000,-0.873918194583,-0.415111142427
-0.328125000,-0.890625000,-0.827024259726,-0.392836523370
-0.312500000,-0.890625000,-0.780905425464,-0.370930077095
-0.296875000,-0.890625000,-0.735743578010,-0.349478199555
-0.281250000,-0.890625000,-0.691719087164,-0.328566566403
-0.265625000,-0.890625000,-0.649008660059,-0.308279113528
-0.250000000,-0.890625000,-0.607783615018,-0.288697217133
-0.234375000,-0.890625000,-0.568208509702,-0.269899042108
-0.218750000,-0.890625000,-0.530440066729,-0.251959031696
-0.203125000,-0.890625000,-0.494626345780,-0.234947514245
-0.187500000,-0.890625000,-0.460906121218,-0.218930407579
-0.171875000,-0.890625000,-0.429408426703,-0.203969002684
-0.156250000,-0.890625000,-0.400252236101,-0.190119812148
-0.140625000,-0.890625000,-0.373546252562,-0.177434469967
-0.125000000,-0.890625000,-0.349388782078,-0.165959671487
-0.109375000,-0.890625000,-0.327867672048,-0.155737144223
-0.093750000,-0.890625000,-0.309060296462,-0.146803640819
-0.078125000,-0.890625000,-0.293033574470,-0.139190947873
-0.062500000,-0.890625000,-0.279844008989,-0.132925904270
-0.046875000,-0.890625000,-0.269537735043,-0.128030424145
-0.031250000,-0.890625000,-0.262150571004,-0.124521521227
-0.015625000,-0.890625000,-0.257708064508,-0.122411330641
0.000000000,-0.890625000,-0.256225528428,-0.121707126003
0.015625000,-0.890625000,-0.257708064508,-0.122411330641
0.031250000,-0.890625000,-0.262150571004,-0.124521521227
0.046875000,-0.890625000,-0.269537735043,-0.128030424145
0.062500000,-0.890625000,-0.279844008989,-0.132925904270
0.078125000,-0.890625000,-0.293033574470,-0.139190947873
0.093750000,-0.890625000,-0.309060296462,-0.146803640819
0.109375000,-0.890625000,-0.327867672048,-0.155737144223
0.125000000,-0.890625000,-0.349388782078,-0.165959671487
0.140625000,-0.890625000,-0.373546252562,-0.177434469967
0.156250000,-0.890625000,-0.400252236101,-0.190119812148
0.171875000,-0.890625000,-0.429408426703,-0.203969002684
0.187500000,-0.890625000,-0.460906121218,-0.218930407579
0.203125000,-0.890625000,-0.494626345780,-0.234947514245
0.218750000,-0.890625000,-0.530440066729,-0.251959031696
0.234375000,-0.890625000,-0.568208509702,-0.269899042108
0.250000000,-0.890625000,-0.607783615018,-0.288697217133
0.265625000,-0.890625000,-0.649008660059,-0.308279113528
0.281250000,-0.890625000,-0.691719087164,-0.328566566403
0.296875000,-0.890625000,-0.735743578010,-0.349478199555
0.312500000,-0.890625000,-0.780905425464,-0.370930077095
0.328125000,-0.890625000,-0.827024259726,-0.392836523370
0.343750000,-0.890625000,-0.873918194583,-0.415111142427
0.359375000,-0.890625000,-0.921406471382,-0.437668073907
0.375000000,-0.890625000,-0.969312688262,-0.460423526924
0.390625000,-0.890625000,-1.01746871877,-0.483297641416
0.406250000,-0.890625000,-1.06571943756,-0.506216732840
0.421875000,-0.890625000,,
0.437500000,-0.890625000,,
0.453125000,-0.890625000,,
0.468750000,-0.890625000,,
0.484375000,-0.890625000,,
0.500000000,-0.890625000,,
0.515625000,-0.890625000,,
0.531250000,-0.890625000,,
0.546875000,-0.890625000,,
0.562500000,-0.890625000,,
0.578125000,-0.890625000,,
0.593750000,-0.890625000,,
0.609375000,-0.890625000,,
0.625000000,-0.890625000,,
0.640625000,-0.890625000,,
0.656250000,-0.890625000,,
0.671875000,-0.890625000,,
0.687500000,-0.890625000,,
0.703125000,-0.890625000,,
0.718750000,-0.890625000,,
0.734375000,-0.890625000,,
0.750000000,-0.890625000,,
0.765625000,-0.890625000,,
0.781250000,-0.890625000,,
0.796875000,-0.890625000,,
0.812500000,-0.890625000,,
0.828125000,-0.890625000,,
0.843750000,-0.890625000,,
0.859375000,-0.890625000,,
0.875000000,-0.890625000,,
0.890625000,-0.890625000,,
0.906250000,-0.890625000,,
0.921875000,-0.890625000,,
0.937500000,-0.890625000,,
0.953125000,-0.890625000,,
0.968750000,-0.890625000,,
0.984375000,-0.890625000,,
1.000000000,-0.890625000,,
-1.000000000,-0.875000000,,
-0.984375000,-0.875000000,,
-0.968750000,-0.875000000,,
-0.953125000,-0.875000000,,
-0.937500000,-0.875000000,,
-0.921875000,-0.875000000,,
-0.906250000,-0.875000000,,
-0.890625000,-0.875000000,,
-0.875000000,-0.875000000,,
-0.859375000,-0.875000000,,
-0.843750000,-0.875000000,,
-0.828125000,-0.875000000,,
-0.812500000,-0.875000000,,
-0.796875000,-0.875000000,,
-0.781250000,-0.875000000,,
-0.765625000,-0.875000000,,
-0.750000000,-0.875000000,,
-0.734375000,-0.875000000,,
-0.718750000,-0.875000000,,
-0.703125000,-0.875000000,,
-0.687500000,-0.875000000,,
-0.671875000,-0.875000000,,
-0.656250000,-0.875000000,,
-0.640625000,-0.875000000,,
-0.625000000,-0.875000000,,
-0.609375000,-0.875000000,,
-0.593750000,-0.875000000,,
-0.578125000,-0.875000000,,
-0.562500000,-0.875000000,,
-0.546875000,-0.875000000,,
-0.531250000,-0.875000000,,
-0.515625000,-0.875000000,,
-0.500000000,-0.875000000,,
-0.484375000,-0.875000000,,
-0.468750000,-0.875000000,,
-0.453125000,-0.875000000,,
-0.437500000,-0.875000000,-1.04038610033,-0.494183397657
-0.421875000,-0.875000000,-0.993760963664,-0.472036457740
-0.406250000,-0.875000000,-0.946628975772,-0.449648763492
-0.390625000,-0.875000000,-0.899161580865,-0.427101750911
-0.375000000,-0.875000000,-0.851547103534,-0.404484874179
-0.359375000,-0.875000000,-0.803985074189,-0.381892910240
-0.343750000,-0.875000000,-0.756681523556,-0.359423723689
-0.328125000,-0.875000000,-0.709845103874,-0.337176424340
-0.312500000,-0.875000000,-0.663683913590,-0.315249858955
-0.296875000,-0.875000000,-0.618402921060,-0.293741387504
-0.281250000,-0.875000000,-0.574201893098,-0.272745899222
-0.265625000,-0.875000000,-0.531273752700,-0.252355032532
-0.250000000,-0.875000000,-0.489803295323,-0.232656565279
-0.234375000,-0.875000000,-0.449966206295,-0.213733947990
-0.218750000,-0.875000000,-0.411928327098,-0.195665955372
-0.203125000,-0.875000000,-0.375845128279,-0.178526435932
-0.187500000,-0.875000000,-0.341861349774,-0.162384141143
-0.171875000,-0.875000000,-0.310110775992,-0.147302618596
-0.156250000,-0.875000000,-0.280716118075,-0.133340156085
-0.140625000,-0.875000000,-0.253788978735,-0.120549764899
-0.125000000,-0.875000000,-0.229429877998,-0.108979192049
-0.109375000,-0.875000000,-0.207728323585,-0.0986709537028
-0.093750000,-0.875000000,-0.188762909595,-0.0896623820577
-0.078125000,-0.875000000,-0.172601430465,-0.0819856794710
-0.062500000,-0.875000000,-0.159301000081,-0.0756679750385
-0.046875000,-0.875000000,-0.148908166871,-0.0707313792637
-0.031250000,-0.875000000,-0.141459017177,-0.0671930331591
-0.015625000,-0.875000000,-0.136979261852,-0.0650651493799
0.000000000,-0.875000000,-0.135484300501,-0.0643550427379
0.015625000,-0.875000000,-0.136979261852,-0.0650651493799
0.031250000,-0.875000000,-0.141459017177,-0.0671930331591
0.046875000,-0.875000000,-0.148908166871,-0.0707313792637
0.062500000,-0.875000000,-0.159301000081,-0.0756679750385
0.078125000,-0.875000000,-0.172601430465,-0.0819856794710
0.093750000,-0.875000000,-0.188762909595,-0.0896623820577
0.109375000,-0.875000000,-0.207728323585,-0.0986709537028
0.125000000,-0.875000000,-0.229429877998,-0.108979192049
0.140625000,-0.875000000,-0.253788978735,-0.120549764899
0.156250000,-0.875000000,-0.280716118075,-0.133340156085
0.171875000,-0.875000000,-0.310110775992,-0.147302618596
0.187500000,-0.875000000,-0.341861349774,-0.162384141143
0.203125000,-0.875000000,-0.375845128279,-0.178526435932
0.218750000,-0.875000000,-0.411928327098,-0.195665955372
0.234375000,-0.875000000,-0.449966206295,-0.213733947990
0.250000000,-0.875000000,-0.489803295323,-0.232656565279
0.265625000,-0.875000000,-0.531273752700,-0.252355032532
0.281250000,-0.875000000,-0.574201893098,-0.272745899222
0.296875000,-0.875000000,-0.618402921060,-0.293741387504
0.312500000,-0.875000000,-0.663683913590,-0.315249858955
0.328125000,-0.875000000,-0.709845103874,-0.337176424340
0.343750000,-0.875000000,-0.756681523556,-0.359423723689
0.359375000,-0.875000000,-0.803985074189,-0.381892910240
0.375000000,-0.875000000,-0.851547103534,-0.404484874179
0.390625000,-0.875000000,-0.899161580865,-0.427101750911
0.406250000,-0.875000000,-0.946628975772,-0.449648763492
0.421875000,-0.875000000,-0.993760963664,-0.472036457740
0.437500000,-0.875000000,-1.04038610033,-0.494183397657
0.453125000,-0.875000000,,
0.468750000,-0.875000000,,
0.484375000,-0.875000000,,
0.500000000,-0.875000000,,
0.515625000,-0.875000000,,
0.531250000,-0.875000000,,
0.546875000,-0.875000000,,
0.562500000,-0.875000000,,
0.578125000,-0.875000000,,
0.593750000,-0.875000000,,
0.609375000,-0.875000000,,
0.625000000,-0.875000000,,
0.640625000,-0.875000000,,
0.656250000,-0.875000000,,
0.671875000,-0.875000000,,
0.687500000,-0.875000000,,
0.703125000,-0.875000000,,
0.718750000,-0.875000000,,
0.734375000,-0.875000000,,
0.750000000,-0.875000000,,
0.765625000,-0.875000000,,
0.781250000,-0.875000000,,
0.796875000,-0.875000000,,
0.812500000,-0.875000000,,
0.828125000,-0.875000000,,
0.843750000,-0.875000000,,
0.859375000,-0.875000000,,
0.875000000,-0.875000000,,
0.890625000,-0.875000000,,
0.906250000,-0.875000000,,
0.921875000,-0.875000000,,
0.937500000,-0.875000000,,
0.953125000,-0.875000000,,
0.968750000,-0.875000000,,
0.984375000,-0.875000000,,
1.000000000,-0.875000000,,
-1.000000000,-0.859375000,,
-0.984375000,-0.859375000,,
-0.968750000,-0.859375000,,
-0.953125000,-0.859375000,,
-0.937500000,-0.859375000,,
-0.921875000,-0.859375000,,
-0.906250000,-0.859375000,,
-0.890625000,-0.859375000,,
-0.875000000,-0.859375000,,
-0.859375000,-0.859375000,,
-0.843750000,-0.859375000,,
-0.828125000,-0.859375000,,
-0.812500000,-0.859375000,,
-0.796875000,-0.859375000,,
-0.781250000,-0.859375000,,
-0.765625000,-0.859375000,,
-0.750000000,-0.859375000,,
-0.734375000,-0.859375000,,
-0.718750000,-0.859375000,,
-0.703125000,-0.859375000,,
-0.687500000,-0.859375000,,
-0.671875000,-0.859375000,,
-0.656250000,-0.859375000,,
-0.640625000,-0.859375000,,
-0.625000000,-0.859375000,,
-0.609375000,-0.859375000,,
-0.593750000,-0.859375000,,
-0.578125000,-0.859375000,,
-0.562500000,-0.859375000,,
-0.546875000,-0.859375000,,
-0.531250000,-0.859375000,,
-0.515625000,-0.859375000,,
-0.500000000,-0.859375000,,
-0.484375000,-0.859375000,,
-0.468750000,-0.859375000,-1.02073184807,-0.484847627834
-0.453125000,-0.859375000,-0.977018348746,-0.464083715654
-0.437500000,-0.859375000,-0.932140722236,-0.442766843062
-0.421875000,-0.859375000,-0.886283219601,-0.420984529311
-0.406250000,-0.859375000,-0.839652155119,-0.398834773681
-0.390625000,-0.859375000,-0.792469032008,-0.376422790204
-0.375000000,-0.859375000,-0.744964837345,-0.353858297739
-0.359375000,-0.859375000,-0.697375333482,-0.331253283404
-0.343750000,-0.859375000,-0.649937199513,-0.308720169769
-0.328125000,-0.859375000,-0.602884894761,-0.286370325011
-0.312500000,-0.859375000,-0.556448134911,-0.264312864083
-0.296875000,-0.859375000,-0.510849886976,-0.242653696314
-0.281250000,-0.859375000,-0.466304800515,-0.221494780245
-0.265625000,-0.859375000,-0.423018006073,-0.200933552885
-0.250000000,-0.859375000,-0.381184218938,-0.181062503996
-0.234375000,-0.859375000,-0.340987096715,-0.161968870940
-0.218750000,-0.859375000,-0.302598804754,-0.143734432258
-0.203125000,-0.859375000,-0.266179751621,-0.126435382020
-0.187500000,-0.859375000,-0.231878458686,-0.110142267876
-0.171875000,-0.859375000,-0.199831537347,-0.0949199802397
-0.156250000,-0.859375000,-0.170163746966,-0.0808277798086
-0.140625000,-0.859375000,-0.142988112745,-0.0679193535537
-0.125000000,-0.859375000,-0.118406085186,-0.0562428904635
-0.109375000,-0.859375000,-0.0965077250095,-0.0458411693795
-0.093750000,-0.859375000,-0.0773719003932,-0.0367516526868
-0.078125000,-0.859375000,-0.0610664848037,-0.0290065802818
-0.062500000,-0.859375000,-0.0476485462224,-0.0226330594557
-0.046875000,-0.859375000,-0.0371645200225,-0.0176531470107
-0.031250000,-0.859375000,-0.0296503581392,-0.0140839201161
-0.015625000,-0.859375000,-0.0251316505389,-0.0119375340060
0.000000000,-0.859375000,-0.0236237147527,-0.0112212645075
0.015625000,-0.859375000,-0.0251316505389,-0.0119375340060
0.031250000,-0.859375000,-0.0296503581392,-0.0140839201161
0.046875000,-0.859375000,-0.0371645200225,-0.0176531470107
0.062500000,-0.859375000,-0.0476485462224,-0.0226330594557
0.078125000,-0.859375000,-0.0610664848037,-0.0290065802818
0.093750000,-0.859375000,-0.0773719003932,-0.0367516526868
0.109375000,-0.859375000,-0.0965077250095,-0.0458411693795
0.125000000,-0.859375000,-0.118406085186,-0.0562428904635
0.140625000,-0.859375000,-0.142988112745,-0.0679193535537
0.156250000,-0.859375000,-0.170163746966,-0.0808277798086
0.171875000,-0.859375000,-0.199831537347,-0.0949199802397
0.187500000,-0.859375000,-0.231878458686,-0.110142267876
0.203125000,-0.859375000,-0.266179751621,-0.126435382020
0.218750000,-0.859375000,-0.302598804754,-0.143734432258
0.234375000,-0.859375000,-0.340987096715,-0.161968870940
0.250000000,-0.859375000,-0.381184218938,-0.181062503996
0.265625000,-0.859375000,-0.423018006073,-0.200933552885
0.281250000,-0.859375000,-0.466304800515,-0.221494780245
0.296875000,-0.859375000,-0.510849886976,-0.242653696314
0.312500000,-0.859375000,-0.556448134911,-0.264312864083
0.328125000,-0.859375000,-0.602884894761,-0.286370325011
0.343750000,-0.859375000,-0.649937199513,-0.308720169769
0.359375000,-0.859375000,-0.697375333482,-0.331253283404
0.375000000,-0.859375000,-0.744964837345,-0.353858297739
0.390625000,-0.859375000,-0.792469032008,-0.376422790204
0.406250000,-0.859375000,-0.839652155119,-0.398834773681
0.421875000,-0.859375000,-0.886283219601,-0.420984529311
0.437500000,-0.859375000,-0.932140722236,-0.442766843062
0.453125000,-0.859375000,-0.977018348746,-0.464083715654
0.468750000,-0.859375000,-1.02073184807,-0.484847627834
0.484375000,-0.859375000,,
0.500000000,-0.859375000,,
0.515625000,-0.859375000,,
0.531250000,-0.859375000,,
0.546875000,-0.859375000,,
0.562500000,-0.859375000,,
0.578125000,-0.859375000,,
0.593750000,-0.859375000,,
0.609375000,-0.859375000,,
0.625000000,-0.859375000,,
0.640625000,-0.859375000,,
0.656250000,-0.859375000,,
0.671875000,-0.859375000,,
0.687500000,-0.859375000,,
0.703125000,-0.859375000,,
0.718750000,-0.859375000,,
0.734375000,-0.859375000,,
0.750000000,-0.859375000,,
0.765625000,-0.859375000,,
0.781250000,-0.859375000,,
0.796875000,-0.859375000,,
0.812500000,-0.859375000,,
0.828125000,-0.859375000,,
0.843750000,-0.859375000,,
0.859375000,-0.859375000,,
0.875000000,-0.859375000,,
0.890625000,-0.859375000,,
0.906250000,-0.859375000,,
0.921875000,-0.859375000,,
0.937500000,-0.859375000,,
0.953125000,-0.859375000,,
0.968750000,-0.859375000,,
0.984375000,-0.859375000,,
1.000000000,-0.859375000,,
-1.000000000,-0.843750000,,
-0.984375000,-0.843750000,,
-0.968750000,-0.843750000,,
-0.953125000,-0.843750000,,
-0.937500000,-0.843750000,,
-0.921875000,-0.843750000,,
-0.906250000,-0.843750000,,
-0.890625000,-0.843750000,,
-0.875000000,-0.843750000,,
-0.859375000,-0.843750000,,
-0.843750000,-0.843750000,,
-0.828125000,-0.843750000,,
-0.812500000,-0.843750000,,
-0.796875000,-0.843750000,,
-0.781250000,-0.843750000,,
-0.765625000,-0.843750000,,
-0.750000000,-0.843750000,,
-0.734375000,-0.843750000,,
-0.718750000,-0.843750000,,
-0.703125000,-0.843750000,,
-0.687500000,-0.843750000,,
-0.671875000,-0.843750000,,
-0.656250000,-0.843750000,,
-0.640625000,-0.843750000,,
-0.625000000,-0.843750000,,
-0.609375000,-0.843750000,,
-0.593750000,-0.843750000,,
-0.578125000,-0.843750000,,
-0.562500000,-0.843750000,,
-0.546875000,-0.843750000,,
-0.531250000,-0.843750000,,
-0.515625000,-0.843750000,,
-0.500000000,-0.843750000,-1.00364561648,-0.476731667827
-0.484375000,-0.843750000,-0.964282386121,-0.458034133408
-0.468750000,-0.843750000,-0.923043096793,-0.438445470976
-0.453125000,-0.843750000,-0.880119467302,-0.418056746969
-0.437500000,-0.843750000,-0.835732178424,-0.396972784751
-0.421875000,-0.843750000,-0.790122483106,-0.375308179475
-0.406250000,-0.843750000,-0.743545232399,-0.353183985389
-0.390625000,-0.843750000,-0.696263110149,-0.330724977321
-0.375000000,-0.843750000,-0.648541896927,-0.308057401040
-0.359375000,-0.843750000,-0.600646610758,-0.285307140110
-0.343750000,-0.843750000,-0.552838391582,-0.262598236001
-0.328125000,-0.843750000,-0.505372017267,-0.240051708202
-0.312500000,-0.843750000,-0.458493951036,-0.217784626742
-0.296875000,-0.843750000,-0.412440838753,-0.195909398407
-0.281250000,-0.843750000,-0.367438380278,-0.174533230632
-0.265625000,-0.843750000,-0.323700515252,-0.153757744745
-0.250000000,-0.843750000,-0.281428866596,-0.133678711633
-0.234375000,-0.843750000,-0.240812396435,-0.114385888307
-0.218750000,-0.843750000,-0.202027233714,-0.0959629360143
-0.203125000,-0.843750000,-0.165236639071,-0.0784874035585
-0.187500000,-0.843750000,-0.130591076291,-0.0620307612381
-0.171875000,-0.843750000,-0.0982283655586,-0.0466584736403
-0.156250000,-0.843750000,-0.0682738955154,-0.0324301003698
-0.140625000,-0.843750000,-0.0408408751140,-0.0193994156791
-0.125000000,-0.843750000,-0.0160306095759,-0.00761453954857
-0.109375000,-0.843750000,0.00606721417915,0.00288192673510
-0.093750000,-0.843750000,0.0253742445652,0.0120527661685
-0.078125000,-0.843750000,0.0418231940024,0.0198660171511
-0.062500000,-0.843750000,0.0553575885980,0.0262948545840
-0.046875000,-0.843750000,0.0659315452107,0.0313174839751
-0.031250000,-0.843750000,0.0735095817469,0.0349170513298
-0.015625000,-0.843750000,0.0780664653179,0.0370815710260
0.000000000,-0.843750000,0.0795871011691,0.0378038730553
0.015625000,-0.843750000,0.0780664653179,0.0370815710260
0.031250000,-0.843750000,0.0735095817469,0.0349170513298
0.046875000,-0.843750000,0.0659315452107,0.0313174839751
0.062500000,-0.843750000,0.0553575885980,0.0262948545840
0.078125000,-0.843750000,0.0418231940024,0.0198660171511
0.093750000,-0.843750000,0.0253742445652,0.0120527661685
0.109375000,-0.843750000,0.00606721417915,0.00288192673510
0.125000000,-0.843750000,-0.0160306095759,-0.00761453954857
0.140625000,-0.843750000,-0.0408408751140,-0.0193994156791
0.156250000,-0.843750000,-0.0682738955154,-0.0324301003698
0.171875000,-0.843750000,-0.0982283655586,-0.0466584736403
0.187500000,-0.843750000,-0.130591076291,-0.0620307612381
0.203125000,-0.843750000,-0.165236639071,-0.0784874035585
0.218750000,-0.843750000,-0.202027233714,-0.0959629360143
0.234375000,-0.843750000,-0.240812396435,-0.114385888307
0.250000000,-0.843750000,-0.281428866596,-0.133678711633
0.265625000,-0.843750000,-0.323700515252,-0.153757744745
0.281250000,-0.843750000,-0.367438380278,-0.174533230632
0.296875000,-0.843750000,-0.412440838753,-0.195909398407
0.312500000,-0.843750000,-0.458493951036,-0.217784626742
0.328125000,-0.843750000,-0.505372017267,-0.240051708202
0.343750000,-0.843750000,-0.552838391582,-0.262598236001
0.359375000,-0.843750000,-0.600646610758,-0.285307140110
0.375000000,-0.843750000,-0.648541896927,-0.308057401040
0.390625000,-0.843750000,-0.696263110149,-0.330724977321
0.406250000,-0.843750000,-0.743545232399,-0.353183985389
0.421875000,-0.843750000,-0.790122483106,-0.375308179475
0.437500000,-0.843750000,-0.835732178424,-0.396972784751
0.453125000,-0.843750000,-0.880119467302,-0.418056746969
0.468750000,-0.843750000,-0.923043096793,-0.438445470976
0.484375000,-0.843750000,-0.964282386121,-0.458034133408
0.500000000,-0.843750000,-1.00364561648,-0.476731667827
0.515625000,-0.843750000,,
0.531250000,-0.843750000,,
0.546875000,-0.843750000,,
0.562500000,-0.843750000,,
0.578125000,-0.843750000,,
0.593750000,-0.843750000,,
0.609375000,-0.843750000,,
0.625000000,-0.843750000,,
0.640625000,-0.843750000,,
0.656250000,-0.843750000,,
0.671875000,-0.843750000,,
0.687500000,-0.843750000,,
0.703125000,-0.843750000,,
0.718750000,-0.843750000,,
0.734375000,-0.843750000,,
0.750000000,-0.843750000,,
0.765625000,-0.843750000,,
0.781250000,-0.843750000,,
0.796875000,-0.843750000,,
0.812500000,-0.843750000,,
0.828125000,-0.843750000,,
0.843750000,-0.843750000,,
0.859375000,-0.843750000,,
0.875000000,-0.843750000,,
0.890625000,-0.843750000,,
0.906250000,-0.843750000,,
0.921875000,-0.843750000,,
0.937500000,-0.843750000,,
0.953125000,-0.843750000,,
0.968750000,-0.843750000,,
0.984375000,-0.843750000,,
1.000000000,-0.843750000,,
-1.000000000,-0.828125000,,
-0.984375000,-0.828125000,,
-0.968750000,-0.828125000,,
-0.953125000,-0.828125000,,
-0.937500000,-0.828125000,,
-0.921875000,-0.828125000,,
-0.906250000,-0.828125000,,
-0.890625000,-0.828125000,,
-0.875000000,-0.828125000,,
-0.859375000,-0.828125000,,
-0.843750000,-0.828125000,,
-0.828125000,-0.828125000,,
-0.812500000,-0.828125000,,
-0.796875000,-0.828125000,,
-0.781250000,-0.828125000,,
-0.765625000,-0.828125000,,
-0.750000000,-0.828125000,,
-0.734375000,-0.828125000,,
-0.718750000,-0.828125000,,
-0.703125000,-0.828125000,,
-0.687500000,-0.828125000,,
-0.671875000,-0.828125000,,
-0.656250000,-0.828125000,,
-0.640625000,-0.828125000,,
-0.625000000,-0.828125000,,
-0.609375000,-0.828125000,,
-0.593750000,-0.828125000,,
-0.578125000,-0.828125000,,
-0.562500000,-0.828125000,,
-0.546875000,-0.828125000,,
-0.531250000,-0.828125000,,
-0.515625000,-0.828125000,-0.952267159882,-0.452326900944
-0.500000000,-0.828125000,-0.916210540957,-0.435200006954
-0.484375000,-0.828125000,-0.877706346801,-0.416910514730
-0.468750000,-0.828125000,-0.836983990871,-0.397567395664
-0.453125000,-0.828125000,-0.794300691129,-0.377292828286
-0.437500000,-0.828125000,-0.749932887715,-0.356218121665
-0.421875000,-0.828125000,-0.704169131270,-0.334480337353
-0.406250000,-0.828125000,-0.657304225421,-0.312219507075
-0.390625000,-0.828125000,-0.609634437186,-0.289576357663
-0.375000000,-0.828125000,-0.561453614315,-0.266690466800
-0.359375000,-0.828125000,-0.513050072927,-0.243698784640
-0.343750000,-0.828125000,-0.464704136565,-0.220734464868
-0.328125000,-0.828125000,-0.416686225217,-0.197925956978
-0.312500000,-0.828125000,-0.369255406629,-0.175396318149
-0.296875000,-0.828125000,-0.322658334070,-0.153262708683
-0.281250000,-0.828125000,-0.277128506092,-0.131636040394
-0.265625000,-0.828125000,-0.232885791629,-0.110620751024
-0.250000000,-0.828125000,-0.190136172592,-0.0903146819811
-0.234375000,-0.828125000,-0.149071661501,-0.0708090392132
-0.218750000,-0.828125000,-0.109870359566,-0.0521884207939
-0.203125000,-0.828125000,-0.0726966228103,-0.0345308958349
-0.187500000,-0.828125000,-0.0377013106746,-0.0179081225704
-0.171875000,-0.828125000,-0.00502209340497,-0.00238549436736
-0.156250000,-0.828125000,0.0252162007911,0.0119776953758
-0.140625000,-0.828125000,0.0529012163117,0.0251280777480
-0.125000000,-0.828125000,0.0779326924716,0.0370180289240
-0.109375000,-0.828125000,0.100222090259,0.0476054928731
-0.093750000,-0.828125000,0.119692233883,0.0568538110945
-0.078125000,-0.828125000,0.136276975443,0.0647315633356
-0.062500000,-0.828125000,0.149920891457,0.0712124234421
-0.046875000,-0.828125000,0.160579015898,0.0762750325514
-0.031250000,-0.828125000,0.168216615169,0.0799028922054
-0.015625000,-0.828125000,0.172809009858,0.0820842796827
0.000000000,-0.828125000,0.174341444561,0.0828121861665
0.015625000,-0.828125000,0.172809009858,0.0820842796827
0.031250000,-0.828125000,0.168216615169,0.0799028922054
0.046875000,-0.828125000,0.160579015898,0.0762750325514
0.062500000,-0.828125000,0.149920891457,0.0712124234421
0.078125000,-0.828125000,0.136276975443,0.0647315633356
0.093750000,-0.828125000,0.119692233883,0.0568538110945
0.109375000,-0.828125000,0.100222090259,0.0476054928731
0.125000000,-0.828125000,0.0779326924716,0.0370180289240
0.140625000,-0.828125000,0.0529012163117,0.0251280777480
0.156250000,-0.828125000,0.0252162007911,0.0119776953758
0.171875000,-0.828125000,-0.00502209340497,-0.00238549436736
0.187500000,-0.828125000,-0.0377013106746,-0.0179081225704
0.203125000,-0.828125000,-0.0726966228103,-0.0345308958349
0.218750000,-0.828125000,-0.109870359566,-0.0521884207939
0.234375000,-0.828125000,-0.149071661501,-0.0708090392132
0.250000000,-0.828125000,-0.190136172592,-0.0903146819811
0.265625000,-0.828125000,-0.232885791629,-0.110620751024
0.281250000,-0.828125000,-0.277128506092,-0.131636040394
0.296875000,-0.828125000,-0.322658334070,-0.153262708683
0.312500000,-0.828125000,-0.369255406629,-0.175396318149
0.328125000,-0.828125000,-0.416686225217,-0.197925956978
0.343750000,-0.828125000,-0.464704136565,-0.220734464868
0.359375000,-0.828125000,-0.513050072927,-0.243698784640
0.375000000,-0.828125000,-0.561453614315,-0.266690466800
0.390625000,-0.828125000,-0.609634437186,-0.289576357663
0.406250000,-0.828125000,-0.657304225421,-0.312219507075
0.421875000,-0.828125000,-0.704169131270,-0.334480337353
0.437500000,-0.828125000,-0.749932887715,-0.356218121665
0.453125000,-0.828125000,-0.794300691129,-0.377292828286
0.468750000,-0.828125000,-0.836983990871,-0.397567395664
0.484375000,-0.828125000,-0.877706346801,-0.416910514730
0.500000000,-0.828125000,-0.916210540957,-0.435200006954
0.515625000,-0.828125000,-0.952267159882,-0.452326900944
0.531250000,-0.828125000,,
0.546875000,-0.828125000,,
0.562500000,-0.828125000,,
0.578125000,-0.828125000,,
0.593750000,-0.828125000,,
0.609375000,-0.828125000,,
0.625000000,-0.828125000,,
0.640625000,-0.828125000,,
0.656250000,-0.828125000,,
0.671875000,-0.828125000,,
0.687500000,-0.828125000,,
0.703125000,-0.828125000,,
0.718750000,-0.828125000,,
0.734375000,-0.828125000,,
0.750000000,-0.828125000,,
0.765625000,-0.828125000,,
0.781250000,-0.828125000,,
0.796875000,-0.828125000,,
0.812500000,-0.828125000,,
0.828125000,-0.828125000,,
0.843750000,-0.828125000,,
0.859375000,-0.828125000,,
0.875000000,-0.828125000,,
0.890625000,-0.828125000,,
0.906250000,-0.828125000,,
0.921875000,-0.828125000,,
0.937500000,-0.828125000,,
0.953125000,-0.828125000,,
0.968750000,-0.828125000,,
0.984375000,-0.828125000,,
1.000000000,-0.828125000,,
-1.000000000,-0.812500000,,
-0.984375000,-0.812500000,,
-0.968750000,-0.812500000,,
-0.953125000,-0.812500000,,
-0.937500000,-0.812500000,,
-0.921875000,-0.812500000,,
-0.906250000,-0.812500000,,
-0.890625000,-0.812500000,,
-0.875000000,-0.812500000,,
-0.859375000,-0.812500000,,
-0.843750000,-0.812500000,,
-0.828125000,-0.812500000,,
-0.812500000,-0.812500000,,
-0.796875000,-0.812500000,,
-0.781250000,-0.812500000,,
-0.765625000,-0.812500000,,
-0.750000000,-0.812500000,,
-0.734375000,-0.812500000,,
-0.718750000,-0.812500000,,
-0.703125000,-0.812500000,,
-0.687500000,-0.812500000,,
-0.671875000,-0.812500000,,
-0.656250000,-0.812500000,,
-0.640625000,-0.812500000,,
-0.625000000,-0.812500000,,
-0.609375000,-0.812500000,,
-0.593750000,-0.812500000,,
-0.578125000,-0.812500000,,
-0.562500000,-0.812500000,,
-0.546875000,-0.812500000,-0.937326876738,-0.445230266450
-0.531250000,-0.812500000,-0.908161800656,-0.431376855312
-0.515625000,-0.812500000,-0.875731384413,-0.415972407596
-0.500000000,-0.812500000,-0.840265334118,-0.399126033706
-0.484375000,-0.812500000,-0.802030825421,-0.380964642075
-0.468750000,-0.812500000,-0.761321879347,-0.361627892690
-0.453125000,-0.812500000,-0.718450538777,-0.341264005919
-0.437500000,-0.812500000,-0.673739578686,-0.320026299876
-0.421875000,-0.812500000,-0.627516522760,-0.298070348311
-0.406250000,-0.812500000,-0.580108770466,-0.275551665971
-0.390625000,-0.812500000,-0.531839667740,-0.252623842177
-0.375000000,-0.812500000,-0.483025377378,-0.229437054255
-0.359375000,-0.812500000,-0.433972425050,-0.206136901899
-0.343750000,-0.812500000,-0.384975815938,-0.182863512571
-0.328125000,-0.812500000,-0.336317628786,-0.159750873673
-0.312500000,-0.812500000,-0.288266011127,-0.136926355286
-0.296875000,-0.812500000,-0.241074505691,-0.114510390203
-0.281250000,-0.812500000,-0.194981651518,-0.0926162844712
-0.265625000,-0.812500000,-0.150210808523,-0.0713501340486
-0.250000000,-0.812500000,-0.106970162941,-0.0508108273967
-0.234375000,-0.812500000,-0.0654528758076,-0.0310901160086
-0.218750000,-0.812500000,-0.0258373429427,-0.0122727378978
-0.203125000,-0.812500000,0.0117124614983,0.00556341921170
-0.187500000,-0.812500000,0.0470465810874,0.0223471260165
-0.171875000,-0.812500000,0.0800286340316,0.0380136011650
-0.156250000,-0.812500000,0.110535347776,0.0525042901936
-0.140625000,-0.812500000,0.138456086358,0.0657666410202
-0.125000000,-0.812500000,0.163692383397,0.0777538821137
-0.109375000,-0.812500000,0.186157491963,0.0884248086824
-0.093750000,-0.812500000,0.205775959978,0.0977435809896
-0.078125000,-0.812500000,0.222483239486,0.105679538756
-0.062500000,-0.812500000,0.236225335552,0.112207034387
-0.046875000,-0.812500000,0.246958501282,0.117305288109
-0.031250000,-0.812500000,0.254648982505,0.120958266690
-0.015625000,-0.812500000,0.259272815390,0.123154587310
0.000000000,-0.812500000,0.260815680720,0.123887448342
0.015625000,-0.812500000,0.259272815390,0.123154587310
0.031250000,-0.812500000,0.254648982505,0.120958266690
0.046875000,-0.812500000,0.246958501282,0.117305288109
0.062500000,-0.812500000,0.236225335552,0.112207034387
0.078125000,-0.812500000,0.222483239486,0.105679538756
0.093750000,-0.812500000,0.205775959978,0.0977435809896
0.109375000,-0.812500000,0.186157491963,0.0884248086824
0.125000000,-0.812500000,0.163692383397,0.0777538821137
0.140625000,-0.812500000,0.138456086358,0.0657666410202
0.156250000,-0.812500000,0.110535347776,0.0525042901936
0.171875000,-0.812500000,0.0800286340316,0.0380136011650
0.187500000,-0.812500000,0.0470465810874,0.0223471260165
0.203125000,-0.812500000,0.0117124614983,0.00556341921170
0.218750000,-0.812500000,-0.0258373429427,-0.0122727378978
0.234375000,-0.812500000,-0.0654528758076,-0.0310901160086
0.250000000,-0.812500000,-0.106970162941,-0.0508108273967
0.265625000,-0.812500000,-0.150210808523,-0.0713501340486
0.281250000,-0.812500000,-0.194981651518,-0.0926162844712
0.296875000,-0.812500000,-0.241074505691,-0.114510390203
0.312500000,-0.812500000,-0.288266011127,-0.136926355286
0.328125000,-0.812500000,-0.336317628786,-0.159750873673
0.343750000,-0.812500000,-0.384975815938,-0.182863512571
0.359375000,-0.812500000,-0.433972425050,-0.206136901899
0.375000000,-0.812500000,-0.483025377378,-0.229437054255
0.390625000,-0.812500000,-0.531839667740,-0.252623842177
0.406250000,-0.812500000,-0.580108770466,-0.275551665971
0.421875000,-0.812500000,-0.627516522760,-0.298070348311
0.437500000,-0.812500000,-0.673739578686,-0.320026299876
0.453125000,-0.812500000,-0.718450538777,-0.341264005919
0.468750000,-0.812500000,-0.761321879347,-0.361627892690
0.484375000,-0.812500000,-0.802030825421,-0.380964642075
0.500000000,-0.812500000,-0.840265334118,-0.399126033706
0.515625000,-0.812500000,-0.875731384413,-0.415972407596
0.531250000,-0.812500000,-0.908161800656,-0.431376855312
0.546875000,-0.812500000,-0.937326876738,-0.445230266450
0.562500000,-0.812500000,,
0.578125000,-0.812500000,,
0.593750000,-0.812500000,,
0.609375000,-0.812500000,,
0.625000000,-0.812500000,,
0.640625000,-0.812500000,,
0.656250000,-0.812500000,,
0.671875000,-0.812500000,,
0.687500000,-0.812500000,,
0.703125000,-0.812500000,,
0.718750000,-0.812500000,,
0.734375000,-0.812500000,,
0.750000000,-0.812500000,,
0.765625000,-0.812500000,,
0.781250000,-0.812500000,,
0.796875000,-0.812500000,,
0.812500000,-0.812500000,,
0.828125000,-0.812500000,,
0.843750000,-0.812500000,,
0.859375000,-0.812500000,,
0.875000000,-0.812500000,,
0.890625000,-0.812500000,,
0.906250000,-0.812500000,,
0.921875000,-0.812500000,,
0.937500000,-0.812500000,,
0.953125000,-0.812500000,,
0.968750000,-0.812500000,,
0.984375000,-0.812500000,,
1.000000000,-0.812500000,,
-1.000000000,-0.796875000,,
-0.984375000,-0.796875000,,
-0.968750000,-0.796875000,,
-0.953125000,-0.796875000,,
-0.937500000,-0.796875000,,
-0.921875000,-0.796875000,,
-0.906250000,-0.796875000,,
-0.890625000,-0.796875000,,
-0.875000000,-0.796875000,,
-0.859375000,-0.796875000,,
-0.843750000,-0.796875000,,
-0.828125000,-0.796875000,,
-0.812500000,-0.796875000,,
-0.796875000,-0.796875000,,
-0.781250000,-0.796875000,,
-0.765625000,-0.796875000,,
-0.750000000,-0.796875000,,
-0.734375000,-0.796875000,,
-0.718750000,-0.796875000,,
-0.703125000,-0.796875000,,
-0.687500000,-0.796875000,,
-0.671875000,-0.796875000,,
-0.656250000,-0.796875000,,
-0.640625000,-0.796875000,,
-0.625000000,-0.796875000,,
-0.609375000,-0.796875000,,
-0.593750000,-0.796875000,,
-0.578125000,-0.796875000,,
-0.562500000,-0.796875000,-0.895028869246,-0.425138712892
-0.546875000,-0.796875000,-0.870499637650,-0.413487327884
-0.531250000,-0.796875000,-0.842059175510,-0.399978108367
-0.515625000,-0.796875000,-0.809975506457,-0.384738365567
-0.500000000,-0.796875000,-0.774553758992,-0.367913035521
-0.484375000,-0.796875000,-0.736125163226,-0.349659452532
-0.468750000,-0.796875000,-0.695037933844,-0.330143018576
-0.453125000,-0.796875000,-0.651649757929,-0.309533635016
-0.437500000,-0.796875000,-0.606321647303,-0.288002782469
-0.421875000,-0.796875000,-0.559412952941,-0.265721152647
-0.406250000,-0.796875000,-0.511277361815,-0.242856746862
-0.390625000,-0.796875000,-0.462259728599,-0.219573371085
-0.375000000,-0.796875000,-0.412693610812,-0.196029465136
-0.359375000,-0.796875000,-0.362899397706,-0.172377213910
-0.343750000,-0.796875000,-0.313182935669,-0.148761894443
-0.328125000,-0.796875000,-0.263834569884,-0.125321420695
-0.312500000,-0.796875000,-0.215128530531,-0.102186052002
-0.296875000,-0.796875000,-0.167322602726,-0.0794782362950
-0.281250000,-0.796875000,-0.120658029072,-0.0573125638092
-0.265625000,-0.796875000,-0.0753595979239,-0.0357958090138
-0.250000000,-0.796875000,-0.0316358810365,-0.0150270434923
-0.234375000,-0.796875000,0.0103204151012,0.00490219717308
-0.218750000,-0.796875000,0.0503320107237,0.0239077050937
-0.203125000,-0.796875000,0.0882365533140,0.0419123628242
-0.187500000,-0.796875000,0.123886077173,0.0588458866570
-0.171875000,-0.796875000,0.157146440734,0.0746445593488
-0.156250000,-0.796875000,0.187896757191,0.0892509596656
-0.140625000,-0.796875000,0.216028831333,0.102613694883
-0.125000000,-0.796875000,0.241446614408,0.114687141844
-0.109375000,-0.796875000,0.264065685835,0.125431200772
-0.093750000,-0.796875000,0.283812771218,0.134811066329
-0.078125000,-0.796875000,0.300625302453,0.142797018665
-0.062500000,-0.796875000,0.314451025545,0.149364237134
-0.046875000,-0.796875000,0.325247662258,0.154492639573
-0.031250000,-0.796875000,0.332982627548,0.158166748085
-0.015625000,-0.796875000,0.337632807178,0.160375583410
0.000000000,-0.796875000,0.339184397122,0.161112588633
0.015625000,-0.796875000,0.337632807178,0.160375583410
0.031250000,-0.796875000,0.332982627548,0.158166748085
0.046875000,-0.796875000,0.325247662258,0.154492639573
0.062500000,-0.796875000,0.314451025545,0.149364237134
0.078125000,-0.796875000,0.300625302453,0.142797018665
0.093750000,-0.796875000,0.283812771218,0.134811066329
0.109375000,-0.796875000,0.264065685835,0.125431200772
0.125000000,-0.796875000,0.241446614408,0.114687141844
0.140625000,-0.796875000,0.216028831333,0.102613694883
0.156250000,-0.796875000,0.187896757191,0.0892509596656
0.171875000,-0.796875000,0.157146440734,0.0746445593488
0.187500000,-0.796875000,0.123886077173,0.0588458866570
0.203125000,-0.796875000,0.0882365533140,0.0419123628242
0.218750000,-0.796875000,0.0503320107237,0.0239077050937
0.234375000,-0.796875000,0.0103204151012,0.00490219717308
0.250000000,-0.796875000,-0.0316358810365,-0.0150270434923
0.265625000,-0.796875000,-0.0753595979239,-0.0357958090138
0.281250000,-0.796875000,-0.120658029072,-0.0573125638092
0.296875000,-0.796875000,-0.167322602726,-0.0794782362950
0.312500000,-0.796875000,-0.215128530531,-0.102186052002
0.328125000,-0.796875000,-0.263834569884,-0.125321420695
0.343750000,-0.796875000,-0.313182935669,-0.148761894443
0.359375000,-0.796875000,-0.362899397706,-0.172377213910
0.375000000,-0.796875000,-0.412693610812,-0.196029465136
0.390625000,-0.796875000,-0.462259728599,-0.219573371085
0.406250000,-0.796875000,-0.511277361815,-0.242856746862
0.421875000,-0.796875000,-0.559412952941,-0.265721152647
0.437500000,-0.796875000,-0.606321647303,-0.288002782469
0.453125000,-0.796875000,-0.651649757929,-0.309533635016
0.468750000,-0.796875000,-0.695037933844,-0.330143018576
0.484375000,-0.796875000,-0.736125163226,-0.349659452532
0.500000000,-0.796875000,-0.774553758992,-0.367913035521
0.515625000,-0.796875000,-0.809975506457,-0.384738365567
0.531250000,-0.796875000,-0.842059175510,-0.399978108367
0.546875000,-0.796875000,-0.870499637650,-0.413487327884
0.562500000,-0.796875000,-0.895028869246,-0.425138712892
0.578125000,-0.796875000,,
0.593750000,-0.796875000,,
0.609375000,-0.796875000,,
0.625000000,-0.796875000,,
0.640625000,-0.796875000,,
0.656250000,-0.796875000,,
0.671875000,-0.796875000,,
0.687500000,-0.796875000,,
0.703125000,-0.796875000,,
0.718750000,-0.796875000,,
0.734375000,-0.796875000,,
0.750000000,-0.796875000,,
0.765625000,-0.796875000,,
0.781250000,-0.796875000,,
0.796875000,-0.796875000,,
0.812500000,-0.796875000,,
0.828125000,-0.796875000,,
0.843750000,-0.796875000,,
0.859375000,-0.796875000,,
0.875000000,-0.796875000,,
0.890625000,-0.796875000,,
0.906250000,-0.796875000,,
0.921875000,-0.796875000,,
0.937500000,-0.796875000,,
0.953125000,-0.796875000,,
0.968750000,-0.796875000,,
0.984375000,-0.796875000,,
1.000000000,-0.796875000,,
-1.000000000,-0.781250000,,
-0.984375000,-0.781250000,,
-0.968750000,-0.781250000,,
-0.953125000,-0.781250000,,
-0.937500000,-0.781250000,,
-0.921875000,-0.781250000,,
-0.906250000,-0.781250000,,
-0.890625000,-0.781250000,,
-0.875000000,-0.781250000,,
-0.859375000,-0.781250000,,
-0.843750000,-0.781250000,,
-0.828125000,-0.781250000,,
-0.812500000,-0.781250000,,
-0.796875000,-0.781250000,,
-0.781250000,-0.781250000,,
-0.765625000,-0.781250000,,
-0.750000000,-0.781250000,,
-0.734375000,-0.781250000,,
-0.718750000,-0.781250000,,
-0.703125000,-0.781250000,,
-0.687500000,-0.781250000,,
-0.671875000,-0.781250000,,
-0.656250000,-0.781250000,,
-0.640625000,-0.781250000,,
-0.625000000,-0.781250000,,
-0.609375000,-0.781250000,,
-0.593750000,-0.781250000,-0.872531492258,-0.414452458822
-0.578125000,-0.781250000,-0.857903110789,-0.407503977625
-0.562500000,-0.781250000,-0.838439661020,-0.398258838984
-0.546875000,-0.781250000,-0.814396640582,-0.386838404277
-0.531250000,-0.781250000,-0.786080373377,-0.373388177354
-0.515625000,-0.781250000,-0.753834229730,-0.358071259122
-0.500000000,-0.781250000,-0.718027175727,-0.341062908470
-0.484375000,-0.781250000,-0.679044304468,-0.322546044623
-0.468750000,-0.781250000,-0.637279051959,-0.302707549681
-0.453125000,-0.781250000,-0.593126847181,-0.281735252411
-0.437500000,-0.781250000,-0.546979976855,-0.259815489006
-0.421875000,-0.781250000,-0.499223482012,-0.237131153956
-0.406250000,-0.781250000,-0.450231926357,-0.213860165020
-0.390625000,-0.781250000,-0.400366901648,-0.190174278283
-0.375000000,-0.781250000,-0.349975151740,-0.166238197077
-0.359375000,-0.781250000,-0.299387216748,-0.142208927955
-0.343750000,-0.781250000,-0.248916510027,-0.118235342263
-0.328125000,-0.781250000,-0.198858755254,-0.0944579087458
-0.312500000,-0.781250000,-0.149491718462,-0.0710085662696
-0.296875000,-0.781250000,-0.101075182505,-0.0480107116898
-0.281250000,-0.781250000,-0.0538511149882,-0.0255792796194
-0.265625000,-0.781250000,-0.00804399081971,-0.00382089563936
-0.250000000,-0.781250000,0.0361387661806,0.0171659139358
-0.234375000,-0.781250000,0.0785062517918,0.0372904696011
-0.218750000,-0.781250000,0.118883486271,0.0564696559787
-0.203125000,-0.781250000,0.157110776583,0.0746276188769
-0.187500000,-0.781250000,0.193043056272,0.0916954517293
-0.171875000,-0.781250000,0.226549216816,0.107610877988
-0.156250000,-0.781250000,0.257511447575,0.122317937598
-0.140625000,-0.781250000,0.285824592257,0.135766681322
-0.125000000,-0.781250000,0.311395535007,0.147912879129
-0.109375000,-0.781250000,0.334142623178,0.158717746010
-0.093750000,-0.781250000,0.353995134117,0.168147688706
-0.078125000,-0.781250000,0.370892791966,0.176174076184
-0.062500000,-0.781250000,0.384785340681,0.182773036823
-0.046875000,-0.781250000,0.395632174623,0.187925282946
-0.031250000,-0.781250000,0.403402033712,0.191615966013
-0.015625000,-0.781250000,0.408072762578,0.193834562224
0.000000000,-0.781250000,0.409631137577,0.194574790349
0.015625000,-0.781250000,0.408072762578,0.193834562224
0.031250000,-0.781250000,0.403402033712,0.191615966013
0.046875000,-0.781250000,0.395632174623,0.187925282946
0.062500000,-0.781250000,0.384785340681,0.182773036823
0.078125000,-0.781250000,0.370892791966,0.176174076184
0.093750000,-0.781250000,0.353995134117,0.168147688706
0.109375000,-0.781250000,0.334142623178,0.158717746010
0.125000000,-0.781250000,0.311395535007,0.147912879129
0.140625000,-0.781250000,0.285824592257,0.135766681322
0.156250000,-0.781250000,0.257511447575,0.122317937598
0.171875000,-0.781250000,0.226549216816,0.107610877988
0.187500000,-0.781250000,0.193043056272,0.0916954517293
0.203125000,-0.781250000,0.157110776583,0.0746276188769
0.218750000,-0.781250000,0.118883486271,0.0564696559787
0.234375000,-0.781250000,0.0785062517918,0.0372904696011
0.250000000,-0.781250000,0.0361387661806,0.0171659139358
0.265625000,-0.781250000,-0.00804399081971,-0.00382089563936
0.281250000,-0.781250000,-0.0538511149882,-0.0255792796194
0.296875000,-0.781250000,-0.101075182505,-0.0480107116898
0.312500000,-0.781250000,-0.149491718462,-0.0710085662696
0.328125000,-0.781250000,-0.198858755254,-0.0944579087458
0.343750000,-0.781250000,-0.248916510027,-0.118235342263
0.359375000,-0.781250000,-0.299387216748,-0.142208927955
0.375000000,-0.781250000,-0.349975151740,-0.166238197077
0.390625000,-0.781250000,-0.400366901648,-0.190174278283
0.406250000,-0.781250000,-0.450231926357,-0.213860165020
0.421875000,-0.781250000,-0.499223482012,-0.237131153956
0.437500000,-0.781250000,-0.546979976855,-0.259815489006
0.453125000,-0.781250000,-0.593126847181,-0.281735252411
0.468750000,-0.781250000,-0.637279051959,-0.302707549681
0.484375000,-0.781250000,-0.679044304468,-0.322546044623
0.500000000,-0.781250000,-0.718027175727,-0.341062908470
0.515625000,-0.781250000,-0.753834229730,-0.358071259122
0.531250000,-0.781250000,-0.786080373377,-0.373388177354
0.546875000,-0.781250000,-0.814396640582,-0.386838404277
0.562500000,-0.781250000,-0.838439661020,-0.398258838984
0.578125000,-0.781250000,-0.857903110789,-0.407503977625
0.593750000,-0.781250000,-0.872531492258,-0.414452458822
0.609375000,-0.781250000,,
0.625000000,-0.781250000,,
0.640625000,-0.781250000,,
0.656250000,-0.781250000,,
0.671875000,-0.781250000,,
0.687500000,-0.781250000,,
0.703125000,-0.781250000,,
0.718750000,-0.781250000,,
0.734375000,-0.781250000,,
0.750000000,-0.781250000,,
0.765625000,-0.781250000,,
0.781250000,-0.781250000,,
0.796875000,-0.781250000,,
0.812500000,-0.781250000,,
0.828125000,-0.781250000,,
0.843750000,-0.781250000,,
0.859375000,-0.781250000,,
0.875000000,-0.781250000,,
0.890625000,-0.781250000,,
0.906250000,-0.781250000,,
0.921875000,-0.781250000,,
0.937500000,-0.781250000,,
0.953125000,-0.781250000,,
0.968750000,-0.781250000,,
0.984375000,-0.781250000,,
1.000000000,-0.781250000,,
-1.000000000,-0.765625000,,
-0.984375000,-0.765625000,,
-0.968750000,-0.765625000,,
-0.953125000,-0.765625000,,
-0.937500000,-0.765625000,,
-0.921875000,-0.765625000,,
-0.906250000,-0.765625000,,
-0.890625000,-0.765625000,,
-0.875000000,-0.765625000,,
-0.859375000,-0.765625000,,
-0.843750000,-0.765625000,,
-0.828125000,-0.765625000,,
-0.812500000,-0.765625000,,
-0.796875000,-0.765625000,,
-0.781250000,-0.765625000,,
-0.765625000,-0.765625000,,
-0.750000000,-0.765625000,,
-0.734375000,-0.765625000,,
-0.718750000,-0.765625000,,
-0.703125000,-0.765625000,,
-0.687500000,-0.765625000,,
-0.671875000,-0.765625000,,
-0.656250000,-0.765625000,,
-0.640625000,-0.765625000,,
-0.625000000,-0.765625000,,
-0.609375000,-0.765625000,-0.833396077294,-0.395863136714
-0.593750000,-0.765625000,-0.825041446660,-0.391894687164
-0.578125000,-0.765625000,-0.811120589999,-0.385282280250
-0.562500000,-0.765625000,-0.791926388179,-0.376165034385
-0.546875000,-0.765625000,-0.767803484421,-0.364706655100
-0.531250000,-0.765625000,-0.739133850968,-0.351088579210
-0.515625000,-0.765625000,-0.706324814581,-0.335504286926
-0.500000000,-0.765625000,-0.669799172452,-0.318154606915
-0.484375000,-0.765625000,-0.629987084143,-0.299243864968
-0.468750000,-0.765625000,-0.587319471974,-0.278976749188
-0.453125000,-0.765625000,-0.542222701241,-0.257555783089
-0.437500000,-0.765625000,-0.495114344072,-0.235179313434
-0.421875000,-0.765625000,-0.446399859158,-0.212039933100
-0.406250000,-0.765625000,-0.396470045115,-0.188323271430
-0.390625000,-0.765625000,-0.345699142755,-0.164207092808
-0.375000000,-0.765625000,-0.294443482681,-0.139860654274
-0.359375000,-0.765625000,-0.243040586277,-0.115444278481
-0.343750000,-0.765625000,-0.191808643047,-0.0911091054474
-0.328125000,-0.765625000,-0.141046298271,-0.0669969916787
-0.312500000,-0.765625000,-0.0910326923424,-0.0432405288626
-0.296875000,-0.765625000,-0.0420277036293,-0.0199631592239
-0.281250000,-0.765625000,0.00572764690415,0.00272063227947
-0.265625000,-0.765625000,0.0520106671188,0.0247050668814
-0.250000000,-0.765625000,0.0966163703759,0.0458927759286
-0.234375000,-0.765625000,0.139356786041,0.0661944733696
-0.218750000,-0.765625000,0.180060224692,0.0855286067288
-0.203125000,-0.765625000,0.218570519302,0.103820996669
-0.187500000,-0.765625000,0.254746258328,0.121004472706
-0.171875000,-0.765625000,0.288460025040,0.137018511894
-0.156250000,-0.765625000,0.319597655828,0.151808886518
-0.140625000,-0.765625000,0.348057527100,0.165327325373
-0.125000000,-0.765625000,0.373749880686,0.177531193326
-0.109375000,-0.765625000,0.396596193869,0.188383192088
-0.093750000,-0.765625000,0.416528602152,0.197851086022
-0.078125000,-0.765625000,0.433489378060,0.205907454579
-0.062500000,-0.765625000,0.447430472017,0.212529474208
-0.046875000,-0.765625000,0.458313117904,0.217698731005
-0.031250000,-0.765625000,0.466107507130,0.221401065887
-0.015625000,-0.765625000,0.470792531904,0.223626452654
0.000000000,-0.765625000,0.472355601669,0.224368910793
0.015625000,-0.765625000,0.470792531904,0.223626452654
0.031250000,-0.765625000,0.466107507130,0.221401065887
0.046875000,-0.765625000,0.458313117904,0.217698731005
0.062500000,-0.765625000,0.447430472017,0.212529474208
0.078125000,-0.765625000,0.433489378060,0.205907454579
0.093750000,-0.765625000,0.416528602152,0.197851086022
0.109375000,-0.765625000,0.396596193869,0.188383192088
0.125000000,-0.765625000,0.373749880686,0.177531193326
0.140625000,-0.765625000,0.348057527100,0.165327325373
0.156250000,-0.765625000,0.319597655828,0.151808886518
0.171875000,-0.765625000,0.288460025040,0.137018511894
0.187500000,-0.765625000,0.254746258328,0.121004472706
0.203125000,-0.765625000,0.218570519302,0.103820996669
0.218750000,-0.765625000,0.180060224692,0.0855286067288
0.234375000,-0.765625000,0.139356786041,0.0661944733696
0.250000000,-0.765625000,0.0966163703759,0.0458927759286
0.265625000,-0.765625000,0.0520106671188,0.0247050668814
0.281250000,-0.765625000,0.00572764690415,0.00272063227947
0.296875000,-0.765625000,-0.0420277036293,-0.0199631592239
0.312500000,-0.765625000,-0.0910326923424,-0.0432405288626
0.328125000,-0.765625000,-0.141046298271,-0.0669969916787
0.343750000,-0.765625000,-0.191808643047,-0.0911091054474
0.359375000,-0.765625000,-0.243040586277,-0.115444278481
0.375000000,-0.765625000,-0.294443482681,-0.139860654274
0.390625000,-0.765625000,-0.345699142755,-0.164207092808
0.406250000,-0.765625000,-0.396470045115,-0.188323271430
0.421875000,-0.765625000,-0.446399859158,-0.212039933100
0.437500000,-0.765625000,-0.495114344072,-0.235179313434
0.453125000,-0.765625000,-0.542222701241,-0.257555783089
0.468750000,-0.765625000,-0.587319471974,-0.278976749188
0.484375000,-0.765625000,-0.629987084143,-0.299243864968
0.500000000,-0.765625000,-0.669799172452,-0.318154606915
0.515625000,-0.765625000,-0.706324814581,-0.335504286926
0.531250000,-0.765625000,-0.739133850968,-0.351088579210
0.546875000,-0.765625000,-0.767803484421,-0.364706655100
0.562500000,-0.765625000,-0.791926388179,-0.376165034385
0.578125000,-0.765625000,-0.811120589999,-0.385282280250
0.593750000,-0.765625000,-0.825041446660,-0.391894687164
0.609375000,-0.765625000,-0.833396077294,-0.395863136714
0.625000000,-0.765625000,,
0.640625000,-0.765625000,,
0.656250000,-0.765625000,,
0.671875000,-0.765625000,,
0.687500000,-0.765625000,,
0.703125000,-0.765625000,,
0.718750000,-0.765625000,,
0.734375000,-0.765625000,,
0.750000000,-0.765625000,,
0.765625000,-0.765625000,,
0.781250000,-0.765625000,,
0.796875000,-0.765625000,,
0.812500000,-0.765625000,,
0.828125000,-0.765625000,,
0.843750000,-0.765625000,,
0.859375000,-0.765625000,,
0.875000000,-0.765625000,,
0.890625000,-0.765625000,,
0.906250000,-0.765625000,,
0.921875000,-0.765625000,,
0.937500000,-0.765625000,,
0.953125000,-0.765625000,,
0.968750000,-0.765625000,,
0.984375000,-0.765625000,,
1.000000000,-0.765625000,,
-1.000000000,-0.750000000,,
-0.984375000,-0.750000000,,
-0.968750000,-0.750000000,,
-0.953125000,-0.750000000,,
-0.937500000,-0.750000000,,
-0.921875000,-0.750000000,,
-0.906250000,-0.750000000,,
-0.890625000,-0.750000000,,
-0.875000000,-0.750000000,,
-0.859375000,-0.750000000,,
-0.843750000,-0.750000000,,
-0.828125000,-0.750000000,,
-0.812500000,-0.750000000,,
-0.796875000,-0.750000000,,
-0.781250000,-0.750000000,,
-0.765625000,-0.750000000,,
-0.750000000,-0.750000000,,
-0.734375000,-0.750000000,,
-0.718750000,-0.750000000,,
-0.703125000,-0.750000000,,
-0.687500000,-0.750000000,,
-0.671875000,-0.750000000,,
-0.656250000,-0.750000000,,
-0.640625000,-0.750000000,,
-0.625000000,-0.750000000,-0.797035778947,-0.378591995000
-0.609375000,-0.750000000,-0.795507177853,-0.377865909480
-0.593750000,-0.750000000,-0.787653274707,-0.374135305486
-0.578125000,-0.750000000,-0.773803868268,-0.367556837427
-0.562500000,-0.750000000,-0.754341938697,-0.358312420881
-0.546875000,-0.750000000,-0.729688459939,-0.346602018471
-0.531250000,-0.750000000,-0.700289817442,-0.332637663285
-0.515625000,-0.750000000,-0.666607438047,-0.316638533072
-0.500000000,-0.750000000,-0.629109298593,-0.298826916832
-0.484375000,-0.750000000,-0.588263028079,-0.279424938338
-0.468750000,-0.750000000,-0.544530361605,-0.258651921762
-0.453125000,-0.750000000,-0.498362736782,-0.236722299971
-0.437500000,-0.750000000,-0.450197856725,-0.213843981944
-0.421875000,-0.750000000,-0.400457067722,-0.190217107168
-0.406250000,-0.750000000,-0.349543419751,-0.166033124382
-0.390625000,-0.750000000,-0.297840301752,-0.141474143332
-0.375000000,-0.750000000,-0.245710553030,-0.116712512689
-0.359375000,-0.750000000,-0.193495971219,-0.0919105863293
-0.343750000,-0.750000000,-0.141517145226,-0.0672206439823
-0.328125000,-0.750000000,-0.0900735542316,-0.0427849382600
-0.312500000,-0.750000000,-0.0394438795841,-0.0187358428024
-0.296875000,-0.750000000,0.0101135127955,0.00480391857788
-0.281250000,-0.750000000,0.0583599593533,0.0277209806928
-0.265625000,-0.750000000,0.105075786493,0.0499109985844
-0.250000000,-0.750000000,0.150059527157,0.0712782753994
-0.234375000,-0.750000000,0.193127089852,0.0917353676797
-0.218750000,-0.750000000,0.234110901709,0.111202678312
-0.203125000,-0.750000000,0.272859041923,0.129608044913
-0.187500000,-0.750000000,0.309234380442,0.146886330710
-0.171875000,-0.750000000,0.343113735831,0.162979024520
-0.156250000,-0.750000000,0.374387061853,0.177833854380
-0.140625000,-0.750000000,0.402956672849,0.191404419603
-0.125000000,-0.750000000,0.428736515274,0.203649844755
-0.109375000,-0.750000000,0.451651492357,0.214534458870
-0.093750000,-0.750000000,0.471636846487,0.224027502081
-0.078125000,-0.750000000,0.488637605820,0.232102862764
-0.062500000,-0.750000000,0.502608096656,0.238738845911
-0.046875000,-0.750000000,0.513511526779,0.243917975220
-0.031250000,-0.750000000,0.521319640657,0.247626829312
-0.015625000,-0.750000000,0.526012449832,0.249855913670
0.000000000,-0.750000000,0.527578039169,0.250599568605
0.015625000,-0.750000000,0.526012449832,0.249855913670
0.031250000,-0.750000000,0.521319640657,0.247626829312
0.046875000,-0.750000000,0.513511526779,0.243917975220
0.062500000,-0.750000000,0.502608096656,0.238738845911
0.078125000,-0.750000000,0.488637605820,0.232102862764
0.093750000,-0.750000000,0.471636846487,0.224027502081
0.109375000,-0.750000000,0.451651492357,0.214534458870
0.125000000,-0.750000000,0.428736515274,0.203649844755
0.140625000,-0.750000000,0.402956672849,0.191404419603
0.156250000,-0.750000000,0.374387061853,0.177833854380
0.171875000,-0.750000000,0.343113735831,0.162979024520
0.187500000,-0.750000000,0.309234380442,0.146886330710
0.203125000,-0.750000000,0.272859041923,0.129608044913
0.218750000,-0.750000000,0.234110901709,0.111202678312
0.234375000,-0.750000000,0.193127089852,0.0917353676797
0.250000000,-0.750000000,0.150059527157,0.0712782753994
0.265625000,-0.750000000,0.105075786493,0.0499109985844
0.281250000,-0.750000000,0.0583599593533,0.0277209806928
0.296875000,-0.750000000,0.0101135127955,0.00480391857788
0.312500000,-0.750000000,-0.0394438795841,-0.0187358428024
0.328125000,-0.750000000,-0.0900735542316,-0.0427849382600
0.343750000,-0.750000000,-0.141517145226,-0.0672206439823
0.359375000,-0.750000000,-0.193495971219,-0.0919105863293
0.375000000,-0.750000000,-0.245710553030,-0.116712512689
0.390625000,-0.750000000,-0.297840301752,-0.141474143332
0.406250000,-0.750000000,-0.349543419751,-0.166033124382
0.421875000,-0.750000000,-0.400457067722,-0.190217107168
0.437500000,-0.750000000,-0.450197856725,-0.213843981944
0.453125000,-0.750000000,-0.498362736782,-0.236722299971
0.468750000,-0.750000000,-0.544530361605,-0.258651921762
0.484375000,-0.750000000,-0.588263028079,-0.279424938338
0.500000000,-0.750000000,-0.629109298593,-0.298826916832
0.515625000,-0.750000000,-0.666607438047,-0.316638533072
0.531250000,-0.750000000,-0.700289817442,-0.332637663285
0.546875000,-0.750000000,-0.729688459939,-0.346602018471
0.562500000,-0.750000000,-0.754341938697,-0.358312420881
0.578125000,-0.750000000,-0.773803868268,-0.367556837427
0.593750000,-0.750000000,-0.787653274707,-0.374135305486
0.609375000,-0.750000000,-0.795507177853,-0.377865909480
0.625000000,-0.750000000,-0.797035778947,-0.378591995000
0.640625000,-0.750000000,,
0.656250000,-0.750000000,,
0.671875000,-0.750000000,,
0.687500000,-0.750000000,,
0.703125000,-0.750000000,,
0.718750000,-0.750000000,,
0.734375000,-0.750000000,,
0.750000000,-0.750000000,,
0.765625000,-0.750000000,,
0.781250000,-0.750000000,,
0.796875000,-0.750000000,,
0.812500000,-0.750000000,,
0.828125000,-0.750000000,,
0.843750000,-0.750000000,,
0.859375000,-0.750000000,,
0.875000000,-0.750000000,,
0.890625000,-0.750000000,,
0.906250000,-0.750000000,,
0.921875000,-0.750000000,,
0.937500000,-0.750000000,,
0.953125000,-0.750000000,,
0.968750000,-0.750000000,,
0.984375000,-0.750000000,,
1.000000000,-0.750000000,,
-1.000000000,-0.734375000,,
-0.984375000,-0.734375000,,
-0.968750000,-0.734375000,,
-0.953125000,-0.734375000,,
-0.937500000,-0.734375000,,
-0.921875000,-0.734375000,,
-0.906250000,-0.734375000,,
-0.890625000,-0.734375000,,
-0.875000000,-0.734375000,,
-0.859375000,-0.734375000,,
-0.843750000,-0.734375000,,
-0.828125000,-0.734375000,,
-0.812500000,-0.734375000,,
-0.796875000,-0.734375000,,
-0.781250000,-0.734375000,,
-0.765625000,-0.734375000,,
-0.750000000,-0.734375000,,
-0.734375000,-0.734375000,,
-0.718750000,-0.734375000,,
-0.703125000,-0.734375000,,
-0.687500000,-0.734375000,,
-0.671875000,-0.734375000,,
-0.656250000,-0.734375000,,
-0.640625000,-0.734375000,-0.762426766874,-0.362152714265
-0.625000000,-0.734375000,-0.768328028313,-0.364955813449
-0.609375000,-0.734375000,-0.767114190305,-0.364379240395
-0.593750000,-0.734375000,-0.759151398829,-0.360596914444
-0.578125000,-0.734375000,-0.744860943708,-0.353808948262
-0.562500000,-0.734375000,-0.724703205315,-0.344234022525
-0.546875000,-0.734375000,-0.699164370175,-0.332103075833
-0.531250000,-0.734375000,-0.668745497162,-0.317654111152
-0.515625000,-0.734375000,-0.633953576273,-0.301127948729
-0.500000000,-0.734375000,-0.595294278597,-0.282764782333
-0.484375000,-0.734375000,-0.553266137352,-0.262801415242
-0.468750000,-0.734375000,-0.508355939687,-0.241469071351
-0.453125000,-0.734375000,-0.461035140430,-0.218991691704
-0.437500000,-0.734375000,-0.411757137838,-0.195584640473
-0.421875000,-0.734375000,-0.360955271648,-0.171453754033
-0.406250000,-0.734375000,-0.309041426914,-0.146794677784
-0.390625000,-0.734375000,-0.256405142083,-0.121792442489
-0.375000000,-0.734375000,-0.203413135129,-0.0966212391861
-0.359375000,-0.734375000,-0.150409173062,-0.0714443572043
-0.343750000,-0.734375000,-0.0977142221316,-0.0464142555125
-0.328125000,-0.734375000,-0.0456268233723,-0.0216727411019
-0.312500000,-0.734375000,0.00557635217609,0.00264876728364
-0.296875000,-0.734375000,0.0556398090769,0.0264289093115
-0.281250000,-0.734375000,0.104328428332,0.0495560034575
-0.265625000,-0.734375000,0.151426591699,0.0719276310569
-0.250000000,-0.734375000,0.196737256245,0.0934501967164
-0.234375000,-0.734375000,0.240080998496,0.114038474286
-0.218750000,-0.734375000,0.281295048031,0.133615147815
-0.203125000,-0.734375000,0.320232325731,0.152110354722
-0.187500000,-0.734375000,0.356760499602,0.169461237311
-0.171875000,-0.734375000,0.390761069721,0.185611508117
-0.156250000,-0.734375000,0.422128491733,0.200511033573
-0.140625000,-0.734375000,0.450769348007,0.214115440303
-0.125000000,-0.734375000,0.476601571347,0.226385746390
-0.109375000,-0.734375000,0.499553729341,0.237288021437
-0.093750000,-0.734375000,0.519564372186,0.246793076788
-0.078125000,-0.734375000,0.536581449877,0.254876188692
-0.062500000,-0.734375000,0.550561799954,0.261516854978
-0.046875000,-0.734375000,0.561470711096,0.266698587770
-0.031250000,-0.734375000,0.569281562427,0.270408742153
-0.015625000,-0.734375000,0.573975541364,0.272638382148
0.000000000,-0.734375000,0.575541441609,0.273382184764
0.015625000,-0.734375000,0.573975541364,0.272638382148
0.031250000,-0.734375000,0.569281562427,0.270408742153
0.046875000,-0.734375000,0.561470711096,0.266698587770
0.062500000,-0.734375000,0.550561799954,0.261516854978
0.078125000,-0.734375000,0.536581449877,0.254876188692
0.093750000,-0.734375000,0.519564372186,0.246793076788
0.109375000,-0.734375000,0.499553729341,0.237288021437
0.125000000,-0.734375000,0.476601571347,0.226385746390
0.140625000,-0.734375000,0.450769348007,0.214115440303
0.156250000,-0.734375000,0.422128491733,0.200511033573
0.171875000,-0.734375000,0.390761069721,0.185611508117
0.187500000,-0.734375000,0.356760499602,0.169461237311
0.203125000,-0.734375000,0.320232325731,0.152110354722
0.218750000,-0.734375000,0.281295048031,0.133615147815
0.234375000,-0.734375000,0.240080998496,0.114038474286
0.250000000,-0.734375000,0.196737256245,0.0934501967164
0.265625000,-0.734375000,0.151426591699,0.0719276310569
0.281250000,-0.734375000,0.104328428332,0.0495560034575
0.296875000,-0.734375000,0.0556398090769,0.0264289093115
0.312500000,-0.734375000,0.00557635217609,0.00264876728364
0.328125000,-0.734375000,-0.0456268233723,-0.0216727411019
0.343750000,-0.734375000,-0.0977142221316,-0.0464142555125
0.359375000,-0.734375000,-0.150409173062,-0.0714443572043
0.375000000,-0.734375000,-0.203413135129,-0.0966212391861
0.390625000,-0.734375000,-0.256405142083,-0.121792442489
0.406250000,-0.734375000,-0.309041426914,-0.146794677784
0.421875000,-0.734375000,-0.360955271648,-0.171453754033
0.437500000,-0.734375000,-0.411757137838,-0.195584640473
0.453125000,-0.734375000,-0.461035140430,-0.218991691704
0.468750000,-0.734375000,-0.508355939687,-0.241469071351
0.484375000,-0.734375000,-0.553266137352,-0.262801415242
0.500000000,-0.734375000,-0.595294278597,-0.282764782333
0.515625000,-0.734375000,-0.633953576273,-0.301127948729
0.531250000,-0.734375000,-0.668745497162,-0.317654111152
0.546875000,-0.734375000,-0.699164370175,-0.332103075833
0.562500000,-0.734375000,-0.724703205315,-0.344234022525
0.578125000,-0.734375000,-0.744860943708,-0.353808948262
0.593750000,-0.734375000,-0.759151398829,-0.360596914444
0.609375000,-0.734375000,-0.767114190305,-0.364379240395
0.625000000,-0.734375000,-0.768328028313,-0.364955813449
0.640625000,-0.734375000,-0.762426766874,-0.362152714265
0.656250000,-0.734375000,,
0.671875000,-0.734375000,,
0.687500000,-0.734375000,,
0.703125000,-0.734375000,,
0.718750000,-0.734375000,,
0.734375000,-0.734375000,,
0.750000000,-0.734375000,,
0.765625000,-0.734375000,,
0.781250000,-0.734375000,,
0.796875000,-0.734375000,,
0.812500000,-0.734375000,,
0.828125000,-0.734375000,,
0.843750000,-0.734375000,,
0.859375000,-0.734375000,,
0.875000000,-0.734375000,,
0.890625000,-0.734375000,,
0.906250000,-0.734375000,,
0.921875000,-0.734375000,,
0.937500000,-0.734375000,,
0.953125000,-0.734375000,,
0.968750000,-0.734375000,,
0.984375000,-0.734375000,,
1.000000000,-0.734375000,,
-1.000000000,-0.718750000,,
-0.984375000,-0.718750000,,
-0.968750000,-0.718750000,,
-0.953125000,-0.718750000,,
-0.937500000,-0.718750000,,
-0.921875000,-0.718750000,,
-0.906250000,-0.718750000,,
-0.890625000,-0.718750000,,
-0.875000000,-0.718750000,,
-0.859375000,-0.718750000,,
-0.843750000,-0.718750000,,
-0.828125000,-0.718750000,,
-0.812500000,-0.718750000,,
-0.796875000,-0.718750000,,
-0.781250000,-0.718750000,,
-0.765625000,-0.718750000,,
-0.750000000,-0.718750000,,
-0.734375000,-0.718750000,,
-0.718750000,-0.718750000,,
-0.703125000,-0.718750000,,
-0.687500000,-0.718750000,,
-0.671875000,-0.718750000,-0.706251867682,-0.335469637149
-0.656250000,-0.718750000,-0.728501772762,-0.346038342062
-0.640625000,-0.718750000,-0.742489863028,-0.352682684938
-0.625000000,-0.718750000,-0.748539645680,-0.355556331698
-0.609375000,-0.718750000,-0.747052877559,-0.354850116841
-0.593750000,-0.718750000,-0.738489037321,-0.350782292728
-0.578125000,-0.718750000,-0.723348280748,-0.343590433355
-0.562500000,-0.718750000,-0.702157350606,-0.333524741538
-0.546875000,-0.718750000,-0.675457990120,-0.320842545307
-0.531250000,-0.718750000,-0.643797480046,-0.305803803022
-0.515625000,-0.718750000,-0.607720974341,-0.288667462812
-0.500000000,-0.718750000,-0.567765357740,-0.269688544927
-0.484375000,-0.718750000,-0.524454390080,-0.249115835288
-0.468750000,-0.718750000,-0.478294936236,-0.227190094712
-0.453125000,-0.718750000,-0.429774110168,-0.204142702330
-0.437500000,-0.718750000,-0.379357186188,-0.180194663439
-0.421875000,-0.718750000,-0.327486152105,-0.155555922250
-0.406250000,-0.718750000,-0.274578797319,-0.130424928726
-0.390625000,-0.718750000,-0.221028244043,-0.104988415921
-0.375000000,-0.718750000,-0.167202842845,-0.0794213503515
-0.359375000,-0.718750000,-0.113446365285,-0.0538870235105
-0.343750000,-0.718750000,-0.0600784366940,-0.0285372574296
-0.328125000,-0.718750000,-0.00739515886049,-0.00351270045873
-0.312500000,-0.718750000,0.0443301180812,0.0210568060885
-0.296875000,-0.718750000,0.0948459124828,0.0450518084293
-0.281250000,-0.718750000,0.143921645887,0.0683627817965
-0.265625000,-0.718750000,0.191346622490,0.0908896456828
-0.250000000,-0.718750000,0.236928977088,0.112541264117
-0.234375000,-0.718750000,0.280494607974,0.133234938788
-0.218750000,-0.718750000,0.321886113802,0.152895904056
-0.203125000,-0.718750000,0.360961747144,0.171456829893
-0.187500000,-0.718750000,0.397594396438,0.188857338308
-0.171875000,-0.718750000,0.431670606777,0.205043538219
-0.156250000,-0.718750000,0.463089647634,0.219967582626
-0.140625000,-0.718750000,0.491762635065,0.233587251656
-0.125000000,-0.718750000,0.517611714657,0.245865564462
-0.109375000,-0.718750000,0.540569308981,0.256770421766
-0.093750000,-0.718750000,0.560577435562,0.266274281892
-0.078125000,-0.718750000,0.577587097624,0.274353871371
-0.062500000,-0.718750000,0.591557750939,0.280989931696
-0.046875000,-0.718750000,0.602456849063,0.286167003305
-0.031250000,-0.718750000,0.610259469276,0.289873247906
-0.015625000,-0.718750000,0.614948019422,0.292100309226
0.000000000,-0.718750000,0.616512028183,0.292843213387
0.015625000,-0.718750000,0.614948019422,0.292100309226
0.031250000,-0.718750000,0.610259469276,0.289873247906
0.046875000,-0.718750000,0.602456849063,0.286167003305
0.062500000,-0.718750000,0.591557750939,0.280989931696
0.078125000,-0.718750000,0.577587097624,0.274353871371
0.093750000,-0.718750000,0.560577435562,0.266274281892
0.109375000,-0.718750000,0.540569308981,0.256770421766
0.125000000,-0.718750000,0.517611714657,0.245865564462
0.140625000,-0.718750000,0.491762635065,0.233587251656
0.156250000,-0.718750000,0.463089647634,0.219967582626
0.171875000,-0.718750000,0.431670606777,0.205043538219
0.187500000,-0.718750000,0.397594396438,0.188857338308
0.203125000,-0.718750000,0.360961747144,0.171456829893
0.218750000,-0.718750000,0.321886113802,0.152895904056
0.234375000,-0.718750000,0.280494607974,0.133234938788
0.250000000,-0.718750000,0.236928977088,0.112541264117
0.265625000,-0.718750000,0.191346622490,0.0908896456828
0.281250000,-0.718750000,0.143921645887,0.0683627817965
0.296875000,-0.718750000,0.0948459124828,0.0450518084293
0.312500000,-0.718750000,0.0443301180812,0.0210568060885
0.328125000,-0.718750000,-0.00739515886049,-0.00351270045873
0.343750000,-0.718750000,-0.0600784366940,-0.0285372574296
0.359375000,-0.718750000,-0.113446365285,-0.0538870235105
0.375000000,-0.718750000,-0.167202842845,-0.0794213503515
0.390625000,-0.718750000,-0.221028244043,-0.104988415921
0.406250000,-0.718750000,-0.274578797319,-0.130424928726
0.421875000,-0.718750000,-0.327486152105,-0.155555922250
0.437500000,-0.718750000,-0.379357186188,-0.180194663439
0.453125000,-0.718750000,-0.429774110168,-0.204142702330
0.468750000,-0.718750000,-0.478294936236,-0.227190094712
0.484375000,-0.718750000,-0.524454390080,-0.249115835288
0.500000000,-0.718750000,-0.567765357740,-0.269688544927
0.515625000,-0.718750000,-0.607720974341,-0.288667462812
0.531250000,-0.718750000,-0.643797480046,-0.305803803022
0.546875000,-0.718750000,-0.675457990120,-0.320842545307
0.562500000,-0.718750000,-0.702157350606,-0.333524741538
0.578125000,-0.718750000,-0.723348280748,-0.343590433355
0.593750000,-0.718750000,-0.738489037321,-0.350782292728
0.609375000,-0.718750000,-0.747052877559,-0.354850116841
0.625000000,-0.718750000,-0.748539645680,-0.355556331698
0.640625000,-0.718750000,-0.742489863028,-0.352682684938
0.656250000,-0.718750000,-0.728501772762,-0.346038342062
0.671875000,-0.718750000,-0.706251867682,-0.335469637149
0.687500000,-0.718750000,,
0.703125000,-0.718750000,,
0.718750000,-0.718750000,,
0.734375000,-0.718750000,,
0.750000000,-0.718750000,,
0.765625000,-0.718750000,,
0.781250000,-0.718750000,,
0.796875000,-0.718750000,,
0.812500000,-0.718750000,,
0.828125000,-0.718750000,,
0.843750000,-0.718750000,,
0.859375000,-0.718750000,,
0.875000000,-0.718750000,,
0.890625000,-0.718750000,,
0.906250000,-0.718750000,,
0.921875000,-0.718750000,,
0.937500000,-0.718750000,,
0.953125000,-0.718750000,,
0.968750000,-0.718750000,,
0.984375000,-0.718750000,,
1.000000000,-0.718750000,,
-1.000000000,-0.703125000,,
-0.984375000,-0.703125000,,
-0.968750000,-0.703125000,,
-0.953125000,-0.703125000,,
-0.937500000,-0.703125000,,
-0.921875000,-0.703125000,,
-0.906250000,-0.703125000,,
-0.890625000,-0.703125000,,
-0.875000000,-0.703125000,,
-0.859375000,-0.703125000,,
-0.843750000,-0.703125000,,
-0.828125000,-0.703125000,,
-0.812500000,-0.703125000,,
-0.796875000,-0.703125000,,
-0.781250000,-0.703125000,,
-0.765625000,-0.703125000,,
-0.750000000,-0.703125000,,
-0.734375000,-0.703125000,,
-0.718750000,-0.703125000,,
-0.703125000,-0.703125000,,
-0.687500000,-0.703125000,-0.662205868390,-0.314547787485
-0.671875000,-0.703125000,-0.694143845573,-0.329718326647
-0.656250000,-0.703125000,-0.716930861341,-0.340542159137
-0.640625000,-0.703125000,-0.730920405185,-0.347187192463
-0.625000000,-0.703125000,-0.736548873591,-0.349860714956
-0.609375000,-0.703125000,-0.734313662847,-0.348798989852
-0.593750000,-0.703125000,-0.724754992645,-0.344258621506
-0.578125000,-0.703125000,-0.708440891255,-0.336509423346
-0.562500000,-0.703125000,-0.685954859734,-0.325828558374
-0.546875000,-0.703125000,-0.657885804116,-0.312495756955
-0.531250000,-0.703125000,-0.624819888670,-0.296789447118
-0.515625000,-0.703125000,-0.587334012830,-0.278983656094
-0.500000000,-0.703125000,-0.545990660982,-0.259345563967
-0.484375000,-0.703125000,-0.501333908390,-0.238133606485
-0.468750000,-0.703125000,-0.453886401480,-0.215596040703
-0.453125000,-0.703125000,-0.404147154662,-0.191969898465
-0.437500000,-0.703125000,-0.352590031530,-0.167480264977
-0.421875000,-0.703125000,-0.299662794119,-0.142339827206
-0.406250000,-0.703125000,-0.245786624569,-0.116748646670
-0.390625000,-0.703125000,-0.191356034404,-0.0908941163421
-0.375000000,-0.703125000,-0.136739091064,-0.0649510682554
-0.359375000,-0.703125000,-0.0822778991212,-0.0390820020826
-0.343750000,-0.703125000,-0.0282892858112,-0.0134374107603
-0.328125000,-0.703125000,0.0249343549843,0.0118438186176
-0.312500000,-0.703125000,0.0771240986069,0.0366339468383
-0.296875000,-0.703125000,0.128033436433,0.0608158823055
-0.281250000,-0.703125000,0.177437163207,0.0842826525232
-0.265625000,-0.703125000,0.225130227495,0.106936858060
-0.250000000,-0.703125000,0.270926565890,0.128690118798
-0.234375000,-0.703125000,0.314657937614,0.149462520366
-0.218750000,-0.703125000,0.356172775209,0.169182068224
-0.203125000,-0.703125000,0.395335062534,0.187784154704
-0.187500000,-0.703125000,0.432023251276,0.205211044356
-0.171875000,-0.703125000,0.466129224568,0.221411381670
-0.156250000,-0.703125000,0.497557315314,0.236339724774
-0.140625000,-0.703125000,0.526223385505,0.249956108115
-0.125000000,-0.703125000,0.552053971994,0.262225636697
-0.109375000,-0.703125000,0.574985502462,0.273118113670
-0.093750000,-0.703125000,0.594963586244,0.282607703466
-0.078125000,-0.703125000,0.611942382159,0.290672631526
-0.062500000,-0.703125000,0.625884046551,0.297294922112
-0.046875000,-0.703125000,0.636758262752,0.302460174807
-0.031250000,-0.703125000,0.644541854669,0.306157380968
-0.015625000,-0.703125000,0.649218484257,0.308378780022
0.000000000,-0.703125000,0.650778435493,0.309119756859
0.015625000,-0.703125000,0.649218484257,0.308378780022
0.031250000,-0.703125000,0.644541854669,0.306157380968
0.046875000,-0.703125000,0.636758262752,0.302460174807
0.062500000,-0.703125000,0.625884046551,0.297294922112
0.078125000,-0.703125000,0.611942382159,0.290672631526
0.093750000,-0.703125000,0.594963586244,0.282607703466
0.109375000,-0.703125000,0.574985502462,0.273118113670
0.125000000,-0.703125000,0.552053971994,0.262225636697
0.140625000,-0.703125000,0.526223385505,0.249956108115
0.156250000,-0.703125000,0.497557315314,0.236339724774
0.171875000,-0.703125000,0.466129224568,0.221411381670
0.187500000,-0.703125000,0.432023251276,0.205211044356
0.203125000,-0.703125000,0.395335062534,0.187784154704
0.218750000,-0.703125000,0.356172775209,0.169182068224
0.234375000,-0.703125000,0.314657937614,0.149462520366
0.250000000,-0.703125000,0.270926565890,0.128690118798
0.265625000,-0.703125000,0.225130227495,0.106936858060
0.281250000,-0.703125000,0.177437163207,0.0842826525232
0.296875000,-0.703125000,0.128033436433,0.0608158823055
0.312500000,-0.703125000,0.0771240986069,0.0366339468383
0.328125000,-0.703125000,0.0249343549843,0.0118438186176
0.343750000,-0.703125000,-0.0282892858112,-0.0134374107603
0.359375000,-0.703125000,-0.0822778991212,-0.0390820020826
0.375000000,-0.703125000,-0.136739091064,-0.0649510682554
0.390625000,-0.703125000,-0.191356034404,-0.0908941163421
0.406250000,-0.703125000,-0.245786624569,-0.116748646670
0.421875000,-0.703125000,-0.299662794119,-0.142339827206
0.437500000,-0.703125000,-0.352590031530,-0.167480264977
0.453125000,-0.703125000,-0.404147154662,-0.191969898465
0.468750000,-0.703125000,-0.453886401480,-0.215596040703
0.484375000,-0.703125000,-0.501333908390,-0.238133606485
0.500000000,-0.703125000,-0.545990660982,-0.259345563967
0.515625000,-0.703125000,-0.587334012830,-0.278983656094
0.531250000,-0.703125000,-0.624819888670,-0.296789447118
0.546875000,-0.703125000,-0.657885804116,-0.312495756955
0.562500000,-0.703125000,-0.685954859734,-0.325828558374
0.578125000,-0.703125000,-0.708440891255,-0.336509423346
0.593750000,-0.703125000,-0.724754992645,-0.344258621506
0.609375000,-0.703125000,-0.734313662847,-0.348798989852
0.625000000,-0.703125000,-0.736548873591,-0.349860714956
0.640625000,-0.703125000,-0.730920405185,-0.347187192463
0.656250000,-0.703125000,-0.716930861341,-0.340542159137
0.671875000,-0.703125000,-0.694143845573,-0.329718326647
0.687500000,-0.703125000,-0.662205868390,-0.314547787485
0.703125000,-0.703125000,,
0.718750000,-0.703125000,,
0.734375000,-0.703125000,,
0.750000000,-0.703125000,,
0.765625000,-0.703125000,,
0.781250000,-0.703125000,,
0.796875000,-0.703125000,,
0.812500000,-0.703125000,,
0.828125000,-0.703125000,,
0.843750000,-0.703125000,,
0.859375000,-0.703125000,,
0.875000000,-0.703125000,,
0.890625000,-0.703125000,,
0.906250000,-0.703125000,,
0.921875000,-0.703125000,,
0.937500000,-0.703125000,,
0.953125000,-0.703125000,,
0.968750000,-0.703125000,,
0.984375000,-0.703125000,,
1.000000000,-0.703125000,,
-1.000000000,-0.687500000,,
-0.984375000,-0.687500000,,
-0.968750000,-0.687500000,,
-0.953125000,-0.687500000,,
-0.937500000,-0.687500000,,
-0.921875000,-0.687500000,,
-0.906250000,-0.687500000,,
-0.890625000,-0.687500000,,
-0.875000000,-0.687500000,,
-0.859375000,-0.687500000,,
-0.843750000,-0.687500000,,
-0.828125000,-0.687500000,,
-0.812500000,-0.687500000,,
-0.796875000,-0.687500000,,
-0.781250000,-0.687500000,,
-0.765625000,-0.687500000,,
-0.750000000,-0.687500000,,
-0.734375000,-0.687500000,,
-0.718750000,-0.687500000,,
-0.703125000,-0.687500000,-0.615748711756,-0.292480638084
-0.687500000,-0.687500000,-0.658180387955,-0.312635684279
-0.671875000,-0.687500000,-0.690535913084,-0.328004558715
-0.656250000,-0.687500000,-0.713196485012,-0.338768330381
-0.640625000,-0.687500000,-0.726631855359,-0.345150131296
-0.625000000,-0.687500000,-0.731376851486,-0.347404004456
-0.609375000,-0.687500000,-0.728011910581,-0.345805657526
-0.593750000,-0.687500000,-0.717147008373,-0.340644828977
-0.578125000,-0.687500000,-0.699408462414,-0.332219019647
-0.562500000,-0.687500000,-0.675428168060,-0.320828379828
-0.546875000,-0.687500000,-0.645834891739,-0.306771573576
-0.531250000,-0.687500000,-0.611247303843,-0.290342469325
-0.515625000,-0.687500000,-0.572268479498,-0.271827527762
-0.500000000,-0.687500000,-0.529481637244,-0.251503777691
-0.484375000,-0.687500000,-0.483446918264,-0.229637286175
-0.468750000,-0.687500000,-0.434699038848,-0.206482043453
-0.453125000,-0.687500000,-0.383745673912,-0.182279195108
-0.437500000,-0.687500000,-0.331066447808,-0.157256562709
-0.421875000,-0.687500000,-0.277112429480,-0.131628404003
-0.406250000,-0.687500000,-0.222306042666,-0.105595370266
-0.390625000,-0.687500000,-0.167041313940,-0.0793446241217
-0.375000000,-0.687500000,-0.111684395842,-0.0530500880248
-0.359375000,-0.687500000,-0.0565743070117,-0.0268727958306
-0.343750000,-0.687500000,-0.00202384375205,-0.000961325782224
-0.328125000,-0.687500000,0.0516793780315,0.0245477045649
-0.312500000,-0.687500000,0.104271785822,0.0495290982653
-0.296875000,-0.687500000,0.155512646227,0.0738685069578
-0.281250000,-0.687500000,0.205182820077,0.0974618395366
-0.265625000,-0.687500000,0.253083497307,0.120214661221
-0.250000000,-0.687500000,0.299034930226,0.142041591857
-0.234375000,-0.687500000,0.342875180411,0.162865710695
-0.218750000,-0.687500000,0.384458892090,0.182617973743
-0.203125000,-0.687500000,0.423656102661,0.201236648764
-0.187500000,-0.687500000,0.460351102044,0.218666773471
-0.171875000,-0.687500000,0.494441344530,0.234859638652
-0.156250000,-0.687500000,0.525836423463,0.249772301145
-0.140625000,-0.687500000,0.554457112581,0.263367128476
-0.125000000,-0.687500000,0.580234478826,0.275611377442
-0.109375000,-0.687500000,0.603109070296,0.286476808390
-0.093750000,-0.687500000,0.623030183038,0.295939336943
-0.078125000,-0.687500000,0.639955208938,0.303978724246
-0.062500000,-0.687500000,0.653849066717,0.310578306690
-0.046875000,-0.687500000,0.664683717636,0.315724765877
-0.031250000,-0.687500000,0.672437768265,0.319407939926
-0.015625000,-0.687500000,0.677096159832,0.321620675920
0.000000000,-0.687500000,0.678649946137,0.322358724415
0.015625000,-0.687500000,0.677096159832,0.321620675920
0.031250000,-0.687500000,0.672437768265,0.319407939926
0.046875000,-0.687500000,0.664683717636,0.315724765877
0.062500000,-0.687500000,0.653849066717,0.310578306690
0.078125000,-0.687500000,0.639955208938,0.303978724246
0.093750000,-0.687500000,0.623030183038,0.295939336943
0.109375000,-0.687500000,0.603109070296,0.286476808390
0.125000000,-0.687500000,0.580234478826,0.275611377442
0.140625000,-0.687500000,0.554457112581,0.263367128476
0.156250000,-0.687500000,0.525836423463,0.249772301145
0.171875000,-0.687500000,0.494441344530,0.234859638652
0.187500000,-0.687500000,0.460351102044,0.218666773471
0.203125000,-0.687500000,0.423656102661,0.201236648764
0.218750000,-0.687500000,0.384458892090,0.182617973743
0.234375000,-0.687500000,0.342875180411,0.162865710695
0.250000000,-0.687500000,0.299034930226,0.142041591857
0.265625000,-0.687500000,0.253083497307,0.120214661221
0.281250000,-0.687500000,0.205182820077,0.0974618395366
0.296875000,-0.687500000,0.155512646227,0.0738685069578
0.312500000,-0.687500000,0.104271785822,0.0495290982653
0.328125000,-0.687500000,0.0516793780315,0.0245477045649
0.343750000,-0.687500000,-0.00202384375205,-0.000961325782224
0.359375000,-0.687500000,-0.0565743070117,-0.0268727958306
0.375000000,-0.687500000,-0.111684395842,-0.0530500880248
0.390625000,-0.687500000,-0.167041313940,-0.0793446241217
0.406250000,-0.687500000,-0.222306042666,-0.105595370266
0.421875000,-0.687500000,-0.277112429480,-0.131628404003
0.437500000,-0.687500000,-0.331066447808,-0.157256562709
0.453125000,-0.687500000,-0.383745673912,-0.182279195108
0.468750000,-0.687500000,-0.434699038848,-0.206482043453
0.484375000,-0.687500000,-0.483446918264,-0.229637286175
0.500000000,-0.687500000,-0.529481637244,-0.251503777691
0.515625000,-0.687500000,-0.572268479498,-0.271827527762
0.531250000,-0.687500000,-0.611247303843,-0.290342469325
0.546875000,-0.687500000,-0.645834891739,-0.306771573576
0.562500000,-0.687500000,-0.675428168060,-0.320828379828
0.578125000,-0.687500000,-0.699408462414,-0.332219019647
0.593750000,-0.687500000,-0.717147008373,-0.340644828977
0.609375000,-0.687500000,-0.728011910581,-0.345805657526
0.625000000,-0.687500000,-0.731376851486,-0.347404004456
0.640625000,-0.687500000,-0.726631855359,-0.345150131296
0.656250000,-0.687500000,-0.713196485012,-0.338768330381
0.671875000,-0.687500000,-0.690535913084,-0.328004558715
0.687500000,-0.687500000,-0.658180387955,-0.312635684279
0.703125000,-0.687500000,-0.615748711756,-0.292480638084
0.718750000,-0.687500000,,
0.734375000,-0.687500000,,
0.750000000,-0.687500000,,
0.765625000,-0.687500000,,
0.781250000,-0.687500000,,
0.796875000,-0.687500000,,
0.812500000,-0.687500000,,
0.828125000,-0.687500000,,
0.843750000,-0.687500000,,
0.859375000,-0.687500000,,
0.875000000,-0.687500000,,
0.890625000,-0.687500000,,
0.906250000,-0.687500000,,
0.921875000,-0.687500000,,
0.937500000,-0.687500000,,
0.953125000,-0.687500000,,
0.968750000,-0.687500000,,
0.984375000,-0.687500000,,
1.000000000,-0.687500000,,
-1.000000000,-0.671875000,,
-0.984375000,-0.671875000,,
-0.968750000,-0.671875000,,
-0.953125000,-0.671875000,,
-0.937500000,-0.671875000,,
-0.921875000,-0.671875000,,
-0.906250000,-0.671875000,,
-0.890625000,-0.671875000,,
-0.875000000,-0.671875000,,
-0.859375000,-0.671875000,,
-0.843750000,-0.671875000,,
-0.828125000,-0.671875000,,
-0.812500000,-0.671875000,,
-0.796875000,-0.671875000,,
-0.781250000,-0.671875000,,
-0.765625000,-0.671875000,,
-0.750000000,-0.671875000,,
-0.734375000,-0.671875000,,
-0.718750000,-0.671875000,-0.565584593331,-0.268652681832
-0.703125000,-0.671875000,-0.619377305213,-0.294204219976
-0.687500000,-0.671875000,-0.662131058793,-0.314512252927
-0.671875000,-0.671875000,-0.694251941035,-0.329769671992
-0.656250000,-0.671875000,-0.716241366542,-0.340214649108
-0.640625000,-0.671875000,-0.728670816911,-0.346118638033
-0.625000000,-0.671875000,-0.732160904498,-0.347776429636
-0.609375000,-0.671875000,-0.727364095748,-0.345497945480
-0.593750000,-0.671875000,-0.714950529007,-0.339601501278
-0.578125000,-0.671875000,-0.695596449686,-0.330408313601
-0.562500000,-0.671875000,-0.669974857116,-0.318238057130
-0.546875000,-0.671875000,-0.638748020812,-0.303405309886
-0.531250000,-0.671875000,-0.602561572371,-0.286216746876
-0.515625000,-0.671875000,-0.562039926484,-0.266968965080
-0.500000000,-0.671875000,-0.517782818007,-0.245946838554
-0.484375000,-0.671875000,-0.470362776250,-0.223422318719
-0.468750000,-0.671875000,-0.420323382185,-0.199653606538
-0.453125000,-0.671875000,-0.368178177741,-0.174884634427
-0.437500000,-0.671875000,-0.314410116169,-0.149344805180
-0.421875000,-0.671875000,-0.259471456864,-0.123248942011
-0.406250000,-0.671875000,-0.203784024555,-0.0967974116634
-0.390625000,-0.671875000,-0.147739762747,-0.0701763873049
-0.375000000,-0.671875000,-0.0917015218874,-0.0435582228965
-0.359375000,-0.671875000,-0.0360040328021,-0.0171019155810
-0.343750000,-0.671875000,0.0190449789674,0.00904636500954
-0.328125000,-0.671875000,0.0731635743763,0.0347526978287
-0.312500000,-0.671875000,0.126094307766,0.0598947961890
-0.296875000,-0.671875000,0.177602888011,0.0843613718052
-0.281250000,-0.671875000,0.227476814629,0.108051486949
-0.265625000,-0.671875000,0.275524009935,0.130873904719
-0.250000000,-0.671875000,0.321571461285,0.152746444110
-0.234375000,-0.671875000,0.365463889744,0.173595347628
-0.218750000,-0.671875000,0.407062454588,0.193354665929
-0.203125000,-0.671875000,0.446243504359,0.211965664570
-0.187500000,-0.671875000,0.482897383362,0.229376257097
-0.171875000,-0.671875000,0.516927299190,0.245540467115
-0.156250000,-0.671875000,0.548248258022,0.260417922561
-0.140625000,-0.671875000,0.576786071628,0.273973384023
-0.125000000,-0.671875000,0.602476441894,0.286176309900
-0.109375000,-0.671875000,0.625264123188,0.297000458514
-0.093750000,-0.671875000,0.645102168227,0.306423529908
-0.078125000,-0.671875000,0.661951258186,0.314426847638
-0.062500000,-0.671875000,0.675779118187,0.320995081139
-0.046875000,-0.671875000,0.686560022137,0.326116010515
-0.031250000,-0.671875000,0.694274384401,0.329780332591
-0.015625000,-0.671875000,0.698908442944,0.331981510398
0.000000000,-0.671875000,0.700454031387,0.332715664909
0.015625000,-0.671875000,0.698908442944,0.331981510398
0.031250000,-0.671875000,0.694274384401,0.329780332591
0.046875000,-0.671875000,0.686560022137,0.326116010515
0.062500000,-0.671875000,0.675779118187,0.320995081139
0.078125000,-0.671875000,0.661951258186,0.314426847638
0.093750000,-0.671875000,0.645102168227,0.306423529908
0.109375000,-0.671875000,0.625264123188,0.297000458514
0.125000000,-0.671875000,0.602476441894,0.286176309900
0.140625000,-0.671875000,0.576786071628,0.273973384023
0.156250000,-0.671875000,0.548248258022,0.260417922561
0.171875000,-0.671875000,0.516927299190,0.245540467115
0.187500000,-0.671875000,0.482897383362,0.229376257097
0.203125000,-0.671875000,0.446243504359,0.211965664570
0.218750000,-0.671875000,0.407062454588,0.193354665929
0.234375000,-0.671875000,0.365463889744,0.173595347628
0.250000000,-0.671875000,0.321571461285,0.152746444110
0.265625000,-0.671875000,0.275524009935,0.130873904719
0.281250000,-0.671875000,0.227476814629,0.108051486949
0.296875000,-0.671875000,0.177602888011,0.0843613718052
0.312500000,-0.671875000,0.126094307766,0.0598947961890
0.328125000,-0.671875000,0.0731635743763,0.0347526978287
0.343750000,-0.671875000,0.0190449789674,0.00904636500954
0.359375000,-0.671875000,-0.0360040328021,-0.0171019155810
0.375000000,-0.671875000,-0.0917015218874,-0.0435582228965
0.390625000,-0.671875000,-0.147739762747,-0.0701763873049
0.406250000,-0.671875000,-0.203784024555,-0.0967974116634
0.421875000,-0.671875000,-0.259471456864,-0.123248942011
0.437500000,-0.671875000,-0.314410116169,-0.149344805180
0.453125000,-0.671875000,-0.368178177741,-0.174884634427
0.468750000,-0.671875000,-0.420323382185,-0.199653606538
0.484375000,-0.671875000,-0.470362776250,-0.223422318719
0.500000000,-0.671875000,-0.517782818007,-0.245946838554
0.515625000,-0.671875000,-0.562039926484,-0.266968965080
0.531250000,-0.671875000,-0.602561572371,-0.286216746876
0.546875000,-0.671875000,-0.638748020812,-0.303405309886
0.562500000,-0.671875000,-0.669974857116,-0.318238057130
0.578125000,-0.671875000,-0.695596449686,-0.330408313601
0.593750000,-0.671875000,-0.714950529007,-0.339601501278
0.609375000,-0.671875000,-0.727364095748,-0.345497945480
0.625000000,-0.671875000,-0.732160904498,-0.347776429636
0.640625000,-0.671875000,-0.728670816911,-0.346118638033
0.656250000,-0.671875000,-0.716241366542,-0.340214649108
0.671875000,-0.671875000,-0.694251941035,-0.329769671992
0.687500000,-0.671875000,-0.662131058793,-0.314512252927
0.703125000,-0.671875000,-0.619377305213,-0.294204219976
0.718750000,-0.671875000,-0.565584593331,-0.268652681832
0.734375000,-0.671875000,,
0.750000000,-0.671875000,,
0.765625000,-0.671875000,,
0.781250000,-0.671875000,,
0.796875000,-0.671875000,,
0.812500000,-0.671875000,,
0.828125000,-0.671875000,,
0.843750000,-0.671875000,,
0.859375000,-0.671875000,,
0.875000000,-0.671875000,,
0.890625000,-0.671875000,,
0.906250000,-0.671875000,,
0.921875000,-0.671875000,,
0.937500000,-0.671875000,,
0.953125000,-0.671875000,,
0.968750000,-0.671875000,,
0.984375000,-0.671875000,,
1.000000000,-0.671875000,,
-1.000000000,-0.656250000,,
-0.984375000,-0.656250000,,
-0.968750000,-0.656250000,,
-0.953125000,-0.656250000,,
-0.937500000,-0.656250000,,
-0.921875000,-0.656250000,,
-0.906250000,-0.656250000,,
-0.890625000,-0.656250000,,
-0.875000000,-0.656250000,,
-0.859375000,-0.656250000,,
-0.843750000,-0.656250000,,
-0.828125000,-0.656250000,,
-0.812500000,-0.656250000,,
-0.796875000,-0.656250000,,
-0.781250000,-0.656250000,,
-0.765625000,-0.656250000,,
-0.750000000,-0.656250000,,
-0.734375000,-0.656250000,-0.510347924216,-0.242415264003
-0.718750000,-0.656250000,-0.576433143182,-0.273805743011
-0.703125000,-0.656250000,-0.630477845288,-0.299476976512
-0.687500000,-0.656250000,-0.672909507808,-0.319632016209
-0.671875000,-0.656250000,-0.704259003952,-0.334523026877
-0.656250000,-0.656250000,-0.725133312702,-0.344438323533
-0.640625000,-0.656250000,-0.736192911837,-0.349691633123
-0.625000000,-0.656250000,-0.738133125071,-0.350613234409
-0.609375000,-0.656250000,-0.731668813625,-0.347542686472
-0.593750000,-0.656250000,-0.717521892432,-0.340822898905
-0.578125000,-0.656250000,-0.696411232930,-0.330795335642
-0.562500000,-0.656250000,-0.669044579898,-0.317796175451
-0.546875000,-0.656250000,-0.636112167558,-0.302153279590
-0.531250000,-0.656250000,-0.598281765362,-0.284183838547
-0.515625000,-0.656250000,-0.556194927274,-0.264192590455
-0.500000000,-0.656250000,-0.510464247755,-0.242470517684
-0.484375000,-0.656250000,-0.461671462108,-0.219293944501
-0.468750000,-0.656250000,-0.410366247577,-0.194923967599
-0.453125000,-0.656250000,-0.357065607466,-0.169606163546
-0.437500000,-0.656250000,-0.302253733839,-0.143570523573
-0.421875000,-0.656250000,-0.246382263193,-0.117031575017
-0.406250000,-0.656250000,-0.189870849903,-0.0901886537037
-0.390625000,-0.656250000,-0.133107993355,-0.0632262968436
-0.375000000,-0.656250000,-0.0764520663969,-0.0363147315385
-0.359375000,-0.656250000,-0.0202324970583,-0.00961043610269
-0.343750000,-0.656250000,0.0352489341855,0.0167432437381
-0.328125000,-0.656250000,0.0897167158176,0.0426154400133
-0.312500000,-0.656250000,0.142920173583,0.0678870824519
-0.296875000,-0.656250000,0.194632009185,0.0924502043629
-0.281250000,-0.656250000,0.244646831045,0.116207244746
-0.265625000,-0.656250000,0.292779692734,0.139070354049
-0.250000000,-0.656250000,0.338864655403,0.160960711317
-0.234375000,-0.656250000,0.382753385030,0.181807857889
-0.218750000,-0.656250000,0.424313795943,0.201549053073
-0.203125000,-0.656250000,0.463428748560,0.220128655566
-0.187500000,-0.656250000,0.499994808766,0.237497534164
-0.171875000,-0.656250000,0.533921075905,0.253612511055
-0.156250000,-0.656250000,0.565128082738,0.268435839300
-0.140625000,-0.656250000,0.593546772460,0.281934716919
-0.125000000,-0.656250000,0.619117557283,0.294080839709
-0.109375000,-0.656250000,0.641789458803,0.304849992932
-0.093750000,-0.656250000,0.661519335011,0.314221684130
-0.078125000,-0.656250000,0.678271194179,0.322178817235
-0.062500000,-0.656250000,0.692015598099,0.328707409097
-0.046875000,-0.656250000,0.702729155124,0.333796348684
-0.031250000,-0.656250000,0.710394103953,0.337437199378
-0.015625000,-0.656250000,0.714997990052,0.339624045275
0.000000000,-0.656250000,0.716533433694,0.340353381004
0.015625000,-0.656250000,0.714997990052,0.339624045275
0.031250000,-0.656250000,0.710394103953,0.337437199378
0.046875000,-0.656250000,0.702729155124,0.333796348684
0.062500000,-0.656250000,0.692015598099,0.328707409097
0.078125000,-0.656250000,0.678271194179,0.322178817235
0.093750000,-0.656250000,0.661519335011,0.314221684130
0.109375000,-0.656250000,0.641789458803,0.304849992932
0.125000000,-0.656250000,0.619117557283,0.294080839709
0.140625000,-0.656250000,0.593546772460,0.281934716919
0.156250000,-0.656250000,0.565128082738,0.268435839300
0.171875000,-0.656250000,0.533921075905,0.253612511055
0.187500000,-0.656250000,0.499994808766,0.237497534164
0.203125000,-0.656250000,0.463428748560,0.220128655566
0.218750000,-0.656250000,0.424313795943,0.201549053073
0.234375000,-0.656250000,0.382753385030,0.181807857889
0.250000000,-0.656250000,0.338864655403,0.160960711317
0.265625000,-0.656250000,0.292779692734,0.139070354049
0.281250000,-0.656250000,0.244646831045,0.116207244746
0.296875000,-0.656250000,0.194632009185,0.0924502043629
0.312500000,-0.656250000,0.142920173583,0.0678870824519
0.328125000,-0.656250000,0.0897167158176,0.0426154400133
0.343750000,-0.656250000,0.0352489341855,0.0167432437381
0.359375000,-0.656250000,-0.0202324970583,-0.00961043610269
0.375000000,-0.656250000,-0.0764520663969,-0.0363147315385
0.390625000,-0.656250000,-0.133107993355,-0.0632262968436
0.406250000,-0.656250000,-0.189870849903,-0.0901886537037
0.421875000,-0.656250000,-0.246382263193,-0.117031575017
0.437500000,-0.656250000,-0.302253733839,-0.143570523573
0.453125000,-0.656250000,-0.357065607466,-0.169606163546
0.468750000,-0.656250000,-0.410366247577,-0.194923967599
0.484375000,-0.656250000,-0.461671462108,-0.219293944501
0.500000000,-0.656250000,-0.510464247755,-0.242470517684
0.515625000,-0.656250000,-0.556194927274,-0.264192590455
0.531250000,-0.656250000,-0.598281765362,-0.284183838547
0.546875000,-0.656250000,-0.636112167558,-0.302153279590
0.562500000,-0.656250000,-0.669044579898,-0.317796175451
0.578125000,-0.656250000,-0.696411232930,-0.330795335642
0.593750000,-0.656250000,-0.717521892432,-0.340822898905
0.609375000,-0.656250000,-0.731668813625,-0.347542686472
0.625000000,-0.656250000,-0.738133125071,-0.350613234409
0.640625000,-0.656250000,-0.736192911837,-0.349691633123
0.656250000,-0.656250000,-0.725133312702,-0.344438323533
0.671875000,-0.656250000,-0.704259003952,-0.334523026877
0.687500000,-0.656250000,-0.672909507808,-0.319632016209
0.703125000,-0.656250000,-0.630477845288,-0.299476976512
0.718750000,-0.656250000,-0.576433143182,-0.273805743011
0.734375000,-0.656250000,-0.510347924216,-0.242415264003
0.750000000,-0.656250000,,
0.765625000,-0.656250000,,
0.781250000,-0.656250000,,
0.796875000,-0.656250000,,
0.812500000,-0.656250000,,
0.828125000,-0.656250000,,
0.843750000,-0.656250000,,
0.859375000,-0.656250000,,
0.875000000,-0.656250000,,
0.890625000,-0.656250000,,
0.906250000,-0.656250000,,
0.921875000,-0.656250000,,
0.937500000,-0.656250000,,
0.953125000,-0.656250000,,
0.968750000,-0.656250000,,
0.984375000,-0.656250000,,
1.000000000,-0.656250000,,
-1.000000000,-0.640625000,,
-0.984375000,-0.640625000,,
-0.968750000,-0.640625000,,
-0.953125000,-0.640625000,,
-0.937500000,-0.640625000,,
-0.921875000,-0.640625000,,
-0.906250000,-0.640625000,,
-0.890625000,-0.640625000,,
-0.875000000,-0.640625000,,
-0.859375000,-0.640625000,,
-0.843750000,-0.640625000,,
-0.828125000,-0.640625000,,
-0.812500000,-0.640625000,,
-0.796875000,-0.640625000,,
-0.781250000,-0.640625000,,
-0.765625000,-0.640625000,,
-0.750000000,-0.640625000,,
-0.734375000,-0.640625000,-0.527973142056,-0.250787242476
-0.718750000,-0.640625000,-0.594267504057,-0.282277064427
-0.703125000,-0.640625000,-0.647924991102,-0.307764370774
-0.687500000,-0.640625000,-0.689503089525,-0.327513967524
-0.671875000,-0.640625000,-0.719642638075,-0.341830253086
-0.656250000,-0.640625000,-0.739043317391,-0.351045575761
-0.640625000,-0.640625000,-0.748443430136,-0.355510629315
-0.625000000,-0.640625000,-0.748603304515,-0.355586569644
-0.609375000,-0.640625000,-0.740291758821,-0.351638585440
-0.593750000,-0.640625000,-0.724275147553,-0.344030695088
-0.578125000,-0.640625000,-0.701308587291,-0.333121578963
-0.562500000,-0.640625000,-0.672129018269,-0.319261283678
-0.546875000,-0.640625000,-0.637449812678,-0.302788661022
-0.531250000,-0.640625000,-0.597956681026,-0.284029423487
-0.515625000,-0.640625000,-0.554304667722,-0.263294717168
-0.500000000,-0.640625000,-0.507116056979,-0.240880127065
-0.484375000,-0.640625000,-0.456979036971,-0.217065042561
-0.468750000,-0.640625000,-0.404446992774,-0.192112321568
-0.453125000,-0.640625000,-0.350038317874,-0.166268200990
-0.437500000,-0.640625000,-0.294236649907,-0.139762408706
-0.421875000,-0.640625000,-0.237491451580,-0.112808439500
-0.406250000,-0.640625000,-0.180218866947,-0.0856039617998
-0.390625000,-0.640625000,-0.122802796805,-0.0583313284825
-0.375000000,-0.640625000,-0.0655961422705,-0.0311581675785
-0.359375000,-0.640625000,-0.00892217551485,-0.00423803336955
-0.343750000,-0.640625000,0.0469239987433,0.0222888994031
-0.328125000,-0.640625000,0.101673921083,0.0482951125146
-0.312500000,-0.640625000,0.155084219851,0.0736650044293
-0.296875000,-0.640625000,0.206935041007,0.0982941444785
-0.281250000,-0.640625000,0.257028482659,0.122088529263
-0.265625000,-0.640625000,0.305187050968,0.144963849210
-0.250000000,-0.640625000,0.351252149372,0.166844770952
-0.234375000,-0.640625000,0.395082612919,0.187664241136
-0.218750000,-0.640625000,0.436553296432,0.207362815805
-0.203125000,-0.640625000,0.475553724656,0.225888019211
-0.187500000,-0.640625000,0.511986810042,0.243193734770
-0.171875000,-0.640625000,0.545767644759,0.259239631260
-0.156250000,-0.640625000,0.576822369211,0.273990625375
-0.140625000,-0.640625000,0.605087122637,0.287416383252
-0.125000000,-0.640625000,0.630507078551,0.299490862312
-0.109375000,-0.640625000,0.653035565100,0.310191893422
-0.093750000,-0.640625000,0.672633275787,0.319500805999
-0.078125000,-0.640625000,0.689267569132,0.327402095338
-0.062500000,-0.640625000,0.702911860294,0.333883133639
-0.046875000,-0.640625000,0.713545104187,0.338933924489
-0.031250000,-0.640625000,0.721253405129,0.342595367436
-0.015625000,-0.640625000,0.725783033042,0.344746940695
0.000000000,-0.640625000,0.727293653075,0.345464485211
0.015625000,-0.640625000,0.725783033042,0.344746940695
0.031250000,-0.640625000,0.721253405129,0.342595367436
0.046875000,-0.640625000,0.713545104187,0.338933924489
0.062500000,-0.640625000,0.702911860294,0.333883133639
0.078125000,-0.640625000,0.689267569132,0.327402095338
0.093750000,-0.640625000,0.672633275787,0.319500805999
0.109375000,-0.640625000,0.653035565100,0.310191893422
0.125000000,-0.640625000,0.630507078551,0.299490862312
0.140625000,-0.640625000,0.605087122637,0.287416383252
0.156250000,-0.640625000,0.576822369211,0.273990625375
0.171875000,-0.640625000,0.545767644759,0.259239631260
0.187500000,-0.640625000,0.511986810042,0.243193734770
0.203125000,-0.640625000,0.475553724656,0.225888019211
0.218750000,-0.640625000,0.436553296432,0.207362815805
0.234375000,-0.640625000,0.395082612919,0.187664241136
0.250000000,-0.640625000,0.351252149372,0.166844770952
0.265625000,-0.640625000,0.305187050968,0.144963849210
0.281250000,-0.640625000,0.257028482659,0.122088529263
0.296875000,-0.640625000,0.206935041007,0.0982941444785
0.312500000,-0.640625000,0.155084219851,0.0736650044293
0.328125000,-0.640625000,0.101673921083,0.0482951125146
0.343750000,-0.640625000,0.0469239987433,0.0222888994031
0.359375000,-0.640625000,-0.00892217551485,-0.00423803336955
0.375000000,-0.640625000,-0.0655961422705,-0.0311581675785
0.390625000,-0.640625000,-0.122802796805,-0.0583313284825
0.406250000,-0.640625000,-0.180218866947,-0.0856039617998
0.421875000,-0.640625000,-0.237491451580,-0.112808439500
0.437500000,-0.640625000,-0.294236649907,-0.139762408706
0.453125000,-0.640625000,-0.350038317874,-0.166268200990
0.468750000,-0.640625000,-0.404446992774,-0.192112321568
0.484375000,-0.640625000,-0.456979036971,-0.217065042561
0.500000000,-0.640625000,-0.507116056979,-0.240880127065
0.515625000,-0.640625000,-0.554304667722,-0.263294717168
0.531250000,-0.640625000,-0.597956681026,-0.284029423487
0.546875000,-0.640625000,-0.637449812678,-0.302788661022
0.562500000,-0.640625000,-0.672129018269,-0.319261283678
0.578125000,-0.640625000,-0.701308587291,-0.333121578963
0.593750000,-0.640625000,-0.724275147553,-0.344030695088
0.609375000,-0.640625000,-0.740291758821,-0.351638585440
0.625000000,-0.640625000,-0.748603304515,-0.355586569644
0.640625000,-0.640625000,-0.748443430136,-0.355510629315
0.656250000,-0.640625000,-0.739043317391,-0.351045575761
0.671875000,-0.640625000,-0.719642638075,-0.341830253086
0.687500000,-0.640625000,-0.689503089525,-0.327513967524
0.703125000,-0.640625000,-0.647924991102,-0.307764370774
0.718750000,-0.640625000,-0.594267504057,-0.282277064427
0.734375000,-0.640625000,-0.527973142056,-0.250787242476
0.750000000,-0.640625000,,
0.765625000,-0.640625000,,
0.781250000,-0.640625000,,
0.796875000,-0.640625000,,
0.812500000,-0.640625000,,
0.828125000,-0.640625000,,
0.843750000,-0.640625000,,
0.859375000,-0.640625000,,
0.875000000,-0.640625000,,
0.890625000,-0.640625000,,
0.906250000,-0.640625000,,
0.921875000,-0.640625000,,
0.937500000,-0.640625000,,
0.953125000,-0.640625000,,
0.968750000,-0.640625000,,
0.984375000,-0.640625000,,
1.000000000,-0.640625000,,
-1.000000000,-0.625000000,,
-0.984375000,-0.625000000,,
-0.968750000,-0.625000000,,
-0.953125000,-0.625000000,,
-0.937500000,-0.625000000,,
-0.921875000,-0.625000000,,
-0.906250000,-0.625000000,,
-0.890625000,-0.625000000,,
-0.875000000,-0.625000000,,
-0.859375000,-0.625000000,,
-0.843750000,-0.625000000,,
-0.828125000,-0.625000000,,
-0.812500000,-0.625000000,,
-0.796875000,-0.625000000,,
-0.781250000,-0.625000000,,
-0.765625000,-0.625000000,,
-0.750000000,-0.625000000,-0.472543166569,-0.224458004120
-0.734375000,-0.625000000,-0.552114904329,-0.262254579556
-0.718750000,-0.625000000,-0.617981347658,-0.293541140137
-0.703125000,-0.625000000,-0.670722963643,-0.318593407730
-0.687500000,-0.625000000,-0.711012209940,-0.337730799722
-0.671875000,-0.625000000,-0.739586856957,-0.351303757055
-0.656250000,-0.625000000,-0.757227981442,-0.359683291185
-0.640625000,-0.625000000,-0.764741900255,-0.363252402621
-0.625000000,-0.625000000,-0.762945429253,-0.362399078895
-0.609375000,-0.625000000,-0.752653947433,-0.357510625031
-0.593750000,-0.625000000,-0.734671824770,-0.348969116766
-0.578125000,-0.625000000,-0.709784843017,-0.337147800433
-0.562500000,-0.625000000,-0.678754292074,-0.322408288735
-0.546875000,-0.625000000,-0.642312473951,-0.305098425127
-0.531250000,-0.625000000,-0.601159387284,-0.285550708960
-0.515625000,-0.625000000,-0.555960398316,-0.264081189200
-0.500000000,-0.625000000,-0.507344733474,-0.240988748400
-0.484375000,-0.625000000,-0.455904653910,-0.216554710607
-0.468750000,-0.625000000,-0.402195192821,-0.191042716590
-0.453125000,-0.625000000,-0.346734353701,-0.164698818008
-0.437500000,-0.625000000,-0.290003683582,-0.137751749701
-0.421875000,-0.625000000,-0.232449147205,-0.110413344922
-0.406250000,-0.625000000,-0.174482240268,-0.0828790641271
-0.390625000,-0.625000000,-0.116481287590,-0.0553286116053
-0.375000000,-0.625000000,-0.0587928828000,-0.0279266193300
-0.359375000,-0.625000000,-0.00173342834883,-0.000823378465694
-0.343750000,-0.625000000,0.0544092541201,0.0258443957070
-0.328125000,-0.625000000,0.109374271468,0.0519527789471
-0.312500000,-0.625000000,0.162925989399,0.0773898449644
-0.296875000,-0.625000000,0.214852362697,0.102054872281
-0.281250000,-0.625000000,0.264963284532,0.125857560153
-0.265625000,-0.625000000,0.313088966571,0.148717259121
-0.250000000,-0.625000000,0.359078363743,0.170562222778
-0.234375000,-0.625000000,0.402797650895,0.191328884175
-0.218750000,-0.625000000,0.444128762280,0.210961162083
-0.203125000,-0.625000000,0.482967998250,0.229409799169
-0.187500000,-0.625000000,0.519224706249,0.246631735468
-0.171875000,-0.625000000,0.552820039977,0.262589518989
-0.156250000,-0.625000000,0.583685800772,0.277250755367
-0.140625000,-0.625000000,0.611763364260,0.290587598023
-0.125000000,-0.625000000,0.637002694341,0.302576279812
-0.109375000,-0.625000000,0.659361447271,0.313196687454
-0.093750000,-0.625000000,0.678804166620,0.322431979145
-0.078125000,-0.625000000,0.695301570945,0.330268246199
-0.062500000,-0.625000000,0.708829934539,0.336694218906
-0.046875000,-0.625000000,0.719482945172,0.341754398957
-0.031250000,-0.625000000,0.726961975161,0.345306938201
-0.015625000,-0.625000000,0.731453352835,0.347440342597
0.000000000,-0.625000000,0.732951133872,0.348151788589
0.015625000,-0.625000000,0.731453352835,0.347440342597
0.031250000,-0.625000000,0.726961975161,0.345306938201
0.046875000,-0.625000000,0.719482945172,0.341754398957
0.062500000,-0.625000000,0.708829934539,0.336694218906
0.078125000,-0.625000000,0.695301570945,0.330268246199
0.093750000,-0.625000000,0.678804166620,0.322431979145
0.109375000,-0.625000000,0.659361447271,0.313196687454
0.125000000,-0.625000000,0.637002694341,0.302576279812
0.140625000,-0.625000000,0.611763364260,0.290587598023
0.156250000,-0.625000000,0.583685800772,0.277250755367
0.171875000,-0.625000000,0.552820039977,0.262589518989
0.187500000,-0.625000000,0.519224706249,0.246631735468
0.203125000,-0.625000000,0.482967998250,0.229409799169
0.218750000,-0.625000000,0.444128762280,0.210961162083
0.234375000,-0.625000000,0.402797650895,0.191328884175
0.250000000,-0.625000000,0.359078363743,0.170562222778
0.265625000,-0.625000000,0.313088966571,0.148717259121
0.281250000,-0.625000000,0.264963284532,0.125857560153
0.296875000,-0.625000000,0.214852362697,0.102054872281
0.312500000,-0.625000000,0.162925989399,0.0773898449644
0.328125000,-0.625000000,0.109374271468,0.0519527789471
0.343750000,-0.625000000,0.0544092541201,0.0258443957070
0.359375000,-0.625000000,-0.00173342834883,-0.000823378465694
0.375000000,-0.625000000,-0.0587928828000,-0.0279266193300
0.390625000,-0.625000000,-0.116481287590,-0.0553286116053
0.406250000,-0.625000000,-0.174482240268,-0.0828790641271
0.421875000,-0.625000000,-0.232449147205,-0.110413344922
0.437500000,-0.625000000,-0.290003683582,-0.137751749701
0.453125000,-0.625000000,-0.346734353701,-0.164698818008
0.468750000,-0.625000000,-0.402195192821,-0.191042716590
0.484375000,-0.625000000,-0.455904653910,-0.216554710607
0.500000000,-0.625000000,-0.507344733474,-0.240988748400
0.515625000,-0.625000000,-0.555960398316,-0.264081189200
0.531250000,-0.625000000,-0.601159387284,-0.285550708960
0.546875000,-0.625000000,-0.642312473951,-0.305098425127
0.562500000,-0.625000000,-0.678754292074,-0.322408288735
0.578125000,-0.625000000,-0.709784843017,-0.337147800433
0.593750000,-0.625000000,-0.734671824770,-0.348969116766
0.609375000,-0.625000000,-0.752653947433,-0.357510625031
0.625000000,-0.625000000,-0.762945429253,-0.362399078895
0.640625000,-0.625000000,-0.764741900255,-0.363252402621
0.656250000,-0.625000000,-0.757227981442,-0.359683291185
0.671875000,-0.625000000,-0.739586856957,-0.351303757055
0.687500000,-0.625000000,-0.711012209940,-0.337730799722
0.703125000,-0.625000000,-0.670722963643,-0.318593407730
0.718750000,-0.625000000,-0.617981347658,-0.293541140137
0.734375000,-0.625000000,-0.552114904329,-0.262254579556
0.750000000,-0.625000000,-0.472543166569,-0.224458004120
0.765625000,-0.625000000,,
0.781250000,-0.625000000,,
0.796875000,-0.625000000,,
0.812500000,-0.625000000,,
0.828125000,-0.625000000,,
0.843750000,-0.625000000,,
0.859375000,-0.625000000,,
0.875000000,-0.625000000,,
0.890625000,-0.625000000,,
0.906250000,-0.625000000,,
0.921875000,-0.625000000,,
0.937500000,-0.625000000,,
0.953125000,-0.625000000,,
0.968750000,-0.625000000,,
0.984375000,-0.625000000,,
1.000000000,-0.625000000,,
-1.000000000,-0.609375000,,
-0.984375000,-0.609375000,,
-0.968750000,-0.609375000,,
-0.953125000,-0.609375000,,
-0.937500000,-0.609375000,,
-0.921875000,-0.609375000,,
-0.906250000,-0.609375000,,
-0.890625000,-0.609375000,,
-0.875000000,-0.609375000,,
-0.859375000,-0.609375000,,
-0.843750000,-0.609375000,,
-0.828125000,-0.609375000,,
-0.812500000,-0.609375000,,
-0.796875000,-0.609375000,,
-0.781250000,-0.609375000,,
-0.765625000,-0.609375000,-0.408603519767,-0.194086671890
-0.750000000,-0.609375000,-0.502552263920,-0.238712325362
-0.734375000,-0.609375000,-0.581682424183,-0.276299151487
-0.718750000,-0.609375000,-0.646592855575,-0.307131606398
-0.703125000,-0.609375000,-0.697984648577,-0.331542708074
-0.687500000,-0.609375000,-0.736631982912,-0.349900191883
-0.671875000,-0.609375000,-0.763358084130,-0.362595089962
-0.656250000,-0.609375000,-0.779015477826,-0.370032351967
-0.640625000,-0.609375000,-0.784469870824,-0.372623188641
-0.625000000,-0.609375000,-0.780587086682,-0.370778866174
-0.609375000,-0.609375000,-0.768222576669,-0.364905723918
-0.593750000,-0.609375000,-0.748213098242,-0.355401221665
-0.578125000,-0.609375000,-0.721370216581,-0.342650852876
-0.562500000,-0.609375000,-0.688475337943,-0.327025785523
-0.546875000,-0.609375000,-0.650276025064,-0.308881111905
-0.531250000,-0.609375000,-0.607483386279,-0.288554608483
-0.515625000,-0.609375000,-0.560770357869,-0.266365919988
-0.500000000,-0.609375000,-0.510770728817,-0.242616096188
-0.484375000,-0.609375000,-0.458078777619,-0.217587419369
-0.468750000,-0.609375000,-0.403249412034,-0.191543470716
-0.453125000,-0.609375000,-0.346798718198,-0.164729391144
-0.437500000,-0.609375000,-0.289204839157,-0.137372298599
-0.421875000,-0.609375000,-0.230909115291,-0.109681829763
-0.406250000,-0.609375000,-0.172317429573,-0.0818507790470
-0.390625000,-0.609375000,-0.113801708821,-0.0540558116898
-0.375000000,-0.609375000,-0.0557015389363,-0.0264582309947
-0.359375000,-0.609375000,0.00167413963936,0.000795216328697
-0.343750000,-0.609375000,0.0580452883944,0.0275715119873
-0.328125000,-0.609375000,0.113159000493,0.0537505252340
-0.312500000,-0.609375000,0.166787729117,0.0792241713306
-0.296875000,-0.609375000,0.218727528567,0.103895576070
-0.281250000,-0.609375000,0.268796325836,0.127678254772
-0.265625000,-0.609375000,0.316832233406,0.150495310868
-0.250000000,-0.609375000,0.362691914594,0.172278659432
-0.234375000,-0.609375000,0.406249009538,0.192968279531
-0.218750000,-0.609375000,0.447392630290,0.212511499388
-0.203125000,-0.609375000,0.486025928271,0.230862315929
-0.187500000,-0.609375000,0.522064742849,0.247980752853
-0.171875000,-0.609375000,0.555436330906,0.263832257180
-0.156250000,-0.609375000,0.586078183683,0.278387137249
-0.140625000,-0.609375000,0.613936931874,0.291620042640
-0.125000000,-0.609375000,0.638967341405,0.303509487167
-0.109375000,-0.609375000,0.661131401853,0.314037415880
-0.093750000,-0.609375000,0.680397508126,0.323188816360
-0.078125000,-0.609375000,0.696739737151,0.330951375147
-0.062500000,-0.609375000,0.710137219470,0.337315179248
-0.046875000,-0.609375000,0.720678973620,0.342322512470
-0.031250000,-0.609375000,0.728086462398,0.345841069639
-0.015625000,-0.609375000,0.732534384164,0.347953832478
0.000000000,-0.609375000,0.734017591352,0.348658355892
0.015625000,-0.609375000,0.732534384164,0.347953832478
0.031250000,-0.609375000,0.728086462398,0.345841069639
0.046875000,-0.609375000,0.720678973620,0.342322512470
0.062500000,-0.609375000,0.710137219470,0.337315179248
0.078125000,-0.609375000,0.696739737151,0.330951375147
0.093750000,-0.609375000,0.680397508126,0.323188816360
0.109375000,-0.609375000,0.661131401853,0.314037415880
0.125000000,-0.609375000,0.638967341405,0.303509487167
0.140625000,-0.609375000,0.613936931874,0.291620042640
0.156250000,-0.609375000,0.586078183683,0.278387137249
0.171875000,-0.609375000,0.555436330906,0.263832257180
0.187500000,-0.609375000,0.522064742849,0.247980752853
0.203125000,-0.609375000,0.486025928271,0.230862315929
0.218750000,-0.609375000,0.447392630290,0.212511499388
0.234375000,-0.609375000,0.406249009538,0.192968279531
0.250000000,-0.609375000,0.362691914594,0.172278659432
0.265625000,-0.609375000,0.316832233406,0.150495310868
0.281250000,-0.609375000,0.268796325836,0.127678254772
0.296875000,-0.609375000,0.218727528567,0.103895576070
0.312500000,-0.609375000,0.166787729117,0.0792241713306
0.328125000,-0.609375000,0.113159000493,0.0537505252340
0.343750000,-0.609375000,0.0580452883944,0.0275715119873
0.359375000,-0.609375000,0.00167413963936,0.000795216328697
0.375000000,-0.609375000,-0.0557015389363,-0.0264582309947
0.390625000,-0.609375000,-0.113801708821,-0.0540558116898
0.406250000,-0.609375000,-0.172317429573,-0.0818507790470
0.421875000,-0.609375000,-0.230909115291,-0.109681829763
0.437500000,-0.609375000,-0.289204839157,-0.137372298599
0.453125000,-0.609375000,-0.346798718198,-0.164729391144
0.468750000,-0.609375000,-0.403249412034,-0.191543470716
0.484375000,-0.609375000,-0.458078777619,-0.217587419369
0.500000000,-0.609375000,-0.510770728817,-0.242616096188
0.515625000,-0.609375000,-0.560770357869,-0.266365919988
0.531250000,-0.609375000,-0.607483386279,-0.288554608483
0.546875000,-0.609375000,-0.650276025064,-0.308881111905
0.562500000,-0.609375000,-0.688475337943,-0.327025785523
0.578125000,-0.609375000,-0.721370216581,-0.342650852876
0.593750000,-0.609375000,-0.748213098242,-0.355401221665
0.609375000,-0.609375000,-0.768222576669,-0.364905723918
0.625000000,-0.609375000,-0.780587086682,-0.370778866174
0.640625000,-0.609375000,-0.784469870824,-0.372623188641
0.656250000,-0.609375000,-0.779015477826,-0.370032351967
0.671875000,-0.609375000,-0.763358084130,-0.362595089962
0.687500000,-0.609375000,-0.736631982912,-0.349900191883
0.703125000,-0.609375000,-0.697984648577,-0.331542708074
0.718750000,-0.609375000,-0.646592855575,-0.307131606398
0.734375000,-0.609375000,-0.581682424183,-0.276299151487
0.750000000,-0.609375000,-0.502552263920,-0.238712325362
0.765625000,-0.609375000,-0.408603519767,-0.194086671890
0.781250000,-0.609375000,,
0.796875000,-0.609375000,,
0.812500000,-0.609375000,,
0.828125000,-0.609375000,,
0.843750000,-0.609375000,,
0.859375000,-0.609375000,,
0.875000000,-0.609375000,,
0.890625000,-0.609375000,,
0.906250000,-0.609375000,,
0.921875000,-0.609375000,,
0.937500000,-0.609375000,,
0.953125000,-0.609375000,,
0.968750000,-0.609375000,,
0.984375000,-0.609375000,,
1.000000000,-0.609375000,,
-1.000000000,-0.593750000,,
-0.984375000,-0.593750000,,
-0.968750000,-0.593750000,,
-0.953125000,-0.593750000,,
-0.937500000,-0.593750000,,
-0.921875000,-0.593750000,,
-0.906250000,-0.593750000,,
-0.890625000,-0.593750000,,
-0.875000000,-0.593750000,,
-0.859375000,-0.593750000,,
-0.843750000,-0.593750000,,
-0.828125000,-0.593750000,,
-0.812500000,-0.593750000,,
-0.796875000,-0.593750000,,
-0.781250000,-0.593750000,-0.334522684279,-0.158898275033
-0.765625000,-0.593750000,-0.444022638893,-0.210910753474
-0.750000000,-0.593750000,-0.537546354409,-0.255334518345
-0.734375000,-0.593750000,-0.615705316675,-0.292460025420
-0.718750000,-0.593750000,-0.679225349529,-0.322632041026
-0.703125000,-0.593750000,-0.728914656872,-0.346234462014
-0.687500000,-0.593750000,-0.765637453508,-0.363677790416
-0.671875000,-0.593750000,-0.790292302872,-0.375388843864
-0.656250000,-0.593750000,-0.803794419255,-0.381802349146
-0.640625000,-0.593750000,-0.807061310942,-0.383354122698
-0.625000000,-0.593750000,-0.801001234901,-0.380475586578
-0.609375000,-0.593750000,-0.786504019502,-0.373589409263
-0.593750000,-0.593750000,-0.764433875659,-0.363106090938
-0.578125000,-0.593750000,-0.735623879961,-0.349421342982
-0.562500000,-0.593750000,-0.700871856746,-0.332914131954
-0.546875000,-0.593750000,-0.660937430141,-0.313945279317
-0.531250000,-0.593750000,-0.616540053029,-0.292856525189
-0.515625000,-0.593750000,-0.568357844154,-0.269969975973
-0.500000000,-0.593750000,-0.517027095669,-0.245587870443
-0.484375000,-0.593750000,-0.463142330330,-0.219992606907
-0.468750000,-0.593750000,-0.407256806211,-0.193446982950
-0.453125000,-0.593750000,-0.349883384373,-0.166194607577
-0.437500000,-0.593750000,-0.291495684730,-0.138460450247
-0.421875000,-0.593750000,-0.232529468194,-0.110451497392
-0.406250000,-0.593750000,-0.173384193014,-0.0823574916814
-0.390625000,-0.593750000,-0.114424699118,-0.0543517320812
-0.375000000,-0.593750000,-0.0559829843802,-0.0265919175806
-0.359375000,-0.593750000,0.00163996129149,0.000778981613456
-0.343750000,-0.593750000,0.0581722890969,0.0276318373210
-0.328125000,-0.593750000,0.113369416160,0.0538504726759
-0.312500000,-0.593750000,0.167012160501,0.0793307762380
-0.296875000,-0.593750000,0.218904901994,0.103979828447
-0.281250000,-0.593750000,0.268873783299,0.127715047067
-0.265625000,-0.593750000,0.316764961912,0.150463356908
-0.250000000,-0.593750000,0.362442922011,0.172160387955
-0.234375000,-0.593750000,0.405788855172,0.192749706207
-0.218750000,-0.593750000,0.446699113897,0.212182079101
-0.203125000,-0.593750000,0.485083746052,0.230414779375
-0.187500000,-0.593750000,0.520865112353,0.247410928367
-0.171875000,-0.593750000,0.553976590533,0.263138880503
-0.156250000,-0.593750000,0.584361369626,0.277571650573
-0.140625000,-0.593750000,0.611971336343,0.290686384763
-0.125000000,-0.593750000,0.636766053900,0.302463875603
-0.109375000,-0.593750000,0.658711836784,0.312888122473
-0.093750000,-0.593750000,0.677780921238,0.321945937588
-0.078125000,-0.593750000,0.693950730969,0.329626597210
-0.062500000,-0.593750000,0.707203241552,0.335921539737
-0.046875000,-0.593750000,0.717524441134,0.340824109539
-0.031250000,-0.593750000,0.724988859173,0.344369708107
-0.015625000,-0.593750000,0.729388432546,0.346459505459
0.000000000,-0.593750000,0.730855435488,0.347156331857
0.015625000,-0.593750000,0.729388432546,0.346459505459
0.031250000,-0.593750000,0.724988859173,0.344369708107
0.046875000,-0.593750000,0.717524441134,0.340824109539
0.062500000,-0.593750000,0.707203241552,0.335921539737
0.078125000,-0.593750000,0.693950730969,0.329626597210
0.093750000,-0.593750000,0.677780921238,0.321945937588
0.109375000,-0.593750000,0.658711836784,0.312888122473
0.125000000,-0.593750000,0.636766053900,0.302463875603
0.140625000,-0.593750000,0.611971336343,0.290686384763
0.156250000,-0.593750000,0.584361369626,0.277571650573
0.171875000,-0.593750000,0.553976590533,0.263138880503
0.187500000,-0.593750000,0.520865112353,0.247410928367
0.203125000,-0.593750000,0.485083746052,0.230414779375
0.218750000,-0.593750000,0.446699113897,0.212182079101
0.234375000,-0.593750000,0.405788855172,0.192749706207
0.250000000,-0.593750000,0.362442922011,0.172160387955
0.265625000,-0.593750000,0.316764961912,0.150463356908
0.281250000,-0.593750000,0.268873783299,0.127715047067
0.296875000,-0.593750000,0.218904901994,0.103979828447
0.312500000,-0.593750000,0.167012160501,0.0793307762380
0.328125000,-0.593750000,0.113369416160,0.0538504726759
0.343750000,-0.593750000,0.0581722890969,0.0276318373210
0.359375000,-0.593750000,0.00163996129149,0.000778981613456
0.375000000,-0.593750000,-0.0559829843802,-0.0265919175806
0.390625000,-0.593750000,-0.114424699118,-0.0543517320812
0.406250000,-0.593750000,-0.173384193014,-0.0823574916814
0.421875000,-0.593750000,-0.232529468194,-0.110451497392
0.437500000,-0.593750000,-0.291495684730,-0.138460450247
0.453125000,-0.593750000,-0.349883384373,-0.166194607577
0.468750000,-0.593750000,-0.407256806211,-0.193446982950
0.484375000,-0.593750000,-0.463142330330,-0.219992606907
0.500000000,-0.593750000,-0.517027095669,-0.245587870443
0.515625000,-0.593750000,-0.568357844154,-0.269969975973
0.531250000,-0.593750000,-0.616540053029,-0.292856525189
0.546875000,-0.593750000,-0.660937430141,-0.313945279317
0.562500000,-0.593750000,-0.700871856746,-0.332914131954
0.578125000,-0.593750000,-0.735623879961,-0.349421342982
0.593750000,-0.593750000,-0.764433875659,-0.363106090938
0.609375000,-0.593750000,-0.786504019502,-0.373589409263
0.625000000,-0.593750000,-0.801001234901,-0.380475586578
0.640625000,-0.593750000,-0.807061310942,-0.383354122698
0.656250000,-0.593750000,-0.803794419255,-0.381802349146
0.671875000,-0.593750000,-0.790292302872,-0.375388843864
0.687500000,-0.593750000,-0.765637453508,-0.363677790416
0.703125000,-0.593750000,-0.728914656872,-0.346234462014
0.718750000,-0.593750000,-0.679225349529,-0.322632041026
0.734375000,-0.593750000,-0.615705316675,-0.292460025420
0.750000000,-0.593750000,-0.537546354409,-0.255334518345
0.765625000,-0.593750000,-0.444022638893,-0.210910753474
0.781250000,-0.593750000,-0.334522684279,-0.158898275033
0.796875000,-0.593750000,,
0.812500000,-0.593750000,,
0.828125000,-0.593750000,,
0.843750000,-0.593750000,,
0.859375000,-0.593750000,,
0.875000000,-0.593750000,,
0.890625000,-0.593750000,,
0.906250000,-0.593750000,,
0.921875000,-0.593750000,,
0.937500000,-0.593750000,,
0.953125000,-0.593750000,,
0.968750000,-0.593750000,,
0.984375000,-0.593750000,,
1.000000000,-0.593750000,,
-1.000000000,-0.578125000,,
-0.984375000,-0.578125000,,
-0.968750000,-0.578125000,,
-0.953125000,-0.578125000,,
-0.937500000,-0.578125000,,
-0.921875000,-0.578125000,,
-0.906250000,-0.578125000,,
-0.890625000,-0.578125000,,
-0.875000000,-0.578125000,,
-0.859375000,-0.578125000,,
-0.843750000,-0.578125000,,
-0.828125000,-0.578125000,,
-0.812500000,-0.578125000,,
-0.796875000,-0.578125000,-0.248571079759,-0.118071262885
-0.781250000,-0.578125000,-0.374873251104,-0.178064794274
-0.765625000,-0.578125000,-0.483998651352,-0.229899359392
-0.750000000,-0.578125000,-0.576564232337,-0.273868010360
-0.734375000,-0.578125000,-0.653315541012,-0.310324881981
-0.718750000,-0.578125000,-0.715091552384,-0.339668487383
-0.703125000,-0.578125000,-0.762795645463,-0.362327931595
-0.687500000,-0.578125000,-0.797371748671,-0.378751580619
-0.671875000,-0.578125000,-0.819784836627,-0.389397797398
-0.656250000,-0.578125000,-0.831005089699,-0.394727417607
-0.640625000,-0.578125000,-0.831995135046,-0.395197689147
-0.625000000,-0.578125000,-0.823699881571,-0.391257443746
-0.609375000,-0.578125000,-0.807038532194,-0.383343302792
-0.593750000,-0.578125000,-0.782898425558,-0.371876752140
-0.578125000,-0.578125000,-0.752130409634,-0.357261944576
-0.562500000,-0.578125000,-0.715545495914,-0.339884110559
-0.546875000,-0.578125000,-0.673912582173,-0.320108476532
-0.531250000,-0.578125000,-0.627957061171,-0.298279604056
-0.515625000,-0.578125000,-0.578360164337,-0.274721078060
-0.500000000,-0.578125000,-0.525758907739,-0.249735481176
-0.484375000,-0.578125000,-0.470746531368,-0.223604602400
-0.468750000,-0.578125000,-0.413873336802,-0.196589834981
-0.453125000,-0.578125000,-0.355647844342,-0.168932726062
-0.437500000,-0.578125000,-0.296538200928,-0.140855645441
-0.421875000,-0.578125000,-0.236973782753,-0.112562546807
-0.406250000,-0.578125000,-0.177346942946,-0.0842397978995
-0.390625000,-0.578125000,-0.118014862951,-0.0560570599019
-0.375000000,-0.578125000,-0.0593014748301,-0.0281682005443
-0.359375000,-0.578125000,-0.00149942222792,-0.000712225558263
-0.343750000,-0.578125000,0.0551279623125,0.0261857820984
-0.328125000,-0.578125000,0.110344685566,0.0524137256441
-0.312500000,-0.578125000,0.163940144491,0.0778715686333
-0.296875000,-0.578125000,0.215727214024,0.102470426661
-0.281250000,-0.578125000,0.265540384915,0.126131682835
-0.265625000,-0.578125000,0.313233959790,0.148786130900
-0.250000000,-0.578125000,0.358680317480,0.170373150803
-0.234375000,-0.578125000,0.401768251507,0.190839919466
-0.218750000,-0.578125000,0.442401388348,0.210140659465
-0.203125000,-0.578125000,0.480496689958,0.228235927730
-0.187500000,-0.578125000,0.515983044408,0.245091946094
-0.171875000,-0.578125000,0.548799947084,0.260679974865
-0.156250000,-0.578125000,0.578896274541,0.274975730407
-0.140625000,-0.578125000,0.606229154086,0.287958848191
-0.125000000,-0.578125000,0.630762927970,0.299612390786
-0.109375000,-0.578125000,0.652468215743,0.309922402478
-0.093750000,-0.578125000,0.671321073685,0.318877510000
-0.078125000,-0.578125000,0.687302253024,0.326468570186
-0.062500000,-0.578125000,0.700396555635,0.332688363926
-0.046875000,-0.578125000,0.710592290032,0.337531337765
-0.031250000,-0.578125000,0.717880825290,0.340993392013
-0.015625000,-0.578125000,0.722256243964,0.343071715883
0.000000000,-0.578125000,0.723827160731,0.343817901347
0.015625000,-0.578125000,0.722256243964,0.343071715883
0.031250000,-0.578125000,0.717880825290,0.340993392013
0.046875000,-0.578125000,0.710592290032,0.337531337765
0.062500000,-0.578125000,0.700396555635,0.332688363926
0.078125000,-0.578125000,0.687302253024,0.326468570186
0.093750000,-0.578125000,0.671321073685,0.318877510000
0.109375000,-0.578125000,0.652468215743,0.309922402478
0.125000000,-0.578125000,0.630762927970,0.299612390786
0.140625000,-0.578125000,0.606229154086,0.287958848191
0.156250000,-0.578125000,0.578896274541,0.274975730407
0.171875000,-0.578125000,0.548799947084,0.260679974865
0.187500000,-0.578125000,0.515983044408,0.245091946094
0.203125000,-0.578125000,0.480496689958,0.228235927730
0.218750000,-0.578125000,0.442401388348,0.210140659465
0.234375000,-0.578125000,0.401768251507,0.190839919466
0.250000000,-0.578125000,0.358680317480,0.170373150803
0.265625000,-0.578125000,0.313233959790,0.148786130900
0.281250000,-0.578125000,0.265540384915,0.126131682835
0.296875000,-0.578125000,0.215727214024,0.102470426661
0.312500000,-0.578125000,0.163940144491,0.0778715686333
0.328125000,-0.578125000,0.110344685566,0.0524137256441
0.343750000,-0.578125000,0.0551279623125,0.0261857820984
0.359375000,-0.578125000,-0.00149942222792,-0.000712225558263
0.375000000,-0.578125000,-0.0593014748301,-0.0281682005443
0.390625000,-0.578125000,-0.118014862951,-0.0560570599019
0.406250000,-0.578125000,-0.177346942946,-0.0842397978995
0.421875000,-0.578125000,-0.236973782753,-0.112562546807
0.437500000,-0.578125000,-0.296538200928,-0.140855645441
0.453125000,-0.578125000,-0.355647844342,-0.168932726062
0.468750000,-0.578125000,-0.413873336802,-0.196589834981
0.484375000,-0.578125000,-0.470746531368,-0.223604602400
0.500000000,-0.578125000,-0.525758907739,-0.249735481176
0.515625000,-0.578125000,-0.578360164337,-0.274721078060
0.531250000,-0.578125000,-0.627957061171,-0.298279604056
0.546875000,-0.578125000,-0.673912582173,-0.320108476532
0.562500000,-0.578125000,-0.715545495914,-0.339884110559
0.578125000,-0.578125000,-0.752130409634,-0.357261944576
0.593750000,-0.578125000,-0.782898425558,-0.371876752140
0.609375000,-0.578125000,-0.807038532194,-0.383343302792
0.625000000,-0.578125000,-0.823699881571,-0.391257443746
0.640625000,-0.578125000,-0.831995135046,-0.395197689147
0.656250000,-0.578125000,-0.831005089699,-0.394727417607
0.671875000,-0.578125000,-0.819784836627,-0.389397797398
0.687500000,-0.578125000,-0.797371748671,-0.378751580619
0.703125000,-0.578125000,-0.762795645463,-0.362327931595
0.718750000,-0.578125000,-0.715091552384,-0.339668487383
0.734375000,-0.578125000,-0.653315541012,-0.310324881981
0.750000000,-0.578125000,-0.576564232337,-0.273868010360
0.765625000,-0.578125000,-0.483998651352,-0.229899359392
0.781250000,-0.578125000,-0.374873251104,-0.178064794274
0.796875000,-0.578125000,-0.248571079759,-0.118071262885
0.812500000,-0.578125000,,
0.828125000,-0.578125000,,
0.843750000,-0.578125000,,
0.859375000,-0.578125000,,
0.875000000,-0.578125000,,
0.890625000,-0.578125000,,
0.906250000,-0.578125000,,
0.921875000,-0.578125000,,
0.937500000,-0.578125000,,
0.953125000,-0.578125000,,
0.968750000,-0.578125000,,
0.984375000,-0.578125000,,
1.000000000,-0.578125000,,
-1.000000000,-0.562500000,,
-0.984375000,-0.562500000,,
-0.968750000,-0.562500000,,
-0.953125000,-0.562500000,,
-0.937500000,-0.562500000,,
-0.921875000,-0.562500000,,
-0.906250000,-0.562500000,,
-0.890625000,-0.562500000,,
-0.875000000,-0.562500000,,
-0.859375000,-0.562500000,,
-0.843750000,-0.562500000,,
-0.828125000,-0.562500000,,
-0.812500000,-0.562500000,,
-0.796875000,-0.562500000,-0.293348752602,-0.139340657486
-0.781250000,-0.562500000,-0.419365059696,-0.199198403355
-0.765625000,-0.562500000,-0.527577454314,-0.250599290799
-0.750000000,-0.562500000,-0.618744850111,-0.293903803803
-0.734375000,-0.562500000,-0.693732679673,-0.329523022845
-0.718750000,-0.562500000,-0.753480836151,-0.357903397172
-0.703125000,-0.562500000,-0.798977311007,-0.379514222729
-0.687500000,-0.562500000,-0.831236622127,-0.394837395510
-0.671875000,-0.562500000,-0.851282271747,-0.404359079080
-0.656250000,-0.562500000,-0.860132592101,-0.408562981248
-0.640625000,-0.562500000,-0.858789441620,-0.407924984770
-0.625000000,-0.562500000,-0.848229293002,-0.402908914176
-0.609375000,-0.562500000,-0.829396329143,-0.393963256343
-0.593750000,-0.562500000,-0.803197222174,-0.381518680533
-0.578125000,-0.562500000,-0.770497318034,-0.365986226066
-0.562500000,-0.562500000,-0.732117994366,-0.347756047324
-0.546875000,-0.562500000,-0.688834993158,-0.327196621750
-0.531250000,-0.562500000,-0.641377559434,-0.304654340731
-0.515625000,-0.562500000,-0.590428245275,-0.280453416506
-0.500000000,-0.562500000,-0.536623255969,-0.254896046585
-0.484375000,-0.562500000,-0.480553237801,-0.228262787955
-0.468750000,-0.562500000,-0.422764418975,-0.200813099013
-0.453125000,-0.562500000,-0.363760030807,-0.172786014633
-0.437500000,-0.562500000,-0.304001945769,-0.144400924240
-0.421875000,-0.562500000,-0.243912480496,-0.115858428236
-0.406250000,-0.562500000,-0.183876318174,-0.0873412511329
-0.390625000,-0.562500000,-0.124242512684,-0.0590151935248
-0.375000000,-0.562500000,-0.0653265427999,-0.0310301078300
-0.359375000,-0.562500000,-0.00741238946582,-0.00352088499626
-0.343750000,-0.562500000,0.0492453862733,0.0233915584798
-0.328125000,-0.562500000,0.104419583936,0.0495993023697
-0.312500000,-0.562500000,0.157908337873,0.0750064604898
-0.296875000,-0.562500000,0.209533139000,0.0995282410248
-0.281250000,-0.562500000,0.259136914366,0.123090034324
-0.265625000,-0.562500000,0.306582173454,0.145626532391
-0.250000000,-0.562500000,0.351749229118,0.167080883831
-0.234375000,-0.562500000,0.394534498072,0.187403886584
-0.218750000,-0.562500000,0.434848886507,0.206553221091
-0.203125000,-0.562500000,0.472616264914,0.224492725834
-0.187500000,-0.562500000,0.507772033928,0.241191716116
-0.171875000,-0.562500000,0.540261784732,0.256624347748
-0.156250000,-0.562500000,0.570040055397,0.270769026314
-0.140625000,-0.562500000,0.597069184349,0.283607862566
-0.125000000,-0.562500000,0.621318262393,0.295126174637
-0.109375000,-0.562500000,0.642762183323,0.305312037078
-0.093750000,-0.562500000,0.661380794217,0.314155877253
-0.078125000,-0.562500000,0.677158145779,0.321650119245
-0.062500000,-0.562500000,0.690081842185,0.327788875038
-0.046875000,-0.562500000,0.700142491021,0.332567683235
-0.031250000,-0.562500000,0.707333253734,0.335983295523
-0.015625000,-0.562500000,0.711649495352,0.338033510292
0.000000000,-0.562500000,0.713088534936,0.338717054095
0.015625000,-0.562500000,0.711649495352,0.338033510292
0.031250000,-0.562500000,0.707333253734,0.335983295523
0.046875000,-0.562500000,0.700142491021,0.332567683235
0.062500000,-0.562500000,0.690081842185,0.327788875038
0.078125000,-0.562500000,0.677158145779,0.321650119245
0.093750000,-0.562500000,0.661380794217,0.314155877253
0.109375000,-0.562500000,0.642762183323,0.305312037078
0.125000000,-0.562500000,0.621318262393,0.295126174637
0.140625000,-0.562500000,0.597069184349,0.283607862566
0.156250000,-0.562500000,0.570040055397,0.270769026314
0.171875000,-0.562500000,0.540261784732,0.256624347748
0.187500000,-0.562500000,0.507772033928,0.241191716116
0.203125000,-0.562500000,0.472616264914,0.224492725834
0.218750000,-0.562500000,0.434848886507,0.206553221091
0.234375000,-0.562500000,0.394534498072,0.187403886584
0.250000000,-0.562500000,0.351749229118,0.167080883831
0.265625000,-0.562500000,0.306582173454,0.145626532391
0.281250000,-0.562500000,0.259136914366,0.123090034324
0.296875000,-0.562500000,0.209533139000,0.0995282410248
0.312500000,-0.562500000,0.157908337873,0.0750064604898
0.328125000,-0.562500000,0.104419583936,0.0495993023697
0.343750000,-0.562500000,0.0492453862733,0.0233915584798
0.359375000,-0.562500000,-0.00741238946582,-0.00352088499626
0.375000000,-0.562500000,-0.0653265427999,-0.0310301078300
0.390625000,-0.562500000,-0.124242512684,-0.0590151935248
0.406250000,-0.562500000,-0.183876318174,-0.0873412511329
0.421875000,-0.562500000,-0.243912480496,-0.115858428236
0.437500000,-0.562500000,-0.304001945769,-0.144400924240
0.453125000,-0.562500000,-0.363760030807,-0.172786014633
0.468750000,-0.562500000,-0.422764418975,-0.200813099013
0.484375000,-0.562500000,-0.480553237801,-0.228262787955
0.500000000,-0.562500000,-0.536623255969,-0.254896046585
0.515625000,-0.562500000,-0.590428245275,-0.280453416506
0.531250000,-0.562500000,-0.641377559434,-0.304654340731
0.546875000,-0.562500000,-0.688834993158,-0.327196621750
0.562500000,-0.562500000,-0.732117994366,-0.347756047324
0.578125000,-0.562500000,-0.770497318034,-0.365986226066
0.593750000,-0.562500000,-0.803197222174,-0.381518680533
0.609375000,-0.562500000,-0.829396329143,-0.393963256343
0.625000000,-0.562500000,-0.848229293002,-0.402908914176
0.640625000,-0.562500000,-0.858789441620,-0.407924984770
0.656250000,-0.562500000,-0.860132592101,-0.408562981248
0.671875000,-0.562500000,-0.851282271747,-0.404359079080
0.687500000,-0.562500000,-0.831236622127,-0.394837395510
0.703125000,-0.562500000,-0.798977311007,-0.379514222729
0.718750000,-0.562500000,-0.753480836151,-0.357903397172
0.734375000,-0.562500000,-0.693732679673,-0.329523022845
0.750000000,-0.562500000,-0.618744850111,-0.293903803803
0.765625000,-0.562500000,-0.527577454314,-0.250599290799
0.781250000,-0.562500000,-0.419365059696,-0.199198403355
0.796875000,-0.562500000,-0.293348752602,-0.139340657486
0.812500000,-0.562500000,,
0.828125000,-0.562500000,,
0.843750000,-0.562500000,,
0.859375000,-0.562500000,,
0.875000000,-0.562500000,,
0.890625000,-0.562500000,,
0.906250000,-0.562500000,,
0.921875000,-0.562500000,,
0.937500000,-0.562500000,,
0.953125000,-0.562500000,,
0.968750000,-0.562500000,,
0.984375000,-0.562500000,,
1.000000000,-0.562500000,,
-1.000000000,-0.546875000,,
-0.984375000,-0.546875000,,
-0.968750000,-0.546875000,,
-0.953125000,-0.546875000,,
-0.937500000,-0.546875000,,
-0.921875000,-0.546875000,,
-0.906250000,-0.546875000,,
-0.890625000,-0.546875000,,
-0.875000000,-0.546875000,,
-0.859375000,-0.546875000,,
-0.843750000,-0.546875000,,
-0.828125000,-0.546875000,,
-0.812500000,-0.546875000,-0.197584570560,-0.0938526710161
-0.796875000,-0.546875000,-0.341864279709,-0.162385532862
-0.781250000,-0.546875000,-0.467049134287,-0.221848338786
-0.765625000,-0.546875000,-0.573903432841,-0.272604130599
-0.750000000,-0.546875000,-0.663313462997,-0.315073894924
-0.734375000,-0.546875000,-0.736251970256,-0.349719685871
-0.718750000,-0.546875000,-0.793748923223,-0.377030738531
-0.703125000,-0.546875000,-0.836867571184,-0.397512096312
-0.687500000,-0.546875000,-0.866684947951,-0.411675350277
-0.671875000,-0.546875000,-0.884276114282,-0.420031154284
-0.656250000,-0.546875000,-0.890701539624,-0.423083231321
-0.640625000,-0.546875000,-0.886997122116,-0.421323633005
-0.625000000,-0.546875000,-0.874166419327,-0.415229049181
-0.609375000,-0.546875000,-0.853174732580,-0.405257997975
-0.593750000,-0.546875000,-0.824944739817,-0.391848751413
-0.578125000,-0.546875000,-0.790353421127,-0.375417875035
-0.562500000,-0.546875000,-0.750230058065,-0.356359277581
-0.546875000,-0.546875000,-0.705355123156,-0.335043683499
-0.531250000,-0.546875000,-0.656459902900,-0.311818453878
-0.515625000,-0.546875000,-0.604226721705,-0.287007692810
-0.500000000,-0.546875000,-0.549289654247,-0.260912585767
-0.484375000,-0.546875000,-0.492235631232,-0.233811924835
-0.468750000,-0.546875000,-0.433605857199,-0.205962782169
-0.453125000,-0.546875000,-0.373897473381,-0.177601299856
-0.437500000,-0.546875000,-0.313565406065,-0.148943567881
-0.421875000,-0.546875000,-0.253024352027,-0.120186567213
-0.406250000,-0.546875000,-0.192650861361,-0.0915091591464
-0.390625000,-0.546875000,-0.132785480263,-0.0630731031250
-0.375000000,-0.546875000,-0.0737349264885,-0.0350240900820
-0.359375000,-0.546875000,-0.0157742720595,-0.00749277922825
-0.343750000,-0.546875000,0.0408508867523,0.0194041712073
-0.328125000,-0.546875000,0.0959222902152,0.0455630878522
-0.312500000,-0.546875000,0.149246919821,0.0708922869149
-0.296875000,-0.546875000,0.200654959560,0.0953111057911
-0.281250000,-0.546875000,0.249997823160,0.118748966001
-0.265625000,-0.546875000,0.297146254690,0.141144470978
-0.250000000,-0.546875000,0.341988509992,0.162444542246
-0.234375000,-0.546875000,0.384428623259,0.182603596048
-0.218750000,-0.546875000,0.424384763094,0.201582762470
-0.203125000,-0.546875000,0.461787681640,0.219349148779
-0.187500000,-0.546875000,0.496579258840,0.235875147949
-0.171875000,-0.546875000,0.528711143865,0.251137793336
-0.156250000,-0.546875000,0.558143495609,0.265118160414
-0.140625000,-0.546875000,0.584843821945,0.277800815424
-0.125000000,-0.546875000,0.608785920432,0.289173312205
-0.109375000,-0.546875000,0.629948919126,0.299225736585
-0.093750000,-0.546875000,0.648316418493,0.307950298784
-0.078125000,-0.546875000,0.663875734449,0.315340973863
-0.062500000,-0.546875000,0.676617243126,0.321393190485
-0.046875000,-0.546875000,0.686533825964,0.326103567333
-0.031250000,-0.546875000,0.693620416304,0.329469697744
-0.015625000,-0.546875000,0.697873646938,0.331489982296
0.000000000,-0.546875000,0.699291598126,0.332163509110
0.015625000,-0.546875000,0.697873646938,0.331489982296
0.031250000,-0.546875000,0.693620416304,0.329469697744
0.046875000,-0.546875000,0.686533825964,0.326103567333
0.062500000,-0.546875000,0.676617243126,0.321393190485
0.078125000,-0.546875000,0.663875734449,0.315340973863
0.093750000,-0.546875000,0.648316418493,0.307950298784
0.109375000,-0.546875000,0.629948919126,0.299225736585
0.125000000,-0.546875000,0.608785920432,0.289173312205
0.140625000,-0.546875000,0.584843821945,0.277800815424
0.156250000,-0.546875000,0.558143495609,0.265118160414
0.171875000,-0.546875000,0.528711143865,0.251137793336
0.187500000,-0.546875000,0.496579258840,0.235875147949
0.203125000,-0.546875000,0.461787681640,0.219349148779
0.218750000,-0.546875000,0.424384763094,0.201582762470
0.234375000,-0.546875000,0.384428623259,0.182603596048
0.250000000,-0.546875000,0.341988509992,0.162444542246
0.265625000,-0.546875000,0.297146254690,0.141144470978
0.281250000,-0.546875000,0.249997823160,0.118748966001
0.296875000,-0.546875000,0.200654959560,0.0953111057911
0.312500000,-0.546875000,0.149246919821,0.0708922869149
0.328125000,-0.546875000,0.0959222902152,0.0455630878522
0.343750000,-0.546875000,0.0408508867523,0.0194041712073
0.359375000,-0.546875000,-0.0157742720595,-0.00749277922825
0.375000000,-0.546875000,-0.0737349264885,-0.0350240900820
0.390625000,-0.546875000,-0.132785480263,-0.0630731031250
0.406250000,-0.546875000,-0.192650861361,-0.0915091591464
0.421875000,-0.546875000,-0.253024352027,-0.120186567213
0.437500000,-0.546875000,-0.313565406065,-0.148943567881
0.453125000,-0.546875000,-0.373897473381,-0.177601299856
0.468750000,-0.546875000,-0.433605857199,-0.205962782169
0.484375000,-0.546875000,-0.492235631232,-0.233811924835
0.500000000,-0.546875000,-0.549289654247,-0.260912585767
0.515625000,-0.546875000,-0.604226721705,-0.287007692810
0.531250000,-0.546875000,-0.656459902900,-0.311818453878
0.546875000,-0.546875000,-0.705355123156,-0.335043683499
0.562500000,-0.546875000,-0.750230058065,-0.356359277581
0.578125000,-0.546875000,-0.790353421127,-0.375417875035
0.593750000,-0.546875000,-0.824944739817,-0.391848751413
0.609375000,-0.546875000,-0.853174732580,-0.405257997975
0.625000000,-0.546875000,-0.874166419327,-0.415229049181
0.640625000,-0.546875000,-0.886997122116,-0.421323633005
0.656250000,-0.546875000,-0.890701539624,-0.423083231321
0.671875000,-0.546875000,-0.884276114282,-0.420031154284
0.687500000,-0.546875000,-0.866684947951,-0.411675350277
0.703125000,-0.546875000,-0.836867571184,-0.397512096312
0.718750000,-0.546875000,-0.793748923223,-0.377030738531
0.734375000,-0.546875000,-0.736251970256,-0.349719685871
0.750000000,-0.546875000,-0.663313462997,-0.315073894924
0.765625000,-0.546875000,-0.573903432841,-0.272604130599
0.781250000,-0.546875000,-0.467049134287,-0.221848338786
0.796875000,-0.546875000,-0.341864279709,-0.162385532862
0.812500000,-0.546875000,-0.197584570560,-0.0938526710161
0.828125000,-0.546875000,,
0.843750000,-0.546875000,,
0.859375000,-0.546875000,,
0.875000000,-0.546875000,,
0.890625000,-0.546875000,,
0.906250000,-0.546875000,,
0.921875000,-0.546875000,,
0.937500000,-0.546875000,,
0.953125000,-0.546875000,,
0.968750000,-0.546875000,,
0.984375000,-0.546875000,,
1.000000000,-0.546875000,,
-1.000000000,-0.531250000,,
-0.984375000,-0.531250000,,
-0.968750000,-0.531250000,,
-0.953125000,-0.531250000,,
-0.937500000,-0.531250000,,
-0.921875000,-0.531250000,,
-0.906250000,-0.531250000,,
-0.890625000,-0.531250000,,
-0.875000000,-0.531250000,,
-0.859375000,-0.531250000,,
-0.843750000,-0.531250000,,
-0.828125000,-0.531250000,-0.0856005321839,-0.0406602527873
-0.812500000,-0.531250000,-0.249600712215,-0.118560338302
-0.796875000,-0.531250000,-0.393171869456,-0.186756637992
-0.781250000,-0.531250000,-0.517073749692,-0.245610031104
-0.765625000,-0.531250000,-0.622206331384,-0.295548007407
-0.750000000,-0.531250000,-0.709570314661,-0.337045899464
-0.734375000,-0.531250000,-0.780234593311,-0.370611431823
-0.718750000,-0.531250000,-0.835309591414,-0.396772055922
-0.703125000,-0.531250000,-0.875925523075,-0.416064623461
-0.687500000,-0.531250000,-0.903214788519,-0.429027024547
-0.671875000,-0.531250000,-0.918297842701,-0.436191475283
-0.656250000,-0.531250000,-0.922271978846,-0.438079189952
-0.640625000,-0.531250000,-0.916202556109,-0.435196214152
-0.625000000,-0.531250000,-0.901116273916,-0.428030230110
-0.609375000,-0.531250000,-0.877996158564,-0.417048175318
-0.593750000,-0.531250000,-0.847777976993,-0.402694539072
-0.578125000,-0.531250000,-0.811347838819,-0.385390223439
-0.562500000,-0.531250000,-0.769540783023,-0.365531871936
-0.546875000,-0.531250000,-0.723140176402,-0.343491583791
-0.531250000,-0.531250000,-0.672877779553,-0.319616945288
-0.515625000,-0.531250000,-0.619434355599,-0.294231318910
-0.500000000,-0.531250000,-0.563440717154,-0.267634340648
-0.484375000,-0.531250000,-0.505479123332,-0.240102583583
-0.468750000,-0.531250000,-0.446084951955,-0.211890352179
-0.453125000,-0.531250000,-0.385748582247,-0.183230576567
-0.437500000,-0.531250000,-0.324917436281,-0.154335782233
-0.421875000,-0.531250000,-0.263998132088,-0.125399112742
-0.406250000,-0.531250000,-0.203358712633,-0.0965953885005
-0.390625000,-0.531250000,-0.143330915307,-0.0680821847709
-0.375000000,-0.531250000,-0.0842124588565,-0.0400009179569
-0.359375000,-0.531250000,-0.0262693222877,-0.0124779280866
-0.343750000,-0.531250000,0.0302620012768,0.0143744506065
-0.328125000,-0.531250000,0.0851722920991,0.0404568387471
-0.312500000,-0.531250000,0.138277445486,0.0656817866058
-0.296875000,-0.531250000,0.189416377451,0.0899727792891
-0.281250000,-0.531250000,0.238449004484,0.113263277130
-0.265625000,-0.531250000,0.285254302646,0.135495793757
-0.250000000,-0.531250000,0.329728453177,0.156621015259
-0.234375000,-0.531250000,0.371783077981,0.176596962041
-0.218750000,-0.531250000,0.411343569418,0.195388195473
-0.203125000,-0.531250000,0.448347515987,0.212965070094
-0.187500000,-0.531250000,0.482743226934,0.229303032793
-0.171875000,-0.531250000,0.514488357135,0.244381969639
-0.156250000,-0.531250000,0.543548632387,0.258185600384
-0.140625000,-0.531250000,0.569896677281,0.270700921709
-0.125000000,-0.531250000,0.593510944904,0.281917698830
-0.109375000,-0.531250000,0.614374748706,0.291828005635
-0.093750000,-0.531250000,0.632475397513,0.300425813818
-0.078125000,-0.531250000,0.647803432393,0.307706630387
-0.062500000,-0.531250000,0.660351965979,0.313667183840
-0.046875000,-0.531250000,0.670116124066,0.318305158931
-0.031250000,-0.531250000,0.677092588554,0.321618979563
-0.015625000,-0.531250000,0.681279242880,0.323607640368
0.000000000,-0.531250000,0.682674918578,0.324270586324
0.015625000,-0.531250000,0.681279242880,0.323607640368
0.031250000,-0.531250000,0.677092588554,0.321618979563
0.046875000,-0.531250000,0.670116124066,0.318305158931
0.062500000,-0.531250000,0.660351965979,0.313667183840
0.078125000,-0.531250000,0.647803432393,0.307706630387
0.093750000,-0.531250000,0.632475397513,0.300425813818
0.109375000,-0.531250000,0.614374748706,0.291828005635
0.125000000,-0.531250000,0.593510944904,0.281917698830
0.140625000,-0.531250000,0.569896677281,0.270700921709
0.156250000,-0.531250000,0.543548632387,0.258185600384
0.171875000,-0.531250000,0.514488357135,0.244381969639
0.187500000,-0.531250000,0.482743226934,0.229303032793
0.203125000,-0.531250000,0.448347515987,0.212965070094
0.218750000,-0.531250000,0.411343569418,0.195388195473
0.234375000,-0.531250000,0.371783077981,0.176596962041
0.250000000,-0.531250000,0.329728453177,0.156621015259
0.265625000,-0.531250000,0.285254302646,0.135495793757
0.281250000,-0.531250000,0.238449004484,0.113263277130
0.296875000,-0.531250000,0.189416377451,0.0899727792891
0.312500000,-0.531250000,0.138277445486,0.0656817866058
0.328125000,-0.531250000,0.0851722920991,0.0404568387471
0.343750000,-0.531250000,0.0302620012768,0.0143744506065
0.359375000,-0.531250000,-0.0262693222877,-0.0124779280866
0.375000000,-0.531250000,-0.0842124588565,-0.0400009179569
0.390625000,-0.531250000,-0.143330915307,-0.0680821847709
0.406250000,-0.531250000,-0.203358712633,-0.0965953885005
0.421875000,-0.531250000,-0.263998132088,-0.125399112742
0.437500000,-0.531250000,-0.324917436281,-0.154335782233
0.453125000,-0.531250000,-0.385748582247,-0.183230576567
0.468750000,-0.531250000,-0.446084951955,-0.211890352179
0.484375000,-0.531250000,-0.505479123332,-0.240102583583
0.500000000,-0.531250000,-0.563440717154,-0.267634340648
0.515625000,-0.531250000,-0.619434355599,-0.294231318910
0.531250000,-0.531250000,-0.672877779553,-0.319616945288
0.546875000,-0.531250000,-0.723140176402,-0.343491583791
0.562500000,-0.531250000,-0.769540783023,-0.365531871936
0.578125000,-0.531250000,-0.811347838819,-0.385390223439
0.593750000,-0.531250000,-0.847777976993,-0.402694539072
0.609375000,-0.531250000,-0.877996158564,-0.417048175318
0.625000000,-0.531250000,-0.901116273916,-0.428030230110
0.640625000,-0.531250000,-0.916202556109,-0.435196214152
0.656250000,-0.531250000,-0.922271978846,-0.438079189952
0.671875000,-0.531250000,-0.918297842701,-0.436191475283
0.687500000,-0.531250000,-0.903214788519,-0.429027024547
0.703125000,-0.531250000,-0.875925523075,-0.416064623461
0.718750000,-0.531250000,-0.835309591414,-0.396772055922
0.734375000,-0.531250000,-0.780234593311,-0.370611431823
0.750000000,-0.531250000,-0.709570314661,-0.337045899464
0.765625000,-0.531250000,-0.622206331384,-0.295548007407
0.781250000,-0.531250000,-0.517073749692,-0.245610031104
0.796875000,-0.531250000,-0.393171869456,-0.186756637992
0.812500000,-0.531250000,-0.249600712215,-0.118560338302
0.828125000,-0.531250000,-0.0856005321839,-0.0406602527873
0.843750000,-0.531250000,,
0.859375000,-0.531250000,,
0.875000000,-0.531250000,,
0.890625000,-0.531250000,,
0.906250000,-0.531250000,,
0.921875000,-0.531250000,,
0.937500000,-0.531250000,,
0.953125000,-0.531250000,,
0.968750000,-0.531250000,,
0.984375000,-0.531250000,,
1.000000000,-0.531250000,,
-1.000000000,-0.515625000,,
-0.984375000,-0.515625000,,
-0.968750000,-0.515625000,,
-0.953125000,-0.515625000,,
-0.937500000,-0.515625000,,
-0.921875000,-0.515625000,,
-0.906250000,-0.515625000,,
-0.890625000,-0.515625000,,
-0.875000000,-0.515625000,,
-0.859375000,-0.515625000,,
-0.843750000,-0.515625000,,
-0.828125000,-0.515625000,-0.140557428637,-0.0667647786024
-0.812500000,-0.515625000,-0.304018820408,-0.144408939694
-0.796875000,-0.515625000,-0.446422107661,-0.212050501139
-0.781250000,-0.515625000,-0.568671909992,-0.270119157246
-0.765625000,-0.515625000,-0.671790482937,-0.319100479395
-0.750000000,-0.515625000,-0.756881408319,-0.359518668952
-0.734375000,-0.515625000,-0.825099805211,-0.391922407475
-0.718750000,-0.515625000,-0.877628008523,-0.416873304048
-0.703125000,-0.515625000,-0.915655839622,-0.434936523820
-0.687500000,-0.515625000,-0.940364729031,-0.446673246290
-0.671875000,-0.515625000,-0.952915070679,-0.452634658573
-0.656250000,-0.515625000,-0.954436286040,-0.453357235869
-0.640625000,-0.515625000,-0.946019156201,-0.449359099195
-0.625000000,-0.515625000,-0.928710051045,-0.441137274246
-0.609375000,-0.515625000,-0.903506741319,-0.429165702127
-0.593750000,-0.515625000,-0.871355527435,-0.413893875532
-0.578125000,-0.515625000,-0.833149461065,-0.395745994006
-0.562500000,-0.515625000,-0.789727469938,-0.375120548221
-0.546875000,-0.515625000,-0.741874223115,-0.352390255979
-0.531250000,-0.515625000,-0.690320602893,-0.327902286374
-0.515625000,-0.515625000,-0.635744665924,-0.301978716314
-0.500000000,-0.515625000,-0.578772997992,-0.274917174046
-0.484375000,-0.515625000,-0.519982377697,-0.246991629406
-0.468750000,-0.515625000,-0.459901681514,-0.218453298719
-0.453125000,-0.515625000,-0.399013969105,-0.189531635325
-0.437500000,-0.515625000,-0.337758701882,-0.160435383394
-0.421875000,-0.515625000,-0.276534049057,-0.131353673302
-0.406250000,-0.515625000,-0.215699250905,-0.102457144180
-0.390625000,-0.515625000,-0.155577005459,-0.0738990775929
-0.375000000,-0.515625000,-0.0964558561893,-0.0458165316899
-0.359375000,-0.515625000,-0.0385925599734,-0.0183314659874
-0.343750000,-0.515625000,0.0177855828026,0.00844815183121
-0.328125000,-0.515625000,0.0724784484853,0.0344272630305
-0.312500000,-0.515625000,0.125310873819,0.0595226650641
-0.296875000,-0.515625000,0.176130511734,0.0836619930739
-0.281250000,-0.515625000,0.224805766986,0.106782739319
-0.265625000,-0.515625000,0.271223817915,0.128831313510
-0.250000000,-0.515625000,0.315288729352,0.149762146442
-0.234375000,-0.515625000,0.356919660011,0.169536838505
-0.218750000,-0.515625000,0.396049167982,0.188123354791
-0.203125000,-0.515625000,0.432621615764,0.205495267488
-0.187500000,-0.515625000,0.466591677052,0.221631046600
-0.171875000,-0.515625000,0.497922946260,0.236513399473
-0.156250000,-0.515625000,0.526586651395,0.250128659412
-0.140625000,-0.515625000,0.552560469818,0.262466223164
-0.125000000,-0.515625000,0.575827449846,0.273518038677
-0.109375000,-0.515625000,0.596375034127,0.283278141210
-0.093750000,-0.515625000,0.614194188198,0.291742239394
-0.078125000,-0.515625000,0.629278631981,0.298907350191
-0.062500000,-0.515625000,0.641624174949,0.304771483101
-0.046875000,-0.515625000,0.651228153597,0.309333372958
-0.031250000,-0.515625000,0.658088972242,0.312592261815
-0.015625000,-0.515625000,0.662205746075,0.314547729385
0.000000000,-0.515625000,0.663578046078,0.315199571887
0.015625000,-0.515625000,0.662205746075,0.314547729385
0.031250000,-0.515625000,0.658088972242,0.312592261815
0.046875000,-0.515625000,0.651228153597,0.309333372958
0.062500000,-0.515625000,0.641624174949,0.304771483101
0.078125000,-0.515625000,0.629278631981,0.298907350191
0.093750000,-0.515625000,0.614194188198,0.291742239394
0.109375000,-0.515625000,0.596375034127,0.283278141210
0.125000000,-0.515625000,0.575827449846,0.273518038677
0.140625000,-0.515625000,0.552560469818,0.262466223164
0.156250000,-0.515625000,0.526586651395,0.250128659412
0.171875000,-0.515625000,0.497922946260,0.236513399473
0.187500000,-0.515625000,0.466591677052,0.221631046600
0.203125000,-0.515625000,0.432621615764,0.205495267488
0.218750000,-0.515625000,0.396049167982,0.188123354791
0.234375000,-0.515625000,0.356919660011,0.169536838505
0.250000000,-0.515625000,0.315288729352,0.149762146442
0.265625000,-0.515625000,0.271223817915,0.128831313510
0.281250000,-0.515625000,0.224805766986,0.106782739319
0.296875000,-0.515625000,0.176130511734,0.0836619930739
0.312500000,-0.515625000,0.125310873819,0.0595226650641
0.328125000,-0.515625000,0.0724784484853,0.0344272630305
0.343750000,-0.515625000,0.0177855828026,0.00844815183121
0.359375000,-0.515625000,-0.0385925599734,-0.0183314659874
0.375000000,-0.515625000,-0.0964558561893,-0.0458165316899
0.390625000,-0.515625000,-0.155577005459,-0.0738990775929
0.406250000,-0.515625000,-0.215699250905,-0.102457144180
0.421875000,-0.515625000,-0.276534049057,-0.131353673302
0.437500000,-0.515625000,-0.337758701882,-0.160435383394
0.453125000,-0.515625000,-0.399013969105,-0.189531635325
0.468750000,-0.515625000,-0.459901681514,-0.218453298719
0.484375000,-0.515625000,-0.519982377697,-0.246991629406
0.500000000,-0.515625000,-0.578772997992,-0.274917174046
0.515625000,-0.515625000,-0.635744665924,-0.301978716314
0.531250000,-0.515625000,-0.690320602893,-0.327902286374
0.546875000,-0.515625000,-0.741874223115,-0.352390255979
0.562500000,-0.515625000,-0.789727469938,-0.375120548221
0.578125000,-0.515625000,-0.833149461065,-0.395745994006
0.593750000,-0.515625000,-0.871355527435,-0.413893875532
0.609375000,-0.515625000,-0.903506741319,-0.429165702127
0.625000000,-0.515625000,-0.928710051045,-0.441137274246
0.640625000,-0.515625000,-0.946019156201,-0.449359099195
0.656250000,-0.515625000,-0.954436286040,-0.453357235869
0.671875000,-0.515625000,-0.952915070679,-0.452634658573
0.687500000,-0.515625000,-0.940364729031,-0.446673246290
0.703125000,-0.515625000,-0.915655839622,-0.434936523820
0.718750000,-0.515625000,-0.877628008523,-0.416873304048
0.734375000,-0.515625000,-0.825099805211,-0.391922407475
0.750000000,-0.515625000,-0.756881408319,-0.359518668952
0.765625000,-0.515625000,-0.671790482937,-0.319100479395
0.781250000,-0.515625000,-0.568671909992,-0.270119157246
0.796875000,-0.515625000,-0.446422107661,-0.212050501139
0.812500000,-0.515625000,-0.304018820408,-0.144408939694
0.828125000,-0.515625000,-0.140557428637,-0.0667647786024
0.843750000,-0.515625000,,
0.859375000,-0.515625000,,
0.875000000,-0.515625000,,
0.890625000,-0.515625000,,
0.906250000,-0.515625000,,
0.921875000,-0.515625000,,
0.937500000,-0.515625000,,
0.953125000,-0.515625000,,
0.968750000,-0.515625000,,
0.984375000,-0.515625000,,
1.000000000,-0.515625000,,
-1.000000000,-0.500000000,,
-0.984375000,-0.500000000,,
-0.968750000,-0.500000000,,
-0.953125000,-0.500000000,,
-0.937500000,-0.500000000,,
-0.921875000,-0.500000000,,
-0.906250000,-0.500000000,,
-0.890625000,-0.500000000,,
-0.875000000,-0.500000000,,
-0.859375000,-0.500000000,,
-0.843750000,-0.500000000,-0.0125896322160,-0.00598007530260
-0.828125000,-0.500000000,-0.197536007459,-0.0938296035430
-0.812500000,-0.500000000,-0.359990129919,-0.170995311712
-0.796875000,-0.500000000,-0.500849937750,-0.237903720431
-0.781250000,-0.500000000,-0.621151022655,-0.295046735761
-0.765625000,-0.500000000,-0.722025972447,-0.342962336912
-0.750000000,-0.500000000,-0.804670983634,-0.382218717226
-0.734375000,-0.500000000,-0.870318570232,-0.413401320860
-0.718750000,-0.500000000,-0.920215383283,-0.437102307060
-0.703125000,-0.500000000,-0.955604318905,-0.453912051480
-0.687500000,-0.500000000,-0.977710219264,-0.464412354150
-0.671875000,-0.500000000,-0.987728587510,-0.469171079067
-0.656250000,-0.500000000,-0.986816823239,-0.468737991039
-0.640625000,-0.500000000,-0.976087566761,-0.463641594212
-0.625000000,-0.500000000,-0.956603803312,-0.454386806573
-0.609375000,-0.500000000,-0.929375431760,-0.441453330086
-0.593750000,-0.500000000,-0.895357049409,-0.425294598469
-0.578125000,-0.500000000,-0.855446742816,-0.406337202838
-0.562500000,-0.500000000,-0.810485705284,-0.384980710010
-0.546875000,-0.500000000,-0.761258531843,-0.361597802626
-0.531250000,-0.500000000,-0.708494063504,-0.336534680164
-0.515625000,-0.500000000,-0.652866672952,-0.310111669652
-0.500000000,-0.500000000,-0.594997901062,-0.282624003004
-0.484375000,-0.500000000,-0.535458366662,-0.254342724164
-0.468750000,-0.500000000,-0.474769885080,-0.225515695413
-0.453125000,-0.500000000,-0.413407740601,-0.196368676786
-0.437500000,-0.500000000,-0.351803065939,-0.167106456321
-0.421875000,-0.500000000,-0.290345291141,-0.137914013292
-0.406250000,-0.500000000,-0.229384629082,-0.108957698814
-0.390625000,-0.500000000,-0.169234569396,-0.0803864204632
-0.375000000,-0.500000000,-0.110174359897,-0.0523328209509
-0.359375000,-0.500000000,-0.0524514548174,-0.0249144410382
-0.343750000,-0.500000000,0.00371608348690,0.00176513965628
-0.328125000,-0.500000000,0.0581372446455,0.0276151912066
-0.312500000,-0.500000000,0.110645800305,0.0525567551449
-0.296875000,-0.500000000,0.161098113670,0.0765216039932
-0.281250000,-0.500000000,0.209371036061,0.0994512421292
-0.265625000,-0.500000000,0.255359893755,0.121295949533
-0.250000000,-0.500000000,0.298976571093,0.142013871269
-0.234375000,-0.500000000,0.340147693112,0.161570154228
-0.218750000,-0.500000000,0.378812908179,0.179936131385
-0.203125000,-0.500000000,0.414923274948,0.197088555600
-0.187500000,-0.500000000,0.448439752694,0.213008882529
-0.171875000,-0.500000000,0.479331797396,0.227682603763
-0.156250000,-0.500000000,0.507576062360,0.241098629621
-0.140625000,-0.500000000,0.533155205617,0.253248722668
-0.125000000,-0.500000000,0.556056801288,0.264126980612
-0.109375000,-0.500000000,0.576272357615,0.273729369867
-0.093750000,-0.500000000,0.593796438903,0.282053308479
-0.078125000,-0.500000000,0.608625892597,0.289097298984
-0.062500000,-0.500000000,0.620759180456,0.294860610717
-0.046875000,-0.500000000,0.630195812952,0.299343011152
-0.031250000,-0.500000000,0.636935887768,0.302544546690
-0.015625000,-0.500000000,0.640979730656,0.304465372062
0.000000000,-0.500000000,0.642327639454,0.305105628741
0.015625000,-0.500000000,0.640979730656,0.304465372062
0.031250000,-0.500000000,0.636935887768,0.302544546690
0.046875000,-0.500000000,0.630195812952,0.299343011152
0.062500000,-0.500000000,0.620759180456,0.294860610717
0.078125000,-0.500000000,0.608625892597,0.289097298984
0.093750000,-0.500000000,0.593796438903,0.282053308479
0.109375000,-0.500000000,0.576272357615,0.273729369867
0.125000000,-0.500000000,0.556056801288,0.264126980612
0.140625000,-0.500000000,0.533155205617,0.253248722668
0.156250000,-0.500000000,0.507576062360,0.241098629621
0.171875000,-0.500000000,0.479331797396,0.227682603763
0.187500000,-0.500000000,0.448439752694,0.213008882529
0.203125000,-0.500000000,0.414923274948,0.197088555600
0.218750000,-0.500000000,0.378812908179,0.179936131385
0.234375000,-0.500000000,0.340147693112,0.161570154228
0.250000000,-0.500000000,0.298976571093,0.142013871269
0.265625000,-0.500000000,0.255359893755,0.121295949533
0.281250000,-0.500000000,0.209371036061,0.0994512421292
0.296875000,-0.500000000,0.161098113670,0.0765216039932
0.312500000,-0.500000000,0.110645800305,0.0525567551449
0.328125000,-0.500000000,0.0581372446455,0.0276151912066
0.343750000,-0.500000000,0.00371608348690,0.00176513965628
0.359375000,-0.500000000,-0.0524514548174,-0.0249144410382
0.375000000,-0.500000000,-0.110174359897,-0.0523328209509
0.390625000,-0.500000000,-0.169234569396,-0.0803864204632
0.406250000,-0.500000000,-0.229384629082,-0.108957698814
0.421875000,-0.500000000,-0.290345291141,-0.137914013292
0.437500000,-0.500000000,-0.351803065939,-0.167106456321
0.453125000,-0.500000000,-0.413407740601,-0.196368676786
0.468750000,-0.500000000,-0.474769885080,-0.225515695413
0.484375000,-0.500000000,-0.535458366662,-0.254342724164
0.500000000,-0.500000000,-0.594997901062,-0.282624003004
0.515625000,-0.500000000,-0.652866672952,-0.310111669652
0.531250000,-0.500000000,-0.708494063504,-0.336534680164
0.546875000,-0.500000000,-0.761258531843,-0.361597802626
0.562500000,-0.500000000,-0.810485705284,-0.384980710010
0.578125000,-0.500000000,-0.855446742816,-0.406337202838
0.593750000,-0.500000000,-0.895357049409,-0.425294598469
0.609375000,-0.500000000,-0.929375431760,-0.441453330086
0.625000000,-0.500000000,-0.956603803312,-0.454386806573
0.640625000,-0.500000000,-0.976087566761,-0.463641594212
0.656250000,-0.500000000,-0.986816823239,-0.468737991039
0.671875000,-0.500000000,-0.987728587510,-0.469171079067
0.687500000,-0.500000000,-0.977710219264,-0.464412354150
0.703125000,-0.500000000,-0.955604318905,-0.453912051480
0.718750000,-0.500000000,-0.920215383283,-0.437102307060
0.734375000,-0.500000000,-0.870318570232,-0.413401320860
0.750000000,-0.500000000,-0.804670983634,-0.382218717226
0.765625000,-0.500000000,-0.722025972447,-0.342962336912
0.781250000,-0.500000000,-0.621151022655,-0.295046735761
0.796875000,-0.500000000,-0.500849937750,-0.237903720431
0.812500000,-0.500000000,-0.359990129919,-0.170995311712
0.828125000,-0.500000000,-0.197536007459,-0.0938296035430
0.843750000,-0.500000000,-0.0125896322160,-0.00598007530260
0.859375000,-0.500000000,,
0.875000000,-0.500000000,,
0.890625000,-0.500000000,,
0.906250000,-0.500000000,,
0.921875000,-0.500000000,,
0.937500000,-0.500000000,,
0.953125000,-0.500000000,,
0.968750000,-0.500000000,,
0.984375000,-0.500000000,,
1.000000000,-0.500000000,,
-1.000000000,-0.484375000,,
-0.984375000,-0.484375000,,
-0.968750000,-0.484375000,,
-0.953125000,-0.484375000,,
-0.937500000,-0.484375000,,
-0.921875000,-0.484375000,,
-0.906250000,-0.484375000,,
-0.890625000,-0.484375000,,
-0.875000000,-0.484375000,,
-0.859375000,-0.484375000,0.136581048639,0.0648759981037
-0.843750000,-0.484375000,-0.0715350577428,-0.0339791524278
-0.828125000,-0.484375000,-0.255686366026,-0.121451023862
-0.812500000,-0.484375000,-0.416750074867,-0.197956285562
-0.796875000,-0.484375000,-0.555764693788,-0.263988229549
-0.781250000,-0.484375000,-0.673884375614,-0.320095078416
-0.765625000,-0.484375000,-0.772341384515,-0.366862157645
-0.750000000,-0.484375000,-0.852415378983,-0.404897305017
-0.734375000,-0.484375000,-0.915408404570,-0.434818992171
-0.718750000,-0.484375000,-0.962624672790,-0.457246719575
-0.703125000,-0.484375000,-0.995354350360,-0.472793316421
-0.687500000,-0.484375000,-1.01486070783,-0.482058836218
-0.671875000,-0.484375000,-1.02237007983,-0.485625787919
-0.656250000,-0.484375000,-1.01906417641,-0.484055483797
-0.640625000,-0.484375000,-1.00607435587,-0.477885319037
-0.625000000,-0.484375000,-0.984477531641,-0.467626827530
-0.609375000,-0.484375000,-0.955293436815,-0.453764382487
-0.593750000,-0.484375000,-0.919483011954,-0.436754430678
-0.578125000,-0.484375000,-0.877947718016,-0.417025166058
-0.562500000,-0.484375000,-0.831529608774,-0.394976564168
-0.546875000,-0.484375000,-0.781012020148,-0.370980709570
-0.531250000,-0.484375000,-0.727120757299,-0.345382359717
-0.515625000,-0.484375000,-0.670525679254,-0.318499697645
-0.500000000,-0.484375000,-0.611842594702,-0.290625232484
-0.484375000,-0.484375000,-0.551635399064,-0.262026814555
-0.468750000,-0.484375000,-0.490418388693,-0.232948734629
-0.453125000,-0.484375000,-0.428658705998,-0.203612885349
-0.437500000,-0.484375000,-0.366778868034,-0.174219962316
-0.421875000,-0.484375000,-0.305159345708,-0.144950689211
-0.406250000,-0.484375000,-0.244141162363,-0.115967052122
-0.390625000,-0.484375000,-0.184028486600,-0.0874135311348
-0.375000000,-0.484375000,-0.125091199350,-0.0594183196914
-0.359375000,-0.484375000,-0.0675674167790,-0.0320945229700
-0.343750000,-0.484375000,-0.0116659565670,-0.00554132936932
-0.328125000,-0.484375000,0.0424312656237,0.0201548511713
-0.312500000,-0.484375000,0.0945669179253,0.0449192860145
-0.296875000,-0.484375000,0.144606019815,0.0686878594120
-0.281250000,-0.484375000,0.192433801607,0.0914060557632
-0.265625000,-0.484375000,0.237953660544,0.113027988758
-0.250000000,-0.484375000,0.281085216715,0.133515477940
-0.234375000,-0.484375000,0.321762472264,0.152837174325
-0.218750000,-0.484375000,0.359932074392,0.170967735336
-0.203125000,-0.484375000,0.395551685307,0.187887050521
-0.187500000,-0.484375000,0.428588458136,0.203579517615
-0.171875000,-0.484375000,0.459017620544,0.218033369758
-0.156250000,-0.484375000,0.486821165171,0.231240053456
-0.140625000,-0.484375000,0.511986647748,0.243193657681
-0.125000000,-0.484375000,0.534506092081,0.253890393738
-0.109375000,-0.484375000,0.554375000938,0.263328125446
-0.093750000,-0.484375000,0.571591473497,0.271505949911
-0.078125000,-0.484375000,0.586155428318,0.278423828451
-0.062500000,-0.484375000,0.598067930683,0.284082267074
-0.046875000,-0.484375000,0.607330624903,0.288482046829
-0.031250000,-0.484375000,0.614106029891,0.291700364198
-0.015625000,-0.484375000,0.617918827576,0.293511443099
0.000000000,-0.484375000,0.619252933089,0.294145143217
0.015625000,-0.484375000,0.617918827576,0.293511443099
0.031250000,-0.484375000,0.614106029891,0.291700364198
0.046875000,-0.484375000,0.607330624903,0.288482046829
0.062500000,-0.484375000,0.598067930683,0.284082267074
0.078125000,-0.484375000,0.586155428318,0.278423828451
0.093750000,-0.484375000,0.571591473497,0.271505949911
0.109375000,-0.484375000,0.554375000938,0.263328125446
0.125000000,-0.484375000,0.534506092081,0.253890393738
0.140625000,-0.484375000,0.511986647748,0.243193657681
0.156250000,-0.484375000,0.486821165171,0.231240053456
0.171875000,-0.484375000,0.459017620544,0.218033369758
0.187500000,-0.484375000,0.428588458136,0.203579517615
0.203125000,-0.484375000,0.395551685307,0.187887050521
0.218750000,-0.484375000,0.359932074392,0.170967735336
0.234375000,-0.484375000,0.321762472264,0.152837174325
0.250000000,-0.484375000,0.281085216715,0.133515477940
0.265625000,-0.484375000,0.237953660544,0.113027988758
0.281250000,-0.484375000,0.192433801607,0.0914060557632
0.296875000,-0.484375000,0.144606019815,0.0686878594120
0.312500000,-0.484375000,0.0945669179253,0.0449192860145
0.328125000,-0.484375000,0.0424312656237,0.0201548511713
0.343750000,-0.484375000,-0.0116659565670,-0.00554132936932
0.359375000,-0.484375000,-0.0675674167790,-0.0320945229700
0.375000000,-0.484375000,-0.125091199350,-0.0594183196914
0.390625000,-0.484375000,-0.184028486600,-0.0874135311348
0.406250000,-0.484375000,-0.244141162363,-0.115967052122
0.421875000,-0.484375000,-0.305159345708,-0.144950689211
0.437500000,-0.484375000,-0.366778868034,-0.174219962316
0.453125000,-0.484375000,-0.428658705998,-0.203612885349
0.468750000,-0.484375000,-0.490418388693,-0.232948734629
0.484375000,-0.484375000,-0.551635399064,-0.262026814555
0.500000000,-0.484375000,-0.611842594702,-0.290625232484
0.515625000,-0.484375000,-0.670525679254,-0.318499697645
0.531250000,-0.484375000,-0.727120757299,-0.345382359717
0.546875000,-0.484375000,-0.781012020148,-0.370980709570
0.562500000,-0.484375000,-0.831529608774,-0.394976564168
0.578125000,-0.484375000,-0.877947718016,-0.417025166058
0.593750000,-0.484375000,-0.919483011954,-0.436754430678
0.609375000,-0.484375000,-0.955293436815,-0.453764382487
0.625000000,-0.484375000,-0.984477531641,-0.467626827530
0.640625000,-0.484375000,-1.00607435587,-0.477885319037
0.656250000,-0.484375000,-1.01906417641,-0.484055483797
0.671875000,-0.484375000,-1.02237007983,-0.485625787919
0.687500000,-0.484375000,-1.01486070783,-0.482058836218
0.703125000,-0.484375000,-0.995354350360,-0.472793316421
0.718750000,-0.484375000,-0.962624672790,-0.457246719575
0.734375000,-0.484375000,-0.915408404570,-0.434818992171
0.750000000,-0.484375000,-0.852415378983,-0.404897305017
0.765625000,-0.484375000,-0.772341384515,-0.366862157645
0.781250000,-0.484375000,-0.673884375614,-0.320095078416
0.796875000,-0.484375000,-0.555764693788,-0.263988229549
0.812500000,-0.484375000,-0.416750074867,-0.197956285562
0.828125000,-0.484375000,-0.255686366026,-0.121451023862
0.843750000,-0.484375000,-0.0715350577428,-0.0339791524278
0.859375000,-0.484375000,0.136581048639,0.0648759981037
0.875000000,-0.484375000,,
0.890625000,-0.484375000,,
0.906250000,-0.484375000,,
0.921875000,-0.484375000,,
0.937500000,-0.484375000,,
0.953125000,-0.484375000,,
0.968750000,-0.484375000,,
0.984375000,-0.484375000,,
1.000000000,-0.484375000,,
-1.000000000,-0.468750000,,
-0.984375000,-0.468750000,,
-0.968750000,-0.468750000,,
-0.953125000,-0.468750000,,
-0.937500000,-0.468750000,,
-0.921875000,-0.468750000,,
-0.906250000,-0.468750000,,
-0.890625000,-0.468750000,,
-0.875000000,-0.468750000,,
-0.859375000,-0.468750000,0.0763132522645,0.0362487948256
-0.843750000,-0.468750000,-0.131278317660,-0.0623572008884
-0.828125000,-0.468750000,-0.314242818858,-0.149265338958
-0.812500000,-0.468750000,-0.473608604966,-0.224964087359
-0.796875000,-0.468750000,-0.610541821780,-0.290007365346
-0.781250000,-0.468750000,-0.726304090799,-0.344994443129
-0.765625000,-0.468750000,-0.822217836685,-0.390553472425
-0.750000000,-0.468750000,-0.899638013798,-0.427328056554
-0.734375000,-0.468750000,-0.959929191264,-0.455966365850
-0.718750000,-0.468750000,-1.00444712742,-0.477112385526
-0.703125000,-0.468750000,-1.03452410165,-0.491398948285
-0.687500000,-0.468750000,-1.05145739071,-0.499442260589
-0.671875000,-0.468750000,-1.05650037350,-0.501837677412
-0.656250000,-0.468750000,-1.05085583004,-0.499156519270
-0.640625000,-0.468750000,-1.03567106800,-0.491943757300
-0.625000000,-0.468750000,-1.01203456889,-0.480716420222
-0.609375000,-0.468750000,-0.980973891962,-0.465962598682
-0.593750000,-0.468750000,-0.943454617359,-0.448140943246
-0.578125000,-0.468750000,-0.900380140890,-0.427680566923
-0.562500000,-0.468750000,-0.852592164539,-0.404981278156
-0.546875000,-0.468750000,-0.800871749975,-0.380414081238
-0.531250000,-0.468750000,-0.745940821600,-0.354321890260
-0.515625000,-0.468750000,-0.688464027242,-0.327020412940
-0.500000000,-0.468750000,-0.629050873051,-0.298799164699
-0.484375000,-0.468750000,-0.568258069424,-0.269922582976
-0.468750000,-0.468750000,-0.506592027933,-0.240631213268
-0.453125000,-0.468750000,-0.444511463336,-0.211142945085
-0.437500000,-0.468750000,-0.382430061555,-0.181654279239
-0.421875000,-0.468750000,-0.320719177967,-0.152341609534
-0.406250000,-0.468750000,-0.259710541233,-0.123362507086
-0.390625000,-0.468750000,-0.199698936644,-0.0948569949059
-0.375000000,-0.468750000,-0.140944852319,-0.0669488048516
-0.359375000,-0.468750000,-0.0836770710885,-0.0397466087670
-0.343750000,-0.468750000,-0.0280951956732,-0.0133452179447
-0.328125000,-0.468750000,0.0256279025714,0.0121732537214
-0.312500000,-0.468750000,0.0773437209533,0.0367382674528
-0.296875000,-0.468750000,0.126925854552,0.0602897809123
-0.281250000,-0.468750000,0.174267822056,0.0827772154768
-0.265625000,-0.468750000,0.219280993809,0.104158472059
-0.250000000,-0.468750000,0.261892622564,0.124398995718
-0.234375000,-0.468750000,0.302043981607,0.143470891263
-0.218750000,-0.468750000,0.339688610402,0.161352089941
-0.203125000,-0.468750000,0.374790668376,0.178025567479
-0.187500000,-0.468750000,0.407323398262,0.193478614175
-0.171875000,-0.468750000,0.437267698448,0.207702156763
-0.156250000,-0.468750000,0.464610804656,0.220690132211
-0.140625000,-0.468750000,0.489345079695,0.232438912855
-0.125000000,-0.468750000,0.511466912232,0.242946783310
-0.109375000,-0.468750000,0.530975722147,0.252213468020
-0.093750000,-0.468750000,0.547873074115,0.260239710205
-0.078125000,-0.468750000,0.562161895822,0.267026900516
-0.062500000,-0.468750000,0.573990064652,0.272645280710
-0.046875000,-0.468750000,0.582902706863,0.276878785760
-0.031250000,-0.468750000,0.589439598076,0.279983809086
-0.015625000,-0.468750000,0.593351475334,0.281841950783
0.000000000,-0.468750000,0.594653719877,0.282460516942
0.015625000,-0.468750000,0.593351475334,0.281841950783
0.031250000,-0.468750000,0.589439598076,0.279983809086
0.046875000,-0.468750000,0.582902706863,0.276878785760
0.062500000,-0.468750000,0.573990064652,0.272645280710
0.078125000,-0.468750000,0.562161895822,0.267026900516
0.093750000,-0.468750000,0.547873074115,0.260239710205
0.109375000,-0.468750000,0.530975722147,0.252213468020
0.125000000,-0.468750000,0.511466912232,0.242946783310
0.140625000,-0.468750000,0.489345079695,0.232438912855
0.156250000,-0.468750000,0.464610804656,0.220690132211
0.171875000,-0.468750000,0.437267698448,0.207702156763
0.187500000,-0.468750000,0.407323398262,0.193478614175
0.203125000,-0.468750000,0.374790668376,0.178025567479
0.218750000,-0.468750000,0.339688610402,0.161352089941
0.234375000,-0.468750000,0.302043981607,0.143470891263
0.250000000,-0.468750000,0.261892622564,0.124398995718
0.265625000,-0.468750000,0.219280993809,0.104158472059
0.281250000,-0.468750000,0.174267822056,0.0827772154768
0.296875000,-0.468750000,0.126925854552,0.0602897809123
0.312500000,-0.468750000,0.0773437209533,0.0367382674528
0.328125000,-0.468750000,0.0256279025714,0.0121732537214
0.343750000,-0.468750000,-0.0280951956732,-0.0133452179447
0.359375000,-0.468750000,-0.0836770710885,-0.0397466087670
0.375000000,-0.468750000,-0.140944852319,-0.0669488048516
0.390625000,-0.468750000,-0.199698936644,-0.0948569949059
0.406250000,-0.468750000,-0.259710541233,-0.123362507086
0.421875000,-0.468750000,-0.320719177967,-0.152341609534
0.437500000,-0.468750000,-0.382430061555,-0.181654279239
0.453125000,-0.468750000,-0.444511463336,-0.211142945085
0.468750000,-0.468750000,-0.506592027933,-0.240631213268
0.484375000,-0.468750000,-0.568258069424,-0.269922582976
0.500000000,-0.468750000,-0.629050873051,-0.298799164699
0.515625000,-0.468750000,-0.688464027242,-0.327020412940
0.531250000,-0.468750000,-0.745940821600,-0.354321890260
0.546875000,-0.468750000,-0.800871749975,-0.380414081238
0.562500000,-0.468750000,-0.852592164539,-0.404981278156
0.578125000,-0.468750000,-0.900380140890,-0.427680566923
0.593750000,-0.468750000,-0.943454617359,-0.448140943246
0.609375000,-0.468750000,-0.980973891962,-0.465962598682
0.625000000,-0.468750000,-1.01203456889,-0.480716420222
0.640625000,-0.468750000,-1.03567106800,-0.491943757300
0.656250000,-0.468750000,-1.05085583004,-0.499156519270
0.671875000,-0.468750000,-1.05650037350,-0.501837677412
0.687500000,-0.468750000,-1.05145739071,-0.499442260589
0.703125000,-0.468750000,-1.03452410165,-0.491398948285
0.718750000,-0.468750000,-1.00444712742,-0.477112385526
0.734375000,-0.468750000,-0.959929191264,-0.455966365850
0.750000000,-0.468750000,-0.899638013798,-0.427328056554
0.765625000,-0.468750000,-0.822217836685,-0.390553472425
0.781250000,-0.468750000,-0.726304090799,-0.344994443129
0.796875000,-0.468750000,-0.610541821780,-0.290007365346
0.812500000,-0.468750000,-0.473608604966,-0.224964087359
0.828125000,-0.468750000,-0.314242818858,-0.149265338958
0.843750000,-0.468750000,-0.131278317660,-0.0623572008884
0.859375000,-0.468750000,0.0763132522645,0.0362487948256
0.875000000,-0.468750000,,
0.890625000,-0.468750000,,
0.906250000,-0.468750000,,
0.921875000,-0.468750000,,
0.937500000,-0.468750000,,
0.953125000,-0.468750000,,
0.968750000,-0.468750000,,
0.984375000,-0.468750000,,
1.000000000,-0.468750000,,
-1.000000000,-0.453125000,,
-0.984375000,-0.453125000,,
-0.968750000,-0.453125000,,
-0.953125000,-0.453125000,,
-0.937500000,-0.453125000,,
-0.921875000,-0.453125000,,
-0.906250000,-0.453125000,,
-0.890625000,-0.453125000,,
-0.875000000,-0.453125000,0.248484218848,0.118030003953
-0.859375000,-0.453125000,0.0156147694427,0.00741701548528
-0.843750000,-0.453125000,-0.191050805707,-0.0907491327109
-0.828125000,-0.453125000,-0.372514429751,-0.176944354132
-0.812500000,-0.453125000,-0.529942088787,-0.251722492174
-0.796875000,-0.453125000,-0.664615982863,-0.315692591860
-0.781250000,-0.453125000,-0.777895278324,-0.369500257204
-0.765625000,-0.453125000,-0.871184054122,-0.413812425708
-0.750000000,-0.453125000,-0.945905268758,-0.449305002660
-0.734375000,-0.453125000,-1.00347976547,-0.476652888598
-0.718750000,-0.453125000,-1.04530949460,-0.496522009937
-0.703125000,-0.453125000,-1.07276426260,-0.509563024737
-0.687500000,-0.453125000,-1.08717142922,-0.516406428878
-0.671875000,-0.453125000,-1.08980806457,-0.517658830671
-0.656250000,-0.453125000,-1.08189515756,-0.513900199842
-0.640625000,-0.453125000,-1.06459352902,-0.505681926285
-0.625000000,-0.453125000,-1.03900115791,-0.493525550010
-0.609375000,-0.453125000,-1.00615167607,-0.477922046132
-0.593750000,-0.453125000,-0.967013822810,-0.459331565835
-0.578125000,-0.453125000,-0.922491684747,-0.438183550255
-0.562500000,-0.453125000,-0.873425572275,-0.414877146830
-0.546875000,-0.453125000,-0.820593409246,-0.389781869392
-0.531250000,-0.453125000,-0.764712528670,-0.363238451118
-0.515625000,-0.453125000,-0.706441787109,-0.335559848877
-0.500000000,-0.453125000,-0.646383922245,-0.307032363067
-0.484375000,-0.453125000,-0.585088091294,-0.277916843365
-0.468750000,-0.453125000,-0.523052535983,-0.248449954592
-0.453125000,-0.453125000,-0.460727331308,-0.218845482371
-0.437500000,-0.453125000,-0.398517181007,-0.189295660978
-0.421875000,-0.453125000,-0.336784226661,-0.159972507664
-0.406250000,-0.453125000,-0.275850848385,-0.131029152983
-0.390625000,-0.453125000,-0.216002431936,-0.102601155170
-0.375000000,-0.453125000,-0.157490088155,-0.0748077918734
-0.359375000,-0.453125000,-0.100533307705,-0.0477533211597
-0.343750000,-0.453125000,-0.0453225418724,-0.0215282073894
-0.328125000,-0.453125000,0.00797830201918,0.00378969345911
-0.312500000,-0.453125000,0.0592294562640,0.0281339917254
-0.296875000,-0.453125000,0.108312986664,0.0514486686655
-0.281250000,-0.453125000,0.155130588127,0.0736870293602
-0.265625000,-0.453125000,0.199601485748,0.0948107057305
-0.250000000,-0.453125000,0.241660444246,0.114788711017
-0.234375000,-0.453125000,0.281255886260,0.133596545974
-0.218750000,-0.453125000,0.318348121522,0.151215357723
-0.203125000,-0.453125000,0.352907687484,0.167631151555
-0.187500000,-0.453125000,0.384913800226,0.182834055107
-0.171875000,-0.453125000,0.414352917896,0.196817636000
-0.156250000,-0.453125000,0.441217412934,0.209578271144
-0.140625000,-0.453125000,0.465504355909,0.221114569057
-0.125000000,-0.453125000,0.487214408376,0.231426843978
-0.109375000,-0.453125000,0.506350823350,0.240516641091
-0.093750000,-0.453125000,0.522918554938,0.248386313596
-0.078125000,-0.453125000,0.537048562070,0.255098066983
-0.062500000,-0.453125000,0.548469926765,0.260523215213
-0.046875000,-0.453125000,0.557274762224,0.264705512056
-0.031250000,-0.453125000,0.563658275827,0.267737681018
-0.015625000,-0.453125000,0.567477728156,0.269551920874
0.000000000,-0.453125000,0.568749098007,0.270155821553
0.015625000,-0.453125000,0.567477728156,0.269551920874
0.031250000,-0.453125000,0.563658275827,0.267737681018
0.046875000,-0.453125000,0.557274762224,0.264705512056
0.062500000,-0.453125000,0.548469926765,0.260523215213
0.078125000,-0.453125000,0.537048562070,0.255098066983
0.093750000,-0.453125000,0.522918554938,0.248386313596
0.109375000,-0.453125000,0.506350823350,0.240516641091
0.125000000,-0.453125000,0.487214408376,0.231426843978
0.140625000,-0.453125000,0.465504355909,0.221114569057
0.156250000,-0.453125000,0.441217412934,0.209578271144
0.171875000,-0.453125000,0.414352917896,0.196817636000
0.187500000,-0.453125000,0.384913800226,0.182834055107
0.203125000,-0.453125000,0.352907687484,0.167631151555
0.218750000,-0.453125000,0.318348121522,0.151215357723
0.234375000,-0.453125000,0.281255886260,0.133596545974
0.250000000,-0.453125000,0.241660444246,0.114788711017
0.265625000,-0.453125000,0.199601485748,0.0948107057305
0.281250000,-0.453125000,0.155130588127,0.0736870293602
0.296875000,-0.453125000,0.108312986664,0.0514486686655
0.312500000,-0.453125000,0.0592294562640,0.0281339917254
0.328125000,-0.453125000,0.00797830201918,0.00378969345911
0.343750000,-0.453125000,-0.0453225418724,-0.0215282073894
0.359375000,-0.453125000,-0.100533307705,-0.0477533211597
0.375000000,-0.453125000,-0.157490088155,-0.0748077918734
0.390625000,-0.453125000,-0.216002431936,-0.102601155170
0.406250000,-0.453125000,-0.275850848385,-0.131029152983
0.421875000,-0.453125000,-0.336784226661,-0.159972507664
0.437500000,-0.453125000,-0.398517181007,-0.189295660978
0.453125000,-0.453125000,-0.460727331308,-0.218845482371
0.468750000,-0.453125000,-0.523052535983,-0.248449954592
0.484375000,-0.453125000,-0.585088091294,-0.277916843365
0.500000000,-0.453125000,-0.646383922245,-0.307032363067
0.515625000,-0.453125000,-0.706441787109,-0.335559848877
0.531250000,-0.453125000,-0.764712528670,-0.363238451118
0.546875000,-0.453125000,-0.820593409246,-0.389781869392
0.562500000,-0.453125000,-0.873425572275,-0.414877146830
0.578125000,-0.453125000,-0.922491684747,-0.438183550255
0.593750000,-0.453125000,-0.967013822810,-0.459331565835
0.609375000,-0.453125000,-1.00615167607,-0.477922046132
0.625000000,-0.453125000,-1.03900115791,-0.493525550010
0.640625000,-0.453125000,-1.06459352902,-0.505681926285
0.656250000,-0.453125000,-1.08189515756,-0.513900199842
0.671875000,-0.453125000,-1.08980806457,-0.517658830671
0.687500000,-0.453125000,-1.08717142922,-0.516406428878
0.703125000,-0.453125000,-1.07276426260,-0.509563024737
0.718750000,-0.453125000,-1.04530949460,-0.496522009937
0.734375000,-0.453125000,-1.00347976547,-0.476652888598
0.750000000,-0.453125000,-0.945905268758,-0.449305002660
0.765625000,-0.453125000,-0.871184054122,-0.413812425708
0.781250000,-0.453125000,-0.777895278324,-0.369500257204
0.796875000,-0.453125000,-0.664615982863,-0.315692591860
0.812500000,-0.453125000,-0.529942088787,-0.251722492174
0.828125000,-0.453125000,-0.372514429751,-0.176944354132
0.843750000,-0.453125000,-0.191050805707,-0.0907491327109
0.859375000,-0.453125000,0.0156147694427,0.00741701548528
0.875000000,-0.453125000,0.248484218848,0.118030003953
0.890625000,-0.453125000,,
0.906250000,-0.453125000,,
0.921875000,-0.453125000,,
0.937500000,-0.453125000,,
0.953125000,-0.453125000,,
0.968750000,-0.453125000,,
0.984375000,-0.453125000,,
1.000000000,-0.453125000,,
-1.000000000,-0.437500000,,
-0.984375000,-0.437500000,,
-0.968750000,-0.437500000,,
-0.953125000,-0.437500000,,
-0.937500000,-0.437500000,,
-0.921875000,-0.437500000,,
-0.906250000,-0.437500000,,
-0.890625000,-0.437500000,,
-0.875000000,-0.437500000,0.187527902308,0.0890757535963
-0.859375000,-0.437500000,-0.0447408538523,-0.0212519055799
-0.843750000,-0.437500000,-0.250158984299,-0.118825517542
-0.828125000,-0.437500000,-0.429877042982,-0.204191595416
-0.812500000,-0.437500000,-0.585186518279,-0.277963596182
-0.796875000,-0.437500000,-0.717475283388,-0.340800759609
-0.781250000,-0.437500000,-0.828191161881,-0.393390801893
-0.765625000,-0.437500000,-0.918812277695,-0.436435831905
-0.750000000,-0.437500000,-0.990823078345,-0.470640962214
-0.734375000,-0.437500000,-1.04569510528,-0.496705175006
-0.718750000,-0.437500000,-1.08487173111,-0.515314072275
-0.703125000,-0.437500000,-1.10975621316,-0.527134201250
-0.687500000,-0.437500000,-1.12170251375,-0.532808694030
-0.671875000,-0.437500000,-1.12200842855,-0.532954003563
-0.656250000,-0.437500000,-1.11191063199,-0.528157550193
-0.640625000,-0.437500000,-1.09258131643,-0.518976125303
-0.625000000,-0.437500000,-1.06512614703,-0.505934919840
-0.609375000,-0.437500000,-1.03058330119,-0.489527068067
-0.593750000,-0.437500000,-0.989923396291,-0.470213613238
-0.578125000,-0.437500000,-0.944050140679,-0.448423816822
-0.562500000,-0.437500000,-0.893801567568,-0.424555744595
-0.546875000,-0.437500000,-0.839951735503,-0.398977074364
-0.531250000,-0.437500000,-0.783212795002,-0.372026077626
-0.515625000,-0.437500000,-0.724237338264,-0.344012735675
-0.500000000,-0.437500000,-0.663620962560,-0.315219957216
-0.484375000,-0.437500000,-0.601904986648,-0.285904868658
-0.468750000,-0.437500000,-0.539579272260,-0.256300154323
-0.453125000,-0.437500000,-0.477085108393,-0.226615426486
-0.437500000,-0.437500000,-0.414818124316,-0.197038609050
-0.421875000,-0.437500000,-0.353131202653,-0.167737321260
-0.406250000,-0.437500000,-0.292337368036,-0.138860249817
-0.390625000,-0.437500000,-0.232712633336,-0.110538500835
-0.375000000,-0.437500000,-0.174498785081,-0.0828869229134
-0.359375000,-0.437500000,-0.117906098153,-0.0560053966229
-0.343750000,-0.437500000,-0.0631159659877,-0.0299800838442
-0.328125000,-0.437500000,-0.0102834406161,-0.00488463429263
-0.312500000,-0.437500000,0.0404603257828,0.0192186547468
-0.296875000,-0.437500000,0.0890057420210,0.0422777274600
-0.281250000,-0.437500000,0.135262545558,0.0642497091401
-0.265625000,-0.437500000,0.179157680038,0.0850998980181
-0.250000000,-0.437500000,0.220633283686,0.104800809751
-0.234375000,-0.437500000,0.259644790759,0.123331275610
-0.218750000,-0.437500000,0.296159145893,0.140675594299
-0.203125000,-0.437500000,0.330153131852,0.156822737630
-0.187500000,-0.437500000,0.361611810989,0.171765610220
-0.171875000,-0.437500000,0.390527078522,0.185500362298
-0.156250000,-0.437500000,0.416896328679,0.198025756123
-0.140625000,-0.437500000,0.440721232206,0.209342585298
-0.125000000,-0.437500000,0.462006623460,0.219453146143
-0.109375000,-0.437500000,0.480759498129,0.228360761611
-0.093750000,-0.437500000,0.497107256484,0.236125946830
-0.078125000,-0.437500000,0.510788319040,0.242624451544
-0.062500000,-0.437500000,0.521854617585,0.247880943353
-0.046875000,-0.437500000,0.530622502291,0.252045688588
-0.031250000,-0.437500000,0.536857785218,0.255007447978
-0.015625000,-0.437500000,0.540587909715,0.256779257115
0.000000000,-0.437500000,0.541829438774,0.257368983418
0.015625000,-0.437500000,0.540587909715,0.256779257115
0.031250000,-0.437500000,0.536857785218,0.255007447978
0.046875000,-0.437500000,0.530622502291,0.252045688588
0.062500000,-0.437500000,0.521854617585,0.247880943353
0.078125000,-0.437500000,0.510788319040,0.242624451544
0.093750000,-0.437500000,0.497107256484,0.236125946830
0.109375000,-0.437500000,0.480759498129,0.228360761611
0.125000000,-0.437500000,0.462006623460,0.219453146143
0.140625000,-0.437500000,0.440721232206,0.209342585298
0.156250000,-0.437500000,0.416896328679,0.198025756123
0.171875000,-0.437500000,0.390527078522,0.185500362298
0.187500000,-0.437500000,0.361611810989,0.171765610220
0.203125000,-0.437500000,0.330153131852,0.156822737630
0.218750000,-0.437500000,0.296159145893,0.140675594299
0.234375000,-0.437500000,0.259644790759,0.123331275610
0.250000000,-0.437500000,0.220633283686,0.104800809751
0.265625000,-0.437500000,0.179157680038,0.0850998980181
0.281250000,-0.437500000,0.135262545558,0.0642497091401
0.296875000,-0.437500000,0.0890057420210,0.0422777274600
0.312500000,-0.437500000,0.0404603257828,0.0192186547468
0.328125000,-0.437500000,-0.0102834406161,-0.00488463429263
0.343750000,-0.437500000,-0.0631159659877,-0.0299800838442
0.359375000,-0.437500000,-0.117906098153,-0.0560053966229
0.375000000,-0.437500000,-0.174498785081,-0.0828869229134
0.390625000,-0.437500000,-0.232712633336,-0.110538500835
0.406250000,-0.437500000,-0.292337368036,-0.138860249817
0.421875000,-0.437500000,-0.353131202653,-0.167737321260
0.437500000,-0.437500000,-0.414818124316,-0.197038609050
0.453125000,-0.437500000,-0.477085108393,-0.226615426486
0.468750000,-0.437500000,-0.539579272260,-0.256300154323
0.484375000,-0.437500000,-0.601904986648,-0.285904868658
0.500000000,-0.437500000,-0.663620962560,-0.315219957216
0.515625000,-0.437500000,-0.724237338264,-0.344012735675
0.531250000,-0.437500000,-0.783212795002,-0.372026077626
0.546875000,-0.437500000,-0.839951735503,-0.398977074364
0.562500000,-0.437500000,-0.893801567568,-0.424555744595
0.578125000,-0.437500000,-0.944050140679,-0.448423816822
0.593750000,-0.437500000,-0.989923396291,-0.470213613238
0.609375000,-0.437500000,-1.03058330119,-0.489527068067
0.625000000,-0.437500000,-1.06512614703,-0.505934919840
0.640625000,-0.437500000,-1.09258131643,-0.518976125303
0.656250000,-0.437500000,-1.11191063199,-0.528157550193
0.671875000,-0.437500000,-1.12200842855,-0.532954003563
0.687500000,-0.437500000,-1.12170251375,-0.532808694030
0.703125000,-0.437500000,-1.10975621316,-0.527134201250
0.718750000,-0.437500000,-1.08487173111,-0.515314072275
0.734375000,-0.437500000,-1.04569510528,-0.496705175006
0.750000000,-0.437500000,-0.990823078345,-0.470640962214
0.765625000,-0.437500000,-0.918812277695,-0.436435831905
0.781250000,-0.437500000,-0.828191161881,-0.393390801893
0.796875000,-0.437500000,-0.717475283388,-0.340800759609
0.812500000,-0.437500000,-0.585186518279,-0.277963596182
0.828125000,-0.437500000,-0.429877042982,-0.204191595416
0.843750000,-0.437500000,-0.250158984299,-0.118825517542
0.859375000,-0.437500000,-0.0447408538523,-0.0212519055799
0.875000000,-0.437500000,0.187527902308,0.0890757535963
0.890625000,-0.437500000,,
0.906250000,-0.437500000,,
0.921875000,-0.437500000,,
0.937500000,-0.437500000,,
0.953125000,-0.437500000,,
0.968750000,-0.437500000,,
0.984375000,-0.437500000,,
1.000000000,-0.437500000,,
-1.000000000,-0.421875000,,
-0.984375000,-0.421875000,,
-0.968750000,-0.421875000,,
-0.953125000,-0.421875000,,
-0.937500000,-0.421875000,,
-0.921875000,-0.421875000,,
-0.906250000,-0.421875000,,
-0.890625000,-0.421875000,0.387154564166,0.183898417979
-0.875000000,-0.421875000,0.127282798560,0.0604593293161
-0.859375000,-0.421875000,-0.104055527666,-0.0494263756416
-0.843750000,-0.421875000,-0.307976495189,-0.146288835215
-0.828125000,-0.421875000,-0.485766544933,-0.230739108843
-0.812500000,-0.421875000,-0.638831774201,-0.303445092746
-0.796875000,-0.421875000,-0.768656415352,-0.365111797292
-0.781250000,-0.421875000,-0.876768983461,-0.416465267144
-0.765625000,-0.421875000,-0.964714834832,-0.458239546545
-0.750000000,-0.421875000,-1.03403408242,-0.491166189148
-0.734375000,-0.421875000,-1.08624398915,-0.515965894845
-0.718750000,-0.421875000,-1.12282510146,-0.533341923192
-0.703125000,-0.421875000,-1.14521050418,-0.543974989487
-0.687500000,-0.421875000,-1.15477767791,-0.548519397010
-0.671875000,-0.421875000,-1.15284252211,-0.547600198001
-0.656250000,-0.421875000,-1.14065517531,-0.541811208273
-0.640625000,-0.421875000,-1.11939732395,-0.531713728878
-0.625000000,-0.421875000,-1.09018073904,-0.517835851044
-0.609375000,-0.421875000,-1.05404681949,-0.500672239260
-0.593750000,-0.421875000,-1.01196695807,-0.480684305083
-0.578125000,-0.421875000,-0.964843572953,-0.458300697153
-0.562500000,-0.421875000,-0.913511673200,-0.433918044770
-0.546875000,-0.421875000,-0.858740846928,-0.407901902291
-0.531250000,-0.421875000,-0.801237579250,-0.380587850144
-0.515625000,-0.421875000,-0.741647821243,-0.352282715090
-0.500000000,-0.421875000,-0.680559742402,-0.323265877641
-0.484375000,-0.421875000,-0.618506614463,-0.293790641870
-0.468750000,-0.421875000,-0.555969776284,-0.264085643735
-0.453125000,-0.421875000,-0.493381644959,-0.234356281356
-0.437500000,-0.421875000,-0.431128737824,-0.204786150466
-0.421875000,-0.421875000,-0.369554681185,-0.175538473563
-0.406250000,-0.421875000,-0.308963181636,-0.146757511277
-0.390625000,-0.421875000,-0.249620944193,-0.118569948492
-0.375000000,-0.421875000,-0.191760520895,-0.0910862474253
-0.359375000,-0.421875000,-0.135583078372,-0.0644019622268
-0.343750000,-0.421875000,-0.0812610758426,-0.0385990110252
-0.328125000,-0.421875000,-0.0289408446406,-0.0137469012043
-0.312500000,-0.421875000,0.0212549347303,0.0100960939969
-0.296875000,-0.421875000,0.0692248642868,0.0328818105362
-0.281250000,-0.421875000,0.114886570875,0.0545711211658
-0.265625000,-0.421875000,0.158174561326,0.0751329166299
-0.250000000,-0.421875000,0.199038192804,0.0945431415821
-0.234375000,-0.421875000,0.237439758308,0.112783885196
-0.218750000,-0.421875000,0.273352687575,0.129842526598
-0.203125000,-0.421875000,0.306759864166,0.145710935479
-0.187500000,-0.421875000,0.337652056954,0.160384727053
-0.171875000,-0.421875000,0.366026466178,0.173862571435
-0.156250000,-0.421875000,0.391885383129,0.186145556986
-0.140625000,-0.421875000,0.415234962155,0.197236607024
-0.125000000,-0.421875000,0.436084103607,0.207139949213
-0.109375000,-0.421875000,0.454569677187,0.215920596664
-0.093750000,-0.421875000,0.470411551968,0.223445487185
-0.078125000,-0.421875000,0.483798420173,0.229804249582
-0.062500000,-0.421875000,0.494637317104,0.234952725624
-0.046875000,-0.421875000,0.503206560018,0.239023116008
-0.031250000,-0.421875000,0.509299007218,0.241917028429
-0.015625000,-0.421875000,0.512943050417,0.243647948948
0.000000000,-0.421875000,0.514155822510,0.244224015692
0.015625000,-0.421875000,0.512943050417,0.243647948948
0.031250000,-0.421875000,0.509299007218,0.241917028429
0.046875000,-0.421875000,0.503206560018,0.239023116008
0.062500000,-0.421875000,0.494637317104,0.234952725624
0.078125000,-0.421875000,0.483798420173,0.229804249582
0.093750000,-0.421875000,0.470411551968,0.223445487185
0.109375000,-0.421875000,0.454569677187,0.215920596664
0.125000000,-0.421875000,0.436084103607,0.207139949213
0.140625000,-0.421875000,0.415234962155,0.197236607024
0.156250000,-0.421875000,0.391885383129,0.186145556986
0.171875000,-0.421875000,0.366026466178,0.173862571435
0.187500000,-0.421875000,0.337652056954,0.160384727053
0.203125000,-0.421875000,0.306759864166,0.145710935479
0.218750000,-0.421875000,0.273352687575,0.129842526598
0.234375000,-0.421875000,0.237439758308,0.112783885196
0.250000000,-0.421875000,0.199038192804,0.0945431415821
0.265625000,-0.421875000,0.158174561326,0.0751329166299
0.281250000,-0.421875000,0.114886570875,0.0545711211658
0.296875000,-0.421875000,0.0692248642868,0.0328818105362
0.312500000,-0.421875000,0.0212549347303,0.0100960939969
0.328125000,-0.421875000,-0.0289408446406,-0.0137469012043
0.343750000,-0.421875000,-0.0812610758426,-0.0385990110252
0.359375000,-0.421875000,-0.135583078372,-0.0644019622268
0.375000000,-0.421875000,-0.191760520895,-0.0910862474253
0.390625000,-0.421875000,-0.249620944193,-0.118569948492
0.406250000,-0.421875000,-0.308963181636,-0.146757511277
0.421875000,-0.421875000,-0.369554681185,-0.175538473563
0.437500000,-0.421875000,-0.431128737824,-0.204786150466
0.453125000,-0.421875000,-0.493381644959,-0.234356281356
0.468750000,-0.421875000,-0.555969776284,-0.264085643735
0.484375000,-0.421875000,-0.618506614463,-0.293790641870
0.500000000,-0.421875000,-0.680559742402,-0.323265877641
0.515625000,-0.421875000,-0.741647821243,-0.352282715090
0.531250000,-0.421875000,-0.801237579250,-0.380587850144
0.546875000,-0.421875000,-0.858740846928,-0.407901902291
0.562500000,-0.421875000,-0.913511673200,-0.433918044770
0.578125000,-0.421875000,-0.964843572953,-0.458300697153
0.593750000,-0.421875000,-1.01196695807,-0.480684305083
0.609375000,-0.421875000,-1.05404681949,-0.500672239260
0.625000000,-0.421875000,-1.09018073904,-0.517835851044
0.640625000,-0.421875000,-1.11939732395,-0.531713728878
0.656250000,-0.421875000,-1.14065517531,-0.541811208273
0.671875000,-0.421875000,-1.15284252211,-0.547600198001
0.687500000,-0.421875000,-1.15477767791,-0.548519397010
0.703125000,-0.421875000,-1.14521050418,-0.543974989487
0.718750000,-0.421875000,-1.12282510146,-0.533341923192
0.734375000,-0.421875000,-1.08624398915,-0.515965894845
0.750000000,-0.421875000,-1.03403408242,-0.491166189148
0.765625000,-0.421875000,-0.964714834832,-0.458239546545
0.781250000,-0.421875000,-0.876768983461,-0.416465267144
0.796875000,-0.421875000,-0.768656415352,-0.365111797292
0.812500000,-0.421875000,-0.638831774201,-0.303445092746
0.828125000,-0.421875000,-0.485766544933,-0.230739108843
0.843750000,-0.421875000,-0.307976495189,-0.146288835215
0.859375000,-0.421875000,-0.104055527666,-0.0494263756416
0.875000000,-0.421875000,0.127282798560,0.0604593293161
0.890625000,-0.421875000,0.387154564166,0.183898417979
0.906250000,-0.421875000,,
0.921875000,-0.421875000,,
0.937500000,-0.421875000,,
0.953125000,-0.421875000,,
0.968750000,-0.421875000,,
0.984375000,-0.421875000,,
1.000000000,-0.421875000,,
-1.000000000,-0.406250000,,
-0.984375000,-0.406250000,,
-0.968750000,-0.406250000,,
-0.953125000,-0.406250000,,
-0.937500000,-0.406250000,,
-0.921875000,-0.406250000,,
-0.906250000,-0.406250000,,
-0.890625000,-0.406250000,0.327783491574,0.155697158497
-0.875000000,-0.406250000,0.0684537553885,0.0325155338095
-0.859375000,-0.406250000,-0.161698765031,-0.0768069133899
-0.843750000,-0.406250000,-0.363937439450,-0.172870283739
-0.828125000,-0.406250000,-0.539673130128,-0.256344736811
-0.812500000,-0.406250000,-0.690416751498,-0.327947956962
-0.796875000,-0.406250000,-0.817740530183,-0.388426751837
-0.781250000,-0.406250000,-0.923246527752,-0.438542100682
-0.765625000,-0.406250000,-1.00854123106,-0.479057084756
-0.750000000,-0.406250000,-1.07521521007,-0.510727224783
-0.734375000,-0.406250000,-1.12482700761,-0.534292828617
-0.718750000,-0.406250000,-1.15889055993,-0.550473015967
-0.703125000,-0.406250000,-1.17886556146,-0.559961141692
-0.687500000,-0.406250000,-1.18615027954,-0.563421382780
-0.671875000,-0.406250000,-1.18207640427,-0.561486292030
-0.656250000,-0.406250000,-1.16790558635,-0.554755153515
-0.640625000,-0.406250000,-1.14482736551,-0.543792998617
-0.625000000,-0.406250000,-1.11395824537,-0.529130166549
-0.609375000,-0.406250000,-1.07634170486,-0.511262309810
-0.593750000,-0.406250000,-1.03294896996,-0.490650760733
-0.578125000,-0.406250000,-0.984680398383,-0.467723189232
-0.562500000,-0.406250000,-0.932367352785,-0.442874492573
-0.546875000,-0.406250000,-0.876774456886,-0.416467867021
-0.531250000,-0.406250000,-0.818602146173,-0.388836019432
-0.515625000,-0.406250000,-0.758489439904,-0.360282483955
-0.500000000,-0.406250000,-0.697016871444,-0.331083013936
-0.484375000,-0.406250000,-0.634709525462,-0.301487024594
-0.468750000,-0.406250000,-0.572040137988,-0.271719065544
-0.453125000,-0.406250000,-0.509432223758,-0.241980306285
-0.437500000,-0.406250000,-0.447263200688,-0.212450020327
-0.421875000,-0.406250000,-0.385867486607,-0.183287056138
-0.406250000,-0.406250000,-0.325539548357,-0.154631285470
-0.390625000,-0.406250000,-0.266536885968,-0.126605020835
-0.375000000,-0.406250000,-0.209082938858,-0.0993143959574
-0.359375000,-0.406250000,-0.153369904517,-0.0728507046455
-0.343750000,-0.406250000,-0.0995614586546,-0.0472916928609
-0.328125000,-0.406250000,-0.0477953726923,-0.0227028020289
-0.312500000,-0.406250000,0.00181397785623,0.000861639481710
-0.296875000,-0.406250000,0.0491732173991,0.0233572782646
-0.281250000,-0.406250000,0.0942076888433,0.0447486522006
-0.265625000,-0.406250000,0.136859289593,0.0650081625565
-0.250000000,-0.406250000,0.177084424385,0.0841151015828
-0.234375000,-0.406250000,0.214852076897,0.102054736526
-0.218750000,-0.406250000,0.250141998853,0.118817449455
-0.203125000,-0.406250000,0.282943016791,0.134397932976
-0.187500000,-0.406250000,0.313251455478,0.148794441352
-0.171875000,-0.406250000,0.341069677538,0.162008096830
-0.156250000,-0.406250000,0.366404736811,0.174042249985
-0.140625000,-0.406250000,0.389267146317,0.184901894501
-0.125000000,-0.406250000,0.409818045684,0.194663571700
-0.109375000,-0.406250000,0.427725562953,0.203169642403
-0.093750000,-0.406250000,0.443216884371,0.210528020076
-0.078125000,-0.406250000,0.456302681970,0.216743773936
-0.062500000,-0.406250000,0.466880013939,0.221768006621
-0.046875000,-0.406250000,0.475258498257,0.225747786672
-0.031250000,-0.406250000,0.481213766642,0.228576539155
-0.015625000,-0.406250000,0.484775133426,0.230268188377
0.000000000,-0.406250000,0.485960285111,0.230831135427
0.015625000,-0.406250000,0.484775133426,0.230268188377
0.031250000,-0.406250000,0.481213766642,0.228576539155
0.046875000,-0.406250000,0.475258498257,0.225747786672
0.062500000,-0.406250000,0.466880013939,0.221768006621
0.078125000,-0.406250000,0.456302681970,0.216743773936
0.093750000,-0.406250000,0.443216884371,0.210528020076
0.109375000,-0.406250000,0.427725562953,0.203169642403
0.125000000,-0.406250000,0.409818045684,0.194663571700
0.140625000,-0.406250000,0.389267146317,0.184901894501
0.156250000,-0.406250000,0.366404736811,0.174042249985
0.171875000,-0.406250000,0.341069677538,0.162008096830
0.187500000,-0.406250000,0.313251455478,0.148794441352
0.203125000,-0.406250000,0.282943016791,0.134397932976
0.218750000,-0.406250000,0.250141998853,0.118817449455
0.234375000,-0.406250000,0.214852076897,0.102054736526
0.250000000,-0.406250000,0.177084424385,0.0841151015828
0.265625000,-0.406250000,0.136859289593,0.0650081625565
0.281250000,-0.406250000,0.0942076888433,0.0447486522006
0.296875000,-0.406250000,0.0491732173991,0.0233572782646
0.312500000,-0.406250000,0.00181397785623,0.000861639481710
0.328125000,-0.406250000,-0.0477953726923,-0.0227028020289
0.343750000,-0.406250000,-0.0995614586546,-0.0472916928609
0.359375000,-0.406250000,-0.153369904517,-0.0728507046455
0.375000000,-0.406250000,-0.209082938858,-0.0993143959574
0.390625000,-0.406250000,-0.266536885968,-0.126605020835
0.406250000,-0.406250000,-0.325539548357,-0.154631285470
0.421875000,-0.406250000,-0.385867486607,-0.183287056138
0.437500000,-0.406250000,-0.447263200688,-0.212450020327
0.453125000,-0.406250000,-0.509432223758,-0.241980306285
0.468750000,-0.406250000,-0.572040137988,-0.271719065544
0.484375000,-0.406250000,-0.634709525462,-0.301487024594
0.500000000,-0.406250000,-0.697016871444,-0.331083013936
0.515625000,-0.406250000,-0.758489439904,-0.360282483955
0.531250000,-0.406250000,-0.818602146173,-0.388836019432
0.546875000,-0.406250000,-0.876774456886,-0.416467867021
0.562500000,-0.406250000,-0.932367352785,-0.442874492573
0.578125000,-0.406250000,-0.984680398383,-0.467723189232
0.593750000,-0.406250000,-1.03294896996,-0.490650760733
0.609375000,-0.406250000,-1.07634170486,-0.511262309810
0.625000000,-0.406250000,-1.11395824537,-0.529130166549
0.640625000,-0.406250000,-1.14482736551,-0.543792998617
0.656250000,-0.406250000,-1.16790558635,-0.554755153515
0.671875000,-0.406250000,-1.18207640427,-0.561486292030
0.687500000,-0.406250000,-1.18615027954,-0.563421382780
0.703125000,-0.406250000,-1.17886556146,-0.559961141692
0.718750000,-0.406250000,-1.15889055993,-0.550473015967
0.734375000,-0.406250000,-1.12482700761,-0.534292828617
0.750000000,-0.406250000,-1.07521521007,-0.510727224783
0.765625000,-0.406250000,-1.00854123106,-0.479057084756
0.781250000,-0.406250000,-0.923246527752,-0.438542100682
0.796875000,-0.406250000,-0.817740530183,-0.388426751837
0.812500000,-0.406250000,-0.690416751498,-0.327947956962
0.828125000,-0.406250000,-0.539673130128,-0.256344736811
0.843750000,-0.406250000,-0.363937439450,-0.172870283739
0.859375000,-0.406250000,-0.161698765031,-0.0768069133899
0.875000000,-0.406250000,0.0684537553885,0.0325155338095
0.890625000,-0.406250000,0.327783491574,0.155697158497
0.906250000,-0.406250000,,
0.921875000,-0.406250000,,
0.937500000,-0.406250000,,
0.953125000,-0.406250000,,
0.968750000,-0.406250000,,
0.984375000,-0.406250000,,
1.000000000,-0.406250000,,
-1.000000000,-0.390625000,,
-0.984375000,-0.390625000,,
-0.968750000,-0.390625000,,
-0.953125000,-0.390625000,,
-0.937500000,-0.390625000,,
-0.921875000,-0.390625000,,
-0.906250000,-0.390625000,,
-0.890625000,-0.390625000,0.270203510617,0.128346667543
-0.875000000,-0.390625000,0.0116775798167,0.00554685041293
-0.859375000,-0.390625000,-0.217100944084,-0.103122948440
-0.843750000,-0.390625000,-0.417530613195,-0.198327041267
-0.828125000,-0.390625000,-0.591136383803,-0.280789782306
-0.812500000,-0.390625000,-0.739525176812,-0.351274458986
-0.796875000,-0.390625000,-0.864349695171,-0.410566105206
-0.781250000,-0.390625000,-0.967279133937,-0.459457588620
-0.765625000,-0.390625000,-1.04997564261,-0.498738430238
-0.750000000,-0.390625000,-1.11407559016,-0.529185905325
-0.734375000,-0.390625000,-1.16117483513,-0.551558046686
-0.718750000,-0.390625000,-1.19281733578,-0.566588234495
-0.703125000,-0.390625000,-1.21048654022,-0.574981106605
-0.687500000,-0.390625000,-1.21559908680,-0.577409566229
-0.671875000,-0.390625000,-1.20950042098,-0.574512699966
-0.656250000,-0.390625000,-1.19346199502,-0.566894447633
-0.640625000,-0.390625000,-1.16867977343,-0.555122892378
-0.625000000,-0.390625000,-1.13627380662,-0.539730058146
-0.609375000,-0.390625000,-1.09728867606,-0.521212121129
-0.593750000,-0.390625000,-1.05269464355,-0.500029955684
-0.578125000,-0.390625000,-1.00338936447,-0.476609948125
-0.562500000,-0.390625000,-0.950200046857,-0.451345022257
-0.546875000,-0.390625000,-0.893885955976,-0.424595829089
-0.531250000,-0.390625000,-0.835141182972,-0.396692061912
-0.515625000,-0.390625000,-0.774597605659,-0.367933862688
-0.500000000,-0.390625000,-0.712827983476,-0.338593292151
-0.484375000,-0.390625000,-0.650349138596,-0.308915840833
-0.468750000,-0.390625000,-0.587625181123,-0.279121961033
-0.453125000,-0.390625000,-0.525070745260,-0.249408603998
-0.437500000,-0.390625000,-0.463054208641,-0.219950749104
-0.421875000,-0.390625000,-0.401900871472,-0.190902913949
-0.406250000,-0.390625000,-0.341896076994,-0.162400636572
-0.390625000,-0.390625000,-0.283288257540,-0.134561922332
-0.375000000,-0.390625000,-0.226291895352,-0.107488650292
-0.359375000,-0.390625000,-0.171090385940,-0.0812679333215
-0.343750000,-0.390625000,-0.117838799699,-0.0559734298572
-0.328125000,-0.390625000,-0.0666665329217,-0.0316666031378
-0.312500000,-0.390625000,-0.0176798457026,-0.00839792670873
-0.296875000,-0.390625000,0.0290357167250,0.0137919654444
-0.281250000,-0.390625000,0.0734130214021,0.0348711851660
-0.265625000,-0.390625000,0.115401165570,0.0548155536460
-0.250000000,-0.390625000,0.154963414031,0.0736076216649
-0.234375000,-0.390625000,0.192075258317,0.0912357477004
-0.218750000,-0.390625000,0.226722594710,0.107693232487
-0.203125000,-0.390625000,0.258900022520,0.122977510697
-0.187500000,-0.390625000,0.288609260090,0.137089398543
-0.171875000,-0.390625000,0.315857678572,0.150032397322
-0.156250000,-0.390625000,0.340656950853,0.161812051655
-0.140625000,-0.390625000,0.363021815085,0.172435362165
-0.125000000,-0.390625000,0.383094218427,0.181969753753
-0.109375000,-0.390625000,0.400595588752,0.190282904657
-0.093750000,-0.390625000,0.415729002138,0.197471276016
-0.078125000,-0.390625000,0.428507663892,0.203541140349
-0.062500000,-0.390625000,0.438943945337,0.208498374035
-0.046875000,-0.390625000,0.446981259474,0.212316098250
-0.031250000,-0.390625000,0.452805285961,0.215082510832
-0.015625000,-0.390625000,0.456287549936,0.216736586219
0.000000000,-0.390625000,0.457446274363,0.217286980323
0.015625000,-0.390625000,0.456287549936,0.216736586219
0.031250000,-0.390625000,0.452805285961,0.215082510832
0.046875000,-0.390625000,0.446981259474,0.212316098250
0.062500000,-0.390625000,0.438943945337,0.208498374035
0.078125000,-0.390625000,0.428507663892,0.203541140349
0.093750000,-0.390625000,0.415729002138,0.197471276016
0.109375000,-0.390625000,0.400595588752,0.190282904657
0.125000000,-0.390625000,0.383094218427,0.181969753753
0.140625000,-0.390625000,0.363021815085,0.172435362165
0.156250000,-0.390625000,0.340656950853,0.161812051655
0.171875000,-0.390625000,0.315857678572,0.150032397322
0.187500000,-0.390625000,0.288609260090,0.137089398543
0.203125000,-0.390625000,0.258900022520,0.122977510697
0.218750000,-0.390625000,0.226722594710,0.107693232487
0.234375000,-0.390625000,0.192075258317,0.0912357477004
0.250000000,-0.390625000,0.154963414031,0.0736076216649
0.265625000,-0.390625000,0.115401165570,0.0548155536460
0.281250000,-0.390625000,0.0734130214021,0.0348711851660
0.296875000,-0.390625000,0.0290357167250,0.0137919654444
0.312500000,-0.390625000,-0.0176798457026,-0.00839792670873
0.328125000,-0.390625000,-0.0666665329217,-0.0316666031378
0.343750000,-0.390625000,-0.117838799699,-0.0559734298572
0.359375000,-0.390625000,-0.171090385940,-0.0812679333215
0.375000000,-0.390625000,-0.226291895352,-0.107488650292
0.390625000,-0.390625000,-0.283288257540,-0.134561922332
0.406250000,-0.390625000,-0.341896076994,-0.162400636572
0.421875000,-0.390625000,-0.401900871472,-0.190902913949
0.437500000,-0.390625000,-0.463054208641,-0.219950749104
0.453125000,-0.390625000,-0.525070745260,-0.249408603998
0.468750000,-0.390625000,-0.587625181123,-0.279121961033
0.484375000,-0.390625000,-0.650349138596,-0.308915840833
0.500000000,-0.390625000,-0.712827983476,-0.338593292151
0.515625000,-0.390625000,-0.774597605659,-0.367933862688
0.531250000,-0.390625000,-0.835141182972,-0.396692061912
0.546875000,-0.390625000,-0.893885955976,-0.424595829089
0.562500000,-0.390625000,-0.950200046857,-0.451345022257
0.578125000,-0.390625000,-1.00338936447,-0.476609948125
0.593750000,-0.390625000,-1.05269464355,-0.500029955684
0.609375000,-0.390625000,-1.09728867606,-0.521212121129
0.625000000,-0.390625000,-1.13627380662,-0.539730058146
0.640625000,-0.390625000,-1.16867977343,-0.555122892378
0.656250000,-0.390625000,-1.19346199502,-0.566894447633
0.671875000,-0.390625000,-1.20950042098,-0.574512699966
0.687500000,-0.390625000,-1.21559908680,-0.577409566229
0.703125000,-0.390625000,-1.21048654022,-0.574981106605
0.718750000,-0.390625000,-1.19281733578,-0.566588234495
0.734375000,-0.390625000,-1.16117483513,-0.551558046686
0.750000000,-0.390625000,-1.11407559016,-0.529185905325
0.765625000,-0.390625000,-1.04997564261,-0.498738430238
0.781250000,-0.390625000,-0.967279133937,-0.459457588620
0.796875000,-0.390625000,-0.864349695171,-0.410566105206
0.812500000,-0.390625000,-0.739525176812,-0.351274458986
0.828125000,-0.390625000,-0.591136383803,-0.280789782306
0.843750000,-0.390625000,-0.417530613195,-0.198327041267
0.859375000,-0.390625000,-0.217100944084,-0.103122948440
0.875000000,-0.390625000,0.0116775798167,0.00554685041293
0.890625000,-0.390625000,0.270203510617,0.128346667543
0.906250000,-0.390625000,,
0.921875000,-0.390625000,,
0.937500000,-0.390625000,,
0.953125000,-0.390625000,,
0.968750000,-0.390625000,,
0.984375000,-0.390625000,,
1.000000000,-0.390625000,,
-1.000000000,-0.375000000,,
-0.984375000,-0.375000000,,
-0.968750000,-0.375000000,,
-0.953125000,-0.375000000,,
-0.937500000,-0.375000000,,
-0.921875000,-0.375000000,,
-0.906250000,-0.375000000,0.504208475970,0.239499026086
-0.890625000,-0.375000000,0.215060218470,0.102153603773
-0.875000000,-0.375000000,-0.0424701759369,-0.0201733335700
-0.859375000,-0.375000000,-0.269747486851,-0.128130056254
-0.843750000,-0.375000000,-0.468294522381,-0.222439898131
-0.828125000,-0.375000000,-0.639741022314,-0.303876985599
-0.812500000,-0.375000000,-0.785781978550,-0.373246439811
-0.796875000,-0.375000000,-0.908143809277,-0.431368309407
-0.781250000,-0.375000000,-1.00855708421,-0.479064615001
-0.765625000,-0.375000000,-1.08873471509,-0.517148989669
-0.750000000,-0.375000000,-1.15035470348,-0.546418484151
-0.734375000,-0.375000000,-1.19504668779,-0.567647176700
-0.718750000,-0.375000000,-1.22438165301,-0.581581285180
-0.703125000,-0.375000000,-1.23986427024,-0.588935528364
-0.687500000,-0.375000000,-1.24292741784,-0.590390523472
-0.671875000,-0.375000000,-1.23492850845,-0.586591041515
-0.656250000,-0.375000000,-1.21714730480,-0.578144969779
-0.640625000,-0.375000000,-1.19078495926,-0.565622855649
-0.625000000,-0.375000000,-1.15696405135,-0.549557924390
-0.609375000,-0.375000000,-1.11672943672,-0.530446482443
-0.593750000,-0.375000000,-1.07104974764,-0.508748630131
-0.578125000,-0.375000000,-1.02081941155,-0.484889220486
-0.562500000,-0.375000000,-0.966861076595,-0.459259011383
-0.546875000,-0.375000000,-0.909928348873,-0.432215965715
-0.531250000,-0.375000000,-0.850708762538,-0.404086662206
-0.515625000,-0.375000000,-0.789826917409,-0.375167785769
-0.500000000,-0.375000000,-0.727847727857,-0.345727670732
-0.484375000,-0.375000000,-0.665279737361,-0.316007875247
-0.468750000,-0.375000000,-0.602578460927,-0.286224768940
-0.453125000,-0.375000000,-0.540149722550,-0.256571118211
-0.437500000,-0.375000000,-0.478352963004,-0.227217657427
-0.421875000,-0.375000000,-0.417504495338,-0.198314635285
-0.406250000,-0.375000000,-0.357880692490,-0.169993328933
-0.390625000,-0.375000000,-0.299721090652,-0.142367518060
-0.375000000,-0.375000000,-0.243231399509,-0.115534914767
-0.359375000,-0.375000000,-0.188586409310,-0.0895785444220
-0.343750000,-0.375000000,-0.135932788861,-0.0645680747091
-0.328125000,-0.375000000,-0.0853917685030,-0.0405610900389
-0.312500000,-0.375000000,-0.0370617046561,-0.0176043097116
-0.296875000,-0.375000000,0.00897947540083,0.00426525081540
-0.281250000,-0.375000000,0.0526719516016,0.0250191770108
-0.265625000,-0.375000000,0.0939718126690,0.0446366110178
-0.250000000,-0.375000000,0.132848979768,0.0631032653896
-0.234375000,-0.375000000,0.169285253796,0.0804104955532
-0.218750000,-0.375000000,0.203272484677,0.0965544302215
-0.203125000,-0.375000000,0.234810861134,0.111535159039
-0.187500000,-0.375000000,0.263907321126,0.125355977535
-0.171875000,-0.375000000,0.290574079819,0.138022687914
-0.156250000,-0.375000000,0.314827275129,0.149542955686
-0.140625000,-0.375000000,0.336685728001,0.159925720801
-0.125000000,-0.375000000,0.356280077434,0.169233036781
-0.109375000,-0.375000000,0.373367671987,0.177349644194
-0.093750000,-0.375000000,0.388136795267,0.184364977752
-0.078125000,-0.375000000,0.400603087884,0.190286466745
-0.062500000,-0.375000000,0.410780982585,0.195120966728
-0.046875000,-0.375000000,0.418549804917,0.198811157335
-0.031250000,-0.375000000,0.424248826854,0.201518192756
-0.015625000,-0.375000000,0.427655742546,0.203136477709
0.000000000,-0.375000000,0.428789293298,0.203674914317
0.015625000,-0.375000000,0.427655742546,0.203136477709
0.031250000,-0.375000000,0.424248826854,0.201518192756
0.046875000,-0.375000000,0.418549804917,0.198811157335
0.062500000,-0.375000000,0.410780982585,0.195120966728
0.078125000,-0.375000000,0.400603087884,0.190286466745
0.093750000,-0.375000000,0.388136795267,0.184364977752
0.109375000,-0.375000000,0.373367671987,0.177349644194
0.125000000,-0.375000000,0.356280077434,0.169233036781
0.140625000,-0.375000000,0.336685728001,0.159925720801
0.156250000,-0.375000000,0.314827275129,0.149542955686
0.171875000,-0.375000000,0.290574079819,0.138022687914
0.187500000,-0.375000000,0.263907321126,0.125355977535
0.203125000,-0.375000000,0.234810861134,0.111535159039
0.218750000,-0.375000000,0.203272484677,0.0965544302215
0.234375000,-0.375000000,0.169285253796,0.0804104955532
0.250000000,-0.375000000,0.132848979768,0.0631032653896
0.265625000,-0.375000000,0.0939718126690,0.0446366110178
0.281250000,-0.375000000,0.0526719516016,0.0250191770108
0.296875000,-0.375000000,0.00897947540083,0.00426525081540
0.312500000,-0.375000000,-0.0370617046561,-0.0176043097116
0.328125000,-0.375000000,-0.0853917685030,-0.0405610900389
0.343750000,-0.375000000,-0.135932788861,-0.0645680747091
0.359375000,-0.375000000,-0.188586409310,-0.0895785444220
0.375000000,-0.375000000,-0.243231399509,-0.115534914767
0.390625000,-0.375000000,-0.299721090652,-0.142367518060
0.406250000,-0.375000000,-0.357880692490,-0.169993328933
0.421875000,-0.375000000,-0.417504495338,-0.198314635285
0.437500000,-0.375000000,-0.478352963004,-0.227217657427
0.453125000,-0.375000000,-0.540149722550,-0.256571118211
0.468750000,-0.375000000,-0.602578460927,-0.286224768940
0.484375000,-0.375000000,-0.665279737361,-0.316007875247
0.500000000,-0.375000000,-0.727847727857,-0.345727670732
0.515625000,-0.375000000,-0.789826917409,-0.375167785769
0.531250000,-0.375000000,-0.850708762538,-0.404086662206
0.546875000,-0.375000000,-0.909928348873,-0.432215965715
0.562500000,-0.375000000,-0.966861076595,-0.459259011383
0.578125000,-0.375000000,-1.02081941155,-0.484889220486
0.593750000,-0.375000000,-1.07104974764,-0.508748630131
0.609375000,-0.375000000,-1.11672943672,-0.530446482443
0.625000000,-0.375000000,-1.15696405135,-0.549557924390
0.640625000,-0.375000000,-1.19078495926,-0.565622855649
0.656250000,-0.375000000,-1.21714730480,-0.578144969779
0.671875000,-0.375000000,-1.23492850845,-0.586591041515
0.687500000,-0.375000000,-1.24292741784,-0.590390523472
0.703125000,-0.375000000,-1.23986427024,-0.588935528364
0.718750000,-0.375000000,-1.22438165301,-0.581581285180
0.734375000,-0.375000000,-1.19504668779,-0.567647176700
0.750000000,-0.375000000,-1.15035470348,-0.546418484151
0.765625000,-0.375000000,-1.08873471509,-0.517148989669
0.781250000,-0.375000000,-1.00855708421,-0.479064615001
0.796875000,-0.375000000,-0.908143809277,-0.431368309407
0.812500000,-0.375000000,-0.785781978550,-0.373246439811
0.828125000,-0.375000000,-0.639741022314,-0.303876985599
0.843750000,-0.375000000,-0.468294522381,-0.222439898131
0.859375000,-0.375000000,-0.269747486851,-0.128130056254
0.875000000,-0.375000000,-0.0424701759369,-0.0201733335700
0.890625000,-0.375000000,0.215060218470,0.102153603773
0.906250000,-0.375000000,0.504208475970,0.239499026086
0.921875000,-0.375000000,,
0.937500000,-0.375000000,,
0.953125000,-0.375000000,,
0.968750000,-0.375000000,,
0.984375000,-0.375000000,,
1.000000000,-0.375000000,,
-1.000000000,-0.359375000,,
-0.984375000,-0.359375000,,
-0.968750000,-0.359375000,,
-0.953125000,-0.359375000,,
-0.937500000,-0.359375000,,
-0.921875000,-0.359375000,,
-0.906250000,-0.359375000,0.451547059294,0.214484853165
-0.890625000,-0.359375000,0.162937587593,0.0773953541066
-0.875000000,-0.359375000,-0.0934693095306,-0.0443979220270
-0.859375000,-0.359375000,-0.319173783355,-0.151607547094
-0.843750000,-0.359375000,-0.515813026604,-0.245011187637
-0.828125000,-0.359375000,-0.685113159231,-0.325428750635
-0.812500000,-0.359375000,-0.828850092446,-0.393703793912
-0.796875000,-0.359375000,-0.948817875337,-0.450688490785
-0.781250000,-0.359375000,-1.04680327971,-0.497231557863
-0.765625000,-0.359375000,-1.12456558682,-0.534168653741
-0.750000000,-0.359375000,-1.18382070634,-0.562314835513
-0.734375000,-0.359375000,-1.22622890453,-0.582458729654
-0.718750000,-0.359375000,-1.25338553284,-0.595358128101
-0.703125000,-0.359375000,-1.26681424725,-0.601736767444
-0.687500000,-0.359375000,-1.26796229084,-0.602282088147
-0.671875000,-0.359375000,-1.25819748048,-0.597643803228
-0.656250000,-0.359375000,-1.23880659481,-0.588433132537
-0.640625000,-0.359375000,-1.21099491056,-0.575222582516
-0.625000000,-0.359375000,-1.17588667225,-0.558546169321
-0.609375000,-0.359375000,-1.13452631681,-0.538900000486
-0.593750000,-0.359375000,-1.08788030108,-0.516743143014
-0.578125000,-0.359375000,-1.03683940609,-0.492498717891
-0.562500000,-0.359375000,-0.982221410483,-0.466555169979
-0.546875000,-0.359375000,-0.924774044252,-0.439267671019
-0.531250000,-0.359375000,-0.865178148458,-0.410959620518
-0.515625000,-0.359375000,-0.804050977008,-0.381924214079
-0.500000000,-0.359375000,-0.741949589494,-0.352426055010
-0.484375000,-0.359375000,-0.679374290419,-0.322702787949
-0.468750000,-0.359375000,-0.616772080989,-0.292966738470
-0.453125000,-0.359375000,-0.554540091305,-0.263406543370
-0.437500000,-0.359375000,-0.493028970483,-0.234188760979
-0.421875000,-0.359375000,-0.432546213931,-0.205459451617
-0.406250000,-0.359375000,-0.373359412214,-0.177345720802
-0.390625000,-0.359375000,-0.315699409058,-0.149957219303
-0.375000000,-0.359375000,-0.259763357145,-0.123387594644
-0.359375000,-0.359375000,-0.205717665270,-0.0977158910034
-0.343750000,-0.359375000,-0.153700830203,-0.0730078943465
-0.328125000,-0.359375000,-0.103826148922,-0.0493174207381
-0.312500000,-0.359375000,-0.0561843083547,-0.0266875464685
-0.296875000,-0.359375000,-0.0108458509203,-0.00515177918714
-0.281250000,-0.359375000,0.0321364862082,0.0152648309489
-0.265625000,-0.359375000,0.0727255569919,0.0345446395712
-0.250000000,-0.359375000,0.110897718352,0.0526764162172
-0.234375000,-0.359375000,0.146640867355,0.0696544119935
-0.218750000,-0.359375000,0.179952601902,0.0854774859035
-0.203125000,-0.359375000,0.210838503950,0.100148289376
-0.187500000,-0.359375000,0.239310544408,0.113672508594
-0.171875000,-0.359375000,0.265385607252,0.126058163445
-0.156250000,-0.359375000,0.289084131258,0.137314962348
-0.140625000,-0.359375000,0.310428868503,0.147453712539
-0.125000000,-0.359375000,0.329546116488,0.156534405332
-0.109375000,-0.359375000,0.346213450063,0.164451388780
-0.093750000,-0.359375000,0.360612905113,0.171291129929
-0.078125000,-0.359375000,0.372762454658,0.177062165962
-0.062500000,-0.359375000,0.382678504605,0.181772289687
-0.046875000,-0.359375000,0.390375293738,0.185428264526
-0.031250000,-0.359375000,0.395864402949,0.188035591401
-0.015625000,-0.359375000,0.399028018821,0.189538308940
0.000000000,-0.359375000,0.400137714671,0.190065414469
0.015625000,-0.359375000,0.399028018821,0.189538308940
0.031250000,-0.359375000,0.395864402949,0.188035591401
0.046875000,-0.359375000,0.390375293738,0.185428264526
0.062500000,-0.359375000,0.382678504605,0.181772289687
0.078125000,-0.359375000,0.372762454658,0.177062165962
0.093750000,-0.359375000,0.360612905113,0.171291129929
0.109375000,-0.359375000,0.346213450063,0.164451388780
0.125000000,-0.359375000,0.329546116488,0.156534405332
0.140625000,-0.359375000,0.310428868503,0.147453712539
0.156250000,-0.359375000,0.289084131258,0.137314962348
0.171875000,-0.359375000,0.265385607252,0.126058163445
0.187500000,-0.359375000,0.239310544408,0.113672508594
0.203125000,-0.359375000,0.210838503950,0.100148289376
0.218750000,-0.359375000,0.179952601902,0.0854774859035
0.234375000,-0.359375000,0.146640867355,0.0696544119935
0.250000000,-0.359375000,0.110897718352,0.0526764162172
0.265625000,-0.359375000,0.0727255569919,0.0345446395712
0.281250000,-0.359375000,0.0321364862082,0.0152648309489
0.296875000,-0.359375000,-0.0108458509203,-0.00515177918714
0.312500000,-0.359375000,-0.0561843083547,-0.0266875464685
0.328125000,-0.359375000,-0.103826148922,-0.0493174207381
0.343750000,-0.359375000,-0.153700830203,-0.0730078943465
0.359375000,-0.359375000,-0.205717665270,-0.0977158910034
0.375000000,-0.359375000,-0.259763357145,-0.123387594644
0.390625000,-0.359375000,-0.315699409058,-0.149957219303
0.406250000,-0.359375000,-0.373359412214,-0.177345720802
0.421875000,-0.359375000,-0.432546213931,-0.205459451617
0.437500000,-0.359375000,-0.493028970483,-0.234188760979
0.453125000,-0.359375000,-0.554540091305,-0.263406543370
0.468750000,-0.359375000,-0.616772080989,-0.292966738470
0.484375000,-0.359375000,-0.679374290419,-0.322702787949
0.500000000,-0.359375000,-0.741949589494,-0.352426055010
0.515625000,-0.359375000,-0.804050977008,-0.381924214079
0.531250000,-0.359375000,-0.865178148458,-0.410959620518
0.546875000,-0.359375000,-0.924774044252,-0.439267671019
0.562500000,-0.359375000,-0.982221410483,-0.466555169979
0.578125000,-0.359375000,-1.03683940609,-0.492498717891
0.593750000,-0.359375000,-1.08788030108,-0.516743143014
0.609375000,-0.359375000,-1.13452631681,-0.538900000486
0.625000000,-0.359375000,-1.17588667225,-0.558546169321
0.640625000,-0.359375000,-1.21099491056,-0.575222582516
0.656250000,-0.359375000,-1.23880659481,-0.588433132537
0.671875000,-0.359375000,-1.25819748048,-0.597643803228
0.687500000,-0.359375000,-1.26796229084,-0.602282088147
0.703125000,-0.359375000,-1.26681424725,-0.601736767444
0.718750000,-0.359375000,-1.25338553284,-0.595358128101
0.734375000,-0.359375000,-1.22622890453,-0.582458729654
0.750000000,-0.359375000,-1.18382070634,-0.562314835513
0.765625000,-0.359375000,-1.12456558682,-0.534168653741
0.781250000,-0.359375000,-1.04680327971,-0.497231557863
0.796875000,-0.359375000,-0.948817875337,-0.450688490785
0.812500000,-0.359375000,-0.828850092446,-0.393703793912
0.828125000,-0.359375000,-0.685113159231,-0.325428750635
0.843750000,-0.359375000,-0.515813026604,-0.245011187637
0.859375000,-0.359375000,-0.319173783355,-0.151607547094
0.875000000,-0.359375000,-0.0934693095306,-0.0443979220270
0.890625000,-0.359375000,0.162937587593,0.0773953541066
0.906250000,-0.359375000,0.451547059294,0.214484853165
0.921875000,-0.359375000,,
0.937500000,-0.359375000,,
0.953125000,-0.359375000,,
0.968750000,-0.359375000,,
0.984375000,-0.359375000,,
1.000000000,-0.359375000,,
-1.000000000,-0.343750000,,
-0.984375000,-0.343750000,,
-0.968750000,-0.343750000,,
-0.953125000,-0.343750000,,
-0.937500000,-0.343750000,,
-0.921875000,-0.343750000,0.724426765757,0.344102713735
-0.906250000,-0.343750000,0.402305584337,0.191095152560
-0.890625000,-0.343750000,0.114363978421,0.0543228897500
-0.875000000,-0.343750000,-0.140849783255,-0.0669036470459
-0.859375000,-0.343750000,-0.364960721953,-0.173356342928
-0.843750000,-0.343750000,-0.559711486858,-0.265862956257
-0.828125000,-0.343750000,-0.726916988391,-0.345285569486
-0.812500000,-0.343750000,-0.868427606897,-0.412503113276
-0.796875000,-0.343750000,-0.986099544468,-0.468397283622
-0.781250000,-0.343750000,-1.08177112844,-0.513841286009
-0.765625000,-0.343750000,-1.15724407298,-0.549690934665
-0.750000000,-0.343750000,-1.21426886826,-0.576777712423
-0.734375000,-0.343750000,-1.25453360246,-0.595903461171
-0.718750000,-0.343750000,-1.27965563474,-0.607836426503
-0.703125000,-0.343750000,-1.29117563184,-0.613308425126
-0.687500000,-0.343750000,-1.29055355773,-0.613012939924
-0.671875000,-0.343750000,-1.27916627344,-0.607603979884
-0.656250000,-0.343750000,-1.25830645811,-0.597695567600
-0.640625000,-0.343750000,-1.22918260720,-0.583861738422
-0.625000000,-0.343750000,-1.19291990561,-0.566636955167
-0.609375000,-0.343750000,-1.15056180229,-0.546516856085
-0.593750000,-0.343750000,-1.10307214353,-0.523959268177
-0.578125000,-0.343750000,-1.05133774301,-0.499385427932
-0.562500000,-0.343750000,-0.996171287631,-0.473181361625
-0.546875000,-0.343750000,-0.938314494137,-0.445699384715
-0.531250000,-0.343750000,-0.878441444815,-0.417259686287
-0.515625000,-0.343750000,-0.817162043690,-0.388151970753
-0.500000000,-0.343750000,-0.755025543516,-0.358637133170
-0.484375000,-0.343750000,-0.692524102527,-0.328948948700
-0.468750000,-0.343750000,-0.630096337382,-0.299295760257
-0.453125000,-0.343750000,-0.568130844437,-0.269862151107
-0.437500000,-0.343750000,-0.506969666722,-0.240810591693
-0.421875000,-0.343750000,-0.446911688090,-0.212283051843
-0.406250000,-0.343750000,-0.388215939721,-0.184402571367
-0.390625000,-0.343750000,-0.331104807847,-0.157274783727
-0.375000000,-0.343750000,-0.275767132857,-0.130989388107
-0.359375000,-0.343750000,-0.222361193181,-0.105621566761
-0.343750000,-0.343750000,-0.171017568553,-0.0812333450628
-0.328125000,-0.343750000,-0.121841879207,-0.0578748926233
-0.312500000,-0.343750000,-0.0749173986101,-0.0355857643398
-0.296875000,-0.343750000,-0.0303075377120,-0.0143960804132
-0.281250000,-0.343750000,0.0119417992061,0.00567235462288
-0.265625000,-0.343750000,0.0517999873740,0.0246049940027
-0.250000000,-0.343750000,0.0892495824320,0.0423935516552
-0.234375000,-0.343750000,0.124284348250,0.0590350654185
-0.218750000,-0.343750000,0.156907410631,0.0745310200496
-0.203125000,-0.343750000,0.187129534977,0.0888865291140
-0.187500000,-0.343750000,0.214967526289,0.102109574987
-0.171875000,-0.343750000,0.240442750166,0.114210306329
-0.156250000,-0.343750000,0.263579771986,0.125200391693
-0.140625000,-0.343750000,0.284405113383,0.135092428857
-0.125000000,-0.343750000,0.303047284489,0.143947460132
-0.109375000,-0.343750000,0.319289060003,0.151662303501
-0.093750000,-0.343750000,0.333314512364,0.158324393373
-0.078125000,-0.343750000,0.345143837330,0.163943322732
-0.062500000,-0.343750000,0.354795321790,0.168527777850
-0.046875000,-0.343750000,0.362284742851,0.172085252854
-0.031250000,-0.343750000,0.367624877703,0.174621816909
-0.015625000,-0.343750000,0.370825123814,0.176141933812
0.000000000,-0.343750000,0.371891228027,0.176648333313
0.015625000,-0.343750000,0.370825123814,0.176141933812
0.031250000,-0.343750000,0.367624877703,0.174621816909
0.046875000,-0.343750000,0.362284742851,0.172085252854
0.062500000,-0.343750000,0.354795321790,0.168527777850
0.078125000,-0.343750000,0.345143837330,0.163943322732
0.093750000,-0.343750000,0.333314512364,0.158324393373
0.109375000,-0.343750000,0.319289060003,0.151662303501
0.125000000,-0.343750000,0.303047284489,0.143947460132
0.140625000,-0.343750000,0.284405113383,0.135092428857
0.156250000,-0.343750000,0.263579771986,0.125200391693
0.171875000,-0.343750000,0.240442750166,0.114210306329
0.187500000,-0.343750000,0.214967526289,0.102109574987
0.203125000,-0.343750000,0.187129534977,0.0888865291140
0.218750000,-0.343750000,0.156907410631,0.0745310200496
0.234375000,-0.343750000,0.124284348250,0.0590350654185
0.250000000,-0.343750000,0.0892495824320,0.0423935516552
0.265625000,-0.343750000,0.0517999873740,0.0246049940027
0.281250000,-0.343750000,0.0119417992061,0.00567235462288
0.296875000,-0.343750000,-0.0303075377120,-0.0143960804132
0.312500000,-0.343750000,-0.0749173986101,-0.0355857643398
0.328125000,-0.343750000,-0.121841879207,-0.0578748926233
0.343750000,-0.343750000,-0.171017568553,-0.0812333450628
0.359375000,-0.343750000,-0.222361193181,-0.105621566761
0.375000000,-0.343750000,-0.275767132857,-0.130989388107
0.390625000,-0.343750000,-0.331104807847,-0.157274783727
0.406250000,-0.343750000,-0.388215939721,-0.184402571367
0.421875000,-0.343750000,-0.446911688090,-0.212283051843
0.437500000,-0.343750000,-0.506969666722,-0.240810591693
0.453125000,-0.343750000,-0.568130844437,-0.269862151107
0.468750000,-0.343750000,-0.630096337382,-0.299295760257
0.484375000,-0.343750000,-0.692524102527,-0.328948948700
0.500000000,-0.343750000,-0.755025543516,-0.358637133170
0.515625000,-0.343750000,-0.817162043690,-0.388151970753
0.531250000,-0.343750000,-0.878441444815,-0.417259686287
0.546875000,-0.343750000,-0.938314494137,-0.445699384715
0.562500000,-0.343750000,-0.996171287631,-0.473181361625
0.578125000,-0.343750000,-1.05133774301,-0.499385427932
0.593750000,-0.343750000,-1.10307214353,-0.523959268177
0.609375000,-0.343750000,-1.15056180229,-0.546516856085
0.625000000,-0.343750000,-1.19291990561,-0.566636955167
0.640625000,-0.343750000,-1.22918260720,-0.583861738422
0.656250000,-0.343750000,-1.25830645811,-0.597695567600
0.671875000,-0.343750000,-1.27916627344,-0.607603979884
0.687500000,-0.343750000,-1.29055355773,-0.613012939924
0.703125000,-0.343750000,-1.29117563184,-0.613308425126
0.718750000,-0.343750000,-1.27965563474,-0.607836426503
0.734375000,-0.343750000,-1.25453360246,-0.595903461171
0.750000000,-0.343750000,-1.21426886826,-0.576777712423
0.765625000,-0.343750000,-1.15724407298,-0.549690934665
0.781250000,-0.343750000,-1.08177112844,-0.513841286009
0.796875000,-0.343750000,-0.986099544468,-0.468397283622
0.812500000,-0.343750000,-0.868427606897,-0.412503113276
0.828125000,-0.343750000,-0.726916988391,-0.345285569486
0.843750000,-0.343750000,-0.559711486858,-0.265862956257
0.859375000,-0.343750000,-0.364960721953,-0.173356342928
0.875000000,-0.343750000,-0.140849783255,-0.0669036470459
0.890625000,-0.343750000,0.114363978421,0.0543228897500
0.906250000,-0.343750000,0.402305584337,0.191095152560
0.921875000,-0.343750000,0.724426765757,0.344102713735
0.937500000,-0.343750000,,
0.953125000,-0.343750000,,
0.968750000,-0.343750000,,
0.984375000,-0.343750000,,
1.000000000,-0.343750000,,
-1.000000000,-0.328125000,,
-0.984375000,-0.328125000,,
-0.968750000,-0.328125000,,
-0.953125000,-0.328125000,,
-0.937500000,-0.328125000,,
-0.921875000,-0.328125000,0.679018737388,0.322533900260
-0.906250000,-0.328125000,0.357023394899,0.169586112577
-0.890625000,-0.328125000,0.0698174522735,0.0331632898299
-0.875000000,-0.328125000,-0.184187123536,-0.0874888836796
-0.859375000,-0.328125000,-0.406730705184,-0.193197084963
-0.843750000,-0.328125000,-0.599653315095,-0.284835324670
-0.828125000,-0.328125000,-0.764851793038,-0.363304601693
-0.812500000,-0.328125000,-0.904245168177,-0.429516454884
-0.796875000,-0.328125000,-1.01974686296,-0.484379759904
-0.781250000,-0.328125000,-1.11324258580,-0.528790228255
-0.765625000,-0.328125000,-1.18657295836,-0.563622155219
-0.750000000,-0.328125000,-1.24152008103,-0.589722038488
-0.734375000,-0.328125000,-1.27979736952,-0.607903750524
-0.718750000,-0.328125000,-1.30304210518,-0.618944999959
-0.703125000,-0.328125000,-1.31281023020,-0.623584859343
-0.687500000,-0.328125000,-1.31057299523,-0.622522172733
-0.671875000,-0.328125000,-1.29771513047,-0.616414686973
-0.656250000,-0.328125000,-1.27553426261,-0.605878774740
-0.640625000,-0.328125000,-1.24524134481,-0.591489638785
-0.625000000,-0.328125000,-1.20796190532,-0.573781905029
-0.609375000,-0.328125000,-1.16473794992,-0.553250526210
-0.593750000,-0.328125000,-1.11653038012,-0.530351930558
-0.578125000,-0.328125000,-1.06422181262,-0.505505360996
-0.562500000,-0.328125000,-1.00861970224,-0.479094358565
-0.546875000,-0.328125000,-0.950459688240,-0.451468351914
-0.531250000,-0.328125000,-0.890409095049,-0.422944320148
-0.515625000,-0.328125000,-0.829070533139,-0.393808503241
-0.500000000,-0.328125000,-0.766985551666,-0.364318137041
-0.484375000,-0.328125000,-0.704638304861,-0.334703194809
-0.468750000,-0.328125000,-0.642459200171,-0.305168120081
-0.453125000,-0.328125000,-0.580828502742,-0.275893538803
-0.437500000,-0.328125000,-0.520079874074,-0.247037940185
-0.421875000,-0.328125000,-0.460503828601,-0.218739318585
-0.406250000,-0.328125000,-0.402351094209,-0.191116769749
-0.390625000,-0.328125000,-0.345835866253,-0.164272036470
-0.375000000,-0.328125000,-0.291138946275,-0.138290999480
-0.359375000,-0.328125000,-0.238410760622,-0.113245111295
-0.343750000,-0.328125000,-0.187774252289,-0.0891927698374
-0.328125000,-0.328125000,-0.139327645222,-0.0661806314807
-0.312500000,-0.328125000,-0.0931470776083,-0.0442448618639
-0.296875000,-0.328125000,-0.0492891034810,-0.0234123241535
-0.281250000,-0.328125000,-0.00779306341428,-0.00370170512178
-0.265625000,-0.328125000,0.0313166766269,0.0148754213978
-0.250000000,-0.328125000,0.0680286163962,0.0323135927882
-0.234375000,-0.328125000,0.102342141538,0.0486125172306
-0.218750000,-0.328125000,0.134265670812,0.0637761936358
-0.203125000,-0.328125000,0.163814929018,0.0778120912834
-0.187500000,-0.328125000,0.191011343718,0.0907303882658
-0.171875000,-0.328125000,0.215880563059,0.102543267453
-0.156250000,-0.328125000,0.238451093504,0.113264269414
-0.140625000,-0.328125000,0.258753055056,0.122907701151
-0.125000000,-0.328125000,0.276923913255,0.131538858796
-0.109375000,-0.328125000,0.292736073898,0.139049635101
-0.093750000,-0.328125000,0.306384278149,0.145532532121
-0.078125000,-0.328125000,0.317890829571,0.150998144046
-0.062500000,-0.328125000,0.327275797661,0.155456003889
-0.046875000,-0.328125000,0.334556417180,0.158914298160
-0.031250000,-0.328125000,0.339746598726,0.161379634395
-0.015625000,-0.328125000,0.342856549330,0.162856860932
0.000000000,-0.328125000,0.343892501022,0.163348937985
0.015625000,-0.328125000,0.342856549330,0.162856860932
0.031250000,-0.328125000,0.339746598726,0.161379634395
0.046875000,-0.328125000,0.334556417180,0.158914298160
0.062500000,-0.328125000,0.327275797661,0.155456003889
0.078125000,-0.328125000,0.317890829571,0.150998144046
0.093750000,-0.328125000,0.306384278149,0.145532532121
0.109375000,-0.328125000,0.292736073898,0.139049635101
0.125000000,-0.328125000,0.276923913255,0.131538858796
0.140625000,-0.328125000,0.258753055056,0.122907701151
0.156250000,-0.328125000,0.238451093504,0.113264269414
0.171875000,-0.328125000,0.215880563059,0.102543267453
0.187500000,-0.328125000,0.191011343718,0.0907303882658
0.203125000,-0.328125000,0.163814929018,0.0778120912834
0.218750000,-0.328125000,0.134265670812,0.0637761936358
0.234375000,-0.328125000,0.102342141538,0.0486125172306
0.250000000,-0.328125000,0.0680286163962,0.0323135927882
0.265625000,-0.328125000,0.0313166766269,0.0148754213978
0.281250000,-0.328125000,-0.00779306341428,-0.00370170512178
0.296875000,-0.328125000,-0.0492891034810,-0.0234123241535
0.312500000,-0.328125000,-0.0931470776083,-0.0442448618639
0.328125000,-0.328125000,-0.139327645222,-0.0661806314807
0.343750000,-0.328125000,-0.187774252289,-0.0891927698374
0.359375000,-0.328125000,-0.238410760622,-0.113245111295
0.375000000,-0.328125000,-0.291138946275,-0.138290999480
0.390625000,-0.328125000,-0.345835866253,-0.164272036470
0.406250000,-0.328125000,-0.402351094209,-0.191116769749
0.421875000,-0.328125000,-0.460503828601,-0.218739318585
0.437500000,-0.328125000,-0.520079874074,-0.247037940185
0.453125000,-0.328125000,-0.580828502742,-0.275893538803
0.468750000,-0.328125000,-0.642459200171,-0.305168120081
0.484375000,-0.328125000,-0.704638304861,-0.334703194809
0.500000000,-0.328125000,-0.766985551666,-0.364318137041
0.515625000,-0.328125000,-0.829070533139,-0.393808503241
0.531250000,-0.328125000,-0.890409095049,-0.422944320148
0.546875000,-0.328125000,-0.950459688240,-0.451468351914
0.562500000,-0.328125000,-1.00861970224,-0.479094358565
0.578125000,-0.328125000,-1.06422181262,-0.505505360996
0.593750000,-0.328125000,-1.11653038012,-0.530351930558
0.609375000,-0.328125000,-1.16473794992,-0.553250526210
0.625000000,-0.328125000,-1.20796190532,-0.573781905029
0.640625000,-0.328125000,-1.24524134481,-0.591489638785
0.656250000,-0.328125000,-1.27553426261,-0.605878774740
0.671875000,-0.328125000,-1.29771513047,-0.616414686973
0.687500000,-0.328125000,-1.31057299523,-0.622522172733
0.703125000,-0.328125000,-1.31281023020,-0.623584859343
0.718750000,-0.328125000,-1.30304210518,-0.618944999959
0.734375000,-0.328125000,-1.27979736952,-0.607903750524
0.750000000,-0.328125000,-1.24152008103,-0.589722038488
0.765625000,-0.328125000,-1.18657295836,-0.563622155219
0.781250000,-0.328125000,-1.11324258580,-0.528790228255
0.796875000,-0.328125000,-1.01974686296,-0.484379759904
0.812500000,-0.328125000,-0.904245168177,-0.429516454884
0.828125000,-0.328125000,-0.764851793038,-0.363304601693
0.843750000,-0.328125000,-0.599653315095,-0.284835324670
0.859375000,-0.328125000,-0.406730705184,-0.193197084963
0.875000000,-0.328125000,-0.184187123536,-0.0874888836796
0.890625000,-0.328125000,0.0698174522735,0.0331632898299
0.906250000,-0.328125000,0.357023394899,0.169586112577
0.921875000,-0.328125000,0.679018737388,0.322533900260
0.937500000,-0.328125000,,
0.953125000,-0.328125000,,
0.968750000,-0.328125000,,
0.984375000,-0.328125000,,
1.000000000,-0.328125000,,
-1.000000000,-0.312500000,,
-0.984375000,-0.312500000,,
-0.968750000,-0.312500000,,
-0.953125000,-0.312500000,,
-0.937500000,-0.312500000,,
-0.921875000,-0.312500000,0.637992691323,0.303046528378
-0.906250000,-0.312500000,0.316189461605,0.150189994262
-0.890625000,-0.312500000,0.0297305162266,0.0141219952076
-0.875000000,-0.312500000,-0.223098294069,-0.105971689683
-0.859375000,-0.312500000,-0.444144054914,-0.210968426084
-0.843750000,-0.312500000,-0.635336837943,-0.301784998023
-0.828125000,-0.312500000,-0.798649205667,-0.379358372692
-0.812500000,-0.312500000,-0.936063581268,-0.444630201102
-0.796875000,-0.312500000,-1.04954616534,-0.498534428538
-0.781250000,-0.312500000,-1.14102629894,-0.541987491998
-0.765625000,-0.312500000,-1.21238035608,-0.575880669136
-0.750000000,-0.312500000,-1.26541939995,-0.601074214978
-0.734375000,-0.312500000,-1.30187996211,-0.618392982001
-0.718750000,-0.312500000,-1.32341740716,-0.628623268403
-0.703125000,-0.312500000,-1.33160143448,-0.632510681377
-0.687500000,-0.312500000,-1.32791333834,-0.630758835714
-0.671875000,-0.312500000,-1.31374471146,-0.624028737945
-0.656250000,-0.312500000,-1.29039732430,-0.612938729041
-0.640625000,-0.312500000,-1.25908395873,-0.598064880399
-0.625000000,-0.312500000,-1.22093000754,-0.579941753579
-0.609375000,-0.312500000,-1.17697568253,-0.559063449202
-0.593750000,-0.312500000,-1.12817870106,-0.535884883005
-0.578125000,-0.312500000,-1.07541733763,-0.510823235373
-0.562500000,-0.312500000,-1.01949375094,-0.484259531695
-0.546875000,-0.312500000,-0.961137507296,-0.456540315966
-0.531250000,-0.312500000,-0.901009237436,-0.427979387782
-0.515625000,-0.312500000,-0.839704371729,-0.398859576572
-0.500000000,-0.312500000,-0.777756911094,-0.369434532770
-0.484375000,-0.312500000,-0.715643196256,-0.339930518221
-0.468750000,-0.312500000,-0.653785645290,-0.310548181513
-0.453125000,-0.312500000,-0.592556435361,-0.281464306796
-0.437500000,-0.312500000,-0.532281109190,-0.252833526865
-0.421875000,-0.312500000,-0.473242089369,-0.224789992450
-0.406250000,-0.312500000,-0.415682089489,-0.197448992507
-0.390625000,-0.312500000,-0.359807411098,-0.170908520271
-0.375000000,-0.312500000,-0.305791119807,-0.145250781908
-0.359375000,-0.312500000,-0.253776094971,-0.120543645111
-0.343750000,-0.312500000,-0.203877948965,-0.0968420257586
-0.328125000,-0.312500000,-0.156187813449,-0.0741892113881
-0.312500000,-0.312500000,-0.110774992129,-0.0526181212613
-0.296875000,-0.312500000,-0.0676894780852,-0.0321525020905
-0.281250000,-0.312500000,-0.0269643372105,-0.0128080601750
-0.265625000,-0.312500000,0.0113820420599,0.00540646997847
-0.250000000,-0.312500000,0.0473438316840,0.0224883200499
-0.234375000,-0.312500000,0.0809257771471,0.0384397441449
-0.218750000,-0.312500000,0.112141339606,0.0532671363127
-0.203125000,-0.312500000,0.141010965295,0.0669802085150
-0.187500000,-0.312500000,0.167560479180,0.0795912276107
-0.171875000,-0.312500000,0.191819600586,0.0911143102785
-0.156250000,-0.312500000,0.213820580393,0.101564775687
-0.140625000,-0.312500000,0.233596955341,0.110958553787
-0.125000000,-0.312500000,0.251302779176,0.119368820109
-0.109375000,-0.312500000,0.266682567837,0.126674219723
-0.093750000,-0.312500000,0.279951420168,0.132976924580
-0.078125000,-0.312500000,0.291133625618,0.138288472169
-0.062500000,-0.312500000,0.300250932765,0.142619193063
-0.046875000,-0.312500000,0.307321949116,0.145977925830
-0.031250000,-0.312500000,0.312361652561,0.148371784966
-0.015625000,-0.312500000,0.315381011619,0.149805980519
0.000000000,-0.312500000,0.316386715435,0.150283689832
0.015625000,-0.312500000,0.315381011619,0.149805980519
0.031250000,-0.312500000,0.312361652561,0.148371784966
0.046875000,-0.312500000,0.307321949116,0.145977925830
0.062500000,-0.312500000,0.300250932765,0.142619193063
0.078125000,-0.312500000,0.291133625618,0.138288472169
0.093750000,-0.312500000,0.279951420168,0.132976924580
0.109375000,-0.312500000,0.266682567837,0.126674219723
0.125000000,-0.312500000,0.251302779176,0.119368820109
0.140625000,-0.312500000,0.233596955341,0.110958553787
0.156250000,-0.312500000,0.213820580393,0.101564775687
0.171875000,-0.312500000,0.191819600586,0.0911143102785
0.187500000,-0.312500000,0.167560479180,0.0795912276107
0.203125000,-0.312500000,0.141010965295,0.0669802085150
0.218750000,-0.312500000,0.112141339606,0.0532671363127
0.234375000,-0.312500000,0.0809257771471,0.0384397441449
0.250000000,-0.312500000,0.0473438316840,0.0224883200499
0.265625000,-0.312500000,0.0113820420599,0.00540646997847
0.281250000,-0.312500000,-0.0269643372105,-0.0128080601750
0.296875000,-0.312500000,-0.0676894780852,-0.0321525020905
0.312500000,-0.312500000,-0.110774992129,-0.0526181212613
0.328125000,-0.312500000,-0.156187813449,-0.0741892113881
0.343750000,-0.312500000,-0.203877948965,-0.0968420257586
0.359375000,-0.312500000,-0.253776094971,-0.120543645111
0.375000000,-0.312500000,-0.305791119807,-0.145250781908
0.390625000,-0.312500000,-0.359807411098,-0.170908520271
0.406250000,-0.312500000,-0.415682089489,-0.197448992507
0.421875000,-0.312500000,-0.473242089369,-0.224789992450
0.437500000,-0.312500000,-0.532281109190,-0.252833526865
0.453125000,-0.312500000,-0.592556435361,-0.281464306796
0.468750000,-0.312500000,-0.653785645290,-0.310548181513
0.484375000,-0.312500000,-0.715643196256,-0.339930518221
0.500000000,-0.312500000,-0.777756911094,-0.369434532770
0.515625000,-0.312500000,-0.839704371729,-0.398859576572
0.531250000,-0.312500000,-0.901009237436,-0.427979387782
0.546875000,-0.312500000,-0.961137507296,-0.456540315966
0.562500000,-0.312500000,-1.01949375094,-0.484259531695
0.578125000,-0.312500000,-1.07541733763,-0.510823235373
0.593750000,-0.312500000,-1.12817870106,-0.535884883005
0.609375000,-0.312500000,-1.17697568253,-0.559063449202
0.625000000,-0.312500000,-1.22093000754,-0.579941753579
0.640625000,-0.312500000,-1.25908395873,-0.598064880399
0.656250000,-0.312500000,-1.29039732430,-0.612938729041
0.671875000,-0.312500000,-1.31374471146,-0.624028737945
0.687500000,-0.312500000,-1.32791333834,-0.630758835714
0.703125000,-0.312500000,-1.33160143448,-0.632510681377
0.718750000,-0.312500000,-1.32341740716,-0.628623268403
0.734375000,-0.312500000,-1.30187996211,-0.618392982001
0.750000000,-0.312500000,-1.26541939995,-0.601074214978
0.765625000,-0.312500000,-1.21238035608,-0.575880669136
0.781250000,-0.312500000,-1.14102629894,-0.541987491998
0.796875000,-0.312500000,-1.04954616534,-0.498534428538
0.812500000,-0.312500000,-0.936063581268,-0.444630201102
0.828125000,-0.312500000,-0.798649205667,-0.379358372692
0.843750000,-0.312500000,-0.635336837943,-0.301784998023
0.859375000,-0.312500000,-0.444144054914,-0.210968426084
0.875000000,-0.312500000,-0.223098294069,-0.105971689683
0.890625000,-0.312500000,0.0297305162266,0.0141219952076
0.906250000,-0.312500000,0.316189461605,0.150189994262
0.921875000,-0.312500000,0.637992691323,0.303046528378
0.937500000,-0.312500000,,
0.953125000,-0.312500000,,
0.968750000,-0.312500000,,
0.984375000,-0.312500000,,
1.000000000,-0.312500000,,
-1.000000000,-0.296875000,,
-0.984375000,-0.296875000,,
-0.968750000,-0.296875000,,
-0.953125000,-0.296875000,,
-0.937500000,-0.296875000,0.960965311520,0.456458522972
-0.921875000,-0.296875000,0.601851687058,0.285879551352
-0.906250000,-0.296875000,0.280247284099,0.133117459947
-0.890625000,-0.296875000,-0.00550559377933,-0.00261515704518
-0.875000000,-0.296875000,-0.257237946128,-0.122188024411
-0.859375000,-0.296875000,-0.476895723762,-0.226525468787
-0.843750000,-0.296875000,-0.666492404945,-0.316583892349
-0.828125000,-0.296875000,-0.828070656677,-0.393333561922
-0.812500000,-0.296875000,-0.963671551462,-0.457743986944
-0.796875000,-0.296875000,-1.07531006800,-0.510772282299
-0.781250000,-0.296875000,-1.16495581558,-0.553354012401
-0.765625000,-0.296875000,-1.23451810023,-0.586396097610
-0.750000000,-0.296875000,-1.28583459337,-0.610771431851
-0.734375000,-0.296875000,-1.32066298617,-0.627314918433
-0.718750000,-0.296875000,-1.34067511268,-0.636820678523
-0.703125000,-0.296875000,-1.34745310878,-0.640040226672
-0.687500000,-0.296875000,-1.34248724390,-0.637681440852
-0.671875000,-0.296875000,-1.32717512066,-0.630408182316
-0.656250000,-0.296875000,-1.30282198687,-0.618840443765
-0.640625000,-0.296875000,-1.27064194594,-0.603554924320
-0.625000000,-0.296875000,-1.23175988484,-0.585085945301
-0.609375000,-0.296875000,-1.18721396930,-0.563926635415
-0.593750000,-0.296875000,-1.13795858009,-0.540530325542
-0.578125000,-0.296875000,-1.08486758394,-0.515312102373
-0.562500000,-0.296875000,-1.02873785096,-0.488650479205
-0.546875000,-0.296875000,-0.970292945302,-0.460889149019
-0.531250000,-0.296875000,-0.910186926829,-0.432338790244
-0.515625000,-0.296875000,-0.849008214507,-0.403278901891
-0.500000000,-0.296875000,-0.787283466806,-0.373959646733
-0.484375000,-0.296875000,-0.725481448092,-0.344603687844
-0.468750000,-0.296875000,-0.664016849451,-0.315408003489
-0.453125000,-0.296875000,-0.603254043857,-0.286545670832
-0.437500000,-0.296875000,-0.543510754995,-0.258167608623
-0.421875000,-0.296875000,-0.485061626268,-0.230404272477
-0.406250000,-0.296875000,-0.428141678699,-0.203367297382
-0.390625000,-0.296875000,-0.372949648088,-0.177151082842
-0.375000000,-0.296875000,-0.319651195605,-0.151834317912
-0.359375000,-0.296875000,-0.268381986164,-0.127481443428
-0.343750000,-0.296875000,-0.219250632984,-0.104144050668
-0.328125000,-0.296875000,-0.172341504182,-0.0818622144864
-0.312500000,-0.296875000,-0.127717392646,-0.0606657615069
-0.296875000,-0.296875000,-0.0854220479695,-0.0405754727855
-0.281250000,-0.296875000,-0.0454825709775,-0.0216042212143
-0.265625000,-0.296875000,-0.00791167292680,-0.00375804464023
-0.250000000,-0.296875000,0.0272901999150,0.0129628449596
-0.234375000,-0.296875000,0.0601328742447,0.0285631152662
-0.218750000,-0.296875000,0.0906345875278,0.0430514290757
-0.203125000,-0.296875000,0.118820254178,0.0564396207344
-0.187500000,-0.296875000,0.144719857278,0.0687419322071
-0.171875000,-0.296875000,0.168366963758,0.0799743077851
-0.156250000,-0.296875000,0.189797360244,0.0901537461157
-0.140625000,-0.296875000,0.209047807836,0.0992977087219
-0.125000000,-0.296875000,0.226298277716,0.107491681915
-0.109375000,-0.296875000,0.241244302412,0.114591043646
-0.093750000,-0.296875000,0.254132897455,0.120713126291
-0.078125000,-0.296875000,0.264990210126,0.125870349810
-0.062500000,-0.296875000,0.273839558755,0.130073790409
-0.046875000,-0.296875000,0.280700834039,0.133332896169
-0.031250000,-0.296875000,0.285590010753,0.135655255108
-0.015625000,-0.296875000,0.288518769323,0.137046415428
0.000000000,-0.296875000,0.289494225528,0.137509757126
0.015625000,-0.296875000,0.288518769323,0.137046415428
0.031250000,-0.296875000,0.285590010753,0.135655255108
0.046875000,-0.296875000,0.280700834039,0.133332896169
0.062500000,-0.296875000,0.273839558755,0.130073790409
0.078125000,-0.296875000,0.264990210126,0.125870349810
0.093750000,-0.296875000,0.254132897455,0.120713126291
0.109375000,-0.296875000,0.241244302412,0.114591043646
0.125000000,-0.296875000,0.226298277716,0.107491681915
0.140625000,-0.296875000,0.209047807836,0.0992977087219
0.156250000,-0.296875000,0.189797360244,0.0901537461157
0.171875000,-0.296875000,0.168366963758,0.0799743077851
0.187500000,-0.296875000,0.144719857278,0.0687419322071
0.203125000,-0.296875000,0.118820254178,0.0564396207344
0.218750000,-0.296875000,0.0906345875278,0.0430514290757
0.234375000,-0.296875000,0.0601328742447,0.0285631152662
0.250000000,-0.296875000,0.0272901999150,0.0129628449596
0.265625000,-0.296875000,-0.00791167292680,-0.00375804464023
0.281250000,-0.296875000,-0.0454825709775,-0.0216042212143
0.296875000,-0.296875000,-0.0854220479695,-0.0405754727855
0.312500000,-0.296875000,-0.127717392646,-0.0606657615069
0.328125000,-0.296875000,-0.172341504182,-0.0818622144864
0.343750000,-0.296875000,-0.219250632984,-0.104144050668
0.359375000,-0.296875000,-0.268381986164,-0.127481443428
0.375000000,-0.296875000,-0.319651195605,-0.151834317912
0.390625000,-0.296875000,-0.372949648088,-0.177151082842
0.406250000,-0.296875000,-0.428141678699,-0.203367297382
0.421875000,-0.296875000,-0.485061626268,-0.230404272477
0.437500000,-0.296875000,-0.543510754995,-0.258167608623
0.453125000,-0.296875000,-0.603254043857,-0.286545670832
0.468750000,-0.296875000,-0.664016849451,-0.315408003489
0.484375000,-0.296875000,-0.725481448092,-0.344603687844
0.500000000,-0.296875000,-0.787283466806,-0.373959646733
0.515625000,-0.296875000,-0.849008214507,-0.403278901891
0.531250000,-0.296875000,-0.910186926829,-0.432338790244
0.546875000,-0.296875000,-0.970292945302,-0.460889149019
0.562500000,-0.296875000,-1.02873785096,-0.488650479205
0.578125000,-0.296875000,-1.08486758394,-0.515312102373
0.593750000,-0.296875000,-1.13795858009,-0.540530325542
0.609375000,-0.296875000,-1.18721396930,-0.563926635415
0.625000000,-0.296875000,-1.23175988484,-0.585085945301
0.640625000,-0.296875000,-1.27064194594,-0.603554924320
0.656250000,-0.296875000,-1.30282198687,-0.618840443765
0.671875000,-0.296875000,-1.32717512066,-0.630408182316
0.687500000,-0.296875000,-1.34248724390,-0.637681440852
0.703125000,-0.296875000,-1.34745310878,-0.640040226672
0.718750000,-0.296875000,-1.34067511268,-0.636820678523
0.734375000,-0.296875000,-1.32066298617,-0.627314918433
0.750000000,-0.296875000,-1.28583459337,-0.610771431851
0.765625000,-0.296875000,-1.23451810023,-0.586396097610
0.781250000,-0.296875000,-1.16495581558,-0.553354012401
0.796875000,-0.296875000,-1.07531006800,-0.510772282299
0.812500000,-0.296875000,-0.963671551462,-0.457743986944
0.828125000,-0.296875000,-0.828070656677,-0.393333561922
0.843750000,-0.296875000,-0.666492404945,-0.316583892349
0.859375000,-0.296875000,-0.476895723762,-0.226525468787
0.875000000,-0.296875000,-0.257237946128,-0.122188024411
0.890625000,-0.296875000,-0.00550559377933,-0.00261515704518
0.906250000,-0.296875000,0.280247284099,0.133117459947
0.921875000,-0.296875000,0.601851687058,0.285879551352
0.937500000,-0.296875000,0.960965311520,0.456458522972
0.953125000,-0.296875000,,
0.968750000,-0.296875000,,
0.984375000,-0.296875000,,
1.000000000,-0.296875000,,
-1.000000000,-0.281250000,,
-0.984375000,-0.281250000,,
-0.968750000,-0.281250000,,
-0.953125000,-0.281250000,,
-0.937500000,-0.281250000,0.930610891135,0.442040173289
-0.921875000,-0.281250000,0.571053465484,0.271250396105
-0.906250000,-0.281250000,0.249599340578,0.118559686775
-0.890625000,-0.281250000,-0.0355370018091,-0.0168800758593
-0.875000000,-0.281250000,-0.286294970799,-0.135990111130
-0.859375000,-0.281250000,-0.504712245708,-0.239738316711
-0.843750000,-0.281250000,-0.692879681724,-0.329117848819
-0.828125000,-0.281250000,-0.852904963090,-0.405129857468
-0.812500000,-0.281250000,-0.986883526493,-0.468769675084
-0.796875000,-0.281250000,-1.09687552727,-0.521015875451
-0.781250000,-0.281250000,-1.18488782694,-0.562821717797
-0.765625000,-0.281250000,-1.25286014661,-0.595108569638
-0.750000000,-0.281250000,-1.30265467660,-0.618760971385
-0.734375000,-0.281250000,-1.33604854475,-0.634623058756
-0.718750000,-0.281250000,-1.35472864548,-0.643496106601
-0.703125000,-0.281250000,-1.36028841159,-0.646136995505
-0.687500000,-0.281250000,-1.35422617851,-0.643257434790
-0.671875000,-0.281250000,-1.33794484874,-0.635523803153
-0.656250000,-0.281250000,-1.31275260723,-0.623557488435
-0.640625000,-0.281250000,-1.27986448486,-0.607935630310
-0.625000000,-0.281250000,-1.24040459404,-0.589192182171
-0.609375000,-0.281250000,-1.19540889298,-0.567819224164
-0.593750000,-0.281250000,-1.14582835654,-0.544268469358
-0.578125000,-0.281250000,-1.09253245244,-0.518952914911
-0.562500000,-0.281250000,-1.03631283837,-0.492248598224
-0.546875000,-0.281250000,-0.977887208706,-0.464496424135
-0.531250000,-0.281250000,-0.917903233679,-0.436004035998
-0.515625000,-0.281250000,-0.856942541088,-0.407047707017
-0.500000000,-0.281250000,-0.795524702063,-0.377874233480
-0.484375000,-0.281250000,-0.734111186493,-0.348702813584
-0.468750000,-0.281250000,-0.673109264012,-0.319726900406
-0.453125000,-0.281250000,-0.612875825741,-0.291116017227
-0.437500000,-0.281250000,-0.553721113379,-0.263017528855
-0.421875000,-0.281250000,-0.495912338454,-0.235558360765
-0.406250000,-0.281250000,-0.439677183829,-0.208846662319
-0.390625000,-0.281250000,-0.385207178452,-0.182973409765
-0.375000000,-0.281250000,-0.332660939312,-0.158013946173
-0.359375000,-0.281250000,-0.282167277553,-0.134029456838
-0.343750000,-0.281250000,-0.233828164531,-0.111068378152
-0.328125000,-0.281250000,-0.187721558190,-0.0891677401404
-0.312500000,-0.281250000,-0.143904087837,-0.0683544417228
-0.296875000,-0.281250000,-0.102413598930,-0.0486464594915
-0.281250000,-0.281250000,-0.0632715579493,-0.0300539900259
-0.265625000,-0.281250000,-0.0264853192229,-0.0125805266309
-0.250000000,-0.281250000,0.00794974404430,0.00377612842104
-0.234375000,-0.281250000,0.0400482433509,0.0190229155917
-0.218750000,-0.281250000,0.0698329096089,0.0331706320642
-0.203125000,-0.281250000,0.0973328569142,0.0462331070342
-0.187500000,-0.281250000,0.122581973476,0.0582264374012
-0.171875000,-0.281250000,0.145617436104,0.0691682821496
-0.156250000,-0.281250000,0.166478346748,0.0790772147051
-0.140625000,-0.281250000,0.185204487088,0.0879721313666
-0.125000000,-0.281250000,0.201835191137,0.0958717157899
-0.109375000,-0.281250000,0.216525991775,0.102849846093
-0.093750000,-0.281250000,0.229034684837,0.108791475297
-0.078125000,-0.281250000,0.239567636163,0.113794627177
-0.062500000,-0.281250000,0.248149619094,0.117871069070
-0.046875000,-0.281250000,0.254801712740,0.121030813551
-0.031250000,-0.281250000,0.259540815340,0.123281887287
-0.015625000,-0.281250000,0.262379265941,0.124630151322
0.000000000,-0.281250000,0.263324575578,0.125079173400
0.015625000,-0.281250000,0.262379265941,0.124630151322
0.031250000,-0.281250000,0.259540815340,0.123281887287
0.046875000,-0.281250000,0.254801712740,0.121030813551
0.062500000,-0.281250000,0.248149619094,0.117871069070
0.078125000,-0.281250000,0.239567636163,0.113794627177
0.093750000,-0.281250000,0.229034684837,0.108791475297
0.109375000,-0.281250000,0.216525991775,0.102849846093
0.125000000,-0.281250000,0.201835191137,0.0958717157899
0.140625000,-0.281250000,0.185204487088,0.0879721313666
0.156250000,-0.281250000,0.166478346748,0.0790772147051
0.171875000,-0.281250000,0.145617436104,0.0691682821496
0.187500000,-0.281250000,0.122581973476,0.0582264374012
0.203125000,-0.281250000,0.0973328569142,0.0462331070342
0.218750000,-0.281250000,0.0698329096089,0.0331706320642
0.234375000,-0.281250000,0.0400482433509,0.0190229155917
0.250000000,-0.281250000,0.00794974404430,0.00377612842104
0.265625000,-0.281250000,-0.0264853192229,-0.0125805266309
0.281250000,-0.281250000,-0.0632715579493,-0.0300539900259
0.296875000,-0.281250000,-0.102413598930,-0.0486464594915
0.312500000,-0.281250000,-0.143904087837,-0.0683544417228
0.328125000,-0.281250000,-0.187721558190,-0.0891677401404
0.343750000,-0.281250000,-0.233828164531,-0.111068378152
0.359375000,-0.281250000,-0.282167277553,-0.134029456838
0.375000000,-0.281250000,-0.332660939312,-0.158013946173
0.390625000,-0.281250000,-0.385207178452,-0.182973409765
0.406250000,-0.281250000,-0.439677183829,-0.208846662319
0.421875000,-0.281250000,-0.495912338454,-0.235558360765
0.437500000,-0.281250000,-0.553721113379,-0.263017528855
0.453125000,-0.281250000,-0.612875825741,-0.291116017227
0.468750000,-0.281250000,-0.673109264012,-0.319726900406
0.484375000,-0.281250000,-0.734111186493,-0.348702813584
0.500000000,-0.281250000,-0.795524702063,-0.377874233480
0.515625000,-0.281250000,-0.856942541088,-0.407047707017
0.531250000,-0.281250000,-0.917903233679,-0.436004035998
0.546875000,-0.281250000,-0.977887208706,-0.464496424135
0.562500000,-0.281250000,-1.03631283837,-0.492248598224
0.578125000,-0.281250000,-1.09253245244,-0.518952914911
0.593750000,-0.281250000,-1.14582835654,-0.544268469358
0.609375000,-0.281250000,-1.19540889298,-0.567819224164
0.625000000,-0.281250000,-1.24040459404,-0.589192182171
0.640625000,-0.281250000,-1.27986448486,-0.607935630310
0.656250000,-0.281250000,-1.31275260723,-0.623557488435
0.671875000,-0.281250000,-1.33794484874,-0.635523803153
0.687500000,-0.281250000,-1.35422617851,-0.643257434790
0.703125000,-0.281250000,-1.36028841159,-0.646136995505
0.718750000,-0.281250000,-1.35472864548,-0.643496106601
0.734375000,-0.281250000,-1.33604854475,-0.634623058756
0.750000000,-0.281250000,-1.30265467660,-0.618760971385
0.765625000,-0.281250000,-1.25286014661,-0.595108569638
0.781250000,-0.281250000,-1.18488782694,-0.562821717797
0.796875000,-0.281250000,-1.09687552727,-0.521015875451
0.812500000,-0.281250000,-0.986883526493,-0.468769675084
0.828125000,-0.281250000,-0.852904963090,-0.405129857468
0.843750000,-0.281250000,-0.692879681724,-0.329117848819
0.859375000,-0.281250000,-0.504712245708,-0.239738316711
0.875000000,-0.281250000,-0.286294970799,-0.135990111130
0.890625000,-0.281250000,-0.0355370018091,-0.0168800758593
0.906250000,-0.281250000,0.249599340578,0.118559686775
0.921875000,-0.281250000,0.571053465484,0.271250396105
0.937500000,-0.281250000,0.930610891135,0.442040173289
0.953125000,-0.281250000,,
0.968750000,-0.281250000,,
0.984375000,-0.281250000,,
1.000000000,-0.281250000,,
-1.000000000,-0.265625000,,
-0.984375000,-0.265625000,,
-0.968750000,-0.265625000,,
-0.953125000,-0.265625000,,
-0.937500000,-0.265625000,0.906072359463,0.430384370745
-0.921875000,-0.265625000,0.546015073725,0.259357160019
-0.906250000,-0.265625000,0.224611170151,0.106690305822
-0.890625000,-0.265625000,-0.0600435763640,-0.0285206987729
-0.875000000,-0.265625000,-0.309989285915,-0.147244910809
-0.859375000,-0.265625000,-0.527348869231,-0.250490712885
-0.843750000,-0.265625000,-0.714285081750,-0.339285413831
-0.828125000,-0.265625000,-0.872966015569,-0.414658857395
-0.812500000,-0.265625000,-1.00553760152,-0.477630360720
-0.796875000,-0.265625000,-1.11410193275,-0.529198418056
-0.781250000,-0.265625000,-1.20070042118,-0.570332700059
-0.765625000,-0.265625000,-1.26730096204,-0.601967956967
-0.750000000,-0.265625000,-1.31578841696,-0.624999498058
-0.734375000,-0.265625000,-1.34795784027,-0.640279974128
-0.718750000,-0.265625000,-1.36550996492,-0.648617233338
-0.703125000,-0.265625000,-1.37004854697,-0.650773059812
-0.687500000,-0.265625000,-1.36307922673,-0.647462632699
-0.671875000,-0.265625000,-1.34600962697,-0.639354572813
-0.656250000,-0.265625000,-1.32015044724,-0.627071462440
-0.640625000,-0.265625000,-1.28671735697,-0.611190744561
-0.625000000,-0.265625000,-1.24683352026,-0.592245922123
-0.609375000,-0.265625000,-1.20153261198,-0.570727990690
-0.593750000,-0.265625000,-1.15176220975,-0.547087049630
-0.578125000,-0.265625000,-1.09838746231,-0.521734044599
-0.562500000,-0.265625000,-1.04219495552,-0.495042603870
-0.546875000,-0.265625000,-0.983896706788,-0.467350935724
-0.531250000,-0.265625000,-0.924134232310,-0.438963760347
-0.515625000,-0.265625000,-0.863482641130,-0.410154254537
-0.500000000,-0.265625000,-0.802454718770,-0.381165991416
-0.484375000,-0.265625000,-0.741504967869,-0.352214859738
-0.468750000,-0.265625000,-0.681033582342,-0.323490951612
-0.453125000,-0.265625000,-0.621390333928,-0.295160408616
-0.437500000,-0.265625000,-0.562878355823,-0.267367219016
-0.421875000,-0.265625000,-0.505757809283,-0.240234959410
-0.406250000,-0.265625000,-0.450249426464,-0.213868477570
-0.390625000,-0.265625000,-0.396537919217,-0.188355511628
-0.375000000,-0.265625000,-0.344775250653,-0.163768244060
-0.359375000,-0.265625000,-0.295083765972,-0.140164788837
-0.343750000,-0.265625000,-0.247559179023,-0.117590610036
-0.328125000,-0.265625000,-0.202273415925,-0.0960798725646
-0.312500000,-0.265625000,-0.159277313373,-0.0756567238522
-0.296875000,-0.265625000,-0.118603175321,-0.0563365082774
-0.281250000,-0.265625000,-0.0802671856416,-0.0381269131798
-0.265625000,-0.265625000,-0.0442716826166,-0.0210290492429
-0.250000000,-0.265625000,-0.0106072942568,-0.00503846477196
-0.234375000,-0.265625000,0.0207450613644,0.00985390414809
-0.218750000,-0.265625000,0.0498123083592,0.0236608464706
-0.203125000,-0.265625000,0.0766274765060,0.0363980513403
-0.187500000,-0.265625000,0.101228090908,0.0480833431813
-0.171875000,-0.265625000,0.123654687274,0.0587359764554
-0.156250000,-0.265625000,0.143949449147,0.0683759883448
-0.140625000,-0.265625000,0.162154964055,0.0770236079261
-0.125000000,-0.265625000,0.178313097329,0.0846987212314
-0.109375000,-0.265625000,0.192622640964,0.0914957544579
-0.093750000,-0.265625000,0.204753112762,0.0972577285621
-0.078125000,-0.265625000,0.214963368489,0.102107600032
-0.062500000,-0.265625000,0.223279514625,0.106057769447
-0.046875000,-0.265625000,0.229723719689,0.109118766853
-0.031250000,-0.265625000,0.234313727229,0.111299020434
-0.015625000,-0.265625000,0.237062479666,0.112604677841
0.000000000,-0.265625000,0.237977849849,0.113039478678
0.015625000,-0.265625000,0.237062479666,0.112604677841
0.031250000,-0.265625000,0.234313727229,0.111299020434
0.046875000,-0.265625000,0.229723719689,0.109118766853
0.062500000,-0.265625000,0.223279514625,0.106057769447
0.078125000,-0.265625000,0.214963368489,0.102107600032
0.093750000,-0.265625000,0.204753112762,0.0972577285621
0.109375000,-0.265625000,0.192622640964,0.0914957544579
0.125000000,-0.265625000,0.178313097329,0.0846987212314
0.140625000,-0.265625000,0.162154964055,0.0770236079261
0.156250000,-0.265625000,0.143949449147,0.0683759883448
0.171875000,-0.265625000,0.123654687274,0.0587359764554
0.187500000,-0.265625000,0.101228090908,0.0480833431813
0.203125000,-0.265625000,0.0766274765060,0.0363980513403
0.218750000,-0.265625000,0.0498123083592,0.0236608464706
0.234375000,-0.265625000,0.0207450613644,0.00985390414809
0.250000000,-0.265625000,-0.0106072942568,-0.00503846477196
0.265625000,-0.265625000,-0.0442716826166,-0.0210290492429
0.281250000,-0.265625000,-0.0802671856416,-0.0381269131798
0.296875000,-0.265625000,-0.118603175321,-0.0563365082774
0.312500000,-0.265625000,-0.159277313373,-0.0756567238522
0.328125000,-0.265625000,-0.202273415925,-0.0960798725646
0.343750000,-0.265625000,-0.247559179023,-0.117590610036
0.359375000,-0.265625000,-0.295083765972,-0.140164788837
0.375000000,-0.265625000,-0.344775250653,-0.163768244060
0.390625000,-0.265625000,-0.396537919217,-0.188355511628
0.406250000,-0.265625000,-0.450249426464,-0.213868477570
0.421875000,-0.265625000,-0.505757809283,-0.240234959410
0.437500000,-0.265625000,-0.562878355823,-0.267367219016
0.453125000,-0.265625000,-0.621390333928,-0.295160408616
0.468750000,-0.265625000,-0.681033582342,-0.323490951612
0.484375000,-0.265625000,-0.741504967869,-0.352214859738
0.500000000,-0.265625000,-0.802454718770,-0.381165991416
0.515625000,-0.265625000,-0.863482641130,-0.410154254537
0.531250000,-0.265625000,-0.924134232310,-0.438963760347
0.546875000,-0.265625000,-0.983896706788,-0.467350935724
0.562500000,-0.265625000,-1.04219495552,-0.495042603870
0.578125000,-0.265625000,-1.09838746231,-0.521734044599
0.593750000,-0.265625000,-1.15176220975,-0.547087049630
0.609375000,-0.265625000,-1.20153261198,-0.570727990690
0.625000000,-0.265625000,-1.24683352026,-0.592245922123
0.640625000,-0.265625000,-1.28671735697,-0.611190744561
0.656250000,-0.265625000,-1.32015044724,-0.627071462440
0.671875000,-0.265625000,-1.34600962697,-0.639354572813
0.687500000,-0.265625000,-1.36307922673,-0.647462632699
0.703125000,-0.265625000,-1.37004854697,-0.650773059812
0.718750000,-0.265625000,-1.36550996492,-0.648617233338
0.734375000,-0.265625000,-1.34795784027,-0.640279974128
0.750000000,-0.265625000,-1.31578841696,-0.624999498058
0.765625000,-0.265625000,-1.26730096204,-0.601967956967
0.781250000,-0.265625000,-1.20070042118,-0.570332700059
0.796875000,-0.265625000,-1.11410193275,-0.529198418056
0.812500000,-0.265625000,-1.00553760152,-0.477630360720
0.828125000,-0.265625000,-0.872966015569,-0.414658857395
0.843750000,-0.265625000,-0.714285081750,-0.339285413831
0.859375000,-0.265625000,-0.527348869231,-0.250490712885
0.875000000,-0.265625000,-0.309989285915,-0.147244910809
0.890625000,-0.265625000,-0.0600435763640,-0.0285206987729
0.906250000,-0.265625000,0.224611170151,0.106690305822
0.921875000,-0.265625000,0.546015073725,0.259357160019
0.937500000,-0.265625000,0.906072359463,0.430384370745
0.953125000,-0.265625000,,
0.968750000,-0.265625000,,
0.984375000,-0.265625000,,
1.000000000,-0.265625000,,
-1.000000000,-0.250000000,,
-0.984375000,-0.250000000,,
-0.968750000,-0.250000000,,
-0.953125000,-0.250000000,,
-0.937500000,-0.250000000,0.887784940979,0.421697846965
-0.921875000,-0.250000000,0.527117127309,0.250380635472
-0.906250000,-0.250000000,0.205615160971,0.0976672014612
-0.890625000,-0.250000000,-0.0787355500506,-0.0373993862740
-0.875000000,-0.250000000,-0.328068806451,-0.155832683064
-0.859375000,-0.250000000,-0.544586829492,-0.258678744009
-0.843750000,-0.250000000,-0.730519296432,-0.346996665805
-0.828125000,-0.250000000,-0.888090530881,-0.421843002169
-0.812500000,-0.250000000,-1.01949346366,-0.484259395236
-0.796875000,-0.250000000,-1.12686921379,-0.535262876552
-0.781250000,-0.250000000,-1.21229132891,-0.575838381234
-0.765625000,-0.250000000,-1.27775388825,-0.606933096920
-0.750000000,-0.250000000,-1.32516279811,-0.629452329104
-0.734375000,-0.250000000,-1.35632972318,-0.644256618509
-0.718750000,-0.250000000,-1.37296818620,-0.652159888445
-0.703125000,-0.250000000,-1.37669144508,-0.653928436412
-0.687500000,-0.250000000,-1.36901182006,-0.650280614529
-0.671875000,-0.250000000,-1.35134119686,-0.641887068508
-0.656250000,-0.250000000,-1.32499247607,-0.629371426132
-0.640625000,-0.250000000,-1.29118177556,-0.613311343389
-0.625000000,-0.250000000,-1.25103122631,-0.594239832499
-0.609375000,-0.250000000,-1.20557222568,-0.572646807199
-0.593750000,-0.250000000,-1.15574903596,-0.548980792080
-0.578125000,-0.250000000,-1.10242263515,-0.523650751694
-0.562500000,-0.250000000,-1.04637474068,-0.497028001822
-0.546875000,-0.250000000,-0.988311942968,-0.469448172910
-0.531250000,-0.250000000,-0.928869893594,-0.441213199457
-0.515625000,-0.250000000,-0.868617504867,-0.412593314812
-0.500000000,-0.250000000,-0.808061125492,-0.383829034609
-0.484375000,-0.250000000,-0.747648661014,-0.355133113982
-0.468750000,-0.250000000,-0.687773617683,-0.326692468399
-0.453125000,-0.250000000,-0.628779048275,-0.298670047931
-0.437500000,-0.250000000,-0.570961387500,-0.271206659062
-0.421875000,-0.250000000,-0.514574163562,-0.244422727692
-0.406250000,-0.250000000,-0.459831577689,-0.218419999402
-0.390625000,-0.250000000,-0.406911945981,-0.193283174341
-0.375000000,-0.250000000,-0.355960997774,-0.169081473943
-0.359375000,-0.250000000,-0.307095028561,-0.145870138566
-0.343750000,-0.250000000,-0.260403906075,-0.123691855385
-0.328125000,-0.250000000,-0.215953928657,-0.102578116112
-0.312500000,-0.250000000,-0.173790536382,-0.0825505047813
-0.296875000,-0.250000000,-0.133940876747,-0.0636219164550
-0.281250000,-0.250000000,-0.0964162256357,-0.0457977071770
-0.265625000,-0.250000000,-0.0612142666994,-0.0290767766822
-0.250000000,-0.250000000,-0.0283212306518,-0.0134525845596
-0.234375000,-0.250000000,0.00228610138451,0.00108589815764
-0.218750000,-0.250000000,0.0306385298344,0.0145533016714
-0.203125000,-0.250000000,0.0567726988546,0.0269670319560
-0.187500000,-0.250000000,0.0807294870505,0.0383465063490
-0.171875000,-0.250000000,0.102552523736,0.0487124487746
-0.156250000,-0.250000000,0.122286827404,0.0580862430169
-0.140625000,-0.250000000,0.139977564368,0.0664893430750
-0.125000000,-0.250000000,0.155668924139,0.0739427389662
-0.109375000,-0.250000000,0.169403109969,0.0804664772354
-0.093750000,-0.250000000,0.181376253842,0.0861537205750
-0.078125000,-0.250000000,0.191266671225,0.0908516688320
-0.062500000,-0.250000000,0.199319493761,0.0946767595365
-0.046875000,-0.250000000,0.205557873864,0.0976399900855
-0.031250000,-0.250000000,0.210000318978,0.0997501515144
-0.015625000,-0.250000000,0.212660316373,0.101013650277
0.000000000,-0.250000000,0.213546065206,0.101434380973
0.015625000,-0.250000000,0.212660316373,0.101013650277
0.031250000,-0.250000000,0.210000318978,0.0997501515144
0.046875000,-0.250000000,0.205557873864,0.0976399900855
0.062500000,-0.250000000,0.199319493761,0.0946767595365
0.078125000,-0.250000000,0.191266671225,0.0908516688320
0.093750000,-0.250000000,0.181376253842,0.0861537205750
0.109375000,-0.250000000,0.169403109969,0.0804664772354
0.125000000,-0.250000000,0.155668924139,0.0739427389662
0.140625000,-0.250000000,0.139977564368,0.0664893430750
0.156250000,-0.250000000,0.122286827404,0.0580862430169
0.171875000,-0.250000000,0.102552523736,0.0487124487746
0.187500000,-0.250000000,0.0807294870505,0.0383465063490
0.203125000,-0.250000000,0.0567726988546,0.0269670319560
0.218750000,-0.250000000,0.0306385298344,0.0145533016714
0.234375000,-0.250000000,0.00228610138451,0.00108589815764
0.250000000,-0.250000000,-0.0283212306518,-0.0134525845596
0.265625000,-0.250000000,-0.0612142666994,-0.0290767766822
0.281250000,-0.250000000,-0.0964162256357,-0.0457977071770
0.296875000,-0.250000000,-0.133940876747,-0.0636219164550
0.312500000,-0.250000000,-0.173790536382,-0.0825505047813
0.328125000,-0.250000000,-0.215953928657,-0.102578116112
0.343750000,-0.250000000,-0.260403906075,-0.123691855385
0.359375000,-0.250000000,-0.307095028561,-0.145870138566
0.375000000,-0.250000000,-0.355960997774,-0.169081473943
0.390625000,-0.250000000,-0.406911945981,-0.193283174341
0.406250000,-0.250000000,-0.459831577689,-0.218419999402
0.421875000,-0.250000000,-0.514574163562,-0.244422727692
0.437500000,-0.250000000,-0.570961387500,-0.271206659062
0.453125000,-0.250000000,-0.628779048275,-0.298670047931
0.468750000,-0.250000000,-0.687773617683,-0.326692468399
0.484375000,-0.250000000,-0.747648661014,-0.355133113982
0.500000000,-0.250000000,-0.808061125492,-0.383829034609
0.515625000,-0.250000000,-0.868617504867,-0.412593314812
0.531250000,-0.250000000,-0.928869893594,-0.441213199457
0.546875000,-0.250000000,-0.988311942968,-0.469448172910
0.562500000,-0.250000000,-1.04637474068,-0.497028001822
0.578125000,-0.250000000,-1.10242263515,-0.523650751694
0.593750000,-0.250000000,-1.15574903596,-0.548980792080
0.609375000,-0.250000000,-1.20557222568,-0.572646807199
0.625000000,-0.250000000,-1.25103122631,-0.594239832499
0.640625000,-0.250000000,-1.29118177556,-0.613311343389
0.656250000,-0.250000000,-1.32499247607,-0.629371426132
0.671875000,-0.250000000,-1.35134119686,-0.641887068508
0.687500000,-0.250000000,-1.36901182006,-0.650280614529
0.703125000,-0.250000000,-1.37669144508,-0.653928436412
0.718750000,-0.250000000,-1.37296818620,-0.652159888445
0.734375000,-0.250000000,-1.35632972318,-0.644256618509
0.750000000,-0.250000000,-1.32516279811,-0.629452329104
0.765625000,-0.250000000,-1.27775388825,-0.606933096920
0.781250000,-0.250000000,-1.21229132891,-0.575838381234
0.796875000,-0.250000000,-1.12686921379,-0.535262876552
0.812500000,-0.250000000,-1.01949346366,-0.484259395236
0.828125000,-0.250000000,-0.888090530881,-0.421843002169
0.843750000,-0.250000000,-0.730519296432,-0.346996665805
0.859375000,-0.250000000,-0.544586829492,-0.258678744009
0.875000000,-0.250000000,-0.328068806451,-0.155832683064
0.890625000,-0.250000000,-0.0787355500506,-0.0373993862740
0.906250000,-0.250000000,0.205615160971,0.0976672014612
0.921875000,-0.250000000,0.527117127309,0.250380635472
0.937500000,-0.250000000,0.887784940979,0.421697846965
0.953125000,-0.250000000,,
0.968750000,-0.250000000,,
0.984375000,-0.250000000,,
1.000000000,-0.250000000,,
-1.000000000,-0.234375000,,
-0.984375000,-0.234375000,,
-0.968750000,-0.234375000,,
-0.953125000,-0.234375000,1.27918826908,0.607614427814
-0.937500000,-0.234375000,0.876148013366,0.416170306349
-0.921875000,-0.234375000,0.514707776945,0.244486194049
-0.906250000,-0.234375000,0.192914104396,0.0916341995881
-0.890625000,-0.234375000,-0.0913503214410,-0.0433914026845
-0.875000000,-0.234375000,-0.340306552614,-0.161645612492
-0.859375000,-0.234375000,-0.556230719852,-0.264209591930
-0.843750000,-0.234375000,-0.741414894265,-0.352172074776
-0.828125000,-0.234375000,-0.898135845518,-0.426614526621
-0.812500000,-0.234375000,-1.02863035149,-0.488599416957
-0.796875000,-0.234375000,-1.13507594257,-0.539161072721
-0.781250000,-0.234375000,-1.21957614841,-0.579298670493
-0.765625000,-0.234375000,-1.28414947108,-0.609970998764
-0.750000000,-0.234375000,-1.33072143696,-0.632092682555
-0.734375000,-0.234375000,-1.36111918453,-0.646531612653
-0.718750000,-0.234375000,-1.37706813519,-0.654107364215
-0.703125000,-0.234375000,-1.38019036954,-0.655590425532
-0.687500000,-0.234375000,-1.37200438878,-0.651702084670
-0.671875000,-0.234375000,-1.35392599821,-0.643114849150
-0.656250000,-0.234375000,-1.32727008816,-0.630453291874
-0.640625000,-0.234375000,-1.29325312766,-0.614295235639
-0.625000000,-0.234375000,-1.25299621442,-0.595173201850
-0.609375000,-0.234375000,-1.20752855056,-0.573576061515
-0.593750000,-0.234375000,-1.15779123650,-0.549950837338
-0.578125000,-0.234375000,-1.10464129229,-0.524704613839
-0.562500000,-0.234375000,-1.04885583087,-0.498206519665
-0.546875000,-0.234375000,-0.991136321655,-0.470789752786
-0.531250000,-0.234375000,-0.932112893259,-0.442753624298
-0.515625000,-0.234375000,-0.872348632177,-0.414365600284
-0.500000000,-0.234375000,-0.812343845080,-0.385863326413
-0.484375000,-0.234375000,-0.752540254352,-0.357456620817
-0.468750000,-0.234375000,-0.693325106615,-0.329329425642
-0.453125000,-0.234375000,-0.635035175364,-0.301641708298
-0.437500000,-0.234375000,-0.577960644150,-0.274531305971
-0.421875000,-0.234375000,-0.522348859310,-0.248115708172
-0.406250000,-0.234375000,-0.468407945247,-0.222493773992
-0.390625000,-0.234375000,-0.416310275085,-0.197747380665
-0.375000000,-0.234375000,-0.366195794433,-0.173943002356
-0.359375000,-0.234375000,-0.318175194790,-0.151133217525
-0.343750000,-0.234375000,-0.272332936636,-0.129358144902
-0.328125000,-0.234375000,-0.228730121109,-0.108646807527
-0.312500000,-0.234375000,-0.187407212295,-0.0890184258401
-0.296875000,-0.234375000,-0.148386610963,-0.0704836402074
-0.281250000,-0.234375000,-0.111675081690,-0.0530456638027
-0.265625000,-0.234375000,-0.0772660368239,-0.0367013674913
-0.250000000,-0.234375000,-0.0451416784728,-0.0214422972746
-0.234375000,-0.234375000,-0.0152750027535,-0.00725562630793
-0.218750000,-0.234375000,0.0123683310283,0.00587495723845
-0.203125000,-0.234375000,0.0378282635938,0.0179684252071
-0.187500000,-0.234375000,0.0611487277572,0.0290456456847
-0.171875000,-0.234375000,0.0823761661145,0.0391286789044
-0.156250000,-0.234375000,0.101558172345,0.0482401318639
-0.140625000,-0.234375000,0.118742251388,0.0564025694092
-0.125000000,-0.234375000,0.133974698732,0.0636379818977
-0.109375000,-0.234375000,0.147299592764,0.0699673065630
-0.093750000,-0.234375000,0.158757901041,0.0754100029947
-0.078125000,-0.234375000,0.168386695944,0.0799836805732
-0.062500000,-0.234375000,0.176353064890,0.0837677058225
-0.046875000,-0.234375000,0.182388492527,0.0866345339501
-0.031250000,-0.234375000,0.186663092622,0.0886649689955
-0.015625000,-0.234375000,0.189238895810,0.0898884755099
0.000000000,-0.234375000,0.190096490418,0.0902958329488
0.015625000,-0.234375000,0.189238895810,0.0898884755099
0.031250000,-0.234375000,0.186663092622,0.0886649689955
0.046875000,-0.234375000,0.182388492527,0.0866345339501
0.062500000,-0.234375000,0.176353064890,0.0837677058225
0.078125000,-0.234375000,0.168386695944,0.0799836805732
0.093750000,-0.234375000,0.158757901041,0.0754100029947
0.109375000,-0.234375000,0.147299592764,0.0699673065630
0.125000000,-0.234375000,0.133974698732,0.0636379818977
0.140625000,-0.234375000,0.118742251388,0.0564025694092
0.156250000,-0.234375000,0.101558172345,0.0482401318639
0.171875000,-0.234375000,0.0823761661145,0.0391286789044
0.187500000,-0.234375000,0.0611487277572,0.0290456456847
0.203125000,-0.234375000,0.0378282635938,0.0179684252071
0.218750000,-0.234375000,0.0123683310283,0.00587495723845
0.234375000,-0.234375000,-0.0152750027535,-0.00725562630793
0.250000000,-0.234375000,-0.0451416784728,-0.0214422972746
0.265625000,-0.234375000,-0.0772660368239,-0.0367013674913
0.281250000,-0.234375000,-0.111675081690,-0.0530456638027
0.296875000,-0.234375000,-0.148386610963,-0.0704836402074
0.312500000,-0.234375000,-0.187407212295,-0.0890184258401
0.328125000,-0.234375000,-0.228730121109,-0.108646807527
0.343750000,-0.234375000,-0.272332936636,-0.129358144902
0.359375000,-0.234375000,-0.318175194790,-0.151133217525
0.375000000,-0.234375000,-0.366195794433,-0.173943002356
0.390625000,-0.234375000,-0.416310275085,-0.197747380665
0.406250000,-0.234375000,-0.468407945247,-0.222493773992
0.421875000,-0.234375000,-0.522348859310,-0.248115708172
0.437500000,-0.234375000,-0.577960644150,-0.274531305971
0.453125000,-0.234375000,-0.635035175364,-0.301641708298
0.468750000,-0.234375000,-0.693325106615,-0.329329425642
0.484375000,-0.234375000,-0.752540254352,-0.357456620817
0.500000000,-0.234375000,-0.812343845080,-0.385863326413
0.515625000,-0.234375000,-0.872348632177,-0.414365600284
0.531250000,-0.234375000,-0.932112893259,-0.442753624298
0.546875000,-0.234375000,-0.991136321655,-0.470789752786
0.562500000,-0.234375000,-1.04885583087,-0.498206519665
0.578125000,-0.234375000,-1.10464129229,-0.524704613839
0.593750000,-0.234375000,-1.15779123650,-0.549950837338
0.609375000,-0.234375000,-1.20752855056,-0.573576061515
0.625000000,-0.234375000,-1.25299621442,-0.595173201850
0.640625000,-0.234375000,-1.29325312766,-0.614295235639
0.656250000,-0.234375000,-1.32727008816,-0.630453291874
0.671875000,-0.234375000,-1.35392599821,-0.643114849150
0.687500000,-0.234375000,-1.37200438878,-0.651702084670
0.703125000,-0.234375000,-1.38019036954,-0.655590425532
0.718750000,-0.234375000,-1.37706813519,-0.654107364215
0.734375000,-0.234375000,-1.36111918453,-0.646531612653
0.750000000,-0.234375000,-1.33072143696,-0.632092682555
0.765625000,-0.234375000,-1.28414947108,-0.609970998764
0.781250000,-0.234375000,-1.21957614841,-0.579298670493
0.796875000,-0.234375000,-1.13507594257,-0.539161072721
0.812500000,-0.234375000,-1.02863035149,-0.488599416957
0.828125000,-0.234375000,-0.898135845518,-0.426614526621
0.843750000,-0.234375000,-0.741414894265,-0.352172074776
0.859375000,-0.234375000,-0.556230719852,-0.264209591930
0.875000000,-0.234375000,-0.340306552614,-0.161645612492
0.890625000,-0.234375000,-0.0913503214410,-0.0433914026845
0.906250000,-0.234375000,0.192914104396,0.0916341995881
0.921875000,-0.234375000,0.514707776945,0.244486194049
0.937500000,-0.234375000,0.876148013366,0.416170306349
0.953125000,-0.234375000,1.27918826908,0.607614427814
0.968750000,-0.234375000,,
0.984375000,-0.234375000,,
1.000000000,-0.234375000,,
-1.000000000,-0.218750000,,
-0.984375000,-0.218750000,,
-0.968750000,-0.218750000,,
-0.953125000,-0.218750000,1.27611882831,0.606156443448
-0.937500000,-0.218750000,0.871529259999,0.413976398500
-0.921875000,-0.218750000,0.509106440639,0.241825559304
-0.906250000,-0.218750000,0.186784564205,0.0887226679975
-0.890625000,-0.218750000,-0.0976493979000,-0.0463834640025
-0.875000000,-0.218750000,-0.346497861504,-0.164586484215
-0.859375000,-0.218750000,-0.562105934951,-0.267000319101
-0.843750000,-0.218750000,-0.746823962677,-0.354741382272
-0.828125000,-0.218750000,-0.902977729169,-0.428914421355
-0.812500000,-0.218750000,-1.03284501561,-0.490601382413
-0.796875000,-0.218750000,-1.13863742064,-0.540852774802
-0.781250000,-0.218750000,-1.22248653981,-0.580681106411
-0.765625000,-0.218750000,-1.28643374729,-0.611056029961
-0.750000000,-0.218750000,-1.33242295034,-0.632900901410
-0.734375000,-0.218750000,-1.36229578847,-0.647090499525
-0.718750000,-0.218750000,-1.37778883869,-0.654449698376
-0.703125000,-0.218750000,-1.38053245551,-0.655752916369
-0.687500000,-0.218750000,-1.37205094081,-0.651724196882
-0.671875000,-0.218750000,-1.35376378190,-0.643037796403
-0.656250000,-0.218750000,-1.32698774438,-0.630319178582
-0.640625000,-0.218750000,-1.29293963898,-0.614146328515
-0.625000000,-0.218750000,-1.25273960989,-0.595051314698
-0.609375000,-0.218750000,-1.20741482028,-0.573522039632
-0.593750000,-0.218750000,-1.15790342978,-0.550004129147
-0.578125000,-0.218750000,-1.10505877679,-0.524902918976
-0.562500000,-0.218750000,-1.04965369151,-0.498585503467
-0.546875000,-0.218750000,-0.992384883681,-0.471382819748
-0.531250000,-0.218750000,-0.933877351689,-0.443591742052
-0.515625000,-0.218750000,-0.874688775538,-0.415477168381
-0.500000000,-0.218750000,-0.815313859917,-0.387274083460
-0.484375000,-0.218750000,-0.756188600763,-0.359189585363
-0.468750000,-0.218750000,-0.697694454866,-0.331404866061
-0.453125000,-0.218750000,-0.640162394557,-0.304077137414
-0.437500000,-0.218750000,-0.583876836225,-0.277341497207
-0.421875000,-0.218750000,-0.529079431726,-0.251312730070
-0.406250000,-0.218750000,-0.475972715622,-0.226087039921
-0.390625000,-0.218750000,-0.424723603540,-0.201743711682
-0.375000000,-0.218750000,-0.375466738531,-0.178346700802
-0.359375000,-0.218750000,-0.328307683204,-0.155946149522
-0.343750000,-0.218750000,-0.283325957690,-0.134579829903
-0.328125000,-0.218750000,-0.240577923594,-0.114274513707
-0.312500000,-0.218750000,-0.200099515707,-0.0950472699611
-0.296875000,-0.218750000,-0.161908821954,-0.0769066904283
-0.281250000,-0.218750000,-0.126008516315,-0.0598540452497
-0.265625000,-0.218750000,-0.0923881451176,-0.0438843689309
-0.250000000,-0.218750000,-0.0610262711945,-0.0289874788174
-0.234375000,-0.218750000,-0.0318924784502,-0.0151489272638
-0.218750000,-0.218750000,-0.00494923998221,-0.00235088899155
-0.203125000,-0.218750000,0.0198463458748,0.00942701429052
-0.187500000,-0.218750000,0.0425409500498,0.0202069512736
-0.171875000,-0.218750000,0.0631835333611,0.0300121783465
-0.156250000,-0.218750000,0.0818239899342,0.0388663952187
-0.140625000,-0.218750000,0.0985119114260,0.0467931579273
-0.125000000,-0.218750000,0.113295468777,0.0538153476690
-0.109375000,-0.218750000,0.126220408287,0.0599546939365
-0.093750000,-0.218750000,0.137329160617,0.0652313512930
-0.078125000,-0.218750000,0.146660059796,0.0696635284032
-0.062500000,-0.218750000,0.154223608155,0.0732562138735
-0.046875000,-0.218750000,0.160101489614,0.0760482075665
-0.031250000,-0.218750000,0.164437524482,0.0781078241291
-0.015625000,-0.218750000,0.166926541212,0.0792901070758
0.000000000,-0.218750000,0.167755179414,0.0796837102217
0.015625000,-0.218750000,0.166926541212,0.0792901070758
0.031250000,-0.218750000,0.164437524482,0.0781078241291
0.046875000,-0.218750000,0.160101489614,0.0760482075665
0.062500000,-0.218750000,0.154223608155,0.0732562138735
0.078125000,-0.218750000,0.146660059796,0.0696635284032
0.093750000,-0.218750000,0.137329160617,0.0652313512930
0.109375000,-0.218750000,0.126220408287,0.0599546939365
0.125000000,-0.218750000,0.113295468777,0.0538153476690
0.140625000,-0.218750000,0.0985119114260,0.0467931579273
0.156250000,-0.218750000,0.0818239899342,0.0388663952187
0.171875000,-0.218750000,0.0631835333611,0.0300121783465
0.187500000,-0.218750000,0.0425409500498,0.0202069512736
0.203125000,-0.218750000,0.0198463458748,0.00942701429052
0.218750000,-0.218750000,-0.00494923998221,-0.00235088899155
0.234375000,-0.218750000,-0.0318924784502,-0.0151489272638
0.250000000,-0.218750000,-0.0610262711945,-0.0289874788174
0.265625000,-0.218750000,-0.0923881451176,-0.0438843689309
0.281250000,-0.218750000,-0.126008516315,-0.0598540452497
0.296875000,-0.218750000,-0.161908821954,-0.0769066904283
0.312500000,-0.218750000,-0.200099515707,-0.0950472699611
0.328125000,-0.218750000,-0.240577923594,-0.114274513707
0.343750000,-0.218750000,-0.283325957690,-0.134579829903
0.359375000,-0.218750000,-0.328307683204,-0.155946149522
0.375000000,-0.218750000,-0.375466738531,-0.178346700802
0.390625000,-0.218750000,-0.424723603540,-0.201743711682
0.406250000,-0.218750000,-0.475972715622,-0.226087039921
0.421875000,-0.218750000,-0.529079431726,-0.251312730070
0.437500000,-0.218750000,-0.583876836225,-0.277341497207
0.453125000,-0.218750000,-0.640162394557,-0.304077137414
0.468750000,-0.218750000,-0.697694454866,-0.331404866061
0.484375000,-0.218750000,-0.756188600763,-0.359189585363
0.500000000,-0.218750000,-0.815313859917,-0.387274083460
0.515625000,-0.218750000,-0.874688775538,-0.415477168381
0.531250000,-0.218750000,-0.933877351689,-0.443591742052
0.546875000,-0.218750000,-0.992384883681,-0.471382819748
0.562500000,-0.218750000,-1.04965369151,-0.498585503467
0.578125000,-0.218750000,-1.10505877679,-0.524902918976
0.593750000,-0.218750000,-1.15790342978,-0.550004129147
0.609375000,-0.218750000,-1.20741482028,-0.573522039632
0.625000000,-0.218750000,-1.25273960989,-0.595051314698
0.640625000,-0.218750000,-1.29293963898,-0.614146328515
0.656250000,-0.218750000,-1.32698774438,-0.630319178582
0.671875000,-0.218750000,-1.35376378190,-0.643037796403
0.687500000,-0.218750000,-1.37205094081,-0.651724196882
0.703125000,-0.218750000,-1.38053245551,-0.655752916369
0.718750000,-0.218750000,-1.37778883869,-0.654449698376
0.734375000,-0.218750000,-1.36229578847,-0.647090499525
0.750000000,-0.218750000,-1.33242295034,-0.632900901410
0.765625000,-0.218750000,-1.28643374729,-0.611056029961
0.781250000,-0.218750000,-1.22248653981,-0.580681106411
0.796875000,-0.218750000,-1.13863742064,-0.540852774802
0.812500000,-0.218750000,-1.03284501561,-0.490601382413
0.828125000,-0.218750000,-0.902977729169,-0.428914421355
0.843750000,-0.218750000,-0.746823962677,-0.354741382272
0.859375000,-0.218750000,-0.562105934951,-0.267000319101
0.875000000,-0.218750000,-0.346497861504,-0.164586484215
0.890625000,-0.218750000,-0.0976493979000,-0.0463834640025
0.906250000,-0.218750000,0.186784564205,0.0887226679975
0.921875000,-0.218750000,0.509106440639,0.241825559304
0.937500000,-0.218750000,0.871529259999,0.413976398500
0.953125000,-0.218750000,1.27611882831,0.606156443448
0.968750000,-0.218750000,,
0.984375000,-0.218750000,,
1.000000000,-0.218750000,,
-1.000000000,-0.203125000,,
-0.984375000,-0.203125000,,
-0.968750000,-0.203125000,,
-0.953125000,-0.203125000,1.28063427462,0.608301280443
-0.937500000,-0.203125000,0.874268583430,0.415277577129
-0.921875000,-0.203125000,0.510607348300,0.242538490442
-0.906250000,-0.203125000,0.187480102706,0.0890530487853
-0.890625000,-0.203125000,-0.0974154440337,-0.0462723359160
-0.875000000,-0.203125000,-0.346457672686,-0.164567394526
-0.859375000,-0.203125000,-0.562056161077,-0.266976676512
-0.843750000,-0.203125000,-0.746615774485,-0.354642492880
-0.828125000,-0.203125000,-0.902508202654,-0.428691396261
-0.812500000,-0.203125000,-1.03204966769,-0.490223592152
-0.796875000,-0.203125000,-1.13748374072,-0.540304776843
-0.781250000,-0.203125000,-1.22096838461,-0.579959982691
-0.765625000,-0.203125000,-1.28456648704,-0.610169081343
-0.750000000,-0.203125000,-1.33023926774,-0.631863652176
-0.734375000,-0.203125000,-1.35984204792,-0.645924972760
-0.718750000,-0.203125000,-1.37512195181,-0.653182927108
-0.703125000,-0.203125000,-1.37771718281,-0.654415661834
-0.687500000,-0.203125000,-1.36915757271,-0.650349847035
-0.671875000,-0.203125000,-1.35086615387,-0.641661423090
-0.656250000,-0.203125000,-1.32416154409,-0.628976733442
-0.640625000,-0.203125000,-1.29026096915,-0.612873960345
-0.625000000,-0.203125000,-1.25028377650,-0.593884793838
-0.609375000,-0.203125000,-1.20525531759,-0.572496275856
-0.593750000,-0.203125000,-1.15611109832,-0.549152771704
-0.578125000,-0.203125000,-1.10370111178,-0.524258028096
-0.562500000,-0.203125000,-1.04879428577,-0.498177285741
-0.546875000,-0.203125000,-0.992082984250,-0.471239417519
-0.531250000,-0.203125000,-0.934187519174,-0.443739071607
-0.515625000,-0.203125000,-0.875660630832,-0.415938799645
-0.500000000,-0.203125000,-0.816991907486,-0.388071156056
-0.484375000,-0.203125000,-0.758612118661,-0.360340756364
-0.468750000,-0.203125000,-0.700897441314,-0.332926284624
-0.453125000,-0.203125000,-0.644173564347,-0.305982443065
-0.437500000,-0.203125000,-0.588719658607,-0.279641837838
-0.421875000,-0.203125000,-0.534772204119,-0.254016796956
-0.406250000,-0.203125000,-0.482528667331,-0.229201116982
-0.390625000,-0.203125000,-0.432151024500,-0.205271736637
-0.375000000,-0.203125000,-0.383769128768,-0.182290336165
-0.359375000,-0.203125000,-0.337483918966,-0.160304861509
-0.343750000,-0.203125000,-0.293370470966,-0.139350973709
-0.328125000,-0.203125000,-0.251480892449,-0.119453423913
-0.312500000,-0.203125000,-0.211847061371,-0.100627354151
-0.296875000,-0.203125000,-0.174483212653,-0.0828795260102
-0.281250000,-0.203125000,-0.139388373937,-0.0662094776199
-0.265625000,-0.203125000,-0.106548654069,-0.0506106106828
-0.250000000,-0.203125000,-0.0759393876863,-0.0360712091510
-0.234375000,-0.203125000,-0.0475271394349,-0.0225753912316
-0.218750000,-0.203125000,-0.0212715702417,-0.0101039958648
-0.203125000,-0.203125000,0.00287282886513,0.00136459371094
-0.187500000,-0.203125000,0.0249551343520,0.0118536888172
-0.171875000,-0.203125000,0.0450265137426,0.0213875940277
-0.156250000,-0.203125000,0.0631388730041,0.0299909646770
-0.140625000,-0.203125000,0.0793436245559,0.0376882216640
-0.125000000,-0.203125000,0.0936905725923,0.0445030219813
-0.109375000,-0.203125000,0.106226912970,0.0504577836605
-0.093750000,-0.203125000,0.116996346094,0.0555732643949
-0.078125000,-0.203125000,0.126015514887,0.0598573695712
-0.062500000,-0.203125000,0.133373564088,0.0633524429418
-0.046875000,-0.203125000,0.139063979176,0.0660553901087
-0.031250000,-0.203125000,0.143110967686,0.0679777096507
-0.015625000,-0.203125000,0.145532072982,0.0691277346665
0.000000000,-0.203125000,0.146337921853,0.0695105128801
0.015625000,-0.203125000,0.145532072982,0.0691277346665
0.031250000,-0.203125000,0.143110967686,0.0679777096507
0.046875000,-0.203125000,0.139063979176,0.0660553901087
0.062500000,-0.203125000,0.133373564088,0.0633524429418
0.078125000,-0.203125000,0.126015514887,0.0598573695712
0.093750000,-0.203125000,0.116996346094,0.0555732643949
0.109375000,-0.203125000,0.106226912970,0.0504577836605
0.125000000,-0.203125000,0.0936905725923,0.0445030219813
0.140625000,-0.203125000,0.0793436245559,0.0376882216640
0.156250000,-0.203125000,0.0631388730041,0.0299909646770
0.171875000,-0.203125000,0.0450265137426,0.0213875940277
0.187500000,-0.203125000,0.0249551343520,0.0118536888172
0.203125000,-0.203125000,0.00287282886513,0.00136459371094
0.218750000,-0.203125000,-0.0212715702417,-0.0101039958648
0.234375000,-0.203125000,-0.0475271394349,-0.0225753912316
0.250000000,-0.203125000,-0.0759393876863,-0.0360712091510
0.265625000,-0.203125000,-0.106548654069,-0.0506106106828
0.281250000,-0.203125000,-0.139388373937,-0.0662094776199
0.296875000,-0.203125000,-0.174483212653,-0.0828795260102
0.312500000,-0.203125000,-0.211847061371,-0.100627354151
0.328125000,-0.203125000,-0.251480892449,-0.119453423913
0.343750000,-0.203125000,-0.293370470966,-0.139350973709
0.359375000,-0.203125000,-0.337483918966,-0.160304861509
0.375000000,-0.203125000,-0.383769128768,-0.182290336165
0.390625000,-0.203125000,-0.432151024500,-0.205271736637
0.406250000,-0.203125000,-0.482528667331,-0.229201116982
0.421875000,-0.203125000,-0.534772204119,-0.254016796956
0.437500000,-0.203125000,-0.588719658607,-0.279641837838
0.453125000,-0.203125000,-0.644173564347,-0.305982443065
0.468750000,-0.203125000,-0.700897441314,-0.332926284624
0.484375000,-0.203125000,-0.758612118661,-0.360340756364
0.500000000,-0.203125000,-0.816991907486,-0.388071156056
0.515625000,-0.203125000,-0.875660630832,-0.415938799645
0.531250000,-0.203125000,-0.934187519174,-0.443739071607
0.546875000,-0.203125000,-0.992082984250,-0.471239417519
0.562500000,-0.203125000,-1.04879428577,-0.498177285741
0.578125000,-0.203125000,-1.10370111178,-0.524258028096
0.593750000,-0.203125000,-1.15611109832,-0.549152771704
0.609375000,-0.203125000,-1.20525531759,-0.572496275856
0.625000000,-0.203125000,-1.25028377650,-0.593884793838
0.640625000,-0.203125000,-1.29026096915,-0.612873960345
0.656250000,-0.203125000,-1.32416154409,-0.628976733442
0.671875000,-0.203125000,-1.35086615387,-0.641661423090
0.687500000,-0.203125000,-1.36915757271,-0.650349847035
0.703125000,-0.203125000,-1.37771718281,-0.654415661834
0.718750000,-0.203125000,-1.37512195181,-0.653182927108
0.734375000,-0.203125000,-1.35984204792,-0.645924972760
0.750000000,-0.203125000,-1.33023926774,-0.631863652176
0.765625000,-0.203125000,-1.28456648704,-0.610169081343
0.781250000,-0.203125000,-1.22096838461,-0.579959982691
0.796875000,-0.203125000,-1.13748374072,-0.540304776843
0.812500000,-0.203125000,-1.03204966769,-0.490223592152
0.828125000,-0.203125000,-0.902508202654,-0.428691396261
0.843750000,-0.203125000,-0.746615774485,-0.354642492880
0.859375000,-0.203125000,-0.562056161077,-0.266976676512
0.875000000,-0.203125000,-0.346457672686,-0.164567394526
0.890625000,-0.203125000,-0.0974154440337,-0.0462723359160
0.906250000,-0.203125000,0.187480102706,0.0890530487853
0.921875000,-0.203125000,0.510607348300,0.242538490442
0.937500000,-0.203125000,0.874268583430,0.415277577129
0.953125000,-0.203125000,1.28063427462,0.608301280443
0.968750000,-0.203125000,,
0.984375000,-0.203125000,,
1.000000000,-0.203125000,,
-1.000000000,-0.187500000,,
-0.984375000,-0.187500000,,
-0.968750000,-0.187500000,,
-0.953125000,-0.187500000,1.29309909093,0.614222068191
-0.937500000,-0.187500000,0.884681828241,0.420223868414
-0.921875000,-0.187500000,0.519482938398,0.246754395739
-0.906250000,-0.187500000,0.195234396590,0.0927363383803
-0.890625000,-0.187500000,-0.0904494087180,-0.0429634691411
-0.875000000,-0.187500000,-0.340017864973,-0.161508485862
-0.859375000,-0.187500000,-0.555940893775,-0.264071924543
-0.843750000,-0.187500000,-0.740674462656,-0.351820369762
-0.828125000,-0.187500000,-0.896633349079,-0.425900840812
-0.812500000,-0.187500000,-1.02616990972,-0.487430707117
-0.796875000,-0.187500000,-1.13155781744,-0.537489963283
-0.781250000,-0.187500000,-1.21497990413,-0.577115454460
-0.765625000,-0.187500000,-1.27851938916,-0.607296709852
-0.750000000,-0.187500000,-1.32415389438,-0.628973099832
-0.734375000,-0.187500000,-1.35375174355,-0.643032078187
-0.718750000,-0.187500000,-1.36907012787,-0.650308310736
-0.703125000,-0.187500000,-1.37175478814,-0.651583524365
-0.687500000,-0.187500000,-1.36334091996,-0.647586936983
-0.671875000,-0.187500000,-1.34525505813,-0.638996152610
-0.656250000,-0.187500000,-1.31881773591,-0.626438424557
-0.640625000,-0.187500000,-1.28524674793,-0.610492205268
-0.625000000,-0.187500000,-1.24566087499,-0.591688915621
-0.609375000,-0.187500000,-1.20108395241,-0.570514877394
-0.593750000,-0.187500000,-1.15244918241,-0.547413361644
-0.578125000,-0.187500000,-1.10060361045,-0.522786714962
-0.562500000,-0.187500000,-1.04631269644,-0.496998530811
-0.546875000,-0.187500000,-0.990264926751,-0.470375840207
-0.531250000,-0.187500000,-0.933076419910,-0.443211299457
-0.515625000,-0.187500000,-0.875295491053,-0.415765358250
-0.500000000,-0.187500000,-0.817407142921,-0.388268392888
-0.484375000,-0.187500000,-0.759837461360,-0.360922794146
-0.468750000,-0.187500000,-0.702957895251,-0.333905000244
-0.453125000,-0.187500000,-0.647089406821,-0.307367468240
-0.437500000,-0.187500000,-0.592506480779,-0.281440578370
-0.421875000,-0.187500000,-0.539440984483,-0.256234467630
-0.406250000,-0.187500000,-0.488085872600,-0.231840789485
-0.390625000,-0.187500000,-0.438598733850,-0.208334398579
-0.375000000,-0.187500000,-0.391105176029,-0.185774958614
-0.359375000,-0.187500000,-0.345702050412,-0.164208473946
-0.343750000,-0.187500000,-0.302460514332,-0.143668744308
-0.328125000,-0.187500000,-0.261428934808,-0.124178744034
-0.312500000,-0.187500000,-0.222635633571,-0.105751925946
-0.296875000,-0.187500000,-0.186091477782,-0.0883934519463
-0.281250000,-0.187500000,-0.151792317920,-0.0721013510120
-0.265625000,-0.187500000,-0.119721277310,-0.0568676067223
-0.250000000,-0.187500000,-0.0898508961439,-0.0426791756684
-0.234375000,-0.187500000,-0.0621451337991,-0.0295189385546
-0.218750000,-0.187500000,-0.0365612328592,-0.0173665856081
-0.203125000,-0.187500000,-0.0130514493106,-0.00619943842255
-0.187500000,-0.187500000,0.00843534806997,0.00400679033324
-0.171875000,-0.187500000,0.0279522064639,0.0132772980704
-0.156250000,-0.187500000,0.0455527395190,0.0216375512715
-0.140625000,-0.187500000,0.0612899010197,0.0291127029843
-0.125000000,-0.187500000,0.0752148733591,0.0357270648456
-0.109375000,-0.187500000,0.0873760730081,0.0415036346789
-0.093750000,-0.187500000,0.0978182661823,0.0464636764366
-0.078125000,-0.187500000,0.106566338509,0.0506190107917
-0.062500000,-0.187500000,0.113693731228,0.0540045223335
-0.046875000,-0.187500000,0.119204110577,0.0566219525241
-0.031250000,-0.187500000,0.123122162318,0.0584830271010
-0.015625000,-0.187500000,0.125465769935,0.0595962407189
0.000000000,-0.187500000,0.126245763571,0.0599667376962
0.015625000,-0.187500000,0.125465769935,0.0595962407189
0.031250000,-0.187500000,0.123122162318,0.0584830271010
0.046875000,-0.187500000,0.119204110577,0.0566219525241
0.062500000,-0.187500000,0.113693731228,0.0540045223335
0.078125000,-0.187500000,0.106566338509,0.0506190107917
0.093750000,-0.187500000,0.0978182661823,0.0464636764366
0.109375000,-0.187500000,0.0873760730081,0.0415036346789
0.125000000,-0.187500000,0.0752148733591,0.0357270648456
0.140625000,-0.187500000,0.0612899010197,0.0291127029843
0.156250000,-0.187500000,0.0455527395190,0.0216375512715
0.171875000,-0.187500000,0.0279522064639,0.0132772980704
0.187500000,-0.187500000,0.00843534806997,0.00400679033324
0.203125000,-0.187500000,-0.0130514493106,-0.00619943842255
0.218750000,-0.187500000,-0.0365612328592,-0.0173665856081
0.234375000,-0.187500000,-0.0621451337991,-0.0295189385546
0.250000000,-0.187500000,-0.0898508961439,-0.0426791756684
0.265625000,-0.187500000,-0.119721277310,-0.0568676067223
0.281250000,-0.187500000,-0.151792317920,-0.0721013510120
0.296875000,-0.187500000,-0.186091477782,-0.0883934519463
0.312500000,-0.187500000,-0.222635633571,-0.105751925946
0.328125000,-0.187500000,-0.261428934808,-0.124178744034
0.343750000,-0.187500000,-0.302460514332,-0.143668744308
0.359375000,-0.187500000,-0.345702050412,-0.164208473946
0.375000000,-0.187500000,-0.391105176029,-0.185774958614
0.390625000,-0.187500000,-0.438598733850,-0.208334398579
0.406250000,-0.187500000,-0.488085872600,-0.231840789485
0.421875000,-0.187500000,-0.539440984483,-0.256234467630
0.437500000,-0.187500000,-0.592506480779,-0.281440578370
0.453125000,-0.187500000,-0.647089406821,-0.307367468240
0.468750000,-0.187500000,-0.702957895251,-0.333905000244
0.484375000,-0.187500000,-0.759837461360,-0.360922794146
0.500000000,-0.187500000,-0.817407142921,-0.388268392888
0.515625000,-0.187500000,-0.875295491053,-0.415765358250
0.531250000,-0.187500000,-0.933076419910,-0.443211299457
0.546875000,-0.187500000,-0.990264926751,-0.470375840207
0.562500000,-0.187500000,-1.04631269644,-0.496998530811
0.578125000,-0.187500000,-1.10060361045,-0.522786714962
0.593750000,-0.187500000,-1.15244918241,-0.547413361644
0.609375000,-0.187500000,-1.20108395241,-0.570514877394
0.625000000,-0.187500000,-1.24566087499,-0.591688915621
0.640625000,-0.187500000,-1.28524674793,-0.610492205268
0.656250000,-0.187500000,-1.31881773591,-0.626438424557
0.671875000,-0.187500000,-1.34525505813,-0.638996152610
0.687500000,-0.187500000,-1.36334091996,-0.647586936983
0.703125000,-0.187500000,-1.37175478814,-0.651583524365
0.718750000,-0.187500000,-1.36907012787,-0.650308310736
0.734375000,-0.187500000,-1.35375174355,-0.643032078187
0.750000000,-0.187500000,-1.32415389438,-0.628973099832
0.765625000,-0.187500000,-1.27851938916,-0.607296709852
0.781250000,-0.187500000,-1.21497990413,-0.577115454460
0.796875000,-0.187500000,-1.13155781744,-0.537489963283
0.812500000,-0.187500000,-1.02616990972,-0.487430707117
0.828125000,-0.187500000,-0.896633349079,-0.425900840812
0.843750000,-0.187500000,-0.740674462656,-0.351820369762
0.859375000,-0.187500000,-0.555940893775,-0.264071924543
0.875000000,-0.187500000,-0.340017864973,-0.161508485862
0.890625000,-0.187500000,-0.0904494087180,-0.0429634691411
0.906250000,-0.187500000,0.195234396590,0.0927363383803
0.921875000,-0.187500000,0.519482938398,0.246754395739
0.937500000,-0.187500000,0.884681828241,0.420223868414
0.953125000,-0.187500000,1.29309909093,0.614222068191
0.968750000,-0.187500000,,
0.984375000,-0.187500000,,
1.000000000,-0.187500000,,
-1.000000000,-0.171875000,,
-0.984375000,-0.171875000,,
-0.968750000,-0.171875000,,
-0.953125000,-0.171875000,1.31385490949,0.624081082008
-0.937500000,-0.171875000,0.903064350767,0.428955566614
-0.921875000,-0.171875000,0.535987140981,0.254593891966
-0.906250000,-0.171875000,0.210264271088,0.0998755287669
-0.890625000,-0.171875000,-0.0765677068954,-0.0363696607753
-0.875000000,-0.171875000,-0.327024625598,-0.155336697159
-0.859375000,-0.171875000,-0.543632970154,-0.258225660823
-0.843750000,-0.171875000,-0.728896694094,-0.346225929695
-0.828125000,-0.171875000,-0.885271110085,-0.420503777290
-0.812500000,-0.171875000,-1.01514263674,-0.482192752451
-0.796875000,-0.171875000,-1.12081338453,-0.532386357652
-0.781250000,-0.171875000,-1.20448973839,-0.572132625737
-0.765625000,-0.171875000,-1.26827423130,-0.602430259868
-0.750000000,-0.171875000,-1.31416012282,-0.624226058338
-0.734375000,-0.171875000,-1.34402819163,-0.638413391024
-0.718750000,-0.171875000,-1.35964533391,-0.645831533606
-0.703125000,-0.171875000,-1.36266462407,-0.647265696433
-0.687500000,-0.171875000,-1.35462655342,-0.643447612874
-0.671875000,-0.171875000,-1.33696120669,-0.635056573177
-0.656250000,-0.171875000,-1.31099117848,-0.622720809780
-0.640625000,-0.171875000,-1.27793506232,-0.607019154604
-0.625000000,-0.171875000,-1.23891137376,-0.588482902537
-0.609375000,-0.171875000,-1.19494279362,-0.567597826971
-0.593750000,-0.171875000,-1.14696063331,-0.544806300825
-0.578125000,-0.171875000,-1.09580944557,-0.520509486645
-0.562500000,-0.171875000,-1.04225171346,-0.495069563895
-0.546875000,-0.171875000,-0.986972565032,-0.468811968390
-0.531250000,-0.171875000,-0.930584469011,-0.442027622780
-0.515625000,-0.171875000,-0.873631876788,-0.414975141474
-0.500000000,-0.171875000,-0.816595781706,-0.387882996310
-0.484375000,-0.171875000,-0.759898172136,-0.360951631765
-0.468750000,-0.171875000,-0.703906361966,-0.334355521934
-0.453125000,-0.171875000,-0.648937183538,-0.308245162181
-0.437500000,-0.171875000,-0.595261033106,-0.282748990725
-0.421875000,-0.171875000,-0.543105761251,-0.257975236594
-0.406250000,-0.171875000,-0.492660402802,-0.234013691331
-0.390625000,-0.171875000,-0.444078744543,-0.210937403658
-0.375000000,-0.171875000,-0.397482726681,-0.188804295173
-0.359375000,-0.171875000,-0.352965680438,-0.167658698208
-0.343750000,-0.171875000,-0.310595400541,-0.147532815257
-0.328125000,-0.171875000,-0.270417056031,-0.128448101615
-0.312500000,-0.171875000,-0.232455940541,-0.110416571757
-0.296875000,-0.171875000,-0.196720065380,-0.0934420310554
-0.281250000,-0.171875000,-0.163202598580,-0.0775212343254
-0.265625000,-0.171875000,-0.131884154319,-0.0626449733013
-0.250000000,-0.171875000,-0.102734934851,-0.0487990940541
-0.234375000,-0.171875000,-0.0757167300485,-0.0359654467730
-0.218750000,-0.171875000,-0.0507847785378,-0.0241227698055
-0.203125000,-0.171875000,-0.0278894933978,-0.0132475093639
-0.187500000,-0.171875000,-0.00697805625598,-0.00331457672159
-0.171875000,-0.171875000,0.0120041146081,0.00570195443883
-0.156250000,-0.171875000,0.0291120219944,0.0138282104473
-0.140625000,-0.171875000,0.0443998664427,0.0210899365603
-0.125000000,-0.171875000,0.0579199417156,0.0275119723149
-0.109375000,-0.171875000,0.0697216431515,0.0331177804970
-0.093750000,-0.171875000,0.0798288906067,0.0379187230382
-0.078125000,-0.171875000,0.0883366238717,0.0419598963391
-0.062500000,-0.171875000,0.0952440898188,0.0452409426639
-0.046875000,-0.171875000,0.100582913437,0.0477768838828
-0.031250000,-0.171875000,0.104378157835,0.0495796249716
-0.015625000,-0.171875000,0.106647974330,0.0506577878067
0.000000000,-0.171875000,0.107403353164,0.0510165927527
0.015625000,-0.171875000,0.106647974330,0.0506577878067
0.031250000,-0.171875000,0.104378157835,0.0495796249716
0.046875000,-0.171875000,0.100582913437,0.0477768838828
0.062500000,-0.171875000,0.0952440898188,0.0452409426639
0.078125000,-0.171875000,0.0883366238717,0.0419598963391
0.093750000,-0.171875000,0.0798288906067,0.0379187230382
0.109375000,-0.171875000,0.0697216431515,0.0331177804970
0.125000000,-0.171875000,0.0579199417156,0.0275119723149
0.140625000,-0.171875000,0.0443998664427,0.0210899365603
0.156250000,-0.171875000,0.0291120219944,0.0138282104473
0.171875000,-0.171875000,0.0120041146081,0.00570195443883
0.187500000,-0.171875000,-0.00697805625598,-0.00331457672159
0.203125000,-0.171875000,-0.0278894933978,-0.0132475093639
0.218750000,-0.171875000,-0.0507847785378,-0.0241227698055
0.234375000,-0.171875000,-0.0757167300485,-0.0359654467730
0.250000000,-0.171875000,-0.102734934851,-0.0487990940541
0.265625000,-0.171875000,-0.131884154319,-0.0626449733013
0.281250000,-0.171875000,-0.163202598580,-0.0775212343254
0.296875000,-0.171875000,-0.196720065380,-0.0934420310554
0.312500000,-0.171875000,-0.232455940541,-0.110416571757
0.328125000,-0.171875000,-0.270417056031,-0.128448101615
0.343750000,-0.171875000,-0.310595400541,-0.147532815257
0.359375000,-0.171875000,-0.352965680438,-0.167658698208
0.375000000,-0.171875000,-0.397482726681,-0.188804295173
0.390625000,-0.171875000,-0.444078744543,-0.210937403658
0.406250000,-0.171875000,-0.492660402802,-0.234013691331
0.421875000,-0.171875000,-0.543105761251,-0.257975236594
0.437500000,-0.171875000,-0.595261033106,-0.282748990725
0.453125000,-0.171875000,-0.648937183538,-0.308245162181
0.468750000,-0.171875000,-0.703906361966,-0.334355521934
0.484375000,-0.171875000,-0.759898172136,-0.360951631765
0.500000000,-0.171875000,-0.816595781706,-0.387882996310
0.515625000,-0.171875000,-0.873631876788,-0.414975141474
0.531250000,-0.171875000,-0.930584469011,-0.442027622780
0.546875000,-0.171875000,-0.986972565032,-0.468811968390
0.562500000,-0.171875000,-1.04225171346,-0.495069563895
0.578125000,-0.171875000,-1.09580944557,-0.520509486645
0.593750000,-0.171875000,-1.14696063331,-0.544806300825
0.609375000,-0.171875000,-1.19494279362,-0.567597826971
0.625000000,-0.171875000,-1.23891137376,-0.588482902537
0.640625000,-0.171875000,-1.27793506232,-0.607019154604
0.656250000,-0.171875000,-1.31099117848,-0.622720809780
0.671875000,-0.171875000,-1.33696120669,-0.635056573177
0.687500000,-0.171875000,-1.35462655342,-0.643447612874
0.703125000,-0.171875000,-1.36266462407,-0.647265696433
0.718750000,-0.171875000,-1.35964533391,-0.645831533606
0.734375000,-0.171875000,-1.34402819163,-0.638413391024
0.750000000,-0.171875000,-1.31416012282,-0.624226058338
0.765625000,-0.171875000,-1.26827423130,-0.602430259868
0.781250000,-0.171875000,-1.20448973839,-0.572132625737
0.796875000,-0.171875000,-1.12081338453,-0.532386357652
0.812500000,-0.171875000,-1.01514263674,-0.482192752451
0.828125000,-0.171875000,-0.885271110085,-0.420503777290
0.843750000,-0.171875000,-0.728896694094,-0.346225929695
0.859375000,-0.171875000,-0.543632970154,-0.258225660823
0.875000000,-0.171875000,-0.327024625598,-0.155336697159
0.890625000,-0.171875000,-0.0765677068954,-0.0363696607753
0.906250000,-0.171875000,0.210264271088,0.0998755287669
0.921875000,-0.171875000,0.535987140981,0.254593891966
0.937500000,-0.171875000,0.903064350767,0.428955566614
0.953125000,-0.171875000,1.31385490949,0.624081082008
0.968750000,-0.171875000,,
0.984375000,-0.171875000,,
1.000000000,-0.171875000,,
-1.000000000,-0.156250000,,
-0.984375000,-0.156250000,,
-0.968750000,-0.156250000,,
-0.953125000,-0.156250000,1.34322425634,0.638031521760
-0.937500000,-0.156250000,0.929694469854,0.441604873181
-0.921875000,-0.156250000,0.560358572587,0.266170321979
-0.906250000,-0.156250000,0.232772673216,0.110567019777
-0.890625000,-0.156250000,-0.0555994391537,-0.0264097335980
-0.875000000,-0.156250000,-0.307335837358,-0.145984522745
-0.859375000,-0.156250000,-0.525016102712,-0.249382648788
-0.843750000,-0.156250000,-0.711189331884,-0.337814932645
-0.828125000,-0.156250000,-0.868349061268,-0.412465804102
-0.812500000,-0.156250000,-0.998913911356,-0.474484107894
-0.796875000,-0.156250000,-1.10521295531,-0.524976153773
-0.781250000,-0.156250000,-1.18947498384,-0.565000617324
-0.765625000,-0.156250000,-1.25382097586,-0.595564963534
-0.750000000,-0.156250000,-1.30025919955,-0.617623119788
-0.734375000,-0.156250000,-1.33068246383,-0.632074170321
-0.718750000,-0.156250000,-1.34686711874,-0.639761881401
-0.703125000,-0.156250000,-1.35047347023,-0.641474898359
-0.687500000,-0.156250000,-1.34304732984,-0.637947481673
-0.671875000,-0.156250000,-1.32602246534,-0.629860671035
-0.656250000,-0.156250000,-1.30072375812,-0.617843785109
-0.640625000,-0.156250000,-1.26837090380,-0.602476179305
-0.625000000,-0.156250000,-1.23008252354,-0.584289198683
-0.609375000,-0.156250000,-1.18688056947,-0.563768270496
-0.593750000,-0.156250000,-1.13969493573,-0.541355094470
-0.578125000,-0.156250000,-1.08936819510,-0.517449892672
-0.562500000,-0.156250000,-1.03666039890,-0.492413689478
-0.546875000,-0.156250000,-0.982253888426,-0.466570597002
-0.531250000,-0.156250000,-0.926758075260,-0.440210085748
-0.515625000,-0.156250000,-0.870714156375,-0.413589224278
-0.500000000,-0.156250000,-0.814599736583,-0.386934874877
-0.484375000,-0.156250000,-0.758833336850,-0.360445835004
-0.468750000,-0.156250000,-0.703778771144,-0.334294916293
-0.453125000,-0.156250000,-0.649749378843,-0.308630954950
-0.437500000,-0.156250000,-0.597012104197,-0.283580749493
-0.421875000,-0.156250000,-0.545791414334,-0.259250921808
-0.406250000,-0.156250000,-0.496273052439,-0.235729699909
-0.390625000,-0.156250000,-0.448607623588,-0.213088621204
-0.375000000,-0.156250000,-0.402914011634,-0.191384155526
-0.359375000,-0.156250000,-0.359282627284,-0.170659247960
-0.343750000,-0.156250000,-0.317778489896,-0.150944782701
-0.328125000,-0.156250000,-0.278444142975,-0.132260967913
-0.312500000,-0.156250000,-0.241302408553,-0.114618644063
-0.296875000,-0.156250000,-0.206358981351,-0.0980205161415
-0.281250000,-0.156250000,-0.173604867993,-0.0824623122965
-0.265625000,-0.156250000,-0.143018674254,-0.0679338702704
-0.250000000,-0.156250000,-0.114568744717,-0.0544201537407
-0.234375000,-0.156250000,-0.0882151584533,-0.0419022002653
-0.218750000,-0.156250000,-0.0639115853119,-0.0303580030231
-0.203125000,-0.156250000,-0.0416070067017,-0.0197633281833
-0.187500000,-0.156250000,-0.0212473048966,-0.0100924698259
-0.171875000,-0.156250000,-0.00277672418055,-0.00131894398576
-0.156250000,-0.156250000,0.0138607913290,0.00658387588125
-0.140625000,-0.156250000,0.0287203811141,0.0136421810292
-0.125000000,-0.156250000,0.0418551688728,0.0198812052146
-0.109375000,-0.156250000,0.0533152765605,0.0253247563662
-0.093750000,-0.156250000,0.0631281572648,0.0299858747008
-0.078125000,-0.156250000,0.0713826159005,0.0339067425527
-0.062500000,-0.156250000,0.0780822735661,0.0370890799439
-0.046875000,-0.156250000,0.0832591081747,0.0395480763830
-0.031250000,-0.156250000,0.0869384543991,0.0412957658396
-0.015625000,-0.156250000,0.0891386556429,0.0423408614304
0.000000000,-0.156250000,0.0898708167369,0.0426886379501
0.015625000,-0.156250000,0.0891386556429,0.0423408614304
0.031250000,-0.156250000,0.0869384543991,0.0412957658396
0.046875000,-0.156250000,0.0832591081747,0.0395480763830
0.062500000,-0.156250000,0.0780822735661,0.0370890799439
0.078125000,-0.156250000,0.0713826159005,0.0339067425527
0.093750000,-0.156250000,0.0631281572648,0.0299858747008
0.109375000,-0.156250000,0.0533152765605,0.0253247563662
0.125000000,-0.156250000,0.0418551688728,0.0198812052146
0.140625000,-0.156250000,0.0287203811141,0.0136421810292
0.156250000,-0.156250000,0.0138607913290,0.00658387588125
0.171875000,-0.156250000,-0.00277672418055,-0.00131894398576
0.187500000,-0.156250000,-0.0212473048966,-0.0100924698259
0.203125000,-0.156250000,-0.0416070067017,-0.0197633281833
0.218750000,-0.156250000,-0.0639115853119,-0.0303580030231
0.234375000,-0.156250000,-0.0882151584533,-0.0419022002653
0.250000000,-0.156250000,-0.114568744717,-0.0544201537407
0.265625000,-0.156250000,-0.143018674254,-0.0679338702704
0.281250000,-0.156250000,-0.173604867993,-0.0824623122965
0.296875000,-0.156250000,-0.206358981351,-0.0980205161415
0.312500000,-0.156250000,-0.241302408553,-0.114618644063
0.328125000,-0.156250000,-0.278444142975,-0.132260967913
0.343750000,-0.156250000,-0.317778489896,-0.150944782701
0.359375000,-0.156250000,-0.359282627284,-0.170659247960
0.375000000,-0.156250000,-0.402914011634,-0.191384155526
0.390625000,-0.156250000,-0.448607623588,-0.213088621204
0.406250000,-0.156250000,-0.496273052439,-0.235729699909
0.421875000,-0.156250000,-0.545791414334,-0.259250921808
0.437500000,-0.156250000,-0.597012104197,-0.283580749493
0.453125000,-0.156250000,-0.649749378843,-0.308630954950
0.468750000,-0.156250000,-0.703778771144,-0.334294916293
0.484375000,-0.156250000,-0.758833336850,-0.360445835004
0.500000000,-0.156250000,-0.814599736583,-0.386934874877
0.515625000,-0.156250000,-0.870714156375,-0.413589224278
0.531250000,-0.156250000,-0.926758075260,-0.440210085748
0.546875000,-0.156250000,-0.982253888426,-0.466570597002
0.562500000,-0.156250000,-1.03666039890,-0.492413689478
0.578125000,-0.156250000,-1.08936819510,-0.517449892672
0.593750000,-0.156250000,-1.13969493573,-0.541355094470
0.609375000,-0.156250000,-1.18688056947,-0.563768270496
0.625000000,-0.156250000,-1.23008252354,-0.584289198683
0.640625000,-0.156250000,-1.26837090380,-0.602476179305
0.656250000,-0.156250000,-1.30072375812,-0.617843785109
0.671875000,-0.156250000,-1.32602246534,-0.629860671035
0.687500000,-0.156250000,-1.34304732984,-0.637947481673
0.703125000,-0.156250000,-1.35047347023,-0.641474898359
0.718750000,-0.156250000,-1.34686711874,-0.639761881401
0.734375000,-0.156250000,-1.33068246383,-0.632074170321
0.750000000,-0.156250000,-1.30025919955,-0.617623119788
0.765625000,-0.156250000,-1.25382097586,-0.595564963534
0.781250000,-0.156250000,-1.18947498384,-0.565000617324
0.796875000,-0.156250000,-1.10521295531,-0.524976153773
0.812500000,-0.156250000,-0.998913911356,-0.474484107894
0.828125000,-0.156250000,-0.868349061268,-0.412465804102
0.843750000,-0.156250000,-0.711189331884,-0.337814932645
0.859375000,-0.156250000,-0.525016102712,-0.249382648788
0.875000000,-0.156250000,-0.307335837358,-0.145984522745
0.890625000,-0.156250000,-0.0555994391537,-0.0264097335980
0.906250000,-0.156250000,0.232772673216,0.110567019777
0.921875000,-0.156250000,0.560358572587,0.266170321979
0.937500000,-0.156250000,0.929694469854,0.441604873181
0.953125000,-0.156250000,1.34322425634,0.638031521760
0.968750000,-0.156250000,,
0.984375000,-0.156250000,,
1.000000000,-0.156250000,,
-1.000000000,-0.140625000,,
-0.984375000,-0.140625000,,
-0.968750000,-0.140625000,,
-0.953125000,-0.140625000,1.38151416918,0.656219230358
-0.937500000,-0.140625000,0.964836823484,0.458297491155
-0.921875000,-0.140625000,0.592823666203,0.281591241446
-0.906250000,-0.140625000,0.262951602900,0.124902011378
-0.890625000,-0.140625000,-0.0273836336353,-0.0130072259767
-0.875000000,-0.140625000,-0.280818473548,-0.133388774935
-0.859375000,-0.140625000,-0.499982407888,-0.237491643747
-0.843750000,-0.140625000,-0.687467081562,-0.326546863742
-0.828125000,-0.140625000,-0.845802162102,-0.401756026998
-0.812500000,-0.140625000,-0.977436806477,-0.464282483077
-0.796875000,-0.140625000,-1.08472574833,-0.515244730457
-0.781250000,-0.140625000,-1.16991919203,-0.555711616216
-0.765625000,-0.140625000,-1.23515583424,-0.586699021264
-0.750000000,-0.140625000,-1.28245844921,-0.609167763375
-0.734375000,-0.140625000,-1.31373156521,-0.624022493474
-0.718750000,-0.140625000,-1.33076083997,-0.632111398987
-0.703125000,-0.140625000,-1.33521380456,-0.634226557166
-0.687500000,-0.140625000,-1.32864170388,-0.631104809341
-0.671875000,-0.140625000,-1.31248220375,-0.623429046783
-0.656250000,-0.140625000,-1.28806277348,-0.611829817401
-0.640625000,-0.140625000,-1.25660458643,-0.596887178555
-0.625000000,-0.140625000,-1.21922680555,-0.579132732637
-0.609375000,-0.140625000,-1.17695114430,-0.559051793542
-0.593750000,-0.140625000,-1.13070661236,-0.537085640873
-0.578125000,-0.140625000,-1.08133437199,-0.513633826697
-0.562500000,-0.140625000,-1.02959264205,-0.489056504972
-0.546875000,-0.140625000,-0.976161600186,-0.463676760088
-0.531250000,-0.140625000,-0.921648242723,-0.437782915293
-0.515625000,-0.140625000,-0.866591168822,-0.411630805190
-0.500000000,-0.140625000,-0.811465261769,-0.385445999340
-0.484375000,-0.140625000,-0.756686248748,-0.359425968155
-0.468750000,-0.140625000,-0.702615120866,-0.333742182411
-0.453125000,-0.140625000,-0.649562402766,-0.308542141314
-0.437500000,-0.140625000,-0.597792262375,-0.283951324628
-0.421875000,-0.140625000,-0.547526454717,-0.260075065991
-0.406250000,-0.140625000,-0.498948096012,-0.237000345606
-0.390625000,-0.140625000,-0.452205265650,-0.214797501184
-0.375000000,-0.140625000,-0.407414436102,-0.193521857149
-0.359375000,-0.140625000,-0.364663730540,-0.173215272006
-0.343750000,-0.140625000,-0.324016011278,-0.153907605357
-0.328125000,-0.140625000,-0.285511799527,-0.135618104775
-0.312500000,-0.140625000,-0.249172031340,-0.118356714886
-0.296875000,-0.140625000,-0.215000652269,-0.102125309828
-0.281250000,-0.140625000,-0.182987054974,-0.0869188511126
-0.265625000,-0.140625000,-0.153108363632,-0.0727264727254
-0.250000000,-0.140625000,-0.125331569500,-0.0595324955125
-0.234375000,-0.140625000,-0.0996155219036,-0.0473173729042
-0.218750000,-0.140625000,-0.0759127791389,-0.0360585700910
-0.203125000,-0.140625000,-0.0541713232418,-0.0257313785399
-0.187500000,-0.140625000,-0.0343361426282,-0.0163096677484
-0.171875000,-0.140625000,-0.0163506873121,-0.00776657647326
-0.156250000,-0.140625000,-0.000158199506007,-0.0000751447653535
-0.140625000,-0.140625000,0.0142970757125,0.00679111096344
-0.125000000,-0.140625000,0.0270687973667,0.0128576787492
-0.109375000,-0.140625000,0.0382075489986,0.0181485857743
-0.093750000,-0.140625000,0.0477417315018,0.0226773224633
-0.078125000,-0.140625000,0.0557591880947,0.0264856143450
-0.062500000,-0.140625000,0.0622645889102,0.0295756797323
-0.046875000,-0.140625000,0.0672901228642,0.0319628083605
-0.031250000,-0.140625000,0.0708612847534,0.0336591102578
-0.015625000,-0.140625000,0.0729965309041,0.0346733521794
0.000000000,-0.140625000,0.0737070329011,0.0350108406280
0.015625000,-0.140625000,0.0729965309041,0.0346733521794
0.031250000,-0.140625000,0.0708612847534,0.0336591102578
0.046875000,-0.140625000,0.0672901228642,0.0319628083605
0.062500000,-0.140625000,0.0622645889102,0.0295756797323
0.078125000,-0.140625000,0.0557591880947,0.0264856143450
0.093750000,-0.140625000,0.0477417315018,0.0226773224633
0.109375000,-0.140625000,0.0382075489986,0.0181485857743
0.125000000,-0.140625000,0.0270687973667,0.0128576787492
0.140625000,-0.140625000,0.0142970757125,0.00679111096344
0.156250000,-0.140625000,-0.000158199506007,-0.0000751447653535
0.171875000,-0.140625000,-0.0163506873121,-0.00776657647326
0.187500000,-0.140625000,-0.0343361426282,-0.0163096677484
0.203125000,-0.140625000,-0.0541713232418,-0.0257313785399
0.218750000,-0.140625000,-0.0759127791389,-0.0360585700910
0.234375000,-0.140625000,-0.0996155219036,-0.0473173729042
0.250000000,-0.140625000,-0.125331569500,-0.0595324955125
0.265625000,-0.140625000,-0.153108363632,-0.0727264727254
0.281250000,-0.140625000,-0.182987054974,-0.0869188511126
0.296875000,-0.140625000,-0.215000652269,-0.102125309828
0.312500000,-0.140625000,-0.249172031340,-0.118356714886
0.328125000,-0.140625000,-0.285511799527,-0.135618104775
0.343750000,-0.140625000,-0.324016011278,-0.153907605357
0.359375000,-0.140625000,-0.364663730540,-0.173215272006
0.375000000,-0.140625000,-0.407414436102,-0.193521857149
0.390625000,-0.140625000,-0.452205265650,-0.214797501184
0.406250000,-0.140625000,-0.498948096012,-0.237000345606
0.421875000,-0.140625000,-0.547526454717,-0.260075065991
0.437500000,-0.140625000,-0.597792262375,-0.283951324628
0.453125000,-0.140625000,-0.649562402766,-0.308542141314
0.468750000,-0.140625000,-0.702615120866,-0.333742182411
0.484375000,-0.140625000,-0.756686248748,-0.359425968155
0.500000000,-0.140625000,-0.811465261769,-0.385445999340
0.515625000,-0.140625000,-0.866591168822,-0.411630805190
0.531250000,-0.140625000,-0.921648242723,-0.437782915293
0.546875000,-0.140625000,-0.976161600186,-0.463676760088
0.562500000,-0.140625000,-1.02959264205,-0.489056504972
0.578125000,-0.140625000,-1.08133437199,-0.513633826697
0.593750000,-0.140625000,-1.13070661236,-0.537085640873
0.609375000,-0.140625000,-1.17695114430,-0.559051793542
0.625000000,-0.140625000,-1.21922680555,-0.579132732637
0.640625000,-0.140625000,-1.25660458643,-0.596887178555
0.656250000,-0.140625000,-1.28806277348,-0.611829817401
0.671875000,-0.140625000,-1.31248220375,-0.623429046783
0.687500000,-0.140625000,-1.32864170388,-0.631104809341
0.703125000,-0.140625000,-1.33521380456,-0.634226557166
0.718750000,-0.140625000,-1.33076083997,-0.632111398987
0.734375000,-0.140625000,-1.31373156521,-0.624022493474
0.750000000,-0.140625000,-1.28245844921,-0.609167763375
0.765625000,-0.140625000,-1.23515583424,-0.586699021264
0.781250000,-0.140625000,-1.16991919203,-0.555711616216
0.796875000,-0.140625000,-1.08472574833,-0.515244730457
0.812500000,-0.140625000,-0.977436806477,-0.464282483077
0.828125000,-0.140625000,-0.845802162102,-0.401756026998
0.843750000,-0.140625000,-0.687467081562,-0.326546863742
0.859375000,-0.140625000,-0.499982407888,-0.237491643747
0.875000000,-0.140625000,-0.280818473548,-0.133388774935
0.890625000,-0.140625000,-0.0273836336353,-0.0130072259767
0.906250000,-0.140625000,0.262951602900,0.124902011378
0.921875000,-0.140625000,0.592823666203,0.281591241446
0.937500000,-0.140625000,0.964836823484,0.458297491155
0.953125000,-0.140625000,1.38151416918,0.656219230358
0.968750000,-0.140625000,,
0.984375000,-0.140625000,,
1.000000000,-0.140625000,,
-1.000000000,-0.125000000,,
-0.984375000,-0.125000000,,
-0.968750000,-0.125000000,1.89688849789,0.901022036500
-0.953125000,-0.125000000,1.42901971457,0.678784364422
-0.937500000,-0.125000000,1.00874565370,0.479154185506
-0.921875000,-0.125000000,0.633599752460,0.300959882418
-0.906250000,-0.125000000,0.300985016193,0.142967882692
-0.890625000,-0.125000000,0.00823349895654,0.00391091200436
-0.875000000,-0.125000000,-0.247345991242,-0.117489345840
-0.859375000,-0.125000000,-0.468429922475,-0.222504213176
-0.843750000,-0.125000000,-0.657650117276,-0.312383805706
-0.828125000,-0.125000000,-0.817570480259,-0.388345978123
-0.812500000,-0.125000000,-0.950669216638,-0.451567877903
-0.796875000,-0.125000000,-1.05932557760,-0.503179649358
-0.781250000,-0.125000000,-1.14581033161,-0.544259907517
-0.765625000,-0.125000000,-1.21227929432,-0.575832664803
-0.750000000,-0.125000000,-1.26076936058,-0.598865446274
-0.734375000,-0.125000000,-1.29319657503,-0.614268373138
-0.718750000,-0.125000000,-1.31135585493,-0.622894031092
-0.703125000,-0.125000000,-1.31692204119,-0.625537969566
-0.687500000,-0.125000000,-1.31145200970,-0.622939704607
-0.671875000,-0.125000000,-1.29638761753,-0.615784118326
-0.656250000,-0.125000000,-1.27305929713,-0.604703166137
-0.640625000,-0.125000000,-1.24269014341,-0.590277818119
-0.625000000,-0.125000000,-1.20640036362,-0.573040172718
-0.609375000,-0.125000000,-1.16521198347,-0.553475692151
-0.593750000,-0.125000000,-1.12005372034,-0.532025517163
-0.578125000,-0.125000000,-1.07176595132,-0.509088826877
-0.562500000,-0.125000000,-1.02110571540,-0.485025214816
-0.546875000,-0.125000000,-0.968751701267,-0.460157058102
-0.531250000,-0.125000000,-0.915309181649,-0.434771861283
-0.515625000,-0.125000000,-0.861314861712,-0.409124559313
-0.500000000,-0.125000000,-0.807241616157,-0.383439767674
-0.484375000,-0.125000000,-0.753503096110,-0.357913970652
-0.468750000,-0.125000000,-0.700458190113,-0.332717640304
-0.453125000,-0.125000000,-0.648415326961,-0.307997280306
-0.437500000,-0.125000000,-0.597636614244,-0.283877391766
-0.421875000,-0.125000000,-0.548341804983,-0.260462357367
-0.406250000,-0.125000000,-0.500712090288,-0.237838242887
-0.390625000,-0.125000000,-0.454893715875,-0.216074515041
-0.375000000,-0.125000000,-0.411001422855,-0.195225675856
-0.359375000,-0.125000000,-0.369121713421,-0.175332813875
-0.343750000,-0.125000000,-0.329315943553,-0.156425073188
-0.328125000,-0.125000000,-0.291623246290,-0.138521041988
-0.312500000,-0.125000000,-0.256063287459,-0.121630061543
-0.296875000,-0.125000000,-0.222638859440,-0.105753458234
-0.281250000,-0.125000000,-0.191338315939,-0.0908857000713
-0.265625000,-0.125000000,-0.162137851955,-0.0770154796787
-0.250000000,-0.125000000,-0.135003634893,-0.0641267265740
-0.234375000,-0.125000000,-0.109893789287,-0.0521995499115
-0.218750000,-0.125000000,-0.0867602410356,-0.0412111144919
-0.203125000,-0.125000000,-0.0655504256032,-0.0311364521615
-0.187500000,-0.125000000,-0.0462088632842,-0.0219492100600
-0.171875000,-0.125000000,-0.0286786068252,-0.0136223382420
-0.156250000,-0.125000000,-0.0129025653058,-0.00612871852023
-0.140625000,-0.125000000,0.00117529289458,0.000558264124927
-0.125000000,-0.125000000,0.0136088539412,0.00646420562209
-0.109375000,-0.125000000,0.0244488851538,0.0116132204480
-0.093750000,-0.125000000,0.0337222503202,0.0160180689021
-0.078125000,-0.125000000,0.0415207646703,0.0197223632184
-0.062500000,-0.125000000,0.0478469335675,0.0227272934446
-0.046875000,-0.125000000,0.0527330078132,0.0250481787113
-0.031250000,-0.125000000,0.0562045266005,0.0266971501352
-0.015625000,-0.125000000,0.0582799755185,0.0276829883713
0.000000000,-0.125000000,0.0589705432437,0.0280110080408
0.015625000,-0.125000000,0.0582799755185,0.0276829883713
0.031250000,-0.125000000,0.0562045266005,0.0266971501352
0.046875000,-0.125000000,0.0527330078132,0.0250481787113
0.062500000,-0.125000000,0.0478469335675,0.0227272934446
0.078125000,-0.125000000,0.0415207646703,0.0197223632184
0.093750000,-0.125000000,0.0337222503202,0.0160180689021
0.109375000,-0.125000000,0.0244488851538,0.0116132204480
0.125000000,-0.125000000,0.0136088539412,0.00646420562209
0.140625000,-0.125000000,0.00117529289458,0.000558264124927
0.156250000,-0.125000000,-0.0129025653058,-0.00612871852023
0.171875000,-0.125000000,-0.0286786068252,-0.0136223382420
0.187500000,-0.125000000,-0.0462088632842,-0.0219492100600
0.203125000,-0.125000000,-0.0655504256032,-0.0311364521615
0.218750000,-0.125000000,-0.0867602410356,-0.0412111144919
0.234375000,-0.125000000,-0.109893789287,-0.0521995499115
0.250000000,-0.125000000,-0.135003634893,-0.0641267265740
0.265625000,-0.125000000,-0.162137851955,-0.0770154796787
0.281250000,-0.125000000,-0.191338315939,-0.0908857000713
0.296875000,-0.125000000,-0.222638859440,-0.105753458234
0.312500000,-0.125000000,-0.256063287459,-0.121630061543
0.328125000,-0.125000000,-0.291623246290,-0.138521041988
0.343750000,-0.125000000,-0.329315943553,-0.156425073188
0.359375000,-0.125000000,-0.369121713421,-0.175332813875
0.375000000,-0.125000000,-0.411001422855,-0.195225675856
0.390625000,-0.125000000,-0.454893715875,-0.216074515041
0.406250000,-0.125000000,-0.500712090288,-0.237838242887
0.421875000,-0.125000000,-0.548341804983,-0.260462357367
0.437500000,-0.125000000,-0.597636614244,-0.283877391766
0.453125000,-0.125000000,-0.648415326961,-0.307997280306
0.468750000,-0.125000000,-0.700458190113,-0.332717640304
0.484375000,-0.125000000,-0.753503096110,-0.357913970652
0.500000000,-0.125000000,-0.807241616157,-0.383439767674
0.515625000,-0.125000000,-0.861314861712,-0.409124559313
0.531250000,-0.125000000,-0.915309181649,-0.434771861283
0.546875000,-0.125000000,-0.968751701267,-0.460157058102
0.562500000,-0.125000000,-1.02110571540,-0.485025214816
0.578125000,-0.125000000,-1.07176595132,-0.509088826877
0.593750000,-0.125000000,-1.12005372034,-0.532025517163
0.609375000,-0.125000000,-1.16521198347,-0.553475692151
0.625000000,-0.125000000,-1.20640036362,-0.573040172718
0.640625000,-0.125000000,-1.24269014341,-0.590277818119
0.656250000,-0.125000000,-1.27305929713,-0.604703166137
0.671875000,-0.125000000,-1.29638761753,-0.615784118326
0.687500000,-0.125000000,-1.31145200970,-0.622939704607
0.703125000,-0.125000000,-1.31692204119,-0.625537969566
0.718750000,-0.125000000,-1.31135585493,-0.622894031092
0.734375000,-0.125000000,-1.29319657503,-0.614268373138
0.750000000,-0.125000000,-1.26076936058,-0.598865446274
0.765625000,-0.125000000,-1.21227929432,-0.575832664803
0.781250000,-0.125000000,-1.14581033161,-0.544259907517
0.796875000,-0.125000000,-1.05932557760,-0.503179649358
0.812500000,-0.125000000,-0.950669216638,-0.451567877903
0.828125000,-0.125000000,-0.817570480259,-0.388345978123
0.843750000,-0.125000000,-0.657650117276,-0.312383805706
0.859375000,-0.125000000,-0.468429922475,-0.222504213176
0.875000000,-0.125000000,-0.247345991242,-0.117489345840
0.890625000,-0.125000000,0.00823349895654,0.00391091200436
0.906250000,-0.125000000,0.300985016193,0.142967882692
0.921875000,-0.125000000,0.633599752460,0.300959882418
0.937500000,-0.125000000,1.00874565370,0.479154185506
0.953125000,-0.125000000,1.42901971457,0.678784364422
0.968750000,-0.125000000,1.89688849789,0.901022036500
0.984375000,-0.125000000,,
1.000000000,-0.125000000,,
-1.000000000,-0.109375000,,
-0.984375000,-0.109375000,,
-0.968750000,-0.109375000,1.95852245053,0.930298164003
-0.953125000,-0.109375000,1.48602742607,0.705863027381
-0.937500000,-0.109375000,1.06166803725,0.504292317695
-0.921875000,-0.109375000,0.682898107784,0.324376601197
-0.906250000,-0.109375000,0.347051711499,0.164849562962
-0.890625000,-0.109375000,0.0514013087642,0.0244156216630
-0.875000000,-0.109375000,-0.206795716208,-0.0982279651990
-0.859375000,-0.109375000,-0.430260103603,-0.204373549212
-0.843750000,-0.109375000,-0.621661684471,-0.295289300124
-0.828125000,-0.109375000,-0.783596887380,-0.372208521506
-0.812500000,-0.109375000,-0.918571639023,-0.436321528536
-0.796875000,-0.109375000,-1.02898871031,-0.488769637399
-0.781250000,-0.109375000,-1.11713871667,-0.530640890417
-0.765625000,-0.109375000,-1.18519411351,-0.562967203917
-0.750000000,-0.109375000,-1.23520564050,-0.586722679236
-0.734375000,-0.109375000,-1.26910075638,-0.602822859280
-0.718750000,-0.109375000,-1.28868368319,-0.612124749517
-0.703125000,-0.109375000,-1.29563674270,-0.615427452782
-0.687500000,-0.109375000,-1.29152271973,-0.613473291873
-0.671875000,-0.109375000,-1.27778803165,-0.606949315034
-0.656250000,-0.109375000,-1.25576652031,-0.596489097146
-0.640625000,-0.109375000,-1.22668371335,-0.582674763840
-0.625000000,-0.109375000,-1.19166142847,-0.566039178523
-0.609375000,-0.109375000,-1.15172261547,-0.547068242347
-0.593750000,-0.109375000,-1.10779634934,-0.526203265934
-0.578125000,-0.109375000,-1.06072290295,-0.503843378902
-0.562500000,-0.109375000,-1.01125884164,-0.480347949777
-0.546875000,-0.109375000,-0.960082090883,-0.456038993169
-0.531250000,-0.109375000,-0.907796940909,-0.431203546932
-0.515625000,-0.109375000,-0.854938954607,-0.406096003438
-0.500000000,-0.109375000,-0.801979756930,-0.380940384542
-0.484375000,-0.109375000,-0.749331685921,-0.355932550812
-0.468750000,-0.109375000,-0.697352290339,-0.331242337911
-0.453125000,-0.109375000,-0.646348664516,-0.307015615645
-0.437500000,-0.109375000,-0.596581612057,-0.283376265727
-0.421875000,-0.109375000,-0.548269633119,-0.260428075732
-0.406250000,-0.109375000,-0.501592733701,-0.238256548508
-0.390625000,-0.109375000,-0.456696054687,-0.216930625976
-0.375000000,-0.109375000,-0.413693321329,-0.196504327631
-0.359375000,-0.109375000,-0.372670115242,-0.177018304740
-0.343750000,-0.109375000,-0.333686970407,-0.158501310943
-0.328125000,-0.109375000,-0.296782297267,-0.140971591202
-0.312500000,-0.109375000,-0.261975137877,-0.124438190491
-0.296875000,-0.109375000,-0.229267756698,-0.108902184432
-0.281250000,-0.109375000,-0.198648071171,-0.0943578338060
-0.265625000,-0.109375000,-0.170091926940,-0.0807936652967
-0.250000000,-0.109375000,-0.143565221991,-0.0681934804458
-0.234375000,-0.109375000,-0.119025884937,-0.0565372953451
-0.218750000,-0.109375000,-0.0964257114472,-0.0458022129374
-0.203125000,-0.109375000,-0.0757120645192,-0.0359632306466
-0.187500000,-0.109375000,-0.0568294418521,-0.0269939848797
-0.171875000,-0.109375000,-0.0397209151362,-0.0188674346897
-0.156250000,-0.109375000,-0.0243294456265,-0.0115564866726
-0.140625000,-0.109375000,-0.0105990794889,-0.00503456275725
-0.125000000,-0.109375000,0.00152397355784,0.000723887439976
-0.109375000,-0.109375000,0.0120903743135,0.00574292779890
-0.093750000,-0.109375000,0.0211226680866,0.0100332673412
-0.078125000,-0.109375000,0.0287221293812,0.0136430114561
-0.062500000,-0.109375000,0.0348855997965,0.0165706599033
-0.046875000,-0.109375000,0.0396452358638,0.0188314870353
-0.031250000,-0.109375000,0.0430264994925,0.0204375872590
-0.015625000,-0.109375000,0.0450478189106,0.0213977139825
0.000000000,-0.109375000,0.0457203474996,0.0217171650623
0.015625000,-0.109375000,0.0450478189106,0.0213977139825
0.031250000,-0.109375000,0.0430264994925,0.0204375872590
0.046875000,-0.109375000,0.0396452358638,0.0188314870353
0.062500000,-0.109375000,0.0348855997965,0.0165706599033
0.078125000,-0.109375000,0.0287221293812,0.0136430114561
0.093750000,-0.109375000,0.0211226680866,0.0100332673412
0.109375000,-0.109375000,0.0120903743135,0.00574292779890
0.125000000,-0.109375000,0.00152397355784,0.000723887439976
0.140625000,-0.109375000,-0.0105990794889,-0.00503456275725
0.156250000,-0.109375000,-0.0243294456265,-0.0115564866726
0.171875000,-0.109375000,-0.0397209151362,-0.0188674346897
0.187500000,-0.109375000,-0.0568294418521,-0.0269939848797
0.203125000,-0.109375000,-0.0757120645192,-0.0359632306466
0.218750000,-0.109375000,-0.0964257114472,-0.0458022129374
0.234375000,-0.109375000,-0.119025884937,-0.0565372953451
0.250000000,-0.109375000,-0.143565221991,-0.0681934804458
0.265625000,-0.109375000,-0.170091926940,-0.0807936652967
0.281250000,-0.109375000,-0.198648071171,-0.0943578338060
0.296875000,-0.109375000,-0.229267756698,-0.108902184432
0.312500000,-0.109375000,-0.261975137877,-0.124438190491
0.328125000,-0.109375000,-0.296782297267,-0.140971591202
0.343750000,-0.109375000,-0.333686970407,-0.158501310943
0.359375000,-0.109375000,-0.372670115242,-0.177018304740
0.375000000,-0.109375000,-0.413693321329,-0.196504327631
0.390625000,-0.109375000,-0.456696054687,-0.216930625976
0.406250000,-0.109375000,-0.501592733701,-0.238256548508
0.421875000,-0.109375000,-0.548269633119,-0.260428075732
0.437500000,-0.109375000,-0.596581612057,-0.283376265727
0.453125000,-0.109375000,-0.646348664516,-0.307015615645
0.468750000,-0.109375000,-0.697352290339,-0.331242337911
0.484375000,-0.109375000,-0.749331685921,-0.355932550812
0.500000000,-0.109375000,-0.801979756930,-0.380940384542
0.515625000,-0.109375000,-0.854938954607,-0.406096003438
0.531250000,-0.109375000,-0.907796940909,-0.431203546932
0.546875000,-0.109375000,-0.960082090883,-0.456038993169
0.562500000,-0.109375000,-1.01125884164,-0.480347949777
0.578125000,-0.109375000,-1.06072290295,-0.503843378902
0.593750000,-0.109375000,-1.10779634934,-0.526203265934
0.609375000,-0.109375000,-1.15172261547,-0.547068242347
0.625000000,-0.109375000,-1.19166142847,-0.566039178523
0.640625000,-0.109375000,-1.22668371335,-0.582674763840
0.656250000,-0.109375000,-1.25576652031,-0.596489097146
0.671875000,-0.109375000,-1.27778803165,-0.606949315034
0.687500000,-0.109375000,-1.29152271973,-0.613473291873
0.703125000,-0.109375000,-1.29563674270,-0.615427452782
0.718750000,-0.109375000,-1.28868368319,-0.612124749517
0.734375000,-0.109375000,-1.26910075638,-0.602822859280
0.750000000,-0.109375000,-1.23520564050,-0.586722679236
0.765625000,-0.109375000,-1.18519411351,-0.562967203917
0.781250000,-0.109375000,-1.11713871667,-0.530640890417
0.796875000,-0.109375000,-1.02898871031,-0.488769637399
0.812500000,-0.109375000,-0.918571639023,-0.436321528536
0.828125000,-0.109375000,-0.783596887380,-0.372208521506
0.843750000,-0.109375000,-0.621661684471,-0.295289300124
0.859375000,-0.109375000,-0.430260103603,-0.204373549212
0.875000000,-0.109375000,-0.206795716208,-0.0982279651990
0.890625000,-0.109375000,0.0514013087642,0.0244156216630
0.906250000,-0.109375000,0.347051711499,0.164849562962
0.921875000,-0.109375000,0.682898107784,0.324376601197
0.937500000,-0.109375000,1.06166803725,0.504292317695
0.953125000,-0.109375000,1.48602742607,0.705863027381
0.968750000,-0.109375000,1.95852245053,0.930298164003
0.984375000,-0.109375000,,
1.000000000,-0.109375000,,
-1.000000000,-0.093750000,,
-0.984375000,-0.093750000,,
-0.968750000,-0.093750000,2.03046190126,0.964469403101
-0.953125000,-0.093750000,1.55281868049,0.737588873232
-0.937500000,-0.093750000,1.12384707617,0.533827361179
-0.921875000,-0.093750000,0.740926979051,0.351940315049
-0.906250000,-0.093750000,0.401328206406,0.190630898043
-0.890625000,-0.093750000,0.102267451373,0.0485770394020
-0.875000000,-0.093750000,-0.159046217159,-0.0755469531505
-0.859375000,-0.093750000,-0.385375309746,-0.183053272129
-0.843750000,-0.093750000,-0.579425679382,-0.275227197707
-0.828125000,-0.093750000,-0.743824727807,-0.353316745708
-0.812500000,-0.093750000,-0.881104923875,-0.418524838840
-0.796875000,-0.093750000,-0.993691694087,-0.472003554691
-0.781250000,-0.093750000,-1.08389490430,-0.514850079540
-0.765625000,-0.093750000,-1.15390328222,-0.548104059055
-0.750000000,-0.093750000,-1.20578123937,-0.572746088699
-0.734375000,-0.093750000,-1.24146764050,-0.589697129239
-0.718750000,-0.093750000,-1.26277614594,-0.599818669321
-0.703125000,-0.093750000,-1.27139681164,-0.603913485531
-0.687500000,-0.093750000,-1.26889868687,-0.602726876263
-0.671875000,-0.093750000,-1.25673319110,-0.596948265772
-0.656250000,-0.093750000,-1.23623809063,-0.587213093048
-0.640625000,-0.093750000,-1.20864192257,-0.574104913219
-0.625000000,-0.093750000,-1.17506874387,-0.558157653336
-0.609375000,-0.093750000,-1.13654310003,-0.539857972513
-0.593750000,-0.093750000,-1.09399513080,-0.519647687128
-0.578125000,-0.093750000,-1.04826574100,-0.497926226975
-0.562500000,-0.093750000,-1.00011178149,-0.475053096210
-0.546875000,-0.093750000,-0.950211192037,-0.451350316217
-0.531250000,-0.093750000,-0.899168070517,-0.427104833496
-0.515625000,-0.093750000,-0.847517637568,-0.402570877845
-0.500000000,-0.093750000,-0.795731073859,-0.377972260083
-0.484375000,-0.093750000,-0.744220211848,-0.353504600628
-0.468750000,-0.093750000,-0.693342067746,-0.329337482179
-0.453125000,-0.093750000,-0.643403204846,-0.305616522302
-0.437500000,-0.093750000,-0.594663920029,-0.282465362014
-0.421875000,-0.093750000,-0.547342249907,-0.259987568706
-0.406250000,-0.093750000,-0.501617794004,-0.238268452152
-0.390625000,-0.093750000,-0.457635354304,-0.217376793294
-0.375000000,-0.093750000,-0.415508391981,-0.197366486191
-0.359375000,-0.093750000,-0.375322303655,-0.178278094236
-0.343750000,-0.093750000,-0.337137518906,-0.160140321480
-0.328125000,-0.093750000,-0.300992423991,-0.142971401396
-0.312500000,-0.093750000,-0.266906114464,-0.126780404371
-0.296875000,-0.093750000,-0.234880982131,-0.111568466512
-0.281250000,-0.093750000,-0.204905139743,-0.0973299413778
-0.265625000,-0.093750000,-0.176954690145,-0.0840534778187
-0.250000000,-0.093750000,-0.150995842652,-0.0717230252597
-0.234375000,-0.093750000,-0.126986883327,-0.0603187695802
-0.218750000,-0.093750000,-0.104880003068,-0.0498180014573
-0.203125000,-0.093750000,-0.0846229885461,-0.0401959195594
-0.187500000,-0.093750000,-0.0661607806581,-0.0314263708126
-0.171875000,-0.093750000,-0.0494369049557,-0.0234825298539
-0.156250000,-0.093750000,-0.0343947781419,-0.0163375196174
-0.140625000,-0.093750000,-0.0209788947409,-0.00996497500190
-0.125000000,-0.093750000,-0.00913589769466,-0.00433955140497
-0.109375000,-0.093750000,0.00118446385551,0.000562620331369
-0.093750000,-0.093750000,0.0100284857432,0.00476353072802
-0.078125000,-0.093750000,0.0174191103592,0.00827407742062
-0.062500000,-0.093750000,0.0234379533901,0.0111330278603
-0.046875000,-0.093750000,0.0280853761201,0.0133405536571
-0.031250000,-0.093750000,0.0313866361499,0.0149086521712
-0.015625000,-0.093750000,0.0333600133837,0.0158460063573
0.000000000,-0.093750000,0.0340165712458,0.0161578713418
0.015625000,-0.093750000,0.0333600133837,0.0158460063573
0.031250000,-0.093750000,0.0313866361499,0.0149086521712
0.046875000,-0.093750000,0.0280853761201,0.0133405536571
0.062500000,-0.093750000,0.0234379533901,0.0111330278603
0.078125000,-0.093750000,0.0174191103592,0.00827407742062
0.093750000,-0.093750000,0.0100284857432,0.00476353072802
0.109375000,-0.093750000,0.00118446385551,0.000562620331369
0.125000000,-0.093750000,-0.00913589769466,-0.00433955140497
0.140625000,-0.093750000,-0.0209788947409,-0.00996497500190
0.156250000,-0.093750000,-0.0343947781419,-0.0163375196174
0.171875000,-0.093750000,-0.0494369049557,-0.0234825298539
0.187500000,-0.093750000,-0.0661607806581,-0.0314263708126
0.203125000,-0.093750000,-0.0846229885461,-0.0401959195594
0.218750000,-0.093750000,-0.104880003068,-0.0498180014573
0.234375000,-0.093750000,-0.126986883327,-0.0603187695802
0.250000000,-0.093750000,-0.150995842652,-0.0717230252597
0.265625000,-0.093750000,-0.176954690145,-0.0840534778187
0.281250000,-0.093750000,-0.204905139743,-0.0973299413778
0.296875000,-0.093750000,-0.234880982131,-0.111568466512
0.312500000,-0.093750000,-0.266906114464,-0.126780404371
0.328125000,-0.093750000,-0.300992423991,-0.142971401396
0.343750000,-0.093750000,-0.337137518906,-0.160140321480
0.359375000,-0.093750000,-0.375322303655,-0.178278094236
0.375000000,-0.093750000,-0.415508391981,-0.197366486191
0.390625000,-0.093750000,-0.457635354304,-0.217376793294
0.406250000,-0.093750000,-0.501617794004,-0.238268452152
0.421875000,-0.093750000,-0.547342249907,-0.259987568706
0.437500000,-0.093750000,-0.594663920029,-0.282465362014
0.453125000,-0.093750000,-0.643403204846,-0.305616522302
0.468750000,-0.093750000,-0.693342067746,-0.329337482179
0.484375000,-0.093750000,-0.744220211848,-0.353504600628
0.500000000,-0.093750000,-0.795731073859,-0.377972260083
0.515625000,-0.093750000,-0.847517637568,-0.402570877845
0.531250000,-0.093750000,-0.899168070517,-0.427104833496
0.546875000,-0.093750000,-0.950211192037,-0.451350316217
0.562500000,-0.093750000,-1.00011178149,-0.475053096210
0.578125000,-0.093750000,-1.04826574100,-0.497926226975
0.593750000,-0.093750000,-1.09399513080,-0.519647687128
0.609375000,-0.093750000,-1.13654310003,-0.539857972513
0.625000000,-0.093750000,-1.17506874387,-0.558157653336
0.640625000,-0.093750000,-1.20864192257,-0.574104913219
0.656250000,-0.093750000,-1.23623809063,-0.587213093048
0.671875000,-0.093750000,-1.25673319110,-0.596948265772
0.687500000,-0.093750000,-1.26889868687,-0.602726876263
0.703125000,-0.093750000,-1.27139681164,-0.603913485531
0.718750000,-0.093750000,-1.26277614594,-0.599818669321
0.734375000,-0.093750000,-1.24146764050,-0.589697129239
0.750000000,-0.093750000,-1.20578123937,-0.572746088699
0.765625000,-0.093750000,-1.15390328222,-0.548104059055
0.781250000,-0.093750000,-1.08389490430,-0.514850079540
0.796875000,-0.093750000,-0.993691694087,-0.472003554691
0.812500000,-0.093750000,-0.881104923875,-0.418524838840
0.828125000,-0.093750000,-0.743824727807,-0.353316745708
0.843750000,-0.093750000,-0.579425679382,-0.275227197707
0.859375000,-0.093750000,-0.385375309746,-0.183053272129
0.875000000,-0.093750000,-0.159046217159,-0.0755469531505
0.890625000,-0.093750000,0.102267451373,0.0485770394020
0.906250000,-0.093750000,0.401328206406,0.190630898043
0.921875000,-0.093750000,0.740926979051,0.351940315049
0.937500000,-0.093750000,1.12384707617,0.533827361179
0.953125000,-0.093750000,1.55281868049,0.737588873232
0.968750000,-0.093750000,2.03046190126,0.964469403101
0.984375000,-0.093750000,,
1.000000000,-0.093750000,,
-1.000000000,-0.078125000,,
-0.984375000,-0.078125000,,
-0.968750000,-0.078125000,2.11302715155,1.00368789699
-0.953125000,-0.078125000,1.62967302654,0.774094687606
-0.937500000,-0.078125000,1.19552505848,0.567874402779
-0.921875000,-0.078125000,0.807894594697,0.383749932481
-0.906250000,-0.078125000,0.463991614418,0.220396016849
-0.890625000,-0.078125000,0.160980641800,0.0764658048548
-0.875000000,-0.078125000,-0.103974663335,-0.0493879650841
-0.859375000,-0.078125000,-0.333676261441,-0.158496224185
-0.843750000,-0.078125000,-0.530864203042,-0.252160496445
-0.828125000,-0.078125000,-0.698195460110,-0.331642843552
-0.812500000,-0.078125000,-0.838227997486,-0.398158298806
-0.796875000,-0.078125000,-0.953409154873,-0.452869348565
-0.781250000,-0.078125000,-1.04606756472,-0.496882093243
-0.765625000,-0.078125000,-1.11840796228,-0.531243782084
-0.750000000,-0.078125000,-1.17250835319,-0.556941467767
-0.734375000,-0.078125000,-1.21031908993,-0.574901567717
-0.718750000,-0.078125000,-1.23366348824,-0.585990156913
-0.703125000,-0.078125000,-1.24423966989,-0.591013843198
-0.687500000,-0.078125000,-1.24362337795,-0.590721104524
-0.671875000,-0.078125000,-1.23327154671,-0.585803984690
-0.656250000,-0.078125000,-1.21452644872,-0.576900063143
-0.640625000,-0.078125000,-1.18862027173,-0.564594629071
-0.625000000,-0.078125000,-1.15668000148,-0.549423000703
-0.609375000,-0.078125000,-1.11973251002,-0.531872942259
-0.593750000,-0.078125000,-1.07870976576,-0.512387138734
-0.578125000,-0.078125000,-1.03445409649,-0.491365695833
-0.562500000,-0.078125000,-0.987723450817,-0.469168639138
-0.546875000,-0.078125000,-0.939196611157,-0.446118390299
-0.531250000,-0.078125000,-0.889478323516,-0.422502203670
-0.515625000,-0.078125000,-0.839104314245,-0.398574549266
-0.500000000,-0.078125000,-0.788546172103,-0.374559431749
-0.484375000,-0.078125000,-0.738216076967,-0.350652636559
-0.468750000,-0.078125000,-0.688471363894,-0.327023897850
-0.453125000,-0.078125000,-0.639618911347,-0.303818982890
-0.437500000,-0.078125000,-0.591919348782,-0.281161690671
-0.421875000,-0.078125000,-0.545591078831,-0.259155762445
-0.406250000,-0.078125000,-0.500814112364,-0.237886703373
-0.390625000,-0.078125000,-0.457733716519,-0.217423515347
-0.375000000,-0.078125000,-0.416463877032,-0.197820341590
-0.359375000,-0.078125000,-0.377090576274,-0.179118023730
-0.343750000,-0.078125000,-0.339674891624,-0.161345573521
-0.328125000,-0.078125000,-0.304255916457,-0.144521560317
-0.312500000,-0.078125000,-0.270853509243,-0.128655416890
-0.296875000,-0.078125000,-0.239470874340,-0.113748665312
-0.281250000,-0.078125000,-0.210096980789,-0.0997960658748
-0.265625000,-0.078125000,-0.182708823016,-0.0867866909327
-0.250000000,-0.078125000,-0.157273528907,-0.0747049262308
-0.234375000,-0.078125000,-0.133750320661,-0.0635314023139
-0.218750000,-0.078125000,-0.112092333121,-0.0532438582324
-0.203125000,-0.078125000,-0.0922482952592,-0.0438179402481
-0.187500000,-0.078125000,-0.0741640778407,-0.0352279369743
-0.171875000,-0.078125000,-0.0577841148003,-0.0274474545301
-0.156250000,-0.078125000,-0.0430526991840,-0.0204500321124
-0.140625000,-0.078125000,-0.0299151610340,-0.0142097014911
-0.125000000,-0.078125000,-0.0183189286988,-0.00870149113193
-0.109375000,-0.078125000,-0.00821447851856,-0.00390187729632
-0.093750000,-0.078125000,0.000443824815606,0.000210816787413
-0.078125000,-0.078125000,0.00769699328389,0.00365607180985
-0.062500000,-0.078125000,0.0135629779172,0.00644241451069
-0.046875000,-0.078125000,0.0181136333214,0.00860397582768
-0.031250000,-0.078125000,0.0213460174696,0.0101393582981
-0.015625000,-0.078125000,0.0232781672490,0.0110571294433
0.000000000,-0.078125000,0.0239209990038,0.0113624745268
0.015625000,-0.078125000,0.0232781672490,0.0110571294433
0.031250000,-0.078125000,0.0213460174696,0.0101393582981
0.046875000,-0.078125000,0.0181136333214,0.00860397582768
0.062500000,-0.078125000,0.0135629779172,0.00644241451069
0.078125000,-0.078125000,0.00769699328389,0.00365607180985
0.093750000,-0.078125000,0.000443824815606,0.000210816787413
0.109375000,-0.078125000,-0.00821447851856,-0.00390187729632
0.125000000,-0.078125000,-0.0183189286988,-0.00870149113193
0.140625000,-0.078125000,-0.0299151610340,-0.0142097014911
0.156250000,-0.078125000,-0.0430526991840,-0.0204500321124
0.171875000,-0.078125000,-0.0577841148003,-0.0274474545301
0.187500000,-0.078125000,-0.0741640778407,-0.0352279369743
0.203125000,-0.078125000,-0.0922482952592,-0.0438179402481
0.218750000,-0.078125000,-0.112092333121,-0.0532438582324
0.234375000,-0.078125000,-0.133750320661,-0.0635314023139
0.250000000,-0.078125000,-0.157273528907,-0.0747049262308
0.265625000,-0.078125000,-0.182708823016,-0.0867866909327
0.281250000,-0.078125000,-0.210096980789,-0.0997960658748
0.296875000,-0.078125000,-0.239470874340,-0.113748665312
0.312500000,-0.078125000,-0.270853509243,-0.128655416890
0.328125000,-0.078125000,-0.304255916457,-0.144521560317
0.343750000,-0.078125000,-0.339674891624,-0.161345573521
0.359375000,-0.078125000,-0.377090576274,-0.179118023730
0.375000000,-0.078125000,-0.416463877032,-0.197820341590
0.390625000,-0.078125000,-0.457733716519,-0.217423515347
0.406250000,-0.078125000,-0.500814112364,-0.237886703373
0.421875000,-0.078125000,-0.545591078831,-0.259155762445
0.437500000,-0.078125000,-0.591919348782,-0.281161690671
0.453125000,-0.078125000,-0.639618911347,-0.303818982890
0.468750000,-0.078125000,-0.688471363894,-0.327023897850
0.484375000,-0.078125000,-0.738216076967,-0.350652636559
0.500000000,-0.078125000,-0.788546172103,-0.374559431749
0.515625000,-0.078125000,-0.839104314245,-0.398574549266
0.531250000,-0.078125000,-0.889478323516,-0.422502203670
0.546875000,-0.078125000,-0.939196611157,-0.446118390299
0.562500000,-0.078125000,-0.987723450817,-0.469168639138
0.578125000,-0.078125000,-1.03445409649,-0.491365695833
0.593750000,-0.078125000,-1.07870976576,-0.512387138734
0.609375000,-0.078125000,-1.11973251002,-0.531872942259
0.625000000,-0.078125000,-1.15668000148,-0.549423000703
0.640625000,-0.078125000,-1.18862027173,-0.564594629071
0.656250000,-0.078125000,-1.21452644872,-0.576900063143
0.671875000,-0.078125000,-1.23327154671,-0.585803984690
0.687500000,-0.078125000,-1.24362337795,-0.590721104524
0.703125000,-0.078125000,-1.24423966989,-0.591013843198
0.718750000,-0.078125000,-1.23366348824,-0.585990156913
0.734375000,-0.078125000,-1.21031908993,-0.574901567717
0.750000000,-0.078125000,-1.17250835319,-0.556941467767
0.765625000,-0.078125000,-1.11840796228,-0.531243782084
0.781250000,-0.078125000,-1.04606756472,-0.496882093243
0.796875000,-0.078125000,-0.953409154873,-0.452869348565
0.812500000,-0.078125000,-0.838227997486,-0.398158298806
0.828125000,-0.078125000,-0.698195460110,-0.331642843552
0.843750000,-0.078125000,-0.530864203042,-0.252160496445
0.859375000,-0.078125000,-0.333676261441,-0.158496224185
0.875000000,-0.078125000,-0.103974663335,-0.0493879650841
0.890625000,-0.078125000,0.160980641800,0.0764658048548
0.906250000,-0.078125000,0.463991614418,0.220396016849
0.921875000,-0.078125000,0.807894594697,0.383749932481
0.937500000,-0.078125000,1.19552505848,0.567874402779
0.953125000,-0.078125000,1.62967302654,0.774094687606
0.968750000,-0.078125000,2.11302715155,1.00368789699
0.984375000,-0.078125000,,
1.000000000,-0.078125000,,
-1.000000000,-0.062500000,,
-0.984375000,-0.062500000,,
-0.968750000,-0.062500000,2.20653885481,1.04810595603
-0.953125000,-0.062500000,1.71687147527,0.815513950754
-0.937500000,-0.062500000,1.27694659858,0.606549634328
-0.921875000,-0.062500000,0.884012168866,0.419905780211
-0.906250000,-0.062500000,0.535222523401,0.254230698616
-0.890625000,-0.062500000,0.227693418723,0.108154373894
-0.875000000,-0.062500000,-0.0414541656606,-0.0196907286888
-0.859375000,-0.062500000,-0.275059479596,-0.130653252808
-0.843750000,-0.062500000,-0.475895091844,-0.226050168626
-0.828125000,-0.062500000,-0.646646272984,-0.307156979667
-0.812500000,-0.062500000,-0.789895558793,-0.375200390427
-0.796875000,-0.062500000,-0.908111571123,-0.431352996283
-0.781250000,-0.062500000,-1.00364132745,-0.476729630537
-0.765625000,-0.062500000,-1.07870540201,-0.512385065953
-0.750000000,-0.062500000,-1.13539540632,-0.539312818003
-0.734375000,-0.062500000,-1.17567334628,-0.558444839485
-0.718750000,-0.062500000,-1.20137248850,-0.570651932036
-0.703125000,-0.062500000,-1.21419942808,-0.576744728339
-0.687500000,-0.062500000,-1.21573710272,-0.577475123791
-0.671875000,-0.062500000,-1.20744854159,-0.573538057255
-0.656250000,-0.062500000,-1.19068117098,-0.565573556215
-0.640625000,-0.062500000,-1.16667153258,-0.554168977976
-0.625000000,-0.062500000,-1.13655029119,-0.539861388314
-0.609375000,-0.062500000,-1.10134743421,-0.523140031251
-0.593750000,-0.062500000,-1.06199757892,-0.504448849986
-0.578125000,-0.062500000,-1.01934532164,-0.484189027779
-0.562500000,-0.062500000,-0.974150573708,-0.462721522511
-0.546875000,-0.062500000,-0.927093840014,-0.440369574006
-0.531250000,-0.062500000,-0.878781404780,-0.417421167271
-0.515625000,-0.062500000,-0.829750396819,-0.394131438489
-0.500000000,-0.062500000,-0.780473712313,-0.370725013349
-0.484375000,-0.062500000,-0.731364777894,-0.347398269500
-0.468750000,-0.062500000,-0.682782143042,-0.324321517945
-0.453125000,-0.062500000,-0.635033891383,-0.301641098407
-0.437500000,-0.062500000,-0.588381866348,-0.279481386515
-0.421875000,-0.062500000,-0.543045707005,-0.257946710827
-0.406250000,-0.062500000,-0.499206693309,-0.237123179322
-0.390625000,-0.062500000,-0.457011400272,-0.217080415129
-0.375000000,-0.062500000,-0.416575163862,-0.197873202835
-0.359375000,-0.062500000,-0.377985359810,-0.179543045910
-0.343750000,-0.062500000,-0.341304499915,-0.162119637460
-0.328125000,-0.062500000,-0.306573149626,-0.145622246073
-0.312500000,-0.062500000,-0.273812671658,-0.130061019037
-0.296875000,-0.062500000,-0.243027799985,-0.115438204993
-0.281250000,-0.062500000,-0.214209050094,-0.101749298794
-0.265625000,-0.062500000,-0.187334971005,-0.0889841112274
-0.250000000,-0.062500000,-0.162374243135,-0.0771277654891
-0.234375000,-0.062500000,-0.139287629070,-0.0661616238080
-0.218750000,-0.062500000,-0.118029780913,-0.0560641459339
-0.203125000,-0.062500000,-0.0985509105852,-0.0468116825280
-0.187500000,-0.062500000,-0.0807983273990,-0.0383792055145
-0.171875000,-0.062500000,-0.0647178472983,-0.0307409774667
-0.156250000,-0.062500000,-0.0502550792457,-0.0238711626417
-0.140625000,-0.062500000,-0.0373565925772,-0.0177443814742
-0.125000000,-0.062500000,-0.0259709686030,-0.0123362100864
-0.109375000,-0.062500000,-0.0160497411906,-0.00762362706552
-0.093750000,-0.062500000,-0.00754822913388,-0.00358540883859
-0.078125000,-0.062500000,-0.000426262929316,-0.000202474891425
-0.062500000,-0.062500000,0.00535118991551,0.00254181520987
-0.046875000,-0.062500000,0.00979224336334,0.00465131559758
-0.031250000,-0.062500000,0.0129677643153,0.00615968804976
-0.015625000,-0.062500000,0.0148659338116,0.00706131856052
0.000000000,-0.062500000,0.0154974617710,0.00736129434120
0.015625000,-0.062500000,0.0148659338116,0.00706131856052
0.031250000,-0.062500000,0.0129677643153,0.00615968804976
0.046875000,-0.062500000,0.00979224336334,0.00465131559758
0.062500000,-0.062500000,0.00535118991551,0.00254181520987
0.078125000,-0.062500000,-0.000426262929316,-0.000202474891425
0.093750000,-0.062500000,-0.00754822913388,-0.00358540883859
0.109375000,-0.062500000,-0.0160497411906,-0.00762362706552
0.125000000,-0.062500000,-0.0259709686030,-0.0123362100864
0.140625000,-0.062500000,-0.0373565925772,-0.0177443814742
0.156250000,-0.062500000,-0.0502550792457,-0.0238711626417
0.171875000,-0.062500000,-0.0647178472983,-0.0307409774667
0.187500000,-0.062500000,-0.0807983273990,-0.0383792055145
0.203125000,-0.062500000,-0.0985509105852,-0.0468116825280
0.218750000,-0.062500000,-0.118029780913,-0.0560641459339
0.234375000,-0.062500000,-0.139287629070,-0.0661616238080
0.250000000,-0.062500000,-0.162374243135,-0.0771277654891
0.265625000,-0.062500000,-0.187334971005,-0.0889841112274
0.281250000,-0.062500000,-0.214209050094,-0.101749298794
0.296875000,-0.062500000,-0.243027799985,-0.115438204993
0.312500000,-0.062500000,-0.273812671658,-0.130061019037
0.328125000,-0.062500000,-0.306573149626,-0.145622246073
0.343750000,-0.062500000,-0.341304499915,-0.162119637460
0.359375000,-0.062500000,-0.377985359810,-0.179543045910
0.375000000,-0.062500000,-0.416575163862,-0.197873202835
0.390625000,-0.062500000,-0.457011400272,-0.217080415129
0.406250000,-0.062500000,-0.499206693309,-0.237123179322
0.421875000,-0.062500000,-0.543045707005,-0.257946710827
0.437500000,-0.062500000,-0.588381866348,-0.279481386515
0.453125000,-0.062500000,-0.635033891383,-0.301641098407
0.468750000,-0.062500000,-0.682782143042,-0.324321517945
0.484375000,-0.062500000,-0.731364777894,-0.347398269500
0.500000000,-0.062500000,-0.780473712313,-0.370725013349
0.515625000,-0.062500000,-0.829750396819,-0.394131438489
0.531250000,-0.062500000,-0.878781404780,-0.417421167271
0.546875000,-0.062500000,-0.927093840014,-0.440369574006
0.562500000,-0.062500000,-0.974150573708,-0.462721522511
0.578125000,-0.062500000,-1.01934532164,-0.484189027779
0.593750000,-0.062500000,-1.06199757892,-0.504448849986
0.609375000,-0.062500000,-1.10134743421,-0.523140031251
0.625000000,-0.062500000,-1.13655029119,-0.539861388314
0.640625000,-0.062500000,-1.16667153258,-0.554168977976
0.656250000,-0.062500000,-1.19068117098,-0.565573556215
0.671875000,-0.062500000,-1.20744854159,-0.573538057255
0.687500000,-0.062500000,-1.21573710272,-0.577475123791
0.703125000,-0.062500000,-1.21419942808,-0.576744728339
0.718750000,-0.062500000,-1.20137248850,-0.570651932036
0.734375000,-0.062500000,-1.17567334628,-0.558444839485
0.750000000,-0.062500000,-1.13539540632,-0.539312818003
0.765625000,-0.062500000,-1.07870540201,-0.512385065953
0.781250000,-0.062500000,-1.00364132745,-0.476729630537
0.796875000,-0.062500000,-0.908111571123,-0.431352996283
0.812500000,-0.062500000,-0.789895558793,-0.375200390427
0.828125000,-0.062500000,-0.646646272984,-0.307156979667
0.843750000,-0.062500000,-0.475895091844,-0.226050168626
0.859375000,-0.062500000,-0.275059479596,-0.130653252808
0.875000000,-0.062500000,-0.0414541656606,-0.0196907286888
0.890625000,-0.062500000,0.227693418723,0.108154373894
0.906250000,-0.062500000,0.535222523401,0.254230698616
0.921875000,-0.062500000,0.884012168866,0.419905780211
0.937500000,-0.062500000,1.27694659858,0.606549634328
0.953125000,-0.062500000,1.71687147527,0.815513950754
0.968750000,-0.062500000,2.20653885481,1.04810595603
0.984375000,-0.062500000,,
1.000000000,-0.062500000,,
-1.000000000,-0.046875000,,
-0.984375000,-0.046875000,,
-0.968750000,-0.046875000,2.31132142751,1.09787767807
-0.953125000,-0.046875000,1.81469976217,0.861982387030
-0.937500000,-0.046875000,1.36836176333,0.649971837583
-0.921875000,-0.046875000,0.969496901671,0.460511028294
-0.906250000,-0.046875000,0.615207881730,0.292223743822
-0.890625000,-0.046875000,0.302564923159,0.143718338501
-0.875000000,-0.046875000,0.0286489012863,0.0136082281110
-0.859375000,-0.046875000,-0.209414702232,-0.0994719835600
-0.843750000,-0.046875000,-0.414429422764,-0.196853975813
-0.828125000,-0.046875000,-0.589107675769,-0.279826145990
-0.812500000,-0.046875000,-0.736055751252,-0.349626481845
-0.796875000,-0.046875000,-0.857763022888,-0.407437435872
-0.781250000,-0.046875000,-0.956594606184,-0.454382437937
-0.765625000,-0.046875000,-1.03478683413,-0.491523746211
-0.750000000,-0.046875000,-1.09444501931,-0.519861384175
-0.734375000,-0.046875000,-1.13754306528,-0.540332956009
-0.718750000,-0.046875000,-1.16592456121,-0.553814166575
-0.703125000,-0.046875000,-1.18130505355,-0.561119900436
-0.687500000,-0.046875000,-1.18527524427,-0.563005741029
-0.671875000,-0.046875000,-1.17930490370,-0.560169829258
-0.656250000,-0.046875000,-1.16474732259,-0.553254978231
-0.640625000,-0.046875000,-1.14284416113,-0.542850976537
-0.625000000,-0.046875000,-1.11473057284,-0.529497022100
-0.609375000,-0.046875000,-1.08144050662,-0.513684240647
-0.593750000,-0.046875000,-1.04391210448,-0.495858249628
-0.578125000,-0.046875000,-1.00299313109,-0.476421737267
-0.562500000,-0.046875000,-0.959446378269,-0.455737029678
-0.546875000,-0.046875000,-0.913955004521,-0.434128627147
-0.531250000,-0.046875000,-0.867127772548,-0.411885691960
-0.515625000,-0.046875000,-0.819504158968,-0.389264475510
-0.500000000,-0.046875000,-0.771559314294,-0.366490674290
-0.484375000,-0.046875000,-0.723708857311,-0.343761707223
-0.468750000,-0.046875000,-0.676313492956,-0.321248909154
-0.453125000,-0.046875000,-0.629683443668,-0.299099635742
-0.437500000,-0.046875000,-0.584082691004,-0.277439278227
-0.421875000,-0.046875000,-0.539733022663,-0.256373185765
-0.406250000,-0.046875000,-0.496817885432,-0.235988495580
-0.390625000,-0.046875000,-0.455486044494,-0.216355871135
-0.375000000,-0.046875000,-0.415855049478,-0.197531148502
-0.359375000,-0.046875000,-0.378014513328,-0.179556893831
-0.343750000,-0.046875000,-0.342029204793,-0.162463872277
-0.328125000,-0.046875000,-0.307941960531,-0.146272431252
-0.312500000,-0.046875000,-0.275776421821,-0.130993800365
-0.296875000,-0.046875000,-0.245539600278,-0.116631310132
-0.281250000,-0.046875000,-0.217224278762,-0.103181532412
-0.265625000,-0.046875000,-0.190811252370,-0.0906353448756
-0.250000000,-0.046875000,-0.166271415841,-0.0789789225243
-0.234375000,-0.046875000,-0.143567702087,-0.0681946584915
-0.218750000,-0.046875000,-0.122656878349,-0.0582620172155
-0.203125000,-0.046875000,-0.103491204023,-0.0491583219112
-0.187500000,-0.046875000,-0.0860199560305,-0.0408594791145
-0.171875000,-0.046875000,-0.0701908269812,-0.0333406428161
-0.156250000,-0.046875000,-0.0559511997430,-0.0265768198779
-0.140625000,-0.046875000,-0.0432493036814,-0.0205434192487
-0.125000000,-0.046875000,-0.0320352560481,-0.0152167466228
-0.109375000,-0.046875000,-0.0222619927742,-0.0105744465678
-0.093750000,-0.046875000,-0.0138860918444,-0.00659589362609
-0.078125000,-0.046875000,-0.00686849242563,-0.00326253390217
-0.062500000,-0.046875000,-0.00117511218625,-0.000558178288471
-0.046875000,-0.046875000,0.00322263399457,0.00153075114742
-0.031250000,-0.046875000,0.00634741278852,0.00301502107455
-0.015625000,-0.046875000,0.00821564645528,0.00390243206626
0.000000000,-0.046875000,0.00881207490403,0.00418573557942
0.015625000,-0.046875000,0.00821564645528,0.00390243206626
0.031250000,-0.046875000,0.00634741278852,0.00301502107455
0.046875000,-0.046875000,0.00322263399457,0.00153075114742
0.062500000,-0.046875000,-0.00117511218625,-0.000558178288471
0.078125000,-0.046875000,-0.00686849242563,-0.00326253390217
0.093750000,-0.046875000,-0.0138860918444,-0.00659589362609
0.109375000,-0.046875000,-0.0222619927742,-0.0105744465678
0.125000000,-0.046875000,-0.0320352560481,-0.0152167466228
0.140625000,-0.046875000,-0.0432493036814,-0.0205434192487
0.156250000,-0.046875000,-0.0559511997430,-0.0265768198779
0.171875000,-0.046875000,-0.0701908269812,-0.0333406428161
0.187500000,-0.046875000,-0.0860199560305,-0.0408594791145
0.203125000,-0.046875000,-0.103491204023,-0.0491583219112
0.218750000,-0.046875000,-0.122656878349,-0.0582620172155
0.234375000,-0.046875000,-0.143567702087,-0.0681946584915
0.250000000,-0.046875000,-0.166271415841,-0.0789789225243
0.265625000,-0.046875000,-0.190811252370,-0.0906353448756
0.281250000,-0.046875000,-0.217224278762,-0.103181532412
0.296875000,-0.046875000,-0.245539600278,-0.116631310132
0.312500000,-0.046875000,-0.275776421821,-0.130993800365
0.328125000,-0.046875000,-0.307941960531,-0.146272431252
0.343750000,-0.046875000,-0.342029204793,-0.162463872277
0.359375000,-0.046875000,-0.378014513328,-0.179556893831
0.375000000,-0.046875000,-0.415855049478,-0.197531148502
0.390625000,-0.046875000,-0.455486044494,-0.216355871135
0.406250000,-0.046875000,-0.496817885432,-0.235988495580
0.421875000,-0.046875000,-0.539733022663,-0.256373185765
0.437500000,-0.046875000,-0.584082691004,-0.277439278227
0.453125000,-0.046875000,-0.629683443668,-0.299099635742
0.468750000,-0.046875000,-0.676313492956,-0.321248909154
0.484375000,-0.046875000,-0.723708857311,-0.343761707223
0.500000000,-0.046875000,-0.771559314294,-0.366490674290
0.515625000,-0.046875000,-0.819504158968,-0.389264475510
0.531250000,-0.046875000,-0.867127772548,-0.411885691960
0.546875000,-0.046875000,-0.913955004521,-0.434128627147
0.562500000,-0.046875000,-0.959446378269,-0.455737029678
0.578125000,-0.046875000,-1.00299313109,-0.476421737267
0.593750000,-0.046875000,-1.04391210448,-0.495858249628
0.609375000,-0.046875000,-1.08144050662,-0.513684240647
0.625000000,-0.046875000,-1.11473057284,-0.529497022100
0.640625000,-0.046875000,-1.14284416113,-0.542850976537
0.656250000,-0.046875000,-1.16474732259,-0.553254978231
0.671875000,-0.046875000,-1.17930490370,-0.560169829258
0.687500000,-0.046875000,-1.18527524427,-0.563005741029
0.703125000,-0.046875000,-1.18130505355,-0.561119900436
0.718750000,-0.046875000,-1.16592456121,-0.553814166575
0.734375000,-0.046875000,-1.13754306528,-0.540332956009
0.750000000,-0.046875000,-1.09444501931,-0.519861384175
0.765625000,-0.046875000,-1.03478683413,-0.491523746211
0.781250000,-0.046875000,-0.956594606184,-0.454382437937
0.796875000,-0.046875000,-0.857763022888,-0.407437435872
0.812500000,-0.046875000,-0.736055751252,-0.349626481845
0.828125000,-0.046875000,-0.589107675769,-0.279826145990
0.843750000,-0.046875000,-0.414429422764,-0.196853975813
0.859375000,-0.046875000,-0.209414702232,-0.0994719835600
0.875000000,-0.046875000,0.0286489012863,0.0136082281110
0.890625000,-0.046875000,0.302564923159,0.143718338501
0.906250000,-0.046875000,0.615207881730,0.292223743822
0.921875000,-0.046875000,0.969496901671,0.460511028294
0.937500000,-0.046875000,1.36836176333,0.649971837583
0.953125000,-0.046875000,1.81469976217,0.861982387030
0.968750000,-0.046875000,2.31132142751,1.09787767807
0.984375000,-0.046875000,,
1.000000000,-0.046875000,,
-1.000000000,-0.031250000,,
-0.984375000,-0.031250000,,
-0.968750000,-0.031250000,2.42770642040,1.15316054969
-0.953125000,-0.031250000,1.92345158660,0.913639503635
-0.937500000,-0.031250000,1.47002918871,0.698263864636
-0.921875000,-0.031250000,1.06457498271,0.505673116788
-0.906250000,-0.031250000,0.704143892773,0.334468349067
-0.890625000,-0.031250000,0.385763692056,0.183237753726
-0.875000000,-0.031250000,0.106477596511,0.0505768583429
-0.859375000,-0.031250000,-0.136622279348,-0.0648955826903
-0.843750000,-0.031250000,-0.346368997098,-0.164525273622
-0.828125000,-0.031250000,-0.525501066560,-0.249613006616
-0.812500000,-0.031250000,-0.676647812546,-0.321407710959
-0.796875000,-0.031250000,-0.802318921011,-0.381101487480
-0.781250000,-0.031250000,-0.904897405020,-0.429826267384
-0.765625000,-0.031250000,-0.986635356940,-0.468651794547
-0.750000000,-0.031250000,-1.04965196343,-0.498584682629
-0.734375000,-0.031250000,-1.09593334470,-0.520568338733
-0.718750000,-0.031250000,-1.12733385415,-0.535483580719
-0.703125000,-0.031250000,-1.14557853686,-0.544149805007
-0.687500000,-0.031250000,-1.15226649462,-0.547326584946
-0.671875000,-0.031250000,-1.14887494843,-0.545715600502
-0.656250000,-0.031250000,-1.13676382628,-0.539962817484
-0.640625000,-0.031250000,-1.11718073143,-0.530660847431
-0.625000000,-0.031250000,-1.09126617383,-0.518351432570
-0.609375000,-0.031250000,-1.06005896666,-0.503528009164
-0.593750000,-0.031250000,-1.02450170837,-0.486638311477
-0.578125000,-0.031250000,-0.985446284996,-0.468086985373
-0.562500000,-0.031250000,-0.943659339603,-0.448238186311
-0.546875000,-0.031250000,-0.899827666713,-0.427418141689
-0.531250000,-0.031250000,-0.854563497944,-0.405917661523
-0.515625000,-0.031250000,-0.808409651853,-0.383994584630
-0.500000000,-0.031250000,-0.761844528051,-0.361876150824
-0.484375000,-0.031250000,-0.715286929679,-0.339761291597
-0.468750000,-0.031250000,-0.669100703354,-0.317822834093
-0.453125000,-0.031250000,-0.623599188720,-0.296209614642
-0.437500000,-0.031250000,-0.579049472448,-0.275048499413
-0.421875000,-0.031250000,-0.535676445288,-0.254446311512
-0.406250000,-0.031250000,-0.493666659802,-0.234491663406
-0.390625000,-0.031250000,-0.453171992373,-0.215256696377
-0.375000000,-0.031250000,-0.414313108988,-0.196798726769
-0.359375000,-0.031250000,-0.377182740776,-0.179161801869
-0.343750000,-0.031250000,-0.341848771495,-0.162378166460
-0.328125000,-0.031250000,-0.308357143129,-0.146469642986
-0.312500000,-0.031250000,-0.276734583048,-0.131448926948
-0.296875000,-0.031250000,-0.246991161125,-0.117320801534
-0.281250000,-0.031250000,-0.219122678523,-0.104083272298
-0.265625000,-0.031250000,-0.193112897449,-0.0917286262881
-0.250000000,-0.031250000,-0.168935616569,-0.0802444178705
-0.234375000,-0.031250000,-0.146556595705,-0.0696143829601
-0.218750000,-0.031250000,-0.125935339999,-0.0598192864993
-0.203125000,-0.031250000,-0.107026743750,-0.0508377032814
-0.187500000,-0.031250000,-0.0897826036354,-0.0426467367268
-0.171875000,-0.031250000,-0.0741530034363,-0.0352226766322
-0.156250000,-0.031250000,-0.0600875768049,-0.0285415989823
-0.140625000,-0.031250000,-0.0475366510959,-0.0225799092705
-0.125000000,-0.031250000,-0.0364522784366,-0.0173148322574
-0.109375000,-0.031250000,-0.0267891554077,-0.0127248488187
-0.093750000,-0.031250000,-0.0185054372097,-0.00879008267458
-0.078125000,-0.031250000,-0.0115634478491,-0.00549263772833
-0.062500000,-0.031250000,-0.00593029049924,-0.00281688798714
-0.046875000,-0.031250000,-0.00157835853646,-0.000749720304818
-0.031250000,-0.031250000,0.00151424734874,0.000719267490653
-0.015625000,-0.031250000,0.00336339850698,0.00159761429082
0.000000000,-0.031250000,0.00397870891241,0.00188988673339
0.015625000,-0.031250000,0.00336339850698,0.00159761429082
0.031250000,-0.031250000,0.00151424734874,0.000719267490653
0.046875000,-0.031250000,-0.00157835853646,-0.000749720304818
0.062500000,-0.031250000,-0.00593029049924,-0.00281688798714
0.078125000,-0.031250000,-0.0115634478491,-0.00549263772833
0.093750000,-0.031250000,-0.0185054372097,-0.00879008267458
0.109375000,-0.031250000,-0.0267891554077,-0.0127248488187
0.125000000,-0.031250000,-0.0364522784366,-0.0173148322574
0.140625000,-0.031250000,-0.0475366510959,-0.0225799092705
0.156250000,-0.031250000,-0.0600875768049,-0.0285415989823
0.171875000,-0.031250000,-0.0741530034363,-0.0352226766322
0.187500000,-0.031250000,-0.0897826036354,-0.0426467367268
0.203125000,-0.031250000,-0.107026743750,-0.0508377032814
0.218750000,-0.031250000,-0.125935339999,-0.0598192864993
0.234375000,-0.031250000,-0.146556595705,-0.0696143829601
0.250000000,-0.031250000,-0.168935616569,-0.0802444178705
0.265625000,-0.031250000,-0.193112897449,-0.0917286262881
0.281250000,-0.031250000,-0.219122678523,-0.104083272298
0.296875000,-0.031250000,-0.246991161125,-0.117320801534
0.312500000,-0.031250000,-0.276734583048,-0.131448926948
0.328125000,-0.031250000,-0.308357143129,-0.146469642986
0.343750000,-0.031250000,-0.341848771495,-0.162378166460
0.359375000,-0.031250000,-0.377182740776,-0.179161801869
0.375000000,-0.031250000,-0.414313108988,-0.196798726769
0.390625000,-0.031250000,-0.453171992373,-0.215256696377
0.406250000,-0.031250000,-0.493666659802,-0.234491663406
0.421875000,-0.031250000,-0.535676445288,-0.254446311512
0.437500000,-0.031250000,-0.579049472448,-0.275048499413
0.453125000,-0.031250000,-0.623599188720,-0.296209614642
0.468750000,-0.031250000,-0.669100703354,-0.317822834093
0.484375000,-0.031250000,-0.715286929679,-0.339761291597
0.500000000,-0.031250000,-0.761844528051,-0.361876150824
0.515625000,-0.031250000,-0.808409651853,-0.383994584630
0.531250000,-0.031250000,-0.854563497944,-0.405917661523
0.546875000,-0.031250000,-0.899827666713,-0.427418141689
0.562500000,-0.031250000,-0.943659339603,-0.448238186311
0.578125000,-0.031250000,-0.985446284996,-0.468086985373
0.593750000,-0.031250000,-1.02450170837,-0.486638311477
0.609375000,-0.031250000,-1.06005896666,-0.503528009164
0.625000000,-0.031250000,-1.09126617383,-0.518351432570
0.640625000,-0.031250000,-1.11718073143,-0.530660847431
0.656250000,-0.031250000,-1.13676382628,-0.539962817484
0.671875000,-0.031250000,-1.14887494843,-0.545715600502
0.687500000,-0.031250000,-1.15226649462,-0.547326584946
0.703125000,-0.031250000,-1.14557853686,-0.544149805007
0.718750000,-0.031250000,-1.12733385415,-0.535483580719
0.734375000,-0.031250000,-1.09593334470,-0.520568338733
0.750000000,-0.031250000,-1.04965196343,-0.498584682629
0.765625000,-0.031250000,-0.986635356940,-0.468651794547
0.781250000,-0.031250000,-0.904897405020,-0.429826267384
0.796875000,-0.031250000,-0.802318921011,-0.381101487480
0.812500000,-0.031250000,-0.676647812546,-0.321407710959
0.828125000,-0.031250000,-0.525501066560,-0.249613006616
0.843750000,-0.031250000,-0.346368997098,-0.164525273622
0.859375000,-0.031250000,-0.136622279348,-0.0648955826903
0.875000000,-0.031250000,0.106477596511,0.0505768583429
0.890625000,-0.031250000,0.385763692056,0.183237753726
0.906250000,-0.031250000,0.704143892773,0.334468349067
0.921875000,-0.031250000,1.06457498271,0.505673116788
0.937500000,-0.031250000,1.47002918871,0.698263864636
0.953125000,-0.031250000,1.92345158660,0.913639503635
0.968750000,-0.031250000,2.42770642040,1.15316054969
0.984375000,-0.031250000,,
1.000000000,-0.031250000,,
-1.000000000,-0.015625000,,
-0.984375000,-0.015625000,,
-0.968750000,-0.015625000,2.55603585548,1.21411703135
-0.953125000,-0.015625000,2.04343183289,0.970630120622
-0.937500000,-0.015625000,1.58221919090,0.751554115675
-0.921875000,-0.015625000,1.16948459612,0.555505183158
-0.906250000,-0.015625000,0.802238921407,0.381063487668
-0.890625000,-0.015625000,0.477470467687,0.226798472151
-0.875000000,-0.015625000,0.192187129816,0.0912888866627
-0.859375000,-0.015625000,-0.0565505451099,-0.0268615089272
-0.843750000,-0.015625000,-0.271603799377,-0.129011804704
-0.828125000,-0.015625000,-0.455736276688,-0.216474731427
-0.812500000,-0.015625000,-0.611599702176,-0.290509858534
-0.796875000,-0.015625000,-0.741723716703,-0.352318765434
-0.781250000,-0.015625000,-0.848509107309,-0.403041825972
-0.765625000,-0.015625000,-0.934223801993,-0.443756305947
-0.750000000,-0.015625000,-1.00100110645,-0.475475525563
-0.734375000,-0.015625000,-1.05083974504,-0.499148878895
-0.718750000,-0.015625000,-1.08560534530,-0.515662539018
-0.703125000,-0.015625000,-1.10703306302,-0.525840704933
-0.687500000,-0.015625000,-1.11673109810,-0.530447271598
-0.671875000,-0.015625000,-1.11618489442,-0.530187824851
-0.656250000,-0.015625000,-1.10676184940,-0.525711878463
-0.640625000,-0.015625000,-1.08971639264,-0.517615286503
-0.625000000,-0.015625000,-1.06619531543,-0.506442774828
-0.609375000,-0.015625000,-1.03724325446,-0.492690545869
-0.593750000,-0.015625000,-1.00380825032,-0.476808918903
-0.578125000,-0.015625000,-0.966747317712,-0.459204975913
-0.562500000,-0.015625000,-0.926831973722,-0.440245187518
-0.546875000,-0.015625000,-0.884753682741,-0.420257999302
-0.531250000,-0.015625000,-0.841129185706,-0.399536363210
-0.515625000,-0.015625000,-0.796505686647,-0.378340201157
-0.500000000,-0.015625000,-0.751365877222,-0.356898791681
-0.484375000,-0.015625000,-0.706132783644,-0.335413072231
-0.468750000,-0.015625000,-0.661174426813,-0.314057852736
-0.453125000,-0.015625000,-0.616808286074,-0.292983935885
-0.437500000,-0.015625000,-0.573305564440,-0.272320143109
-0.421875000,-0.015625000,-0.530895252040,-0.252175244719
-0.406250000,-0.015625000,-0.489767987641,-0.232639794129
-0.390625000,-0.015625000,-0.450079720335,-0.213787867159
-0.375000000,-0.015625000,-0.411955173609,-0.195678707464
-0.359375000,-0.015625000,-0.375491115688,-0.178358279952
-0.343750000,-0.015625000,-0.340759440151,-0.161860734072
-0.328125000,-0.015625000,-0.307810062871,-0.146209779864
-0.312500000,-0.015625000,-0.276673639495,-0.131419978760
-0.296875000,-0.015625000,-0.247364110282,-0.117497952384
-0.281250000,-0.015625000,-0.219881077302,-0.104443511719
-0.265625000,-0.015625000,-0.194212020962,-0.0922507099570
-0.250000000,-0.015625000,-0.170334360869,-0.0809088214129
-0.234375000,-0.015625000,-0.148217367956,-0.0704032497789
-0.218750000,-0.015625000,-0.127823932800,-0.0607163680801
-0.203125000,-0.015625000,-0.109112196581,-0.0518282933759
-0.187500000,-0.015625000,-0.0920370494714,-0.0437175984989
-0.171875000,-0.015625000,-0.0765515020149,-0.0363619634571
-0.156250000,-0.015625000,-0.0626079343651,-0.0297387688234
-0.140625000,-0.015625000,-0.0501592281878,-0.0238256333892
-0.125000000,-0.015625000,-0.0391597847655,-0.0186008977636
-0.109375000,-0.015625000,-0.0295664343602,-0.0140440563211
-0.093750000,-0.015625000,-0.0213392399019,-0.0101361389534
-0.078125000,-0.015625000,-0.0144421981267,-0.00686004411016
-0.062500000,-0.015625000,-0.00884384149686,-0.00420082471101
-0.046875000,-0.015625000,-0.00451774270253,-0.00214592778370
-0.031250000,-0.015625000,-0.00144292568703,-0.000685389701341
-0.015625000,-0.015625000,0.000395818153100,0.000188013622722
0.000000000,-0.015625000,0.00100770391079,0.000478659357627
0.015625000,-0.015625000,0.000395818153100,0.000188013622722
0.031250000,-0.015625000,-0.00144292568703,-0.000685389701341
0.046875000,-0.015625000,-0.00451774270253,-0.00214592778370
0.062500000,-0.015625000,-0.00884384149686,-0.00420082471101
0.078125000,-0.015625000,-0.0144421981267,-0.00686004411016
0.093750000,-0.015625000,-0.0213392399019,-0.0101361389534
0.109375000,-0.015625000,-0.0295664343602,-0.0140440563211
0.125000000,-0.015625000,-0.0391597847655,-0.0186008977636
0.140625000,-0.015625000,-0.0501592281878,-0.0238256333892
0.156250000,-0.015625000,-0.0626079343651,-0.0297387688234
0.171875000,-0.015625000,-0.0765515020149,-0.0363619634571
0.187500000,-0.015625000,-0.0920370494714,-0.0437175984989
0.203125000,-0.015625000,-0.109112196581,-0.0518282933759
0.218750000,-0.015625000,-0.127823932800,-0.0607163680801
0.234375000,-0.015625000,-0.148217367956,-0.0704032497789
0.250000000,-0.015625000,-0.170334360869,-0.0809088214129
0.265625000,-0.015625000,-0.194212020962,-0.0922507099570
0.281250000,-0.015625000,-0.219881077302,-0.104443511719
0.296875000,-0.015625000,-0.247364110282,-0.117497952384
0.312500000,-0.015625000,-0.276673639495,-0.131419978760
0.328125000,-0.015625000,-0.307810062871,-0.146209779864
0.343750000,-0.015625000,-0.340759440151,-0.161860734072
0.359375000,-0.015625000,-0.375491115688,-0.178358279952
0.375000000,-0.015625000,-0.411955173609,-0.195678707464
0.390625000,-0.015625000,-0.450079720335,-0.213787867159
0.406250000,-0.015625000,-0.489767987641,-0.232639794129
0.421875000,-0.015625000,-0.530895252040,-0.252175244719
0.437500000,-0.015625000,-0.573305564440,-0.272320143109
0.453125000,-0.015625000,-0.616808286074,-0.292983935885
0.468750000,-0.015625000,-0.661174426813,-0.314057852736
0.484375000,-0.015625000,-0.706132783644,-0.335413072231
0.500000000,-0.015625000,-0.751365877222,-0.356898791681
0.515625000,-0.015625000,-0.796505686647,-0.378340201157
0.531250000,-0.015625000,-0.841129185706,-0.399536363210
0.546875000,-0.015625000,-0.884753682741,-0.420257999302
0.562500000,-0.015625000,-0.926831973722,-0.440245187518
0.578125000,-0.015625000,-0.966747317712,-0.459204975913
0.593750000,-0.015625000,-1.00380825032,-0.476808918903
0.609375000,-0.015625000,-1.03724325446,-0.492690545869
0.625000000,-0.015625000,-1.06619531543,-0.506442774828
0.640625000,-0.015625000,-1.08971639264,-0.517615286503
0.656250000,-0.015625000,-1.10676184940,-0.525711878463
0.671875000,-0.015625000,-1.11618489442,-0.530187824851
0.687500000,-0.015625000,-1.11673109810,-0.530447271598
0.703125000,-0.015625000,-1.10703306302,-0.525840704933
0.718750000,-0.015625000,-1.08560534530,-0.515662539018
0.734375000,-0.015625000,-1.05083974504,-0.499148878895
0.750000000,-0.015625000,-1.00100110645,-0.475475525563
0.765625000,-0.015625000,-0.934223801993,-0.443756305947
0.781250000,-0.015625000,-0.848509107309,-0.403041825972
0.796875000,-0.015625000,-0.741723716703,-0.352318765434
0.812500000,-0.015625000,-0.611599702176,-0.290509858534
0.828125000,-0.015625000,-0.455736276688,-0.216474731427
0.843750000,-0.015625000,-0.271603799377,-0.129011804704
0.859375000,-0.015625000,-0.0565505451099,-0.0268615089272
0.875000000,-0.015625000,0.192187129816,0.0912888866627
0.890625000,-0.015625000,0.477470467687,0.226798472151
0.906250000,-0.015625000,0.802238921407,0.381063487668
0.921875000,-0.015625000,1.16948459612,0.555505183158
0.937500000,-0.015625000,1.58221919090,0.751554115675
0.953125000,-0.015625000,2.04343183289,0.970630120622
0.968750000,-0.015625000,2.55603585548,1.21411703135
0.984375000,-0.015625000,,
1.000000000,-0.015625000,,
-1.000000000,0.000000000,,
-0.984375000,0.000000000,,
-0.968750000,0.000000000,2.69666553380,1.28091612855
-0.953125000,0.000000000,2.17495977487,1.03310589306
-0.937500000,0.000000000,1.70521687256,0.809978014465
-0.921875000,0.000000000,1.28447893192,0.610127492662
-0.906250000,0.000000000,0.909716411182,0.432115295311
-0.890625000,0.000000000,0.577881024695,0.274493486730
-0.875000000,0.000000000,0.285947598459,0.135825109268
-0.859375000,0.000000000,0.0309468306527,0.0146997445600
-0.843750000,0.000000000,-0.190009435623,-0.0902544819209
-0.828125000,0.000000000,-0.379709093884,-0.180361819595
-0.812500000,0.000000000,-0.540825709547,-0.256892212035
-0.796875000,0.000000000,-0.675908592344,-0.321056581364
-0.781250000,0.000000000,-0.787376250029,-0.374003718764
-0.765625000,0.000000000,-0.877512590245,-0.416818480367
-0.750000000,0.000000000,-0.948465348655,-0.450521040611
-0.734375000,0.000000000,-1.00224630698,-0.476066995816
-0.718750000,0.000000000,-1.04073293933,-0.494348146182
-0.703125000,0.000000000,-1.06567118616,-0.506193813425
-0.687500000,0.000000000,-1.07867910535,-0.512372575039
-0.671875000,0.000000000,-1.08125119433,-0.513594317307
-0.656250000,0.000000000,-1.07476321105,-0.510512525247
-0.640625000,0.000000000,-1.06047735190,-0.503726742151
-0.625000000,0.000000000,-1.03954767094,-0.493785143696
-0.609375000,0.000000000,-1.01302564194,-0.481187179923
-0.593750000,0.000000000,-0.981865788318,-0.466386249451
-0.578125000,0.000000000,-0.946931313718,-0.449792374016
-0.562500000,0.000000000,-0.908999683955,-0.431774849878
-0.546875000,0.000000000,-0.868768118645,-0.412664856356
-0.531250000,0.000000000,-0.826858958753,-0.392758005408
-0.515625000,0.000000000,-0.783824886471,-0.372316821073
-0.500000000,0.000000000,-0.740153976235,-0.351573138711
-0.484375000,0.000000000,-0.696274563908,-0.330730417856
-0.468750000,0.000000000,-0.652559922680,-0.309965963273
-0.453125000,0.000000000,-0.609332739894,-0.289433051450
-0.437500000,0.000000000,-0.566869389573,-0.269262960047
-0.421875000,0.000000000,-0.525404000946,-0.249566900449
-0.406250000,0.000000000,-0.485132320609,-0.230437852289
-0.390625000,0.000000000,-0.446215372887,-0.211952302121
-0.375000000,0.000000000,-0.408782919139,-0.194171886591
-0.359375000,0.000000000,-0.372936721463,-0.177144942695
-0.343750000,0.000000000,-0.338753614924,-0.160907967089
-0.328125000,0.000000000,-0.306288393939,-0.145486987121
-0.312500000,0.000000000,-0.275576517981,-0.130898846041
-0.296875000,0.000000000,-0.246636643662,-0.117152405739
-0.281250000,0.000000000,-0.219472987731,-0.104249669172
-0.265625000,0.000000000,-0.194077529384,-0.0921868264572
-0.250000000,0.000000000,-0.170432055999,-0.0809552265994
-0.234375000,0.000000000,-0.148510059887,-0.0705422784462
-0.218750000,0.000000000,-0.128278491029,-0.0609322832388
-0.203125000,0.000000000,-0.109699373028,-0.0521072021881
-0.187500000,0.000000000,-0.0927312863694,-0.0440473610255
-0.171875000,0.000000000,-0.0773307246643,-0.0367320942155
-0.156250000,0.000000000,-0.0634533304203,-0.0301403319496
-0.140625000,0.000000000,-0.0510550127100,-0.0242511310373
-0.125000000,0.000000000,-0.0400929530786,-0.0190441527123
-0.109375000,0.000000000,-0.0305265029204,-0.0145000888872
-0.093750000,0.000000000,-0.0223179764262,-0.0106010388025
-0.078125000,0.000000000,-0.0154333416140,-0.00733083726664
-0.062500000,0.000000000,-0.00984281428497,-0.00467533678536
-0.046875000,0.000000000,-0.00552135437663,-0.00262264332890
-0.031250000,0.000000000,-0.00244907127291,-0.00116330885463
-0.015625000,0.000000000,-0.000611535294659,-0.000290479264963
0.000000000,0.000000000,0.00000000000,0.00000000000
0.015625000,0.000000000,-0.000611535294659,-0.000290479264963
0.031250000,0.000000000,-0.00244907127291,-0.00116330885463
0.046875000,0.000000000,-0.00552135437663,-0.00262264332890
0.062500000,0.000000000,-0.00984281428497,-0.00467533678536
0.078125000,0.000000000,-0.0154333416140,-0.00733083726664
0.093750000,0.000000000,-0.0223179764262,-0.0106010388025
0.109375000,0.000000000,-0.0305265029204,-0.0145000888872
0.125000000,0.000000000,-0.0400929530786,-0.0190441527123
0.140625000,0.000000000,-0.0510550127100,-0.0242511310373
0.156250000,0.000000000,-0.0634533304203,-0.0301403319496
0.171875000,0.000000000,-0.0773307246643,-0.0367320942155
0.187500000,0.000000000,-0.0927312863694,-0.0440473610255
0.203125000,0.000000000,-0.109699373028,-0.0521072021881
0.218750000,0.000000000,-0.128278491029,-0.0609322832388
0.234375000,0.000000000,-0.148510059887,-0.0705422784462
0.250000000,0.000000000,-0.170432055999,-0.0809552265994
0.265625000,0.000000000,-0.194077529384,-0.0921868264572
0.281250000,0.000000000,-0.219472987731,-0.104249669172
0.296875000,0.000000000,-0.246636643662,-0.117152405739
0.312500000,0.000000000,-0.275576517981,-0.130898846041
0.328125000,0.000000000,-0.306288393939,-0.145486987121
0.343750000,0.000000000,-0.338753614924,-0.160907967089
0.359375000,0.000000000,-0.372936721463,-0.177144942695
0.375000000,0.000000000,-0.408782919139,-0.194171886591
0.390625000,0.000000000,-0.446215372887,-0.211952302121
0.406250000,0.000000000,-0.485132320609,-0.230437852289
0.421875000,0.000000000,-0.525404000946,-0.249566900449
0.437500000,0.000000000,-0.566869389573,-0.269262960047
0.453125000,0.000000000,-0.609332739894,-0.289433051450
0.468750000,0.000000000,-0.652559922680,-0.309965963273
0.484375000,0.000000000,-0.696274563908,-0.330730417856
0.500000000,0.000000000,-0.740153976235,-0.351573138711
0.515625000,0.000000000,-0.783824886471,-0.372316821073
0.531250000,0.000000000,-0.826858958753,-0.392758005408
0.546875000,0.000000000,-0.868768118645,-0.412664856356
0.562500000,0.000000000,-0.908999683955,-0.431774849878
0.578125000,0.000000000,-0.946931313718,-0.449792374016
0.593750000,0.000000000,-0.981865788318,-0.466386249451
0.609375000,0.000000000,-1.01302564194,-0.481187179923
0.625000000,0.000000000,-1.03954767094,-0.493785143696
0.640625000,0.000000000,-1.06047735190,-0.503726742151
0.656250000,0.000000000,-1.07476321105,-0.510512525247
0.671875000,0.000000000,-1.08125119433,-0.513594317307
0.687500000,0.000000000,-1.07867910535,-0.512372575039
0.703125000,0.000000000,-1.06567118616,-0.506193813425
0.718750000,0.000000000,-1.04073293933,-0.494348146182
0.734375000,0.000000000,-1.00224630698,-0.476066995816
0.750000000,0.000000000,-0.948465348655,-0.450521040611
0.765625000,0.000000000,-0.877512590245,-0.416818480367
0.781250000,0.000000000,-0.787376250029,-0.374003718764
0.796875000,0.000000000,-0.675908592344,-0.321056581364
0.812500000,0.000000000,-0.540825709547,-0.256892212035
0.828125000,0.000000000,-0.379709093884,-0.180361819595
0.843750000,0.000000000,-0.190009435623,-0.0902544819209
0.859375000,0.000000000,0.0309468306527,0.0146997445600
0.875000000,0.000000000,0.285947598459,0.135825109268
0.890625000,0.000000000,0.577881024695,0.274493486730
0.906250000,0.000000000,0.909716411182,0.432115295311
0.921875000,0.000000000,1.28447893192,0.610127492662
0.937500000,0.000000000,1.70521687256,0.809978014465
0.953125000,0.000000000,2.17495977487,1.03310589306
0.968750000,0.000000000,2.69666553380,1.28091612855
0.984375000,0.000000000,,
1.000000000,0.000000000,,
-1.000000000,0.015625000,,
-0.984375000,0.015625000,,
-0.968750000,0.015625000,2.84996831290,1.35373494863
-0.953125000,0.015625000,2.31837226684,1.10122682675
-0.937500000,0.015625000,1.83932522613,0.873679482414
-0.921875000,0.015625000,1.40982920235,0.669668871117
-0.906250000,0.015625000,1.02681781422,0.487738461754
-0.890625000,0.015625000,0.687209012394,0.326424280887
-0.875000000,0.015625000,0.387946744132,0.184274703463
-0.859375000,0.015625000,0.126033513092,0.0598659187189
-0.843750000,0.015625000,-0.101444548795,-0.0481861606776
-0.828125000,0.015625000,-0.297298764450,-0.141216913114
-0.812500000,0.015625000,-0.464224041524,-0.220506419724
-0.796875000,0.015625000,-0.604789135396,-0.287274839313
-0.781250000,0.015625000,-0.721430282733,-0.342679384298
-0.765625000,0.015625000,-0.816447576058,-0.387812598628
-0.750000000,0.015625000,-0.892003552845,-0.423701687602
-0.734375000,0.015625000,-0.950123564928,-0.451308693341
-0.718750000,0.015625000,-0.992697565340,-0.471531343537
-0.703125000,0.015625000,-1.02148301177,-0.485204430591
-0.687500000,0.015625000,-1.03810863744,-0.493101602784
-0.671875000,0.015625000,-1.04407888184,-0.495937468872
-0.656250000,0.015625000,-1.04077881080,-0.494369935132
-0.640625000,0.015625000,-1.02947938423,-0.489002707508
-0.625000000,0.015625000,-1.01134295467,-0.480387903468
-0.609375000,0.015625000,-0.987428901982,-0.469028728441
-0.593750000,0.015625000,-0.958699325803,-0.455382179757
-0.578125000,0.015625000,-0.926024731651,-0.439861747534
-0.562500000,0.015625000,-0.890189661480,-0.422840089203
-0.546875000,0.015625000,-0.851898225797,-0.404651657254
-0.531250000,0.015625000,-0.811779506780,-0.385595265720
-0.515625000,0.015625000,-0.770392806444,-0.365936583061
-0.500000000,0.015625000,-0.728232721740,-0.345910542826
-0.484375000,0.015625000,-0.685734031404,-0.325723664917
-0.468750000,0.015625000,-0.643276385989,-0.305556283345
-0.453125000,0.015625000,-0.601188793715,-0.285564677015
-0.437500000,0.015625000,-0.559753899288,-0.265883102162
-0.421875000,0.015625000,-0.519212053411,-0.246625725370
-0.406250000,0.015625000,-0.479765174598,-0.227888457934
-0.390625000,0.015625000,-0.441580405538,-0.209750692631
-0.375000000,0.015625000,-0.404793565474,-0.192276943600
-0.359375000,0.015625000,-0.369512406046,-0.175518392872
-0.343750000,0.015625000,-0.335819672698,-0.159514344532
-0.328125000,0.015625000,-0.303775978550,-0.144293589811
-0.312500000,0.015625000,-0.273422497716,-0.129875686415
-0.296875000,0.015625000,-0.244783481546,-0.116272153734
-0.281250000,0.015625000,-0.217868607698,-0.103487588656
-0.265625000,0.015625000,-0.192675165229,-0.0915207034837
-0.250000000,0.015625000,-0.169190084641,-0.0803652902045
-0.234375000,0.015625000,-0.147391817723,-0.0700111134184
-0.218750000,0.015625000,-0.127252073805,-0.0604447350574
-0.203125000,0.015625000,-0.108737419015,-0.0516502740323
-0.187500000,0.015625000,-0.0918107434832,-0.0436101031545
-0.171875000,0.015625000,-0.0764326019403,-0.0363054859216
-0.156250000,0.015625000,-0.0625624341245,-0.0297171562091
-0.140625000,0.015625000,-0.0501596682641,-0.0238258424255
-0.125000000,0.015625000,-0.0391847134663,-0.0186127388965
-0.109375000,0.015625000,-0.0295998445522,-0.0140599261623
-0.093750000,0.015625000,-0.0213699832040,-0.0101507420219
-0.078125000,0.015625000,-0.0144633791007,-0.00687010507285
-0.062500000,0.015625000,-0.00885219424328,-0.00420479226556
-0.046875000,0.015625000,-0.00451299221657,-0.00214367130287
-0.031250000,0.015625000,-0.00142713606527,-0.000677889631003
-0.015625000,0.015625000,0.000418904528487,0.000198979651032
0.000000000,0.015625000,0.00103333483408,0.000490834046187
0.015625000,0.015625000,0.000418904528487,0.000198979651032
0.031250000,0.015625000,-0.00142713606527,-0.000677889631003
0.046875000,0.015625000,-0.00451299221657,-0.00214367130287
0.062500000,0.015625000,-0.00885219424328,-0.00420479226556
0.078125000,0.015625000,-0.0144633791007,-0.00687010507285
0.093750000,0.015625000,-0.0213699832040,-0.0101507420219
0.109375000,0.015625000,-0.0295998445522,-0.0140599261623
0.125000000,0.015625000,-0.0391847134663,-0.0186127388965
0.140625000,0.015625000,-0.0501596682641,-0.0238258424255
0.156250000,0.015625000,-0.0625624341245,-0.0297171562091
0.171875000,0.015625000,-0.0764326019403,-0.0363054859216
0.187500000,0.015625000,-0.0918107434832,-0.0436101031545
0.203125000,0.015625000,-0.108737419015,-0.0516502740323
0.218750000,0.015625000,-0.127252073805,-0.0604447350574
0.234375000,0.015625000,-0.147391817723,-0.0700111134184
0.250000000,0.015625000,-0.169190084641,-0.0803652902045
0.265625000,0.015625000,-0.192675165229,-0.0915207034837
0.281250000,0.015625000,-0.217868607698,-0.103487588656
0.296875000,0.015625000,-0.244783481546,-0.116272153734
0.312500000,0.015625000,-0.273422497716,-0.129875686415
0.328125000,0.015625000,-0.303775978550,-0.144293589811
0.343750000,0.015625000,-0.335819672698,-0.159514344532
0.359375000,0.015625000,-0.369512406046,-0.175518392872
0.375000000,0.015625000,-0.404793565474,-0.192276943600
0.390625000,0.015625000,-0.441580405538,-0.209750692631
0.406250000,0.015625000,-0.479765174598,-0.227888457934
0.421875000,0.015625000,-0.519212053411,-0.246625725370
0.437500000,0.015625000,-0.559753899288,-0.265883102162
0.453125000,0.015625000,-0.601188793715,-0.285564677015
0.468750000,0.015625000,-0.643276385989,-0.305556283345
0.484375000,0.015625000,-0.685734031404,-0.325723664917
0.500000000,0.015625000,-0.728232721740,-0.345910542826
0.515625000,0.015625000,-0.770392806444,-0.365936583061
0.531250000,0.015625000,-0.811779506780,-0.385595265720
0.546875000,0.015625000,-0.851898225797,-0.404651657254
0.562500000,0.015625000,-0.890189661480,-0.422840089203
0.578125000,0.015625000,-0.926024731651,-0.439861747534
0.593750000,0.015625000,-0.958699325803,-0.455382179757
0.609375000,0.015625000,-0.987428901982,-0.469028728441
0.625000000,0.015625000,-1.01134295467,-0.480387903468
0.640625000,0.015625000,-1.02947938423,-0.489002707508
0.656250000,0.015625000,-1.04077881080,-0.494369935132
0.671875000,0.015625000,-1.04407888184,-0.495937468872
0.687500000,0.015625000,-1.03810863744,-0.493101602784
0.703125000,0.015625000,-1.02148301177,-0.485204430591
0.718750000,0.015625000,-0.992697565340,-0.471531343537
0.734375000,0.015625000,-0.950123564928,-0.451308693341
0.750000000,0.015625000,-0.892003552845,-0.423701687602
0.765625000,0.015625000,-0.816447576058,-0.387812598628
0.781250000,0.015625000,-0.721430282733,-0.342679384298
0.796875000,0.015625000,-0.604789135396,-0.287274839313
0.812500000,0.015625000,-0.464224041524,-0.220506419724
0.828125000,0.015625000,-0.297298764450,-0.141216913114
0.843750000,0.015625000,-0.101444548795,-0.0481861606776
0.859375000,0.015625000,0.126033513092,0.0598659187189
0.875000000,0.015625000,0.387946744132,0.184274703463
0.890625000,0.015625000,0.687209012394,0.326424280887
0.906250000,0.015625000,1.02681781422,0.487738461754
0.921875000,0.015625000,1.40982920235,0.669668871117
0.937500000,0.015625000,1.83932522613,0.873679482414
0.953125000,0.015625000,2.31837226684,1.10122682675
0.968750000,0.015625000,2.84996831290,1.35373494863
0.984375000,0.015625000,,
1.000000000,0.015625000,,
-1.000000000,0.031250000,,
-0.984375000,0.031250000,,
-0.968750000,0.031250000,3.01633735537,1.43276024380
-0.953125000,0.031250000,2.47402691909,1.17516278657
-0.937500000,0.031250000,1.98486823401,0.942812411154
-0.921875000,0.031250000,1.54582766372,0.734268140265
-0.906250000,0.031250000,1.15380553254,0.548057627954
-0.890625000,0.031250000,0.805688815176,0.382702187208
-0.875000000,0.031250000,0.498392728914,0.236736546234
-0.859375000,0.031250000,0.228893193972,0.108724267137
-0.843750000,0.031250000,-0.00574821357573,-0.00273040144847
-0.828125000,0.031250000,-0.208365473769,-0.0989736000404
-0.812500000,0.031250000,-0.381674390545,-0.181295335509
-0.796875000,0.031250000,-0.528262993691,-0.250924922003
-0.781250000,0.031250000,-0.650585311179,-0.309028022810
-0.765625000,0.031250000,-0.750957879619,-0.356704992819
-0.750000000,0.031250000,-0.831558465010,-0.394990270880
-0.734375000,0.031250000,-0.894426557220,-0.424852614679
-0.718750000,0.031250000,-0.941465275457,-0.447196005842
-0.703125000,0.031250000,-0.974444383015,-0.462861081932
-0.687500000,0.031250000,-0.995004160875,-0.472626976415
-0.671875000,0.031250000,-1.00465993394,-0.477213468623
-0.656250000,0.031250000,-1.00480707831,-0.477283362195
-0.640625000,0.031250000,-0.996726367607,-0.473445024613
-0.625000000,0.031250000,-0.981589543490,-0.466255033158
-0.609375000,0.031250000,-0.960465013605,-0.456220881462
-0.593750000,0.031250000,-0.934323600218,-0.443803710104
-0.578125000,0.031250000,-0.904044276183,-0.429421031187
-0.562500000,0.031250000,-0.870419837910,-0.413449423007
-0.546875000,0.031250000,-0.834162473779,-0.396227175045
-0.531250000,0.031250000,-0.795909197953,-0.378056869028
-0.515625000,0.031250000,-0.756227123705,-0.359207883760
-0.500000000,0.031250000,-0.715618557985,-0.339918815043
-0.484375000,0.031250000,-0.674525903437,-0.320399804133
-0.468750000,0.031250000,-0.633336359355,-0.300834770693
-0.453125000,0.031250000,-0.592386413932,-0.281383546618
-0.437500000,0.031250000,-0.551966125759,-0.262183909736
-0.421875000,0.031250000,-0.512323193517,-0.243353516920
-0.406250000,0.031250000,-0.473666814135,-0.224991736714
-0.390625000,0.031250000,-0.436171332390,-0.207181382885
-0.375000000,0.031250000,-0.399979686375,-0.189990351028
-0.359375000,0.031250000,-0.365206651226,-0.173473159332
-0.343750000,0.031250000,-0.331941888779,-0.157672397170
-0.328125000,0.031250000,-0.300252808242,-0.142620083915
-0.312500000,0.031250000,-0.270187243110,-0.128338940477
-0.296875000,0.031250000,-0.241775952639,-0.114843577504
-0.281250000,0.031250000,-0.215034952721,-0.102141602542
-0.265625000,0.031250000,-0.189967684458,-0.0902346501177
-0.250000000,0.031250000,-0.166567026251,-0.0791193374693
-0.234375000,0.031250000,-0.144817155114,-0.0687881486791
-0.218750000,0.031250000,-0.124695265867,-0.0592302512867
-0.203125000,0.031250000,-0.106173152030,-0.0504322472142
-0.187500000,0.031250000,-0.0892186559345,-0.0423788615689
-0.171875000,0.031250000,-0.0737969928675,-0.0350535716121
-0.156250000,0.031250000,-0.0598719546476,-0.0284391784576
-0.140625000,0.031250000,-0.0474069986641,-0.0225183243654
-0.125000000,0.031250000,-0.0363662254478,-0.0172739570877
-0.109375000,0.031250000,-0.0267152501196,-0.0126897438068
-0.093750000,0.031250000,-0.0184219716307,-0.00875043652460
-0.078125000,0.031250000,-0.0114572428125,-0.00544219033592
-0.062500000,0.031250000,-0.00579544493865,-0.00275283634586
-0.046875000,0.031250000,-0.00141496899728,-0.000672110273709
-0.031250000,0.031250000,0.00170139344515,0.000808161886446
-0.015625000,0.031250000,0.00356614859563,0.00169392058292
0.000000000,0.031250000,0.00418688559545,0.00198877065784
0.015625000,0.031250000,0.00356614859563,0.00169392058292
0.031250000,0.031250000,0.00170139344515,0.000808161886446
0.046875000,0.031250000,-0.00141496899728,-0.000672110273709
0.062500000,0.031250000,-0.00579544493865,-0.00275283634586
0.078125000,0.031250000,-0.0114572428125,-0.00544219033592
0.093750000,0.031250000,-0.0184219716307,-0.00875043652460
0.109375000,0.031250000,-0.0267152501196,-0.0126897438068
0.125000000,0.031250000,-0.0363662254478,-0.0172739570877
0.140625000,0.031250000,-0.0474069986641,-0.0225183243654
0.156250000,0.031250000,-0.0598719546476,-0.0284391784576
0.171875000,0.031250000,-0.0737969928675,-0.0350535716121
0.187500000,0.031250000,-0.0892186559345,-0.0423788615689
0.203125000,0.031250000,-0.106173152030,-0.0504322472142
0.218750000,0.031250000,-0.124695265867,-0.0592302512867
0.234375000,0.031250000,-0.144817155114,-0.0687881486791
0.250000000,0.031250000,-0.166567026251,-0.0791193374693
0.265625000,0.031250000,-0.189967684458,-0.0902346501177
0.281250000,0.031250000,-0.215034952721,-0.102141602542
0.296875000,0.031250000,-0.241775952639,-0.114843577504
0.312500000,0.031250000,-0.270187243110,-0.128338940477
0.328125000,0.031250000,-0.300252808242,-0.142620083915
0.343750000,0.031250000,-0.331941888779,-0.157672397170
0.359375000,0.031250000,-0.365206651226,-0.173473159332
0.375000000,0.031250000,-0.399979686375,-0.189990351028
0.390625000,0.031250000,-0.436171332390,-0.207181382885
0.406250000,0.031250000,-0.473666814135,-0.224991736714
0.421875000,0.031250000,-0.512323193517,-0.243353516920
0.437500000,0.031250000,-0.551966125759,-0.262183909736
0.453125000,0.031250000,-0.592386413932,-0.281383546618
0.468750000,0.031250000,-0.633336359355,-0.300834770693
0.484375000,0.031250000,-0.674525903437,-0.320399804133
0.500000000,0.031250000,-0.715618557985,-0.339918815043
0.515625000,0.031250000,-0.756227123705,-0.359207883760
0.531250000,0.031250000,-0.795909197953,-0.378056869028
0.546875000,0.031250000,-0.834162473779,-0.396227175045
0.562500000,0.031250000,-0.870419837910,-0.413449423007
0.578125000,0.031250000,-0.904044276183,-0.429421031187
0.593750000,0.031250000,-0.934323600218,-0.443803710104
0.609375000,0.031250000,-0.960465013605,-0.456220881462
0.625000000,0.031250000,-0.981589543490,-0.466255033158
0.640625000,0.031250000,-0.996726367607,-0.473445024613
0.656250000,0.031250000,-1.00480707831,-0.477283362195
0.671875000,0.031250000,-1.00465993394,-0.477213468623
0.687500000,0.031250000,-0.995004160875,-0.472626976415
0.703125000,0.031250000,-0.974444383015,-0.462861081932
0.718750000,0.031250000,-0.941465275457,-0.447196005842
0.734375000,0.031250000,-0.894426557220,-0.424852614679
0.750000000,0.031250000,-0.831558465010,-0.394990270880
0.765625000,0.031250000,-0.750957879619,-0.356704992819
0.781250000,0.031250000,-0.650585311179,-0.309028022810
0.796875000,0.031250000,-0.528262993691,-0.250924922003
0.812500000,0.031250000,-0.381674390545,-0.181295335509
0.828125000,0.031250000,-0.208365473769,-0.0989736000404
0.843750000,0.031250000,-0.00574821357573,-0.00273040144847
0.859375000,0.031250000,0.228893193972,0.108724267137
0.875000000,0.031250000,0.498392728914,0.236736546234
0.890625000,0.031250000,0.805688815176,0.382702187208
0.906250000,0.031250000,1.15380553254,0.548057627954
0.921875000,0.031250000,1.54582766372,0.734268140265
0.937500000,0.031250000,1.98486823401,0.942812411154
0.953125000,0.031250000,2.47402691909,1.17516278657
0.968750000,0.031250000,3.01633735537,1.43276024380
0.984375000,0.031250000,,
1.000000000,0.031250000,,
-1.000000000,0.046875000,,
-0.984375000,0.046875000,,
-0.968750000,0.046875000,,
-0.953125000,0.046875000,2.64230525674,1.25509499695
-0.937500000,0.046875000,2.14219396288,1.01754213237
-0.921875000,0.046875000,1.69279064197,0.804075554937
-0.906250000,0.046875000,1.29096587096,0.613208788706
-0.890625000,0.046875000,0.933578427728,0.443449753171
-0.875000000,0.046875000,0.617516931247,0.293320542342
-0.859375000,0.046875000,0.339732304141,0.161372844467
-0.843750000,0.046875000,0.0972626925531,0.0461997789627
-0.828125000,0.046875000,-0.112747805093,-0.0535552074189
-0.812500000,0.046875000,-0.293035481935,-0.139191853919
-0.796875000,0.046875000,-0.446207513318,-0.211948568826
-0.781250000,0.046875000,-0.574735825940,-0.272999517321
-0.765625000,0.046875000,-0.680953707170,-0.323453010906
-0.750000000,0.046875000,-0.767054626723,-0.364350947694
-0.734375000,0.046875000,-0.835092830556,-0.396669094514
-0.718750000,0.046875000,-0.886985342817,-0.421318037838
-0.703125000,0.046875000,-0.924515071648,-0.439144659033
-0.687500000,0.046875000,-0.949334770901,-0.450934016178
-0.671875000,0.046875000,-0.962971646778,-0.457411532220
-0.656250000,0.046875000,-0.966832440278,-0.459245409132
-0.640625000,0.046875000,-0.962208842472,-0.457049200174
-0.625000000,0.046875000,-0.950283126572,-0.451384485122
-0.609375000,0.046875000,-0.932133901965,-0.442763603433
-0.593750000,0.046875000,-0.908741912439,-0.431652408409
-0.578125000,0.046875000,-0.880995814646,-0.418473011957
-0.562500000,0.046875000,-0.849697888903,-0.403606497229
-0.546875000,0.046875000,-0.815569638904,-0.387395578480
-0.531250000,0.046875000,-0.779257251786,-0.370147194598
-0.515625000,0.046875000,-0.741336891899,-0.352135023652
-0.500000000,0.046875000,-0.702319812395,-0.333601910887
-0.484375000,0.046875000,-0.662657268536,-0.314762202555
-0.468750000,0.046875000,-0.622745226111,-0.295803982403
-0.453125000,0.046875000,-0.582928857713,-0.276891207414
-0.437500000,0.046875000,-0.543506824390,-0.258165741585
-0.421875000,0.046875000,-0.504735342454,-0.239749287666
-0.406250000,0.046875000,-0.466832036063,-0.221745217130
-0.390625000,0.046875000,-0.429979578396,-0.204240299738
-0.375000000,0.046875000,-0.394329126416,-0.187306335048
-0.359375000,0.046875000,-0.360003552050,-0.171001687224
-0.343750000,0.046875000,-0.327100478250,-0.155372727169
-0.328125000,0.046875000,-0.295695123125,-0.140455183484
-0.312500000,0.046875000,-0.265842960348,-0.126275406165
-0.296875000,0.046875000,-0.237582203091,-0.112851546468
-0.281250000,0.046875000,-0.210936116187,-0.100194655189
-0.265625000,0.046875000,-0.185915165877,-0.0883097037916
-0.250000000,0.046875000,-0.162519012149,-0.0771965307709
-0.234375000,0.046875000,-0.140738351726,-0.0668507170697
-0.218750000,0.046875000,-0.120556617119,-0.0572643931313
-0.203125000,0.046875000,-0.101951539162,-0.0484269811019
-0.187500000,0.046875000,-0.0848965782312,-0.0403258746598
-0.171875000,0.046875000,-0.0693622312180,-0.0329470598286
-0.156250000,0.046875000,-0.0553172172460,-0.0262756781918
-0.140625000,0.046875000,-0.0427295511260,-0.0202965367849
-0.125000000,0.046875000,-0.0315675051851,-0.0149945649629
-0.109375000,0.046875000,-0.0218004670619,-0.0103552218544
-0.093750000,0.046875000,-0.0133996957977,-0.00636485550389
-0.078125000,0.046875000,-0.00633898058864,-0.00301101577960
-0.062500000,0.046875000,-0.000595204791435,-0.000282722275932
-0.046875000,0.046875000,0.00385118127187,0.00182931110414
-0.031250000,0.046875000,0.00701577677815,0.00333249396962
-0.015625000,0.046875000,0.00890993431147,0.00423221879795
0.000000000,0.046875000,0.00954054938947,0.00453176096000
0.015625000,0.046875000,0.00890993431147,0.00423221879795
0.031250000,0.046875000,0.00701577677815,0.00333249396962
0.046875000,0.046875000,0.00385118127187,0.00182931110414
0.062500000,0.046875000,-0.000595204791435,-0.000282722275932
0.078125000,0.046875000,-0.00633898058864,-0.00301101577960
0.093750000,0.046875000,-0.0133996957977,-0.00636485550389
0.109375000,0.046875000,-0.0218004670619,-0.0103552218544
0.125000000,0.046875000,-0.0315675051851,-0.0149945649629
0.140625000,0.046875000,-0.0427295511260,-0.0202965367849
0.156250000,0.046875000,-0.0553172172460,-0.0262756781918
0.171875000,0.046875000,-0.0693622312180,-0.0329470598286
0.187500000,0.046875000,-0.0848965782312,-0.0403258746598
0.203125000,0.046875000,-0.101951539162,-0.0484269811019
0.218750000,0.046875000,-0.120556617119,-0.0572643931313
0.234375000,0.046875000,-0.140738351726,-0.0668507170697
0.250000000,0.046875000,-0.162519012149,-0.0771965307709
0.265625000,0.046875000,-0.185915165877,-0.0883097037916
0.281250000,0.046875000,-0.210936116187,-0.100194655189
0.296875000,0.046875000,-0.237582203091,-0.112851546468
0.312500000,0.046875000,-0.265842960348,-0.126275406165
0.328125000,0.046875000,-0.295695123125,-0.140455183484
0.343750000,0.046875000,-0.327100478250,-0.155372727169
0.359375000,0.046875000,-0.360003552050,-0.171001687224
0.375000000,0.046875000,-0.394329126416,-0.187306335048
0.390625000,0.046875000,-0.429979578396,-0.204240299738
0.406250000,0.046875000,-0.466832036063,-0.221745217130
0.421875000,0.046875000,-0.504735342454,-0.239749287666
0.437500000,0.046875000,-0.543506824390,-0.258165741585
0.453125000,0.046875000,-0.582928857713,-0.276891207414
0.468750000,0.046875000,-0.622745226111,-0.295803982403
0.484375000,0.046875000,-0.662657268536,-0.314762202555
0.500000000,0.046875000,-0.702319812395,-0.333601910887
0.515625000,0.046875000,-0.741336891899,-0.352135023652
0.531250000,0.046875000,-0.779257251786,-0.370147194598
0.546875000,0.046875000,-0.815569638904,-0.387395578480
0.562500000,0.046875000,-0.849697888903,-0.403606497229
0.578125000,0.046875000,-0.880995814646,-0.418473011957
0.593750000,0.046875000,-0.908741912439,-0.431652408409
0.609375000,0.046875000,-0.932133901965,-0.442763603433
0.625000000,0.046875000,-0.950283126572,-0.451384485122
0.640625000,0.046875000,-0.962208842472,-0.457049200174
0.656250000,0.046875000,-0.966832440278,-0.459245409132
0.671875000,0.046875000,-0.962971646778,-0.457411532220
0.687500000,0.046875000,-0.949334770901,-0.450934016178
0.703125000,0.046875000,-0.924515071648,-0.439144659033
0.718750000,0.046875000,-0.886985342817,-0.421318037838
0.734375000,0.046875000,-0.835092830556,-0.396669094514
0.750000000,0.046875000,-0.767054626723,-0.364350947694
0.765625000,0.046875000,-0.680953707170,-0.323453010906
0.781250000,0.046875000,-0.574735825940,-0.272999517321
0.796875000,0.046875000,-0.446207513318,-0.211948568826
0.812500000,0.046875000,-0.293035481935,-0.139191853919
0.828125000,0.046875000,-0.112747805093,-0.0535552074189
0.843750000,0.046875000,0.0972626925531,0.0461997789627
0.859375000,0.046875000,0.339732304141,0.161372844467
0.875000000,0.046875000,0.617516931247,0.293320542342
0.890625000,0.046875000,0.933578427728,0.443449753171
0.906250000,0.046875000,1.29096587096,0.613208788706
0.921875000,0.046875000,1.69279064197,0.804075554937
0.937500000,0.046875000,2.14219396288,1.01754213237
0.953125000,0.046875000,2.64230525674,1.25509499695
0.968750000,0.046875000,,
0.984375000,0.046875000,,
1.000000000,0.046875000,,
-1.000000000,0.062500000,,
-0.984375000,0.062500000,,
-0.968750000,0.062500000,,
-0.953125000,0.062500000,2.82361585919,1.34121753312
-0.937500000,0.062500000,2.31167765194,1.09804688467
-0.921875000,0.062500000,1.85106156127,0.879254241602
-0.906250000,0.062500000,1.43861199967,0.683340699845
-0.890625000,0.062500000,1.07116234653,0.508802114601
-0.875000000,0.062500000,0.745576760726,0.354148961345
-0.859375000,0.062500000,0.458782749007,0.217921805778
-0.843750000,0.062500000,0.207796139161,0.0987031661015
-0.828125000,0.062500000,-0.0102601762575,-0.00487358372233
-0.812500000,0.062500000,-0.198142599680,-0.0941177348478
-0.796875000,0.062500000,-0.358477355859,-0.170276744033
-0.781250000,0.062500000,-0.493754413169,-0.234533346255
-0.765625000,0.062500000,-0.606324156159,-0.288003974175
-0.750000000,0.062500000,-0.698396276302,-0.331738231243
-0.734375000,0.062500000,-0.772040438341,-0.366719208212
-0.718750000,0.062500000,-0.829188355790,-0.393864469000
-0.703125000,0.062500000,-0.871636969889,-0.414027560697
-0.687500000,0.062500000,-0.901052480913,-0.427999928434
-0.671875000,0.062500000,-0.918975022214,-0.436513135552
-0.656250000,0.062500000,-0.926823805123,-0.440241307434
-0.640625000,0.062500000,-0.925902591949,-0.439803731176
-0.625000000,0.062500000,-0.917405381360,-0.435767556146
-0.609375000,0.062500000,-0.902422209725,-0.428650549620
-0.593750000,0.062500000,-0.881944991468,-0.418923870947
-0.578125000,0.062500000,-0.856873334930,-0.407014834092
-0.562500000,0.062500000,-0.828020284085,-0.393309634940
-0.546875000,0.062500000,-0.796117945124,-0.378156023934
-0.531250000,0.062500000,-0.761822968330,-0.361865909957
-0.515625000,0.062500000,-0.725721858590,-0.344717882830
-0.500000000,0.062500000,-0.688336099106,-0.326959647076
-0.484375000,0.062500000,-0.650127073671,-0.308810359993
-0.468750000,0.062500000,-0.611500779156,-0.290462870099
-0.453125000,0.062500000,-0.572812322670,-0.272085853268
-0.437500000,0.062500000,-0.534370201005,-0.253825845477
-0.421875000,0.062500000,-0.496440361735,-0.235809171824
-0.406250000,0.062500000,-0.459250047861,-0.218143772734
-0.390625000,0.062500000,-0.422991428164,-0.200920928378
-0.375000000,0.062500000,-0.387825019557,-0.184216884290
-0.359375000,0.062500000,-0.353882903741,-0.168094379277
-0.343750000,0.062500000,-0.321271746493,-0.152604079584
-0.328125000,0.062500000,-0.290075624944,-0.137785921848
-0.312500000,0.062500000,-0.260358669303,-0.123670367919
-0.296875000,0.062500000,-0.232167526741,-0.110279575202
-0.281250000,0.062500000,-0.205533654080,-0.0976284856879
-0.265625000,0.062500000,-0.180475446872,-0.0857258372641
-0.250000000,0.062500000,-0.157000210866,-0.0745751001615
-0.234375000,0.062500000,-0.135105984360,-0.0641753425708
-0.218750000,0.062500000,-0.114783216956,-0.0545220280540
-0.203125000,0.062500000,-0.0960163115947,-0.0456077480075
-0.187500000,0.062500000,-0.0787850364577,-0.0374228923174
-0.171875000,0.062500000,-0.0630658125473,-0.0299562609600
-0.156250000,0.062500000,-0.0488328819682,-0.0231956189349
-0.140625000,0.062500000,-0.0360593636287,-0.0171281977237
-0.125000000,0.062500000,-0.0247181990099,-0.0117411445297
-0.109375000,0.062500000,-0.0147829956470,-0.00702192293234
-0.093750000,0.062500000,-0.00622876890702,-0.00295866523084
-0.078125000,0.062500000,0.000967411006885,0.000459520228271
-0.062500000,0.062500000,0.00682586595014,0.00324228632632
-0.046875000,0.062500000,0.0113638461070,0.00539782690083
-0.031250000,0.062500000,0.0145951542072,0.00693269824842
-0.015625000,0.062500000,0.0165298556253,0.00785168142201
0.000000000,0.062500000,0.0171740713466,0.00815768388963
0.015625000,0.062500000,0.0165298556253,0.00785168142201
0.031250000,0.062500000,0.0145951542072,0.00693269824842
0.046875000,0.062500000,0.0113638461070,0.00539782690083
0.062500000,0.062500000,0.00682586595014,0.00324228632632
0.078125000,0.062500000,0.000967411006885,0.000459520228271
0.093750000,0.062500000,-0.00622876890702,-0.00295866523084
0.109375000,0.062500000,-0.0147829956470,-0.00702192293234
0.125000000,0.062500000,-0.0247181990099,-0.0117411445297
0.140625000,0.062500000,-0.0360593636287,-0.0171281977237
0.156250000,0.062500000,-0.0488328819682,-0.0231956189349
0.171875000,0.062500000,-0.0630658125473,-0.0299562609600
0.187500000,0.062500000,-0.0787850364577,-0.0374228923174
0.203125000,0.062500000,-0.0960163115947,-0.0456077480075
0.218750000,0.062500000,-0.114783216956,-0.0545220280540
0.234375000,0.062500000,-0.135105984360,-0.0641753425708
0.250000000,0.062500000,-0.157000210866,-0.0745751001615
0.265625000,0.062500000,-0.180475446872,-0.0857258372641
0.281250000,0.062500000,-0.205533654080,-0.0976284856879
0.296875000,0.062500000,-0.232167526741,-0.110279575202
0.312500000,0.062500000,-0.260358669303,-0.123670367919
0.328125000,0.062500000,-0.290075624944,-0.137785921848
0.343750000,0.062500000,-0.321271746493,-0.152604079584
0.359375000,0.062500000,-0.353882903741,-0.168094379277
0.375000000,0.062500000,-0.387825019557,-0.184216884290
0.390625000,0.062500000,-0.422991428164,-0.200920928378
0.406250000,0.062500000,-0.459250047861,-0.218143772734
0.421875000,0.062500000,-0.496440361735,-0.235809171824
0.437500000,0.062500000,-0.534370201005,-0.253825845477
0.453125000,0.062500000,-0.572812322670,-0.272085853268
0.468750000,0.062500000,-0.611500779156,-0.290462870099
0.484375000,0.062500000,-0.650127073671,-0.308810359993
0.500000000,0.062500000,-0.688336099106,-0.326959647076
0.515625000,0.062500000,-0.725721858590,-0.344717882830
0.531250000,0.062500000,-0.761822968330,-0.361865909957
0.546875000,0.062500000,-0.796117945124,-0.378156023934
0.562500000,0.062500000,-0.828020284085,-0.393309634940
0.578125000,0.062500000,-0.856873334930,-0.407014834092
0.593750000,0.062500000,-0.881944991468,-0.418923870947
0.609375000,0.062500000,-0.902422209725,-0.428650549620
0.625000000,0.062500000,-0.917405381360,-0.435767556146
0.640625000,0.062500000,-0.925902591949,-0.439803731176
0.656250000,0.062500000,-0.926823805123,-0.440241307434
0.671875000,0.062500000,-0.918975022214,-0.436513135552
0.687500000,0.062500000,-0.901052480913,-0.427999928434
0.703125000,0.062500000,-0.871636969889,-0.414027560697
0.718750000,0.062500000,-0.829188355790,-0.393864469000
0.734375000,0.062500000,-0.772040438341,-0.366719208212
0.750000000,0.062500000,-0.698396276302,-0.331738231243
0.765625000,0.062500000,-0.606324156159,-0.288003974175
0.781250000,0.062500000,-0.493754413169,-0.234533346255
0.796875000,0.062500000,-0.358477355859,-0.170276744033
0.812500000,0.062500000,-0.198142599680,-0.0941177348478
0.828125000,0.062500000,-0.0102601762575,-0.00487358372233
0.843750000,0.062500000,0.207796139161,0.0987031661015
0.859375000,0.062500000,0.458782749007,0.217921805778
0.875000000,0.062500000,0.745576760726,0.354148961345
0.890625000,0.062500000,1.07116234653,0.508802114601
0.906250000,0.062500000,1.43861199967,0.683340699845
0.921875000,0.062500000,1.85106156127,0.879254241602
0.937500000,0.062500000,2.31167765194,1.09804688467
0.953125000,0.062500000,2.82361585919,1.34121753312
0.968750000,0.062500000,,
0.984375000,0.062500000,,
1.000000000,0.062500000,,
-1.000000000,0.078125000,,
-0.984375000,0.078125000,,
-0.968750000,0.078125000,,
-0.953125000,0.078125000,3.01839747530,1.43373880077
-0.937500000,0.078125000,2.49372478966,1.18451927509
-0.921875000,0.078125000,2.02101397243,0.959981636906
-0.906250000,0.078125000,1.59708692488,0.758616289320
-0.890625000,0.078125000,1.21875447523,0.578908375733
-0.875000000,0.078125000,0.882858491889,0.419357783647
-0.859375000,0.078125000,0.586304663818,0.278494715314
-0.843750000,0.078125000,0.326087617167,0.154891618154
-0.828125000,0.078125000,0.0993097480916,0.0471721303435
-0.812500000,0.078125000,-0.0968050891904,-0.0459824173654
-0.796875000,0.078125000,-0.264902093305,-0.125828494320
-0.781250000,0.078125000,-0.407489444743,-0.193557486253
-0.765625000,0.078125000,-0.526935003238,-0.250294126538
-0.750000000,0.078125000,-0.625465235313,-0.297095986774
-0.734375000,0.078125000,-0.705165926272,-0.334953814979
-0.718750000,0.078125000,-0.767984305778,-0.364792545245
-0.703125000,0.078125000,-0.815732279390,-0.387472832710
-0.687500000,0.078125000,-0.850090513466,-0.403792993896
-0.671875000,0.078125000,-0.872613161125,-0.414491251534
-0.656250000,0.078125000,-0.884733057015,-0.420248202082
-0.640625000,0.078125000,-0.887767237833,-0.421689437971
-0.625000000,0.078125000,-0.882922670571,-0.419388268521
-0.609375000,0.078125000,-0.871302093570,-0.413868494446
-0.593750000,0.078125000,-0.853909891051,-0.405607198249
-0.578125000,0.078125000,-0.831657940157,-0.395037521574
-0.562500000,0.078125000,-0.805371377977,-0.382551404539
-0.546875000,0.078125000,-0.775794250420,-0.368502268949
-0.531250000,0.078125000,-0.743595009500,-0.353207629513
-0.515625000,0.078125000,-0.709371838258,-0.336951623173
-0.500000000,0.078125000,-0.673657782212,-0.319987446551
-0.484375000,0.078125000,-0.636925676689,-0.302539696427
-0.468750000,0.078125000,-0.599592860566,-0.284806608769
-0.453125000,0.078125000,-0.562025671481,-0.266962193953
-0.437500000,0.078125000,-0.524543719895,-0.249158266950
-0.421875000,0.078125000,-0.487423941826,-0.231526372368
-0.406250000,0.078125000,-0.450904433436,-0.214179605882
-0.390625000,0.078125000,-0.415188068635,-0.197214332602
-0.375000000,0.078125000,-0.380445905532,-0.180711805128
-0.359375000,0.078125000,-0.346820387561,-0.164739684091
-0.343750000,0.078125000,-0.314428344136,-0.149353463465
-0.328125000,0.078125000,-0.283363798014,-0.134597804057
-0.312500000,0.078125000,-0.253700587438,-0.120507779033
-0.296875000,0.078125000,-0.225494808427,-0.107110034003
-0.281250000,0.078125000,-0.198787085564,-0.0944238656428
-0.265625000,0.078125000,-0.173604679267,-0.0824622226520
-0.250000000,0.078125000,-0.149963434907,-0.0712326315810
-0.234375000,0.078125000,-0.127869583005,-0.0607380519273
-0.218750000,0.078125000,-0.107321396274,-0.0509776632303
-0.203125000,0.078125000,-0.0883107098211,-0.0419475871650
-0.187500000,0.078125000,-0.0708243129405,-0.0336415486467
-0.171875000,0.078125000,-0.0548452156363,-0.0260514774272
-0.156250000,0.078125000,-0.0403537986991,-0.0191680543821
-0.140625000,0.078125000,-0.0273288504104,-0.0129812039449
-0.125000000,0.078125000,-0.0157484962520,-0.00748053571971
-0.109375000,0.078125000,-0.00559102579824,-0.00265573725417
-0.093750000,0.078125000,0.00316437937065,0.00150308020106
-0.078125000,0.078125000,0.0105370116812,0.00500508054855
-0.062500000,0.078125000,0.0165440954945,0.00785844535990
-0.046875000,0.078125000,0.0212003332192,0.0100701582791
-0.031250000,0.078125000,0.0245175378884,0.0116458304970
-0.015625000,0.078125000,0.0265043487889,0.0125895656747
0.000000000,0.078125000,0.0271660297188,0.0129038641164
0.015625000,0.078125000,0.0265043487889,0.0125895656747
0.031250000,0.078125000,0.0245175378884,0.0116458304970
0.046875000,0.078125000,0.0212003332192,0.0100701582791
0.062500000,0.078125000,0.0165440954945,0.00785844535990
0.078125000,0.078125000,0.0105370116812,0.00500508054855
0.093750000,0.078125000,0.00316437937065,0.00150308020106
0.109375000,0.078125000,-0.00559102579824,-0.00265573725417
0.125000000,0.078125000,-0.0157484962520,-0.00748053571971
0.140625000,0.078125000,-0.0273288504104,-0.0129812039449
0.156250000,0.078125000,-0.0403537986991,-0.0191680543821
0.171875000,0.078125000,-0.0548452156363,-0.0260514774272
0.187500000,0.078125000,-0.0708243129405,-0.0336415486467
0.203125000,0.078125000,-0.0883107098211,-0.0419475871650
0.218750000,0.078125000,-0.107321396274,-0.0509776632303
0.234375000,0.078125000,-0.127869583005,-0.0607380519273
0.250000000,0.078125000,-0.149963434907,-0.0712326315810
0.265625000,0.078125000,-0.173604679267,-0.0824622226520
0.281250000,0.078125000,-0.198787085564,-0.0944238656428
0.296875000,0.078125000,-0.225494808427,-0.107110034003
0.312500000,0.078125000,-0.253700587438,-0.120507779033
0.328125000,0.078125000,-0.283363798014,-0.134597804057
0.343750000,0.078125000,-0.314428344136,-0.149353463465
0.359375000,0.078125000,-0.346820387561,-0.164739684091
0.375000000,0.078125000,-0.380445905532,-0.180711805128
0.390625000,0.078125000,-0.415188068635,-0.197214332602
0.406250000,0.078125000,-0.450904433436,-0.214179605882
0.421875000,0.078125000,-0.487423941826,-0.231526372368
0.437500000,0.078125000,-0.524543719895,-0.249158266950
0.453125000,0.078125000,-0.562025671481,-0.266962193953
0.468750000,0.078125000,-0.599592860566,-0.284806608769
0.484375000,0.078125000,-0.636925676689,-0.302539696427
0.500000000,0.078125000,-0.673657782212,-0.319987446551
0.515625000,0.078125000,-0.709371838258,-0.336951623173
0.531250000,0.078125000,-0.743595009500,-0.353207629513
0.546875000,0.078125000,-0.775794250420,-0.368502268949
0.562500000,0.078125000,-0.805371377977,-0.382551404539
0.578125000,0.078125000,-0.831657940157,-0.395037521574
0.593750000,0.078125000,-0.853909891051,-0.405607198249
0.609375000,0.078125000,-0.871302093570,-0.413868494446
0.625000000,0.078125000,-0.882922670571,-0.419388268521
0.640625000,0.078125000,-0.887767237833,-0.421689437971
0.656250000,0.078125000,-0.884733057015,-0.420248202082
0.671875000,0.078125000,-0.872613161125,-0.414491251534
0.687500000,0.078125000,-0.850090513466,-0.403792993896
0.703125000,0.078125000,-0.815732279390,-0.387472832710
0.718750000,0.078125000,-0.767984305778,-0.364792545245
0.734375000,0.078125000,-0.705165926272,-0.334953814979
0.750000000,0.078125000,-0.625465235313,-0.297095986774
0.765625000,0.078125000,-0.526935003238,-0.250294126538
0.781250000,0.078125000,-0.407489444743,-0.193557486253
0.796875000,0.078125000,-0.264902093305,-0.125828494320
0.812500000,0.078125000,-0.0968050891904,-0.0459824173654
0.828125000,0.078125000,0.0993097480916,0.0471721303435
0.843750000,0.078125000,0.326087617167,0.154891618154
0.859375000,0.078125000,0.586304663818,0.278494715314
0.875000000,0.078125000,0.882858491889,0.419357783647
0.890625000,0.078125000,1.21875447523,0.578908375733
0.906250000,0.078125000,1.59708692488,0.758616289320
0.921875000,0.078125000,2.02101397243,0.959981636906
0.937500000,0.078125000,2.49372478966,1.18451927509
0.953125000,0.078125000,3.01839747530,1.43373880077
0.968750000,0.078125000,,
0.984375000,0.078125000,,
1.000000000,0.078125000,,
-1.000000000,0.093750000,,
-0.984375000,0.093750000,,
-0.968750000,0.093750000,,
-0.953125000,0.093750000,3.22712210777,1.53288300119
-0.937500000,0.093750000,2.68877417497,1.27716773311
-0.921875000,0.093750000,2.20305457751,1.04645092432
-0.906250000,0.093750000,1.76676646539,0.839214071061
-0.890625000,0.093750000,1.37670104323,0.653932995535
-0.875000000,0.093750000,1.02968011615,0.489098055171
-0.859375000,0.093750000,0.722589192499,0.343229866437
-0.843750000,0.093750000,0.452402836950,0.214891347551
-0.828125000,0.093750000,0.216203669287,0.102696742911
-0.812500000,0.093750000,0.0111961662399,0.00531817896395
-0.796875000,0.093750000,-0.165283778915,-0.0785097949847
-0.781250000,0.093750000,-0.315762745846,-0.149987304277
-0.765625000,0.093750000,-0.442626470467,-0.210247573472
-0.750000000,0.093750000,-0.548118776668,-0.260356418917
-0.734375000,0.093750000,-0.634342304627,-0.301312594698
-0.718750000,0.093750000,-0.703260663034,-0.334048814941
-0.703125000,0.093750000,-0.756701692881,-0.359433304118
-0.687500000,0.093750000,-0.796361587471,-0.378271754049
-0.671875000,0.093750000,-0.823809656193,-0.391309586692
-0.656250000,0.093750000,-0.840493555720,-0.399234438967
-0.640625000,0.093750000,-0.847744846330,-0.402678802007
-0.625000000,0.093750000,-0.846784753852,-0.402222758080
-0.609375000,0.093750000,-0.838730040996,-0.398396769473
-0.593750000,0.093750000,-0.824598909795,-0.391684482153
-0.578125000,0.093750000,-0.805316871953,-0.382525514178
-0.562500000,0.093750000,-0.781722536168,-0.371318204680
-0.546875000,0.093750000,-0.754573272663,-0.358422304515
-0.531250000,0.093750000,-0.724550723231,-0.344161593534
-0.515625000,0.093750000,-0.692266134376,-0.328826413829
-0.500000000,0.093750000,-0.658265493509,-0.312676109417
-0.484375000,0.093750000,-0.623034457623,-0.295941367371
-0.468750000,0.093750000,-0.587003064654,-0.278826455711
-0.453125000,0.093750000,-0.550550224064,-0.261511356430
-0.437500000,0.093750000,-0.514007982353,-0.244153791618
-0.421875000,0.093750000,-0.477665565479,-0.226891143603
-0.406250000,0.093750000,-0.441773199894,-0.209842269950
-0.390625000,0.093750000,-0.406545714967,-0.193109214609
-0.375000000,0.093750000,-0.372165932839,-0.176778818098
-0.359375000,0.093750000,-0.338787849839,-0.160924228674
-0.343750000,0.093750000,-0.306539617304,-0.145606318220
-0.328125000,0.093750000,-0.275526328108,-0.130875005851
-0.312500000,0.093750000,-0.245832615633,-0.116770492425
-0.296875000,0.093750000,-0.217525073465,-0.103324409896
-0.281250000,0.093750000,-0.190654503134,-0.0905608889886
-0.265625000,0.093750000,-0.165257996652,-0.0784975484097
-0.250000000,0.093750000,-0.141360863080,-0.0671464099631
-0.234375000,0.093750000,-0.118978404207,-0.0565147419984
-0.218750000,0.093750000,-0.0981175486760,-0.0466058356211
-0.203125000,0.093750000,-0.0787783498262,-0.0374197161674
-0.187500000,0.093750000,-0.0609553544729,-0.0289537933746
-0.171875000,0.093750000,-0.0446388491070,-0.0212034533258
-0.156250000,0.093750000,-0.0298159891231,-0.0141625948335
-0.140625000,0.093750000,-0.0164718167137,-0.00782411293899
-0.125000000,0.093750000,-0.00459017245289,-0.00218033191512
-0.109375000,0.093750000,0.00584549426673,0.00277660977670
-0.093750000,0.093750000,0.0148514120586,0.00705442072781
-0.078125000,0.093750000,0.0224428677095,0.0106603621620
-0.062500000,0.093750000,0.0286336754322,0.0136009958303
-0.046875000,0.093750000,0.0334357338248,0.0158819735668
-0.031250000,0.093750000,0.0368586658839,0.0175078662948
-0.015625000,0.093750000,0.0389095420939,0.0184820324946
0.000000000,0.093750000,0.0395926830507,0.0188065244491
0.015625000,0.093750000,0.0389095420939,0.0184820324946
0.031250000,0.093750000,0.0368586658839,0.0175078662948
0.046875000,0.093750000,0.0334357338248,0.0158819735668
0.062500000,0.093750000,0.0286336754322,0.0136009958303
0.078125000,0.093750000,0.0224428677095,0.0106603621620
0.093750000,0.093750000,0.0148514120586,0.00705442072781
0.109375000,0.093750000,0.00584549426673,0.00277660977670
0.125000000,0.093750000,-0.00459017245289,-0.00218033191512
0.140625000,0.093750000,-0.0164718167137,-0.00782411293899
0.156250000,0.093750000,-0.0298159891231,-0.0141625948335
0.171875000,0.093750000,-0.0446388491070,-0.0212034533258
0.187500000,0.093750000,-0.0609553544729,-0.0289537933746
0.203125000,0.093750000,-0.0787783498262,-0.0374197161674
0.218750000,0.093750000,-0.0981175486760,-0.0466058356211
0.234375000,0.093750000,-0.118978404207,-0.0565147419984
0.250000000,0.093750000,-0.141360863080,-0.0671464099631
0.265625000,0.093750000,-0.165257996652,-0.0784975484097
0.281250000,0.093750000,-0.190654503134,-0.0905608889886
0.296875000,0.093750000,-0.217525073465,-0.103324409896
0.312500000,0.093750000,-0.245832615633,-0.116770492425
0.328125000,0.093750000,-0.275526328108,-0.130875005851
0.343750000,0.093750000,-0.306539617304,-0.145606318220
0.359375000,0.093750000,-0.338787849839,-0.160924228674
0.375000000,0.093750000,-0.372165932839,-0.176778818098
0.390625000,0.093750000,-0.406545714967,-0.193109214609
0.406250000,0.093750000,-0.441773199894,-0.209842269950
0.421875000,0.093750000,-0.477665565479,-0.226891143603
0.437500000,0.093750000,-0.514007982353,-0.244153791618
0.453125000,0.093750000,-0.550550224064,-0.261511356430
0.468750000,0.093750000,-0.587003064654,-0.278826455711
0.484375000,0.093750000,-0.623034457623,-0.295941367371
0.500000000,0.093750000,-0.658265493509,-0.312676109417
0.515625000,0.093750000,-0.692266134376,-0.328826413829
0.531250000,0.093750000,-0.724550723231,-0.344161593534
0.546875000,0.093750000,-0.754573272663,-0.358422304515
0.562500000,0.093750000,-0.781722536168,-0.371318204680
0.578125000,0.093750000,-0.805316871953,-0.382525514178
0.593750000,0.093750000,-0.824598909795,-0.391684482153
0.609375000,0.093750000,-0.838730040996,-0.398396769473
0.625000000,0.093750000,-0.846784753852,-0.402222758080
0.640625000,0.093750000,-0.847744846330,-0.402678802007
0.656250000,0.093750000,-0.840493555720,-0.399234438967
0.671875000,0.093750000,-0.823809656193,-0.391309586692
0.687500000,0.093750000,-0.796361587471,-0.378271754049
0.703125000,0.093750000,-0.756701692881,-0.359433304118
0.718750000,0.093750000,-0.703260663034,-0.334048814941
0.734375000,0.093750000,-0.634342304627,-0.301312594698
0.750000000,0.093750000,-0.548118776668,-0.260356418917
0.765625000,0.093750000,-0.442626470467,-0.210247573472
0.781250000,0.093750000,-0.315762745846,-0.149987304277
0.796875000,0.093750000,-0.165283778915,-0.0785097949847
0.812500000,0.093750000,0.0111961662399,0.00531817896395
0.828125000,0.093750000,0.216203669287,0.102696742911
0.843750000,0.093750000,0.452402836950,0.214891347551
0.859375000,0.093750000,0.722589192499,0.343229866437
0.875000000,0.093750000,1.02968011615,0.489098055171
0.890625000,0.093750000,1.37670104323,0.653932995535
0.906250000,0.093750000,1.76676646539,0.839214071061
0.921875000,0.093750000,2.20305457751,1.04645092432
0.937500000,0.093750000,2.68877417497,1.27716773311
0.953125000,0.093750000,3.22712210777,1.53288300119
0.968750000,0.093750000,,
0.984375000,0.093750000,,
1.000000000,0.093750000,,
-1.000000000,0.109375000,,
-0.984375000,0.109375000,,
-0.968750000,0.109375000,,
-0.953125000,0.109375000,3.45029805962,1.63889157832
-0.937500000,0.109375000,2.89730095693,1.37621795454
-0.921875000,0.109375000,2.39762624617,1.13887246693
-0.906250000,0.109375000,1.94806223180,0.925329560103
-0.890625000,0.109375000,1.54538353535,0.734057179290
-0.875000000,0.109375000,1.18639421139,0.563537250409
-0.859375000,0.109375000,0.867961288155,0.412281611873
-0.843750000,0.109375000,0.587040452308,0.278844214846
-0.828125000,0.109375000,0.340695295414,0.161830265322
-0.812500000,0.109375000,0.126111296704,0.0599028659344
-0.796875000,0.109375000,-0.0593944890848,-0.0282123823153
-0.781250000,0.109375000,-0.218367234365,-0.103724436323
-0.765625000,0.109375000,-0.353210966595,-0.167775209133
-0.750000000,0.109375000,-0.466187469190,-0.221439047865
-0.734375000,0.109375000,-0.559416998135,-0.265723074114
-0.718750000,0.109375000,-0.634880434690,-0.301568206478
-0.703125000,0.109375000,-0.694422560548,-0.329850716260
-0.687500000,0.109375000,-0.739756194869,-0.351384192563
-0.671875000,0.109375000,-0.772466979741,-0.366921815377
-0.656250000,0.109375000,-0.794018634611,-0.377158851440
-0.640625000,0.109375000,-0.805758536523,-0.382735304849
-0.625000000,0.109375000,-0.808923505538,-0.384238665130
-0.609375000,0.109375000,-0.804645697962,-0.382206706532
-0.593750000,0.109375000,-0.793958527978,-0.377130300790
-0.578125000,0.109375000,-0.777802555028,-0.369456213638
-0.562500000,0.109375000,-0.757031285082,-0.359589860414
-0.546875000,0.109375000,-0.732416845620,-0.347898001669
-0.531250000,0.109375000,-0.704655503531,-0.334711364177
-0.515625000,0.109375000,-0.674373001146,-0.320327175544
-0.500000000,0.109375000,-0.642129694434,-0.305011604856
-0.484375000,0.109375000,-0.608425478276,-0.289002102181
-0.468750000,0.109375000,-0.573704493237,-0.272509634288
-0.453125000,0.109375000,-0.538359606713,-0.255720813189
-0.437500000,0.109375000,-0.502736668304,-0.238799917444
-0.421875000,0.109375000,-0.467138538529,-0.221890805801
-0.406250000,0.109375000,-0.431828893885,-0.205118724595
-0.390625000,0.109375000,-0.397035811806,-0.188592010608
-0.375000000,0.109375000,-0.362955140934,-0.172403691944
-0.359375000,0.109375000,-0.329753661459,-0.156632989193
-0.343750000,0.109375000,-0.297572043915,-0.141346720860
-0.328125000,0.109375000,-0.266527611741,-0.126600615577
-0.312500000,0.109375000,-0.236716916552,-0.112440535362
-0.296875000,0.109375000,-0.208218133114,-0.0989036132292
-0.281250000,0.109375000,-0.181093281109,-0.0860193085265
-0.265625000,0.109375000,-0.155390283511,-0.0738103846677
-0.250000000,0.109375000,-0.131144866437,-0.0622938115577
-0.234375000,0.109375000,-0.108382311036,-0.0514815977420
-0.218750000,0.109375000,-0.0871190618967,-0.0413815544009
-0.203125000,0.109375000,-0.0673642013995,-0.0319979956647
-0.187500000,0.109375000,-0.0491207948124,-0.0233323775359
-0.171875000,0.109375000,-0.0323871143998,-0.0153838793399
-0.156250000,0.109375000,-0.0171577468493,-0.00814992975343
-0.140625000,0.109375000,-0.00342459142716,-0.00162668092790
-0.125000000,0.109375000,0.00882224759235,0.00419056760637
-0.109375000,0.109375000,0.0195936678475,0.00930699222756
-0.093750000,0.109375000,0.0289008713232,0.0137279138785
-0.078125000,0.109375000,0.0367547588857,0.0174585104707
-0.062500000,0.109375000,0.0431654121811,0.0205035707860
-0.046875000,0.109375000,0.0481416609678,0.0228672889597
-0.031250000,0.109375000,0.0516907322559,0.0245530978216
-0.015625000,0.109375000,0.0538179799332,0.0255635404683
0.000000000,0.109375000,0.0545266928120,0.0259001790857
0.015625000,0.109375000,0.0538179799332,0.0255635404683
0.031250000,0.109375000,0.0516907322559,0.0245530978216
0.046875000,0.109375000,0.0481416609678,0.0228672889597
0.062500000,0.109375000,0.0431654121811,0.0205035707860
0.078125000,0.109375000,0.0367547588857,0.0174585104707
0.093750000,0.109375000,0.0289008713232,0.0137279138785
0.109375000,0.109375000,0.0195936678475,0.00930699222756
0.125000000,0.109375000,0.00882224759235,0.00419056760637
0.140625000,0.109375000,-0.00342459142716,-0.00162668092790
0.156250000,0.109375000,-0.0171577468493,-0.00814992975343
0.171875000,0.109375000,-0.0323871143998,-0.0153838793399
0.187500000,0.109375000,-0.0491207948124,-0.0233323775359
0.203125000,0.109375000,-0.0673642013995,-0.0319979956647
0.218750000,0.109375000,-0.0871190618967,-0.0413815544009
0.234375000,0.109375000,-0.108382311036,-0.0514815977420
0.250000000,0.109375000,-0.131144866437,-0.0622938115577
0.265625000,0.109375000,-0.155390283511,-0.0738103846677
0.281250000,0.109375000,-0.181093281109,-0.0860193085265
0.296875000,0.109375000,-0.208218133114,-0.0989036132292
0.312500000,0.109375000,-0.236716916552,-0.112440535362
0.328125000,0.109375000,-0.266527611741,-0.126600615577
0.343750000,0.109375000,-0.297572043915,-0.141346720860
0.359375000,0.109375000,-0.329753661459,-0.156632989193
0.375000000,0.109375000,-0.362955140934,-0.172403691944
0.390625000,0.109375000,-0.397035811806,-0.188592010608
0.406250000,0.109375000,-0.431828893885,-0.205118724595
0.421875000,0.109375000,-0.467138538529,-0.221890805801
0.437500000,0.109375000,-0.502736668304,-0.238799917444
0.453125000,0.109375000,-0.538359606713,-0.255720813189
0.468750000,0.109375000,-0.573704493237,-0.272509634288
0.484375000,0.109375000,-0.608425478276,-0.289002102181
0.500000000,0.109375000,-0.642129694434,-0.305011604856
0.515625000,0.109375000,-0.674373001146,-0.320327175544
0.531250000,0.109375000,-0.704655503531,-0.334711364177
0.546875000,0.109375000,-0.732416845620,-0.347898001669
0.562500000,0.109375000,-0.757031285082,-0.359589860414
0.578125000,0.109375000,-0.777802555028,-0.369456213638
0.593750000,0.109375000,-0.793958527978,-0.377130300790
0.609375000,0.109375000,-0.804645697962,-0.382206706532
0.625000000,0.109375000,-0.808923505538,-0.384238665130
0.640625000,0.109375000,-0.805758536523,-0.382735304849
0.656250000,0.109375000,-0.794018634611,-0.377158851440
0.671875000,0.109375000,-0.772466979741,-0.366921815377
0.687500000,0.109375000,-0.739756194869,-0.351384192563
0.703125000,0.109375000,-0.694422560548,-0.329850716260
0.718750000,0.109375000,-0.634880434690,-0.301568206478
0.734375000,0.109375000,-0.559416998135,-0.265723074114
0.750000000,0.109375000,-0.466187469190,-0.221439047865
0.765625000,0.109375000,-0.353210966595,-0.167775209133
0.781250000,0.109375000,-0.218367234365,-0.103724436323
0.796875000,0.109375000,-0.0593944890848,-0.0282123823153
0.812500000,0.109375000,0.126111296704,0.0599028659344
0.828125000,0.109375000,0.340695295414,0.161830265322
0.843750000,0.109375000,0.587040452308,0.278844214846
0.859375000,0.109375000,0.867961288155,0.412281611873
0.875000000,0.109375000,1.18639421139,0.563537250409
0.890625000,0.109375000,1.54538353535,0.734057179290
0.906250000,0.109375000,1.94806223180,0.925329560103
0.921875000,0.109375000,2.39762624617,1.13887246693
0.937500000,0.109375000,2.89730095693,1.37621795454
0.953125000,0.109375000,3.45029805962,1.63889157832
0.968750000,0.109375000,,
0.984375000,0.109375000,,
1.000000000,0.109375000,,
-1.000000000,0.125000000,,
-0.984375000,0.125000000,,
-0.968750000,0.125000000,,
-0.953125000,0.125000000,3.68863744801,1.75210278781
-0.937500000,0.125000000,3.11981964438,1.48191433108
-0.921875000,0.125000000,2.60521101802,1.23747523356
-0.906250000,0.125000000,2.14142460410,1.01717668695
-0.890625000,0.125000000,1.72522163000,0.819480274250
-0.875000000,0.125000000,1.35339082827,0.642860643429
-0.859375000,0.125000000,1.02278253606,0.485821704628
-0.843750000,0.125000000,0.730334811087,0.346909035266
-0.828125000,0.125000000,0.473093011374,0.224719180403
-0.812500000,0.125000000,0.248224029254,0.117906413896
-0.796875000,0.125000000,0.0530261667022,0.0251874291835
-0.781250000,0.125000000,-0.115064529051,-0.0546556512993
-0.765625000,0.125000000,-0.258470796266,-0.122773628226
-0.750000000,0.125000000,-0.379472992711,-0.180249671538
-0.734375000,0.125000000,-0.480209769369,-0.228099640450
-0.718750000,0.125000000,-0.562680198107,-0.267273094101
-0.703125000,0.125000000,-0.628747035702,-0.298654841958
-0.687500000,0.125000000,-0.680140859146,-0.323066908094
-0.671875000,0.125000000,-0.718464855719,-0.341270806466
-0.656250000,0.125000000,-0.745200087046,-0.353970041347
-0.640625000,0.125000000,-0.761711081405,-0.361812763667
-0.625000000,0.125000000,-0.769251631202,-0.365394524821
-0.609375000,0.125000000,-0.768970698938,-0.365261081996
-0.593750000,0.125000000,-0.761918350657,-0.361911216562
-0.578125000,0.125000000,-0.749051652383,-0.355799534882
-0.562500000,0.125000000,-0.731240479376,-0.347339227704
-0.546875000,0.125000000,-0.709273195799,-0.336904768005
-0.531250000,0.125000000,-0.683862174628,-0.324834532948
-0.515625000,0.125000000,-0.655649134133,-0.311433338713
-0.500000000,0.125000000,-0.625210270915,-0.296974878685
-0.484375000,0.125000000,-0.593061180632,-0.281704060800
-0.468750000,0.125000000,-0.559661554316,-0.265839238300
-0.453125000,0.125000000,-0.525419648991,-0.249574333271
-0.437500000,0.125000000,-0.490696528180,-0.233080850886
-0.421875000,0.125000000,-0.455810074954,-0.216509785603
-0.406250000,0.125000000,-0.421038777832,-0.199993419470
-0.390625000,0.125000000,-0.386625296537,-0.183647015855
-0.375000000,0.125000000,-0.352779808904,-0.167570409229
-0.359375000,0.125000000,-0.319683149626,-0.151849496072
-0.343750000,0.125000000,-0.287489743231,-0.136557628035
-0.328125000,0.125000000,-0.256330341693,-0.121756912304
-0.312500000,0.125000000,-0.226314573745,-0.107499422529
-0.296875000,0.125000000,-0.197533312524,-0.0938283234487
-0.281250000,0.125000000,-0.170060871195,-0.0807789138178
-0.265625000,0.125000000,-0.143957033446,-0.0683795908871
-0.250000000,0.125000000,-0.119268926898,-0.0566527402764
-0.234375000,0.125000000,-0.0960327481417,-0.0456155553673
-0.218750000,0.125000000,-0.0742753450918,-0.0352807889186
-0.203125000,0.125000000,-0.0540156654527,-0.0256574410900
-0.187500000,0.125000000,-0.0352660778497,-0.0167513869786
-0.171875000,0.125000000,-0.0180335715678,-0.00856594649469
-0.156250000,0.125000000,-0.00232084230943,-0.00110240009698
-0.140625000,0.125000000,0.0118727319535,0.00563954767792
-0.125000000,0.125000000,0.0245502174684,0.0116613532975
-0.109375000,0.125000000,0.0357163500369,0.0169652662675
-0.093750000,0.125000000,0.0453768546206,0.0215540059448
-0.078125000,0.125000000,0.0535378542157,0.0254304807525
-0.062500000,0.125000000,0.0602053650867,0.0285975484162
-0.046875000,0.125000000,0.0653848752633,0.0310578157501
-0.031250000,0.125000000,0.0690810029152,0.0328134763847
-0.015625000,0.125000000,0.0712972333316,0.0338661858325
0.000000000,0.125000000,0.0720357321023,0.0342169727486
0.015625000,0.125000000,0.0712972333316,0.0338661858325
0.031250000,0.125000000,0.0690810029152,0.0328134763847
0.046875000,0.125000000,0.0653848752633,0.0310578157501
0.062500000,0.125000000,0.0602053650867,0.0285975484162
0.078125000,0.125000000,0.0535378542157,0.0254304807525
0.093750000,0.125000000,0.0453768546206,0.0215540059448
0.109375000,0.125000000,0.0357163500369,0.0169652662675
0.125000000,0.125000000,0.0245502174684,0.0116613532975
0.140625000,0.125000000,0.0118727319535,0.00563954767792
0.156250000,0.125000000,-0.00232084230943,-0.00110240009698
0.171875000,0.125000000,-0.0180335715678,-0.00856594649469
0.187500000,0.125000000,-0.0352660778497,-0.0167513869786
0.203125000,0.125000000,-0.0540156654527,-0.0256574410900
0.218750000,0.125000000,-0.0742753450918,-0.0352807889186
0.234375000,0.125000000,-0.0960327481417,-0.0456155553673
0.250000000,0.125000000,-0.119268926898,-0.0566527402764
0.265625000,0.125000000,-0.143957033446,-0.0683795908871
0.281250000,0.125000000,-0.170060871195,-0.0807789138178
0.296875000,0.125000000,-0.197533312524,-0.0938283234487
0.312500000,0.125000000,-0.226314573745,-0.107499422529
0.328125000,0.125000000,-0.256330341693,-0.121756912304
0.343750000,0.125000000,-0.287489743231,-0.136557628035
0.359375000,0.125000000,-0.319683149626,-0.151849496072
0.375000000,0.125000000,-0.352779808904,-0.167570409229
0.390625000,0.125000000,-0.386625296537,-0.183647015855
0.406250000,0.125000000,-0.421038777832,-0.199993419470
0.421875000,0.125000000,-0.455810074954,-0.216509785603
0.437500000,0.125000000,-0.490696528180,-0.233080850886
0.453125000,0.125000000,-0.525419648991,-0.249574333271
0.468750000,0.125000000,-0.559661554316,-0.265839238300
0.484375000,0.125000000,-0.593061180632,-0.281704060800
0.500000000,0.125000000,-0.625210270915,-0.296974878685
0.515625000,0.125000000,-0.655649134133,-0.311433338713
0.531250000,0.125000000,-0.683862174628,-0.324834532948
0.546875000,0.125000000,-0.709273195799,-0.336904768005
0.562500000,0.125000000,-0.731240479376,-0.347339227704
0.578125000,0.125000000,-0.749051652383,-0.355799534882
0.593750000,0.125000000,-0.761918350657,-0.361911216562
0.609375000,0.125000000,-0.768970698938,-0.365261081996
0.625000000,0.125000000,-0.769251631202,-0.365394524821
0.640625000,0.125000000,-0.761711081405,-0.361812763667
0.656250000,0.125000000,-0.745200087046,-0.353970041347
0.671875000,0.125000000,-0.718464855719,-0.341270806466
0.687500000,0.125000000,-0.680140859146,-0.323066908094
0.703125000,0.125000000,-0.628747035702,-0.298654841958
0.718750000,0.125000000,-0.562680198107,-0.267273094101
0.734375000,0.125000000,-0.480209769369,-0.228099640450
0.750000000,0.125000000,-0.379472992711,-0.180249671538
0.765625000,0.125000000,-0.258470796266,-0.122773628226
0.781250000,0.125000000,-0.115064529051,-0.0546556512993
0.796875000,0.125000000,0.0530261667022,0.0251874291835
0.812500000,0.125000000,0.248224029254,0.117906413896
0.828125000,0.125000000,0.473093011374,0.224719180403
0.843750000,0.125000000,0.730334811087,0.346909035266
0.859375000,0.125000000,1.02278253606,0.485821704628
0.875000000,0.125000000,1.35339082827,0.642860643429
0.890625000,0.125000000,1.72522163000,0.819480274250
0.906250000,0.125000000,2.14142460410,1.01717668695
0.921875000,0.125000000,2.60521101802,1.23747523356
0.937500000,0.125000000,3.11981964438,1.48191433108
0.953125000,0.125000000,3.68863744801,1.75210278781
0.968750000,0.125000000,,
0.984375000,0.125000000,,
1.000000000,0.125000000,,
-1.000000000,0.140625000,,
-0.984375000,0.140625000,,
-0.968750000,0.140625000,,
-0.953125000,0.140625000,,
-0.937500000,0.140625000,3.35688707591,1.59452136106
-0.921875000,0.140625000,2.82633308303,1.34250821444
-0.906250000,0.140625000,2.34734570213,1.11498920851
-0.890625000,0.140625000,1.91667614203,0.910421167465
-0.875000000,0.140625000,1.53110039063,0.727272685550
-0.859375000,0.140625000,1.18745399851,0.564040649291
-0.843750000,0.140625000,0.882658733727,0.419262898520
-0.828125000,0.140625000,0.613742581627,0.291527726273
-0.812500000,0.140625000,0.377854305473,0.179480795100
-0.796875000,0.140625000,0.172273572905,0.0818299471297
-0.781250000,0.140625000,-0.00558251930422,-0.00265169666950
-0.765625000,0.140625000,-0.158155832561,-0.0751240204666
-0.750000000,0.140625000,-0.287745916258,-0.136679310223
-0.734375000,0.140625000,-0.396510606383,-0.188342538032
-0.718750000,0.140625000,-0.486468101100,-0.231072348023
-0.703125000,0.140625000,-0.559500189609,-0.265762590064
-0.687500000,0.140625000,-0.617356366393,-0.293244274037
-0.671875000,0.140625000,-0.661658607979,-0.314287838790
-0.656250000,0.140625000,-0.693906633215,-0.329605650777
-0.640625000,0.140625000,-0.715483492875,-0.339854659116
-0.625000000,0.140625000,-0.727661369945,-0.345639150724
-0.609375000,0.140625000,-0.731607487621,-0.347513556620
-0.593750000,0.140625000,-0.728390045697,-0.345985271706
-0.578125000,0.140625000,-0.718984120044,-0.341517457021
-0.562500000,0.140625000,-0.704277471523,-0.334531798973
-0.546875000,0.140625000,-0.685076225385,-0.325411207058
-0.531250000,0.140625000,-0.662110388088,-0.314502434342
-0.515625000,0.140625000,-0.636039177797,-0.302118609454
-0.500000000,0.140625000,-0.607456150544,-0.288541671508
-0.484375000,0.140625000,-0.576894109598,-0.274024702059
-0.468750000,0.140625000,-0.544829790068,-0.258794150282
-0.453125000,0.140625000,-0.511688313775,-0.243051949043
-0.437500000,0.140625000,-0.477847412932,-0.226977521143
-0.421875000,0.140625000,-0.443641423745,-0.210729676279
-0.406250000,0.140625000,-0.409365051415,-0.194448399422
-0.390625000,0.140625000,-0.375276912184,-0.178256533287
-0.375000000,0.140625000,-0.341602857463,-0.162261357295
-0.359375000,0.140625000,-0.308539084958,-0.146556065355
-0.343750000,0.140625000,-0.276255046457,-0.131221147067
-0.328125000,0.140625000,-0.244896157290,-0.116325674713
-0.312500000,0.140625000,-0.214586317386,-0.101928500758
-0.296875000,0.140625000,-0.185430250448,-0.0880793689628
-0.281250000,0.140625000,-0.157515670554,-0.0748199435131
-0.265625000,0.140625000,-0.130915283966,-0.0621847598840
-0.250000000,0.140625000,-0.105688634133,-0.0502021012131
-0.234375000,0.140625000,-0.0818837977766,-0.0388948039439
-0.218750000,0.140625000,-0.0595389403382,-0.0282809966606
-0.203125000,0.140625000,-0.0386837371678,-0.0183747751547
-0.187500000,0.140625000,-0.0193406685668,-0.00918681756924
-0.171875000,0.140625000,-0.00152619494739,-0.000724942600011
-0.156250000,0.140625000,0.0147481816450,0.00700538628139
-0.140625000,0.140625000,0.0294749631113,0.0140006074778
-0.125000000,0.140625000,0.0426498033498,0.0202586565912
-0.109375000,0.140625000,0.0542707526157,0.0257786074924
-0.093750000,0.140625000,0.0643375942970,0.0305603572911
-0.078125000,0.140625000,0.0728512697705,0.0346043531410
-0.062500000,0.140625000,0.0798133870227,0.0379113588358
-0.046875000,0.140625000,0.0852258113181,0.0404822603761
-0.031250000,0.140625000,0.0890903326746,0.0423179080204
-0.015625000,0.140625000,0.0914084110462,0.0434189952469
0.000000000,0.140625000,0.0921809945298,0.0437859724016
0.015625000,0.140625000,0.0914084110462,0.0434189952469
0.031250000,0.140625000,0.0890903326746,0.0423179080204
0.046875000,0.140625000,0.0852258113181,0.0404822603761
0.062500000,0.140625000,0.0798133870227,0.0379113588358
0.078125000,0.140625000,0.0728512697705,0.0346043531410
0.093750000,0.140625000,0.0643375942970,0.0305603572911
0.109375000,0.140625000,0.0542707526157,0.0257786074924
0.125000000,0.140625000,0.0426498033498,0.0202586565912
0.140625000,0.140625000,0.0294749631113,0.0140006074778
0.156250000,0.140625000,0.0147481816450,0.00700538628139
0.171875000,0.140625000,-0.00152619494739,-0.000724942600011
0.187500000,0.140625000,-0.0193406685668,-0.00918681756924
0.203125000,0.140625000,-0.0386837371678,-0.0183747751547
0.218750000,0.140625000,-0.0595389403382,-0.0282809966606
0.234375000,0.140625000,-0.0818837977766,-0.0388948039439
0.250000000,0.140625000,-0.105688634133,-0.0502021012131
0.265625000,0.140625000,-0.130915283966,-0.0621847598840
0.281250000,0.140625000,-0.157515670554,-0.0748199435131
0.296875000,0.140625000,-0.185430250448,-0.0880793689628
0.312500000,0.140625000,-0.214586317386,-0.101928500758
0.328125000,0.140625000,-0.244896157290,-0.116325674713
0.343750000,0.140625000,-0.276255046457,-0.131221147067
0.359375000,0.140625000,-0.308539084958,-0.146556065355
0.375000000,0.140625000,-0.341602857463,-0.162261357295
0.390625000,0.140625000,-0.375276912184,-0.178256533287
0.406250000,0.140625000,-0.409365051415,-0.194448399422
0.421875000,0.140625000,-0.443641423745,-0.210729676279
0.437500000,0.140625000,-0.477847412932,-0.226977521143
0.453125000,0.140625000,-0.511688313775,-0.243051949043
0.468750000,0.140625000,-0.544829790068,-0.258794150282
0.484375000,0.140625000,-0.576894109598,-0.274024702059
0.500000000,0.140625000,-0.607456150544,-0.288541671508
0.515625000,0.140625000,-0.636039177797,-0.302118609454
0.531250000,0.140625000,-0.662110388088,-0.314502434342
0.546875000,0.140625000,-0.685076225385,-0.325411207058
0.562500000,0.140625000,-0.704277471523,-0.334531798973
0.578125000,0.140625000,-0.718984120044,-0.341517457021
0.593750000,0.140625000,-0.728390045697,-0.345985271706
0.609375000,0.140625000,-0.731607487621,-0.347513556620
0.625000000,0.140625000,-0.727661369945,-0.345639150724
0.640625000,0.140625000,-0.715483492875,-0.339854659116
0.656250000,0.140625000,-0.693906633215,-0.329605650777
0.671875000,0.140625000,-0.661658607979,-0.314287838790
0.687500000,0.140625000,-0.617356366393,-0.293244274037
0.703125000,0.140625000,-0.559500189609,-0.265762590064
0.718750000,0.140625000,-0.486468101100,-0.231072348023
0.734375000,0.140625000,-0.396510606383,-0.188342538032
0.750000000,0.140625000,-0.287745916258,-0.136679310223
0.765625000,0.140625000,-0.158155832561,-0.0751240204666
0.781250000,0.140625000,-0.00558251930422,-0.00265169666950
0.796875000,0.140625000,0.172273572905,0.0818299471297
0.812500000,0.140625000,0.377854305473,0.179480795100
0.828125000,0.140625000,0.613742581627,0.291527726273
0.843750000,0.140625000,0.882658733727,0.419262898520
0.859375000,0.140625000,1.18745399851,0.564040649291
0.875000000,0.140625000,1.53110039063,0.727272685550
0.890625000,0.140625000,1.91667614203,0.910421167465
0.906250000,0.140625000,2.34734570213,1.11498920851
0.921875000,0.140625000,2.82633308303,1.34250821444
0.937500000,0.140625000,3.35688707591,1.59452136106
0.953125000,0.140625000,,
0.968750000,0.140625000,,
0.984375000,0.140625000,,
1.000000000,0.140625000,,
-1.000000000,0.156250000,,
-0.984375000,0.156250000,,
-0.968750000,0.156250000,,
-0.953125000,0.156250000,,
-0.937500000,0.156250000,3.60927383540,1.71440507181
-0.921875000,0.156250000,3.06156173023,1.45424182186
-0.906250000,0.156250000,2.56636234180,1.21902211236
-0.890625000,0.156250000,2.12025196630,1.00711968399
-0.875000000,0.156250000,1.71999660781,0.816998388710
-0.859375000,0.156250000,1.36241908177,0.647149063842
-0.843750000,0.156250000,1.04442632032,0.496102502153
-0.828125000,0.156250000,0.763029886161,0.362439195926
-0.812500000,0.156250000,0.515360938390,0.244796445735
-0.796875000,0.156250000,0.298680675571,0.141873320896
-0.781250000,0.156250000,0.110387106992,0.0524338758213
-0.765625000,0.156250000,-0.0519811457012,-0.0246910442081
-0.750000000,0.156250000,-0.190743433248,-0.0906031307928
-0.734375000,0.156250000,-0.308077568532,-0.146336845053
-0.718750000,0.156250000,-0.406021821016,-0.192860364983
-0.703125000,0.156250000,-0.486478086651,-0.231077091159
-0.687500000,0.156250000,-0.551215958205,-0.261827580147
-0.671875000,0.156250000,-0.601877473713,-0.285891800014
-0.656250000,0.156250000,-0.639982353631,-0.303991617975
-0.640625000,0.156250000,-0.666933577317,-0.316793449226
-0.625000000,0.156250000,-0.684023172415,-0.324911006897
-0.609375000,0.156250000,-0.692438115974,-0.328908105088
-0.593750000,0.156250000,-0.693266264703,-0.329301475734
-0.578125000,0.156250000,-0.687502248250,-0.326563567919
-0.562500000,0.156250000,-0.676053272618,-0.321125304494
-0.546875000,0.156250000,-0.659744792105,-0.313378776250
-0.531250000,0.156250000,-0.639326017514,-0.303679858319
-0.515625000,0.156250000,-0.615475236052,-0.292350737125
-0.500000000,0.156250000,-0.588804925183,-0.279682339462
-0.484375000,0.156250000,-0.559866647686,-0.265936657651
-0.468750000,0.156250000,-0.529155719533,-0.251348966778
-0.453125000,0.156250000,-0.497115646484,-0.236129932080
-0.437500000,0.156250000,-0.464142327017,-0.220467605333
-0.421875000,0.156250000,-0.430588023525,-0.204529311175
-0.406250000,0.156250000,-0.396765103585,-0.188463424203
-0.390625000,0.156250000,-0.362949556200,-0.172401039195
-0.375000000,0.156250000,-0.329384288740,-0.156457537152
-0.359375000,0.156250000,-0.296282210726,-0.140734050095
-0.343750000,0.156250000,-0.263829111725,-0.125318828069
-0.328125000,0.156250000,-0.232186341838,-0.110288512373
-0.312500000,0.156250000,-0.201493301693,-0.0957093183044
-0.296875000,0.156250000,-0.171869751542,-0.0816381319826
-0.281250000,0.156250000,-0.143417947190,-0.0681235249153
-0.265625000,0.156250000,-0.116224610511,-0.0552066899929
-0.250000000,0.156250000,-0.0903627447604,-0.0429223037612
-0.234375000,0.156250000,-0.0658933004756,-0.0312993177259
-0.218750000,0.156250000,-0.0428667016042,-0.0203616832620
-0.203125000,0.156250000,-0.0213242387558,-0.0101290134090
-0.187500000,0.156250000,-0.00129933635683,-0.000617184769495
-0.171875000,0.156250000,0.0171812982246,0.00816111665666
-0.156250000,0.156250000,0.0340966377354,0.0161959029243
-0.140625000,0.156250000,0.0494304045093,0.0234794421419
-0.125000000,0.156250000,0.0631702400014,0.0300058640007
-0.109375000,0.156250000,0.0753069693350,0.0357708104341
-0.093750000,0.156250000,0.0858339565192,0.0407711293466
-0.078125000,0.156250000,0.0947465452852,0.0450046090105
-0.062500000,0.156250000,0.102041582974,0.0484697519126
-0.046875000,0.156250000,0.107717022025,0.0511655854617
-0.031250000,0.156250000,0.111771599093,0.0530915095693
-0.015625000,0.156250000,0.114204587246,0.0542471789416
0.000000000,0.156250000,0.115015620117,0.0546324195556
0.015625000,0.156250000,0.114204587246,0.0542471789416
0.031250000,0.156250000,0.111771599093,0.0530915095693
0.046875000,0.156250000,0.107717022025,0.0511655854617
0.062500000,0.156250000,0.102041582974,0.0484697519126
0.078125000,0.156250000,0.0947465452852,0.0450046090105
0.093750000,0.156250000,0.0858339565192,0.0407711293466
0.109375000,0.156250000,0.0753069693350,0.0357708104341
0.125000000,0.156250000,0.0631702400014,0.0300058640007
0.140625000,0.156250000,0.0494304045093,0.0234794421419
0.156250000,0.156250000,0.0340966377354,0.0161959029243
0.171875000,0.156250000,0.0171812982246,0.00816111665666
0.187500000,0.156250000,-0.00129933635683,-0.000617184769495
0.203125000,0.156250000,-0.0213242387558,-0.0101290134090
0.218750000,0.156250000,-0.0428667016042,-0.0203616832620
0.234375000,0.156250000,-0.0658933004756,-0.0312993177259
0.250000000,0.156250000,-0.0903627447604,-0.0429223037612
0.265625000,0.156250000,-0.116224610511,-0.0552066899929
0.281250000,0.156250000,-0.143417947190,-0.0681235249153
0.296875000,0.156250000,-0.171869751542,-0.0816381319826
0.312500000,0.156250000,-0.201493301693,-0.0957093183044
0.328125000,0.156250000,-0.232186341838,-0.110288512373
0.343750000,0.156250000,-0.263829111725,-0.125318828069
0.359375000,0.156250000,-0.296282210726,-0.140734050095
0.375000000,0.156250000,-0.329384288740,-0.156457537152
0.390625000,0.156250000,-0.362949556200,-0.172401039195
0.406250000,0.156250000,-0.396765103585,-0.188463424203
0.421875000,0.156250000,-0.430588023525,-0.204529311175
0.437500000,0.156250000,-0.464142327017,-0.220467605333
0.453125000,0.156250000,-0.497115646484,-0.236129932080
0.468750000,0.156250000,-0.529155719533,-0.251348966778
0.484375000,0.156250000,-0.559866647686,-0.265936657651
0.500000000,0.156250000,-0.588804925183,-0.279682339462
0.515625000,0.156250000,-0.615475236052,-0.292350737125
0.531250000,0.156250000,-0.639326017514,-0.303679858319
0.546875000,0.156250000,-0.659744792105,-0.313378776250
0.562500000,0.156250000,-0.676053272618,-0.321125304494
0.578125000,0.156250000,-0.687502248250,-0.326563567919
0.593750000,0.156250000,-0.693266264703,-0.329301475734
0.609375000,0.156250000,-0.692438115974,-0.328908105088
0.625000000,0.156250000,-0.684023172415,-0.324911006897
0.640625000,0.156250000,-0.666933577317,-0.316793449226
0.656250000,0.156250000,-0.639982353631,-0.303991617975
0.671875000,0.156250000,-0.601877473713,-0.285891800014
0.687500000,0.156250000,-0.551215958205,-0.261827580147
0.703125000,0.156250000,-0.486478086651,-0.231077091159
0.718750000,0.156250000,-0.406021821016,-0.192860364983
0.734375000,0.156250000,-0.308077568532,-0.146336845053
0.750000000,0.156250000,-0.190743433248,-0.0906031307928
0.765625000,0.156250000,-0.0519811457012,-0.0246910442081
0.781250000,0.156250000,0.110387106992,0.0524338758213
0.796875000,0.156250000,0.298680675571,0.141873320896
0.812500000,0.156250000,0.515360938390,0.244796445735
0.828125000,0.156250000,0.763029886161,0.362439195926
0.843750000,0.156250000,1.04442632032,0.496102502153
0.859375000,0.156250000,1.36241908177,0.647149063842
0.875000000,0.156250000,1.71999660781,0.816998388710
0.890625000,0.156250000,2.12025196630,1.00711968399
0.906250000,0.156250000,2.56636234180,1.21902211236
0.921875000,0.156250000,3.06156173023,1.45424182186
0.937500000,0.156250000,3.60927383540,1.71440507181
0.953125000,0.156250000,,
0.968750000,0.156250000,,
0.984375000,0.156250000,,
1.000000000,0.156250000,,
-1.000000000,0.171875000,,
-0.984375000,0.171875000,,
-0.968750000,0.171875000,,
-0.953125000,0.171875000,,
-0.937500000,0.171875000,3.87730492255,1.84171983821
-0.921875000,0.171875000,3.31167673642,1.57304644980
-0.906250000,0.171875000,2.79905896880,1.32955301018
-0.890625000,0.171875000,2.33650101478,1.10983798202
-0.875000000,0.171875000,1.92059939497,0.912284712611
-0.859375000,0.171875000,1.54816642102,0.735379049984
-0.843750000,0.171875000,1.21609578618,0.577645498436
-0.828125000,0.171875000,0.921383693640,0.437657254479
-0.812500000,0.171875000,0.661144310222,0.314043547356
-0.796875000,0.171875000,0.432620597024,0.205494783587
-0.781250000,0.171875000,0.233191385659,0.110765908188
-0.765625000,0.171875000,0.0603754195882,0.0286783243044
-0.750000000,0.171875000,-0.0881670440537,-0.0418793459255
-0.734375000,0.171875000,-0.214634578627,-0.101951424848
-0.718750000,0.171875000,-0.321086471562,-0.152516073992
-0.703125000,0.171875000,-0.409445808089,-0.194486758842
-0.687500000,0.171875000,-0.481503477177,-0.228714151659
-0.671875000,0.171875000,-0.538922869971,-0.255988363236
-0.656250000,0.171875000,-0.583245079827,-0.277041412918
-0.640625000,0.171875000,-0.615894449848,-0.292549863678
-0.625000000,0.171875000,-0.638184339729,-0.303137561371
-0.609375000,0.171875000,-0.651323008854,-0.309378429206
-0.593750000,0.171875000,-0.656419531072,-0.311799277259
-0.578125000,0.171875000,-0.654489673722,-0.310882595018
-0.562500000,0.171875000,-0.646461687892,-0.307069301749
-0.546875000,0.171875000,-0.633181966339,-0.300761434011
-0.531250000,0.171875000,-0.615420537360,-0.292324755246
-0.515625000,0.171875000,-0.593876368948,-0.282091275250
-0.500000000,0.171875000,-0.569182465313,-0.270361671024
-0.484375000,0.171875000,-0.541910743447,-0.257407603137
-0.468750000,0.171875000,-0.512576680181,-0.243473923086
-0.453125000,0.171875000,-0.481643726711,-0.228780770188
-0.437500000,0.171875000,-0.449527487534,-0.213525556579
-0.421875000,0.171875000,-0.416599666112,-0.197884841403
-0.406250000,0.171875000,-0.383191779097,-0.182016095071
-0.390625000,0.171875000,-0.349598644137,-0.166059355965
-0.375000000,0.171875000,-0.316081647391,-0.150138782511
-0.359375000,0.171875000,-0.282871796543,-0.134364103358
-0.343750000,0.171875000,-0.250172567162,-0.118831969402
-0.328125000,0.171875000,-0.218162551570,-0.103627211996
-0.312500000,0.171875000,-0.186997916026,-0.0888240101121
-0.296875000,0.171875000,-0.156814677307,-0.0744869717210
-0.281250000,0.171875000,-0.127730805649,-0.0606721326833
-0.265625000,0.171875000,-0.0998481633195,-0.0474278775767
-0.250000000,0.171875000,-0.0732542872058,-0.0347957864228
-0.234375000,0.171875000,-0.0480240235497,-0.0228114111861
-0.218750000,0.171875000,-0.0242210229308,-0.0115049858922
-0.203125000,0.171875000,-0.00189910383514,-0.000902074321692
-0.187500000,0.171875000,0.0188965089513,0.00897584175188
-0.171875000,0.171875000,0.0381280627070,0.0181108297858
-0.156250000,0.171875000,0.0557642661310,0.0264880264122
-0.140625000,0.171875000,0.0717793833941,0.0340952071122
-0.125000000,0.171875000,0.0861524261894,0.0409224024400
-0.109375000,0.171875000,0.0988664399748,0.0469615589880
-0.093750000,0.171875000,0.109907877499,0.0522062418121
-0.078125000,0.171875000,0.119266057710,0.0566513774121
-0.062500000,0.171875000,0.126932703557,0.0602930341894
-0.046875000,0.171875000,0.132901557610,0.0631282398648
-0.031250000,0.171875000,0.137168070915,0.0651548336847
-0.015625000,0.171875000,0.139729163625,0.0663713527220
0.000000000,0.171875000,0.140583055300,0.0667769512676
0.015625000,0.171875000,0.139729163625,0.0663713527220
0.031250000,0.171875000,0.137168070915,0.0651548336847
0.046875000,0.171875000,0.132901557610,0.0631282398648
0.062500000,0.171875000,0.126932703557,0.0602930341894
0.078125000,0.171875000,0.119266057710,0.0566513774121
0.093750000,0.171875000,0.109907877499,0.0522062418121
0.109375000,0.171875000,0.0988664399748,0.0469615589880
0.125000000,0.171875000,0.0861524261894,0.0409224024400
0.140625000,0.171875000,0.0717793833941,0.0340952071122
0.156250000,0.171875000,0.0557642661310,0.0264880264122
0.171875000,0.171875000,0.0381280627070,0.0181108297858
0.187500000,0.171875000,0.0188965089513,0.00897584175188
0.203125000,0.171875000,-0.00189910383514,-0.000902074321692
0.218750000,0.171875000,-0.0242210229308,-0.0115049858922
0.234375000,0.171875000,-0.0480240235497,-0.0228114111861
0.250000000,0.171875000,-0.0732542872058,-0.0347957864228
0.265625000,0.171875000,-0.0998481633195,-0.0474278775767
0.281250000,0.171875000,-0.127730805649,-0.0606721326833
0.296875000,0.171875000,-0.156814677307,-0.0744869717210
0.312500000,0.171875000,-0.186997916026,-0.0888240101121
0.328125000,0.171875000,-0.218162551570,-0.103627211996
0.343750000,0.171875000,-0.250172567162,-0.118831969402
0.359375000,0.171875000,-0.282871796543,-0.134364103358
0.375000000,0.171875000,-0.316081647391,-0.150138782511
0.390625000,0.171875000,-0.349598644137,-0.166059355965
0.406250000,0.171875000,-0.383191779097,-0.182016095071
0.421875000,0.171875000,-0.416599666112,-0.197884841403
0.437500000,0.171875000,-0.449527487534,-0.213525556579
0.453125000,0.171875000,-0.481643726711,-0.228780770188
0.468750000,0.171875000,-0.512576680181,-0.243473923086
0.484375000,0.171875000,-0.541910743447,-0.257407603137
0.500000000,0.171875000,-0.569182465313,-0.270361671024
0.515625000,0.171875000,-0.593876368948,-0.282091275250
0.531250000,0.171875000,-0.615420537360,-0.292324755246
0.546875000,0.171875000,-0.633181966339,-0.300761434011
0.562500000,0.171875000,-0.646461687892,-0.307069301749
0.578125000,0.171875000,-0.654489673722,-0.310882595018
0.593750000,0.171875000,-0.656419531072,-0.311799277259
0.609375000,0.171875000,-0.651323008854,-0.309378429206
0.625000000,0.171875000,-0.638184339729,-0.303137561371
0.640625000,0.171875000,-0.615894449848,-0.292549863678
0.656250000,0.171875000,-0.583245079827,-0.277041412918
0.671875000,0.171875000,-0.538922869971,-0.255988363236
0.687500000,0.171875000,-0.481503477177,-0.228714151659
0.703125000,0.171875000,-0.409445808089,-0.194486758842
0.718750000,0.171875000,-0.321086471562,-0.152516073992
0.734375000,0.171875000,-0.214634578627,-0.101951424848
0.750000000,0.171875000,-0.0881670440537,-0.0418793459255
0.765625000,0.171875000,0.0603754195882,0.0286783243044
0.781250000,0.171875000,0.233191385659,0.110765908188
0.796875000,0.171875000,0.432620597024,0.205494783587
0.812500000,0.171875000,0.661144310222,0.314043547356
0.828125000,0.171875000,0.921383693640,0.437657254479
0.843750000,0.171875000,1.21609578618,0.577645498436
0.859375000,0.171875000,1.54816642102,0.735379049984
0.875000000,0.171875000,1.92059939497,0.912284712611
0.890625000,0.171875000,2.33650101478,1.10983798202
0.906250000,0.171875000,2.79905896880,1.32955301018
0.921875000,0.171875000,3.31167673642,1.57304644980
0.937500000,0.171875000,3.87730492255,1.84171983821
0.953125000,0.171875000,,
0.968750000,0.171875000,,
0.984375000,0.171875000,,
1.000000000,0.171875000,,
-1.000000000,0.187500000,,
-0.984375000,0.187500000,,
-0.968750000,0.187500000,,
-0.953125000,0.187500000,,
-0.937500000,0.187500000,4.16183910391,1.97687357436
-0.921875000,0.187500000,3.57703312213,1.69909073301
-0.906250000,0.187500000,3.04607055682,1.44688351449
-0.890625000,0.187500000,2.56602513898,1.21886194101
-0.875000000,0.187500000,2.13347779608,1.01340195314
-0.859375000,0.187500000,1.74523278282,0.828985571841
-0.843750000,0.187500000,1.39817232568,0.664131854697
-0.828125000,0.187500000,1.08927847071,0.517407273589
-0.812500000,0.187500000,0.815649115301,0.387433329768
-0.796875000,0.187500000,0.574509299847,0.272891917427
-0.781250000,0.187500000,0.363218652677,0.172528860022
-0.765625000,0.187500000,0.179275724407,0.0851559690934
-0.750000000,0.187500000,0.0203198215406,0.00965191523177
-0.734375000,0.187500000,-0.115869154741,-0.0550378485019
-0.718750000,0.187500000,-0.231372447796,-0.109901912703
-0.703125000,0.187500000,-0.328135415753,-0.155864322483
-0.687500000,0.187500000,-0.407971449551,-0.193786438537
-0.671875000,0.187500000,-0.472566600444,-0.224469135211
-0.656250000,0.187500000,-0.523484726040,-0.248655244869
-0.640625000,0.187500000,-0.562172993166,-0.267032171754
-0.625000000,0.187500000,-0.589967609611,-0.280234614565
-0.609375000,0.187500000,-0.608099677510,-0.288847346817
-0.593750000,0.187500000,-0.617701082109,-0.293408014002
-0.578125000,0.187500000,-0.619810348938,-0.294409915745
-0.562500000,0.187500000,-0.615378412106,-0.292304745750
-0.546875000,0.187500000,-0.605274251800,-0.287505269605
-0.531250000,0.187500000,-0.590290367175,-0.280387924408
-0.515625000,0.187500000,-0.571148059839,-0.271295328423
-0.500000000,0.187500000,-0.548502507577,-0.260538691099
-0.484375000,0.187500000,-0.522947617891,-0.248400118498
-0.468750000,0.187500000,-0.495020650216,-0.235134808853
-0.453125000,0.187500000,-0.465206604197,-0.220973136994
-0.437500000,0.187500000,-0.433942371535,-0.206122626479
-0.421875000,0.187500000,-0.401620652225,-0.190769809807
-0.406250000,0.187500000,-0.368593639049,-0.175081978548
-0.390625000,0.187500000,-0.335176474050,-0.159208825174
-0.375000000,0.187500000,-0.301650483320,-0.143283979577
-0.359375000,0.187500000,-0.268266196865,-0.127426443511
-0.343750000,0.187500000,-0.235246161888,-0.111741926897
-0.328125000,0.187500000,-0.202787556019,-0.0963240891089
-0.312500000,0.187500000,-0.171064610688,-0.0812556900769
-0.296875000,0.187500000,-0.140230852730,-0.0666096550465
-0.281250000,0.187500000,-0.110421172232,-0.0524500568102
-0.265625000,0.187500000,-0.0817537271492,-0.0388330203959
-0.250000000,0.187500000,-0.0543316916182,-0.0258075535186
-0.234375000,0.187500000,-0.0282448574382,-0.0134163072831
-0.218750000,0.187500000,-0.00357109672305,-0.00169627094345
-0.203125000,0.187500000,0.0196223059902,0.00932059534534
-0.187500000,0.187500000,0.0412774458792,0.0196067867926
-0.171875000,0.187500000,0.0613447046966,0.0291387347309
-0.156250000,0.187500000,0.0797817677482,0.0378963396804
-0.140625000,0.187500000,0.0965527435818,0.0458625532013
-0.125000000,0.187500000,0.111627380088,0.0530230055420
-0.109375000,0.187500000,0.124980372546,0.0593656769594
-0.093750000,0.187500000,0.136590757730,0.0648806099218
-0.078125000,0.187500000,0.146441389859,0.0695596601833
-0.062500000,0.187500000,0.154518495123,0.0733962851836
-0.046875000,0.187500000,0.160811300051,0.0763853675241
-0.031250000,0.187500000,0.165311731530,0.0785230724769
-0.015625000,0.187500000,0.168014186202,0.0798067384458
0.000000000,0.187500000,0.168915367156,0.0802347993991
0.015625000,0.187500000,0.168014186202,0.0798067384458
0.031250000,0.187500000,0.165311731530,0.0785230724769
0.046875000,0.187500000,0.160811300051,0.0763853675241
0.062500000,0.187500000,0.154518495123,0.0733962851836
0.078125000,0.187500000,0.146441389859,0.0695596601833
0.093750000,0.187500000,0.136590757730,0.0648806099218
0.109375000,0.187500000,0.124980372546,0.0593656769594
0.125000000,0.187500000,0.111627380088,0.0530230055420
0.140625000,0.187500000,0.0965527435818,0.0458625532013
0.156250000,0.187500000,0.0797817677482,0.0378963396804
0.171875000,0.187500000,0.0613447046966,0.0291387347309
0.187500000,0.187500000,0.0412774458792,0.0196067867926
0.203125000,0.187500000,0.0196223059902,0.00932059534534
0.218750000,0.187500000,-0.00357109672305,-0.00169627094345
0.234375000,0.187500000,-0.0282448574382,-0.0134163072831
0.250000000,0.187500000,-0.0543316916182,-0.0258075535186
0.265625000,0.187500000,-0.0817537271492,-0.0388330203959
0.281250000,0.187500000,-0.110421172232,-0.0524500568102
0.296875000,0.187500000,-0.140230852730,-0.0666096550465
0.312500000,0.187500000,-0.171064610688,-0.0812556900769
0.328125000,0.187500000,-0.202787556019,-0.0963240891089
0.343750000,0.187500000,-0.235246161888,-0.111741926897
0.359375000,0.187500000,-0.268266196865,-0.127426443511
0.375000000,0.187500000,-0.301650483320,-0.143283979577
0.390625000,0.187500000,-0.335176474050,-0.159208825174
0.406250000,0.187500000,-0.368593639049,-0.175081978548
0.421875000,0.187500000,-0.401620652225,-0.190769809807
0.437500000,0.187500000,-0.433942371535,-0.206122626479
0.453125000,0.187500000,-0.465206604197,-0.220973136994
0.468750000,0.187500000,-0.495020650216,-0.235134808853
0.484375000,0.187500000,-0.522947617891,-0.248400118498
0.500000000,0.187500000,-0.548502507577,-0.260538691099
0.515625000,0.187500000,-0.571148059839,-0.271295328423
0.531250000,0.187500000,-0.590290367175,-0.280387924408
0.546875000,0.187500000,-0.605274251800,-0.287505269605
0.562500000,0.187500000,-0.615378412106,-0.292304745750
0.578125000,0.187500000,-0.619810348938,-0.294409915745
0.593750000,0.187500000,-0.617701082109,-0.293408014002
0.609375000,0.187500000,-0.608099677510,-0.288847346817
0.625000000,0.187500000,-0.589967609611,-0.280234614565
0.640625000,0.187500000,-0.562172993166,-0.267032171754
0.656250000,0.187500000,-0.523484726040,-0.248655244869
0.671875000,0.187500000,-0.472566600444,-0.224469135211
0.687500000,0.187500000,-0.407971449551,-0.193786438537
0.703125000,0.187500000,-0.328135415753,-0.155864322483
0.718750000,0.187500000,-0.231372447796,-0.109901912703
0.734375000,0.187500000,-0.115869154741,-0.0550378485019
0.750000000,0.187500000,0.0203198215406,0.00965191523177
0.765625000,0.187500000,0.179275724407,0.0851559690934
0.781250000,0.187500000,0.363218652677,0.172528860022
0.796875000,0.187500000,0.574509299847,0.272891917427
0.812500000,0.187500000,0.815649115301,0.387433329768
0.828125000,0.187500000,1.08927847071,0.517407273589
0.843750000,0.187500000,1.39817232568,0.664131854697
0.859375000,0.187500000,1.74523278282,0.828985571841
0.875000000,0.187500000,2.13347779608,1.01340195314
0.890625000,0.187500000,2.56602513898,1.21886194101
0.906250000,0.187500000,3.04607055682,1.44688351449
0.921875000,0.187500000,3.57703312213,1.69909073301
0.937500000,0.187500000,4.16183910391,1.97687357436
0.953125000,0.187500000,,
0.968750000,0.187500000,,
0.984375000,0.187500000,,
1.000000000,0.187500000,,
-1.000000000,0.203125000,,
-0.984375000,0.203125000,,
-0.968750000,0.203125000,,
-0.953125000,0.203125000,,
-0.937500000,0.203125000,,
-0.921875000,0.203125000,3.85850435252,1.83278956745
-0.906250000,0.203125000,3.30825462321,1.57142094602
-0.890625000,0.203125000,2.80947902761,1.33450253812
-0.875000000,0.203125000,2.35925290101,1.12064512798
-0.859375000,0.203125000,1.95420597860,0.928247839834
-0.843750000,0.203125000,1.59121100111,0.755825225526
-0.828125000,0.203125000,1.26723722970,0.601937684108
-0.812500000,0.203125000,0.979367149941,0.465199396222
-0.796875000,0.203125000,0.724808306126,0.344283945410
-0.781250000,0.203125000,0.500901181473,0.237928061200
-0.765625000,0.203125000,0.305123882056,0.144933843977
-0.750000000,0.203125000,0.135094250833,0.0641697691456
-0.734375000,0.203125000,-0.0114300698095,-0.00542928315950
-0.718750000,0.203125000,-0.136553197967,-0.0648627690343
-0.703125000,0.203125000,-0.242243840237,-0.115065824113
-0.687500000,0.203125000,-0.330339094904,-0.156911070080
-0.671875000,0.203125000,-0.402548988773,-0.191210769667
-0.656250000,0.203125000,-0.460461548725,-0.218719235645
-0.640625000,0.203125000,-0.505548244930,-0.240135416342
-0.625000000,0.203125000,-0.539169673125,-0.256105594735
-0.609375000,0.203125000,-0.562581365785,-0.267226148748
-0.593750000,0.203125000,-0.576939645319,-0.274046331526
-0.578125000,0.203125000,-0.583307448462,-0.277071038020
-0.562500000,0.203125000,-0.582660065583,-0.276763531152
-0.546875000,0.203125000,-0.575890749883,-0.273548106195
-0.531250000,0.203125000,-0.563816163419,-0.267812677624
-0.515625000,0.203125000,-0.547181632745,-0.259911275554
-0.500000000,0.203125000,-0.526666196105,-0.250166443150
-0.484375000,0.203125000,-0.502887427574,-0.238871528098
-0.468750000,0.203125000,-0.476406031415,-0.226292864922
-0.453125000,0.203125000,-0.447730199164,-0.212671844603
-0.437500000,0.203125000,-0.417319730755,-0.198226872109
-0.421875000,0.203125000,-0.385589918217,-0.183155211153
-0.406250000,0.203125000,-0.352915196986,-0.167634718569
-0.390625000,0.203125000,-0.319632567407,-0.151825469518
-0.375000000,0.203125000,-0.286044794934,-0.135871277594
-0.359375000,0.203125000,-0.252423394096,-0.119901112195
-0.343750000,0.203125000,-0.219011404604,-0.104030417187
-0.328125000,0.203125000,-0.186025968367,-0.0883623349741
-0.312500000,0.203125000,-0.153660715917,-0.0729888400608
-0.296875000,0.203125000,-0.122087970350,-0.0579917859160
-0.281250000,0.203125000,-0.0914607792881,-0.0434438701619
-0.265625000,0.203125000,-0.0619147821139,-0.0294095215041
-0.250000000,0.203125000,-0.0335699233057,-0.0159457135702
-0.234375000,0.203125000,-0.00653201801470,-0.00310270855698
-0.218750000,0.203125000,0.0191058187259,0.00907526389479
-0.203125000,0.203125000,0.0432618736787,0.0205493899974
-0.187500000,0.203125000,0.0658646583906,0.0312857127356
-0.171875000,0.203125000,0.0868518470882,0.0412546273669
-0.156250000,0.203125000,0.106169322151,0.0504304280218
-0.140625000,0.203125000,0.123770320444,0.0587909022109
-0.125000000,0.203125000,0.139614674924,0.0663169705890
-0.109375000,0.203125000,0.153668145437,0.0729923690828
-0.093750000,0.203125000,0.165901833838,0.0788033710732
-0.078125000,0.203125000,0.176291678932,0.0837385474925
-0.062500000,0.203125000,0.184818026874,0.0877885627653
-0.046875000,0.203125000,0.191465274018,0.0909460051586
-0.031250000,0.203125000,0.196221578385,0.0932052497327
-0.015625000,0.203125000,0.199078638160,0.0945623531258
0.000000000,0.203125000,0.200031534425,0.0950149788517
0.015625000,0.203125000,0.199078638160,0.0945623531258
0.031250000,0.203125000,0.196221578385,0.0932052497327
0.046875000,0.203125000,0.191465274018,0.0909460051586
0.062500000,0.203125000,0.184818026874,0.0877885627653
0.078125000,0.203125000,0.176291678932,0.0837385474925
0.093750000,0.203125000,0.165901833838,0.0788033710732
0.109375000,0.203125000,0.153668145437,0.0729923690828
0.125000000,0.203125000,0.139614674924,0.0663169705890
0.140625000,0.203125000,0.123770320444,0.0587909022109
0.156250000,0.203125000,0.106169322151,0.0504304280218
0.171875000,0.203125000,0.0868518470882,0.0412546273669
0.187500000,0.203125000,0.0658646583906,0.0312857127356
0.203125000,0.203125000,0.0432618736787,0.0205493899974
0.218750000,0.203125000,0.0191058187259,0.00907526389479
0.234375000,0.203125000,-0.00653201801470,-0.00310270855698
0.250000000,0.203125000,-0.0335699233057,-0.0159457135702
0.265625000,0.203125000,-0.0619147821139,-0.0294095215041
0.281250000,0.203125000,-0.0914607792881,-0.0434438701619
0.296875000,0.203125000,-0.122087970350,-0.0579917859160
0.312500000,0.203125000,-0.153660715917,-0.0729888400608
0.328125000,0.203125000,-0.186025968367,-0.0883623349741
0.343750000,0.203125000,-0.219011404604,-0.104030417187
0.359375000,0.203125000,-0.252423394096,-0.119901112195
0.375000000,0.203125000,-0.286044794934,-0.135871277594
0.390625000,0.203125000,-0.319632567407,-0.151825469518
0.406250000,0.203125000,-0.352915196986,-0.167634718569
0.421875000,0.203125000,-0.385589918217,-0.183155211153
0.437500000,0.203125000,-0.417319730755,-0.198226872109
0.453125000,0.203125000,-0.447730199164,-0.212671844603
0.468750000,0.203125000,-0.476406031415,-0.226292864922
0.484375000,0.203125000,-0.502887427574,-0.238871528098
0.500000000,0.203125000,-0.526666196105,-0.250166443150
0.515625000,0.203125000,-0.547181632745,-0.259911275554
0.531250000,0.203125000,-0.563816163419,-0.267812677624
0.546875000,0.203125000,-0.575890749883,-0.273548106195
0.562500000,0.203125000,-0.582660065583,-0.276763531152
0.578125000,0.203125000,-0.583307448462,-0.277071038020
0.593750000,0.203125000,-0.576939645319,-0.274046331526
0.609375000,0.203125000,-0.562581365785,-0.267226148748
0.625000000,0.203125000,-0.539169673125,-0.256105594735
0.640625000,0.203125000,-0.505548244930,-0.240135416342
0.656250000,0.203125000,-0.460461548725,-0.218719235645
0.671875000,0.203125000,-0.402548988773,-0.191210769667
0.687500000,0.203125000,-0.330339094904,-0.156911070080
0.703125000,0.203125000,-0.242243840237,-0.115065824113
0.718750000,0.203125000,-0.136553197967,-0.0648627690343
0.734375000,0.203125000,-0.0114300698095,-0.00542928315950
0.750000000,0.203125000,0.135094250833,0.0641697691456
0.765625000,0.203125000,0.305123882056,0.144933843977
0.781250000,0.203125000,0.500901181473,0.237928061200
0.796875000,0.203125000,0.724808306126,0.344283945410
0.812500000,0.203125000,0.979367149941,0.465199396222
0.828125000,0.203125000,1.26723722970,0.601937684108
0.843750000,0.203125000,1.59121100111,0.755825225526
0.859375000,0.203125000,1.95420597860,0.928247839834
0.875000000,0.203125000,2.35925290101,1.12064512798
0.890625000,0.203125000,2.80947902761,1.33450253812
0.906250000,0.203125000,3.30825462321,1.57142094602
0.921875000,0.203125000,3.85850435252,1.83278956745
0.937500000,0.203125000,,
0.953125000,0.203125000,,
0.968750000,0.203125000,,
0.984375000,0.203125000,,
1.000000000,0.203125000,,
-1.000000000,0.218750000,,
-0.984375000,0.218750000,,
-0.968750000,0.218750000,,
-0.953125000,0.218750000,,
-0.937500000,0.218750000,,
-0.921875000,0.218750000,4.15686858122,1.97451257608
-0.906250000,0.218750000,3.58603031877,1.70336440142
-0.890625000,0.218750000,3.06773784557,1.45717547665
-0.875000000,0.218750000,2.59860074767,1.23433535514
-0.859375000,0.218750000,2.17572778331,1.03347069707
-0.843750000,0.218750000,1.79581965434,0.853014335810
-0.828125000,0.218750000,1.45583441126,0.691521345351
-0.812500000,0.218750000,1.15284015020,0.547599071344
-0.796875000,0.218750000,0.884027475338,0.419913050785
-0.781250000,0.218750000,0.646717887086,0.307190996366
-0.765625000,0.218750000,0.438368876877,0.208225216517
-0.750000000,0.218750000,0.256576372908,0.121873777132
-0.734375000,0.218750000,0.0990750706776,0.0470606585719
-0.718750000,0.218750000,-0.0362629109771,-0.0172248827141
-0.703125000,0.218750000,-0.151430683036,-0.0719295744420
-0.687500000,0.218750000,-0.248290248406,-0.117937867993
-0.671875000,0.218750000,-0.328576924089,-0.156074038942
-0.656250000,0.218750000,-0.393904318599,-0.187104551335
-0.640625000,0.218750000,-0.445769698576,-0.211740606824
-0.625000000,0.218750000,-0.485559605718,-0.230640812716
-0.609375000,0.218750000,-0.514555613415,-0.244413916372
-0.593750000,0.218750000,-0.533940133041,-0.253621563194
-0.578125000,0.218750000,-0.544802195403,-0.258781042816
-0.562500000,0.218750000,-0.548143152237,-0.260367997313
-0.546875000,0.218750000,-0.544882249431,-0.258819068480
-0.531250000,0.218750000,-0.535862038827,-0.254534468443
-0.515625000,0.218750000,-0.521853600618,-0.247880460294
-0.500000000,0.218750000,-0.503561557271,-0.239191739704
-0.484375000,0.218750000,-0.481628864707,-0.228773710736
-0.468750000,0.218750000,-0.456641372055,-0.216904651726
-0.453125000,0.218750000,-0.429132145284,-0.203837769010
-0.437500000,0.218750000,-0.399585552567,-0.189803137469
-0.421875000,0.218750000,-0.368441112064,-0.175009528231
-0.406250000,0.218750000,-0.336097106099,-0.159646125397
-0.390625000,0.218750000,-0.302913965768,-0.143884133740
-0.375000000,0.218750000,-0.269217432519,-0.127878280446
-0.359375000,0.218750000,-0.235301502980,-0.111768213916
-0.343750000,0.218750000,-0.201431166815,-0.0956798042369
-0.328125000,0.218750000,-0.167844943856,-0.0797263483314
-0.312500000,0.218750000,-0.134757230831,-0.0640096846447
-0.296875000,0.218750000,-0.102360466712,-0.0486212216883
-0.281250000,0.218750000,-0.0708271250055,-0.0336428843776
-0.265625000,0.218750000,-0.0403115431122,-0.0191479829783
-0.250000000,0.218750000,-0.0109515972806,-0.00520200870828
-0.234375000,0.218750000,0.0171297682788,0.00813663993242
-0.218750000,0.218750000,0.0438231483515,0.0208159954669
-0.203125000,0.218750000,0.0690314130572,0.0327899212022
-0.187500000,0.218750000,0.0926685640959,0.0440175679455
-0.171875000,0.218750000,0.114658704340,0.0544628845614
-0.156250000,0.218750000,0.134935113443,0.0640941788853
-0.140625000,0.218750000,0.153439422456,0.0728837256664
-0.125000000,0.218750000,0.170120881309,0.0808074186220
-0.109375000,0.218750000,0.184935713901,0.0878444641031
-0.093750000,0.218750000,0.197846555305,0.0939771137696
-0.078125000,0.218750000,0.208821965948,0.0991904338252
-0.062500000,0.218750000,0.217836019345,0.103472109189
-0.046875000,0.218750000,0.224867959412,0.106812280720
-0.031250000,0.218750000,0.229901923951,0.109203413877
-0.015625000,0.218750000,0.232926732940,0.110640198146
0.000000000,0.218750000,0.233935738056,0.111119475577
0.015625000,0.218750000,0.232926732940,0.110640198146
0.031250000,0.218750000,0.229901923951,0.109203413877
0.046875000,0.218750000,0.224867959412,0.106812280720
0.062500000,0.218750000,0.217836019345,0.103472109189
0.078125000,0.218750000,0.208821965948,0.0991904338252
0.093750000,0.218750000,0.197846555305,0.0939771137696
0.109375000,0.218750000,0.184935713901,0.0878444641031
0.125000000,0.218750000,0.170120881309,0.0808074186220
0.140625000,0.218750000,0.153439422456,0.0728837256664
0.156250000,0.218750000,0.134935113443,0.0640941788853
0.171875000,0.218750000,0.114658704340,0.0544628845614
0.187500000,0.218750000,0.0926685640959,0.0440175679455
0.203125000,0.218750000,0.0690314130572,0.0327899212022
0.218750000,0.218750000,0.0438231483515,0.0208159954669
0.234375000,0.218750000,0.0171297682788,0.00813663993242
0.250000000,0.218750000,-0.0109515972806,-0.00520200870828
0.265625000,0.218750000,-0.0403115431122,-0.0191479829783
0.281250000,0.218750000,-0.0708271250055,-0.0336428843776
0.296875000,0.218750000,-0.102360466712,-0.0486212216883
0.312500000,0.218750000,-0.134757230831,-0.0640096846447
0.328125000,0.218750000,-0.167844943856,-0.0797263483314
0.343750000,0.218750000,-0.201431166815,-0.0956798042369
0.359375000,0.218750000,-0.235301502980,-0.111768213916
0.375000000,0.218750000,-0.269217432519,-0.127878280446
0.390625000,0.218750000,-0.302913965768,-0.143884133740
0.406250000,0.218750000,-0.336097106099,-0.159646125397
0.421875000,0.218750000,-0.368441112064,-0.175009528231
0.437500000,0.218750000,-0.399585552567,-0.189803137469
0.453125000,0.218750000,-0.429132145284,-0.203837769010
0.468750000,0.218750000,-0.456641372055,-0.216904651726
0.484375000,0.218750000,-0.481628864707,-0.228773710736
0.500000000,0.218750000,-0.503561557271,-0.239191739704
0.515625000,0.218750000,-0.521853600618,-0.247880460294
0.531250000,0.218750000,-0.535862038827,-0.254534468443
0.546875000,0.218750000,-0.544882249431,-0.258819068480
0.562500000,0.218750000,-0.548143152237,-0.260367997313
0.578125000,0.218750000,-0.544802195403,-0.258781042816
0.593750000,0.218750000,-0.533940133041,-0.253621563194
0.609375000,0.218750000,-0.514555613415,-0.244413916372
0.625000000,0.218750000,-0.485559605718,-0.230640812716
0.640625000,0.218750000,-0.445769698576,-0.211740606824
0.656250000,0.218750000,-0.393904318599,-0.187104551335
0.671875000,0.218750000,-0.328576924089,-0.156074038942
0.687500000,0.218750000,-0.248290248406,-0.117937867993
0.703125000,0.218750000,-0.151430683036,-0.0719295744420
0.718750000,0.218750000,-0.0362629109771,-0.0172248827141
0.734375000,0.218750000,0.0990750706776,0.0470606585719
0.750000000,0.218750000,0.256576372908,0.121873777132
0.765625000,0.218750000,0.438368876877,0.208225216517
0.781250000,0.218750000,0.646717887086,0.307190996366
0.796875000,0.218750000,0.884027475338,0.419913050785
0.812500000,0.218750000,1.15284015020,0.547599071344
0.828125000,0.218750000,1.45583441126,0.691521345351
0.843750000,0.218750000,1.79581965434,0.853014335810
0.859375000,0.218750000,2.17572778331,1.03347069707
0.875000000,0.218750000,2.59860074767,1.23433535514
0.890625000,0.218750000,3.06773784557,1.45717547665
0.906250000,0.218750000,3.58603031877,1.70336440142
0.921875000,0.218750000,4.15686858122,1.97451257608
0.937500000,0.218750000,,
0.953125000,0.218750000,,
0.968750000,0.218750000,,
0.984375000,0.218750000,,
1.000000000,0.218750000,,
-1.000000000,0.234375000,,
-0.984375000,0.234375000,,
-0.968750000,0.234375000,,
-0.953125000,0.234375000,,
-0.937500000,0.234375000,,
-0.921875000,0.234375000,4.47296280149,2.12465733071
-0.906250000,0.234375000,3.88035837902,1.84317023004
-0.890625000,0.234375000,3.34125398116,1.58709564105
-0.875000000,0.234375000,2.85241631992,1.35489775196
-0.859375000,0.234375000,2.41049684867,1.14498600312
-0.843750000,0.234375000,2.01266183346,0.956014370893
-0.828125000,0.234375000,1.65569880176,0.786456930834
-0.812500000,0.234375000,1.33666267817,0.634914772131
-0.796875000,0.234375000,1.05272784176,0.500045724834
-0.781250000,0.234375000,0.801197100346,0.380568622664
-0.765625000,0.234375000,0.579507262208,0.275265949549
-0.750000000,0.234375000,0.385231969042,0.182985185295
-0.734375000,0.234375000,0.216082341821,0.102639112365
-0.718750000,0.234375000,0.0699058925437,0.0332052989582
-0.703125000,0.234375000,-0.0553159197972,-0.0262750619037
-0.687500000,0.234375000,-0.161471180829,-0.0766988108940
-0.671875000,0.234375000,-0.250321803006,-0.118902856428
-0.656250000,0.234375000,-0.323508388564,-0.153666484568
-0.640625000,0.234375000,-0.382555499382,-0.181713862206
-0.625000000,0.234375000,-0.428877193772,-0.203716667042
-0.609375000,0.234375000,-0.463782714426,-0.220296789352
-0.593750000,0.234375000,-0.488482234730,-0.232029061497
-0.578125000,0.234375000,-0.504092587666,-0.239443979141
-0.562500000,0.234375000,-0.511642919446,-0.243030386737
-0.546875000,0.234375000,-0.512080218812,-0.243238103936
-0.531250000,0.234375000,-0.506274687147,-0.240480476395
-0.515625000,0.234375000,-0.495024920700,-0.235136837333
-0.500000000,0.234375000,-0.479062885464,-0.227554870595
-0.484375000,0.234375000,-0.459058669883,-0.218052868194
-0.468750000,0.234375000,-0.435625005498,-0.206921877611
-0.453125000,0.234375000,-0.409321552037,-0.194427737217
-0.437500000,0.234375000,-0.380658942926,-0.180812997890
-0.421875000,0.234375000,-0.350102593577,-0.166298731949
-0.406250000,0.234375000,-0.318076275342,-0.151086230787
-0.390625000,0.234375000,-0.284965458479,-0.135358592778
-0.375000000,0.234375000,-0.251120432883,-0.119282205620
-0.359375000,0.234375000,-0.216859211452,-0.103008125440
-0.343750000,0.234375000,-0.182470225422,-0.0866733570755
-0.328125000,0.234375000,-0.148214819651,-0.0704020393340
-0.312500000,0.234375000,-0.114329557929,-0.0543065400164
-0.296875000,0.234375000,-0.0810283460305,-0.0384884643645
-0.281250000,0.234375000,-0.0485043831709,-0.0230395820062
-0.265625000,0.234375000,-0.0169319506544,-0.00804267656085
-0.250000000,0.234375000,0.0135319533398,0.00642767783641
-0.234375000,0.234375000,0.0427461227942,0.0203044083272
-0.218750000,0.234375000,0.0705837892284,0.0335272998835
-0.203125000,0.234375000,0.0969313939673,0.0460424121345
-0.187500000,0.234375000,0.121687479550,0.0578015527863
-0.171875000,0.234375000,0.144761692526,0.0687618039499
-0.156250000,0.234375000,0.166073890207,0.0788850978484
-0.140625000,0.234375000,0.185553345046,0.0881378388969
-0.125000000,0.234375000,0.203138039611,0.0964905688154
-0.109375000,0.234375000,0.218774046648,0.103917672158
-0.093750000,0.234375000,0.232414988912,0.110397119733
-0.078125000,0.234375000,0.244021574220,0.115910247755
-0.062500000,0.234375000,0.253561200886,0.120441570421
-0.046875000,0.234375000,0.261007629848,0.123978624178
-0.031250000,0.234375000,0.266340721891,0.126511842898
-0.015625000,0.234375000,0.269546234313,0.128034461299
0.000000000,0.234375000,0.270615678508,0.128542447291
0.015625000,0.234375000,0.269546234313,0.128034461299
0.031250000,0.234375000,0.266340721891,0.126511842898
0.046875000,0.234375000,0.261007629848,0.123978624178
0.062500000,0.234375000,0.253561200886,0.120441570421
0.078125000,0.234375000,0.244021574220,0.115910247755
0.093750000,0.234375000,0.232414988912,0.110397119733
0.109375000,0.234375000,0.218774046648,0.103917672158
0.125000000,0.234375000,0.203138039611,0.0964905688154
0.140625000,0.234375000,0.185553345046,0.0881378388969
0.156250000,0.234375000,0.166073890207,0.0788850978484
0.171875000,0.234375000,0.144761692526,0.0687618039499
0.187500000,0.234375000,0.121687479550,0.0578015527863
0.203125000,0.234375000,0.0969313939673,0.0460424121345
0.218750000,0.234375000,0.0705837892284,0.0335272998835
0.234375000,0.234375000,0.0427461227942,0.0203044083272
0.250000000,0.234375000,0.0135319533398,0.00642767783641
0.265625000,0.234375000,-0.0169319506544,-0.00804267656085
0.281250000,0.234375000,-0.0485043831709,-0.0230395820062
0.296875000,0.234375000,-0.0810283460305,-0.0384884643645
0.312500000,0.234375000,-0.114329557929,-0.0543065400164
0.328125000,0.234375000,-0.148214819651,-0.0704020393340
0.343750000,0.234375000,-0.182470225422,-0.0866733570755
0.359375000,0.234375000,-0.216859211452,-0.103008125440
0.375000000,0.234375000,-0.251120432883,-0.119282205620
0.390625000,0.234375000,-0.284965458479,-0.135358592778
0.406250000,0.234375000,-0.318076275342,-0.151086230787
0.421875000,0.234375000,-0.350102593577,-0.166298731949
0.437500000,0.234375000,-0.380658942926,-0.180812997890
0.453125000,0.234375000,-0.409321552037,-0.194427737217
0.468750000,0.234375000,-0.435625005498,-0.206921877611
0.484375000,0.234375000,-0.459058669883,-0.218052868194
0.500000000,0.234375000,-0.479062885464,-0.227554870595
0.515625000,0.234375000,-0.495024920700,-0.235136837333
0.531250000,0.234375000,-0.506274687147,-0.240480476395
0.546875000,0.234375000,-0.512080218812,-0.243238103936
0.562500000,0.234375000,-0.511642919446,-0.243030386737
0.578125000,0.234375000,-0.504092587666,-0.239443979141
0.593750000,0.234375000,-0.488482234730,-0.232029061497
0.609375000,0.234375000,-0.463782714426,-0.220296789352
0.625000000,0.234375000,-0.428877193772,-0.203716667042
0.640625000,0.234375000,-0.382555499382,-0.181713862206
0.656250000,0.234375000,-0.323508388564,-0.153666484568
0.671875000,0.234375000,-0.250321803006,-0.118902856428
0.687500000,0.234375000,-0.161471180829,-0.0766988108940
0.703125000,0.234375000,-0.0553159197972,-0.0262750619037
0.718750000,0.234375000,0.0699058925437,0.0332052989582
0.734375000,0.234375000,0.216082341821,0.102639112365
0.750000000,0.234375000,0.385231969042,0.182985185295
0.765625000,0.234375000,0.579507262208,0.275265949549
0.781250000,0.234375000,0.801197100346,0.380568622664
0.796875000,0.234375000,1.05272784176,0.500045724834
0.812500000,0.234375000,1.33666267817,0.634914772131
0.828125000,0.234375000,1.65569880176,0.786456930834
0.843750000,0.234375000,2.01266183346,0.956014370893
0.859375000,0.234375000,2.41049684867,1.14498600312
0.875000000,0.234375000,2.85241631992,1.35489775196
0.890625000,0.234375000,3.34125398116,1.58709564105
0.906250000,0.234375000,3.88035837902,1.84317023004
0.921875000,0.234375000,4.47296280149,2.12465733071
0.937500000,0.234375000,,
0.953125000,0.234375000,,
0.968750000,0.234375000,,
0.984375000,0.234375000,,
1.000000000,0.234375000,,
-1.000000000,0.250000000,,
-0.984375000,0.250000000,,
-0.968750000,0.250000000,,
-0.953125000,0.250000000,,
-0.937500000,0.250000000,,
-0.921875000,0.250000000,,
-0.906250000,0.250000000,4.19210370141,1.99124925817
-0.890625000,0.250000000,3.63101044421,1.72472996100
-0.875000000,0.250000000,3.12118507565,1.48256291093
-0.859375000,0.250000000,2.65927159921,1.26315400962
-0.843750000,0.250000000,2.24245972627,1.06516836998
-0.828125000,0.250000000,1.86751647725,0.887070326695
-0.812500000,0.250000000,1.53148505347,0.727455400399
-0.796875000,0.250000000,1.23152451301,0.584974143681
-0.781250000,0.250000000,0.964919415975,0.458336722588
-0.765625000,0.250000000,0.729085943286,0.346315823061
-0.750000000,0.250000000,0.521575177580,0.247748209351
-0.734375000,0.250000000,0.340074114872,0.161535204564
-0.718750000,0.250000000,0.182404876237,0.0866423162125
-0.703125000,0.250000000,0.0465225091532,0.0220981918478
-0.687500000,0.250000000,-0.0694883023971,-0.0330069436386
-0.671875000,0.250000000,-0.167417352971,-0.0795232426615
-0.656250000,0.250000000,-0.248933640065,-0.118243479031
-0.640625000,0.250000000,-0.315590518611,-0.149905496340
-0.625000000,0.250000000,-0.368831139455,-0.175194791241
-0.609375000,0.250000000,-0.409994053903,-0.194747175604
-0.593750000,0.250000000,-0.440318886778,-0.209151471220
-0.578125000,0.250000000,-0.460952001952,-0.218952200927
-0.562500000,0.250000000,-0.472952096898,-0.224652246026
-0.546875000,0.250000000,-0.477295680241,-0.226715448115
-0.531250000,0.250000000,-0.474882391255,-0.225569135846
-0.515625000,0.250000000,-0.466540135888,-0.221606564547
-0.500000000,0.250000000,-0.453030015448,-0.215189257338
-0.484375000,0.250000000,-0.435051035152,-0.206649241697
-0.468750000,0.250000000,-0.413244580982,-0.196291175967
-0.453125000,0.250000000,-0.388198660618,-0.184394363793
-0.437500000,0.250000000,-0.360451905687,-0.171214655201
-0.421875000,0.250000000,-0.330497335526,-0.156986234375
-0.406250000,0.250000000,-0.298785887346,-0.141923296490
-0.390625000,0.250000000,-0.265729714936,-0.126221614595
-0.375000000,0.250000000,-0.231705264331,-0.110060000557
-0.359375000,0.250000000,-0.197056132390,-0.0936016628852
-0.343750000,0.250000000,-0.162095717572,-0.0769954658469
-0.328125000,0.250000000,-0.127109670562,-0.0603770935168
-0.312500000,0.250000000,-0.0923581546257,-0.0438701234472
-0.296875000,0.250000000,-0.0580779247684,-0.0275870142650
-0.281250000,0.250000000,-0.0244842358039,-0.0116300120069
-0.265625000,0.250000000,0.00822741220790,0.00390802079875
-0.250000000,0.250000000,0.0398796807646,0.0189428483632
-0.234375000,0.250000000,0.0703119429421,0.0333981728975
-0.218750000,0.250000000,0.0993789684832,0.0472050100295
-0.203125000,0.250000000,0.126949733928,0.0603011236156
-0.187500000,0.250000000,0.152906350691,0.0726305165782
-0.171875000,0.250000000,0.177143102787,0.0841429738238
-0.156250000,0.250000000,0.199565586438,0.0947936535581
-0.140625000,0.250000000,0.220089944857,0.104542723807
-0.125000000,0.250000000,0.238642192324,0.113355041354
-0.109375000,0.250000000,0.255157620149,0.121199869571
-0.093750000,0.250000000,0.269580280715,0.128050633340
-0.078125000,0.250000000,0.281862543462,0.133884708144
-0.062500000,0.250000000,0.291964719098,0.138683241572
-0.046875000,0.250000000,0.299854747877,0.142431005242
-0.031250000,0.250000000,0.305507949299,0.145116275917
-0.015625000,0.250000000,0.308906829821,0.146730744165
0.000000000,0.250000000,0.310040947304,0.147269449969
0.015625000,0.250000000,0.308906829821,0.146730744165
0.031250000,0.250000000,0.305507949299,0.145116275917
0.046875000,0.250000000,0.299854747877,0.142431005242
0.062500000,0.250000000,0.291964719098,0.138683241572
0.078125000,0.250000000,0.281862543462,0.133884708144
0.093750000,0.250000000,0.269580280715,0.128050633340
0.109375000,0.250000000,0.255157620149,0.121199869571
0.125000000,0.250000000,0.238642192324,0.113355041354
0.140625000,0.250000000,0.220089944857,0.104542723807
0.156250000,0.250000000,0.199565586438,0.0947936535581
0.171875000,0.250000000,0.177143102787,0.0841429738238
0.187500000,0.250000000,0.152906350691,0.0726305165782
0.203125000,0.250000000,0.126949733928,0.0603011236156
0.218750000,0.250000000,0.0993789684832,0.0472050100295
0.234375000,0.250000000,0.0703119429421,0.0333981728975
0.250000000,0.250000000,0.0398796807646,0.0189428483632
0.265625000,0.250000000,0.00822741220790,0.00390802079875
0.281250000,0.250000000,-0.0244842358039,-0.0116300120069
0.296875000,0.250000000,-0.0580779247684,-0.0275870142650
0.312500000,0.250000000,-0.0923581546257,-0.0438701234472
0.328125000,0.250000000,-0.127109670562,-0.0603770935168
0.343750000,0.250000000,-0.162095717572,-0.0769954658469
0.359375000,0.250000000,-0.197056132390,-0.0936016628852
0.375000000,0.250000000,-0.231705264331,-0.110060000557
0.390625000,0.250000000,-0.265729714936,-0.126221614595
0.406250000,0.250000000,-0.298785887346,-0.141923296490
0.421875000,0.250000000,-0.330497335526,-0.156986234375
0.437500000,0.250000000,-0.360451905687,-0.171214655201
0.453125000,0.250000000,-0.388198660618,-0.184394363793
0.468750000,0.250000000,-0.413244580982,-0.196291175967
0.484375000,0.250000000,-0.435051035152,-0.206649241697
0.500000000,0.250000000,-0.453030015448,-0.215189257338
0.515625000,0.250000000,-0.466540135888,-0.221606564547
0.531250000,0.250000000,-0.474882391255,-0.225569135846
0.546875000,0.250000000,-0.477295680241,-0.226715448115
0.562500000,0.250000000,-0.472952096898,-0.224652246026
0.578125000,0.250000000,-0.460952001952,-0.218952200927
0.593750000,0.250000000,-0.440318886778,-0.209151471220
0.609375000,0.250000000,-0.409994053903,-0.194747175604
0.625000000,0.250000000,-0.368831139455,-0.175194791241
0.640625000,0.250000000,-0.315590518611,-0.149905496340
0.656250000,0.250000000,-0.248933640065,-0.118243479031
0.671875000,0.250000000,-0.167417352971,-0.0795232426615
0.687500000,0.250000000,-0.0694883023971,-0.0330069436386
0.703125000,0.250000000,0.0465225091532,0.0220981918478
0.718750000,0.250000000,0.182404876237,0.0866423162125
0.734375000,0.250000000,0.340074114872,0.161535204564
0.750000000,0.250000000,0.521575177580,0.247748209351
0.765625000,0.250000000,0.729085943286,0.346315823061
0.781250000,0.250000000,0.964919415975,0.458336722588
0.796875000,0.250000000,1.23152451301,0.584974143681
0.812500000,0.250000000,1.53148505347,0.727455400399
0.828125000,0.250000000,1.86751647725,0.887070326695
0.843750000,0.250000000,2.24245972627,1.06516836998
0.859375000,0.250000000,2.65927159921,1.26315400962
0.875000000,0.250000000,3.12118507565,1.48256291093
0.890625000,0.250000000,3.63101044421,1.72472996100
0.906250000,0.250000000,4.19210370141,1.99124925817
0.921875000,0.250000000,,
0.937500000,0.250000000,,
0.953125000,0.250000000,,
0.968750000,0.250000000,,
0.984375000,0.250000000,,
1.000000000,0.250000000,,
-1.000000000,0.265625000,,
-0.984375000,0.265625000,,
-0.968750000,0.265625000,,
-0.953125000,0.265625000,,
-0.937500000,0.265625000,,
-0.921875000,0.265625000,,
-0.906250000,0.265625000,4.52219503688,2.14804264252
-0.890625000,0.265625000,3.93790127254,1.87050310446
-0.875000000,0.265625000,3.40591408212,1.61780918901
-0.859375000,0.265625000,2.92304461555,1.38844619238
-0.843750000,0.265625000,2.48599708795,1.18084861677
-0.828125000,0.265625000,2.09203376718,0.993716039410
-0.812500000,0.265625000,1.73801632593,0.825557754816
-0.796875000,0.265625000,1.42108962903,0.675017573789
-0.781250000,0.265625000,1.13852061688,0.540797293020
-0.765625000,0.265625000,0.887705049112,0.421659898328
-0.750000000,0.265625000,0.666171298071,0.316431366584
-0.734375000,0.265625000,0.471581781828,0.224001346368
-0.718750000,0.265625000,0.301732522441,0.143322948159
-0.703125000,0.265625000,0.154551232541,0.0734118354568
-0.687500000,0.265625000,0.0280942619958,0.0133447744480
-0.671875000,0.265625000,-0.0794573213947,-0.0377422276625
-0.656250000,0.265625000,-0.169802292869,-0.0806560891129
-0.640625000,0.265625000,-0.244524287515,-0.116149036570
-0.625000000,0.265625000,-0.305097122407,-0.144921133143
-0.609375000,0.265625000,-0.352890301014,-0.167622892982
-0.593750000,0.265625000,-0.389174599391,-0.184857934711
-0.578125000,0.265625000,-0.415127654904,-0.197185636079
-0.562500000,0.265625000,-0.431839492997,-0.205123759174
-0.546875000,0.265625000,-0.440317940639,-0.209151021804
-0.531250000,0.265625000,-0.441493889375,-0.209709597453
-0.515625000,0.265625000,-0.436226375274,-0.207207528255
-0.500000000,0.265625000,-0.425307456356,-0.202021041769
-0.484375000,0.265625000,-0.409466869764,-0.194496763138
-0.468750000,0.265625000,-0.389376459511,-0.184953818268
-0.453125000,0.265625000,-0.365654368599,-0.173685825085
-0.437500000,0.265625000,-0.338868992430,-0.160962771404
-0.421875000,0.265625000,-0.309542695256,-0.147032780247
-0.406250000,0.265625000,-0.278155290844,-0.132123763151
-0.390625000,0.265625000,-0.245147294217,-0.116444964753
-0.375000000,0.265625000,-0.210922948529,-0.100188400551
-0.359375000,0.265625000,-0.175853036106,-0.0835301921503
-0.343750000,0.265625000,-0.140277480744,-0.0666318033532
-0.328125000,0.265625000,-0.104507751318,-0.0496411818762
-0.312500000,0.265625000,-0.0688290744173,-0.0326938103482
-0.296875000,0.265625000,-0.0335024671618,-0.0159136719019
-0.281250000,0.265625000,0.00123340102040,0.000585865484688
-0.265625000,0.265625000,0.0351605077264,0.0167012411700
-0.250000000,0.265625000,0.0680799287776,0.0323379661693
-0.234375000,0.265625000,0.0998104312351,0.0474099548367
-0.218750000,0.265625000,0.130187199710,0.0618389198624
-0.203125000,0.265625000,0.159060686393,0.0755538260366
-0.187500000,0.265625000,0.186295577838,0.0884903994732
-0.171875000,0.265625000,0.211769868646,0.100590687607
-0.156250000,0.265625000,0.235374035626,0.111802666922
-0.140625000,0.265625000,0.257010304697,0.122079894731
-0.125000000,0.265625000,0.276592004891,0.131381202323
-0.109375000,0.265625000,0.294043001512,0.139670425718
-0.093750000,0.265625000,0.309297205399,0.146916172564
-0.078125000,0.265625000,0.322298150753,0.153091621608
-0.062500000,0.265625000,0.332998638941,0.158174353497
-0.046875000,0.265625000,0.341360443430,0.162146210629
-0.031250000,0.265625000,0.347354072913,0.164993184634
-0.015625000,0.265625000,0.350958590041,0.166705330270
0.000000000,0.265625000,0.352161483130,0.167276704487
0.015625000,0.265625000,0.350958590041,0.166705330270
0.031250000,0.265625000,0.347354072913,0.164993184634
0.046875000,0.265625000,0.341360443430,0.162146210629
0.062500000,0.265625000,0.332998638941,0.158174353497
0.078125000,0.265625000,0.322298150753,0.153091621608
0.093750000,0.265625000,0.309297205399,0.146916172564
0.109375000,0.265625000,0.294043001512,0.139670425718
0.125000000,0.265625000,0.276592004891,0.131381202323
0.140625000,0.265625000,0.257010304697,0.122079894731
0.156250000,0.265625000,0.235374035626,0.111802666922
0.171875000,0.265625000,0.211769868646,0.100590687607
0.187500000,0.265625000,0.186295577838,0.0884903994732
0.203125000,0.265625000,0.159060686393,0.0755538260366
0.218750000,0.265625000,0.130187199710,0.0618389198624
0.234375000,0.265625000,0.0998104312351,0.0474099548367
0.250000000,0.265625000,0.0680799287776,0.0323379661693
0.265625000,0.265625000,0.0351605077264,0.0167012411700
0.281250000,0.265625000,0.00123340102040,0.000585865484688
0.296875000,0.265625000,-0.0335024671618,-0.0159136719019
0.312500000,0.265625000,-0.0688290744173,-0.0326938103482
0.328125000,0.265625000,-0.104507751318,-0.0496411818762
0.343750000,0.265625000,-0.140277480744,-0.0666318033532
0.359375000,0.265625000,-0.175853036106,-0.0835301921503
0.375000000,0.265625000,-0.210922948529,-0.100188400551
0.390625000,0.265625000,-0.245147294217,-0.116444964753
0.406250000,0.265625000,-0.278155290844,-0.132123763151
0.421875000,0.265625000,-0.309542695256,-0.147032780247
0.437500000,0.265625000,-0.338868992430,-0.160962771404
0.453125000,0.265625000,-0.365654368599,-0.173685825085
0.468750000,0.265625000,-0.389376459511,-0.184953818268
0.484375000,0.265625000,-0.409466869764,-0.194496763138
0.500000000,0.265625000,-0.425307456356,-0.202021041769
0.515625000,0.265625000,-0.436226375274,-0.207207528255
0.531250000,0.265625000,-0.441493889375,-0.209709597453
0.546875000,0.265625000,-0.440317940639,-0.209151021804
0.562500000,0.265625000,-0.431839492997,-0.205123759174
0.578125000,0.265625000,-0.415127654904,-0.197185636079
0.593750000,0.265625000,-0.389174599391,-0.184857934711
0.609375000,0.265625000,-0.352890301014,-0.167622892982
0.625000000,0.265625000,-0.305097122407,-0.144921133143
0.640625000,0.265625000,-0.244524287515,-0.116149036570
0.656250000,0.265625000,-0.169802292869,-0.0806560891129
0.671875000,0.265625000,-0.0794573213947,-0.0377422276625
0.687500000,0.265625000,0.0280942619958,0.0133447744480
0.703125000,0.265625000,0.154551232541,0.0734118354568
0.718750000,0.265625000,0.301732522441,0.143322948159
0.734375000,0.265625000,0.471581781828,0.224001346368
0.750000000,0.265625000,0.666171298071,0.316431366584
0.765625000,0.265625000,0.887705049112,0.421659898328
0.781250000,0.265625000,1.13852061688,0.540797293020
0.796875000,0.265625000,1.42108962903,0.675017573789
0.812500000,0.265625000,1.73801632593,0.825557754816
0.828125000,0.265625000,2.09203376718,0.993716039410
0.843750000,0.265625000,2.48599708795,1.18084861677
0.859375000,0.265625000,2.92304461555,1.38844619238
0.875000000,0.265625000,3.40591408212,1.61780918901
0.890625000,0.265625000,3.93790127254,1.87050310446
0.906250000,0.265625000,4.52219503688,2.14804264252
0.921875000,0.265625000,,
0.937500000,0.265625000,,
0.953125000,0.265625000,,
0.968750000,0.265625000,,
0.984375000,0.265625000,,
1.000000000,0.265625000,,
-1.000000000,0.281250000,,
-0.984375000,0.281250000,,
-0.968750000,0.281250000,,
-0.953125000,0.281250000,,
-0.937500000,0.281250000,,
-0.921875000,0.281250000,,
-0.906250000,0.281250000,4.87162721200,2.31402292570
-0.890625000,0.281250000,4.26288681086,2.02487123516
-0.875000000,0.281250000,3.70752743054,1.76107552951
-0.859375000,0.281250000,3.20237397375,1.52112763753
-0.843750000,0.281250000,2.74429156000,1.30353849100
-0.828125000,0.281250000,2.33006022418,1.10677860649
-0.812500000,0.281250000,1.95702728035,0.929587958166
-0.796875000,0.281250000,1.62215537431,0.770523802799
-0.781250000,0.281250000,1.32269467169,0.628279969053
-0.765625000,0.281250000,1.05602089514,0.501609925192
-0.750000000,0.281250000,0.819639702121,0.389328858508
-0.734375000,0.281250000,0.611188598268,0.290314584177
-0.718750000,0.281250000,0.428436893748,0.203507524530
-0.703125000,0.281250000,0.269284118814,0.127909956436
-0.687500000,0.281250000,0.131757243335,0.0625846905843
-0.671875000,0.281250000,0.0140069852403,0.00665331798915
-0.656250000,0.281250000,-0.0856965595581,-0.0407058657901
-0.640625000,0.281250000,-0.168968773188,-0.0802601672642
-0.625000000,0.281250000,-0.237315701061,-0.112724958004
-0.609375000,0.281250000,-0.292139438944,-0.138766233498
-0.593750000,0.281250000,-0.334743616669,-0.159003217918
-0.578125000,0.281250000,-0.366338897438,-0.174010976283
-0.562500000,0.281250000,-0.388048423205,-0.184323001023
-0.546875000,0.281250000,-0.400913156521,-0.190433749348
-0.531250000,0.281250000,-0.405897075067,-0.192801110657
-0.515625000,0.281250000,-0.403892189709,-0.191848790112
-0.500000000,0.281250000,-0.395723361580,-0.187968596751
-0.484375000,0.281250000,-0.382152902656,-0.181522628761
-0.468750000,0.281250000,-0.363884947861,-0.172845350234
-0.453125000,0.281250000,-0.341569592684,-0.162245556525
-0.437500000,0.281250000,-0.315806793435,-0.150008226882
-0.421875000,0.281250000,-0.287150030596,-0.136396264533
-0.406250000,0.281250000,-0.256109737913,-0.121652125509
-0.390625000,0.281250000,-0.223156501015,-0.105999337982
-0.375000000,0.281250000,-0.188724033413,-0.0896439158711
-0.359375000,0.281250000,-0.153211935328,-0.0727756692808
-0.343750000,0.281250000,-0.116988245837,-0.0555694167726
-0.328125000,0.281250000,-0.0803917946971,-0.0381861024811
-0.312500000,0.281250000,-0.0437343660054,-0.0207738238526
-0.296875000,0.281250000,-0.00730268109526,-0.00346877352025
-0.281250000,0.281250000,0.0286397883478,0.0136038994652
-0.265625000,0.281250000,0.0638511667917,0.0303293042261
-0.250000000,0.281250000,0.0981096726768,0.0466020945215
-0.234375000,0.281250000,0.131212256251,0.0623258217192
-0.218750000,0.281250000,0.162973369271,0.0774123504036
-0.203125000,0.281250000,0.193223857760,0.0917813324360
-0.187500000,0.281250000,0.221809967770,0.105359734691
-0.171875000,0.281250000,0.248592457501,0.118081417313
-0.156250000,0.281250000,0.273445807424,0.129886758526
-0.140625000,0.281250000,0.296257520809,0.140722322384
-0.125000000,0.281250000,0.316927508631,0.150540566600
-0.109375000,0.281250000,0.335367551571,0.159299586996
-0.093750000,0.281250000,0.351500835095,0.166962896670
-0.078125000,0.281250000,0.365261550337,0.173499236410
-0.062500000,0.281250000,0.376594558263,0.178882415175
-0.046875000,0.281250000,0.385455111894,0.183091178149
-0.031250000,0.281250000,0.391808633417,0.186109100873
-0.015625000,0.281250000,0.395630544491,0.187924508633
0.000000000,0.281250000,0.396906145483,0.188530419105
0.015625000,0.281250000,0.395630544491,0.187924508633
0.031250000,0.281250000,0.391808633417,0.186109100873
0.046875000,0.281250000,0.385455111894,0.183091178149
0.062500000,0.281250000,0.376594558263,0.178882415175
0.078125000,0.281250000,0.365261550337,0.173499236410
0.093750000,0.281250000,0.351500835095,0.166962896670
0.109375000,0.281250000,0.335367551571,0.159299586996
0.125000000,0.281250000,0.316927508631,0.150540566600
0.140625000,0.281250000,0.296257520809,0.140722322384
0.156250000,0.281250000,0.273445807424,0.129886758526
0.171875000,0.281250000,0.248592457501,0.118081417313
0.187500000,0.281250000,0.221809967770,0.105359734691
0.203125000,0.281250000,0.193223857760,0.0917813324360
0.218750000,0.281250000,0.162973369271,0.0774123504036
0.234375000,0.281250000,0.131212256251,0.0623258217192
0.250000000,0.281250000,0.0981096726768,0.0466020945215
0.265625000,0.281250000,0.0638511667917,0.0303293042261
0.281250000,0.281250000,0.0286397883478,0.0136038994652
0.296875000,0.281250000,-0.00730268109526,-0.00346877352025
0.312500000,0.281250000,-0.0437343660054,-0.0207738238526
0.328125000,0.281250000,-0.0803917946971,-0.0381861024811
0.343750000,0.281250000,-0.116988245837,-0.0555694167726
0.359375000,0.281250000,-0.153211935328,-0.0727756692808
0.375000000,0.281250000,-0.188724033413,-0.0896439158711
0.390625000,0.281250000,-0.223156501015,-0.105999337982
0.406250000,0.281250000,-0.256109737913,-0.121652125509
0.421875000,0.281250000,-0.287150030596,-0.136396264533
0.437500000,0.281250000,-0.315806793435,-0.150008226882
0.453125000,0.281250000,-0.341569592684,-0.162245556525
0.468750000,0.281250000,-0.363884947861,-0.172845350234
0.484375000,0.281250000,-0.382152902656,-0.181522628761
0.500000000,0.281250000,-0.395723361580,-0.187968596751
0.515625000,0.281250000,-0.403892189709,-0.191848790112
0.531250000,0.281250000,-0.405897075067,-0.192801110657
0.546875000,0.281250000,-0.400913156521,-0.190433749348
0.562500000,0.281250000,-0.388048423205,-0.184323001023
0.578125000,0.281250000,-0.366338897438,-0.174010976283
0.593750000,0.281250000,-0.334743616669,-0.159003217918
0.609375000,0.281250000,-0.292139438944,-0.138766233498
0.625000000,0.281250000,-0.237315701061,-0.112724958004
0.640625000,0.281250000,-0.168968773188,-0.0802601672642
0.656250000,0.281250000,-0.0856965595581,-0.0407058657901
0.671875000,0.281250000,0.0140069852403,0.00665331798915
0.687500000,0.281250000,0.131757243335,0.0625846905843
0.703125000,0.281250000,0.269284118814,0.127909956436
0.718750000,0.281250000,0.428436893748,0.203507524530
0.734375000,0.281250000,0.611188598268,0.290314584177
0.750000000,0.281250000,0.819639702121,0.389328858508
0.765625000,0.281250000,1.05602089514,0.501609925192
0.781250000,0.281250000,1.32269467169,0.628279969053
0.796875000,0.281250000,1.62215537431,0.770523802799
0.812500000,0.281250000,1.95702728035,0.929587958166
0.828125000,0.281250000,2.33006022418,1.10677860649
0.843750000,0.281250000,2.74429156000,1.30353849100
0.859375000,0.281250000,3.20237397375,1.52112763753
0.875000000,0.281250000,3.70752743054,1.76107552951
0.890625000,0.281250000,4.26288681086,2.02487123516
0.906250000,0.281250000,4.87162721200,2.31402292570
0.921875000,0.281250000,,
0.937500000,0.281250000,,
0.953125000,0.281250000,,
0.968750000,0.281250000,,
0.984375000,0.281250000,,
1.000000000,0.281250000,,
-1.000000000,0.296875000,,
-0.984375000,0.296875000,,
-0.968750000,0.296875000,,
-0.953125000,0.296875000,,
-0.937500000,0.296875000,,
-0.921875000,0.296875000,,
-0.906250000,0.296875000,,
-0.890625000,0.296875000,4.60699599048,2.18832309548
-0.875000000,0.296875000,4.02701781044,1.91283345996
-0.859375000,0.296875000,3.49837259683,1.66172698349
-0.843750000,0.296875000,3.01793473246,1.43351899792
-0.828125000,0.296875000,2.58263956234,1.22675379211
-0.812500000,0.296875000,2.18935346218,1.03994289453
-0.796875000,0.296875000,1.83551703903,0.871870593537
-0.781250000,0.296875000,1.51819680344,0.721143481633
-0.765625000,0.296875000,1.23474903685,0.586505792505
-0.750000000,0.296875000,0.982656851067,0.466762004257
-0.734375000,0.296875000,0.759532648530,0.360778008052
-0.718750000,0.296875000,0.563118531480,0.267481302453
-0.703125000,0.296875000,0.391285093792,0.185860419551
-0.687500000,0.296875000,0.242028954328,0.114963753306
-0.671875000,0.296875000,0.113469326937,0.0538979302953
-0.656250000,0.296875000,0.00384387150089,0.00182583896292
-0.640625000,0.296875000,-0.0884959763921,-0.0420355887863
-0.625000000,0.296875000,-0.165090031409,-0.0784177649191
-0.609375000,0.296875000,-0.227374609068,-0.108002939307
-0.593750000,0.296875000,-0.276687890953,-0.131426748203
-0.578125000,0.296875000,-0.314275319053,-0.149280776550
-0.562500000,0.296875000,-0.341294948673,-0.162115100620
-0.546875000,0.296875000,-0.358822705748,-0.170440785230
-0.531250000,0.296875000,-0.367857504303,-0.174732314544
-0.515625000,0.296875000,-0.369326192965,-0.175429941658
-0.500000000,0.296875000,-0.364088304738,-0.172941944750
-0.484375000,0.296875000,-0.352940592910,-0.167646781632
-0.468750000,0.296875000,-0.336621341438,-0.159895137183
-0.453125000,0.296875000,-0.315814442663,-0.150011860265
-0.437500000,0.296875000,-0.291153238901,-0.138297788478
-0.421875000,0.296875000,-0.263224128311,-0.125031460948
-0.406250000,0.296875000,-0.232569936277,-0.110470719731
-0.390625000,0.296875000,-0.199693059020,-0.0948542030343
-0.375000000,0.296875000,-0.165058382977,-0.0784027319142
-0.359375000,0.296875000,-0.129095989528,-0.0613205950259
-0.343750000,0.296875000,-0.0922036517030,-0.0437967345589
-0.328125000,0.296875000,-0.0547491329648,-0.0260058381583
-0.312500000,0.296875000,-0.0170722975533,-0.00810934133783
-0.296875000,0.296875000,0.0205129590044,0.00974365552710
-0.281250000,0.296875000,0.0577169475781,0.0274155500996
-0.265625000,0.296875000,0.0942725820245,0.0447794764616
-0.250000000,0.296875000,0.129933926166,0.0617186149287
-0.234375000,0.296875000,0.164474878190,0.0781255671404
-0.218750000,0.296875000,0.197687986603,0.0939017936365
-0.203125000,0.296875000,0.229383386243,0.108957108465
-0.187500000,0.296875000,0.259387846401,0.123209227041
-0.171875000,0.296875000,0.287543922446,0.136583363162
-0.156250000,0.296875000,0.313709203302,0.149011871568
-0.140625000,0.296875000,0.337755647329,0.160433932481
-0.125000000,0.296875000,0.359568999345,0.170795274689
-0.109375000,0.296875000,0.379048283027,0.180047934438
-0.093750000,0.296875000,0.396105362161,0.188150047026
-0.078125000,0.296875000,0.410664566443,0.195065669061
-0.062500000,0.296875000,0.422662376262,0.200764628725
-0.046875000,0.296875000,0.432047162877,0.205222402367
-0.031250000,0.296875000,0.438778980804,0.208420015882
-0.015625000,0.296875000,0.442829409016,0.210343969283
0.000000000,0.296875000,0.444181439155,0.210986183598
0.015625000,0.296875000,0.442829409016,0.210343969283
0.031250000,0.296875000,0.438778980804,0.208420015882
0.046875000,0.296875000,0.432047162877,0.205222402367
0.062500000,0.296875000,0.422662376262,0.200764628725
0.078125000,0.296875000,0.410664566443,0.195065669061
0.093750000,0.296875000,0.396105362161,0.188150047026
0.109375000,0.296875000,0.379048283027,0.180047934438
0.125000000,0.296875000,0.359568999345,0.170795274689
0.140625000,0.296875000,0.337755647329,0.160433932481
0.156250000,0.296875000,0.313709203302,0.149011871568
0.171875000,0.296875000,0.287543922446,0.136583363162
0.187500000,0.296875000,0.259387846401,0.123209227041
0.203125000,0.296875000,0.229383386243,0.108957108465
0.218750000,0.296875000,0.197687986603,0.0939017936365
0.234375000,0.296875000,0.164474878190,0.0781255671404
0.250000000,0.296875000,0.129933926166,0.0617186149287
0.265625000,0.296875000,0.0942725820245,0.0447794764616
0.281250000,0.296875000,0.0577169475781,0.0274155500996
0.296875000,0.296875000,0.0205129590044,0.00974365552710
0.312500000,0.296875000,-0.0170722975533,-0.00810934133783
0.328125000,0.296875000,-0.0547491329648,-0.0260058381583
0.343750000,0.296875000,-0.0922036517030,-0.0437967345589
0.359375000,0.296875000,-0.129095989528,-0.0613205950259
0.375000000,0.296875000,-0.165058382977,-0.0784027319142
0.390625000,0.296875000,-0.199693059020,-0.0948542030343
0.406250000,0.296875000,-0.232569936277,-0.110470719731
0.421875000,0.296875000,-0.263224128311,-0.125031460948
0.437500000,0.296875000,-0.291153238901,-0.138297788478
0.453125000,0.296875000,-0.315814442663,-0.150011860265
0.468750000,0.296875000,-0.336621341438,-0.159895137183
0.484375000,0.296875000,-0.352940592910,-0.167646781632
0.500000000,0.296875000,-0.364088304738,-0.172941944750
0.515625000,0.296875000,-0.369326192965,-0.175429941658
0.531250000,0.296875000,-0.367857504303,-0.174732314544
0.546875000,0.296875000,-0.358822705748,-0.170440785230
0.562500000,0.296875000,-0.341294948673,-0.162115100620
0.578125000,0.296875000,-0.314275319053,-0.149280776550
0.593750000,0.296875000,-0.276687890953,-0.131426748203
0.609375000,0.296875000,-0.227374609068,-0.108002939307
0.625000000,0.296875000,-0.165090031409,-0.0784177649191
0.640625000,0.296875000,-0.0884959763921,-0.0420355887863
0.656250000,0.296875000,0.00384387150089,0.00182583896292
0.671875000,0.296875000,0.113469326937,0.0538979302953
0.687500000,0.296875000,0.242028954328,0.114963753306
0.703125000,0.296875000,0.391285093792,0.185860419551
0.718750000,0.296875000,0.563118531480,0.267481302453
0.734375000,0.296875000,0.759532648530,0.360778008052
0.750000000,0.296875000,0.982656851067,0.466762004257
0.765625000,0.296875000,1.23474903685,0.586505792505
0.781250000,0.296875000,1.51819680344,0.721143481633
0.796875000,0.296875000,1.83551703903,0.871870593537
0.812500000,0.296875000,2.18935346218,1.03994289453
0.828125000,0.296875000,2.58263956234,1.22675379211
0.843750000,0.296875000,3.01793473246,1.43351899792
0.859375000,0.296875000,3.49837259683,1.66172698349
0.875000000,0.296875000,4.02701781044,1.91283345996
0.890625000,0.296875000,4.60699599048,2.18832309548
0.906250000,0.296875000,,
0.921875000,0.296875000,,
0.937500000,0.296875000,,
0.953125000,0.296875000,,
0.968750000,0.296875000,,
0.984375000,0.296875000,,
1.000000000,0.296875000,,
-1.000000000,0.312500000,,
-0.984375000,0.312500000,,
-0.968750000,0.312500000,,
-0.953125000,0.312500000,,
-0.937500000,0.312500000,,
-0.921875000,0.312500000,,
-0.906250000,0.312500000,,
-0.890625000,0.312500000,4.97132836632,2.36138097400
-0.875000000,0.312500000,4.36544885523,2.07358820623
-0.859375000,0.312500000,3.81206599956,1.81073134979
-0.843750000,0.312500000,3.30806825022,1.57133241885
-0.828125000,0.312500000,2.85039580536,1.35393800754
-0.812500000,0.312500000,2.43606540494,1.15713106734
-0.796875000,0.312500000,2.06203611279,0.979467153576
-0.781250000,0.312500000,1.72584662037,0.819777144674
-0.765625000,0.312500000,1.42466740984,0.676717019676
-0.750000000,0.312500000,1.15595942292,0.549080725886
-0.734375000,0.312500000,0.917309938708,0.435722220886
-0.718750000,0.312500000,0.706433496247,0.335555910718
-0.703125000,0.312500000,0.521171114709,0.247556279487
-0.687500000,0.312500000,0.359488183722,0.170756887268
-0.671875000,0.312500000,0.219471333760,0.104248883536
-0.656250000,0.312500000,0.0993245394519,0.0471791562397
-0.640625000,0.312500000,-0.00263533639637,-0.00125178478828
-0.625000000,0.312500000,-0.0879833861307,-0.0417921084121
-0.609375000,0.312500000,-0.158191749916,-0.0751410812101
-0.593750000,0.312500000,-0.214634844795,-0.101951551278
-0.578125000,0.312500000,-0.258594638806,-0.122832453433
-0.562500000,0.312500000,-0.291265896733,-0.138351300948
-0.546875000,0.312500000,-0.313761341147,-0.149036637045
-0.531250000,0.312500000,-0.327116682522,-0.155380424198
-0.515625000,0.312500000,-0.332295484074,-0.157840354935
-0.500000000,0.312500000,-0.330193835782,-0.156842071996
-0.484375000,0.312500000,-0.321644818389,-0.152781288735
-0.468750000,0.312500000,-0.307422745259,-0.146025803998
-0.453125000,0.312500000,-0.288247173700,-0.136917407507
-0.437500000,0.312500000,-0.264786682118,-0.125773674006
-0.421875000,0.312500000,-0.237662412851,-0.112889646104
-0.406250000,0.312500000,-0.207451382964,-0.0985394069080
-0.390625000,0.312500000,-0.174689565955,-0.0829775438284
-0.375000000,0.312500000,-0.139874752336,-0.0664405073595
-0.359375000,0.312500000,-0.103469194913,-0.0491478675837
-0.343750000,0.312500000,-0.0659020479758,-0.0313034727885
-0.328125000,0.312500000,-0.0275716088204,-0.0130965141897
-0.312500000,0.312500000,0.0111526283118,0.00529749844811
-0.296875000,0.312500000,0.0499280966522,0.0237158459098
-0.281250000,0.312500000,0.0884374483510,0.0420077879667
-0.265625000,0.312500000,0.126387004301,0.0600338270431
-0.250000000,0.312500000,0.163505351388,0.0776650419092
-0.234375000,0.312500000,0.199542077316,0.0947824867253
-0.218750000,0.312500000,0.234266633872,0.111276651089
-0.203125000,0.312500000,0.267467319023,0.127046976536
-0.187500000,0.312500000,0.298950368544,0.142001425058
-0.171875000,0.312500000,0.328539149354,0.156056095943
-0.156250000,0.312500000,0.356073446217,0.169134886953
-0.140625000,0.312500000,0.381408833888,0.181169196097
-0.125000000,0.312500000,0.404416128268,0.192097660927
-0.109375000,0.312500000,0.424980909765,0.201865932138
-0.093750000,0.312500000,0.443003112715,0.210426478540
-0.078125000,0.312500000,0.458396676483,0.217738421330
-0.062500000,0.312500000,0.471089251620,0.223767394519
-0.046875000,0.312500000,0.481021959435,0.228485430732
-0.031250000,0.312500000,0.488149199333,0.231870869683
-0.015625000,0.312500000,0.492438502313,0.233908288599
0.000000000,0.312500000,0.493870427758,0.234588453185
0.015625000,0.312500000,0.492438502313,0.233908288599
0.031250000,0.312500000,0.488149199333,0.231870869683
0.046875000,0.312500000,0.481021959435,0.228485430732
0.062500000,0.312500000,0.471089251620,0.223767394519
0.078125000,0.312500000,0.458396676483,0.217738421330
0.093750000,0.312500000,0.443003112715,0.210426478540
0.109375000,0.312500000,0.424980909765,0.201865932138
0.125000000,0.312500000,0.404416128268,0.192097660927
0.140625000,0.312500000,0.381408833888,0.181169196097
0.156250000,0.312500000,0.356073446217,0.169134886953
0.171875000,0.312500000,0.328539149354,0.156056095943
0.187500000,0.312500000,0.298950368544,0.142001425058
0.203125000,0.312500000,0.267467319023,0.127046976536
0.218750000,0.312500000,0.234266633872,0.111276651089
0.234375000,0.312500000,0.199542077316,0.0947824867253
0.250000000,0.312500000,0.163505351388,0.0776650419092
0.265625000,0.312500000,0.126387004301,0.0600338270431
0.281250000,0.312500000,0.0884374483510,0.0420077879667
0.296875000,0.312500000,0.0499280966522,0.0237158459098
0.312500000,0.312500000,0.0111526283118,0.00529749844811
0.328125000,0.312500000,-0.0275716088204,-0.0130965141897
0.343750000,0.312500000,-0.0659020479758,-0.0313034727885
0.359375000,0.312500000,-0.103469194913,-0.0491478675837
0.375000000,0.312500000,-0.139874752336,-0.0664405073595
0.390625000,0.312500000,-0.174689565955,-0.0829775438284
0.406250000,0.312500000,-0.207451382964,-0.0985394069080
0.421875000,0.312500000,-0.237662412851,-0.112889646104
0.437500000,0.312500000,-0.264786682118,-0.125773674006
0.453125000,0.312500000,-0.288247173700,-0.136917407507
0.468750000,0.312500000,-0.307422745259,-0.146025803998
0.484375000,0.312500000,-0.321644818389,-0.152781288735
0.500000000,0.312500000,-0.330193835782,-0.156842071996
0.515625000,0.312500000,-0.332295484074,-0.157840354935
0.531250000,0.312500000,-0.327116682522,-0.155380424198
0.546875000,0.312500000,-0.313761341147,-0.149036637045
0.562500000,0.312500000,-0.291265896733,-0.138351300948
0.578125000,0.312500000,-0.258594638806,-0.122832453433
0.593750000,0.312500000,-0.214634844795,-0.101951551278
0.609375000,0.312500000,-0.158191749916,-0.0751410812101
0.625000000,0.312500000,-0.0879833861307,-0.0417921084121
0.640625000,0.312500000,-0.00263533639637,-0.00125178478828
0.656250000,0.312500000,0.0993245394519,0.0471791562397
0.671875000,0.312500000,0.219471333760,0.104248883536
0.687500000,0.312500000,0.359488183722,0.170756887268
0.703125000,0.312500000,0.521171114709,0.247556279487
0.718750000,0.312500000,0.706433496247,0.335555910718
0.734375000,0.312500000,0.917309938708,0.435722220886
0.750000000,0.312500000,1.15595942292,0.549080725886
0.765625000,0.312500000,1.42466740984,0.676717019676
0.781250000,0.312500000,1.72584662037,0.819777144674
0.796875000,0.312500000,2.06203611279,0.979467153576
0.812500000,0.312500000,2.43606540494,1.15713106734
0.828125000,0.312500000,2.85039580536,1.35393800754
0.843750000,0.312500000,3.30806825022,1.57133241885
0.859375000,0.312500000,3.81206599956,1.81073134979
0.875000000,0.312500000,4.36544885523,2.07358820623
0.890625000,0.312500000,4.97132836632,2.36138097400
0.906250000,0.312500000,,
0.921875000,0.312500000,,
0.937500000,0.312500000,,
0.953125000,0.312500000,,
0.968750000,0.312500000,,
0.984375000,0.312500000,,
1.000000000,0.312500000,,
-1.000000000,0.328125000,,
-0.984375000,0.328125000,,
-0.968750000,0.328125000,,
-0.953125000,0.328125000,,
-0.937500000,0.328125000,,
-0.921875000,0.328125000,,
-0.906250000,0.328125000,,
-0.890625000,0.328125000,,
-0.875000000,0.328125000,4.72395725056,2.24387969402
-0.859375000,0.328125000,4.14455286643,1.96866261155
-0.843750000,0.328125000,3.61575069205,1.71748157872
-0.828125000,0.328125000,3.13450007676,1.48888753646
-0.812500000,0.328125000,2.69781829093,1.28146368819
-0.796875000,0.328125000,2.30281046692,1.09383497179
-0.781250000,0.328125000,1.94653129552,0.924602365371
-0.765625000,0.328125000,1.62661954798,0.772644285289
-0.750000000,0.328125000,1.34034754161,0.636665082263
-0.734375000,0.328125000,1.08527761400,0.515506866649
-0.718750000,0.328125000,0.859096554156,0.408070863224
-0.703125000,0.328125000,0.659615306887,0.313317270772
-0.687500000,0.328125000,0.484767268883,0.230264452719
-0.671875000,0.328125000,0.332605500589,0.157987612780
-0.656250000,0.328125000,0.201299116968,0.0956170805598
-0.640625000,0.328125000,0.0891290764346,0.0423363113064
-0.625000000,0.328125000,-0.00551645345033,-0.00262031538891
-0.609375000,0.328125000,-0.0841470089455,-0.0399698292491
-0.593750000,0.328125000,-0.148174902424,-0.0703830786515
-0.578125000,0.328125000,-0.198920359174,-0.0944871706074
-0.562500000,0.328125000,-0.237616641495,-0.112867904710
-0.546875000,0.328125000,-0.265415100201,-0.126072172595
-0.531250000,0.328125000,-0.283390105099,-0.134610299922
-0.515625000,0.328125000,-0.292543818756,-0.138958313909
-0.500000000,0.328125000,-0.293810785092,-0.139560122919
-0.484375000,0.328125000,-0.288062313286,-0.136829598811
-0.468750000,0.328125000,-0.276110643807,-0.131152555808
-0.453125000,0.328125000,-0.258712886478,-0.122888621077
-0.437500000,0.328125000,-0.236574727380,-0.112372995506
-0.421875000,0.328125000,-0.210353903610,-0.0999181042148
-0.406250000,0.328125000,-0.180663446531,-0.0858151371021
-0.390625000,0.328125000,-0.148074699021,-0.0703354820348
-0.375000000,0.328125000,-0.113120111822,-0.0537320531155
-0.359375000,0.328125000,-0.0762958257374,-0.0362405172253
-0.343750000,0.328125000,-0.0380640492023,-0.0180804233711
-0.328125000,0.328125000,0.00114476091271,0.000543761433536
-0.312500000,0.328125000,0.0409299047103,0.0194417047374
-0.296875000,0.328125000,0.0809186219703,0.0384363454359
-0.281250000,0.328125000,0.120764440428,0.0573631092034
-0.265625000,0.328125000,0.160145680976,0.0760691984635
-0.250000000,0.328125000,0.198764108645,0.0944129516065
-0.234375000,0.328125000,0.236343719483,0.112263266755
-0.218750000,0.328125000,0.272629653628,0.129499085473
-0.203125000,0.328125000,0.307387225885,0.146008932296
-0.187500000,0.328125000,0.340401062303,0.161690504594
-0.171875000,0.328125000,0.371474337828,0.176450310468
-0.156250000,0.328125000,0.400428103034,0.190203348941
-0.140625000,0.328125000,0.427100694955,0.202872830104
-0.125000000,0.328125000,0.451347223398,0.214389931114
-0.109375000,0.328125000,0.473039126452,0.224693585065
-0.093750000,0.328125000,0.492063789597,0.233730300058
-0.078125000,0.328125000,0.508324222465,0.241454005671
-0.062500000,0.328125000,0.521738788494,0.247825924535
-0.046875000,0.328125000,0.532240983501,0.252814467163
-0.031250000,0.328125000,0.539732708051,0.256373036324
-0.015625000,0.328125000,0.544279428114,0.258532728354
0.000000000,0.328125000,0.545797224199,0.259253681494
0.015625000,0.328125000,0.544279428114,0.258532728354
0.031250000,0.328125000,0.539732708051,0.256373036324
0.046875000,0.328125000,0.532240983501,0.252814467163
0.062500000,0.328125000,0.521738788494,0.247825924535
0.078125000,0.328125000,0.508324222465,0.241454005671
0.093750000,0.328125000,0.492063789597,0.233730300058
0.109375000,0.328125000,0.473039126452,0.224693585065
0.125000000,0.328125000,0.451347223398,0.214389931114
0.140625000,0.328125000,0.427100694955,0.202872830104
0.156250000,0.328125000,0.400428103034,0.190203348941
0.171875000,0.328125000,0.371474337828,0.176450310468
0.187500000,0.328125000,0.340401062303,0.161690504594
0.203125000,0.328125000,0.307387225885,0.146008932296
0.218750000,0.328125000,0.272629653628,0.129499085473
0.234375000,0.328125000,0.236343719483,0.112263266755
0.250000000,0.328125000,0.198764108645,0.0944129516065
0.265625000,0.328125000,0.160145680976,0.0760691984635
0.281250000,0.328125000,0.120764440428,0.0573631092034
0.296875000,0.328125000,0.0809186219703,0.0384363454359
0.312500000,0.328125000,0.0409299047103,0.0194417047374
0.328125000,0.328125000,0.00114476091271,0.000543761433536
0.343750000,0.328125000,-0.0380640492023,-0.0180804233711
0.359375000,0.328125000,-0.0762958257374,-0.0362405172253
0.375000000,0.328125000,-0.113120111822,-0.0537320531155
0.390625000,0.328125000,-0.148074699021,-0.0703354820348
0.406250000,0.328125000,-0.180663446531,-0.0858151371021
0.421875000,0.328125000,-0.210353903610,-0.0999181042148
0.437500000,0.328125000,-0.236574727380,-0.112372995506
0.453125000,0.328125000,-0.258712886478,-0.122888621077
0.468750000,0.328125000,-0.276110643807,-0.131152555808
0.484375000,0.328125000,-0.288062313286,-0.136829598811
0.500000000,0.328125000,-0.293810785092,-0.139560122919
0.515625000,0.328125000,-0.292543818756,-0.138958313909
0.531250000,0.328125000,-0.283390105099,-0.134610299922
0.546875000,0.328125000,-0.265415100201,-0.126072172595
0.562500000,0.328125000,-0.237616641495,-0.112867904710
0.578125000,0.328125000,-0.198920359174,-0.0944871706074
0.593750000,0.328125000,-0.148174902424,-0.0703830786515
0.609375000,0.328125000,-0.0841470089455,-0.0399698292491
0.625000000,0.328125000,-0.00551645345033,-0.00262031538891
0.640625000,0.328125000,0.0891290764346,0.0423363113064
0.656250000,0.328125000,0.201299116968,0.0956170805598
0.671875000,0.328125000,0.332605500589,0.157987612780
0.687500000,0.328125000,0.484767268883,0.230264452719
0.703125000,0.328125000,0.659615306887,0.313317270772
0.718750000,0.328125000,0.859096554156,0.408070863224
0.734375000,0.328125000,1.08527761400,0.515506866649
0.750000000,0.328125000,1.34034754161,0.636665082263
0.765625000,0.328125000,1.62661954798,0.772644285289
0.781250000,0.328125000,1.94653129552,0.924602365371
0.796875000,0.328125000,2.30281046692,1.09383497179
0.812500000,0.328125000,2.69781829093,1.28146368819
0.828125000,0.328125000,3.13450007676,1.48888753646
0.843750000,0.328125000,3.61575069205,1.71748157872
0.859375000,0.328125000,4.14455286643,1.96866261155
0.875000000,0.328125000,4.72395725056,2.24387969402
0.890625000,0.328125000,,
0.906250000,0.328125000,,
0.921875000,0.328125000,,
0.937500000,0.328125000,,
0.953125000,0.328125000,,
0.968750000,0.328125000,,
0.984375000,0.328125000,,
1.000000000,0.328125000,,
-1.000000000,0.343750000,,
-0.984375000,0.343750000,,
-0.968750000,0.343750000,,
-0.953125000,0.343750000,,
-0.937500000,0.343750000,,
-0.921875000,0.343750000,,
-0.906250000,0.343750000,,
-0.890625000,0.343750000,,
-0.875000000,0.343750000,5.10375453789,2.42428340550
-0.859375000,0.343750000,4.49700724064,2.13607843930
-0.843750000,0.343750000,3.94211592671,1.87250506519
-0.828125000,0.343750000,3.43604404839,1.63212092299
-0.812500000,0.343750000,2.97581325878,1.41351129792
-0.796875000,0.343750000,2.55852499191,1.21529937116
-0.781250000,0.343750000,2.18137636551,1.03615377362
-0.765625000,0.343750000,1.84151786663,0.874720986647
-0.750000000,0.343750000,1.53668810291,0.729926848881
-0.734375000,0.343750000,1.26425730014,0.600522217568
-0.718750000,0.343750000,1.02188450922,0.485395141879
-0.703125000,0.343750000,0.807350267026,0.383491376838
-0.687500000,0.343750000,0.618555352108,0.293813792251
-0.671875000,0.343750000,0.453518381533,0.215421231228
-0.656250000,0.343750000,0.310372529731,0.147426951622
-0.640625000,0.343750000,0.187361594369,0.0889967573252
-0.625000000,0.343750000,0.0828356001082,0.0393469100514
-0.609375000,0.343750000,-0.00475390954472,-0.00225810703374
-0.593750000,0.343750000,-0.0768587667368,-0.0365079142000
-0.578125000,0.343750000,-0.134839159489,-0.0640486007575
-0.562500000,0.343750000,-0.179968618269,-0.0854850936779
-0.546875000,0.343750000,-0.213438943134,-0.101383497989
-0.531250000,0.343750000,-0.236365022588,-0.112273385729
-0.515625000,0.343750000,-0.249789504080,-0.118650014438
-0.500000000,0.343750000,-0.254687288041,-0.120976461819
-0.484375000,0.343750000,-0.251969822566,-0.119685665719
-0.468750000,0.343750000,-0.242489185422,-0.115182363076
-0.453125000,0.343750000,-0.227041941782,-0.107844922346
-0.437500000,0.343750000,-0.206372774741,-0.0980270680018
-0.421875000,0.343750000,-0.181177884779,-0.0860594952703
-0.406250000,0.343750000,-0.152108162054,-0.0722513769757
-0.390625000,0.343750000,-0.119772132523,-0.0568917629485
-0.375000000,0.343750000,-0.0847386855325,-0.0402508756279
-0.359375000,0.343750000,-0.0475395897626,-0.0225813051372
-0.343750000,0.343750000,-0.00867180409841,-0.00411910694675
-0.328125000,0.343750000,0.0314004053838,0.0149151925573
-0.312500000,0.343750000,0.0722435341397,0.0343156787163
-0.296875000,0.343750000,0.113453082714,0.0538902142891
-0.281250000,0.343750000,0.154651965740,0.0734596837263
-0.265625000,0.343750000,0.195489074791,0.0928573105259
-0.250000000,0.343750000,0.235637985778,0.111928043245
-0.234375000,0.343750000,0.274795800691,0.130528005328
-0.218750000,0.343750000,0.312682113118,0.148524003731
-0.203125000,0.343750000,0.349038088303,0.165793091944
-0.187500000,0.343750000,0.383625648709,0.182222183137
-0.171875000,0.343750000,0.416226755769,0.197707708990
-0.156250000,0.343750000,0.446642780100,0.212155320547
-0.140625000,0.343750000,0.474693951679,0.225479627047
-0.125000000,0.343750000,0.500218883072,0.237603969459
-0.109375000,0.343750000,0.523074158780,0.248460225420
-0.093750000,0.343750000,0.543133984743,0.257988642753
-0.078125000,0.343750000,0.560289892310,0.266137698847
-0.062500000,0.343750000,0.574450491880,0.272863983643
-0.046875000,0.343750000,0.585508728506,0.278116646040
-0.031250000,0.343750000,0.593483918532,0.281904861303
-0.015625000,0.343750000,0.598284161639,0.284184976779
0.000000000,0.343750000,0.599886762714,0.284946212289
0.015625000,0.343750000,0.598284161639,0.284184976779
0.031250000,0.343750000,0.593483918532,0.281904861303
0.046875000,0.343750000,0.585508728506,0.278116646040
0.062500000,0.343750000,0.574450491880,0.272863983643
0.078125000,0.343750000,0.560289892310,0.266137698847
0.093750000,0.343750000,0.543133984743,0.257988642753
0.109375000,0.343750000,0.523074158780,0.248460225420
0.125000000,0.343750000,0.500218883072,0.237603969459
0.140625000,0.343750000,0.474693951679,0.225479627047
0.156250000,0.343750000,0.446642780100,0.212155320547
0.171875000,0.343750000,0.416226755769,0.197707708990
0.187500000,0.343750000,0.383625648709,0.182222183137
0.203125000,0.343750000,0.349038088303,0.165793091944
0.218750000,0.343750000,0.312682113118,0.148524003731
0.234375000,0.343750000,0.274795800691,0.130528005328
0.250000000,0.343750000,0.235637985778,0.111928043245
0.265625000,0.343750000,0.195489074791,0.0928573105259
0.281250000,0.343750000,0.154651965740,0.0734596837263
0.296875000,0.343750000,0.113453082714,0.0538902142891
0.312500000,0.343750000,0.0722435341397,0.0343156787163
0.328125000,0.343750000,0.0314004053838,0.0149151925573
0.343750000,0.343750000,-0.00867180409841,-0.00411910694675
0.359375000,0.343750000,-0.0475395897626,-0.0225813051372
0.375000000,0.343750000,-0.0847386855325,-0.0402508756279
0.390625000,0.343750000,-0.119772132523,-0.0568917629485
0.406250000,0.343750000,-0.152108162054,-0.0722513769757
0.421875000,0.343750000,-0.181177884779,-0.0860594952703
0.437500000,0.343750000,-0.206372774741,-0.0980270680018
0.453125000,0.343750000,-0.227041941782,-0.107844922346
0.468750000,0.343750000,-0.242489185422,-0.115182363076
0.484375000,0.343750000,-0.251969822566,-0.119685665719
0.500000000,0.343750000,-0.254687288041,-0.120976461819
0.515625000,0.343750000,-0.249789504080,-0.118650014438
0.531250000,0.343750000,-0.236365022588,-0.112273385729
0.546875000,0.343750000,-0.213438943134,-0.101383497989
0.562500000,0.343750000,-0.179968618269,-0.0854850936779
0.578125000,0.343750000,-0.134839159489,-0.0640486007575
0.593750000,0.343750000,-0.0768587667368,-0.0365079142000
0.609375000,0.343750000,-0.00475390954472,-0.00225810703374
0.625000000,0.343750000,0.0828356001082,0.0393469100514
0.640625000,0.343750000,0.187361594369,0.0889967573252
0.656250000,0.343750000,0.310372529731,0.147426951622
0.671875000,0.343750000,0.453518381533,0.215421231228
0.687500000,0.343750000,0.618555352108,0.293813792251
0.703125000,0.343750000,0.807350267026,0.383491376838
0.718750000,0.343750000,1.02188450922,0.485395141879
0.734375000,0.343750000,1.26425730014,0.600522217568
0.750000000,0.343750000,1.53668810291,0.729926848881
0.765625000,0.343750000,1.84151786663,0.874720986647
0.781250000,0.343750000,2.18137636551,1.03615377362
0.796875000,0.343750000,2.55852499191,1.21529937116
0.812500000,0.343750000,2.97581325878,1.41351129792
0.828125000,0.343750000,3.43604404839,1.63212092299
0.843750000,0.343750000,3.94211592671,1.87250506519
0.859375000,0.343750000,4.49700724064,2.13607843930
0.875000000,0.343750000,5.10375453789,2.42428340550
0.890625000,0.343750000,,
0.906250000,0.343750000,,
0.921875000,0.343750000,,
0.937500000,0.343750000,,
0.953125000,0.343750000,,
0.968750000,0.343750000,,
0.984375000,0.343750000,,
1.000000000,0.343750000,,
-1.000000000,0.359375000,,
-0.984375000,0.359375000,,
-0.968750000,0.359375000,,
-0.953125000,0.359375000,,
-0.937500000,0.359375000,,
-0.921875000,0.359375000,,
-0.906250000,0.359375000,,
-0.890625000,0.359375000,,
-0.875000000,0.359375000,,
-0.859375000,0.359375000,4.87068041088,2.31357319517
-0.843750000,0.359375000,4.28837539030,2.03697831039
-0.828125000,0.359375000,3.75619672125,1.78419344259
-0.812500000,0.359375000,3.27117492495,1.55380808935
-0.796875000,0.359375000,2.83041119681,1.34444531849
-0.781250000,0.359375000,2.43109482597,1.15477004234
-0.765625000,0.359375000,2.07051574697,0.983494979811
-0.750000000,0.359375000,1.74591817954,0.829311135281
-0.734375000,0.359375000,1.45513855556,0.691190813890
-0.718750000,0.359375000,1.19563967572,0.567928845965
-0.703125000,0.359375000,0.965171532563,0.458456477967
-0.687500000,0.359375000,0.761601825176,0.361760866959
-0.671875000,0.359375000,0.582913992561,0.276884146467
-0.656250000,0.359375000,0.427204300888,0.202922042922
-0.640625000,0.359375000,0.292678224902,0.139022156828
-0.625000000,0.359375000,0.177646320054,0.0843820020256
-0.609375000,0.359375000,0.0805197468567,0.0382468797569
-0.593750000,0.359375000,-0.000194422186310,-0.0000923505384972
-0.578125000,0.359375000,-0.0658980064062,-0.0313015530430
-0.562500000,0.359375000,-0.117906547040,-0.0560056098442
-0.546875000,0.359375000,-0.157454095077,-0.0747906951616
-0.531250000,0.359375000,-0.185697903984,-0.0882065043922
-0.515625000,0.359375000,-0.203722985647,-0.0967684181821
-0.500000000,0.359375000,-0.212546498250,-0.100959586669
-0.484375000,0.359375000,-0.213121942573,-0.101232922722
-0.468750000,0.359375000,-0.206343150666,-0.0980129965663
-0.453125000,0.359375000,-0.193048056443,-0.0916978268102
-0.437500000,0.359375000,-0.174022241421,-0.0826605646752
-0.421875000,0.359375000,-0.150002254337,-0.0712510708102
-0.406250000,0.359375000,-0.121678704560,-0.0577973846660
-0.390625000,0.359375000,-0.0896991328707,-0.0426070881136
-0.375000000,0.359375000,-0.0546706660746,-0.0259685663854
-0.359375000,0.359375000,-0.0171624600030,-0.00815216850143
-0.343750000,0.359375000,0.0222920585127,0.0105887277936
-0.328125000,0.359375000,0.0631931435782,0.0300167431997
-0.312500000,0.359375000,0.105072865157,0.0499096109495
-0.296875000,0.359375000,0.147493418057,0.0700593735773
-0.281250000,0.359375000,0.190045593375,0.0902716568532
-0.265625000,0.359375000,0.232347403203,0.110365016522
-0.250000000,0.359375000,0.274042847132,0.130170352388
-0.234375000,0.359375000,0.314800810937,0.149530385195
-0.218750000,0.359375000,0.354314086964,0.168299191308
-0.203125000,0.359375000,0.392298507319,0.186341790977
-0.187500000,0.359375000,0.428492178431,0.203533784755
-0.171875000,0.359375000,0.462654811166,0.219761035304
-0.156250000,0.359375000,0.494567134539,0.234919388906
-0.140625000,0.359375000,0.524030388068,0.248914434332
-0.125000000,0.359375000,0.550865883018,0.261661294434
-0.109375000,0.359375000,0.574914626989,0.273084447820
-0.093750000,0.359375000,0.596037005439,0.283117577584
-0.078125000,0.359375000,0.614112513590,0.291703443955
-0.062500000,0.359375000,0.629007871268,0.298778738852
-0.046875000,0.359375000,0.640719355116,0.304341693680
-0.031250000,0.359375000,0.649127228958,0.308335433755
-0.015625000,0.359375000,0.654188950879,0.310739751668
0.000000000,0.359375000,0.655879023120,0.311542535982
0.015625000,0.359375000,0.654188950879,0.310739751668
0.031250000,0.359375000,0.649127228958,0.308335433755
0.046875000,0.359375000,0.640719355116,0.304341693680
0.062500000,0.359375000,0.629007871268,0.298778738852
0.078125000,0.359375000,0.614112513590,0.291703443955
0.093750000,0.359375000,0.596037005439,0.283117577584
0.109375000,0.359375000,0.574914626989,0.273084447820
0.125000000,0.359375000,0.550865883018,0.261661294434
0.140625000,0.359375000,0.524030388068,0.248914434332
0.156250000,0.359375000,0.494567134539,0.234919388906
0.171875000,0.359375000,0.462654811166,0.219761035304
0.187500000,0.359375000,0.428492178431,0.203533784755
0.203125000,0.359375000,0.392298507319,0.186341790977
0.218750000,0.359375000,0.354314086964,0.168299191308
0.234375000,0.359375000,0.314800810937,0.149530385195
0.250000000,0.359375000,0.274042847132,0.130170352388
0.265625000,0.359375000,0.232347403203,0.110365016522
0.281250000,0.359375000,0.190045593375,0.0902716568532
0.296875000,0.359375000,0.147493418057,0.0700593735773
0.312500000,0.359375000,0.105072865157,0.0499096109495
0.328125000,0.359375000,0.0631931435782,0.0300167431997
0.343750000,0.359375000,0.0222920585127,0.0105887277936
0.359375000,0.359375000,-0.0171624600030,-0.00815216850143
0.375000000,0.359375000,-0.0546706660746,-0.0259685663854
0.390625000,0.359375000,-0.0896991328707,-0.0426070881136
0.406250000,0.359375000,-0.121678704560,-0.0577973846660
0.421875000,0.359375000,-0.150002254337,-0.0712510708102
0.437500000,0.359375000,-0.174022241421,-0.0826605646752
0.453125000,0.359375000,-0.193048056443,-0.0916978268102
0.468750000,0.359375000,-0.206343150666,-0.0980129965663
0.484375000,0.359375000,-0.213121942573,-0.101232922722
0.500000000,0.359375000,-0.212546498250,-0.100959586669
0.515625000,0.359375000,-0.203722985647,-0.0967684181821
0.531250000,0.359375000,-0.185697903984,-0.0882065043922
0.546875000,0.359375000,-0.157454095077,-0.0747906951616
0.562500000,0.359375000,-0.117906547040,-0.0560056098442
0.578125000,0.359375000,-0.0658980064062,-0.0313015530430
0.593750000,0.359375000,-0.000194422186310,-0.0000923505384972
0.609375000,0.359375000,0.0805197468567,0.0382468797569
0.625000000,0.359375000,0.177646320054,0.0843820020256
0.640625000,0.359375000,0.292678224902,0.139022156828
0.656250000,0.359375000,0.427204300888,0.202922042922
0.671875000,0.359375000,0.582913992561,0.276884146467
0.687500000,0.359375000,0.761601825176,0.361760866959
0.703125000,0.359375000,0.965171532563,0.458456477967
0.718750000,0.359375000,1.19563967572,0.567928845965
0.734375000,0.359375000,1.45513855556,0.691190813890
0.750000000,0.359375000,1.74591817954,0.829311135281
0.765625000,0.359375000,2.07051574697,0.983494979811
0.781250000,0.359375000,2.43109482597,1.15477004234
0.796875000,0.359375000,2.83041119681,1.34444531849
0.812500000,0.359375000,3.27117492495,1.55380808935
0.828125000,0.359375000,3.75619672125,1.78419344259
0.843750000,0.359375000,4.28837539030,2.03697831039
0.859375000,0.359375000,4.87068041088,2.31357319517
0.875000000,0.359375000,,
0.890625000,0.359375000,,
0.906250000,0.359375000,,
0.921875000,0.359375000,,
0.937500000,0.359375000,,
0.953125000,0.359375000,,
0.968750000,0.359375000,,
0.984375000,0.359375000,,
1.000000000,0.359375000,,
-1.000000000,0.375000000,,
-0.984375000,0.375000000,,
-0.968750000,0.375000000,,
-0.953125000,0.375000000,,
-0.937500000,0.375000000,,
-0.921875000,0.375000000,,
-0.906250000,0.375000000,,
-0.890625000,0.375000000,,
-0.875000000,0.375000000,,
-0.859375000,0.375000000,5.26690240574,2.50177864273
-0.843750000,0.375000000,4.65582006346,2.21151453015
-0.828125000,0.375000000,4.09620680150,1.94569823071
-0.812500000,0.375000000,3.58510722057,1.70292592977
-0.796875000,0.375000000,3.11962635291,1.48182251763
-0.781250000,0.375000000,2.69694877317,1.28105066726
-0.765625000,0.375000000,2.31435255809,1.09931746509
-0.750000000,0.375000000,1.96921907167,0.935379059043
-0.734375000,0.375000000,1.65888242111,0.787969150029
-0.718750000,0.375000000,1.38127348185,0.656104903877
-0.703125000,0.375000000,1.13394121039,0.538622074934
-0.687500000,0.375000000,0.914719961002,0.434491981476
-0.671875000,0.375000000,0.721557423187,0.342739776014
-0.656250000,0.375000000,0.552512125869,0.262443259788
-0.640625000,0.375000000,0.405750172874,0.192731332115
-0.625000000,0.375000000,0.279541419533,0.132782174278
-0.609375000,0.375000000,0.172255258340,0.0818212477117
-0.593750000,0.375000000,0.0823561538445,0.0391191730761
-0.578125000,0.375000000,0.00839903794589,0.00398954302430
-0.562500000,0.375000000,-0.0509753443872,-0.0242132885839
-0.546875000,0.375000000,-0.0970450665707,-0.0460964066211
-0.531250000,0.375000000,-0.131011571608,-0.0622304965139
-0.515625000,0.375000000,-0.154004100266,-0.0731519476262
-0.500000000,0.375000000,-0.167083960921,-0.0793648814374
-0.484375000,0.375000000,-0.171248616561,-0.0813430928664
-0.468750000,0.375000000,-0.167435571811,-0.0795318966100
-0.453125000,0.375000000,-0.156526046578,-0.0743498721243
-0.437500000,0.375000000,-0.139348430623,-0.0661905045457
-0.421875000,0.375000000,-0.116681515117,-0.0554237196808
-0.406250000,0.375000000,-0.0892575020341,-0.0423973134662
-0.390625000,0.375000000,-0.0577647935610,-0.0274382769415
-0.375000000,0.375000000,-0.0228505674485,-0.0108540195380
-0.359375000,0.375000000,0.0148768560823,0.00706650663911
-0.343750000,0.375000000,0.0548458471630,0.0260517774024
-0.328125000,0.375000000,0.0965194908944,0.0458467581749
-0.312500000,0.375000000,0.139393792567,0.0662120514694
-0.296875000,0.375000000,0.182996054910,0.0869231260823
-0.281250000,0.375000000,0.226883416763,0.107769622962
-0.265625000,0.375000000,0.270641541468,0.128554732197
-0.250000000,0.375000000,0.313883446109,0.149094636902
-0.234375000,0.375000000,0.356248460038,0.169218018518
-0.218750000,0.375000000,0.397401302550,0.188765618711
-0.203125000,0.375000000,0.437031271232,0.207589853835
-0.187500000,0.375000000,0.474851528918,0.225554476236
-0.171875000,0.375000000,0.510598482638,0.242534279253
-0.156250000,0.375000000,0.544031244433,0.258414841106
-0.140625000,0.375000000,0.574931166352,0.273092304017
-0.125000000,0.375000000,0.603101442023,0.286473184961
-0.109375000,0.375000000,0.628366768069,0.298474214833
-0.093750000,0.375000000,0.650573057990,0.309022202545
-0.078125000,0.375000000,0.669543613119,0.318033216231
-0.062500000,0.375000000,0.685276899577,0.325506527299
-0.046875000,0.375000000,0.697602482978,0.331361179415
-0.031250000,0.375000000,0.706453884698,0.335565595231
-0.015625000,0.375000000,0.711783679409,0.338097247719
0.000000000,0.375000000,0.713563435446,0.338942631837
0.015625000,0.375000000,0.711783679409,0.338097247719
0.031250000,0.375000000,0.706453884698,0.335565595231
0.046875000,0.375000000,0.697602482978,0.331361179415
0.062500000,0.375000000,0.685276899577,0.325506527299
0.078125000,0.375000000,0.669543613119,0.318033216231
0.093750000,0.375000000,0.650573057990,0.309022202545
0.109375000,0.375000000,0.628366768069,0.298474214833
0.125000000,0.375000000,0.603101442023,0.286473184961
0.140625000,0.375000000,0.574931166352,0.273092304017
0.156250000,0.375000000,0.544031244433,0.258414841106
0.171875000,0.375000000,0.510598482638,0.242534279253
0.187500000,0.375000000,0.474851528918,0.225554476236
0.203125000,0.375000000,0.437031271232,0.207589853835
0.218750000,0.375000000,0.397401302550,0.188765618711
0.234375000,0.375000000,0.356248460038,0.169218018518
0.250000000,0.375000000,0.313883446109,0.149094636902
0.265625000,0.375000000,0.270641541468,0.128554732197
0.281250000,0.375000000,0.226883416763,0.107769622962
0.296875000,0.375000000,0.182996054910,0.0869231260823
0.312500000,0.375000000,0.139393792567,0.0662120514694
0.328125000,0.375000000,0.0965194908944,0.0458467581749
0.343750000,0.375000000,0.0548458471630,0.0260517774024
0.359375000,0.375000000,0.0148768560823,0.00706650663911
0.375000000,0.375000000,-0.0228505674485,-0.0108540195380
0.390625000,0.375000000,-0.0577647935610,-0.0274382769415
0.406250000,0.375000000,-0.0892575020341,-0.0423973134662
0.421875000,0.375000000,-0.116681515117,-0.0554237196808
0.437500000,0.375000000,-0.139348430623,-0.0661905045457
0.453125000,0.375000000,-0.156526046578,-0.0743498721243
0.468750000,0.375000000,-0.167435571811,-0.0795318966100
0.484375000,0.375000000,-0.171248616561,-0.0813430928664
0.500000000,0.375000000,-0.167083960921,-0.0793648814374
0.515625000,0.375000000,-0.154004100266,-0.0731519476262
0.531250000,0.375000000,-0.131011571608,-0.0622304965139
0.546875000,0.375000000,-0.0970450665707,-0.0460964066211
0.562500000,0.375000000,-0.0509753443872,-0.0242132885839
0.578125000,0.375000000,0.00839903794589,0.00398954302430
0.593750000,0.375000000,0.0823561538445,0.0391191730761
0.609375000,0.375000000,0.172255258340,0.0818212477117
0.625000000,0.375000000,0.279541419533,0.132782174278
0.640625000,0.375000000,0.405750172874,0.192731332115
0.656250000,0.375000000,0.552512125869,0.262443259788
0.671875000,0.375000000,0.721557423187,0.342739776014
0.687500000,0.375000000,0.914719961002,0.434491981476
0.703125000,0.375000000,1.13394121039,0.538622074934
0.718750000,0.375000000,1.38127348185,0.656104903877
0.734375000,0.375000000,1.65888242111,0.787969150029
0.750000000,0.375000000,1.96921907167,0.935379059043
0.765625000,0.375000000,2.31435255809,1.09931746509
0.781250000,0.375000000,2.69694877317,1.28105066726
0.796875000,0.375000000,3.11962635291,1.48182251763
0.812500000,0.375000000,3.58510722057,1.70292592977
0.828125000,0.375000000,4.09620680150,1.94569823071
0.843750000,0.375000000,4.65582006346,2.21151453015
0.859375000,0.375000000,5.26690240574,2.50177864273
0.875000000,0.375000000,,
0.890625000,0.375000000,,
0.906250000,0.375000000,,
0.921875000,0.375000000,,
0.937500000,0.375000000,,
0.953125000,0.375000000,,
0.968750000,0.375000000,,
0.984375000,0.375000000,,
1.000000000,0.375000000,,
-1.000000000,0.390625000,,
-0.984375000,0.390625000,,
-0.968750000,0.390625000,,
-0.953125000,0.390625000,,
-0.937500000,0.390625000,,
-0.921875000,0.390625000,,
-0.906250000,0.390625000,,
-0.890625000,0.390625000,,
-0.875000000,0.390625000,,
-0.859375000,0.390625000,,
-0.843750000,0.390625000,5.04582205388,2.39676547559
-0.828125000,0.390625000,4.45740477587,2.11726726854
-0.812500000,0.390625000,3.91889587571,1.86147554096
-0.796875000,0.390625000,3.42740900436,1.62801927707
-0.781250000,0.390625000,2.98012773771,1.41556067541
-0.765625000,0.390625000,2.57432110602,1.22280252536
-0.750000000,0.390625000,2.20735469023,1.04849347786
-0.734375000,0.390625000,1.87669813345,0.891431613387
-0.718750000,0.390625000,1.57992977125,0.750466641344
-0.703125000,0.390625000,1.31459175471,0.624431083489
-0.687500000,0.390625000,1.07879072420,0.512425593994
-0.671875000,0.390625000,0.870278657292,0.413382362214
-0.656250000,0.390625000,0.687075680550,0.326360948261
-0.640625000,0.390625000,0.527307618150,0.250471118621
-0.625000000,0.390625000,0.389202509568,0.184871192045
-0.609375000,0.390625000,0.271086691593,0.128766178507
-0.593750000,0.390625000,0.171380588383,0.0814057794818
-0.578125000,0.390625000,0.0885943308293,0.0420823071439
-0.562500000,0.390625000,0.0213232997604,0.0101285673862
-0.546875000,0.390625000,-0.0317563296200,-0.0150842565695
-0.531250000,0.390625000,-0.0718919820396,-0.0341486914688
-0.515625000,0.390625000,-0.100258966453,-0.0476230090651
-0.500000000,0.390625000,-0.117964616299,-0.0560331927422
-0.484375000,0.390625000,-0.126052255060,-0.0598748211533
-0.468750000,0.390625000,-0.125504971101,-0.0596148612729
-0.453125000,0.390625000,-0.117249186018,-0.0556933633588
-0.437500000,0.390625000,-0.102158008852,-0.0485250542049
-0.421875000,0.390625000,-0.0810543727130,-0.0385008270387
-0.406250000,0.390625000,-0.0547139531541,-0.0259891277482
-0.390625000,0.390625000,-0.0238678699613,-0.0113372382316
-0.375000000,0.390625000,0.0107948223277,0.00512754060566
-0.359375000,0.390625000,0.0486248491639,0.0230968033528
-0.343750000,0.390625000,0.0890106283425,0.0422800484627
-0.328125000,0.390625000,0.131376371137,0.0624037762900
-0.312500000,0.390625000,0.175180362606,0.0832106722380
-0.296875000,0.390625000,0.219913411446,0.104458870437
-0.281250000,0.390625000,0.265097458006,0.125921292553
-0.265625000,0.390625000,0.310284331420,0.147385057424
-0.250000000,0.390625000,0.355054643402,0.168650955616
-0.234375000,0.390625000,0.399016810248,0.189532984868
-0.218750000,0.390625000,0.441806190674,0.209857940570
-0.203125000,0.390625000,0.483084330997,0.229465057223
-0.187500000,0.390625000,0.522538307679,0.248205696147
-0.171875000,0.390625000,0.559880157102,0.265943074623
-0.156250000,0.390625000,0.594846385436,0.282552033082
-0.140625000,0.390625000,0.627197547900,0.297918835253
-0.125000000,0.390625000,0.656717893170,0.311940999256
-0.109375000,0.390625000,0.683215061832,0.324527154370
-0.093750000,0.390625000,0.706519835592,0.335596921906
-0.078125000,0.390625000,0.726449611406,0.345063565418
-0.062500000,0.390625000,0.742974721996,0.352912992948
-0.046875000,0.390625000,0.755925688453,0.359064702015
-0.031250000,0.390625000,0.765228899624,0.363483727322
-0.015625000,0.390625000,0.770831825053,0.366145116900
0.000000000,0.390625000,0.772702965795,0.367033908753
0.015625000,0.390625000,0.770831825053,0.366145116900
0.031250000,0.390625000,0.765228899624,0.363483727322
0.046875000,0.390625000,0.755925688453,0.359064702015
0.062500000,0.390625000,0.742974721996,0.352912992948
0.078125000,0.390625000,0.726449611406,0.345063565418
0.093750000,0.390625000,0.706519835592,0.335596921906
0.109375000,0.390625000,0.683215061832,0.324527154370
0.125000000,0.390625000,0.656717893170,0.311940999256
0.140625000,0.390625000,0.627197547900,0.297918835253
0.156250000,0.390625000,0.594846385436,0.282552033082
0.171875000,0.390625000,0.559880157102,0.265943074623
0.187500000,0.390625000,0.522538307679,0.248205696147
0.203125000,0.390625000,0.483084330997,0.229465057223
0.218750000,0.390625000,0.441806190674,0.209857940570
0.234375000,0.390625000,0.399016810248,0.189532984868
0.250000000,0.390625000,0.355054643402,0.168650955616
0.265625000,0.390625000,0.310284331420,0.147385057424
0.281250000,0.390625000,0.265097458006,0.125921292553
0.296875000,0.390625000,0.219913411446,0.104458870437
0.312500000,0.390625000,0.175180362606,0.0832106722380
0.328125000,0.390625000,0.131376371137,0.0624037762900
0.343750000,0.390625000,0.0890106283425,0.0422800484627
0.359375000,0.390625000,0.0486248491639,0.0230968033528
0.375000000,0.390625000,0.0107948223277,0.00512754060566
0.390625000,0.390625000,-0.0238678699613,-0.0113372382316
0.406250000,0.390625000,-0.0547139531541,-0.0259891277482
0.421875000,0.390625000,-0.0810543727130,-0.0385008270387
0.437500000,0.390625000,-0.102158008852,-0.0485250542049
0.453125000,0.390625000,-0.117249186018,-0.0556933633588
0.468750000,0.390625000,-0.125504971101,-0.0596148612729
0.484375000,0.390625000,-0.126052255060,-0.0598748211533
0.500000000,0.390625000,-0.117964616299,-0.0560331927422
0.515625000,0.390625000,-0.100258966453,-0.0476230090651
0.531250000,0.390625000,-0.0718919820396,-0.0341486914688
0.546875000,0.390625000,-0.0317563296200,-0.0150842565695
0.562500000,0.390625000,0.0213232997604,0.0101285673862
0.578125000,0.390625000,0.0885943308293,0.0420823071439
0.593750000,0.390625000,0.171380588383,0.0814057794818
0.609375000,0.390625000,0.271086691593,0.128766178507
0.625000000,0.390625000,0.389202509568,0.184871192045
0.640625000,0.390625000,0.527307618150,0.250471118621
0.656250000,0.390625000,0.687075680550,0.326360948261
0.671875000,0.390625000,0.870278657292,0.413382362214
0.687500000,0.390625000,1.07879072420,0.512425593994
0.703125000,0.390625000,1.31459175471,0.624431083489
0.718750000,0.390625000,1.57992977125,0.750466641344
0.734375000,0.390625000,1.87669813345,0.891431613387
0.750000000,0.390625000,2.20735469023,1.04849347786
0.765625000,0.390625000,2.57432110602,1.22280252536
0.781250000,0.390625000,2.98012773771,1.41556067541
0.796875000,0.390625000,3.42740900436,1.62801927707
0.812500000,0.390625000,3.91889587571,1.86147554096
0.828125000,0.390625000,4.45740477587,2.11726726854
0.843750000,0.390625000,5.04582205388,2.39676547559
0.859375000,0.390625000,,
0.875000000,0.390625000,,
0.890625000,0.390625000,,
0.906250000,0.390625000,,
0.921875000,0.390625000,,
0.937500000,0.390625000,,
0.953125000,0.390625000,,
0.968750000,0.390625000,,
0.984375000,0.390625000,,
1.000000000,0.390625000,,
-1.000000000,0.406250000,,
-0.984375000,0.406250000,,
-0.968750000,0.406250000,,
-0.953125000,0.406250000,,
-0.937500000,0.406250000,,
-0.921875000,0.406250000,,
-0.906250000,0.406250000,,
-0.890625000,0.406250000,,
-0.875000000,0.406250000,,
-0.859375000,0.406250000,,
-0.843750000,0.406250000,5.45983566887,2.59342194271
-0.828125000,0.406250000,4.84120458621,2.29957217845
-0.812500000,0.406250000,4.27391060136,2.03010753565
-0.796875000,0.406250000,3.75508157356,1.78366374744
-0.781250000,0.406250000,3.28190448525,1.55890463049
-0.765625000,0.406250000,2.85164272137,1.35453029265
-0.750000000,0.406250000,2.46164862715,1.16928309789
-0.734375000,0.406250000,2.10937224448,1.00195181613
-0.718750000,0.406250000,1.79236697030,0.851374310894
-0.703125000,0.406250000,1.50829274908,0.716439055815
-0.687500000,0.406250000,1.25476674775,0.596014205180
-0.671875000,0.406250000,1.02997659208,0.489238881239
-0.656250000,0.406250000,0.831740658852,0.395076812955
-0.640625000,0.406250000,0.658143748270,0.312618280428
-0.625000000,0.406250000,0.507371109693,0.241001277104
-0.609375000,0.406250000,0.377704853573,0.179409805447
-0.593750000,0.406250000,0.267520030161,0.127072014327
-0.578125000,0.406250000,0.175280499574,0.0832582372975
-0.562500000,0.406250000,0.0995346966242,0.0472789808965
-0.546875000,0.406250000,0.0389113712961,0.0184829013656
-0.531250000,0.406250000,-0.00788462933005,-0.00374519893177
-0.515625000,0.406250000,-0.0420764868878,-0.0199863312717
-0.500000000,0.406250000,-0.0648194065699,-0.0307892181207
-0.484375000,0.406250000,-0.0772044501024,-0.0366721137986
-0.468750000,0.406250000,-0.0802621865825,-0.0381245386267
-0.453125000,0.406250000,-0.0749661448539,-0.0356089188056
-0.437500000,0.406250000,-0.0622360597481,-0.0295621283803
-0.421875000,0.406250000,-0.0429409047038,-0.0203969297343
-0.406250000,0.406250000,-0.0179017117691,-0.00850331309035
-0.390625000,0.406250000,0.0121058207482,0.00575026485537
-0.375000000,0.406250000,0.0463489287226,0.0220157411432
-0.359375000,0.406250000,0.0841355840252,0.0399644024120
-0.343750000,0.406250000,0.124812492048,0.0592859337227
-0.328125000,0.406250000,0.167763274036,0.0796875551671
-0.312500000,0.406250000,0.212406826639,0.100893242654
-0.296875000,0.406250000,0.258195848411,0.122643027995
-0.281250000,0.406250000,0.304615521930,0.144692372917
-0.265625000,0.406250000,0.351182341666,0.166811612291
-0.250000000,0.406250000,0.397443077448,0.188785461788
-0.234375000,0.406250000,0.442973861434,0.210412584181
-0.218750000,0.406250000,0.487379389577,0.231505210049
-0.203125000,0.406250000,0.530292227367,0.251888807999
-0.187500000,0.406250000,0.571372208519,0.271401799046
-0.171875000,0.406250000,0.610305919571,0.289895311796
-0.156250000,0.406250000,0.646806259544,0.307232973284
-0.140625000,0.406250000,0.680612067068,0.323290731857
-0.125000000,0.406250000,0.711487807302,0.337956708468
-0.109375000,0.406250000,0.739223310930,0.351131072692
-0.093750000,0.406250000,0.763633559029,0.362725940539
-0.078125000,0.406250000,0.784522148183,0.372648020387
-0.062500000,0.406250000,0.801847883691,0.380877744753
-0.046875000,0.406250000,0.815431497891,0.387329961498
-0.031250000,0.406250000,0.825191932752,0.391966168057
-0.015625000,0.406250000,0.831071327689,0.394758880652
0.000000000,0.406250000,0.833034980910,0.395691615932
0.015625000,0.406250000,0.831071327689,0.394758880652
0.031250000,0.406250000,0.825191932752,0.391966168057
0.046875000,0.406250000,0.815431497891,0.387329961498
0.062500000,0.406250000,0.801847883691,0.380877744753
0.078125000,0.406250000,0.784522148183,0.372648020387
0.093750000,0.406250000,0.763633559029,0.362725940539
0.109375000,0.406250000,0.739223310930,0.351131072692
0.125000000,0.406250000,0.711487807302,0.337956708468
0.140625000,0.406250000,0.680612067068,0.323290731857
0.156250000,0.406250000,0.646806259544,0.307232973284
0.171875000,0.406250000,0.610305919571,0.289895311796
0.187500000,0.406250000,0.571372208519,0.271401799046
0.203125000,0.406250000,0.530292227367,0.251888807999
0.218750000,0.406250000,0.487379389577,0.231505210049
0.234375000,0.406250000,0.442973861434,0.210412584181
0.250000000,0.406250000,0.397443077448,0.188785461788
0.265625000,0.406250000,0.351182341666,0.166811612291
0.281250000,0.406250000,0.304615521930,0.144692372917
0.296875000,0.406250000,0.258195848411,0.122643027995
0.312500000,0.406250000,0.212406826639,0.100893242654
0.328125000,0.406250000,0.167763274036,0.0796875551671
0.343750000,0.406250000,0.124812492048,0.0592859337227
0.359375000,0.406250000,0.0841355840252,0.0399644024120
0.375000000,0.406250000,0.0463489287226,0.0220157411432
0.390625000,0.406250000,0.0121058207482,0.00575026485537
0.406250000,0.406250000,-0.0179017117691,-0.00850331309035
0.421875000,0.406250000,-0.0429409047038,-0.0203969297343
0.437500000,0.406250000,-0.0622360597481,-0.0295621283803
0.453125000,0.406250000,-0.0749661448539,-0.0356089188056
0.468750000,0.406250000,-0.0802621865825,-0.0381245386267
0.484375000,0.406250000,-0.0772044501024,-0.0366721137986
0.500000000,0.406250000,-0.0648194065699,-0.0307892181207
0.515625000,0.406250000,-0.0420764868878,-0.0199863312717
0.531250000,0.406250000,-0.00788462933005,-0.00374519893177
0.546875000,0.406250000,0.0389113712961,0.0184829013656
0.562500000,0.406250000,0.0995346966242,0.0472789808965
0.578125000,0.406250000,0.175280499574,0.0832582372975
0.593750000,0.406250000,0.267520030161,0.127072014327
0.609375000,0.406250000,0.377704853573,0.179409805447
0.625000000,0.406250000,0.507371109693,0.241001277104
0.640625000,0.406250000,0.658143748270,0.312618280428
0.656250000,0.406250000,0.831740658852,0.395076812955
0.671875000,0.406250000,1.02997659208,0.489238881239
0.687500000,0.406250000,1.25476674775,0.596014205180
0.703125000,0.406250000,1.50829274908,0.716439055815
0.718750000,0.406250000,1.79236697030,0.851374310894
0.734375000,0.406250000,2.10937224448,1.00195181613
0.750000000,0.406250000,2.46164862715,1.16928309789
0.765625000,0.406250000,2.85164272137,1.35453029265
0.781250000,0.406250000,3.28190448525,1.55890463049
0.796875000,0.406250000,3.75508157356,1.78366374744
0.812500000,0.406250000,4.27391060136,2.03010753565
0.828125000,0.406250000,4.84120458621,2.29957217845
0.843750000,0.406250000,5.45983566887,2.59342194271
0.859375000,0.406250000,,
0.875000000,0.406250000,,
0.890625000,0.406250000,,
0.906250000,0.406250000,,
0.921875000,0.406250000,,
0.937500000,0.406250000,,
0.953125000,0.406250000,,
0.968750000,0.406250000,,
0.984375000,0.406250000,,
1.000000000,0.406250000,,
-1.000000000,0.421875000,,
-0.984375000,0.421875000,,
-0.968750000,0.421875000,,
-0.953125000,0.421875000,,
-0.937500000,0.421875000,,
-0.921875000,0.421875000,,
-0.906250000,0.421875000,,
-0.890625000,0.421875000,,
-0.875000000,0.421875000,,
-0.859375000,0.421875000,,
-0.843750000,0.421875000,,
-0.828125000,0.421875000,5.24910478207,2.49332477148
-0.812500000,0.421875000,4.65160686142,2.20951325917
-0.796875000,0.421875000,4.10405265678,1.94942501197
-0.781250000,0.421875000,3.60363775264,1.71172793250
-0.765625000,0.421875000,3.14762396577,1.49512138374
-0.750000000,0.421875000,2.73335353257,1.29834292797
-0.734375000,0.421875000,2.35825921250,1.12017312594
-0.718750000,0.421875000,2.01987109441,0.959438769843
-0.703125000,0.421875000,1.71582075622,0.815014859203
-0.687500000,0.421875000,1.44384331610,0.685825575146
-0.671875000,0.421875000,1.20162324049,0.570771039231
-0.656250000,0.421875000,0.987423027876,0.469025938241
-0.640625000,0.421875000,0.799119043407,0.379581545619
-0.625000000,0.421875000,0.634852937708,0.301555145412
-0.609375000,0.421875000,0.492861567261,0.234109244449
-0.593750000,0.421875000,0.371473394811,0.176449862535
-0.578125000,0.421875000,0.269104641920,0.127824704912
-0.562500000,0.421875000,0.184255300317,0.0875212676507
-0.546875000,0.421875000,0.115505092439,0.0548649189084
-0.531250000,0.421875000,0.0615094490984,0.0292169883218
-0.515625000,0.421875000,0.0209955600440,0.00997289102088
-0.500000000,0.421875000,-0.00724145994437,-0.00343969347358
-0.484375000,0.421875000,-0.0243422576089,-0.0115625723642
-0.468750000,0.421875000,-0.0313867554756,-0.0149087088509
-0.453125000,0.421875000,-0.0293974785018,-0.0139638022883
-0.437500000,0.421875000,-0.0193426805940,-0.00918777328215
-0.421875000,0.421875000,-0.00213926576014,-0.00101615123607
-0.406250000,0.421875000,0.0213444985936,0.0101386368320
-0.390625000,0.421875000,0.0502864755849,0.0238860759028
-0.375000000,0.421875000,0.0839083566098,0.0398564693896
-0.359375000,0.421875000,0.121473557030,0.0576999395893
-0.343750000,0.421875000,0.162285303205,0.0770855190223
-0.328125000,0.421875000,0.205684902268,0.0977003285774
-0.312500000,0.421875000,0.251050185497,0.119248838111
-0.296875000,0.421875000,0.297794115216,0.141452204728
-0.281250000,0.421875000,0.345363545401,0.164047684065
-0.265625000,0.421875000,0.393238124909,0.186788109332
-0.250000000,0.421875000,0.440929332637,0.209441433003
-0.234375000,0.421875000,0.487979633961,0.231790326132
-0.218750000,0.421875000,0.533961748614,0.253631830592
-0.203125000,0.421875000,0.578478019028,0.274777059038
-0.187500000,0.421875000,0.621159869082,0.295050937814
-0.171875000,0.421875000,0.661667344737,0.314291988750
-0.156250000,0.421875000,0.699688726692,0.332352145179
-0.140625000,0.421875000,0.734940206484,0.349096598080
-0.125000000,0.421875000,0.767165618890,0.364403668973
-0.109375000,0.421875000,0.796136222118,0.378164705506
-0.093750000,0.421875000,0.821650520295,0.390283997140
-0.078125000,0.421875000,0.843490305044,0.400657894896
-0.062500000,0.421875000,0.861619717404,0.409269365767
-0.046875000,0.421875000,0.875838777468,0.416023419297
-0.031250000,0.421875000,0.886058662383,0.420877864632
-0.015625000,0.421875000,0.892215953632,0.423802577975
0.000000000,0.421875000,0.894272610259,0.424779489873
0.015625000,0.421875000,0.892215953632,0.423802577975
0.031250000,0.421875000,0.886058662383,0.420877864632
0.046875000,0.421875000,0.875838777468,0.416023419297
0.062500000,0.421875000,0.861619717404,0.409269365767
0.078125000,0.421875000,0.843490305044,0.400657894896
0.093750000,0.421875000,0.821650520295,0.390283997140
0.109375000,0.421875000,0.796136222118,0.378164705506
0.125000000,0.421875000,0.767165618890,0.364403668973
0.140625000,0.421875000,0.734940206484,0.349096598080
0.156250000,0.421875000,0.699688726692,0.332352145179
0.171875000,0.421875000,0.661667344737,0.314291988750
0.187500000,0.421875000,0.621159869082,0.295050937814
0.203125000,0.421875000,0.578478019028,0.274777059038
0.218750000,0.421875000,0.533961748614,0.253631830592
0.234375000,0.421875000,0.487979633961,0.231790326132
0.250000000,0.421875000,0.440929332637,0.209441433003
0.265625000,0.421875000,0.393238124909,0.186788109332
0.281250000,0.421875000,0.345363545401,0.164047684065
0.296875000,0.421875000,0.297794115216,0.141452204728
0.312500000,0.421875000,0.251050185497,0.119248838111
0.328125000,0.421875000,0.205684902268,0.0977003285774
0.343750000,0.421875000,0.162285303205,0.0770855190223
0.359375000,0.421875000,0.121473557030,0.0576999395893
0.375000000,0.421875000,0.0839083566098,0.0398564693896
0.390625000,0.421875000,0.0502864755849,0.0238860759028
0.406250000,0.421875000,0.0213444985936,0.0101386368320
0.421875000,0.421875000,-0.00213926576014,-0.00101615123607
0.437500000,0.421875000,-0.0193426805940,-0.00918777328215
0.453125000,0.421875000,-0.0293974785018,-0.0139638022883
0.468750000,0.421875000,-0.0313867554756,-0.0149087088509
0.484375000,0.421875000,-0.0243422576089,-0.0115625723642
0.500000000,0.421875000,-0.00724145994437,-0.00343969347358
0.515625000,0.421875000,0.0209955600440,0.00997289102088
0.531250000,0.421875000,0.0615094490984,0.0292169883218
0.546875000,0.421875000,0.115505092439,0.0548649189084
0.562500000,0.421875000,0.184255300317,0.0875212676507
0.578125000,0.421875000,0.269104641920,0.127824704912
0.593750000,0.421875000,0.371473394811,0.176449862535
0.609375000,0.421875000,0.492861567261,0.234109244449
0.625000000,0.421875000,0.634852937708,0.301555145412
0.640625000,0.421875000,0.799119043407,0.379581545619
0.656250000,0.421875000,0.987423027876,0.469025938241
0.671875000,0.421875000,1.20162324049,0.570771039231
0.687500000,0.421875000,1.44384331610,0.685825575146
0.703125000,0.421875000,1.71582075622,0.815014859203
0.718750000,0.421875000,2.01987109441,0.959438769843
0.734375000,0.421875000,2.35825921250,1.12017312594
0.750000000,0.421875000,2.73335353257,1.29834292797
0.765625000,0.421875000,3.14762396577,1.49512138374
0.781250000,0.421875000,3.60363775264,1.71172793250
0.796875000,0.421875000,4.10405265678,1.94942501197
0.812500000,0.421875000,4.65160686142,2.20951325917
0.828125000,0.421875000,5.24910478207,2.49332477148
0.843750000,0.421875000,,
0.859375000,0.421875000,,
0.875000000,0.421875000,,
0.890625000,0.421875000,,
0.906250000,0.421875000,,
0.921875000,0.421875000,,
0.937500000,0.421875000,,
0.953125000,0.421875000,,
0.968750000,0.421875000,,
0.984375000,0.421875000,,
1.000000000,0.421875000,,
-1.000000000,0.437500000,,
-0.984375000,0.437500000,,
-0.968750000,0.437500000,,
-0.953125000,0.437500000,,
-0.937500000,0.437500000,,
-0.921875000,0.437500000,,
-0.906250000,0.437500000,,
-0.890625000,0.437500000,,
-0.875000000,0.437500000,,
-0.859375000,0.437500000,,
-0.843750000,0.437500000,,
-0.828125000,0.437500000,,
-0.812500000,0.437500000,5.05352710450,2.40042537464
-0.796875000,0.437500000,4.47581889711,2.12601397613
-0.781250000,0.437500000,3.94677466504,1.87471796589
-0.765625000,0.437500000,3.46365950869,1.64523826663
-0.750000000,0.437500000,3.02380934829,1.43630944044
-0.734375000,0.437500000,2.62464255121,1.24670521182
-0.718750000,0.437500000,2.26366802018,1.07524230959
-0.703125000,0.437500000,1.93849043399,0.920782956147
-0.687500000,0.437500000,1.64681321179,0.782236275602
-0.671875000,0.437500000,1.38643967284,0.658558844599
-0.656250000,0.437500000,1.15527278011,0.548754570551
-0.640625000,0.437500000,0.951165796406,0.451803753293
-0.625000000,0.437500000,0.772522470453,0.366948173465
-0.609375000,0.437500000,0.617374249268,0.293252768402
-0.593750000,0.437500000,0.484001939688,0.229900921352
-0.578125000,0.437500000,0.370772879687,0.176117117851
-0.562500000,0.437500000,0.276137226002,0.131165182351
-0.546875000,0.437500000,0.198624159649,0.0943464758331
-0.531250000,0.437500000,0.136838081499,0.0649980887121
-0.515625000,0.437500000,0.0894548592094,0.0424910581245
-0.500000000,0.437500000,0.0552181705346,0.0262286310039
-0.484375000,0.437500000,0.0329359795168,0.0156445902705
-0.468750000,0.437500000,0.0214771710241,0.0102016562364
-0.453125000,0.437500000,0.0197683634840,0.00938997265489
-0.437500000,0.437500000,0.0267909110831,0.0127256827645
-0.421875000,0.437500000,0.0415781048518,0.0197495998046
-0.406250000,0.437500000,0.0632125745390,0.0300259729060
-0.390625000,0.437500000,0.0908238920436,0.0431413487207
-0.375000000,0.437500000,0.123586373705,0.0587035275100
-0.359375000,0.437500000,0.160717076135,0.0763406111642
-0.343750000,0.437500000,0.201473979316,0.0957001401753
-0.328125000,0.437500000,0.245154348826,0.116448315693
-0.312500000,0.437500000,0.291093268183,0.138269302387
-0.296875000,0.437500000,0.338662331501,0.160864607463
-0.281250000,0.437500000,0.387268486427,0.183952531053
-0.265625000,0.437500000,0.436353016333,0.207267682758
-0.250000000,0.437500000,0.485390651606,0.230560559513
-0.234375000,0.437500000,0.533888798990,0.253597179520
-0.218750000,0.437500000,0.581386878912,0.276158767483
-0.203125000,0.437500000,0.627455759360,0.298041485696
-0.187500000,0.437500000,0.671697277602,0.319056206861
-0.171875000,0.437500000,0.713743839376,0.339028323704
-0.156250000,0.437500000,0.753258086704,0.357797591184
-0.140625000,0.437500000,0.789932625564,0.375217997143
-0.125000000,0.437500000,0.823489805202,0.391157657471
-0.109375000,0.437500000,0.853681541762,0.405498732337
-0.093750000,0.437500000,0.880289179305,0.418137360170
-0.078125000,0.437500000,0.903123382384,0.428983606632
-0.062500000,0.437500000,0.921992302041,0.437946343470
-0.046875000,0.437500000,0.936844670716,0.445001218590
-0.031250000,0.437500000,0.947522709136,0.450073286839
-0.015625000,0.437500000,0.953957210798,0.453129675129
0.000000000,0.437500000,0.956106657580,0.454150662351
0.015625000,0.437500000,0.953957210798,0.453129675129
0.031250000,0.437500000,0.947522709136,0.450073286839
0.046875000,0.437500000,0.936844670716,0.445001218590
0.062500000,0.437500000,0.921992302041,0.437946343470
0.078125000,0.437500000,0.903123382384,0.428983606632
0.093750000,0.437500000,0.880289179305,0.418137360170
0.109375000,0.437500000,0.853681541762,0.405498732337
0.125000000,0.437500000,0.823489805202,0.391157657471
0.140625000,0.437500000,0.789932625564,0.375217997143
0.156250000,0.437500000,0.753258086704,0.357797591184
0.171875000,0.437500000,0.713743839376,0.339028323704
0.187500000,0.437500000,0.671697277602,0.319056206861
0.203125000,0.437500000,0.627455759360,0.298041485696
0.218750000,0.437500000,0.581386878912,0.276158767483
0.234375000,0.437500000,0.533888798990,0.253597179520
0.250000000,0.437500000,0.485390651606,0.230560559513
0.265625000,0.437500000,0.436353016333,0.207267682758
0.281250000,0.437500000,0.387268486427,0.183952531053
0.296875000,0.437500000,0.338662331501,0.160864607463
0.312500000,0.437500000,0.291093268183,0.138269302387
0.328125000,0.437500000,0.245154348826,0.116448315693
0.343750000,0.437500000,0.201473979316,0.0957001401753
0.359375000,0.437500000,0.160717076135,0.0763406111642
0.375000000,0.437500000,0.123586373705,0.0587035275100
0.390625000,0.437500000,0.0908238920436,0.0431413487207
0.406250000,0.437500000,0.0632125745390,0.0300259729060
0.421875000,0.437500000,0.0415781048518,0.0197495998046
0.437500000,0.437500000,0.0267909110831,0.0127256827645
0.453125000,0.437500000,0.0197683634840,0.00938997265489
0.468750000,0.437500000,0.0214771710241,0.0102016562364
0.484375000,0.437500000,0.0329359795168,0.0156445902705
0.500000000,0.437500000,0.0552181705346,0.0262286310039
0.515625000,0.437500000,0.0894548592094,0.0424910581245
0.531250000,0.437500000,0.136838081499,0.0649980887121
0.546875000,0.437500000,0.198624159649,0.0943464758331
0.562500000,0.437500000,0.276137226002,0.131165182351
0.578125000,0.437500000,0.370772879687,0.176117117851
0.593750000,0.437500000,0.484001939688,0.229900921352
0.609375000,0.437500000,0.617374249268,0.293252768402
0.625000000,0.437500000,0.772522470453,0.366948173465
0.640625000,0.437500000,0.951165796406,0.451803753293
0.656250000,0.437500000,1.15527278011,0.548754570551
0.671875000,0.437500000,1.38643967284,0.658558844599
0.687500000,0.437500000,1.64681321179,0.782236275602
0.703125000,0.437500000,1.93849043399,0.920782956147
0.718750000,0.437500000,2.26366802018,1.07524230959
0.734375000,0.437500000,2.62464255121,1.24670521182
0.750000000,0.437500000,3.02380934829,1.43630944044
0.765625000,0.437500000,3.46365950869,1.64523826663
0.781250000,0.437500000,3.94677466504,1.87471796589
0.796875000,0.437500000,4.47581889711,2.12601397613
0.812500000,0.437500000,5.05352710450,2.40042537464
0.828125000,0.437500000,,
0.843750000,0.437500000,,
0.859375000,0.437500000,,
0.875000000,0.437500000,,
0.890625000,0.437500000,,
0.906250000,0.437500000,,
0.921875000,0.437500000,,
0.937500000,0.437500000,,
0.953125000,0.437500000,,
0.968750000,0.437500000,,
0.984375000,0.437500000,,
1.000000000,0.437500000,,
-1.000000000,0.453125000,,
-0.984375000,0.453125000,,
-0.968750000,0.453125000,,
-0.953125000,0.453125000,,
-0.937500000,0.453125000,,
-0.921875000,0.453125000,,
-0.906250000,0.453125000,,
-0.890625000,0.453125000,,
-0.875000000,0.453125000,,
-0.859375000,0.453125000,,
-0.843750000,0.453125000,,
-0.828125000,0.453125000,,
-0.812500000,0.453125000,5.48130129784,2.60361811647
-0.796875000,0.453125000,4.87196629584,2.31418399052
-0.781250000,0.453125000,4.31285271315,2.04860503875
-0.765625000,0.453125000,3.80123467341,1.80558646987
-0.750000000,0.453125000,3.33444633624,1.58386200972
-0.734375000,0.453125000,2.90989522431,1.38220023155
-0.718750000,0.453125000,2.52507174247,1.19940907767
-0.703125000,0.453125000,2.17755562552,1.03433892212
-0.687500000,0.453125000,1.86501992372,0.885884463765
-0.671875000,0.453125000,1.58523302843,0.752985688503
-0.656250000,0.453125000,1.33605915344,0.634628097884
-0.640625000,0.453125000,1.11545761304,0.529842366193
-0.625000000,0.453125000,0.921327758935,0.437630685494
-0.609375000,0.453125000,0.752130778803,0.357262119931
-0.593750000,0.453125000,0.605934162423,0.287818727151
-0.578125000,0.453125000,0.481055266891,0.228501251773
-0.562500000,0.453125000,0.375893149017,0.178549245783
-0.546875000,0.453125000,0.288925042709,0.137239395287
-0.531250000,0.453125000,0.218702797746,0.103883828929
-0.515625000,0.453125000,0.163849344059,0.0778284384280
-0.500000000,0.453125000,0.123055231895,0.0584512351501
-0.484375000,0.453125000,0.0950752868084,0.0451607612340
-0.468750000,0.453125000,0.0787254086092,0.0373945690894
-0.453125000,0.453125000,0.0728795357281,0.0346177794709
-0.437500000,0.453125000,0.0764667887548,0.0363217246585
-0.421875000,0.453125000,0.0884688042887,0.0420226820372
-0.406250000,0.453125000,0.107917260955,0.0512606989538
-0.390625000,0.453125000,0.133891601634,0.0635985107762
-0.375000000,0.453125000,0.165516947640,0.0786205501288
-0.359375000,0.453125000,0.201962202025,0.0959320459621
-0.343750000,0.453125000,0.242438335289,0.115158209262
-0.328125000,0.453125000,0.286196845912,0.135943501808
-0.312500000,0.453125000,0.332528387503,0.157950984064
-0.296875000,0.453125000,0.380761551549,0.180861736986
-0.281250000,0.453125000,0.430261797923,0.204374354013
-0.265625000,0.453125000,0.480430520441,0.228204497210
-0.250000000,0.453125000,0.530704238097,0.252084513096
-0.234375000,0.453125000,0.580553900985,0.275763102968
-0.218750000,0.453125000,0.629484299967,0.299005042484
-0.203125000,0.453125000,0.677033570616,0.321590946043
-0.187500000,0.453125000,0.722772779303,0.343317070169
-0.171875000,0.453125000,0.766305585090,0.363995152918
-0.156250000,0.453125000,0.807267964146,0.383452282969
-0.140625000,0.453125000,0.845327991384,0.401530795907
-0.125000000,0.453125000,0.880185669045,0.418088192796
-0.109375000,0.453125000,0.911572795462,0.432997077844
-0.093750000,0.453125000,0.939252866533,0.446145111603
-0.078125000,0.453125000,0.963021004520,0.457434977147
-0.062500000,0.453125000,0.982703907251,0.466784355944
-0.046875000,0.453125000,0.998127138935,0.474110390994
-0.031250000,0.453125000,1.00925816154,0.479397626733
-0.015625000,0.453125000,1.01608115677,0.482638549466
0.000000000,0.453125000,1.01832220704,0.483703048343
0.015625000,0.453125000,1.01608115677,0.482638549466
0.031250000,0.453125000,1.00925816154,0.479397626733
0.046875000,0.453125000,0.998127138935,0.474110390994
0.062500000,0.453125000,0.982703907251,0.466784355944
0.078125000,0.453125000,0.963021004520,0.457434977147
0.093750000,0.453125000,0.939252866533,0.446145111603
0.109375000,0.453125000,0.911572795462,0.432997077844
0.125000000,0.453125000,0.880185669045,0.418088192796
0.140625000,0.453125000,0.845327991384,0.401530795907
0.156250000,0.453125000,0.807267964146,0.383452282969
0.171875000,0.453125000,0.766305585090,0.363995152918
0.187500000,0.453125000,0.722772779303,0.343317070169
0.203125000,0.453125000,0.677033570616,0.321590946043
0.218750000,0.453125000,0.629484299967,0.299005042484
0.234375000,0.453125000,0.580553900985,0.275763102968
0.250000000,0.453125000,0.530704238097,0.252084513096
0.265625000,0.453125000,0.480430520441,0.228204497210
0.281250000,0.453125000,0.430261797923,0.204374354013
0.296875000,0.453125000,0.380761551549,0.180861736986
0.312500000,0.453125000,0.332528387503,0.157950984064
0.328125000,0.453125000,0.286196845912,0.135943501808
0.343750000,0.453125000,0.242438335289,0.115158209262
0.359375000,0.453125000,0.201962202025,0.0959320459621
0.375000000,0.453125000,0.165516947640,0.0786205501288
0.390625000,0.453125000,0.133891601634,0.0635985107762
0.406250000,0.453125000,0.107917260955,0.0512606989538
0.421875000,0.453125000,0.0884688042887,0.0420226820372
0.437500000,0.453125000,0.0764667887548,0.0363217246585
0.453125000,0.453125000,0.0728795357281,0.0346177794709
0.468750000,0.453125000,0.0787254086092,0.0373945690894
0.484375000,0.453125000,0.0950752868084,0.0451607612340
0.500000000,0.453125000,0.123055231895,0.0584512351501
0.515625000,0.453125000,0.163849344059,0.0778284384280
0.531250000,0.453125000,0.218702797746,0.103883828929
0.546875000,0.453125000,0.288925042709,0.137239395287
0.562500000,0.453125000,0.375893149017,0.178549245783
0.578125000,0.453125000,0.481055266891,0.228501251773
0.593750000,0.453125000,0.605934162423,0.287818727151
0.609375000,0.453125000,0.752130778803,0.357262119931
0.625000000,0.453125000,0.921327758935,0.437630685494
0.640625000,0.453125000,1.11545761304,0.529842366193
0.656250000,0.453125000,1.33605915344,0.634628097884
0.671875000,0.453125000,1.58523302843,0.752985688503
0.687500000,0.453125000,1.86501992372,0.885884463765
0.703125000,0.453125000,2.17755562552,1.03433892212
0.718750000,0.453125000,2.52507174247,1.19940907767
0.734375000,0.453125000,2.90989522431,1.38220023155
0.750000000,0.453125000,3.33444633624,1.58386200972
0.765625000,0.453125000,3.80123467341,1.80558646987
0.781250000,0.453125000,4.31285271315,2.04860503875
0.796875000,0.453125000,4.87196629584,2.31418399052
0.812500000,0.453125000,5.48130129784,2.60361811647
0.828125000,0.453125000,,
0.843750000,0.453125000,,
0.859375000,0.453125000,,
0.875000000,0.453125000,,
0.890625000,0.453125000,,
0.906250000,0.453125000,,
0.921875000,0.453125000,,
0.937500000,0.453125000,,
0.953125000,0.453125000,,
0.968750000,0.453125000,,
0.984375000,0.453125000,,
1.000000000,0.453125000,,
-1.000000000,0.468750000,,
-0.984375000,0.468750000,,
-0.968750000,0.468750000,,
-0.953125000,0.468750000,,
-0.937500000,0.468750000,,
-0.921875000,0.468750000,,
-0.906250000,0.468750000,,
-0.890625000,0.468750000,,
-0.875000000,0.468750000,,
-0.859375000,0.468750000,,
-0.843750000,0.468750000,,
-0.828125000,0.468750000,,
-0.812500000,0.468750000,,
-0.796875000,0.468750000,5.29417079035,2.51473112541
-0.781250000,0.468750000,4.70350113978,2.23416304139
-0.765625000,0.468750000,4.16192751870,1.97691557138
-0.750000000,0.468750000,3.66678775648,1.74172418433
-0.734375000,0.468750000,3.21548283280,1.52735434558
-0.718750000,0.468750000,2.80548799389,1.33260679710
-0.703125000,0.468750000,2.43436054853,1.15632126055
-0.687500000,0.468750000,2.09974499401,0.997378872154
-0.671875000,0.468750000,1.79937601076,0.854703605112
-0.656250000,0.468750000,1.53107976843,0.727262890002
-0.640625000,0.468750000,1.29277390857,0.614067606568
-0.625000000,0.468750000,1.08246650690,0.514171590776
-0.609375000,0.468750000,0.898254260590,0.426670773780
-0.593750000,0.468750000,0.738171008442,0.350631229010
-0.578125000,0.468750000,0.600791041983,0.285375744942
-0.562500000,0.468750000,0.484301580000,0.230043250500
-0.546875000,0.468750000,0.387126634781,0.183885151521
-0.531250000,0.468750000,0.307764096201,0.146187945696
-0.515625000,0.468750000,0.244782437565,0.116271657843
-0.500000000,0.468750000,0.196817473254,0.0934882997958
-0.484375000,0.468750000,0.162569211494,0.0772203754598
-0.468750000,0.468750000,0.140798833639,0.0668794459786
-0.453125000,0.468750000,0.130325824959,0.0619047668555
-0.437500000,0.468750000,0.130025272983,0.0617620046667
-0.421875000,0.468750000,0.138825344700,0.0659420387323
-0.406250000,0.468750000,0.155704948226,0.0739598504072
-0.390625000,0.468750000,0.179691582347,0.0853535016147
-0.375000000,0.468750000,0.209859371905,0.0996832016549
-0.359375000,0.468750000,0.245327285771,0.116530460741
-0.343750000,0.468750000,0.285257532854,0.135497328106
-0.328125000,0.468750000,0.328854126565,0.156205710118
-0.312500000,0.468750000,0.375361613141,0.178296766242
-0.296875000,0.468750000,0.424063950380,0.201430376431
-0.281250000,0.468750000,0.474283529991,0.225284676746
-0.265625000,0.468750000,0.525380331409,0.249555657419
-0.250000000,0.468750000,0.576751197619,0.273956818869
-0.234375000,0.468750000,0.627829220876,0.298218879916
-0.218750000,0.468750000,0.678083229630,0.322089534074
-0.203125000,0.468750000,0.727017363983,0.345333247892
-0.187500000,0.468750000,0.774170731575,0.367731097498
-0.171875000,0.468750000,0.819117132580,0.389080637975
-0.156250000,0.468750000,0.861464845472,0.409195801599
-0.140625000,0.468750000,0.900969874743,0.427960690503
-0.125000000,0.468750000,0.937078800740,0.445112430352
-0.109375000,0.468750000,0.969619786668,0.460569398668
-0.093750000,0.468750000,0.998337762298,0.474210437092
-0.078125000,0.468750000,1.02301168237,0.485930549126
-0.062500000,0.468750000,1.04345450911,0.495640891826
-0.046875000,0.468750000,1.05951320528,0.503268772509
-0.031250000,0.468750000,1.07102145608,0.508735191636
-0.015625000,0.468750000,1.07799827068,0.512049178574
0.000000000,0.468750000,1.08032930875,0.513156421657
0.015625000,0.468750000,1.07799827068,0.512049178574
0.031250000,0.468750000,1.07102145608,0.508735191636
0.046875000,0.468750000,1.05951320528,0.503268772509
0.062500000,0.468750000,1.04345450911,0.495640891826
0.078125000,0.468750000,1.02301168237,0.485930549126
0.093750000,0.468750000,0.998337762298,0.474210437092
0.109375000,0.468750000,0.969619786668,0.460569398668
0.125000000,0.468750000,0.937078800740,0.445112430352
0.140625000,0.468750000,0.900969874743,0.427960690503
0.156250000,0.468750000,0.861464845472,0.409195801599
0.171875000,0.468750000,0.819117132580,0.389080637975
0.187500000,0.468750000,0.774170731575,0.367731097498
0.203125000,0.468750000,0.727017363983,0.345333247892
0.218750000,0.468750000,0.678083229630,0.322089534074
0.234375000,0.468750000,0.627829220876,0.298218879916
0.250000000,0.468750000,0.576751197619,0.273956818869
0.265625000,0.468750000,0.525380331409,0.249555657419
0.281250000,0.468750000,0.474283529991,0.225284676746
0.296875000,0.468750000,0.424063950380,0.201430376431
0.312500000,0.468750000,0.375361613141,0.178296766242
0.328125000,0.468750000,0.328854126565,0.156205710118
0.343750000,0.468750000,0.285257532854,0.135497328106
0.359375000,0.468750000,0.245327285771,0.116530460741
0.375000000,0.468750000,0.209859371905,0.0996832016549
0.390625000,0.468750000,0.179691582347,0.0853535016147
0.406250000,0.468750000,0.155704948226,0.0739598504072
0.421875000,0.468750000,0.138825344700,0.0659420387323
0.437500000,0.468750000,0.130025272983,0.0617620046667
0.453125000,0.468750000,0.130325824959,0.0619047668555
0.468750000,0.468750000,0.140798833639,0.0668794459786
0.484375000,0.468750000,0.162569211494,0.0772203754598
0.500000000,0.468750000,0.196817473254,0.0934882997958
0.515625000,0.468750000,0.244782437565,0.116271657843
0.531250000,0.468750000,0.307764096201,0.146187945696
0.546875000,0.468750000,0.387126634781,0.183885151521
0.562500000,0.468750000,0.484301580000,0.230043250500
0.578125000,0.468750000,0.600791041983,0.285375744942
0.593750000,0.468750000,0.738171008442,0.350631229010
0.609375000,0.468750000,0.898254260590,0.426670773780
0.625000000,0.468750000,1.08246650690,0.514171590776
0.640625000,0.468750000,1.29277390857,0.614067606568
0.656250000,0.468750000,1.53107976843,0.727262890002
0.671875000,0.468750000,1.79937601076,0.854703605112
0.687500000,0.468750000,2.09974499401,0.997378872154
0.703125000,0.468750000,2.43436054853,1.15632126055
0.718750000,0.468750000,2.80548799389,1.33260679710
0.734375000,0.468750000,3.21548283280,1.52735434558
0.750000000,0.468750000,3.66678775648,1.74172418433
0.765625000,0.468750000,4.16192751870,1.97691557138
0.781250000,0.468750000,4.70350113978,2.23416304139
0.796875000,0.468750000,5.29417079035,2.51473112541
0.812500000,0.468750000,,
0.828125000,0.468750000,,
0.843750000,0.468750000,,
0.859375000,0.468750000,,
0.875000000,0.468750000,,
0.890625000,0.468750000,,
0.906250000,0.468750000,,
0.921875000,0.468750000,,
0.937500000,0.468750000,,
0.953125000,0.468750000,,
0.968750000,0.468750000,,
0.984375000,0.468750000,,
1.000000000,0.468750000,,
-1.000000000,0.484375000,,
-0.984375000,0.484375000,,
-0.968750000,0.484375000,,
-0.953125000,0.484375000,,
-0.937500000,0.484375000,,
-0.921875000,0.484375000,,
-0.906250000,0.484375000,,
-0.890625000,0.484375000,,
-0.875000000,0.484375000,,
-0.859375000,0.484375000,,
-0.843750000,0.484375000,,
-0.828125000,0.484375000,,
-0.812500000,0.484375000,,
-0.796875000,0.484375000,,
-0.781250000,0.484375000,5.12044155124,2.43220973684
-0.765625000,0.484375000,4.54741029482,2.16001989004
-0.750000000,0.484375000,4.02245205256,1.91066472496
-0.734375000,0.484375000,3.54296642850,1.68290905354
-0.718750000,0.484375000,3.10641759792,1.47554835901
-0.703125000,0.484375000,2.71034360839,1.28741321399
-0.687500000,0.484375000,2.35236278174,1.11737232133
-0.671875000,0.484375000,2.03017779062,0.964334450546
-0.656250000,0.484375000,1.74157788736,0.827249496497
-0.640625000,0.484375000,1.48443967488,0.705108845566
-0.625000000,0.484375000,1.25672674571,0.596945204213
-0.609375000,0.484375000,1.05648845249,0.501832014933
-0.593750000,0.484375000,0.881858030149,0.418882564321
-0.578125000,0.484375000,0.730894204594,0.347174747182
-0.562500000,0.484375000,0.602212503436,0.286050939132
-0.546875000,0.484375000,0.494015929924,0.234657566714
-0.531250000,0.484375000,0.404747140869,0.192254891913
-0.515625000,0.484375000,0.332918750964,0.158136406708
-0.500000000,0.484375000,0.277110331570,0.131627407496
-0.484375000,0.484375000,0.235965481605,0.112083603762
-0.468750000,0.484375000,0.208189005339,0.0988897775361
-0.453125000,0.484375000,0.192544225931,0.0914585073174
-0.437500000,0.484375000,0.187850452229,0.0892289648089
-0.421875000,0.484375000,0.192980612760,0.0916657910612
-0.406250000,0.484375000,0.206859064532,0.0982580556526
-0.390625000,0.484375000,0.228459579785,0.108518300398
-0.375000000,0.484375000,0.256803512298,0.121981668342
-0.359375000,0.484375000,0.290958138622,0.138205115845
-0.343750000,0.484375000,0.330035170985,0.156766706218
-0.328125000,0.484375000,0.373189434838,0.177264981548
-0.312500000,0.484375000,0.419617702560,0.199318408716
-0.296875000,0.484375000,0.468557675380,0.222564895805
-0.281250000,0.484375000,0.519287102480,0.246661373678
-0.265625000,0.484375000,0.571123028666,0.271283438616
-0.250000000,0.484375000,0.623421158181,0.296125050136
-0.234375000,0.484375000,0.675575326049,0.320898279873
-0.218750000,0.484375000,0.727017064346,0.345333105564
-0.203125000,0.484375000,0.777215254784,0.369177246022
-0.187500000,0.484375000,0.825785395467,0.392248062847
-0.171875000,0.484375000,0.872046718697,0.414222191381
-0.156250000,0.484375000,0.915693347951,0.434954340277
-0.140625000,0.484375000,0.956341405108,0.454262167426
-0.125000000,0.484375000,0.993643564474,0.471980693125
-0.109375000,0.484375000,1.02728901666,0.487962282916
-0.093750000,0.484375000,1.05700345702,0.502076642084
-0.078125000,0.484375000,1.08254909052,0.514210817999
-0.062500000,0.484375000,1.10372464776,0.524269207685
-0.046875000,0.484375000,1.12036540771,0.532173568662
-0.031250000,0.484375000,1.13234322187,0.537863030390
-0.015625000,0.484375000,1.13956653717,0.541294105155
0.000000000,0.484375000,1.14198041376,0.542440696536
0.015625000,0.484375000,1.13956653717,0.541294105155
0.031250000,0.484375000,1.13234322187,0.537863030390
0.046875000,0.484375000,1.12036540771,0.532173568662
0.062500000,0.484375000,1.10372464776,0.524269207685
0.078125000,0.484375000,1.08254909052,0.514210817999
0.093750000,0.484375000,1.05700345702,0.502076642084
0.109375000,0.484375000,1.02728901666,0.487962282916
0.125000000,0.484375000,0.993643564474,0.471980693125
0.140625000,0.484375000,0.956341405108,0.454262167426
0.156250000,0.484375000,0.915693347951,0.434954340277
0.171875000,0.484375000,0.872046718697,0.414222191381
0.187500000,0.484375000,0.825785395467,0.392248062847
0.203125000,0.484375000,0.777215254784,0.369177246022
0.218750000,0.484375000,0.727017064346,0.345333105564
0.234375000,0.484375000,0.675575326049,0.320898279873
0.250000000,0.484375000,0.623421158181,0.296125050136
0.265625000,0.484375000,0.571123028666,0.271283438616
0.281250000,0.484375000,0.519287102480,0.246661373678
0.296875000,0.484375000,0.468557675380,0.222564895805
0.312500000,0.484375000,0.419617702560,0.199318408716
0.328125000,0.484375000,0.373189434838,0.177264981548
0.343750000,0.484375000,0.330035170985,0.156766706218
0.359375000,0.484375000,0.290958138622,0.138205115845
0.375000000,0.484375000,0.256803512298,0.121981668342
0.390625000,0.484375000,0.228459579785,0.108518300398
0.406250000,0.484375000,0.206859064532,0.0982580556526
0.421875000,0.484375000,0.192980612760,0.0916657910612
0.437500000,0.484375000,0.187850452229,0.0892289648089
0.453125000,0.484375000,0.192544225931,0.0914585073174
0.468750000,0.484375000,0.208189005339,0.0988897775361
0.484375000,0.484375000,0.235965481605,0.112083603762
0.500000000,0.484375000,0.277110331570,0.131627407496
0.515625000,0.484375000,0.332918750964,0.158136406708
0.531250000,0.484375000,0.404747140869,0.192254891913
0.546875000,0.484375000,0.494015929924,0.234657566714
0.562500000,0.484375000,0.602212503436,0.286050939132
0.578125000,0.484375000,0.730894204594,0.347174747182
0.593750000,0.484375000,0.881858030149,0.418882564321
0.609375000,0.484375000,1.05648845249,0.501832014933
0.625000000,0.484375000,1.25672674571,0.596945204213
0.640625000,0.484375000,1.48443967488,0.705108845566
0.656250000,0.484375000,1.74157788736,0.827249496497
0.671875000,0.484375000,2.03017779062,0.964334450546
0.687500000,0.484375000,2.35236278174,1.11737232133
0.703125000,0.484375000,2.71034360839,1.28741321399
0.718750000,0.484375000,3.10641759792,1.47554835901
0.734375000,0.484375000,3.54296642850,1.68290905354
0.750000000,0.484375000,4.02245205256,1.91066472496
0.765625000,0.484375000,4.54741029482,2.16001989004
0.781250000,0.484375000,5.12044155124,2.43220973684
0.796875000,0.484375000,,
0.812500000,0.484375000,,
0.828125000,0.484375000,,
0.843750000,0.484375000,,
0.859375000,0.484375000,,
0.875000000,0.484375000,,
0.890625000,0.484375000,,
0.906250000,0.484375000,,
0.921875000,0.484375000,,
0.937500000,0.484375000,,
0.953125000,0.484375000,,
0.968750000,0.484375000,,
0.984375000,0.484375000,,
1.000000000,0.484375000,,
-1.000000000,0.500000000,,
-0.984375000,0.500000000,,
-0.968750000,0.500000000,,
-0.953125000,0.500000000,,
-0.937500000,0.500000000,,
-0.921875000,0.500000000,,
-0.906250000,0.500000000,,
-0.890625000,0.500000000,,
-0.875000000,0.500000000,,
-0.859375000,0.500000000,,
-0.843750000,0.500000000,,
-0.828125000,0.500000000,,
-0.812500000,0.500000000,,
-0.796875000,0.500000000,,
-0.781250000,0.500000000,,
-0.765625000,0.500000000,4.95945007236,2.35573878437
-0.750000000,0.500000000,4.40315436569,2.09149832370
-0.734375000,0.500000000,3.89400479651,1.84965227834
-0.718750000,0.500000000,3.42945941541,1.62899322232
-0.703125000,0.500000000,3.00704091925,1.42834443664
-0.687500000,0.500000000,2.62434447727,1.24656362670
-0.671875000,0.500000000,2.27904301915,1.08254543409
-0.656250000,0.500000000,1.96889049448,0.935222984876
-0.640625000,0.500000000,1.69172352659,0.803568675129
-0.625000000,0.500000000,1.44546180733,0.686594358483
-0.609375000,0.500000000,1.22810752044,0.583351072208
-0.593750000,0.500000000,1.03774402775,0.492928413180
-0.578125000,0.500000000,0.872534011591,0.414453655506
-0.562500000,0.500000000,0.730717230789,0.347090684625
-0.546875000,0.500000000,0.610454079499,0.289965687762
-0.531250000,0.500000000,0.510447874205,0.242462740247
-0.515625000,0.500000000,0.428990232838,0.203770360598
-0.500000000,0.500000000,0.364603098953,0.173186472003
-0.484375000,0.500000000,0.315872175958,0.150039283580
-0.468750000,0.500000000,0.281444324514,0.133686054144
-0.453125000,0.500000000,0.260025076065,0.123511911131
-0.437500000,0.500000000,0.250376283974,0.118928734888
-0.421875000,0.500000000,0.251313928509,0.119374116042
-0.406250000,0.500000000,0.261706085214,0.124310390477
-0.390625000,0.500000000,0.280471060991,0.133223753971
-0.375000000,0.500000000,0.306575700551,0.145623457762
-0.359375000,0.500000000,0.339033860496,0.161041083736
-0.343750000,0.500000000,0.376905048457,0.179029898017
-0.328125000,0.500000000,0.419293219615,0.199164279317
-0.312500000,0.500000000,0.465345724581,0.221039219176
-0.296875000,0.500000000,0.514252399338,0.244269889685
-0.281250000,0.500000000,0.565244788542,0.268491274557
-0.265625000,0.500000000,0.617595490714,0.293357858089
-0.250000000,0.500000000,0.670617616534,0.318543367854
-0.234375000,0.500000000,0.723774074127,0.343792685210
-0.218750000,0.500000000,0.776232545719,0.368710459217
-0.203125000,0.500000000,0.827541508082,0.393082216339
-0.187500000,0.500000000,0.877172530031,0.416656951765
-0.171875000,0.500000000,0.924636308072,0.439202246334
-0.156250000,0.500000000,0.969482580628,0.460504225799
-0.140625000,0.500000000,1.01130008414,0.480367539968
-0.125000000,0.500000000,1.04971654258,0.498615357726
-0.109375000,0.500000000,1.08439868343,0.515089374627
-0.093750000,0.500000000,1.11505227140,0.529649828913
-0.078125000,0.500000000,1.14142215464,0.542175523455
-0.062500000,0.500000000,1.16329231625,0.552563850218
-0.046875000,0.500000000,1.18048592775,0.560730815681
-0.031250000,0.500000000,1.19286539763,0.566611063876
-0.015625000,0.500000000,1.20033241372,0.570157896516
0.000000000,0.500000000,1.20282797553,0.571343288377
0.015625000,0.500000000,1.20033241372,0.570157896516
0.031250000,0.500000000,1.19286539763,0.566611063876
0.046875000,0.500000000,1.18048592775,0.560730815681
0.062500000,0.500000000,1.16329231625,0.552563850218
0.078125000,0.500000000,1.14142215464,0.542175523455
0.093750000,0.500000000,1.11505227140,0.529649828913
0.109375000,0.500000000,1.08439868343,0.515089374627
0.125000000,0.500000000,1.04971654258,0.498615357726
0.140625000,0.500000000,1.01130008414,0.480367539968
0.156250000,0.500000000,0.969482580628,0.460504225799
0.171875000,0.500000000,0.924636308072,0.439202246334
0.187500000,0.500000000,0.877172530031,0.416656951765
0.203125000,0.500000000,0.827541508082,0.393082216339
0.218750000,0.500000000,0.776232545719,0.368710459217
0.234375000,0.500000000,0.723774074127,0.343792685210
0.250000000,0.500000000,0.670617616534,0.318543367854
0.265625000,0.500000000,0.617595490714,0.293357858089
0.281250000,0.500000000,0.565244788542,0.268491274557
0.296875000,0.500000000,0.514252399338,0.244269889685
0.312500000,0.500000000,0.465345724581,0.221039219176
0.328125000,0.500000000,0.419293219615,0.199164279317
0.343750000,0.500000000,0.376905048457,0.179029898017
0.359375000,0.500000000,0.339033860496,0.161041083736
0.375000000,0.500000000,0.306575700551,0.145623457762
0.390625000,0.500000000,0.280471060991,0.133223753971
0.406250000,0.500000000,0.261706085214,0.124310390477
0.421875000,0.500000000,0.251313928509,0.119374116042
0.437500000,0.500000000,0.250376283974,0.118928734888
0.453125000,0.500000000,0.260025076065,0.123511911131
0.468750000,0.500000000,0.281444324514,0.133686054144
0.484375000,0.500000000,0.315872175958,0.150039283580
0.500000000,0.500000000,0.364603098953,0.173186472003
0.515625000,0.500000000,0.428990232838,0.203770360598
0.531250000,0.500000000,0.510447874205,0.242462740247
0.546875000,0.500000000,0.610454079499,0.289965687762
0.562500000,0.500000000,0.730717230789,0.347090684625
0.578125000,0.500000000,0.872534011591,0.414453655506
0.593750000,0.500000000,1.03774402775,0.492928413180
0.609375000,0.500000000,1.22810752044,0.583351072208
0.625000000,0.500000000,1.44546180733,0.686594358483
0.640625000,0.500000000,1.69172352659,0.803568675129
0.656250000,0.500000000,1.96889049448,0.935222984876
0.671875000,0.500000000,2.27904301915,1.08254543409
0.687500000,0.500000000,2.62434447727,1.24656362670
0.703125000,0.500000000,3.00704091925,1.42834443664
0.718750000,0.500000000,3.42945941541,1.62899322232
0.734375000,0.500000000,3.89400479651,1.84965227834
0.750000000,0.500000000,4.40315436569,2.09149832370
0.765625000,0.500000000,4.95945007236,2.35573878437
0.781250000,0.500000000,,
0.796875000,0.500000000,,
0.812500000,0.500000000,,
0.828125000,0.500000000,,
0.843750000,0.500000000,,
0.859375000,0.500000000,,
0.875000000,0.500000000,,
0.890625000,0.500000000,,
0.906250000,0.500000000,,
0.921875000,0.500000000,,
0.937500000,0.500000000,,
0.953125000,0.500000000,,
0.968750000,0.500000000,,
0.984375000,0.500000000,,
1.000000000,0.500000000,,
-1.000000000,0.515625000,,
-0.984375000,0.515625000,,
-0.968750000,0.515625000,,
-0.953125000,0.515625000,,
-0.937500000,0.515625000,,
-0.921875000,0.515625000,,
-0.906250000,0.515625000,,
-0.890625000,0.515625000,,
-0.875000000,0.515625000,,
-0.859375000,0.515625000,,
-0.843750000,0.515625000,,
-0.828125000,0.515625000,,
-0.812500000,0.515625000,,
-0.796875000,0.515625000,,
-0.781250000,0.515625000,,
-0.765625000,0.515625000,5.39990830100,2.56495644298
-0.750000000,0.515625000,4.81070716138,2.28508590165
-0.734375000,0.515625000,4.27035601286,2.02841910611
-0.718750000,0.515625000,3.77631271488,1.79374853957
-0.703125000,0.515625000,3.32608937908,1.57989245506
-0.687500000,0.515625000,2.91726178958,1.38569935005
-0.671875000,0.515625000,2.54747604430,1.21005112104
-0.656250000,0.515625000,2.21445296904,1.05186516030
-0.640625000,0.515625000,1.91599075725,0.910095609693
-0.625000000,0.515625000,1.64996621180,0.783733950607
-0.609375000,0.515625000,1.41433489758,0.671809076349
-0.593750000,0.515625000,1.20713045881,0.573386967937
-0.578125000,0.515625000,1.02646330935,0.487570071942
-0.562500000,0.515625000,0.870518868456,0.413496462516
-0.546875000,0.515625000,0.737555478832,0.350338852445
-0.531250000,0.515625000,0.625902121643,0.297303507781
-0.515625000,0.515625000,0.533802750579,0.253556306525
-0.500000000,0.515625000,0.460035558658,0.218516890362
-0.484375000,0.515625000,0.402964396053,0.191408088125
-0.468750000,0.515625000,0.361176724651,0.171558944209
-0.453125000,0.515625000,0.333318751655,0.158326407036
-0.437500000,0.515625000,0.318093282906,0.151094309380
-0.421875000,0.515625000,0.314257714516,0.149272414395
-0.406250000,0.515625000,0.320622174292,0.152295532788
-0.390625000,0.515625000,0.336047819874,0.159622714440
-0.375000000,0.515625000,0.359445296794,0.170736515977
-0.359375000,0.515625000,0.389773355749,0.185142343981
-0.343750000,0.515625000,0.426037626352,0.202367872517
-0.328125000,0.515625000,0.467289541954,0.221962532428
-0.312500000,0.515625000,0.512625408565,0.243497069068
-0.296875000,0.515625000,0.561185610793,0.266563165127
-0.281250000,0.515625000,0.612153944014,0.290773123407
-0.265625000,0.515625000,0.664863996658,0.315810398412
-0.250000000,0.515625000,0.718364451260,0.341223114349
-0.234375000,0.515625000,0.772080598981,0.366738284516
-0.218750000,0.515625000,0.825365336972,0.392048535062
-0.203125000,0.515625000,0.877613198536,0.416866269305
-0.187500000,0.515625000,0.928260234280,0.440923611283
-0.171875000,0.515625000,0.976783948956,0.463972375754
-0.156250000,0.515625000,1.02270328495,0.485784060353
-0.140625000,0.515625000,1.06557864201,0.506149854955
-0.125000000,0.515625000,1.10501192605,0.524880664876
-0.109375000,0.515625000,1.14064661842,0.541807143747
-0.093750000,0.515625000,1.17216785785,0.556779732479
-0.078125000,0.515625000,1.19930252917,0.569668701356
-0.062500000,0.515625000,1.22181935273,0.580364192546
-0.046875000,0.515625000,1.23952896850,0.588776260038
-0.031250000,0.515625000,1.25228401136,0.594834905396
-0.015625000,0.515625000,1.25997917372,0.598490107517
0.000000000,0.515625000,1.26255125154,0.599711844481
0.015625000,0.515625000,1.25997917372,0.598490107517
0.031250000,0.515625000,1.25228401136,0.594834905396
0.046875000,0.515625000,1.23952896850,0.588776260038
0.062500000,0.515625000,1.22181935273,0.580364192546
0.078125000,0.515625000,1.19930252917,0.569668701356
0.093750000,0.515625000,1.17216785785,0.556779732479
0.109375000,0.515625000,1.14064661842,0.541807143747
0.125000000,0.515625000,1.10501192605,0.524880664876
0.140625000,0.515625000,1.06557864201,0.506149854955
0.156250000,0.515625000,1.02270328495,0.485784060353
0.171875000,0.515625000,0.976783948956,0.463972375754
0.187500000,0.515625000,0.928260234280,0.440923611283
0.203125000,0.515625000,0.877613198536,0.416866269305
0.218750000,0.515625000,0.825365336972,0.392048535062
0.234375000,0.515625000,0.772080598981,0.366738284516
0.250000000,0.515625000,0.718364451260,0.341223114349
0.265625000,0.515625000,0.664863996658,0.315810398412
0.281250000,0.515625000,0.612153944014,0.290773123407
0.296875000,0.515625000,0.561185610793,0.266563165127
0.312500000,0.515625000,0.512625408565,0.243497069068
0.328125000,0.515625000,0.467289541954,0.221962532428
0.343750000,0.515625000,0.426037626352,0.202367872517
0.359375000,0.515625000,0.389773355749,0.185142343981
0.375000000,0.515625000,0.359445296794,0.170736515977
0.390625000,0.515625000,0.336047819874,0.159622714440
0.406250000,0.515625000,0.320622174292,0.152295532788
0.421875000,0.515625000,0.314257714516,0.149272414395
0.437500000,0.515625000,0.318093282906,0.151094309380
0.453125000,0.515625000,0.333318751655,0.158326407036
0.468750000,0.515625000,0.361176724651,0.171558944209
0.484375000,0.515625000,0.402964396053,0.191408088125
0.500000000,0.515625000,0.460035558658,0.218516890362
0.515625000,0.515625000,0.533802750579,0.253556306525
0.531250000,0.515625000,0.625902121643,0.297303507781
0.546875000,0.515625000,0.737555478832,0.350338852445
0.562500000,0.515625000,0.870518868456,0.413496462516
0.578125000,0.515625000,1.02646330935,0.487570071942
0.593750000,0.515625000,1.20713045881,0.573386967937
0.609375000,0.515625000,1.41433489758,0.671809076349
0.625000000,0.515625000,1.64996621180,0.783733950607
0.640625000,0.515625000,1.91599075725,0.910095609693
0.656250000,0.515625000,2.21445296904,1.05186516030
0.671875000,0.515625000,2.54747604430,1.21005112104
0.687500000,0.515625000,2.91726178958,1.38569935005
0.703125000,0.515625000,3.32608937908,1.57989245506
0.718750000,0.515625000,3.77631271488,1.79374853957
0.734375000,0.515625000,4.27035601286,2.02841910611
0.750000000,0.515625000,4.81070716138,2.28508590165
0.765625000,0.515625000,5.39990830100,2.56495644298
0.781250000,0.515625000,,
0.796875000,0.515625000,,
0.812500000,0.515625000,,
0.828125000,0.515625000,,
0.843750000,0.515625000,,
0.859375000,0.515625000,,
0.875000000,0.515625000,,
0.890625000,0.515625000,,
0.906250000,0.515625000,,
0.921875000,0.515625000,,
0.937500000,0.515625000,,
0.953125000,0.515625000,,
0.968750000,0.515625000,,
0.984375000,0.515625000,,
1.000000000,0.515625000,,
-1.000000000,0.531250000,,
-0.984375000,0.531250000,,
-0.968750000,0.531250000,,
-0.953125000,0.531250000,,
-0.937500000,0.531250000,,
-0.921875000,0.531250000,,
-0.906250000,0.531250000,,
-0.890625000,0.531250000,,
-0.875000000,0.531250000,,
-0.859375000,0.531250000,,
-0.843750000,0.531250000,,
-0.828125000,0.531250000,,
-0.812500000,0.531250000,,
-0.796875000,0.531250000,,
-0.781250000,0.531250000,,
-0.765625000,0.531250000,,
-0.750000000,0.531250000,5.24701970045,2.49233435771
-0.734375000,0.531250000,4.67387804015,2.22009206907
-0.718750000,0.531250000,4.14877875163,1.97066990702
-0.703125000,0.531250000,3.66922911085,1.74288382765
-0.687500000,0.531250000,3.23279013931,1.53557531617
-0.671875000,0.531250000,2.83708476038,1.34761526118
-0.656250000,0.531250000,2.47980350438,1.17790666458
-0.640625000,0.531250000,2.15870825285,1.02538642011
-0.625000000,0.531250000,1.87163442794,0.889026353271
-0.609375000,0.531250000,1.61649196020,0.767833681094
-0.593750000,0.531250000,1.39126531174,0.660851023076
-0.578125000,0.531250000,1.19401278014,0.567156070566
-0.562500000,0.531250000,1.02286526772,0.485861002167
-0.546875000,0.531250000,0.876024670010,0.416111718255
-0.531250000,0.531250000,0.751762003955,0.357086951879
-0.515625000,0.531250000,0.648415376702,0.307997303934
-0.500000000,0.531250000,0.564387874090,0.268084240193
-0.484375000,0.531250000,0.497991420852,0.236545924905
-0.468750000,0.531250000,0.448068882423,0.212832719151
-0.453125000,0.531250000,0.413042916493,0.196195385334
-0.437500000,0.531250000,0.391555792700,0.185989001532
-0.421875000,0.531250000,0.382304777026,0.181594769087
-0.406250000,0.531250000,0.384040462456,0.182419219667
-0.390625000,0.531250000,0.395565242851,0.187893490354
-0.375000000,0.531250000,0.415731934614,0.197472668941
-0.359375000,0.531250000,0.443442548937,0.210635210745
-0.343750000,0.531250000,0.477647210117,0.226882424805
-0.328125000,0.531250000,0.517343217533,0.245738028328
-0.312500000,0.531250000,0.561574244665,0.266747766216
-0.296875000,0.531250000,0.609535904395,0.289529554588
-0.281250000,0.531250000,0.660142868424,0.313567862501
-0.265625000,0.531250000,0.712688770066,0.338527165781
-0.250000000,0.531250000,0.766397148572,0.364038645572
-0.234375000,0.531250000,0.820535679681,0.389754447849
-0.218750000,0.531250000,0.874416009121,0.415347604332
-0.203125000,0.531250000,0.927393657039,0.440511987093
-0.187500000,0.531250000,0.978867982154,0.464962291523
-0.171875000,0.531250000,1.02828219673,0.488434043448
-0.156250000,0.531250000,1.07512342201,0.510683625456
-0.140625000,0.531250000,1.11892277573,0.531488318473
-0.125000000,0.531250000,1.15925548215,0.550646354019
-0.109375000,0.531250000,1.19574099713,0.567976973637
-0.093750000,0.531250000,1.22804314078,0.583320491871
-0.078125000,0.531250000,1.25587023075,0.596538359606
-0.062500000,0.531250000,1.27897521047,0.607513224973
-0.046875000,0.531250000,1.29715576617,0.616148988931
-0.031250000,0.531250000,1.31025442954,0.622370854032
-0.015625000,0.531250000,1.31815866107,0.626125364007
0.000000000,0.531250000,1.32080091174,0.627380433077
0.015625000,0.531250000,1.31815866107,0.626125364007
0.031250000,0.531250000,1.31025442954,0.622370854032
0.046875000,0.531250000,1.29715576617,0.616148988931
0.062500000,0.531250000,1.27897521047,0.607513224973
0.078125000,0.531250000,1.25587023075,0.596538359606
0.093750000,0.531250000,1.22804314078,0.583320491871
0.109375000,0.531250000,1.19574099713,0.567976973637
0.125000000,0.531250000,1.15925548215,0.550646354019
0.140625000,0.531250000,1.11892277573,0.531488318473
0.156250000,0.531250000,1.07512342201,0.510683625456
0.171875000,0.531250000,1.02828219673,0.488434043448
0.187500000,0.531250000,0.978867982154,0.464962291523
0.203125000,0.531250000,0.927393657039,0.440511987093
0.218750000,0.531250000,0.874416009121,0.415347604332
0.234375000,0.531250000,0.820535679681,0.389754447849
0.250000000,0.531250000,0.766397148572,0.364038645572
0.265625000,0.531250000,0.712688770066,0.338527165781
0.281250000,0.531250000,0.660142868424,0.313567862501
0.296875000,0.531250000,0.609535904395,0.289529554588
0.312500000,0.531250000,0.561574244665,0.266747766216
0.328125000,0.531250000,0.517343217533,0.245738028328
0.343750000,0.531250000,0.477647210117,0.226882424805
0.359375000,0.531250000,0.443442548937,0.210635210745
0.375000000,0.531250000,0.415731934614,0.197472668941
0.390625000,0.531250000,0.395565242851,0.187893490354
0.406250000,0.531250000,0.384040462456,0.182419219667
0.421875000,0.531250000,0.382304777026,0.181594769087
0.437500000,0.531250000,0.391555792700,0.185989001532
0.453125000,0.531250000,0.413042916493,0.196195385334
0.468750000,0.531250000,0.448068882423,0.212832719151
0.484375000,0.531250000,0.497991420852,0.236545924905
0.500000000,0.531250000,0.564387874090,0.268084240193
0.515625000,0.531250000,0.648415376702,0.307997303934
0.531250000,0.531250000,0.751762003955,0.357086951879
0.546875000,0.531250000,0.876024670010,0.416111718255
0.562500000,0.531250000,1.02286526772,0.485861002167
0.578125000,0.531250000,1.19401278014,0.567156070566
0.593750000,0.531250000,1.39126531174,0.660851023076
0.609375000,0.531250000,1.61649196020,0.767833681094
0.625000000,0.531250000,1.87163442794,0.889026353271
0.640625000,0.531250000,2.15870825285,1.02538642011
0.656250000,0.531250000,2.47980350438,1.17790666458
0.671875000,0.531250000,2.83708476038,1.34761526118
0.687500000,0.531250000,3.23279013931,1.53557531617
0.703125000,0.531250000,3.66922911085,1.74288382765
0.718750000,0.531250000,4.14877875163,1.97066990702
0.734375000,0.531250000,4.67387804015,2.22009206907
0.750000000,0.531250000,5.24701970045,2.49233435771
0.765625000,0.531250000,,
0.781250000,0.531250000,,
0.796875000,0.531250000,,
0.812500000,0.531250000,,
0.828125000,0.531250000,,
0.843750000,0.531250000,,
0.859375000,0.531250000,,
0.875000000,0.531250000,,
0.890625000,0.531250000,,
0.906250000,0.531250000,,
0.921875000,0.531250000,,
0.937500000,0.531250000,,
0.953125000,0.531250000,,
0.968750000,0.531250000,,
0.984375000,0.531250000,,
1.000000000,0.531250000,,
-1.000000000,0.546875000,,
-0.984375000,0.546875000,,
-0.968750000,0.546875000,,
-0.953125000,0.546875000,,
-0.937500000,0.546875000,,
-0.921875000,0.546875000,,
-0.906250000,0.546875000,,
-0.890625000,0.546875000,,
-0.875000000,0.546875000,,
-0.859375000,0.546875000,,
-0.843750000,0.546875000,,
-0.828125000,0.546875000,,
-0.812500000,0.546875000,,
-0.796875000,0.546875000,,
-0.781250000,0.546875000,,
-0.765625000,0.546875000,,
-0.750000000,0.546875000,,
-0.734375000,0.546875000,5.10652806845,2.42560083252
-0.718750000,0.546875000,4.54876129547,2.16066161535
-0.703125000,0.546875000,4.03830503301,1.91819489068
-0.687500000,0.546875000,3.57271114613,1.69703779441
-0.671875000,0.546875000,3.14958389875,1.49605235191
-0.656250000,0.546875000,2.76658710373,1.31412887427
-0.640625000,0.546875000,2.42144910404,1.15018832442
-0.625000000,0.546875000,2.11196602277,1.00318386082
-0.609375000,0.546875000,1.83600364396,0.872101730880
-0.593750000,0.546875000,1.59149822549,0.755961657107
-0.578125000,0.546875000,1.37645648750,0.653816831563
-0.562500000,0.546875000,1.18895498006,0.564753615531
-0.546875000,0.546875000,1.02713899457,0.487891022420
-0.531250000,0.546875000,0.889221153180,0.422380047760
-0.515625000,0.546875000,0.773479786268,0.367402898477
-0.500000000,0.546875000,0.678257184733,0.322172162748
-0.484375000,0.546875000,0.601957798062,0.285929954080
-0.468750000,0.546875000,0.543046432140,0.257947055266
-0.453125000,0.546875000,0.499890302546,0.237447893709
-0.437500000,0.546875000,0.471389825715,0.223910167215
-0.421875000,0.546875000,0.456016188493,0.216607689534
-0.406250000,0.546875000,0.452458958396,0.214918005238
-0.390625000,0.546875000,0.459460235222,0.218243611730
-0.375000000,0.546875000,0.475813451763,0.226011389587
-0.359375000,0.546875000,0.500362311352,0.237672097892
-0.343750000,0.546875000,0.531999863134,0.252699934989
-0.328125000,0.546875000,0.569775440354,0.270643334168
-0.312500000,0.546875000,0.612454698924,0.290915981989
-0.296875000,0.546875000,0.659191490400,0.313115957940
-0.281250000,0.546875000,0.709069498248,0.336808011668
-0.265625000,0.546875000,0.761219020563,0.361579034767
-0.250000000,0.546875000,0.814816741860,0.387037952384
-0.234375000,0.546875000,0.869085591032,0.412815655740
-0.218750000,0.546875000,0.923294674298,0.438564970292
-0.203125000,0.546875000,0.976759272400,0.463960654390
-0.187500000,0.546875000,1.02884089278,0.488699424070
-0.171875000,0.546875000,1.07894736628,0.512499998982
-0.156250000,0.546875000,1.12653297909,0.535103165069
-0.140625000,0.546875000,1.17109863008,0.556271849289
-0.125000000,0.546875000,1.21219200566,0.575791202690
-0.109375000,0.546875000,1.24940776316,0.593468687503
-0.093750000,0.546875000,1.28238771682,0.609134165491
-0.078125000,0.546875000,1.31082101733,0.622639983232
-0.062500000,0.546875000,1.33444432061,0.633861052288
-0.046875000,0.546875000,1.35304193944,0.642694921233
-0.031250000,0.546875000,1.36644597470,0.649061837980
-0.015625000,0.546875000,1.37453642036,0.652904799672
0.000000000,0.546875000,1.37724124125,0.654189589595
0.015625000,0.546875000,1.37453642036,0.652904799672
0.031250000,0.546875000,1.36644597470,0.649061837980
0.046875000,0.546875000,1.35304193944,0.642694921233
0.062500000,0.546875000,1.33444432061,0.633861052288
0.078125000,0.546875000,1.31082101733,0.622639983232
0.093750000,0.546875000,1.28238771682,0.609134165491
0.109375000,0.546875000,1.24940776316,0.593468687503
0.125000000,0.546875000,1.21219200566,0.575791202690
0.140625000,0.546875000,1.17109863008,0.556271849289
0.156250000,0.546875000,1.12653297909,0.535103165069
0.171875000,0.546875000,1.07894736628,0.512499998982
0.187500000,0.546875000,1.02884089278,0.488699424070
0.203125000,0.546875000,0.976759272400,0.463960654390
0.218750000,0.546875000,0.923294674298,0.438564970292
0.234375000,0.546875000,0.869085591032,0.412815655740
0.250000000,0.546875000,0.814816741860,0.387037952384
0.265625000,0.546875000,0.761219020563,0.361579034767
0.281250000,0.546875000,0.709069498248,0.336808011668
0.296875000,0.546875000,0.659191490400,0.313115957940
0.312500000,0.546875000,0.612454698924,0.290915981989
0.328125000,0.546875000,0.569775440354,0.270643334168
0.343750000,0.546875000,0.531999863134,0.252699934989
0.359375000,0.546875000,0.500362311352,0.237672097892
0.375000000,0.546875000,0.475813451763,0.226011389587
0.390625000,0.546875000,0.459460235222,0.218243611730
0.406250000,0.546875000,0.452458958396,0.214918005238
0.421875000,0.546875000,0.456016188493,0.216607689534
0.437500000,0.546875000,0.471389825715,0.223910167215
0.453125000,0.546875000,0.499890302546,0.237447893709
0.468750000,0.546875000,0.543046432140,0.257947055266
0.484375000,0.546875000,0.601957798062,0.285929954080
0.500000000,0.546875000,0.678257184733,0.322172162748
0.515625000,0.546875000,0.773479786268,0.367402898477
0.531250000,0.546875000,0.889221153180,0.422380047760
0.546875000,0.546875000,1.02713899457,0.487891022420
0.562500000,0.546875000,1.18895498006,0.564753615531
0.578125000,0.546875000,1.37645648750,0.653816831563
0.593750000,0.546875000,1.59149822549,0.755961657107
0.609375000,0.546875000,1.83600364396,0.872101730880
0.625000000,0.546875000,2.11196602277,1.00318386082
0.640625000,0.546875000,2.42144910404,1.15018832442
0.656250000,0.546875000,2.76658710373,1.31412887427
0.671875000,0.546875000,3.14958389875,1.49605235191
0.687500000,0.546875000,3.57271114613,1.69703779441
0.703125000,0.546875000,4.03830503301,1.91819489068
0.718750000,0.546875000,4.54876129547,2.16066161535
0.734375000,0.546875000,5.10652806845,2.42560083252
0.750000000,0.546875000,,
0.765625000,0.546875000,,
0.781250000,0.546875000,,
0.796875000,0.546875000,,
0.812500000,0.546875000,,
0.828125000,0.546875000,,
0.843750000,0.546875000,,
0.859375000,0.546875000,,
0.875000000,0.546875000,,
0.890625000,0.546875000,,
0.906250000,0.546875000,,
0.921875000,0.546875000,,
0.937500000,0.546875000,,
0.953125000,0.546875000,,
0.968750000,0.546875000,,
0.984375000,0.546875000,,
1.000000000,0.546875000,,
-1.000000000,0.562500000,,
-0.984375000,0.562500000,,
-0.968750000,0.562500000,,
-0.953125000,0.562500000,,
-0.937500000,0.562500000,,
-0.921875000,0.562500000,,
-0.906250000,0.562500000,,
-0.890625000,0.562500000,,
-0.875000000,0.562500000,,
-0.859375000,0.562500000,,
-0.843750000,0.562500000,,
-0.828125000,0.562500000,,
-0.812500000,0.562500000,,
-0.796875000,0.562500000,,
-0.781250000,0.562500000,,
-0.765625000,0.562500000,,
-0.750000000,0.562500000,,
-0.734375000,0.562500000,,
-0.718750000,0.562500000,4.97826578731,2.36467624897
-0.703125000,0.562500000,4.43526727280,2.10675195458
-0.687500000,0.562500000,3.93891415127,1.87098422186
-0.671875000,0.562500000,3.48679752920,1.65622882637
-0.656250000,0.562500000,3.07655894340,1.46136549812
-0.640625000,0.562500000,2.70589672770,1.28530094566
-0.625000000,0.562500000,2.37257045035,1.12697096392
-0.609375000,0.562500000,2.07440381883,0.985341813944
-0.593750000,0.562500000,1.80928637549,0.859411028357
-0.578125000,0.562500000,1.57517425301,0.748207770178
-0.562500000,0.562500000,1.37009020979,0.650792849652
-0.546875000,0.562500000,1.19212312595,0.566258484825
-0.531250000,0.562500000,1.03942710705,0.493727875850
-0.515625000,0.562500000,0.910220316093,0.432354650144
-0.500000000,0.562500000,0.802783630735,0.381322224599
-0.484375000,0.562500000,0.715459201760,0.339843120836
-0.468750000,0.562500000,0.646648977206,0.307158264173
-0.453125000,0.562500000,0.594813238157,0.282536288125
-0.437500000,0.562500000,0.558469184352,0.265272862567
-0.421875000,0.562500000,0.536189596936,0.254690058545
-0.406250000,0.562500000,0.526449071952,0.250063309177
-0.390625000,0.562500000,0.528239794605,0.250913902437
-0.375000000,0.562500000,0.540134498892,0.256563886974
-0.359375000,0.562500000,0.561028700031,0.266488632515
-0.343750000,0.562500000,0.589524071812,0.280023934111
-0.328125000,0.562500000,0.624627258221,0.296697947655
-0.312500000,0.562500000,0.665271979974,0.316004190487
-0.296875000,0.562500000,0.710440991917,0.337459471161
-0.281250000,0.562500000,0.759165787180,0.360603748911
-0.265625000,0.562500000,0.810526399741,0.385000039877
-0.250000000,0.562500000,0.863651294838,0.410234365048
-0.234375000,0.562500000,0.917717338042,0.435915735570
-0.218750000,0.562500000,0.971949833170,0.461676170756
-0.203125000,0.562500000,1.02562261804,0.487170743567
-0.187500000,0.562500000,1.07805820925,0.512077649396
-0.171875000,0.562500000,1.12862798481,0.536098292783
-0.156250000,0.562500000,1.17675239593,0.558957388068
-0.140625000,0.562500000,1.22190119881,0.580403069436
-0.125000000,0.562500000,1.26359369661,0.600207005891
-0.109375000,0.562500000,1.30139898503,0.618164517892
-0.093750000,0.562500000,1.33493619249,0.634094691431
-0.078125000,0.562500000,1.36387470930,0.647840486916
-0.062500000,0.562500000,1.38793439869,0.659268839377
-0.046875000,0.562500000,1.40688578503,0.668270747889
-0.031250000,0.562500000,1.42055021353,0.674761351426
-0.015625000,0.562500000,1.42879997933,0.678679990182
0.000000000,0.562500000,1.43155842128,0.679990250107
0.015625000,0.562500000,1.42879997933,0.678679990182
0.031250000,0.562500000,1.42055021353,0.674761351426
0.046875000,0.562500000,1.40688578503,0.668270747889
0.062500000,0.562500000,1.38793439869,0.659268839377
0.078125000,0.562500000,1.36387470930,0.647840486916
0.093750000,0.562500000,1.33493619249,0.634094691431
0.109375000,0.562500000,1.30139898503,0.618164517892
0.125000000,0.562500000,1.26359369661,0.600207005891
0.140625000,0.562500000,1.22190119881,0.580403069436
0.156250000,0.562500000,1.17675239593,0.558957388068
0.171875000,0.562500000,1.12862798481,0.536098292783
0.187500000,0.562500000,1.07805820925,0.512077649396
0.203125000,0.562500000,1.02562261804,0.487170743567
0.218750000,0.562500000,0.971949833170,0.461676170756
0.234375000,0.562500000,0.917717338042,0.435915735570
0.250000000,0.562500000,0.863651294838,0.410234365048
0.265625000,0.562500000,0.810526399741,0.385000039877
0.281250000,0.562500000,0.759165787180,0.360603748911
0.296875000,0.562500000,0.710440991917,0.337459471161
0.312500000,0.562500000,0.665271979974,0.316004190487
0.328125000,0.562500000,0.624627258221,0.296697947655
0.343750000,0.562500000,0.589524071812,0.280023934111
0.359375000,0.562500000,0.561028700031,0.266488632515
0.375000000,0.562500000,0.540134498892,0.256563886974
0.390625000,0.562500000,0.528239794605,0.250913902437
0.406250000,0.562500000,0.526449071952,0.250063309177
0.421875000,0.562500000,0.536189596936,0.254690058545
0.437500000,0.562500000,0.558469184352,0.265272862567
0.453125000,0.562500000,0.594813238157,0.282536288125
0.468750000,0.562500000,0.646648977206,0.307158264173
0.484375000,0.562500000,0.715459201760,0.339843120836
0.500000000,0.562500000,0.802783630735,0.381322224599
0.515625000,0.562500000,0.910220316093,0.432354650144
0.531250000,0.562500000,1.03942710705,0.493727875850
0.546875000,0.562500000,1.19212312595,0.566258484825
0.562500000,0.562500000,1.37009020979,0.650792849652
0.578125000,0.562500000,1.57517425301,0.748207770178
0.593750000,0.562500000,1.80928637549,0.859411028357
0.609375000,0.562500000,2.07440381883,0.985341813944
0.625000000,0.562500000,2.37257045035,1.12697096392
0.640625000,0.562500000,2.70589672770,1.28530094566
0.656250000,0.562500000,3.07655894340,1.46136549812
0.671875000,0.562500000,3.48679752920,1.65622882637
0.687500000,0.562500000,3.93891415127,1.87098422186
0.703125000,0.562500000,4.43526727280,2.10675195458
0.718750000,0.562500000,4.97826578731,2.36467624897
0.734375000,0.562500000,,
0.750000000,0.562500000,,
0.765625000,0.562500000,,
0.781250000,0.562500000,,
0.796875000,0.562500000,,
0.812500000,0.562500000,,
0.828125000,0.562500000,,
0.843750000,0.562500000,,
0.859375000,0.562500000,,
0.875000000,0.562500000,,
0.890625000,0.562500000,,
0.906250000,0.562500000,,
0.921875000,0.562500000,,
0.937500000,0.562500000,,
0.953125000,0.562500000,,
0.968750000,0.562500000,,
0.984375000,0.562500000,,
1.000000000,0.562500000,,
-1.000000000,0.578125000,,
-0.984375000,0.578125000,,
-0.968750000,0.578125000,,
-0.953125000,0.578125000,,
-0.937500000,0.578125000,,
-0.921875000,0.578125000,,
-0.906250000,0.578125000,,
-0.890625000,0.578125000,,
-0.875000000,0.578125000,,
-0.859375000,0.578125000,,
-0.843750000,0.578125000,,
-0.828125000,0.578125000,,
-0.812500000,0.578125000,,
-0.796875000,0.578125000,,
-0.781250000,0.578125000,,
-0.765625000,0.578125000,,
-0.750000000,0.578125000,,
-0.734375000,0.578125000,,
-0.718750000,0.578125000,,
-0.703125000,0.578125000,4.86217006970,2.30953078311
-0.687500000,0.578125000,4.33339645612,2.05836331666
-0.671875000,0.578125000,3.85066048147,1.82906372870
-0.656250000,0.578125000,3.41158684235,1.62050375011
-0.640625000,0.578125000,3.01384826352,1.43157792517
-0.625000000,0.578125000,2.65517126809,1.26120635234
-0.609375000,0.578125000,2.33334022857,1.10833660857
-0.593750000,0.578125000,2.04620005264,0.971945025004
-0.578125000,0.578125000,1.79165779669,0.851037453425
-0.562500000,0.578125000,1.56768344853,0.744649638053
-0.546875000,0.578125000,1.37231007634,0.651847286260
-0.531250000,0.578125000,1.20363350693,0.571725915792
-0.515625000,0.578125000,1.05981166382,0.503410540314
-0.500000000,0.578125000,0.939063674278,0.446055245282
-0.484375000,0.578125000,0.839668829603,0.398842694061
-0.468750000,0.578125000,0.759965468658,0.360983597613
-0.453125000,0.578125000,0.698349838203,0.331716173147
-0.437500000,0.578125000,0.653274974188,0.310305612739
-0.421875000,0.578125000,0.623249632455,0.296043575416
-0.406250000,0.578125000,0.606837296800,0.288247715980
-0.390625000,0.578125000,0.602655278847,0.286261257452
-0.375000000,0.578125000,0.609481058438,0.289503502758
-0.359375000,0.578125000,0.625661540358,0.297189231670
-0.343750000,0.578125000,0.650398563144,0.308939317493
-0.328125000,0.578125000,0.682359682502,0.324120849188
-0.312500000,0.578125000,0.720421538228,0.342200230658
-0.296875000,0.578125000,0.763511484679,0.362667955223
-0.281250000,0.578125000,0.810607436790,0.385038532475
-0.265625000,0.578125000,0.860737805832,0.408850457770
-0.250000000,0.578125000,0.912981515258,0.433666219748
-0.234375000,0.578125000,0.966468088366,0.459072341974
-0.218750000,0.578125000,1.02037779696,0.484679453555
-0.203125000,0.578125000,1.07394186179,0.510122384351
-0.187500000,0.578125000,1.12644269425,0.535060279768
-0.171875000,0.578125000,1.17721417069,0.559176731080
-0.156250000,0.578125000,1.22564192766,0.582179915639
-0.140625000,0.578125000,1.27116367165,0.603802744035
-0.125000000,0.578125000,1.31326949245,0.623803008914
-0.109375000,0.578125000,1.35150217284,0.641963532101
-0.093750000,0.578125000,1.38545748698,0.658092306317
-0.078125000,0.578125000,1.41478448066,0.672022628315
-0.062500000,0.578125000,1.43918572684,0.683613220250
-0.046875000,0.578125000,1.45841755153,0.692748336976
-0.031250000,0.578125000,1.47229022481,0.699337856787
-0.015625000,0.578125000,1.48066811361,0.703317353967
0.000000000,0.578125000,1.48346979293,0.704648151641
0.015625000,0.578125000,1.48066811361,0.703317353967
0.031250000,0.578125000,1.47229022481,0.699337856787
0.046875000,0.578125000,1.45841755153,0.692748336976
0.062500000,0.578125000,1.43918572684,0.683613220250
0.078125000,0.578125000,1.41478448066,0.672022628315
0.093750000,0.578125000,1.38545748698,0.658092306317
0.109375000,0.578125000,1.35150217284,0.641963532101
0.125000000,0.578125000,1.31326949245,0.623803008914
0.140625000,0.578125000,1.27116367165,0.603802744035
0.156250000,0.578125000,1.22564192766,0.582179915639
0.171875000,0.578125000,1.17721417069,0.559176731080
0.187500000,0.578125000,1.12644269425,0.535060279768
0.203125000,0.578125000,1.07394186179,0.510122384351
0.218750000,0.578125000,1.02037779696,0.484679453555
0.234375000,0.578125000,0.966468088366,0.459072341974
0.250000000,0.578125000,0.912981515258,0.433666219748
0.265625000,0.578125000,0.860737805832,0.408850457770
0.281250000,0.578125000,0.810607436790,0.385038532475
0.296875000,0.578125000,0.763511484679,0.362667955223
0.312500000,0.578125000,0.720421538228,0.342200230658
0.328125000,0.578125000,0.682359682502,0.324120849188
0.343750000,0.578125000,0.650398563144,0.308939317493
0.359375000,0.578125000,0.625661540358,0.297189231670
0.375000000,0.578125000,0.609481058438,0.289503502758
0.390625000,0.578125000,0.602655278847,0.286261257452
0.406250000,0.578125000,0.606837296800,0.288247715980
0.421875000,0.578125000,0.623249632455,0.296043575416
0.437500000,0.578125000,0.653274974188,0.310305612739
0.453125000,0.578125000,0.698349838203,0.331716173147
0.468750000,0.578125000,0.759965468658,0.360983597613
0.484375000,0.578125000,0.839668829603,0.398842694061
0.500000000,0.578125000,0.939063674278,0.446055245282
0.515625000,0.578125000,1.05981166382,0.503410540314
0.531250000,0.578125000,1.20363350693,0.571725915792
0.546875000,0.578125000,1.37231007634,0.651847286260
0.562500000,0.578125000,1.56768344853,0.744649638053
0.578125000,0.578125000,1.79165779669,0.851037453425
0.593750000,0.578125000,2.04620005264,0.971945025004
0.609375000,0.578125000,2.33334022857,1.10833660857
0.625000000,0.578125000,2.65517126809,1.26120635234
0.640625000,0.578125000,3.01384826352,1.43157792517
0.656250000,0.578125000,3.41158684235,1.62050375011
0.671875000,0.578125000,3.85066048147,1.82906372870
0.687500000,0.578125000,4.33339645612,2.05836331666
0.703125000,0.578125000,4.86217006970,2.30953078311
0.718750000,0.578125000,,
0.734375000,0.578125000,,
0.750000000,0.578125000,,
0.765625000,0.578125000,,
0.781250000,0.578125000,,
0.796875000,0.578125000,,
0.812500000,0.578125000,,
0.828125000,0.578125000,,
0.843750000,0.578125000,,
0.859375000,0.578125000,,
0.875000000,0.578125000,,
0.890625000,0.578125000,,
0.906250000,0.578125000,,
0.921875000,0.578125000,,
0.937500000,0.578125000,,
0.953125000,0.578125000,,
0.968750000,0.578125000,,
0.984375000,0.578125000,,
1.000000000,0.578125000,,
-1.000000000,0.593750000,,
-0.984375000,0.593750000,,
-0.968750000,0.593750000,,
-0.953125000,0.593750000,,
-0.937500000,0.593750000,,
-0.921875000,0.593750000,,
-0.906250000,0.593750000,,
-0.890625000,0.593750000,,
-0.875000000,0.593750000,,
-0.859375000,0.593750000,,
-0.843750000,0.593750000,,
-0.828125000,0.593750000,,
-0.812500000,0.593750000,,
-0.796875000,0.593750000,,
-0.781250000,0.593750000,,
-0.765625000,0.593750000,,
-0.750000000,0.593750000,,
-0.734375000,0.593750000,,
-0.718750000,0.593750000,,
-0.703125000,0.593750000,,
-0.687500000,0.593750000,4.75826188872,2.26017439714
-0.671875000,0.593750000,4.24321833538,2.01552870930
-0.656250000,0.593750000,3.77365251656,1.79248494537
-0.640625000,0.593750000,3.34721695285,1.58992805260
-0.625000000,0.593750000,2.96160951394,1.40676451912
-0.609375000,0.593750000,2.61457875532,1.24192490878
-0.593750000,0.593750000,2.30392771477,1.09436566451
-0.578125000,0.593750000,2.02751648686,0.963070331260
-0.562500000,0.593750000,1.78326384294,0.847050325397
-0.546875000,0.593750000,1.56914811100,0.745345352724
-0.531250000,0.593750000,1.38320749417,0.657023559729
-0.515625000,0.593750000,1.22353997531,0.581181488274
-0.500000000,0.593750000,1.08830292368,0.516943888747
-0.484375000,0.593750000,0.975712501836,0.463463438372
-0.468750000,0.593750000,0.884042948204,0.419920400397
-0.453125000,0.593750000,0.811625797175,0.385522253658
-0.437500000,0.593750000,0.756849084018,0.359503314908
-0.421875000,0.593750000,0.718156573156,0.341124372249
-0.406250000,0.593750000,0.694047035305,0.329672341770
-0.390625000,0.593750000,0.683177261963,0.324509199432
-0.375000000,0.593750000,0.683936690118,0.324869927806
-0.359375000,0.593750000,0.695100509514,0.330172742019
-0.343750000,0.593750000,0.715381749588,0.339806331054
-0.328125000,0.593750000,0.743546112049,0.353184403223
-0.312500000,0.593750000,0.778258218171,0.369672653631
-0.296875000,0.593750000,0.818701044958,0.388882996355
-0.281250000,0.593750000,0.863638363159,0.410228222501
-0.265625000,0.593750000,0.912045661217,0.433221689078
-0.250000000,0.593750000,0.962951051161,0.457401749302
-0.234375000,0.593750000,1.01543548152,0.482331853721
-0.218750000,0.593750000,1.06863300419,0.507600676991
-0.203125000,0.593750000,1.12173108519,0.532822265465
-0.187500000,0.593750000,1.17397094963,0.557636201074
-0.171875000,0.593750000,1.22464795131,0.581707776873
-0.156250000,0.593750000,1.27311195808,0.604728180087
-0.140625000,0.593750000,1.31876774212,0.626414677505
-0.125000000,0.593750000,1.36107536856,0.646510800064
-0.109375000,0.593750000,1.39955057323,0.664786522286
-0.093750000,0.593750000,1.43376512143,0.681038432681
-0.078125000,0.593750000,1.46334714224,0.695089892566
-0.062500000,0.593750000,1.48798143060,0.706791179534
-0.046875000,0.593750000,1.50740971262,0.716019613496
-0.031250000,0.593750000,1.52143086926,0.722679662898
-0.015625000,0.593750000,1.52990111441,0.726703029344
0.000000000,0.593750000,1.53273412394,0.728048708873
0.015625000,0.593750000,1.52990111441,0.726703029344
0.031250000,0.593750000,1.52143086926,0.722679662898
0.046875000,0.593750000,1.50740971262,0.716019613496
0.062500000,0.593750000,1.48798143060,0.706791179534
0.078125000,0.593750000,1.46334714224,0.695089892566
0.093750000,0.593750000,1.43376512143,0.681038432681
0.109375000,0.593750000,1.39955057323,0.664786522286
0.125000000,0.593750000,1.36107536856,0.646510800064
0.140625000,0.593750000,1.31876774212,0.626414677505
0.156250000,0.593750000,1.27311195808,0.604728180087
0.171875000,0.593750000,1.22464795131,0.581707776873
0.187500000,0.593750000,1.17397094963,0.557636201074
0.203125000,0.593750000,1.12173108519,0.532822265465
0.218750000,0.593750000,1.06863300419,0.507600676991
0.234375000,0.593750000,1.01543548152,0.482331853721
0.250000000,0.593750000,0.962951051161,0.457401749302
0.265625000,0.593750000,0.912045661217,0.433221689078
0.281250000,0.593750000,0.863638363159,0.410228222501
0.296875000,0.593750000,0.818701044958,0.388882996355
0.312500000,0.593750000,0.778258218171,0.369672653631
0.328125000,0.593750000,0.743546112049,0.353184403223
0.343750000,0.593750000,0.715381749588,0.339806331054
0.359375000,0.593750000,0.695100509514,0.330172742019
0.375000000,0.593750000,0.683936690118,0.324869927806
0.390625000,0.593750000,0.683177261963,0.324509199432
0.406250000,0.593750000,0.694047035305,0.329672341770
0.421875000,0.593750000,0.718156573156,0.341124372249
0.437500000,0.593750000,0.756849084018,0.359503314908
0.453125000,0.593750000,0.811625797175,0.385522253658
0.468750000,0.593750000,0.884042948204,0.419920400397
0.484375000,0.593750000,0.975712501836,0.463463438372
0.500000000,0.593750000,1.08830292368,0.516943888747
0.515625000,0.593750000,1.22353997531,0.581181488274
0.531250000,0.593750000,1.38320749417,0.657023559729
0.546875000,0.593750000,1.56914811100,0.745345352724
0.562500000,0.593750000,1.78326384294,0.847050325397
0.578125000,0.593750000,2.02751648686,0.963070331260
0.593750000,0.593750000,2.30392771477,1.09436566451
0.609375000,0.593750000,2.61457875532,1.24192490878
0.625000000,0.593750000,2.96160951394,1.40676451912
0.640625000,0.593750000,3.34721695285,1.58992805260
0.656250000,0.593750000,3.77365251656,1.79248494537
0.671875000,0.593750000,4.24321833538,2.01552870930
0.687500000,0.593750000,4.75826188872,2.26017439714
0.703125000,0.593750000,,
0.718750000,0.593750000,,
0.734375000,0.593750000,,
0.750000000,0.593750000,,
0.765625000,0.593750000,,
0.781250000,0.593750000,,
0.796875000,0.593750000,,
0.812500000,0.593750000,,
0.828125000,0.593750000,,
0.843750000,0.593750000,,
0.859375000,0.593750000,,
0.875000000,0.593750000,,
0.890625000,0.593750000,,
0.906250000,0.593750000,,
0.921875000,0.593750000,,
0.937500000,0.593750000,,
0.953125000,0.593750000,,
0.968750000,0.593750000,,
0.984375000,0.593750000,,
1.000000000,0.593750000,,
-1.000000000,0.609375000,,
-0.984375000,0.609375000,,
-0.968750000,0.609375000,,
-0.953125000,0.609375000,,
-0.937500000,0.609375000,,
-0.921875000,0.609375000,,
-0.906250000,0.609375000,,
-0.890625000,0.609375000,,
-0.875000000,0.609375000,,
-0.859375000,0.609375000,,
-0.843750000,0.609375000,,
-0.828125000,0.609375000,,
-0.812500000,0.609375000,,
-0.796875000,0.609375000,,
-0.781250000,0.609375000,,
-0.765625000,0.609375000,,
-0.750000000,0.609375000,,
-0.734375000,0.609375000,,
-0.718750000,0.609375000,,
-0.703125000,0.609375000,,
-0.687500000,0.609375000,,
-0.671875000,0.609375000,4.66662554478,2.21664713377
-0.656250000,0.609375000,4.16485122495,1.97830433185
-0.640625000,0.609375000,3.70803314121,1.76131574207
-0.625000000,0.609375000,3.29384591917,1.56457681161
-0.609375000,0.609375000,2.92000671126,1.38700318785
-0.593750000,0.609375000,2.58428023948,1.22753311375
-0.578125000,0.609375000,2.28448244968,1.08512916360
-0.562500000,0.609375000,2.01848306831,0.958779457446
-0.546875000,0.609375000,1.78420730073,0.847498467846
-0.531250000,0.609375000,1.57963686726,0.750327511948
-0.515625000,0.609375000,1.40281053892,0.666335005988
-0.500000000,0.609375000,1.25182430233,0.594616543609
-0.484375000,0.609375000,1.12483126326,0.534294850047
-0.468750000,0.609375000,1.02004137216,0.484519651774
-0.453125000,0.609375000,0.935721042730,0.444467495297
-0.437500000,0.609375000,0.870192716142,0.413341540167
-0.421875000,0.609375000,0.821834414303,0.390371346794
-0.406250000,0.609375000,0.789180495353,0.374860735293
-0.390625000,0.609375000,0.770506044950,0.365990371351
-0.375000000,0.609375000,0.764466393316,0.363121536825
-0.359375000,0.609375000,0.769658024603,0.365587561686
-0.343750000,0.609375000,0.784731491612,0.372747458516
-0.328125000,0.609375000,0.808391336018,0.383985884609
-0.312500000,0.609375000,0.839396091072,0.398713143259
-0.296875000,0.609375000,0.876558365602,0.416365223661
-0.281250000,0.609375000,0.918745004905,0.436403877330
-0.265625000,0.609375000,0.964877320618,0.458316727293
-0.250000000,0.609375000,1.01377762068,0.481544369824
-0.234375000,0.609375000,1.06478879535,0.505774677792
-0.218750000,0.609375000,1.11683921648,0.530498627827
-0.203125000,0.609375000,1.16907150336,0.555308964098
-0.187500000,0.609375000,1.22068465367,0.579825210494
-0.171875000,0.609375000,1.27093451476,0.603693894511
-0.156250000,0.609375000,1.31913426229,0.626588774588
-0.140625000,0.609375000,1.36465487750,0.648211066814
-0.125000000,0.609375000,1.40692561428,0.668289666784
-0.109375000,0.609375000,1.44543444812,0.686581362856
-0.093750000,0.609375000,1.47972849946,0.702871037246
-0.078125000,0.609375000,1.50941442330,0.716971851070
-0.062500000,0.609375000,1.53415876166,0.728725411786
-0.046875000,0.609375000,1.55368824921,0.738001918373
-0.031250000,0.609375000,1.56779007200,0.744700284202
-0.015625000,0.609375000,1.57631207109,0.748748233769
0.000000000,0.609375000,1.57916289143,0.750102373429
0.015625000,0.609375000,1.57631207109,0.748748233769
0.031250000,0.609375000,1.56779007200,0.744700284202
0.046875000,0.609375000,1.55368824921,0.738001918373
0.062500000,0.609375000,1.53415876166,0.728725411786
0.078125000,0.609375000,1.50941442330,0.716971851070
0.093750000,0.609375000,1.47972849946,0.702871037246
0.109375000,0.609375000,1.44543444812,0.686581362856
0.125000000,0.609375000,1.40692561428,0.668289666784
0.140625000,0.609375000,1.36465487750,0.648211066814
0.156250000,0.609375000,1.31913426229,0.626588774588
0.171875000,0.609375000,1.27093451476,0.603693894511
0.187500000,0.609375000,1.22068465367,0.579825210494
0.203125000,0.609375000,1.16907150336,0.555308964098
0.218750000,0.609375000,1.11683921648,0.530498627827
0.234375000,0.609375000,1.06478879535,0.505774677792
0.250000000,0.609375000,1.01377762068,0.481544369824
0.265625000,0.609375000,0.964877320618,0.458316727293
0.281250000,0.609375000,0.918745004905,0.436403877330
0.296875000,0.609375000,0.876558365602,0.416365223661
0.312500000,0.609375000,0.839396091072,0.398713143259
0.328125000,0.609375000,0.808391336018,0.383985884609
0.343750000,0.609375000,0.784731491612,0.372747458516
0.359375000,0.609375000,0.769658024603,0.365587561686
0.375000000,0.609375000,0.764466393316,0.363121536825
0.390625000,0.609375000,0.770506044950,0.365990371351
0.406250000,0.609375000,0.789180495353,0.374860735293
0.421875000,0.609375000,0.821834414303,0.390371346794
0.437500000,0.609375000,0.870192716142,0.413341540167
0.453125000,0.609375000,0.935721042730,0.444467495297
0.468750000,0.609375000,1.02004137216,0.484519651774
0.484375000,0.609375000,1.12483126326,0.534294850047
0.500000000,0.609375000,1.25182430233,0.594616543609
0.515625000,0.609375000,1.40281053892,0.666335005988
0.531250000,0.609375000,1.57963686726,0.750327511948
0.546875000,0.609375000,1.78420730073,0.847498467846
0.562500000,0.609375000,2.01848306831,0.958779457446
0.578125000,0.609375000,2.28448244968,1.08512916360
0.593750000,0.609375000,2.58428023948,1.22753311375
0.609375000,0.609375000,2.92000671126,1.38700318785
0.625000000,0.609375000,3.29384591917,1.56457681161
0.640625000,0.609375000,3.70803314121,1.76131574207
0.656250000,0.609375000,4.16485122495,1.97830433185
0.671875000,0.609375000,4.66662554478,2.21664713377
0.687500000,0.609375000,,
0.703125000,0.609375000,,
0.718750000,0.609375000,,
0.734375000,0.609375000,,
0.750000000,0.609375000,,
0.765625000,0.609375000,,
0.781250000,0.609375000,,
0.796875000,0.609375000,,
0.812500000,0.609375000,,
0.828125000,0.609375000,,
0.843750000,0.609375000,,
0.859375000,0.609375000,,
0.875000000,0.609375000,,
0.890625000,0.609375000,,
0.906250000,0.609375000,,
0.921875000,0.609375000,,
0.937500000,0.609375000,,
0.953125000,0.609375000,,
0.968750000,0.609375000,,
0.984375000,0.609375000,,
1.000000000,0.609375000,,
-1.000000000,0.625000000,,
-0.984375000,0.625000000,,
-0.968750000,0.625000000,,
-0.953125000,0.625000000,,
-0.937500000,0.625000000,,
-0.921875000,0.625000000,,
-0.906250000,0.625000000,,
-0.890625000,0.625000000,,
-0.875000000,0.625000000,,
-0.859375000,0.625000000,,
-0.843750000,0.625000000,,
-0.828125000,0.625000000,,
-0.812500000,0.625000000,,
-0.796875000,0.625000000,,
-0.781250000,0.625000000,,
-0.765625000,0.625000000,,
-0.750000000,0.625000000,,
-0.734375000,0.625000000,,
-0.718750000,0.625000000,,
-0.703125000,0.625000000,,
-0.687500000,0.625000000,,
-0.671875000,0.625000000,,
-0.656250000,0.625000000,4.58738932537,2.17900992955
-0.640625000,0.625000000,4.09844346426,1.94676064553
-0.625000000,0.625000000,3.65396155195,1.73563173718
-0.609375000,0.625000000,3.25163478603,1.54452652337
-0.593750000,0.625000000,2.88919404046,1.37236716922
-0.578125000,0.625000000,2.56441473080,1.21809699713
-0.562500000,0.625000000,2.27512042409,1.08068220144
-0.546875000,0.625000000,2.01918545430,0.959113090794
-0.531250000,0.625000000,1.79453676141,0.852404961667
-0.515625000,0.625000000,1.59915513301,0.759598688179
-0.500000000,0.625000000,1.43107599349,0.679761096906
-0.484375000,0.625000000,1.28838986002,0.611985183511
-0.468750000,0.625000000,1.16924256152,0.555390216724
-0.453125000,0.625000000,1.07183529908,0.509121767063
-0.437500000,0.625000000,0.994424607726,0.472351688670
-0.421875000,0.625000000,0.935421952057,0.444325427227
-0.406250000,0.625000000,0.892983951754,0.424167377083
-0.390625000,0.625000000,0.865644553877,0.411181163092
-0.375000000,0.625000000,0.851880625520,0.404643297122
-0.359375000,0.625000000,0.850224085575,0.403856440648
-0.343750000,0.625000000,0.859261973237,0.408149437288
-0.328125000,0.625000000,0.877636583755,0.416877377284
-0.312500000,0.625000000,0.904045672823,0.429421694591
-0.296875000,0.625000000,0.937242727695,0.445190295655
-0.281250000,0.625000000,0.976037303044,0.463617718946
-0.265625000,0.625000000,1.01929541481,0.484165322037
-0.250000000,0.625000000,1.06593998554,0.506321493131
-0.234375000,0.625000000,1.11495133455,0.529601883911
-0.218750000,0.625000000,1.16536770357,0.553549659197
-0.203125000,0.625000000,1.21628580877,0.577735759165
-0.187500000,0.625000000,1.26686141122,0.601759170332
-0.171875000,0.625000000,1.31615437525,0.625173328243
-0.156250000,0.625000000,1.36375419960,0.647783244808
-0.140625000,0.625000000,1.40883853514,0.669198304189
-0.125000000,0.625000000,1.45080506767,0.689132407144
-0.109375000,0.625000000,1.48911332545,0.707328829588
-0.093750000,0.625000000,1.52328516968,0.723560455597
-0.078125000,0.625000000,1.55290524393,0.737629990868
-0.062500000,0.625000000,1.57762137726,0.749370154198
-0.046875000,0.625000000,1.59714493490,0.758643844080
-0.031250000,0.625000000,1.61125111113,0.765344277788
-0.015625000,0.625000000,1.61977916205,0.769395101972
0.000000000,0.625000000,1.62263257326,0.770750472298
0.015625000,0.625000000,1.61977916205,0.769395101972
0.031250000,0.625000000,1.61125111113,0.765344277788
0.046875000,0.625000000,1.59714493490,0.758643844080
0.062500000,0.625000000,1.57762137726,0.749370154198
0.078125000,0.625000000,1.55290524393,0.737629990868
0.093750000,0.625000000,1.52328516968,0.723560455597
0.109375000,0.625000000,1.48911332545,0.707328829588
0.125000000,0.625000000,1.45080506767,0.689132407144
0.140625000,0.625000000,1.40883853514,0.669198304189
0.156250000,0.625000000,1.36375419960,0.647783244808
0.171875000,0.625000000,1.31615437525,0.625173328243
0.187500000,0.625000000,1.26686141122,0.601759170332
0.203125000,0.625000000,1.21628580877,0.577735759165
0.218750000,0.625000000,1.16536770357,0.553549659197
0.234375000,0.625000000,1.11495133455,0.529601883911
0.250000000,0.625000000,1.06593998554,0.506321493131
0.265625000,0.625000000,1.01929541481,0.484165322037
0.281250000,0.625000000,0.976037303044,0.463617718946
0.296875000,0.625000000,0.937242727695,0.445190295655
0.312500000,0.625000000,0.904045672823,0.429421694591
0.328125000,0.625000000,0.877636583755,0.416877377284
0.343750000,0.625000000,0.859261973237,0.408149437288
0.359375000,0.625000000,0.850224085575,0.403856440648
0.375000000,0.625000000,0.851880625520,0.404643297122
0.390625000,0.625000000,0.865644553877,0.411181163092
0.406250000,0.625000000,0.892983951754,0.424167377083
0.421875000,0.625000000,0.935421952057,0.444325427227
0.437500000,0.625000000,0.994424607726,0.472351688670
0.453125000,0.625000000,1.07183529908,0.509121767063
0.468750000,0.625000000,1.16924256152,0.555390216724
0.484375000,0.625000000,1.28838986002,0.611985183511
0.500000000,0.625000000,1.43107599349,0.679761096906
0.515625000,0.625000000,1.59915513301,0.759598688179
0.531250000,0.625000000,1.79453676141,0.852404961667
0.546875000,0.625000000,2.01918545430,0.959113090794
0.562500000,0.625000000,2.27512042409,1.08068220144
0.578125000,0.625000000,2.56441473080,1.21809699713
0.593750000,0.625000000,2.88919404046,1.37236716922
0.609375000,0.625000000,3.25163478603,1.54452652337
0.625000000,0.625000000,3.65396155195,1.73563173718
0.640625000,0.625000000,4.09844346426,1.94676064553
0.656250000,0.625000000,4.58738932537,2.17900992955
0.671875000,0.625000000,,
0.687500000,0.625000000,,
0.703125000,0.625000000,,
0.718750000,0.625000000,,
0.734375000,0.625000000,,
0.750000000,0.625000000,,
0.765625000,0.625000000,,
0.781250000,0.625000000,,
0.796875000,0.625000000,,
0.812500000,0.625000000,,
0.828125000,0.625000000,,
0.843750000,0.625000000,,
0.859375000,0.625000000,,
0.875000000,0.625000000,,
0.890625000,0.625000000,,
0.906250000,0.625000000,,
0.921875000,0.625000000,,
0.937500000,0.625000000,,
0.953125000,0.625000000,,
0.968750000,0.625000000,,
0.984375000,0.625000000,,
1.000000000,0.625000000,,
-1.000000000,0.640625000,,
-0.984375000,0.640625000,,
-0.968750000,0.640625000,,
-0.953125000,0.640625000,,
-0.937500000,0.640625000,,
-0.921875000,0.640625000,,
-0.906250000,0.640625000,,
-0.890625000,0.640625000,,
-0.875000000,0.640625000,,
-0.859375000,0.640625000,,
-0.843750000,0.640625000,,
-0.828125000,0.640625000,,
-0.812500000,0.640625000,,
-0.796875000,0.640625000,,
-0.781250000,0.640625000,,
-0.765625000,0.640625000,,
-0.750000000,0.640625000,,
-0.734375000,0.640625000,,
-0.718750000,0.640625000,,
-0.703125000,0.640625000,,
-0.687500000,0.640625000,,
-0.671875000,0.640625000,,
-0.656250000,0.640625000,,
-0.640625000,0.640625000,4.52070767891,2.14733614748
-0.625000000,0.640625000,4.04415639964,1.92097428983
-0.609375000,0.640625000,3.61159720138,1.71550867066
-0.593750000,0.640625000,3.22073263066,1.52984799956
-0.578125000,0.640625000,2.86930212415,1.36291850897
-0.562500000,0.640625000,2.55508680055,1.21366623026
-0.546875000,0.640625000,2.27591310556,1.08105872514
-0.531250000,0.640625000,2.02965555234,0.964086387360
-0.515625000,0.640625000,1.81423875321,0.861763407773
-0.500000000,0.640625000,1.62763890628,0.773128480482
-0.484375000,0.640625000,1.46788486864,0.697245312605
-0.468750000,0.640625000,1.33305892581,0.633202989760
-0.453125000,0.640625000,1.22129734198,0.580116237441
-0.437500000,0.640625000,1.13088995962,0.537172730818
-0.421875000,0.640625000,1.05987224921,0.503439318375
-0.406250000,0.640625000,1.00665660218,0.478161886035
-0.390625000,0.640625000,0.969598346803,0.460559214731
-0.375000000,0.640625000,0.947108292629,0.449876438999
-0.359375000,0.640625000,0.937653013600,0.445385181460
-0.343750000,0.640625000,0.939755170283,0.446383705885
-0.328125000,0.640625000,0.951993881450,0.452197093689
-0.312500000,0.640625000,0.973005145577,0.462177444149
-0.296875000,0.640625000,1.00148231566,0.475704099940
-0.281250000,0.640625000,1.03617662276,0.492183895809
-0.265625000,0.640625000,1.07589774641,0.511051429543
-0.250000000,0.640625000,1.11951442356,0.531769351191
-0.234375000,0.640625000,1.16595509190,0.553828668650
-0.218750000,0.640625000,1.21420855838,0.576749065229
-0.203125000,0.640625000,1.26332468356,0.600079224690
-0.187500000,0.640625000,1.31241507556,0.623397160890
-0.171875000,0.640625000,1.36065378240,0.646310546640
-0.156250000,0.640625000,1.40727797550,0.668457038361
-0.140625000,0.640625000,1.45158861380,0.689504591556
-0.125000000,0.640625000,1.49295108261,0.709151764238
-0.109375000,0.640625000,1.53079579680,0.727128003478
-0.093750000,0.640625000,1.56461876222,0.743193912053
-0.078125000,0.640625000,1.59398208798,0.757141491792
-0.062500000,0.640625000,1.61851444385,0.768794360828
-0.046875000,0.640625000,1.63791145632,0.778007941752
-0.031250000,0.640625000,1.65193603967,0.784669618842
-0.015625000,0.640625000,1.66041865762,0.788698862371
0.000000000,0.640625000,1.66325751203,0.790047318212
0.015625000,0.640625000,1.66041865762,0.788698862371
0.031250000,0.640625000,1.65193603967,0.784669618842
0.046875000,0.640625000,1.63791145632,0.778007941752
0.062500000,0.640625000,1.61851444385,0.768794360828
0.078125000,0.640625000,1.59398208798,0.757141491792
0.093750000,0.640625000,1.56461876222,0.743193912053
0.109375000,0.640625000,1.53079579680,0.727128003478
0.125000000,0.640625000,1.49295108261,0.709151764238
0.140625000,0.640625000,1.45158861380,0.689504591556
0.156250000,0.640625000,1.40727797550,0.668457038361
0.171875000,0.640625000,1.36065378240,0.646310546640
0.187500000,0.640625000,1.31241507556,0.623397160890
0.203125000,0.640625000,1.26332468356,0.600079224690
0.218750000,0.640625000,1.21420855838,0.576749065229
0.234375000,0.640625000,1.16595509190,0.553828668650
0.250000000,0.640625000,1.11951442356,0.531769351191
0.265625000,0.640625000,1.07589774641,0.511051429543
0.281250000,0.640625000,1.03617662276,0.492183895809
0.296875000,0.640625000,1.00148231566,0.475704099940
0.312500000,0.640625000,0.973005145577,0.462177444149
0.328125000,0.640625000,0.951993881450,0.452197093689
0.343750000,0.640625000,0.939755170283,0.446383705885
0.359375000,0.640625000,0.937653013600,0.445385181460
0.375000000,0.640625000,0.947108292629,0.449876438999
0.390625000,0.640625000,0.969598346803,0.460559214731
0.406250000,0.640625000,1.00665660218,0.478161886035
0.421875000,0.640625000,1.05987224921,0.503439318375
0.437500000,0.640625000,1.13088995962,0.537172730818
0.453125000,0.640625000,1.22129734198,0.580116237441
0.468750000,0.640625000,1.33305892581,0.633202989760
0.484375000,0.640625000,1.46788486864,0.697245312605
0.500000000,0.640625000,1.62763890628,0.773128480482
0.515625000,0.640625000,1.81423875321,0.861763407773
0.531250000,0.640625000,2.02965555234,0.964086387360
0.546875000,0.640625000,2.27591310556,1.08105872514
0.562500000,0.640625000,2.55508680055,1.21366623026
0.578125000,0.640625000,2.86930212415,1.36291850897
0.593750000,0.640625000,3.22073263066,1.52984799956
0.609375000,0.640625000,3.61159720138,1.71550867066
0.625000000,0.640625000,4.04415639964,1.92097428983
0.640625000,0.640625000,4.52070767891,2.14733614748
0.656250000,0.640625000,,
0.671875000,0.640625000,,
0.687500000,0.640625000,,
0.703125000,0.640625000,,
0.718750000,0.640625000,,
0.734375000,0.640625000,,
0.750000000,0.640625000,,
0.765625000,0.640625000,,
0.781250000,0.640625000,,
0.796875000,0.640625000,,
0.812500000,0.640625000,,
0.828125000,0.640625000,,
0.843750000,0.640625000,,
0.859375000,0.640625000,,
0.875000000,0.640625000,,
0.890625000,0.640625000,,
0.906250000,0.640625000,,
0.921875000,0.640625000,,
0.937500000,0.640625000,,
0.953125000,0.640625000,,
0.968750000,0.640625000,,
0.984375000,0.640625000,,
1.000000000,0.640625000,,
-1.000000000,0.656250000,,
-0.984375000,0.656250000,,
-0.968750000,0.656250000,,
-0.953125000,0.656250000,,
-0.937500000,0.656250000,,
-0.921875000,0.656250000,,
-0.906250000,0.656250000,,
-0.890625000,0.656250000,,
-0.875000000,0.656250000,,
-0.859375000,0.656250000,,
-0.843750000,0.656250000,,
-0.828125000,0.656250000,,
-0.812500000,0.656250000,,
-0.796875000,0.656250000,,
-0.781250000,0.656250000,,
-0.765625000,0.656250000,,
-0.750000000,0.656250000,,
-0.734375000,0.656250000,,
-0.718750000,0.656250000,,
-0.703125000,0.656250000,,
-0.687500000,0.656250000,,
-0.671875000,0.656250000,,
-0.656250000,0.656250000,,
-0.640625000,0.656250000,,
-0.625000000,0.656250000,4.46674528780,2.12170401171
-0.609375000,0.656250000,4.00214951295,1.90102101865
-0.593750000,0.656250000,3.58108612084,1.70101590740
-0.578125000,0.656250000,3.20126419747,1.52060049380
-0.562500000,0.656250000,2.86042707858,1.35870286233
-0.546875000,0.656250000,2.55635715272,1.21426964754
-0.531250000,0.656250000,2.28687961292,1.08626781614
-0.515625000,0.656250000,2.04986537479,0.973686053023
-0.500000000,0.656250000,1.84323334429,0.875535838537
-0.484375000,0.656250000,1.66495218201,0.790852286455
-0.468750000,0.656250000,1.51304168492,0.718694800336
-0.453125000,0.656250000,1.38567365185,0.658194984628
-0.437500000,0.656250000,1.28076158779,0.608361754199
-0.421875000,0.656250000,1.19659795979,0.568384030899
-0.406250000,0.656250000,1.13141616007,0.537422676035
-0.390625000,0.656250000,1.08350475628,0.514664759234
-0.375000000,0.656250000,1.05120807661,0.499323836391
-0.359375000,0.656250000,1.03292679478,0.490640227519
-0.343750000,0.656250000,1.02711853132,0.487881302377
-0.328125000,0.656250000,1.03229848038,0.490341778182
-0.312500000,0.656250000,1.04704006919,0.497344032865
-0.296875000,0.656250000,1.06997565205,0.508238434723
-0.281250000,0.656250000,1.09979723776,0.522403687936
-0.265625000,0.656250000,1.13525724925,0.539247193393
-0.250000000,0.656250000,1.17516931001,0.558205422254
-0.234375000,0.656250000,1.21840905062,0.578744299045
-0.218750000,0.656250000,1.26391492982,0.600359591667
-0.203125000,0.656250000,1.31068906144,0.622577304182
-0.187500000,0.656250000,1.35779803907,0.644954068559
-0.171875000,0.656250000,1.40437375029,0.667077531389
-0.156250000,0.656250000,1.44961417131,0.688566731374
-0.140625000,0.656250000,1.49278413436,0.709072463819
-0.125000000,0.656250000,1.53321605903,0.728277628041
-0.109375000,0.656250000,1.57031063961,0.745897553817
-0.093750000,0.656250000,1.60353748189,0.761680303896
-0.078125000,0.656250000,1.63243568103,0.775406948489
-0.062500000,0.656250000,1.65661433685,0.786891810005
-0.046875000,0.656250000,1.67575299790,0.795982674003
-0.031250000,0.656250000,1.68960203250,0.802560965437
-0.015625000,0.656250000,1.69798292071,0.806541887340
0.000000000,0.656250000,1.70078846570,0.807874521210
0.015625000,0.656250000,1.69798292071,0.806541887340
0.031250000,0.656250000,1.68960203250,0.802560965437
0.046875000,0.656250000,1.67575299790,0.795982674003
0.062500000,0.656250000,1.65661433685,0.786891810005
0.078125000,0.656250000,1.63243568103,0.775406948489
0.093750000,0.656250000,1.60353748189,0.761680303896
0.109375000,0.656250000,1.57031063961,0.745897553817
0.125000000,0.656250000,1.53321605903,0.728277628041
0.140625000,0.656250000,1.49278413436,0.709072463819
0.156250000,0.656250000,1.44961417131,0.688566731374
0.171875000,0.656250000,1.40437375029,0.667077531389
0.187500000,0.656250000,1.35779803907,0.644954068559
0.203125000,0.656250000,1.31068906144,0.622577304182
0.218750000,0.656250000,1.26391492982,0.600359591667
0.234375000,0.656250000,1.21840905062,0.578744299045
0.250000000,0.656250000,1.17516931001,0.558205422254
0.265625000,0.656250000,1.13525724925,0.539247193393
0.281250000,0.656250000,1.09979723776,0.522403687936
0.296875000,0.656250000,1.06997565205,0.508238434723
0.312500000,0.656250000,1.04704006919,0.497344032865
0.328125000,0.656250000,1.03229848038,0.490341778182
0.343750000,0.656250000,1.02711853132,0.487881302377
0.359375000,0.656250000,1.03292679478,0.490640227519
0.375000000,0.656250000,1.05120807661,0.499323836391
0.390625000,0.656250000,1.08350475628,0.514664759234
0.406250000,0.656250000,1.13141616007,0.537422676035
0.421875000,0.656250000,1.19659795979,0.568384030899
0.437500000,0.656250000,1.28076158779,0.608361754199
0.453125000,0.656250000,1.38567365185,0.658194984628
0.468750000,0.656250000,1.51304168492,0.718694800336
0.484375000,0.656250000,1.66495218201,0.790852286455
0.500000000,0.656250000,1.84323334429,0.875535838537
0.515625000,0.656250000,2.04986537479,0.973686053023
0.531250000,0.656250000,2.28687961292,1.08626781614
0.546875000,0.656250000,2.55635715272,1.21426964754
0.562500000,0.656250000,2.86042707858,1.35870286233
0.578125000,0.656250000,3.20126419747,1.52060049380
0.593750000,0.656250000,3.58108612084,1.70101590740
0.609375000,0.656250000,4.00214951295,1.90102101865
0.625000000,0.656250000,4.46674528780,2.12170401171
0.640625000,0.656250000,,
0.656250000,0.656250000,,
0.671875000,0.656250000,,
0.687500000,0.656250000,,
0.703125000,0.656250000,,
0.718750000,0.656250000,,
0.734375000,0.656250000,,
0.750000000,0.656250000,,
0.765625000,0.656250000,,
0.781250000,0.656250000,,
0.796875000,0.656250000,,
0.812500000,0.656250000,,
0.828125000,0.656250000,,
0.843750000,0.656250000,,
0.859375000,0.656250000,,
0.875000000,0.656250000,,
0.890625000,0.656250000,,
0.906250000,0.656250000,,
0.921875000,0.656250000,,
0.937500000,0.656250000,,
0.953125000,0.656250000,,
0.968750000,0.656250000,,
0.984375000,0.656250000,,
1.000000000,0.656250000,,
-1.000000000,0.671875000,,
-0.984375000,0.671875000,,
-0.968750000,0.671875000,,
-0.953125000,0.671875000,,
-0.937500000,0.671875000,,
-0.921875000,0.671875000,,
-0.906250000,0.671875000,,
-0.890625000,0.671875000,,
-0.875000000,0.671875000,,
-0.859375000,0.671875000,,
-0.843750000,0.671875000,,
-0.828125000,0.671875000,,
-0.812500000,0.671875000,,
-0.796875000,0.671875000,,
-0.781250000,0.671875000,,
-0.765625000,0.671875000,,
-0.750000000,0.671875000,,
-0.734375000,0.671875000,,
-0.718750000,0.671875000,,
-0.703125000,0.671875000,,
-0.687500000,0.671875000,,
-0.671875000,0.671875000,,
-0.656250000,0.671875000,,
-0.640625000,0.671875000,,
-0.625000000,0.671875000,,
-0.609375000,0.671875000,,
-0.593750000,0.671875000,3.97256802900,1.88696981377
-0.578125000,0.671875000,3.56254993581,1.69221121951
-0.562500000,0.671875000,3.19332043008,1.51682720429
-0.546875000,0.671875000,2.86262265444,1.35974576086
-0.531250000,0.671875000,2.56823645992,1.21991231846
-0.515625000,0.671875000,2.30798232123,1.09629160258
-0.500000000,0.671875000,2.07972448010,0.987869128046
-0.484375000,0.671875000,1.88137348231,0.893652404096
-0.468750000,0.671875000,1.71098971864,0.812720116353
-0.453125000,0.671875000,1.56636635045,0.744024016465
-0.437500000,0.671875000,1.44567994115,0.686697972047
-0.421875000,0.671875000,1.34704356071,0.639845691338
-0.406250000,0.671875000,1.26862417237,0.602596481876
-0.390625000,0.671875000,1.20864364001,0.574105729005
-0.375000000,0.671875000,1.16537967763,0.553555346874
-0.359375000,0.671875000,1.13716676733,0.540154214483
-0.343750000,0.671875000,1.12239706438,0.533138605583
-0.328125000,0.671875000,1.11952130529,0.531772620014
-0.312500000,0.671875000,1.12704972453,0.535348619154
-0.296875000,0.671875000,1.14355298783,0.543187669220
-0.281250000,0.671875000,1.16766314038,0.554639991681
-0.265625000,0.671875000,1.19807457165,0.569085421534
-0.250000000,0.671875000,1.23354499122,0.585933870832
-0.234375000,0.671875000,1.27289641260,0.604625795983
-0.218750000,0.671875000,1.31501613799,0.624632665544
-0.203125000,0.671875000,1.35885773655,0.645457424862
-0.187500000,0.671875000,1.40344200992,0.666634954711
-0.171875000,0.671875000,1.44785793578,0.687732519493
-0.156250000,0.671875000,1.49126358161,0.708350201264
-0.140625000,0.671875000,1.53288698091,0.728121315933
-0.125000000,0.671875000,1.57202696325,0.746712807541
-0.109375000,0.671875000,1.60805393095,0.763825617201
-0.093750000,0.671875000,1.64041057515,0.779195023195
-0.078125000,0.671875000,1.66861252433,0.792590949058
-0.062500000,0.671875000,1.69224891899,0.803818236520
-0.046875000,0.671875000,1.71098290813,0.812716881362
-0.031250000,0.671875000,1.72455206109,0.819162229016
-0.015625000,0.671875000,1.73276869292,0.823065129136
0.000000000,0.671875000,1.73552009827,0.824372046680
0.015625000,0.671875000,1.73276869292,0.823065129136
0.031250000,0.671875000,1.72455206109,0.819162229016
0.046875000,0.671875000,1.71098290813,0.812716881362
0.062500000,0.671875000,1.69224891899,0.803818236520
0.078125000,0.671875000,1.66861252433,0.792590949058
0.093750000,0.671875000,1.64041057515,0.779195023195
0.109375000,0.671875000,1.60805393095,0.763825617201
0.125000000,0.671875000,1.57202696325,0.746712807541
0.140625000,0.671875000,1.53288698091,0.728121315933
0.156250000,0.671875000,1.49126358161,0.708350201264
0.171875000,0.671875000,1.44785793578,0.687732519493
0.187500000,0.671875000,1.40344200992,0.666634954711
0.203125000,0.671875000,1.35885773655,0.645457424862
0.218750000,0.671875000,1.31501613799,0.624632665544
0.234375000,0.671875000,1.27289641260,0.604625795983
0.250000000,0.671875000,1.23354499122,0.585933870832
0.265625000,0.671875000,1.19807457165,0.569085421534
0.281250000,0.671875000,1.16766314038,0.554639991681
0.296875000,0.671875000,1.14355298783,0.543187669220
0.312500000,0.671875000,1.12704972453,0.535348619154
0.328125000,0.671875000,1.11952130529,0.531772620014
0.343750000,0.671875000,1.12239706438,0.533138605583
0.359375000,0.671875000,1.13716676733,0.540154214483
0.375000000,0.671875000,1.16537967763,0.553555346874
0.390625000,0.671875000,1.20864364001,0.574105729005
0.406250000,0.671875000,1.26862417237,0.602596481876
0.421875000,0.671875000,1.34704356071,0.639845691338
0.437500000,0.671875000,1.44567994115,0.686697972047
0.453125000,0.671875000,1.56636635045,0.744024016465
0.468750000,0.671875000,1.71098971864,0.812720116353
0.484375000,0.671875000,1.88137348231,0.893652404096
0.500000000,0.671875000,2.07972448010,0.987869128046
0.515625000,0.671875000,2.30798232123,1.09629160258
0.531250000,0.671875000,2.56823645992,1.21991231846
0.546875000,0.671875000,2.86262265444,1.35974576086
0.562500000,0.671875000,3.19332043008,1.51682720429
0.578125000,0.671875000,3.56254993581,1.69221121951
0.593750000,0.671875000,3.97256802900,1.88696981377
0.609375000,0.671875000,,
0.625000000,0.671875000,,
0.640625000,0.671875000,,
0.656250000,0.671875000,,
0.671875000,0.671875000,,
0.687500000,0.671875000,,
0.703125000,0.671875000,,
0.718750000,0.671875000,,
0.734375000,0.671875000,,
0.750000000,0.671875000,,
0.765625000,0.671875000,,
0.781250000,0.671875000,,
0.796875000,0.671875000,,
0.812500000,0.671875000,,
0.828125000,0.671875000,,
0.843750000,0.671875000,,
0.859375000,0.671875000,,
0.875000000,0.671875000,,
0.890625000,0.671875000,,
0.906250000,0.671875000,,
0.921875000,0.671875000,,
0.937500000,0.671875000,,
0.953125000,0.671875000,,
0.968750000,0.671875000,,
0.984375000,0.671875000,,
1.000000000,0.671875000,,
-1.000000000,0.687500000,,
-0.984375000,0.687500000,,
-0.968750000,0.687500000,,
-0.953125000,0.687500000,,
-0.937500000,0.687500000,,
-0.921875000,0.687500000,,
-0.906250000,0.687500000,,
-0.890625000,0.687500000,,
-0.875000000,0.687500000,,
-0.859375000,0.687500000,,
-0.843750000,0.687500000,,
-0.828125000,0.687500000,,
-0.812500000,0.687500000,,
-0.796875000,0.687500000,,
-0.781250000,0.687500000,,
-0.765625000,0.687500000,,
-0.750000000,0.687500000,,
-0.734375000,0.687500000,,
-0.718750000,0.687500000,,
-0.703125000,0.687500000,,
-0.687500000,0.687500000,,
-0.671875000,0.687500000,,
-0.656250000,0.687500000,,
-0.640625000,0.687500000,,
-0.625000000,0.687500000,,
-0.609375000,0.687500000,,
-0.593750000,0.687500000,,
-0.578125000,0.687500000,3.95553329676,1.87887831596
-0.562500000,0.687500000,3.55607786039,1.68913698368
-0.546875000,0.687500000,3.19695217101,1.51855228123
-0.531250000,0.687500000,2.87589572600,1.36605046985
-0.515625000,0.687500000,2.59068271397,1.23057428913
-0.500000000,0.687500000,2.33912614240,1.11108491764
-0.484375000,0.687500000,2.11918566127,1.00661318910
-0.468750000,0.687500000,1.92853890217,0.916055978529
-0.453125000,0.687500000,1.76525369321,0.838495504274
-0.437500000,0.687500000,1.62732703902,0.772980343536
-0.421875000,0.687500000,1.51280726224,0.718583449565
-0.406250000,0.687500000,1.41979559547,0.674402907848
-0.390625000,0.687500000,1.34644763248,0.639562625427
-0.375000000,0.687500000,1.29097468032,0.613212973151
-0.359375000,0.687500000,1.25164504319,0.594531395516
-0.343750000,0.687500000,1.22678526352,0.582723000171
-0.328125000,0.687500000,1.21478133605,0.577021134622
-0.312500000,0.687500000,1.21407990749,0.576687956056
-0.296875000,0.687500000,1.22318946920,0.581014997872
-0.281250000,0.687500000,1.24068154615,0.589323734420
-0.265625000,0.687500000,1.26519188330,0.600966144567
-0.250000000,0.687500000,1.29542162734,0.615325272989
-0.234375000,0.687500000,1.33013850107,0.631815788009
-0.218750000,0.687500000,1.36817796344,0.649884532632
-0.203125000,0.687500000,1.40844435193,0.669011067166
-0.187500000,0.687500000,1.44991199758,0.688708198853
-0.171875000,0.687500000,1.49162630768,0.708522496146
-0.156250000,0.687500000,1.53270480607,0.728034782882
-0.140625000,0.687500000,1.57233812587,0.746860609788
-0.125000000,0.687500000,1.60979094410,0.764650698446
-0.109375000,0.687500000,1.64440285377,0.781091355543
-0.093750000,0.687500000,1.67558916387,0.795904852837
-0.078125000,0.687500000,1.70284162215,0.808849770520
-0.062500000,0.687500000,1.72572905449,0.819721300883
-0.046875000,0.687500000,1.74389791463,0.828351509450
-0.031250000,0.687500000,1.75707274130,0.834609552117
-0.015625000,0.687500000,1.76505651714,0.838401845641
0.000000000,0.687500000,1.76773092754,0.839672190584
0.015625000,0.687500000,1.76505651714,0.838401845641
0.031250000,0.687500000,1.75707274130,0.834609552117
0.046875000,0.687500000,1.74389791463,0.828351509450
0.062500000,0.687500000,1.72572905449,0.819721300883
0.078125000,0.687500000,1.70284162215,0.808849770520
0.093750000,0.687500000,1.67558916387,0.795904852837
0.109375000,0.687500000,1.64440285377,0.781091355543
0.125000000,0.687500000,1.60979094410,0.764650698446
0.140625000,0.687500000,1.57233812587,0.746860609788
0.156250000,0.687500000,1.53270480607,0.728034782882
0.171875000,0.687500000,1.49162630768,0.708522496146
0.187500000,0.687500000,1.44991199758,0.688708198853
0.203125000,0.687500000,1.40844435193,0.669011067166
0.218750000,0.687500000,1.36817796344,0.649884532632
0.234375000,0.687500000,1.33013850107,0.631815788009
0.250000000,0.687500000,1.29542162734,0.615325272989
0.265625000,0.687500000,1.26519188330,0.600966144567
0.281250000,0.687500000,1.24068154615,0.589323734420
0.296875000,0.687500000,1.22318946920,0.581014997872
0.312500000,0.687500000,1.21407990749,0.576687956056
0.328125000,0.687500000,1.21478133605,0.577021134622
0.343750000,0.687500000,1.22678526352,0.582723000171
0.359375000,0.687500000,1.25164504319,0.594531395516
0.375000000,0.687500000,1.29097468032,0.613212973151
0.390625000,0.687500000,1.34644763248,0.639562625427
0.406250000,0.687500000,1.41979559547,0.674402907848
0.421875000,0.687500000,1.51280726224,0.718583449565
0.437500000,0.687500000,1.62732703902,0.772980343536
0.453125000,0.687500000,1.76525369321,0.838495504274
0.468750000,0.687500000,1.92853890217,0.916055978529
0.484375000,0.687500000,2.11918566127,1.00661318910
0.500000000,0.687500000,2.33912614240,1.11108491764
0.515625000,0.687500000,2.59068271397,1.23057428913
0.531250000,0.687500000,2.87589572600,1.36605046985
0.546875000,0.687500000,3.19695217101,1.51855228123
0.562500000,0.687500000,3.55607786039,1.68913698368
0.578125000,0.687500000,3.95553329676,1.87887831596
0.593750000,0.687500000,,
0.609375000,0.687500000,,
0.625000000,0.687500000,,
0.640625000,0.687500000,,
0.656250000,0.687500000,,
0.671875000,0.687500000,,
0.687500000,0.687500000,,
0.703125000,0.687500000,,
0.718750000,0.687500000,,
0.734375000,0.687500000,,
0.750000000,0.687500000,,
0.765625000,0.687500000,,
0.781250000,0.687500000,,
0.796875000,0.687500000,,
0.812500000,0.687500000,,
0.828125000,0.687500000,,
0.843750000,0.687500000,,
0.859375000,0.687500000,,
0.875000000,0.687500000,,
0.890625000,0.687500000,,
0.906250000,0.687500000,,
0.921875000,0.687500000,,
0.937500000,0.687500000,,
0.953125000,0.687500000,,
0.968750000,0.687500000,,
0.984375000,0.687500000,,
1.000000000,0.687500000,,
-1.000000000,0.703125000,,
-0.984375000,0.703125000,,
-0.968750000,0.703125000,,
-0.953125000,0.703125000,,
-0.937500000,0.703125000,,
-0.921875000,0.703125000,,
-0.906250000,0.703125000,,
-0.890625000,0.703125000,,
-0.875000000,0.703125000,,
-0.859375000,0.703125000,,
-0.843750000,0.703125000,,
-0.828125000,0.703125000,,
-0.812500000,0.703125000,,
-0.796875000,0.703125000,,
-0.781250000,0.703125000,,
-0.765625000,0.703125000,,
-0.750000000,0.703125000,,
-0.734375000,0.703125000,,
-0.718750000,0.703125000,,
-0.703125000,0.703125000,,
-0.687500000,0.703125000,,
-0.671875000,0.703125000,,
-0.656250000,0.703125000,,
-0.640625000,0.703125000,,
-0.625000000,0.703125000,,
-0.609375000,0.703125000,,
-0.593750000,0.703125000,,
-0.578125000,0.703125000,,
-0.562500000,0.703125000,,
-0.546875000,0.703125000,3.56172190860,1.69181790659
-0.531250000,0.703125000,3.21216726120,1.52577944907
-0.515625000,0.703125000,2.90020535054,1.37759754151
-0.500000000,0.703125000,2.62360231025,1.24621109737
-0.484375000,0.703125000,2.38025549918,1.13062136211
-0.468750000,0.703125000,2.16780905474,1.02970930100
-0.453125000,0.703125000,1.98426039352,0.942523686924
-0.437500000,0.703125000,1.82754521065,0.868083975059
-0.421875000,0.703125000,1.69564862717,0.805433097906
-0.406250000,0.703125000,1.58660732903,0.753638481289
-0.390625000,0.703125000,1.49851151099,0.711792967721
-0.375000000,0.703125000,1.42950667463,0.679015670447
-0.359375000,0.703125000,1.37779531738,0.654452775758
-0.343750000,0.703125000,1.34163854249,0.637278307685
-0.328125000,0.703125000,1.31935761046,0.626694864967
-0.312500000,0.703125000,1.30933544805,0.621934337823
-0.296875000,0.703125000,1.31001812485,0.622258609305
-0.281250000,0.703125000,1.31991630417,0.626960244483
-0.265625000,0.703125000,1.33760667107,0.635363168758
-0.250000000,0.703125000,1.36173333631,0.646823334749
-0.234375000,0.703125000,1.39100921666,0.660729377912
-0.218750000,0.703125000,1.42421738591,0.676503258308
-0.203125000,0.703125000,1.46021239131,0.693600885874
-0.187500000,0.703125000,1.49792153150,0.711512727463
-0.171875000,0.703125000,1.53634608652,0.729764391096
-0.156250000,0.703125000,1.57456249501,0.747917185131
-0.140625000,0.703125000,1.61172347014,0.765568648315
-0.125000000,0.703125000,1.64705904698,0.782353047316
-0.109375000,0.703125000,1.67987755524,0.797941838737
-0.093750000,0.703125000,1.70956650910,0.812044091824
-0.078125000,0.703125000,1.73559340905,0.824406869299
-0.062500000,0.703125000,1.75750644917,0.834815563357
-0.046875000,0.703125000,1.77493512443,0.843094184102
-0.031250000,0.703125000,1.78759073508,0.849105599162
-0.015625000,0.703125000,1.79526678144,0.852751721182
0.000000000,0.703125000,1.79783924930,0.853973643417
0.015625000,0.703125000,1.79526678144,0.852751721182
0.031250000,0.703125000,1.78759073508,0.849105599162
0.046875000,0.703125000,1.77493512443,0.843094184102
0.062500000,0.703125000,1.75750644917,0.834815563357
0.078125000,0.703125000,1.73559340905,0.824406869299
0.093750000,0.703125000,1.70956650910,0.812044091824
0.109375000,0.703125000,1.67987755524,0.797941838737
0.125000000,0.703125000,1.64705904698,0.782353047316
0.140625000,0.703125000,1.61172347014,0.765568648315
0.156250000,0.703125000,1.57456249501,0.747917185131
0.171875000,0.703125000,1.53634608652,0.729764391096
0.187500000,0.703125000,1.49792153150,0.711512727463
0.203125000,0.703125000,1.46021239131,0.693600885874
0.218750000,0.703125000,1.42421738591,0.676503258308
0.234375000,0.703125000,1.39100921666,0.660729377912
0.250000000,0.703125000,1.36173333631,0.646823334749
0.265625000,0.703125000,1.33760667107,0.635363168758
0.281250000,0.703125000,1.31991630417,0.626960244483
0.296875000,0.703125000,1.31001812485,0.622258609305
0.312500000,0.703125000,1.30933544805,0.621934337823
0.328125000,0.703125000,1.31935761046,0.626694864967
0.343750000,0.703125000,1.34163854249,0.637278307685
0.359375000,0.703125000,1.37779531738,0.654452775758
0.375000000,0.703125000,1.42950667463,0.679015670447
0.390625000,0.703125000,1.49851151099,0.711792967721
0.406250000,0.703125000,1.58660732903,0.753638481289
0.421875000,0.703125000,1.69564862717,0.805433097906
0.437500000,0.703125000,1.82754521065,0.868083975059
0.453125000,0.703125000,1.98426039352,0.942523686924
0.468750000,0.703125000,2.16780905474,1.02970930100
0.484375000,0.703125000,2.38025549918,1.13062136211
0.500000000,0.703125000,2.62360231025,1.24621109737
0.515625000,0.703125000,2.90020535054,1.37759754151
0.531250000,0.703125000,3.21216726120,1.52577944907
0.546875000,0.703125000,3.56172190860,1.69181790659
0.562500000,0.703125000,,
0.578125000,0.703125000,,
0.593750000,0.703125000,,
0.609375000,0.703125000,,
0.625000000,0.703125000,,
0.640625000,0.703125000,,
0.656250000,0.703125000,,
0.671875000,0.703125000,,
0.687500000,0.703125000,,
0.703125000,0.703125000,,
0.718750000,0.703125000,,
0.734375000,0.703125000,,
0.750000000,0.703125000,,
0.765625000,0.703125000,,
0.781250000,0.703125000,,
0.796875000,0.703125000,,
0.812500000,0.703125000,,
0.828125000,0.703125000,,
0.843750000,0.703125000,,
0.859375000,0.703125000,,
0.875000000,0.703125000,,
0.890625000,0.703125000,,
0.906250000,0.703125000,,
0.921875000,0.703125000,,
0.937500000,0.703125000,,
0.953125000,0.703125000,,
0.968750000,0.703125000,,
0.984375000,0.703125000,,
1.000000000,0.703125000,,
-1.000000000,0.718750000,,
-0.984375000,0.718750000,,
-0.968750000,0.718750000,,
-0.953125000,0.718750000,,
-0.937500000,0.718750000,,
-0.921875000,0.718750000,,
-0.906250000,0.718750000,,
-0.890625000,0.718750000,,
-0.875000000,0.718750000,,
-0.859375000,0.718750000,,
-0.843750000,0.718750000,,
-0.828125000,0.718750000,,
-0.812500000,0.718750000,,
-0.796875000,0.718750000,,
-0.781250000,0.718750000,,
-0.765625000,0.718750000,,
-0.750000000,0.718750000,,
-0.734375000,0.718750000,,
-0.718750000,0.718750000,,
-0.703125000,0.718750000,,
-0.687500000,0.718750000,,
-0.671875000,0.718750000,,
-0.656250000,0.718750000,,
-0.640625000,0.718750000,,
-0.625000000,0.718750000,,
-0.609375000,0.718750000,,
-0.593750000,0.718750000,,
-0.578125000,0.718750000,,
-0.562500000,0.718750000,,
-0.546875000,0.718750000,,
-0.531250000,0.718750000,3.57949551227,1.70026036833
-0.515625000,0.718750000,3.23893121854,1.53849232881
-0.500000000,0.718750000,2.93556394905,1.39439287580
-0.484375000,0.718750000,2.66693938029,1.26679620564
-0.468750000,0.718750000,2.43096477805,1.15470826957
-0.453125000,0.718750000,2.22547321506,1.05709977715
-0.437500000,0.718750000,2.04834173600,0.972962324601
-0.421875000,0.718750000,1.89749443200,0.901309855199
-0.406250000,0.718750000,1.77090518946,0.841179964996
-0.390625000,0.718750000,1.66660018360,0.791635087212
-0.375000000,0.718750000,1.58266017057,0.751763581022
-0.359375000,0.718750000,1.51722262613,0.720680747414
-0.343750000,0.718750000,1.46848376279,0.697529787327
-0.328125000,0.718750000,1.43470045269,0.681482715028
-0.312500000,0.718750000,1.41419207688,0.671741236517
-0.296875000,0.718750000,1.40534231347,0.667537598896
-0.281250000,0.718750000,1.40660087403,0.668135415166
-0.265625000,0.718750000,1.41648519475,0.672830467505
-0.250000000,0.718750000,1.43358208321,0.680951489525
-0.234375000,0.718750000,1.45654932157,0.691860927744
-0.218750000,0.718750000,1.48411722309,0.704955680967
-0.203125000,0.718750000,1.51509013850,0.719667815787
-0.187500000,0.718750000,1.54834790724,0.735465255940
-0.171875000,0.718750000,1.58284724772,0.751852442667
-0.156250000,0.718750000,1.61762308012,0.768370963056
-0.140625000,0.718750000,1.65178977506,0.784600143154
-0.125000000,0.718750000,1.68454232147,0.800157602697
-0.109375000,0.718750000,1.71515740626,0.814699767974
-0.093750000,0.718750000,1.74299440087,0.827922340415
-0.078125000,0.718750000,1.76749624669,0.839560717178
-0.062500000,0.718750000,1.78819023478,0.849390361518
-0.046875000,0.718750000,1.80468867509,0.857227120668
-0.031250000,0.718750000,1.81668944943,0.862927488477
-0.015625000,0.718750000,1.82397644665,0.866388812160
0.000000000,0.718750000,1.82641987406,0.867549440177
0.015625000,0.718750000,1.82397644665,0.866388812160
0.031250000,0.718750000,1.81668944943,0.862927488477
0.046875000,0.718750000,1.80468867509,0.857227120668
0.062500000,0.718750000,1.78819023478,0.849390361518
0.078125000,0.718750000,1.76749624669,0.839560717178
0.093750000,0.718750000,1.74299440087,0.827922340415
0.109375000,0.718750000,1.71515740626,0.814699767974
0.125000000,0.718750000,1.68454232147,0.800157602697
0.140625000,0.718750000,1.65178977506,0.784600143154
0.156250000,0.718750000,1.61762308012,0.768370963056
0.171875000,0.718750000,1.58284724772,0.751852442667
0.187500000,0.718750000,1.54834790724,0.735465255940
0.203125000,0.718750000,1.51509013850,0.719667815787
0.218750000,0.718750000,1.48411722309,0.704955680967
0.234375000,0.718750000,1.45654932157,0.691860927744
0.250000000,0.718750000,1.43358208321,0.680951489525
0.265625000,0.718750000,1.41648519475,0.672830467505
0.281250000,0.718750000,1.40660087403,0.668135415166
0.296875000,0.718750000,1.40534231347,0.667537598896
0.312500000,0.718750000,1.41419207688,0.671741236517
0.328125000,0.718750000,1.43470045269,0.681482715028
0.343750000,0.718750000,1.46848376279,0.697529787327
0.359375000,0.718750000,1.51722262613,0.720680747414
0.375000000,0.718750000,1.58266017057,0.751763581022
0.390625000,0.718750000,1.66660018360,0.791635087212
0.406250000,0.718750000,1.77090518946,0.841179964996
0.421875000,0.718750000,1.89749443200,0.901309855199
0.437500000,0.718750000,2.04834173600,0.972962324601
0.453125000,0.718750000,2.22547321506,1.05709977715
0.468750000,0.718750000,2.43096477805,1.15470826957
0.484375000,0.718750000,2.66693938029,1.26679620564
0.500000000,0.718750000,2.93556394905,1.39439287580
0.515625000,0.718750000,3.23893121854,1.53849232881
0.531250000,0.718750000,3.57949551227,1.70026036833
0.546875000,0.718750000,,
0.562500000,0.718750000,,
0.578125000,0.718750000,,
0.593750000,0.718750000,,
0.609375000,0.718750000,,
0.625000000,0.718750000,,
0.640625000,0.718750000,,
0.656250000,0.718750000,,
0.671875000,0.718750000,,
0.687500000,0.718750000,,
0.703125000,0.718750000,,
0.718750000,0.718750000,,
0.734375000,0.718750000,,
0.750000000,0.718750000,,
0.765625000,0.718750000,,
0.781250000,0.718750000,,
0.796875000,0.718750000,,
0.812500000,0.718750000,,
0.828125000,0.718750000,,
0.843750000,0.718750000,,
0.859375000,0.718750000,,
0.875000000,0.718750000,,
0.890625000,0.718750000,,
0.906250000,0.718750000,,
0.921875000,0.718750000,,
0.937500000,0.718750000,,
0.953125000,0.718750000,,
0.968750000,0.718750000,,
0.984375000,0.718750000,,
1.000000000,0.718750000,,
-1.000000000,0.734375000,,
-0.984375000,0.734375000,,
-0.968750000,0.734375000,,
-0.953125000,0.734375000,,
-0.937500000,0.734375000,,
-0.921875000,0.734375000,,
-0.906250000,0.734375000,,
-0.890625000,0.734375000,,
-0.875000000,0.734375000,,
-0.859375000,0.734375000,,
-0.843750000,0.734375000,,
-0.828125000,0.734375000,,
-0.812500000,0.734375000,,
-0.796875000,0.734375000,,
-0.781250000,0.734375000,,
-0.765625000,0.734375000,,
-0.750000000,0.734375000,,
-0.734375000,0.734375000,,
-0.718750000,0.734375000,,
-0.703125000,0.734375000,,
-0.687500000,0.734375000,,
-0.671875000,0.734375000,,
-0.656250000,0.734375000,,
-0.640625000,0.734375000,,
-0.625000000,0.734375000,,
-0.609375000,0.734375000,,
-0.593750000,0.734375000,,
-0.578125000,0.734375000,,
-0.562500000,0.734375000,,
-0.546875000,0.734375000,,
-0.531250000,0.734375000,,
-0.515625000,0.734375000,,
-0.500000000,0.734375000,3.27726075037,1.55669885642
-0.484375000,0.734375000,2.98162801432,1.41627330680
-0.468750000,0.734375000,2.72032766685,1.29215564175
-0.453125000,0.734375000,2.49114130756,1.18329212109
-0.437500000,0.734375000,2.29189079646,1.08864812832
-0.421875000,0.734375000,2.12044209215,1.00720999377
-0.406250000,0.734375000,1.97470868350,0.937986624664
-0.390625000,0.734375000,1.85265469449,0.880010979885
-0.375000000,0.734375000,1.75229772896,0.832341421257
-0.359375000,0.734375000,1.67171150687,0.794062965762
-0.343750000,0.734375000,1.60902833291,0.764288458132
-0.328125000,0.734375000,1.56244143092,0.742159679688
-0.312500000,0.734375000,1.53020716706,0.726848404354
-0.296875000,0.734375000,1.51064718005,0.717557410522
-0.281250000,0.734375000,1.50215043184,0.713521455122
-0.265625000,0.734375000,1.50317518609,0.714008213395
-0.250000000,0.734375000,1.51225091908,0.718319186563
-0.234375000,0.734375000,1.52798016577,0.725790578740
-0.218750000,0.734375000,1.54904029983,0.735794142419
-0.203125000,0.734375000,1.57418524455,0.747737991161
-0.187500000,0.734375000,1.60224711258,0.761067378475
-0.171875000,0.734375000,1.63213776832,0.775265439952
-0.156250000,0.734375000,1.66285030745,0.789853896038
-0.140625000,0.734375000,1.69346044830,0.804393712941
-0.125000000,0.734375000,1.72312782850,0.818485718537
-0.109375000,0.734375000,1.75109720067,0.831771170316
-0.093750000,0.734375000,1.77669952055,0.843932272260
-0.078125000,0.734375000,1.79935292293,0.854692638393
-0.062500000,0.734375000,1.81856357858,0.863817699824
-0.046875000,0.734375000,1.83392642854,0.871115053558
-0.031250000,0.734375000,1.84512579089,0.876434750671
-0.015625000,0.734375000,1.85193583615,0.879669522173
0.000000000,0.734375000,1.85422092943,0.880754941481
0.015625000,0.734375000,1.85193583615,0.879669522173
0.031250000,0.734375000,1.84512579089,0.876434750671
0.046875000,0.734375000,1.83392642854,0.871115053558
0.062500000,0.734375000,1.81856357858,0.863817699824
0.078125000,0.734375000,1.79935292293,0.854692638393
0.093750000,0.734375000,1.77669952055,0.843932272260
0.109375000,0.734375000,1.75109720067,0.831771170316
0.125000000,0.734375000,1.72312782850,0.818485718537
0.140625000,0.734375000,1.69346044830,0.804393712941
0.156250000,0.734375000,1.66285030745,0.789853896038
0.171875000,0.734375000,1.63213776832,0.775265439952
0.187500000,0.734375000,1.60224711258,0.761067378475
0.203125000,0.734375000,1.57418524455,0.747737991161
0.218750000,0.734375000,1.54904029983,0.735794142419
0.234375000,0.734375000,1.52798016577,0.725790578740
0.250000000,0.734375000,1.51225091908,0.718319186563
0.265625000,0.734375000,1.50317518609,0.714008213395
0.281250000,0.734375000,1.50215043184,0.713521455122
0.296875000,0.734375000,1.51064718005,0.717557410522
0.312500000,0.734375000,1.53020716706,0.726848404354
0.328125000,0.734375000,1.56244143092,0.742159679688
0.343750000,0.734375000,1.60902833291,0.764288458132
0.359375000,0.734375000,1.67171150687,0.794062965762
0.375000000,0.734375000,1.75229772896,0.832341421257
0.390625000,0.734375000,1.85265469449,0.880010979885
0.406250000,0.734375000,1.97470868350,0.937986624664
0.421875000,0.734375000,2.12044209215,1.00720999377
0.437500000,0.734375000,2.29189079646,1.08864812832
0.453125000,0.734375000,2.49114130756,1.18329212109
0.468750000,0.734375000,2.72032766685,1.29215564175
0.484375000,0.734375000,2.98162801432,1.41627330680
0.500000000,0.734375000,3.27726075037,1.55669885642
0.515625000,0.734375000,,
0.531250000,0.734375000,,
0.546875000,0.734375000,,
0.562500000,0.734375000,,
0.578125000,0.734375000,,
0.593750000,0.734375000,,
0.609375000,0.734375000,,
0.625000000,0.734375000,,
0.640625000,0.734375000,,
0.656250000,0.734375000,,
0.671875000,0.734375000,,
0.687500000,0.734375000,,
0.703125000,0.734375000,,
0.718750000,0.734375000,,
0.734375000,0.734375000,,
0.750000000,0.734375000,,
0.765625000,0.734375000,,
0.781250000,0.734375000,,
0.796875000,0.734375000,,
0.812500000,0.734375000,,
0.828125000,0.734375000,,
0.843750000,0.734375000,,
0.859375000,0.734375000,,
0.875000000,0.734375000,,
0.890625000,0.734375000,,
0.906250000,0.734375000,,
0.921875000,0.734375000,,
0.937500000,0.734375000,,
0.953125000,0.734375000,,
0.968750000,0.734375000,,
0.984375000,0.734375000,,
1.000000000,0.734375000,,
-1.000000000,0.750000000,,
-0.984375000,0.750000000,,
-0.968750000,0.750000000,,
-0.953125000,0.750000000,,
-0.937500000,0.750000000,,
-0.921875000,0.750000000,,
-0.906250000,0.750000000,,
-0.890625000,0.750000000,,
-0.875000000,0.750000000,,
-0.859375000,0.750000000,,
-0.843750000,0.750000000,,
-0.828125000,0.750000000,,
-0.812500000,0.750000000,,
-0.796875000,0.750000000,,
-0.781250000,0.750000000,,
-0.765625000,0.750000000,,
-0.750000000,0.750000000,,
-0.734375000,0.750000000,,
-0.718750000,0.750000000,,
-0.703125000,0.750000000,,
-0.687500000,0.750000000,,
-0.671875000,0.750000000,,
-0.656250000,0.750000000,,
-0.640625000,0.750000000,,
-0.625000000,0.750000000,,
-0.609375000,0.750000000,,
-0.593750000,0.750000000,,
-0.578125000,0.750000000,,
-0.562500000,0.750000000,,
-0.546875000,0.750000000,,
-0.531250000,0.750000000,,
-0.515625000,0.750000000,,
-0.500000000,0.750000000,,
-0.484375000,0.750000000,,
-0.468750000,0.750000000,3.03837062098,1.44322604496
-0.453125000,0.750000000,2.78367264292,1.32224450538
-0.437500000,0.750000000,2.56053185352,1.21625263042
-0.421875000,0.750000000,2.36675981924,1.12421091414
-0.406250000,0.750000000,2.20021279140,1.04510107591
-0.390625000,0.750000000,2.05879549641,0.977927860797
-0.375000000,0.750000000,1.94046459648,0.921720683326
-0.359375000,0.750000000,1.84323187986,0.875535142935
-0.343750000,0.750000000,1.76516723221,0.838454435300
-0.328125000,0.750000000,1.70440142567,0.809590677192
-0.312500000,0.750000000,1.65912875593,0.788086159069
-0.296875000,0.750000000,1.62760955020,0.773114536343
-0.281250000,0.750000000,1.60817256229,0.763881967088
-0.265625000,0.750000000,1.59921726691,0.759628201781
-0.250000000,0.750000000,1.59921605944,0.759627628235
-0.234375000,0.750000000,1.60671636716,0.763190274402
-0.218750000,0.750000000,1.62034267208,0.769662769237
-0.203125000,0.750000000,1.63879844495,0.778429261351
-0.187500000,0.750000000,1.66086798859,0.788912294581
-0.171875000,0.750000000,1.68541818635,0.800573638516
-0.156250000,0.750000000,1.71140015109,0.812915071770
-0.140625000,0.750000000,1.73785077093,0.825479116192
-0.125000000,0.750000000,1.76389414383,0.837849718320
-0.109375000,0.750000000,1.78874289728,0.849652876208
-0.093750000,0.750000000,1.81169938701,0.860557208829
-0.078125000,0.750000000,1.83215676831,0.870274464946
-0.062500000,0.750000000,1.84959993677,0.878559969964
-0.046875000,0.750000000,1.86360633189,0.885213007646
-0.031250000,0.750000000,1.87384660059,0.890077135282
-0.015625000,0.750000000,1.88008511709,0.893040430617
0.000000000,0.750000000,1.88218035595,0.894035669076
0.015625000,0.750000000,1.88008511709,0.893040430617
0.031250000,0.750000000,1.87384660059,0.890077135282
0.046875000,0.750000000,1.86360633189,0.885213007646
0.062500000,0.750000000,1.84959993677,0.878559969964
0.078125000,0.750000000,1.83215676831,0.870274464946
0.093750000,0.750000000,1.81169938701,0.860557208829
0.109375000,0.750000000,1.78874289728,0.849652876208
0.125000000,0.750000000,1.76389414383,0.837849718320
0.140625000,0.750000000,1.73785077093,0.825479116192
0.156250000,0.750000000,1.71140015109,0.812915071770
0.171875000,0.750000000,1.68541818635,0.800573638516
0.187500000,0.750000000,1.66086798859,0.788912294581
0.203125000,0.750000000,1.63879844495,0.778429261351
0.218750000,0.750000000,1.62034267208,0.769662769237
0.234375000,0.750000000,1.60671636716,0.763190274402
0.250000000,0.750000000,1.59921605944,0.759627628235
0.265625000,0.750000000,1.59921726691,0.759628201781
0.281250000,0.750000000,1.60817256229,0.763881967088
0.296875000,0.750000000,1.62760955020,0.773114536343
0.312500000,0.750000000,1.65912875593,0.788086159069
0.328125000,0.750000000,1.70440142567,0.809590677192
0.343750000,0.750000000,1.76516723221,0.838454435300
0.359375000,0.750000000,1.84323187986,0.875535142935
0.375000000,0.750000000,1.94046459648,0.921720683326
0.390625000,0.750000000,2.05879549641,0.977927860797
0.406250000,0.750000000,2.20021279140,1.04510107591
0.421875000,0.750000000,2.36675981924,1.12421091414
0.437500000,0.750000000,2.56053185352,1.21625263042
0.453125000,0.750000000,2.78367264292,1.32224450538
0.468750000,0.750000000,3.03837062098,1.44322604496
0.484375000,0.750000000,,
0.500000000,0.750000000,,
0.515625000,0.750000000,,
0.531250000,0.750000000,,
0.546875000,0.750000000,,
0.562500000,0.750000000,,
0.578125000,0.750000000,,
0.593750000,0.750000000,,
0.609375000,0.750000000,,
0.625000000,0.750000000,,
0.640625000,0.750000000,,
0.656250000,0.750000000,,
0.671875000,0.750000000,,
0.687500000,0.750000000,,
0.703125000,0.750000000,,
0.718750000,0.750000000,,
0.734375000,0.750000000,,
0.750000000,0.750000000,,
0.765625000,0.750000000,,
0.781250000,0.750000000,,
0.796875000,0.750000000,,
0.812500000,0.750000000,,
0.828125000,0.750000000,,
0.843750000,0.750000000,,
0.859375000,0.750000000,,
0.875000000,0.750000000,,
0.890625000,0.750000000,,
0.906250000,0.750000000,,
0.921875000,0.750000000,,
0.937500000,0.750000000,,
0.953125000,0.750000000,,
0.968750000,0.750000000,,
0.984375000,0.750000000,,
1.000000000,0.750000000,,
-1.000000000,0.765625000,,
-0.984375000,0.765625000,,
-0.968750000,0.765625000,,
-0.953125000,0.765625000,,
-0.937500000,0.765625000,,
-0.921875000,0.765625000,,
-0.906250000,0.765625000,,
-0.890625000,0.765625000,,
-0.875000000,0.765625000,,
-0.859375000,0.765625000,,
-0.843750000,0.765625000,,
-0.828125000,0.765625000,,
-0.812500000,0.765625000,,
-0.796875000,0.765625000,,
-0.781250000,0.765625000,,
-0.765625000,0.765625000,,
-0.750000000,0.765625000,,
-0.734375000,0.765625000,,
-0.718750000,0.765625000,,
-0.703125000,0.765625000,,
-0.687500000,0.765625000,,
-0.671875000,0.765625000,,
-0.656250000,0.765625000,,
-0.640625000,0.765625000,,
-0.625000000,0.765625000,,
-0.609375000,0.765625000,,
-0.593750000,0.765625000,,
-0.578125000,0.765625000,,
-0.562500000,0.765625000,,
-0.546875000,0.765625000,,
-0.531250000,0.765625000,,
-0.515625000,0.765625000,,
-0.500000000,0.765625000,,
-0.484375000,0.765625000,,
-0.468750000,0.765625000,,
-0.453125000,0.765625000,3.10562541341,1.47517207137
-0.437500000,0.765625000,2.85676337914,1.35696260509
-0.421875000,0.765625000,2.63888248592,1.25346918081
-0.406250000,0.765625000,2.44978578901,1.16364824978
-0.390625000,0.765625000,2.28732206565,1.08647798118
-0.375000000,0.765625000,2.14938996399,1.02096023290
-0.359375000,0.765625000,2.03394181373,0.966122361521
-0.343750000,0.765625000,1.93898715640,0.921018899289
-0.328125000,0.765625000,1.86259603977,0.884733118891
-0.312500000,0.765625000,1.80290211445,0.856378504362
-0.296875000,0.765625000,1.75810555917,0.835100140605
-0.281250000,0.765625000,1.72647585584,0.820076031526
-0.265625000,0.765625000,1.70635443096,0.810518354707
-0.250000000,0.765625000,1.69615717316,0.805674657253
-0.234375000,0.765625000,1.69437683402,0.804828996158
-0.218750000,0.765625000,1.69958531674,0.807303025451
-0.203125000,0.765625000,1.71043585250,0.812457029939
-0.187500000,0.765625000,1.72566506596,0.819690906332
-0.171875000,0.765625000,1.74409492500,0.828445089373
-0.156250000,0.765625000,1.76463457425,0.838201422769
-0.140625000,0.765625000,1.78628204599,0.848483971847
-0.125000000,0.765625000,1.80812584514,0.858859776442
-0.109375000,0.765625000,1.82934640211,0.868939541002
-0.093750000,0.765625000,1.84921739001,0.878378260256
-0.078125000,0.765625000,1.86710689979,0.886875777400
-0.062500000,0.765625000,1.88247846947,0.894177273001
-0.046875000,0.765625000,1.89489196287,0.900073682365
-0.031250000,0.765625000,1.90400429411,0.904402039704
-0.015625000,0.765625000,1.90956999455,0.907045747412
0.000000000,0.765625000,1.91144161985,0.907934769427
0.015625000,0.765625000,1.90956999455,0.907045747412
0.031250000,0.765625000,1.90400429411,0.904402039704
0.046875000,0.765625000,1.89489196287,0.900073682365
0.062500000,0.765625000,1.88247846947,0.894177273001
0.078125000,0.765625000,1.86710689979,0.886875777400
0.093750000,0.765625000,1.84921739001,0.878378260256
0.109375000,0.765625000,1.82934640211,0.868939541002
0.125000000,0.765625000,1.80812584514,0.858859776442
0.140625000,0.765625000,1.78628204599,0.848483971847
0.156250000,0.765625000,1.76463457425,0.838201422769
0.171875000,0.765625000,1.74409492500,0.828445089373
0.187500000,0.765625000,1.72566506596,0.819690906332
0.203125000,0.765625000,1.71043585250,0.812457029939
0.218750000,0.765625000,1.69958531674,0.807303025451
0.234375000,0.765625000,1.69437683402,0.804828996158
0.250000000,0.765625000,1.69615717316,0.805674657253
0.265625000,0.765625000,1.70635443096,0.810518354707
0.281250000,0.765625000,1.72647585584,0.820076031526
0.296875000,0.765625000,1.75810555917,0.835100140605
0.312500000,0.765625000,1.80290211445,0.856378504362
0.328125000,0.765625000,1.86259603977,0.884733118891
0.343750000,0.765625000,1.93898715640,0.921018899289
0.359375000,0.765625000,2.03394181373,0.966122361521
0.375000000,0.765625000,2.14938996399,1.02096023290
0.390625000,0.765625000,2.28732206565,1.08647798118
0.406250000,0.765625000,2.44978578901,1.16364824978
0.421875000,0.765625000,2.63888248592,1.25346918081
0.437500000,0.765625000,2.85676337914,1.35696260509
0.453125000,0.765625000,3.10562541341,1.47517207137
0.468750000,0.765625000,,
0.484375000,0.765625000,,
0.500000000,0.765625000,,
0.515625000,0.765625000,,
0.531250000,0.765625000,,
0.546875000,0.765625000,,
0.562500000,0.765625000,,
0.578125000,0.765625000,,
0.593750000,0.765625000,,
0.609375000,0.765625000,,
0.625000000,0.765625000,,
0.640625000,0.765625000,,
0.656250000,0.765625000,,
0.671875000,0.765625000,,
0.687500000,0.765625000,,
0.703125000,0.765625000,,
0.718750000,0.765625000,,
0.734375000,0.765625000,,
0.750000000,0.765625000,,
0.765625000,0.765625000,,
0.781250000,0.765625000,,
0.796875000,0.765625000,,
0.812500000,0.765625000,,
0.828125000,0.765625000,,
0.843750000,0.765625000,,
0.859375000,0.765625000,,
0.875000000,0.765625000,,
0.890625000,0.765625000,,
0.906250000,0.765625000,,
0.921875000,0.765625000,,
0.937500000,0.765625000,,
0.953125000,0.765625000,,
0.968750000,0.765625000,,
0.984375000,0.765625000,,
1.000000000,0.765625000,,
-1.000000000,0.781250000,,
-0.984375000,0.781250000,,
-0.968750000,0.781250000,,
-0.953125000,0.781250000,,
-0.937500000,0.781250000,,
-0.921875000,0.781250000,,
-0.906250000,0.781250000,,
-0.890625000,0.781250000,,
-0.875000000,0.781250000,,
-0.859375000,0.781250000,,
-0.843750000,0.781250000,,
-0.828125000,0.781250000,,
-0.812500000,0.781250000,,
-0.796875000,0.781250000,,
-0.781250000,0.781250000,,
-0.765625000,0.781250000,,
-0.750000000,0.781250000,,
-0.734375000,0.781250000,,
-0.718750000,0.781250000,,
-0.703125000,0.781250000,,
-0.687500000,0.781250000,,
-0.671875000,0.781250000,,
-0.656250000,0.781250000,,
-0.640625000,0.781250000,,
-0.625000000,0.781250000,,
-0.609375000,0.781250000,,
-0.593750000,0.781250000,,
-0.578125000,0.781250000,,
-0.562500000,0.781250000,,
-0.546875000,0.781250000,,
-0.531250000,0.781250000,,
-0.515625000,0.781250000,,
-0.500000000,0.781250000,,
-0.484375000,0.781250000,,
-0.468750000,0.781250000,,
-0.453125000,0.781250000,,
-0.437500000,0.781250000,,
-0.421875000,0.781250000,,
-0.406250000,0.781250000,2.72596191898,1.29483191152
-0.390625000,0.781250000,2.54070772737,1.20683617050
-0.375000000,0.781250000,2.38148376925,1.13120479039
-0.359375000,0.781250000,2.24618614159,1.06693841726
-0.343750000,0.781250000,2.13276679736,1.01306422875
-0.328125000,0.781250000,2.03923740437,0.968637767078
-0.312500000,0.781250000,1.96367295200,0.932744652198
-0.296875000,0.781250000,1.90421513861,0.904502190841
-0.281250000,0.781250000,1.85907556871,0.883060895138
-0.265625000,0.781250000,1.82653877680,0.867605918982
-0.250000000,0.781250000,1.80496509414,0.857358419719
-0.234375000,0.781250000,1.79279336912,0.851576850333
-0.218750000,0.781250000,1.78854354570,0.849558184207
-0.203125000,0.781250000,1.79081910621,0.850639075448
-0.187500000,0.781250000,1.79830937771,0.854196954411
-0.171875000,0.781250000,1.80979170254,0.859651058709
-0.156250000,0.781250000,1.82413347095,0.866463398699
-0.140625000,0.781250000,1.84029401232,0.874139655854
-0.125000000,0.781250000,1.85732634180,0.882230012354
-0.109375000,0.781250000,1.87437875852,0.890329910299
-0.093750000,0.781250000,1.89069628975,0.898080737630
-0.078125000,0.781250000,1.90562197796,0.905170439530
-0.062500000,0.781250000,1.91859800607,0.911334052882
-0.046875000,0.781250000,1.92916665668,0.916354161923
-0.031250000,0.781250000,1.93697110199,0.920061273447
-0.015625000,0.781250000,1.94175602162,0.922334110268
0.000000000,0.781250000,1.94336804585,0.923099821779
0.015625000,0.781250000,1.94175602162,0.922334110268
0.031250000,0.781250000,1.93697110199,0.920061273447
0.046875000,0.781250000,1.92916665668,0.916354161923
0.062500000,0.781250000,1.91859800607,0.911334052882
0.078125000,0.781250000,1.90562197796,0.905170439530
0.093750000,0.781250000,1.89069628975,0.898080737630
0.109375000,0.781250000,1.87437875852,0.890329910299
0.125000000,0.781250000,1.85732634180,0.882230012354
0.140625000,0.781250000,1.84029401232,0.874139655854
0.156250000,0.781250000,1.82413347095,0.866463398699
0.171875000,0.781250000,1.80979170254,0.859651058709
0.187500000,0.781250000,1.79830937771,0.854196954411
0.203125000,0.781250000,1.79081910621,0.850639075448
0.218750000,0.781250000,1.78854354570,0.849558184207
0.234375000,0.781250000,1.79279336912,0.851576850333
0.250000000,0.781250000,1.80496509414,0.857358419719
0.265625000,0.781250000,1.82653877680,0.867605918982
0.281250000,0.781250000,1.85907556871,0.883060895138
0.296875000,0.781250000,1.90421513861,0.904502190841
0.312500000,0.781250000,1.96367295200,0.932744652198
0.328125000,0.781250000,2.03923740437,0.968637767078
0.343750000,0.781250000,2.13276679736,1.01306422875
0.359375000,0.781250000,2.24618614159,1.06693841726
0.375000000,0.781250000,2.38148376925,1.13120479039
0.390625000,0.781250000,2.54070772737,1.20683617050
0.406250000,0.781250000,2.72596191898,1.29483191152
0.421875000,0.781250000,,
0.437500000,0.781250000,,
0.453125000,0.781250000,,
0.468750000,0.781250000,,
0.484375000,0.781250000,,
0.500000000,0.781250000,,
0.515625000,0.781250000,,
0.531250000,0.781250000,,
0.546875000,0.781250000,,
0.562500000,0.781250000,,
0.578125000,0.781250000,,
0.593750000,0.781250000,,
0.609375000,0.781250000,,
0.625000000,0.781250000,,
0.640625000,0.781250000,,
0.656250000,0.781250000,,
0.671875000,0.781250000,,
0.687500000,0.781250000,,
0.703125000,0.781250000,,
0.718750000,0.781250000,,
0.734375000,0.781250000,,
0.750000000,0.781250000,,
0.765625000,0.781250000,,
0.781250000,0.781250000,,
0.796875000,0.781250000,,
0.812500000,0.781250000,,
0.828125000,0.781250000,,
0.843750000,0.781250000,,
0.859375000,0.781250000,,
0.875000000,0.781250000,,
0.890625000,0.781250000,,
0.906250000,0.781250000,,
0.921875000,0.781250000,,
0.937500000,0.781250000,,
0.953125000,0.781250000,,
0.968750000,0.781250000,,
0.984375000,0.781250000,,
1.000000000,0.781250000,,
-1.000000000,0.796875000,,
-0.984375000,0.796875000,,
-0.968750000,0.796875000,,
-0.953125000,0.796875000,,
-0.937500000,0.796875000,,
-0.921875000,0.796875000,,
-0.906250000,0.796875000,,
-0.890625000,0.796875000,,
-0.875000000,0.796875000,,
-0.859375000,0.796875000,,
-0.843750000,0.796875000,,
-0.828125000,0.796875000,,
-0.812500000,0.796875000,,
-0.796875000,0.796875000,,
-0.781250000,0.796875000,,
-0.765625000,0.796875000,,
-0.750000000,0.796875000,,
-0.734375000,0.796875000,,
-0.718750000,0.796875000,,
-0.703125000,0.796875000,,
-0.687500000,0.796875000,,
-0.671875000,0.796875000,,
-0.656250000,0.796875000,,
-0.640625000,0.796875000,,
-0.625000000,0.796875000,,
-0.609375000,0.796875000,,
-0.593750000,0.796875000,,
-0.578125000,0.796875000,,
-0.562500000,0.796875000,,
-0.546875000,0.796875000,,
-0.531250000,0.796875000,,
-0.515625000,0.796875000,,
-0.500000000,0.796875000,,
-0.484375000,0.796875000,,
-0.468750000,0.796875000,,
-0.453125000,0.796875000,,
-0.437500000,0.796875000,,
-0.421875000,0.796875000,,
-0.406250000,0.796875000,,
-0.390625000,0.796875000,,
-0.375000000,0.796875000,2.63932771666,1.25368066541
-0.359375000,0.796875000,2.48248965921,1.17918258813
-0.343750000,0.796875000,2.34897204304,1.11576172045
-0.328125000,0.796875000,2.23673121604,1.06244732762
-0.312500000,0.796875000,2.14378613793,1.01829841552
-0.296875000,0.796875000,2.06822228345,0.982405584641
-0.281250000,0.796875000,2.00819530593,0.953892770317
-0.265625000,0.796875000,1.96193448580,0.931918880755
-0.250000000,0.796875000,1.92774598360,0.915679342209
-0.234375000,0.796875000,1.90401591093,0.904407557693
-0.218750000,0.796875000,1.88921322964,0.897376284079
-0.203125000,0.796875000,1.88189248512,0.893898930432
-0.187500000,0.796875000,1.88069637785,0.893330779481
-0.171875000,0.796875000,1.88435817410,0.895070132697
-0.156250000,0.796875000,1.89170395590,0.898559379054
-0.140625000,0.796875000,1.90165470899,0.903285986772
-0.125000000,0.796875000,1.91322824518,0.908783416462
-0.109375000,0.796875000,1.92554095712,0.914631954634
-0.093750000,0.796875000,1.93780940135,0.920459465639
-0.078125000,0.796875000,1.94935170595,0.925942060326
-0.062500000,0.796875000,1.95958879935,0.930804679691
-0.046875000,0.796875000,1.96804545661,0.934821591890
-0.031250000,0.796875000,1.97435116038,0.937816801181
-0.015625000,0.796875000,1.97824077297,0.939664367161
0.000000000,0.796875000,1.97955501851,0.940288633790
0.015625000,0.796875000,1.97824077297,0.939664367161
0.031250000,0.796875000,1.97435116038,0.937816801181
0.046875000,0.796875000,1.96804545661,0.934821591890
0.062500000,0.796875000,1.95958879935,0.930804679691
0.078125000,0.796875000,1.94935170595,0.925942060326
0.093750000,0.796875000,1.93780940135,0.920459465639
0.109375000,0.796875000,1.92554095712,0.914631954634
0.125000000,0.796875000,1.91322824518,0.908783416462
0.140625000,0.796875000,1.90165470899,0.903285986772
0.156250000,0.796875000,1.89170395590,0.898559379054
0.171875000,0.796875000,1.88435817410,0.895070132697
0.187500000,0.796875000,1.88069637785,0.893330779481
0.203125000,0.796875000,1.88189248512,0.893898930432
0.218750000,0.796875000,1.88921322964,0.897376284079
0.234375000,0.796875000,1.90401591093,0.904407557693
0.250000000,0.796875000,1.92774598360,0.915679342209
0.265625000,0.796875000,1.96193448580,0.931918880755
0.281250000,0.796875000,2.00819530593,0.953892770317
0.296875000,0.796875000,2.06822228345,0.982405584641
0.312500000,0.796875000,2.14378613793,1.01829841552
0.328125000,0.796875000,2.23673121604,1.06244732762
0.343750000,0.796875000,2.34897204304,1.11576172045
0.359375000,0.796875000,2.48248965921,1.17918258813
0.375000000,0.796875000,2.63932771666,1.25368066541
0.390625000,0.796875000,,
0.406250000,0.796875000,,
0.421875000,0.796875000,,
0.437500000,0.796875000,,
0.453125000,0.796875000,,
0.468750000,0.796875000,,
0.484375000,0.796875000,,
0.500000000,0.796875000,,
0.515625000,0.796875000,,
0.531250000,0.796875000,,
0.546875000,0.796875000,,
0.562500000,0.796875000,,
0.578125000,0.796875000,,
0.593750000,0.796875000,,
0.609375000,0.796875000,,
0.625000000,0.796875000,,
0.640625000,0.796875000,,
0.656250000,0.796875000,,
0.671875000,0.796875000,,
0.687500000,0.796875000,,
0.703125000,0.796875000,,
0.718750000,0.796875000,,
0.734375000,0.796875000,,
0.750000000,0.796875000,,
0.765625000,0.796875000,,
0.781250000,0.796875000,,
0.796875000,0.796875000,,
0.812500000,0.796875000,,
0.828125000,0.796875000,,
0.843750000,0.796875000,,
0.859375000,0.796875000,,
0.875000000,0.796875000,,
0.890625000,0.796875000,,
0.906250000,0.796875000,,
0.921875000,0.796875000,,
0.937500000,0.796875000,,
0.953125000,0.796875000,,
0.968750000,0.796875000,,
0.984375000,0.796875000,,
1.000000000,0.796875000,,
-1.000000000,0.812500000,,
-0.984375000,0.812500000,,
-0.968750000,0.812500000,,
-0.953125000,0.812500000,,
-0.937500000,0.812500000,,
-0.921875000,0.812500000,,
-0.906250000,0.812500000,,
-0.890625000,0.812500000,,
-0.875000000,0.812500000,,
-0.859375000,0.812500000,,
-0.843750000,0.812500000,,
-0.828125000,0.812500000,,
-0.812500000,0.812500000,,
-0.796875000,0.812500000,,
-0.781250000,0.812500000,,
-0.765625000,0.812500000,,
-0.750000000,0.812500000,,
-0.734375000,0.812500000,,
-0.718750000,0.812500000,,
-0.703125000,0.812500000,,
-0.687500000,0.812500000,,
-0.671875000,0.812500000,,
-0.656250000,0.812500000,,
-0.640625000,0.812500000,,
-0.625000000,0.812500000,,
-0.609375000,0.812500000,,
-0.593750000,0.812500000,,
-0.578125000,0.812500000,,
-0.562500000,0.812500000,,
-0.546875000,0.812500000,,
-0.531250000,0.812500000,,
-0.515625000,0.812500000,,
-0.500000000,0.812500000,,
-0.484375000,0.812500000,,
-0.468750000,0.812500000,,
-0.453125000,0.812500000,,
-0.437500000,0.812500000,,
-0.421875000,0.812500000,,
-0.406250000,0.812500000,,
-0.390625000,0.812500000,,
-0.375000000,0.812500000,,
-0.359375000,0.812500000,,
-0.343750000,0.812500000,,
-0.328125000,0.812500000,2.45766757395,1.16739209763
-0.312500000,0.812500000,2.34577856548,1.11424481860
-0.296875000,0.812500000,2.25260977430,1.06998964279
-0.281250000,0.812500000,2.17626344741,1.03372513752
-0.265625000,0.812500000,2.11491580933,1.00458500943
-0.250000000,0.812500000,2.06682074307,0.981739852958
-0.234375000,0.812500000,2.03031324908,0.964398793315
-0.218750000,0.812500000,2.00381269832,0.951811031702
-0.203125000,0.812500000,1.98582588518,0.943267295459
-0.187500000,0.812500000,1.97494989057,0.938101198022
-0.171875000,0.812500000,1.96987475618,0.935690509184
-0.156250000,0.812500000,1.96938597216,0.935458336777
-0.140625000,0.812500000,1.97236677941,0.936874220221
-0.125000000,0.812500000,1.97780028441,0.939455135093
-0.109375000,0.812500000,1.98477138389,0.942766407350
-0.093750000,0.812500000,1.99246849936,0.946422537197
-0.078125000,0.812500000,2.00018511503,0.950087929639
-0.062500000,0.812500000,2.00732111981,0.953477531910
-0.046875000,0.812500000,2.01338394736,0.956357374994
-0.031250000,0.812500000,2.01798951351,0.958545018918
-0.015625000,0.812500000,2.02086294832,0.959909900451
0.000000000,0.812500000,2.02183911955,0.960373581787
0.015625000,0.812500000,2.02086294832,0.959909900451
0.031250000,0.812500000,2.01798951351,0.958545018918
0.046875000,0.812500000,2.01338394736,0.956357374994
0.062500000,0.812500000,2.00732111981,0.953477531910
0.078125000,0.812500000,2.00018511503,0.950087929639
0.093750000,0.812500000,1.99246849936,0.946422537197
0.109375000,0.812500000,1.98477138389,0.942766407350
0.125000000,0.812500000,1.97780028441,0.939455135093
0.140625000,0.812500000,1.97236677941,0.936874220221
0.156250000,0.812500000,1.96938597216,0.935458336777
0.171875000,0.812500000,1.96987475618,0.935690509184
0.187500000,0.812500000,1.97494989057,0.938101198022
0.203125000,0.812500000,1.98582588518,0.943267295459
0.218750000,0.812500000,2.00381269832,0.951811031702
0.234375000,0.812500000,2.03031324908,0.964398793315
0.250000000,0.812500000,2.06682074307,0.981739852958
0.265625000,0.812500000,2.11491580933,1.00458500943
0.281250000,0.812500000,2.17626344741,1.03372513752
0.296875000,0.812500000,2.25260977430,1.06998964279
0.312500000,0.812500000,2.34577856548,1.11424481860
0.328125000,0.812500000,2.45766757395,1.16739209763
0.343750000,0.812500000,,
0.359375000,0.812500000,,
0.375000000,0.812500000,,
0.390625000,0.812500000,,
0.406250000,0.812500000,,
0.421875000,0.812500000,,
0.437500000,0.812500000,,
0.453125000,0.812500000,,
0.468750000,0.812500000,,
0.484375000,0.812500000,,
0.500000000,0.812500000,,
0.515625000,0.812500000,,
0.531250000,0.812500000,,
0.546875000,0.812500000,,
0.562500000,0.812500000,,
0.578125000,0.812500000,,
0.593750000,0.812500000,,
0.609375000,0.812500000,,
0.625000000,0.812500000,,
0.640625000,0.812500000,,
0.656250000,0.812500000,,
0.671875000,0.812500000,,
0.687500000,0.812500000,,
0.703125000,0.812500000,,
0.718750000,0.812500000,,
0.734375000,0.812500000,,
0.750000000,0.812500000,,
0.765625000,0.812500000,,
0.781250000,0.812500000,,
0.796875000,0.812500000,,
0.812500000,0.812500000,,
0.828125000,0.812500000,,
0.843750000,0.812500000,,
0.859375000,0.812500000,,
0.875000000,0.812500000,,
0.890625000,0.812500000,,
0.906250000,0.812500000,,
0.921875000,0.812500000,,
0.937500000,0.812500000,,
0.953125000,0.812500000,,
0.968750000,0.812500000,,
0.984375000,0.812500000,,
1.000000000,0.812500000,,
-1.000000000,0.828125000,,
-0.984375000,0.828125000,,
-0.968750000,0.828125000,,
-0.953125000,0.828125000,,
-0.937500000,0.828125000,,
-0.921875000,0.828125000,,
-0.906250000,0.828125000,,
-0.890625000,0.828125000,,
-0.875000000,0.828125000,,
-0.859375000,0.828125000,,
-0.843750000,0.828125000,,
-0.828125000,0.828125000,,
-0.812500000,0.828125000,,
-0.796875000,0.828125000,,
-0.781250000,0.828125000,,
-0.765625000,0.828125000,,
-0.750000000,0.828125000,,
-0.734375000,0.828125000,,
-0.718750000,0.828125000,,
-0.703125000,0.828125000,,
-0.687500000,0.828125000,,
-0.671875000,0.828125000,,
-0.656250000,0.828125000,,
-0.640625000,0.828125000,,
-0.625000000,0.828125000,,
-0.609375000,0.828125000,,
-0.593750000,0.828125000,,
-0.578125000,0.828125000,,
-0.562500000,0.828125000,,
-0.546875000,0.828125000,,
-0.531250000,0.828125000,,
-0.515625000,0.828125000,,
-0.500000000,0.828125000,,
-0.484375000,0.828125000,,
-0.468750000,0.828125000,,
-0.453125000,0.828125000,,
-0.437500000,0.828125000,,
-0.421875000,0.828125000,,
-0.406250000,0.828125000,,
-0.390625000,0.828125000,,
-0.375000000,0.828125000,,
-0.359375000,0.828125000,,
-0.343750000,0.828125000,,
-0.328125000,0.828125000,,
-0.312500000,0.828125000,,
-0.296875000,0.828125000,,
-0.281250000,0.828125000,2.36590274684,1.12380380475
-0.265625000,0.828125000,2.28805854282,1.08682780784
-0.250000000,0.828125000,2.22471820484,1.05674114730
-0.234375000,0.828125000,2.17416778127,1.03272969611
-0.218750000,0.828125000,2.13477892439,1.01401998908
-0.203125000,0.828125000,2.10501229830,0.999880841691
-0.187500000,0.828125000,2.08342076237,0.989624862125
-0.171875000,0.828125000,2.06865233515,0.982609859195
-0.156250000,0.828125000,2.05945294456,0.978240148667
-0.140625000,0.828125000,2.05466896444,0.975967758108
-0.125000000,0.828125000,2.05324953938,0.975293531205
-0.109375000,0.828125000,2.05424869658,0.975768130875
-0.093750000,0.828125000,2.05682724410,0.976992940948
-0.078125000,0.828125000,2.06025445207,0.978620864732
-0.062500000,0.828125000,2.06390951678,0.980357020471
-0.046875000,0.828125000,2.06728280355,0.981959331687
-0.031250000,0.828125000,2.06997686756,0.983239012092
-0.015625000,0.828125000,2.07170724946,0.984060943491
0.000000000,0.828125000,2.07230304542,0.984343946577
0.015625000,0.828125000,2.07170724946,0.984060943491
0.031250000,0.828125000,2.06997686756,0.983239012092
0.046875000,0.828125000,2.06728280355,0.981959331687
0.062500000,0.828125000,2.06390951678,0.980357020471
0.078125000,0.828125000,2.06025445207,0.978620864732
0.093750000,0.828125000,2.05682724410,0.976992940948
0.109375000,0.828125000,2.05424869658,0.975768130875
0.125000000,0.828125000,2.05324953938,0.975293531205
0.140625000,0.828125000,2.05466896444,0.975967758108
0.156250000,0.828125000,2.05945294456,0.978240148667
0.171875000,0.828125000,2.06865233515,0.982609859195
0.187500000,0.828125000,2.08342076237,0.989624862125
0.203125000,0.828125000,2.10501229830,0.999880841691
0.218750000,0.828125000,2.13477892439,1.01401998908
0.234375000,0.828125000,2.17416778127,1.03272969611
0.250000000,0.828125000,2.22471820484,1.05674114730
0.265625000,0.828125000,2.28805854282,1.08682780784
0.281250000,0.828125000,2.36590274684,1.12380380475
0.296875000,0.828125000,,
0.312500000,0.828125000,,
0.328125000,0.828125000,,
0.343750000,0.828125000,,
0.359375000,0.828125000,,
0.375000000,0.828125000,,
0.390625000,0.828125000,,
0.406250000,0.828125000,,
0.421875000,0.828125000,,
0.437500000,0.828125000,,
0.453125000,0.828125000,,
0.468750000,0.828125000,,
0.484375000,0.828125000,,
0.500000000,0.828125000,,
0.515625000,0.828125000,,
0.531250000,0.828125000,,
0.546875000,0.828125000,,
0.562500000,0.828125000,,
0.578125000,0.828125000,,
0.593750000,0.828125000,,
0.609375000,0.828125000,,
0.625000000,0.828125000,,
0.640625000,0.828125000,,
0.656250000,0.828125000,,
0.671875000,0.828125000,,
0.687500000,0.828125000,,
0.703125000,0.828125000,,
0.718750000,0.828125000,,
0.734375000,0.828125000,,
0.750000000,0.828125000,,
0.765625000,0.828125000,,
0.781250000,0.828125000,,
0.796875000,0.828125000,,
0.812500000,0.828125000,,
0.828125000,0.828125000,,
0.843750000,0.828125000,,
0.859375000,0.828125000,,
0.875000000,0.828125000,,
0.890625000,0.828125000,,
0.906250000,0.828125000,,
0.921875000,0.828125000,,
0.937500000,0.828125000,,
0.953125000,0.828125000,,
0.968750000,0.828125000,,
0.984375000,0.828125000,,
1.000000000,0.828125000,,
-1.000000000,0.843750000,,
-0.984375000,0.843750000,,
-0.968750000,0.843750000,,
-0.953125000,0.843750000,,
-0.937500000,0.843750000,,
-0.921875000,0.843750000,,
-0.906250000,0.843750000,,
-0.890625000,0.843750000,,
-0.875000000,0.843750000,,
-0.859375000,0.843750000,,
-0.843750000,0.843750000,,
-0.828125000,0.843750000,,
-0.812500000,0.843750000,,
-0.796875000,0.843750000,,
-0.781250000,0.843750000,,
-0.765625000,0.843750000,,
-0.750000000,0.843750000,,
-0.734375000,0.843750000,,
-0.718750000,0.843750000,,
-0.703125000,0.843750000,,
-0.687500000,0.843750000,,
-0.671875000,0.843750000,,
-0.656250000,0.843750000,,
-0.640625000,0.843750000,,
-0.625000000,0.843750000,,
-0.609375000,0.843750000,,
-0.593750000,0.843750000,,
-0.578125000,0.843750000,,
-0.562500000,0.843750000,,
-0.546875000,0.843750000,,
-0.531250000,0.843750000,,
-0.515625000,0.843750000,,
-0.500000000,0.843750000,,
-0.484375000,0.843750000,,
-0.468750000,0.843750000,,
-0.453125000,0.843750000,,
-0.437500000,0.843750000,,
-0.421875000,0.843750000,,
-0.406250000,0.843750000,,
-0.390625000,0.843750000,,
-0.375000000,0.843750000,,
-0.359375000,0.843750000,,
-0.343750000,0.843750000,,
-0.328125000,0.843750000,,
-0.312500000,0.843750000,,
-0.296875000,0.843750000,,
-0.281250000,0.843750000,,
-0.265625000,0.843750000,,
-0.250000000,0.843750000,,
-0.234375000,0.843750000,2.33826255529,1.11067471376
-0.218750000,0.843750000,2.28475628114,1.08525923354
-0.203125000,0.843750000,2.24205812865,1.06497761111
-0.187500000,0.843750000,2.20867858739,1.04912232901
-0.171875000,0.843750000,2.18322526264,1.03703199975
-0.156250000,0.843750000,2.16440591329,1.02809280881
-0.140625000,0.843750000,2.15103124705,1.02173984235
-0.125000000,0.843750000,2.14201747641,1.01745830129
-0.109375000,0.843750000,2.13638863505,1.01478460165
-0.093750000,0.843750000,2.13327865577,1.01330736149
-0.078125000,0.843750000,2.13193320847,1.01266827402
-0.062500000,0.843750000,2.13171129795,1.01256286653
-0.046875000,0.843750000,2.13208661878,1.01274114392
-0.031250000,0.843750000,2.13264866632,1.01300811650
-0.015625000,0.843750000,2.13310360342,1.01322421163
0.000000000,0.843750000,2.13327487962,1.01330556782
0.015625000,0.843750000,2.13310360342,1.01322421163
0.031250000,0.843750000,2.13264866632,1.01300811650
0.046875000,0.843750000,2.13208661878,1.01274114392
0.062500000,0.843750000,2.13171129795,1.01256286653
0.078125000,0.843750000,2.13193320847,1.01266827402
0.093750000,0.843750000,2.13327865577,1.01330736149
0.109375000,0.843750000,2.13638863505,1.01478460165
0.125000000,0.843750000,2.14201747641,1.01745830129
0.140625000,0.843750000,2.15103124705,1.02173984235
0.156250000,0.843750000,2.16440591329,1.02809280881
0.171875000,0.843750000,2.18322526264,1.03703199975
0.187500000,0.843750000,2.20867858739,1.04912232901
0.203125000,0.843750000,2.24205812865,1.06497761111
0.218750000,0.843750000,2.28475628114,1.08525923354
0.234375000,0.843750000,2.33826255529,1.11067471376
0.250000000,0.843750000,,
0.265625000,0.843750000,,
0.281250000,0.843750000,,
0.296875000,0.843750000,,
0.312500000,0.843750000,,
0.328125000,0.843750000,,
0.343750000,0.843750000,,
0.359375000,0.843750000,,
0.375000000,0.843750000,,
0.390625000,0.843750000,,
0.406250000,0.843750000,,
0.421875000,0.843750000,,
0.437500000,0.843750000,,
0.453125000,0.843750000,,
0.468750000,0.843750000,,
0.484375000,0.843750000,,
0.500000000,0.843750000,,
0.515625000,0.843750000,,
0.531250000,0.843750000,,
0.546875000,0.843750000,,
0.562500000,0.843750000,,
0.578125000,0.843750000,,
0.593750000,0.843750000,,
0.609375000,0.843750000,,
0.625000000,0.843750000,,
0.640625000,0.843750000,,
0.656250000,0.843750000,,
0.671875000,0.843750000,,
0.687500000,0.843750000,,
0.703125000,0.843750000,,
0.718750000,0.843750000,,
0.734375000,0.843750000,,
0.750000000,0.843750000,,
0.765625000,0.843750000,,
0.781250000,0.843750000,,
0.796875000,0.843750000,,
0.812500000,0.843750000,,
0.828125000,0.843750000,,
0.843750000,0.843750000,,
0.859375000,0.843750000,,
0.875000000,0.843750000,,
0.890625000,0.843750000,,
0.906250000,0.843750000,,
0.921875000,0.843750000,,
0.937500000,0.843750000,,
0.953125000,0.843750000,,
0.968750000,0.843750000,,
0.984375000,0.843750000,,
1.000000000,0.843750000,,
-1.000000000,0.859375000,,
-0.984375000,0.859375000,,
-0.968750000,0.859375000,,
-0.953125000,0.859375000,,
-0.937500000,0.859375000,,
-0.921875000,0.859375000,,
-0.906250000,0.859375000,,
-0.890625000,0.859375000,,
-0.875000000,0.859375000,,
-0.859375000,0.859375000,,
-0.843750000,0.859375000,,
-0.828125000,0.859375000,,
-0.812500000,0.859375000,,
-0.796875000,0.859375000,,
-0.781250000,0.859375000,,
-0.765625000,0.859375000,,
-0.750000000,0.859375000,,
-0.734375000,0.859375000,,
-0.718750000,0.859375000,,
-0.703125000,0.859375000,,
-0.687500000,0.859375000,,
-0.671875000,0.859375000,,
-0.656250000,0.859375000,,
-0.640625000,0.859375000,,
-0.625000000,0.859375000,,
-0.609375000,0.859375000,,
-0.593750000,0.859375000,,
-0.578125000,0.859375000,,
-0.562500000,0.859375000,,
-0.546875000,0.859375000,,
-0.531250000,0.859375000,,
-0.515625000,0.859375000,,
-0.500000000,0.859375000,,
-0.484375000,0.859375000,,
-0.468750000,0.859375000,,
-0.453125000,0.859375000,,
-0.437500000,0.859375000,,
-0.421875000,0.859375000,,
-0.406250000,0.859375000,,
-0.390625000,0.859375000,,
-0.375000000,0.859375000,,
-0.359375000,0.859375000,,
-0.343750000,0.859375000,,
-0.328125000,0.859375000,,
-0.312500000,0.859375000,,
-0.296875000,0.859375000,,
-0.281250000,0.859375000,,
-0.265625000,0.859375000,,
-0.250000000,0.859375000,,
-0.234375000,0.859375000,,
-0.218750000,0.859375000,,
-0.203125000,0.859375000,,
-0.187500000,0.859375000,,
-0.171875000,0.859375000,,
-0.156250000,0.859375000,,
-0.140625000,0.859375000,2.26414175940,1.07546733571
-0.125000000,0.859375000,2.24676792602,1.06721476486
-0.109375000,0.859375000,2.23383293106,1.06107064225
-0.093750000,0.859375000,2.22444482190,1.05661129040
-0.078125000,0.859375000,2.21782649661,1.05346758589
-0.062500000,0.859375000,2.21331744793,1.05132578777
-0.046875000,0.859375000,2.21037524109,1.04992823952
-0.031250000,0.859375000,2.20857672486,1.04907394431
-0.015625000,0.859375000,2.20761897413,1.04861901271
0.000000000,0.859375000,2.20731996386,1.04847698283
0.015625000,0.859375000,2.20761897413,1.04861901271
0.031250000,0.859375000,2.20857672486,1.04907394431
0.046875000,0.859375000,2.21037524109,1.04992823952
0.062500000,0.859375000,2.21331744793,1.05132578777
0.078125000,0.859375000,2.21782649661,1.05346758589
0.093750000,0.859375000,2.22444482190,1.05661129040
0.109375000,0.859375000,2.23383293106,1.06107064225
0.125000000,0.859375000,2.24676792602,1.06721476486
0.140625000,0.859375000,2.26414175940,1.07546733571
0.156250000,0.859375000,,
0.171875000,0.859375000,,
0.187500000,0.859375000,,
0.203125000,0.859375000,,
0.218750000,0.859375000,,
0.234375000,0.859375000,,
0.250000000,0.859375000,,
0.265625000,0.859375000,,
0.281250000,0.859375000,,
0.296875000,0.859375000,,
0.312500000,0.859375000,,
0.328125000,0.859375000,,
0.343750000,0.859375000,,
0.359375000,0.859375000,,
0.375000000,0.859375000,,
0.390625000,0.859375000,,
0.406250000,0.859375000,,
0.421875000,0.859375000,,
0.437500000,0.859375000,,
0.453125000,0.859375000,,
0.468750000,0.859375000,,
0.484375000,0.859375000,,
0.500000000,0.859375000,,
0.515625000,0.859375000,,
0.531250000,0.859375000,,
0.546875000,0.859375000,,
0.562500000,0.859375000,,
0.578125000,0.859375000,,
0.593750000,0.859375000,,
0.609375000,0.859375000,,
0.625000000,0.859375000,,
0.640625000,0.859375000,,
0.656250000,0.859375000,,
0.671875000,0.859375000,,
0.687500000,0.859375000,,
0.703125000,0.859375000,,
0.718750000,0.859375000,,
0.734375000,0.859375000,,
0.750000000,0.859375000,,
0.765625000,0.859375000,,
0.781250000,0.859375000,,
0.796875000,0.859375000,,
0.812500000,0.859375000,,
0.828125000,0.859375000,,
0.843750000,0.859375000,,
0.859375000,0.859375000,,
0.875000000,0.859375000,,
0.890625000,0.859375000,,
0.906250000,0.859375000,,
0.921875000,0.859375000,,
0.937500000,0.859375000,,
0.953125000,0.859375000,,
0.968750000,0.859375000,,
0.984375000,0.859375000,,
1.000000000,0.859375000,,
-1.000000000,0.875000000,,
-0.984375000,0.875000000,,
-0.968750000,0.875000000,,
-0.953125000,0.875000000,,
-0.937500000,0.875000000,,
-0.921875000,0.875000000,,
-0.906250000,0.875000000,,
-0.890625000,0.875000000,,
-0.875000000,0.875000000,,
-0.859375000,0.875000000,,
-0.843750000,0.875000000,,
-0.828125000,0.875000000,,
-0.812500000,0.875000000,,
-0.796875000,0.875000000,,
-0.781250000,0.875000000,,
-0.765625000,0.875000000,,
-0.750000000,0.875000000,,
-0.734375000,0.875000000,,
-0.718750000,0.875000000,,
-0.703125000,0.875000000,,
-0.687500000,0.875000000,,
-0.671875000,0.875000000,,
-0.656250000,0.875000000,,
-0.640625000,0.875000000,,
-0.625000000,0.875000000,,
-0.609375000,0.875000000,,
-0.593750000,0.875000000,,
-0.578125000,0.875000000,,
-0.562500000,0.875000000,,
-0.546875000,0.875000000,,
-0.531250000,0.875000000,,
-0.515625000,0.875000000,,
-0.500000000,0.875000000,,
-0.484375000,0.875000000,,
-0.468750000,0.875000000,,
-0.453125000,0.875000000,,
-0.437500000,0.875000000,,
-0.421875000,0.875000000,,
-0.406250000,0.875000000,,
-0.390625000,0.875000000,,
-0.375000000,0.875000000,,
-0.359375000,0.875000000,,
-0.343750000,0.875000000,,
-0.328125000,0.875000000,,
-0.312500000,0.875000000,,
-0.296875000,0.875000000,,
-0.281250000,0.875000000,,
-0.265625000,0.875000000,,
-0.250000000,0.875000000,,
-0.234375000,0.875000000,,
-0.218750000,0.875000000,,
-0.203125000,0.875000000,,
-0.187500000,0.875000000,,
-0.171875000,0.875000000,,
-0.156250000,0.875000000,,
-0.140625000,0.875000000,,
-0.125000000,0.875000000,,
-0.109375000,0.875000000,,
-0.093750000,0.875000000,,
-0.078125000,0.875000000,,
-0.062500000,0.875000000,,
-0.046875000,0.875000000,,
-0.031250000,0.875000000,,
-0.015625000,0.875000000,,
0.000000000,0.875000000,,
0.015625000,0.875000000,,
0.031250000,0.875000000,,
0.046875000,0.875000000,,
0.062500000,0.875000000,,
0.078125000,0.875000000,,
0.093750000,0.875000000,,
0.109375000,0.875000000,,
0.125000000,0.875000000,,
0.140625000,0.875000000,,
0.156250000,0.875000000,,
0.171875000,0.875000000,,
0.187500000,0.875000000,,
0.203125000,0.875000000,,
0.218750000,0.875000000,,
0.234375000,0.875000000,,
0.250000000,0.875000000,,
0.265625000,0.875000000,,
0.281250000,0.875000000,,
0.296875000,0.875000000,,
0.312500000,0.875000000,,
0.328125000,0.875000000,,
0.343750000,0.875000000,,
0.359375000,0.875000000,,
0.375000000,0.875000000,,
0.390625000,0.875000000,,
0.406250000,0.875000000,,
0.421875000,0.875000000,,
0.437500000,0.875000000,,
0.453125000,0.875000000,,
0.468750000,0.875000000,,
0.484375000,0.875000000,,
0.500000000,0.875000000,,
0.515625000,0.875000000,,
0.531250000,0.875000000,,
0.546875000,0.875000000,,
0.562500000,0.875000000,,
0.578125000,0.875000000,,
0.593750000,0.875000000,,
0.609375000,0.875000000,,
0.625000000,0.875000000,,
0.640625000,0.875000000,,
0.656250000,0.875000000,,
0.671875000,0.875000000,,
0.687500000,0.875000000,,
0.703125000,0.875000000,,
0.718750000,0.875000000,,
0.734375000,0.875000000,,
0.750000000,0.875000000,,
0.765625000,0.875000000,,
0.781250000,0.875000000,,
0.796875000,0.875000000,,
0.812500000,0.875000000,,
0.828125000,0.875000000,,
0.843750000,0.875000000,,
0.859375000,0.875000000,,
0.875000000,0.875000000,,
0.890625000,0.875000000,,
0.906250000,0.875000000,,
0.921875000,0.875000000,,
0.937500000,0.875000000,,
0.953125000,0.875000000,,
0.968750000,0.875000000,,
0.984375000,0.875000000,,
1.000000000,0.875000000,,
-1.000000000,0.890625000,,
-0.984375000,0.890625000,,
-0.968750000,0.890625000,,
-0.953125000,0.890625000,,
-0.937500000,0.890625000,,
-0.921875000,0.890625000,,
-0.906250000,0.890625000,,
-0.890625000,0.890625000,,
-0.875000000,0.890625000,,
-0.859375000,0.890625000,,
-0.843750000,0.890625000,,
-0.828125000,0.890625000,,
-0.812500000,0.890625000,,
-0.796875000,0.890625000,,
-0.781250000,0.890625000,,
-0.765625000,0.890625000,,
-0.750000000,0.890625000,,
-0.734375000,0.890625000,,
-0.718750000,0.890625000,,
-0.703125000,0.890625000,,
-0.687500000,0.890625000,,
-0.671875000,0.890625000,,
-0.656250000,0.890625000,,
-0.640625000,0.890625000,,
-0.625000000,0.890625000,,
-0.609375000,0.890625000,,
-0.593750000,0.890625000,,
-0.578125000,0.890625000,,
-0.562500000,0.890625000,,
-0.546875000,0.890625000,,
-0.531250000,0.890625000,,
-0.515625000,0.890625000,,
-0.500000000,0.890625000,,
-0.484375000,0.890625000,,
-0.468750000,0.890625000,,
-0.453125000,0.890625000,,
-0.437500000,0.890625000,,
-0.421875000,0.890625000,,
-0.406250000,0.890625000,,
-0.390625000,0.890625000,,
-0.375000000,0.890625000,,
-0.359375000,0.890625000,,
-0.343750000,0.890625000,,
-0.328125000,0.890625000,,
-0.312500000,0.890625000,,
-0.296875000,0.890625000,,
-0.281250000,0.890625000,,
-0.265625000,0.890625000,,
-0.250000000,0.890625000,,
-0.234375000,0.890625000,,
-0.218750000,0.890625000,,
-0.203125000,0.890625000,,
-0.187500000,0.890625000,,
-0.171875000,0.890625000,,
-0.156250000,0.890625000,,
-0.140625000,0.890625000,,
-0.125000000,0.890625000,,
-0.109375000,0.890625000,,
-0.093750000,0.890625000,,
-0.078125000,0.890625000,,
-0.062500000,0.890625000,,
-0.046875000,0.890625000,,
-0.031250000,0.890625000,,
-0.015625000,0.890625000,,
0.000000000,0.890625000,,
0.015625000,0.890625000,,
0.031250000,0.890625000,,
0.046875000,0.890625000,,
0.062500000,0.890625000,,
0.078125000,0.890625000,,
0.093750000,0.890625000,,
0.109375000,0.890625000,,
0.125000000,0.890625000,,
0.140625000,0.890625000,,
0.156250000,0.890625000,,
0.171875000,0.890625000,,
0.187500000,0.890625000,,
0.203125000,0.890625000,,
0.218750000,0.890625000,,
0.234375000,0.890625000,,
0.250000000,0.890625000,,
0.265625000,0.890625000,,
0.281250000,0.890625000,,
0.296875000,0.890625000,,
0.312500000,0.890625000,,
0.328125000,0.890625000,,
0.343750000,0.890625000,,
0.359375000,0.890625000,,
0.375000000,0.890625000,,
0.390625000,0.890625000,,
0.406250000,0.890625000,,
0.421875000,0.890625000,,
0.437500000,0.890625000,,
0.453125000,0.890625000,,
0.468750000,0.890625000,,
0.484375000,0.890625000,,
0.500000000,0.890625000,,
0.515625000,0.890625000,,
0.531250000,0.890625000,,
0.546875000,0.890625000,,
0.562500000,0.890625000,,
0.578125000,0.890625000,,
0.593750000,0.890625000,,
0.609375000,0.890625000,,
0.625000000,0.890625000,,
0.640625000,0.890625000,,
0.656250000,0.890625000,,
0.671875000,0.890625000,,
0.687500000,0.890625000,,
0.703125000,0.890625000,,
0.718750000,0.890625000,,
0.734375000,0.890625000,,
0.750000000,0.890625000,,
0.765625000,0.890625000,,
0.781250000,0.890625000,,
0.796875000,0.890625000,,
0.812500000,0.890625000,,
0.828125000,0.890625000,,
0.843750000,0.890625000,,
0.859375000,0.890625000,,
0.875000000,0.890625000,,
0.890625000,0.890625000,,
0.906250000,0.890625000,,
0.921875000,0.890625000,,
0.937500000,0.890625000,,
0.953125000,0.890625000,,
0.968750000,0.890625000,,
0.984375000,0.890625000,,
1.000000000,0.890625000,,
-1.000000000,0.906250000,,
-0.984375000,0.906250000,,
-0.968750000,0.906250000,,
-0.953125000,0.906250000,,
-0.937500000,0.906250000,,
-0.921875000,0.906250000,,
-0.906250000,0.906250000,,
-0.890625000,0.906250000,,
-0.875000000,0.906250000,,
-0.859375000,0.906250000,,
-0.843750000,0.906250000,,
-0.828125000,0.906250000,,
-0.812500000,0.906250000,,
-0.796875000,0.906250000,,
-0.781250000,0.906250000,,
-0.765625000,0.906250000,,
-0.750000000,0.906250000,,
-0.734375000,0.906250000,,
-0.718750000,0.906250000,,
-0.703125000,0.906250000,,
-0.687500000,0.906250000,,
-0.671875000,0.906250000,,
-0.656250000,0.906250000,,
-0.640625000,0.906250000,,
-0.625000000,0.906250000,,
-0.609375000,0.906250000,,
-0.593750000,0.906250000,,
-0.578125000,0.906250000,,
-0.562500000,0.906250000,,
-0.546875000,0.906250000,,
-0.531250000,0.906250000,,
-0.515625000,0.906250000,,
-0.500000000,0.906250000,,
-0.484375000,0.906250000,,
-0.468750000,0.906250000,,
-0.453125000,0.906250000,,
-0.437500000,0.906250000,,
-0.421875000,0.906250000,,
-0.406250000,0.906250000,,
-0.390625000,0.906250000,,
-0.375000000,0.906250000,,
-0.359375000,0.906250000,,
-0.343750000,0.906250000,,
-0.328125000,0.906250000,,
-0.312500000,0.906250000,,
-0.296875000,0.906250000,,
-0.281250000,0.906250000,,
-0.265625000,0.906250000,,
-0.250000000,0.906250000,,
-0.234375000,0.906250000,,
-0.218750000,0.906250000,,
-0.203125000,0.906250000,,
-0.187500000,0.906250000,,
-0.171875000,0.906250000,,
-0.156250000,0.906250000,,
-0.140625000,0.906250000,,
-0.125000000,0.906250000,,
-0.109375000,0.906250000,,
-0.093750000,0.906250000,,
-0.078125000,0.906250000,,
-0.062500000,0.906250000,,
-0.046875000,0.906250000,,
-0.031250000,0.906250000,,
-0.015625000,0.906250000,,
0.000000000,0.906250000,,
0.015625000,0.906250000,,
0.031250000,0.906250000,,
0.046875000,0.906250000,,
0.062500000,0.906250000,,
0.078125000,0.906250000,,
0.093750000,0.906250000,,
0.109375000,0.906250000,,
0.125000000,0.906250000,,
0.140625000,0.906250000,,
0.156250000,0.906250000,,
0.171875000,0.906250000,,
0.187500000,0.906250000,,
0.203125000,0.906250000,,
0.218750000,0.906250000,,
0.234375000,0.906250000,,
0.250000000,0.906250000,,
0.265625000,0.906250000,,
0.281250000,0.906250000,,
0.296875000,0.906250000,,
0.312500000,0.906250000,,
0.328125000,0.906250000,,
0.343750000,0.906250000,,
0.359375000,0.906250000,,
0.375000000,0.906250000,,
0.390625000,0.906250000,,
0.406250000,0.906250000,,
0.421875000,0.906250000,,
0.437500000,0.906250000,,
0.453125000,0.906250000,,
0.468750000,0.906250000,,
0.484375000,0.906250000,,
0.500000000,0.906250000,,
0.515625000,0.906250000,,
0.531250000,0.906250000,,
0.546875000,0.906250000,,
0.562500000,0.906250000,,
0.578125000,0.906250000,,
0.593750000,0.906250000,,
0.609375000,0.906250000,,
0.625000000,0.906250000,,
0.640625000,0.906250000,,
0.656250000,0.906250000,,
0.671875000,0.906250000,,
0.687500000,0.906250000,,
0.703125000,0.906250000,,
0.718750000,0.906250000,,
0.734375000,0.906250000,,
0.750000000,0.906250000,,
0.765625000,0.906250000,,
0.781250000,0.906250000,,
0.796875000,0.906250000,,
0.812500000,0.906250000,,
0.828125000,0.906250000,,
0.843750000,0.906250000,,
0.859375000,0.906250000,,
0.875000000,0.906250000,,
0.890625000,0.906250000,,
0.906250000,0.906250000,,
0.921875000,0.906250000,,
0.937500000,0.906250000,,
0.953125000,0.906250000,,
0.968750000,0.906250000,,
0.984375000,0.906250000,,
1.000000000,0.906250000,,
-1.000000000,0.921875000,,
-0.984375000,0.921875000,,
-0.968750000,0.921875000,,
-0.953125000,0.921875000,,
-0.937500000,0.921875000,,
-0.921875000,0.921875000,,
-0.906250000,0.921875000,,
-0.890625000,0.921875000,,
-0.875000000,0.921875000,,
-0.859375000,0.921875000,,
-0.843750000,0.921875000,,
-0.828125000,0.921875000,,
-0.812500000,0.921875000,,
-0.796875000,0.921875000,,
-0.781250000,0.921875000,,
-0.765625000,0.921875000,,
-0.750000000,0.921875000,,
-0.734375000,0.921875000,,
-0.718750000,0.921875000,,
-0.703125000,0.921875000,,
-0.687500000,0.921875000,,
-0.671875000,0.921875000,,
-0.656250000,0.921875000,,
-0.640625000,0.921875000,,
-0.625000000,0.921875000,,
-0.609375000,0.921875000,,
-0.593750000,0.921875000,,
-0.578125000,0.921875000,,
-0.562500000,0.921875000,,
-0.546875000,0.921875000,,
-0.531250000,0.921875000,,
-0.515625000,0.921875000,,
-0.500000000,0.921875000,,
-0.484375000,0.921875000,,
-0.468750000,0.921875000,,
-0.453125000,0.921875000,,
-0.437500000,0.921875000,,
-0.421875000,0.921875000,,
-0.406250000,0.921875000,,
-0.390625000,0.921875000,,
-0.375000000,0.921875000,,
-0.359375000,0.921875000,,
-0.343750000,0.921875000,,
-0.328125000,0.921875000,,
-0.312500000,0.921875000,,
-0.296875000,0.921875000,,
-0.281250000,0.921875000,,
-0.265625000,0.921875000,,
-0.250000000,0.921875000,,
-0.234375000,0.921875000,,
-0.218750000,0.921875000,,
-0.203125000,0.921875000,,
-0.187500000,0.921875000,,
-0.171875000,0.921875000,,
-0.156250000,0.921875000,,
-0.140625000,0.921875000,,
-0.125000000,0.921875000,,
-0.109375000,0.921875000,,
-0.093750000,0.921875000,,
-0.078125000,0.921875000,,
-0.062500000,0.921875000,,
-0.046875000,0.921875000,,
-0.031250000,0.921875000,,
-0.015625000,0.921875000,,
0.000000000,0.921875000,,
0.015625000,0.921875000,,
0.031250000,0.921875000,,
0.046875000,0.921875000,,
0.062500000,0.921875000,,
0.078125000,0.921875000,,
0.093750000,0.921875000,,
0.109375000,0.921875000,,
0.125000000,0.921875000,,
0.140625000,0.921875000,,
0.156250000,0.921875000,,
0.171875000,0.921875000,,
0.187500000,0.921875000,,
0.203125000,0.921875000,,
0.218750000,0.921875000,,
0.234375000,0.921875000,,
0.250000000,0.921875000,,
0.265625000,0.921875000,,
0.281250000,0.921875000,,
0.296875000,0.921875000,,
0.312500000,0.921875000,,
0.328125000,0.921875000,,
0.343750000,0.921875000,,
0.359375000,0.921875000,,
0.375000000,0.921875000,,
0.390625000,0.921875000,,
0.406250000,0.921875000,,
0.421875000,0.921875000,,
0.437500000,0.921875000,,
0.453125000,0.921875000,,
0.468750000,0.921875000,,
0.484375000,0.921875000,,
0.500000000,0.921875000,,
0.515625000,0.921875000,,
0.531250000,0.921875000,,
0.546875000,0.921875000,,
0.562500000,0.921875000,,
0.578125000,0.921875000,,
0.593750000,0.921875000,,
0.609375000,0.921875000,,
0.625000000,0.921875000,,
0.640625000,0.921875000,,
0.656250000,0.921875000,,
0.671875000,0.921875000,,
0.687500000,0.921875000,,
0.703125000,0.921875000,,
0.718750000,0.921875000,,
0.734375000,0.921875000,,
0.750000000,0.921875000,,
0.765625000,0.921875000,,
0.781250000,0.921875000,,
0.796875000,0.921875000,,
0.812500000,0.921875000,,
0.828125000,0.921875000,,
0.843750000,0.921875000,,
0.859375000,0.921875000,,
0.875000000,0.921875000,,
0.890625000,0.921875000,,
0.906250000,0.921875000,,
0.921875000,0.921875000,,
0.937500000,0.921875000,,
0.953125000,0.921875000,,
0.968750000,0.921875000,,
0.984375000,0.921875000,,
1.000000000,0.921875000,,
-1.000000000,0.937500000,,
-0.984375000,0.937500000,,
-0.968750000,0.937500000,,
-0.953125000,0.937500000,,
-0.937500000,0.937500000,,
-0.921875000,0.937500000,,
-0.906250000,0.937500000,,
-0.890625000,0.937500000,,
-0.875000000,0.937500000,,
-0.859375000,0.937500000,,
-0.843750000,0.937500000,,
-0.828125000,0.937500000,,
-0.812500000,0.937500000,,
-0.796875000,0.937500000,,
-0.781250000,0.937500000,,
-0.765625000,0.937500000,,
-0.750000000,0.937500000,,
-0.734375000,0.937500000,,
-0.718750000,0.937500000,,
-0.703125000,0.937500000,,
-0.687500000,0.937500000,,
-0.671875000,0.937500000,,
-0.656250000,0.937500000,,
-0.640625000,0.937500000,,
-0.625000000,0.937500000,,
-0.609375000,0.937500000,,
-0.593750000,0.937500000,,
-0.578125000,0.937500000,,
-0.562500000,0.937500000,,
-0.546875000,0.937500000,,
-0.531250000,0.937500000,,
-0.515625000,0.937500000,,
-0.500000000,0.937500000,,
-0.484375000,0.937500000,,
-0.468750000,0.937500000,,
-0.453125000,0.937500000,,
-0.437500000,0.937500000,,
-0.421875000,0.937500000,,
-0.406250000,0.937500000,,
-0.390625000,0.937500000,,
-0.375000000,0.937500000,,
-0.359375000,0.937500000,,
-0.343750000,0.937500000,,
-0.328125000,0.937500000,,
-0.312500000,0.937500000,,
-0.296875000,0.937500000,,
-0.281250000,0.937500000,,
-0.265625000,0.937500000,,
-0.250000000,0.937500000,,
-0.234375000,0.937500000,,
-0.218750000,0.937500000,,
-0.203125000,0.937500000,,
-0.187500000,0.937500000,,
-0.171875000,0.937500000,,
-0.156250000,0.937500000,,
-0.140625000,0.937500000,,
-0.125000000,0.937500000,,
-0.109375000,0.937500000,,
-0.093750000,0.937500000,,
-0.078125000,0.937500000,,
-0.062500000,0.937500000,,
-0.046875000,0.937500000,,
-0.031250000,0.937500000,,
-0.015625000,0.937500000,,
0.000000000,0.937500000,,
0.015625000,0.937500000,,
0.031250000,0.937500000,,
0.046875000,0.937500000,,
0.062500000,0.937500000,,
0.078125000,0.937500000,,
0.093750000,0.937500000,,
0.109375000,0.937500000,,
0.125000000,0.937500000,,
0.140625000,0.937500000,,
0.156250000,0.937500000,,
0.171875000,0.937500000,,
0.187500000,0.937500000,,
0.203125000,0.937500000,,
0.218750000,0.937500000,,
0.234375000,0.937500000,,
0.250000000,0.937500000,,
0.265625000,0.937500000,,
0.281250000,0.937500000,,
0.296875000,0.937500000,,
0.312500000,0.937500000,,
0.328125000,0.937500000,,
0.343750000,0.937500000,,
0.359375000,0.937500000,,
0.375000000,0.937500000,,
0.390625000,0.937500000,,
0.406250000,0.937500000,,
0.421875000,0.937500000,,
0.437500000,0.937500000,,
0.453125000,0.937500000,,
0.468750000,0.937500000,,
0.484375000,0.937500000,,
0.500000000,0.937500000,,
0.515625000,0.937500000,,
0.531250000,0.937500000,,
0.546875000,0.937500000,,
0.562500000,0.937500000,,
0.578125000,0.937500000,,
0.593750000,0.937500000,,
0.609375000,0.937500000,,
0.625000000,0.937500000,,
0.640625000,0.937500000,,
0.656250000,0.937500000,,
0.671875000,0.937500000,,
0.687500000,0.937500000,,
0.703125000,0.937500000,,
0.718750000,0.937500000,,
0.734375000,0.937500000,,
0.750000000,0.937500000,,
0.765625000,0.937500000,,
0.781250000,0.937500000,,
0.796875000,0.937500000,,
0.812500000,0.937500000,,
0.828125000,0.937500000,,
0.843750000,0.937500000,,
0.859375000,0.937500000,,
0.875000000,0.937500000,,
0.890625000,0.937500000,,
0.906250000,0.937500000,,
0.921875000,0.937500000,,
0.937500000,0.937500000,,
0.953125000,0.937500000,,
0.968750000,0.937500000,,
0.984375000,0.937500000,,
1.000000000,0.937500000,,
-1.000000000,0.953125000,,
-0.984375000,0.953125000,,
-0.968750000,0.953125000,,
-0.953125000,0.953125000,,
-0.937500000,0.953125000,,
-0.921875000,0.953125000,,
-0.906250000,0.953125000,,
-0.890625000,0.953125000,,
-0.875000000,0.953125000,,
-0.859375000,0.953125000,,
-0.843750000,0.953125000,,
-0.828125000,0.953125000,,
-0.812500000,0.953125000,,
-0.796875000,0.953125000,,
-0.781250000,0.953125000,,
-0.765625000,0.953125000,,
-0.750000000,0.953125000,,
-0.734375000,0.953125000,,
-0.718750000,0.953125000,,
-0.703125000,0.953125000,,
-0.687500000,0.953125000,,
-0.671875000,0.953125000,,
-0.656250000,0.953125000,,
-0.640625000,0.953125000,,
-0.625000000,0.953125000,,
-0.609375000,0.953125000,,
-0.593750000,0.953125000,,
-0.578125000,0.953125000,,
-0.562500000,0.953125000,,
-0.546875000,0.953125000,,
-0.531250000,0.953125000,,
-0.515625000,0.953125000,,
-0.500000000,0.953125000,,
-0.484375000,0.953125000,,
-0.468750000,0.953125000,,
-0.453125000,0.953125000,,
-0.437500000,0.953125000,,
-0.421875000,0.953125000,,
-0.406250000,0.953125000,,
-0.390625000,0.953125000,,
-0.375000000,0.953125000,,
-0.359375000,0.953125000,,
-0.343750000,0.953125000,,
-0.328125000,0.953125000,,
-0.312500000,0.953125000,,
-0.296875000,0.953125000,,
-0.281250000,0.953125000,,
-0.265625000,0.953125000,,
-0.250000000,0.953125000,,
-0.234375000,0.953125000,,
-0.218750000,0.953125000,,
-0.203125000,0.953125000,,
-0.187500000,0.953125000,,
-0.171875000,0.953125000,,
-0.156250000,0.953125000,,
-0.140625000,0.953125000,,
-0.125000000,0.953125000,,
-0.109375000,0.953125000,,
-0.093750000,0.953125000,,
-0.078125000,0.953125000,,
-0.062500000,0.953125000,,
-0.046875000,0.953125000,,
-0.031250000,0.953125000,,
-0.015625000,0.953125000,,
0.000000000,0.953125000,,
0.015625000,0.953125000,,
0.031250000,0.953125000,,
0.046875000,0.953125000,,
0.062500000,0.953125000,,
0.078125000,0.953125000,,
0.093750000,0.953125000,,
0.109375000,0.953125000,,
0.125000000,0.953125000,,
0.140625000,0.953125000,,
0.156250000,0.953125000,,
0.171875000,0.953125000,,
0.187500000,0.953125000,,
0.203125000,0.953125000,,
0.218750000,0.953125000,,
0.234375000,0.953125000,,
0.250000000,0.953125000,,
0.265625000,0.953125000,,
0.281250000,0.953125000,,
0.296875000,0.953125000,,
0.312500000,0.953125000,,
0.328125000,0.953125000,,
0.343750000,0.953125000,,
0.359375000,0.953125000,,
0.375000000,0.953125000,,
0.390625000,0.953125000,,
0.406250000,0.953125000,,
0.421875000,0.953125000,,
0.437500000,0.953125000,,
0.453125000,0.953125000,,
0.468750000,0.953125000,,
0.484375000,0.953125000,,
0.500000000,0.953125000,,
0.515625000,0.953125000,,
0.531250000,0.953125000,,
0.546875000,0.953125000,,
0.562500000,0.953125000,,
0.578125000,0.953125000,,
0.593750000,0.953125000,,
0.609375000,0.953125000,,
0.625000000,0.953125000,,
0.640625000,0.953125000,,
0.656250000,0.953125000,,
0.671875000,0.953125000,,
0.687500000,0.953125000,,
0.703125000,0.953125000,,
0.718750000,0.953125000,,
0.734375000,0.953125000,,
0.750000000,0.953125000,,
0.765625000,0.953125000,,
0.781250000,0.953125000,,
0.796875000,0.953125000,,
0.812500000,0.953125000,,
0.828125000,0.953125000,,
0.843750000,0.953125000,,
0.859375000,0.953125000,,
0.875000000,0.953125000,,
0.890625000,0.953125000,,
0.906250000,0.953125000,,
0.921875000,0.953125000,,
0.937500000,0.953125000,,
0.953125000,0.953125000,,
0.968750000,0.953125000,,
0.984375000,0.953125000,,
1.000000000,0.953125000,,
-1.000000000,0.968750000,,
-0.984375000,0.968750000,,
-0.968750000,0.968750000,,
-0.953125000,0.968750000,,
-0.937500000,0.968750000,,
-0.921875000,0.968750000,,
-0.906250000,0.968750000,,
-0.890625000,0.968750000,,
-0.875000000,0.968750000,,
-0.859375000,0.968750000,,
-0.843750000,0.968750000,,
-0.828125000,0.968750000,,
-0.812500000,0.968750000,,
-0.796875000,0.968750000,,
-0.781250000,0.968750000,,
-0.765625000,0.968750000,,
-0.750000000,0.968750000,,
-0.734375000,0.968750000,,
-0.718750000,0.968750000,,
-0.703125000,0.968750000,,
-0.687500000,0.968750000,,
-0.671875000,0.968750000,,
-0.656250000,0.968750000,,
-0.640625000,0.968750000,,
-0.625000000,0.968750000,,
-0.609375000,0.968750000,,
-0.593750000,0.968750000,,
-0.578125000,0.968750000,,
-0.562500000,0.968750000,,
-0.546875000,0.968750000,,
-0.531250000,0.968750000,,
-0.515625000,0.968750000,,
-0.500000000,0.968750000,,
-0.484375000,0.968750000,,
-0.468750000,0.968750000,,
-0.453125000,0.968750000,,
-0.437500000,0.968750000,,
-0.421875000,0.968750000,,
-0.406250000,0.968750000,,
-0.390625000,0.968750000,,
-0.375000000,0.968750000,,
-0.359375000,0.968750000,,
-0.343750000,0.968750000,,
-0.328125000,0.968750000,,
-0.312500000,0.968750000,,
-0.296875000,0.968750000,,
-0.281250000,0.968750000,,
-0.265625000,0.968750000,,
-0.250000000,0.968750000,,
-0.234375000,0.968750000,,
-0.218750000,0.968750000,,
-0.203125000,0.968750000,,
-0.187500000,0.968750000,,
-0.171875000,0.968750000,,
-0.156250000,0.968750000,,
-0.140625000,0.968750000,,
-0.125000000,0.968750000,,
-0.109375000,0.968750000,,
-0.093750000,0.968750000,,
-0.078125000,0.968750000,,
-0.062500000,0.968750000,,
-0.046875000,0.968750000,,
-0.031250000,0.968750000,,
-0.015625000,0.968750000,,
0.000000000,0.968750000,,
0.015625000,0.968750000,,
0.031250000,0.968750000,,
0.046875000,0.968750000,,
0.062500000,0.968750000,,
0.078125000,0.968750000,,
0.093750000,0.968750000,,
0.109375000,0.968750000,,
0.125000000,0.968750000,,
0.140625000,0.968750000,,
0.156250000,0.968750000,,
0.171875000,0.968750000,,
0.187500000,0.968750000,,
0.203125000,0.968750000,,
0.218750000,0.968750000,,
0.234375000,0.968750000,,
0.250000000,0.968750000,,
0.265625000,0.968750000,,
0.281250000,0.968750000,,
0.296875000,0.968750000,,
0.312500000,0.968750000,,
0.328125000,0.968750000,,
0.343750000,0.968750000,,
0.359375000,0.968750000,,
0.375000000,0.968750000,,
0.390625000,0.968750000,,
0.406250000,0.968750000,,
0.421875000,0.968750000,,
0.437500000,0.968750000,,
0.453125000,0.968750000,,
0.468750000,0.968750000,,
0.484375000,0.968750000,,
0.500000000,0.968750000,,
0.515625000,0.968750000,,
0.531250000,0.968750000,,
0.546875000,0.968750000,,
0.562500000,0.968750000,,
0.578125000,0.968750000,,
0.593750000,0.968750000,,
0.609375000,0.968750000,,
0.625000000,0.968750000,,
0.640625000,0.968750000,,
0.656250000,0.968750000,,
0.671875000,0.968750000,,
0.687500000,0.968750000,,
0.703125000,0.968750000,,
0.718750000,0.968750000,,
0.734375000,0.968750000,,
0.750000000,0.968750000,,
0.765625000,0.968750000,,
0.781250000,0.968750000,,
0.796875000,0.968750000,,
0.812500000,0.968750000,,
0.828125000,0.968750000,,
0.843750000,0.968750000,,
0.859375000,0.968750000,,
0.875000000,0.968750000,,
0.890625000,0.968750000,,
0.906250000,0.968750000,,
0.921875000,0.968750000,,
0.937500000,0.968750000,,
0.953125000,0.968750000,,
0.968750000,0.968750000,,
0.984375000,0.968750000,,
1.000000000,0.968750000,,
-1.000000000,0.984375000,,
-0.984375000,0.984375000,,
-0.968750000,0.984375000,,
-0.953125000,0.984375000,,
-0.937500000,0.984375000,,
-0.921875000,0.984375000,,
-0.906250000,0.984375000,,
-0.890625000,0.984375000,,
-0.875000000,0.984375000,,
-0.859375000,0.984375000,,
-0.843750000,0.984375000,,
-0.828125000,0.984375000,,
-0.812500000,0.984375000,,
-0.796875000,0.984375000,,
-0.781250000,0.984375000,,
-0.765625000,0.984375000,,
-0.750000000,0.984375000,,
-0.734375000,0.984375000,,
-0.718750000,0.984375000,,
-0.703125000,0.984375000,,
-0.687500000,0.984375000,,
-0.671875000,0.984375000,,
-0.656250000,0.984375000,,
-0.640625000,0.984375000,,
-0.625000000,0.984375000,,
-0.609375000,0.984375000,,
-0.593750000,0.984375000,,
-0.578125000,0.984375000,,
-0.562500000,0.984375000,,
-0.546875000,0.984375000,,
-0.531250000,0.984375000,,
-0.515625000,0.984375000,,
-0.500000000,0.984375000,,
-0.484375000,0.984375000,,
-0.468750000,0.984375000,,
-0.453125000,0.984375000,,
-0.437500000,0.984375000,,
-0.421875000,0.984375000,,
-0.406250000,0.984375000,,
-0.390625000,0.984375000,,
-0.375000000,0.984375000,,
-0.359375000,0.984375000,,
-0.343750000,0.984375000,,
-0.328125000,0.984375000,,
-0.312500000,0.984375000,,
-0.296875000,0.984375000,,
-0.281250000,0.984375000,,
-0.265625000,0.984375000,,
-0.250000000,0.984375000,,
-0.234375000,0.984375000,,
-0.218750000,0.984375000,,
-0.203125000,0.984375000,,
-0.187500000,0.984375000,,
-0.171875000,0.984375000,,
-0.156250000,0.984375000,,
-0.140625000,0.984375000,,
-0.125000000,0.984375000,,
-0.109375000,0.984375000,,
-0.093750000,0.984375000,,
-0.078125000,0.984375000,,
-0.062500000,0.984375000,,
-0.046875000,0.984375000,,
-0.031250000,0.984375000,,
-0.015625000,0.984375000,,
0.000000000,0.984375000,,
0.015625000,0.984375000,,
0.031250000,0.984375000,,
0.046875000,0.984375000,,
0.062500000,0.984375000,,
0.078125000,0.984375000,,
0.093750000,0.984375000,,
0.109375000,0.984375000,,
0.125000000,0.984375000,,
0.140625000,0.984375000,,
0.156250000,0.984375000,,
0.171875000,0.984375000,,
0.187500000,0.984375000,,
0.203125000,0.984375000,,
0.218750000,0.984375000,,
0.234375000,0.984375000,,
0.250000000,0.984375000,,
0.265625000,0.984375000,,
0.281250000,0.984375000,,
0.296875000,0.984375000,,
0.312500000,0.984375000,,
0.328125000,0.984375000,,
0.343750000,0.984375000,,
0.359375000,0.984375000,,
0.375000000,0.984375000,,
0.390625000,0.984375000,,
0.406250000,0.984375000,,
0.421875000,0.984375000,,
0.437500000,0.984375000,,
0.453125000,0.984375000,,
0.468750000,0.984375000,,
0.484375000,0.984375000,,
0.500000000,0.984375000,,
0.515625000,0.984375000,,
0.531250000,0.984375000,,
0.546875000,0.984375000,,
0.562500000,0.984375000,,
0.578125000,0.984375000,,
0.593750000,0.984375000,,
0.609375000,0.984375000,,
0.625000000,0.984375000,,
0.640625000,0.984375000,,
0.656250000,0.984375000,,
0.671875000,0.984375000,,
0.687500000,0.984375000,,
0.703125000,0.984375000,,
0.718750000,0.984375000,,
0.734375000,0.984375000,,
0.750000000,0.984375000,,
0.765625000,0.984375000,,
0.781250000,0.984375000,,
0.796875000,0.984375000,,
0.812500000,0.984375000,,
0.828125000,0.984375000,,
0.843750000,0.984375000,,
0.859375000,0.984375000,,
0.875000000,0.984375000,,
0.890625000,0.984375000,,
0.906250000,0.984375000,,
0.921875000,0.984375000,,
0.937500000,0.984375000,,
0.953125000,0.984375000,,
0.968750000,0.984375000,,
0.984375000,0.984375000,,
1.000000000,0.984375000,,
-1.000000000,1.000000000,,
-0.984375000,1.000000000,,
-0.968750000,1.000000000,,
-0.953125000,1.000000000,,
-0.937500000,1.000000000,,
-0.921875000,1.000000000,,
-0.906250000,1.000000000,,
-0.890625000,1.000000000,,
-0.875000000,1.000000000,,
-0.859375000,1.000000000,,
-0.843750000,1.000000000,,
-0.828125000,1.000000000,,
-0.812500000,1.000000000,,
-0.796875000,1.000000000,,
-0.781250000,1.000000000,,
-0.765625000,1.000000000,,
-0.750000000,1.000000000,,
-0.734375000,1.000000000,,
-0.718750000,1.000000000,,
-0.703125000,1.000000000,,
-0.687500000,1.000000000,,
-0.671875000,1.000000000,,
-0.656250000,1.000000000,,
-0.640625000,1.000000000,,
-0.625000000,1.000000000,,
-0.609375000,1.000000000,,
-0.593750000,1.000000000,,
-0.578125000,1.000000000,,
-0.562500000,1.000000000,,
-0.546875000,1.000000000,,
-0.531250000,1.000000000,,
-0.515625000,1.000000000,,
-0.500000000,1.000000000,,
-0.484375000,1.000000000,,
-0.468750000,1.000000000,,
-0.453125000,1.000000000,,
-0.437500000,1.000000000,,
-0.421875000,1.000000000,,
-0.406250000,1.000000000,,
-0.390625000,1.000000000,,
-0.375000000,1.000000000,,
-0.359375000,1.000000000,,
-0.343750000,1.000000000,,
-0.328125000,1.000000000,,
-0.312500000,1.000000000,,
-0.296875000,1.000000000,,
-0.281250000,1.000000000,,
-0.265625000,1.000000000,,
-0.250000000,1.000000000,,
-0.234375000,1.000000000,,
-0.218750000,1.000000000,,
-0.203125000,1.000000000,,
-0.187500000,1.000000000,,
-0.171875000,1.000000000,,
-0.156250000,1.000000000,,
-0.140625000,1.000000000,,
-0.125000000,1.000000000,,
-0.109375000,1.000000000,,
-0.093750000,1.000000000,,
-0.078125000,1.000000000,,
-0.062500000,1.000000000,,
-0.046875000,1.000000000,,
-0.031250000,1.000000000,,
-0.015625000,1.000000000,,
0.000000000,1.000000000,,
0.015625000,1.000000000,,
0.031250000,1.000000000,,
0.046875000,1.000000000,,
0.062500000,1.000000000,,
0.078125000,1.000000000,,
0.093750000,1.000000000,,
0.109375000,1.000000000,,
0.125000000,1.000000000,,
0.140625000,1.000000000,,
0.156250000,1.000000000,,
0.171875000,1.000000000,,
0.187500000,1.000000000,,
0.203125000,1.000000000,,
0.218750000,1.000000000,,
0.234375000,1.000000000,,
0.250000000,1.000000000,,
0.265625000,1.000000000,,
0.281250000,1.000000000,,
0.296875000,1.000000000,,
0.312500000,1.000000000,,
0.328125000,1.000000000,,
0.343750000,1.000000000,,
0.359375000,1.000000000,,
0.375000000,1.000000000,,
0.390625000,1.000000000,,
0.406250000,1.000000000,,
0.421875000,1.000000000,,
0.437500000,1.000000000,,
0.453125000,1.000000000,,
0.468750000,1.000000000,,
0.484375000,1.000000000,,
0.500000000,1.000000000,,
0.515625000,1.000000000,,
0.531250000,1.000000000,,
0.546875000,1.000000000,,
0.562500000,1.000000000,,
0.578125000,1.000000000,,
0.593750000,1.000000000,,
0.609375000,1.000000000,,
0.625000000,1.000000000,,
0.640625000,1.000000000,,
0.656250000,1.000000000,,
0.671875000,1.000000000,,
0.687500000,1.000000000,,
0.703125000,1.000000000,,
0.718750000,1.000000000,,
0.734375000,1.000000000,,
0.750000000,1.000000000,,
0.765625000,1.000000000,,
0.781250000,1.000000000,,
0.796875000,1.000000000,,
0.812500000,1.000000000,,
0.828125000,1.000000000,,
0.843750000,1.000000000,,
0.859375000,1.000000000,,
0.875000000,1.000000000,,
0.890625000,1.000000000,,
0.906250000,1.000000000,,
0.921875000,1.000000000,,
0.937500000,1.000000000,,
0.953125000,1.000000000,,
0.968750000,1.000000000,,
0.984375000,1.000000000,,
1.000000000,1.000000000,,
