xNormalized,yNormalized,displayWaves,displayMicron
-1.000000000,-1.000000000,,
-0.984375000,-1.000000000,,
-0.968750000,-1.000000000,,
-0.953125000,-1.000000000,,
-0.937500000,-1.000000000,,
-0.921875000,-1.000000000,,
-0.906250000,-1.000000000,,
-0.890625000,-1.000000000,,
-0.875000000,-1.000000000,,
-0.859375000,-1.000000000,,
-0.843750000,-1.000000000,,
-0.828125000,-1.000000000,,
-0.812500000,-1.000000000,,
-0.796875000,-1.000000000,,
-0.781250000,-1.000000000,,
-0.765625000,-1.000000000,,
-0.750000000,-1.000000000,,
-0.734375000,-1.000000000,,
-0.718750000,-1.000000000,,
-0.703125000,-1.000000000,,
-0.687500000,-1.000000000,,
-0.671875000,-1.000000000,,
-0.656250000,-1.000000000,,
-0.640625000,-1.000000000,,
-0.625000000,-1.000000000,,
-0.609375000,-1.000000000,,
-0.593750000,-1.000000000,,
-0.578125000,-1.000000000,,
-0.562500000,-1.000000000,,
-0.546875000,-1.000000000,,
-0.531250000,-1.000000000,,
-0.515625000,-1.000000000,,
-0.500000000,-1.000000000,,
-0.484375000,-1.000000000,,
-0.468750000,-1.000000000,,
-0.453125000,-1.000000000,,
-0.437500000,-1.000000000,,
-0.421875000,-1.000000000,,
-0.406250000,-1.000000000,,
-0.390625000,-1.000000000,,
-0.375000000,-1.000000000,,
-0.359375000,-1.000000000,,
-0.343750000,-1.000000000,,
-0.328125000,-1.000000000,,
-0.312500000,-1.000000000,,
-0.296875000,-1.000000000,,
-0.281250000,-1.000000000,,
-0.265625000,-1.000000000,,
-0.250000000,-1.000000000,,
-0.234375000,-1.000000000,,
-0.218750000,-1.000000000,,
-0.203125000,-1.000000000,,
-0.187500000,-1.000000000,,
-0.171875000,-1.000000000,,
-0.156250000,-1.000000000,,
-0.140625000,-1.000000000,,
-0.125000000,-1.000000000,,
-0.109375000,-1.000000000,,
-0.093750000,-1.000000000,,
-0.078125000,-1.000000000,,
-0.062500000,-1.000000000,,
-0.046875000,-1.000000000,,
-0.031250000,-1.000000000,,
-0.015625000,-1.000000000,,
0.000000000,-1.000000000,,
0.015625000,-1.000000000,,
0.031250000,-1.000000000,,
0.046875000,-1.000000000,,
0.062500000,-1.000000000,,
0.078125000,-1.000000000,,
0.093750000,-1.000000000,,
0.109375000,-1.000000000,,
0.125000000,-1.000000000,,
0.140625000,-1.000000000,,
0.156250000,-1.000000000,,
0.171875000,-1.000000000,,
0.187500000,-1.000000000,,
0.203125000,-1.000000000,,
0.218750000,-1.000000000,,
0.234375000,-1.000000000,,
0.250000000,-1.000000000,,
0.265625000,-1.000000000,,
0.281250000,-1.000000000,,
0.296875000,-1.000000000,,
0.312500000,-1.000000000,,
0.328125000,-1.000000000,,
0.343750000,-1.000000000,,
0.359375000,-1.000000000,,
0.375000000,-1.000000000,,
0.390625000,-1.000000000,,
0.406250000,-1.000000000,,
0.421875000,-1.000000000,,
0.437500000,-1.000000000,,
0.453125000,-1.000000000,,
0.468750000,-1.000000000,,
0.484375000,-1.000000000,,
0.500000000,-1.000000000,,
0.515625000,-1.000000000,,
0.531250000,-1.000000000,,
0.546875000,-1.000000000,,
0.562500000,-1.000000000,,
0.578125000,-1.000000000,,
0.593750000,-1.000000000,,
0.609375000,-1.000000000,,
0.625000000,-1.000000000,,
0.640625000,-1.000000000,,
0.656250000,-1.000000000,,
0.671875000,-1.000000000,,
0.687500000,-1.000000000,,
0.703125000,-1.000000000,,
0.718750000,-1.000000000,,
0.734375000,-1.000000000,,
0.750000000,-1.000000000,,
0.765625000,-1.000000000,,
0.781250000,-1.000000000,,
0.796875000,-1.000000000,,
0.812500000,-1.000000000,,
0.828125000,-1.000000000,,
0.843750000,-1.000000000,,
0.859375000,-1.000000000,,
0.875000000,-1.000000000,,
0.890625000,-1.000000000,,
0.906250000,-1.000000000,,
0.921875000,-1.000000000,,
0.937500000,-1.000000000,,
0.953125000,-1.000000000,,
0.968750000,-1.000000000,,
0.984375000,-1.000000000,,
1.000000000,-1.000000000,,
-1.000000000,-0.984375000,,
-0.984375000,-0.984375000,,
-0.968750000,-0.984375000,,
-0.953125000,-0.984375000,,
-0.937500000,-0.984375000,,
-0.921875000,-0.984375000,,
-0.906250000,-0.984375000,,
-0.890625000,-0.984375000,,
-0.875000000,-0.984375000,,
-0.859375000,-0.984375000,,
-0.843750000,-0.984375000,,
-0.828125000,-0.984375000,,
-0.812500000,-0.984375000,,
-0.796875000,-0.984375000,,
-0.781250000,-0.984375000,,
-0.765625000,-0.984375000,,
-0.750000000,-0.984375000,,
-0.734375000,-0.984375000,,
-0.718750000,-0.984375000,,
-0.703125000,-0.984375000,,
-0.687500000,-0.984375000,,
-0.671875000,-0.984375000,,
-0.656250000,-0.984375000,,
-0.640625000,-0.984375000,,
-0.625000000,-0.984375000,,
-0.609375000,-0.984375000,,
-0.593750000,-0.984375000,,
-0.578125000,-0.984375000,,
-0.562500000,-0.984375000,,
-0.546875000,-0.984375000,,
-0.531250000,-0.984375000,,
-0.515625000,-0.984375000,,
-0.500000000,-0.984375000,,
-0.484375000,-0.984375000,,
-0.468750000,-0.984375000,,
-0.453125000,-0.984375000,,
-0.437500000,-0.984375000,,
-0.421875000,-0.984375000,,
-0.406250000,-0.984375000,,
-0.390625000,-0.984375000,,
-0.375000000,-0.984375000,,
-0.359375000,-0.984375000,,
-0.343750000,-0.984375000,,
-0.328125000,-0.984375000,,
-0.312500000,-0.984375000,,
-0.296875000,-0.984375000,,
-0.281250000,-0.984375000,,
-0.265625000,-0.984375000,,
-0.250000000,-0.984375000,,
-0.234375000,-0.984375000,,
-0.218750000,-0.984375000,,
-0.203125000,-0.984375000,,
-0.187500000,-0.984375000,,
-0.171875000,-0.984375000,,
-0.156250000,-0.984375000,,
-0.140625000,-0.984375000,,
-0.125000000,-0.984375000,,
-0.109375000,-0.984375000,,
-0.093750000,-0.984375000,,
-0.078125000,-0.984375000,,
-0.062500000,-0.984375000,,
-0.046875000,-0.984375000,,
-0.031250000,-0.984375000,,
-0.015625000,-0.984375000,,
0.000000000,-0.984375000,,
0.015625000,-0.984375000,,
0.031250000,-0.984375000,,
0.046875000,-0.984375000,,
0.062500000,-0.984375000,,
0.078125000,-0.984375000,,
0.093750000,-0.984375000,,
0.109375000,-0.984375000,,
0.125000000,-0.984375000,,
0.140625000,-0.984375000,,
0.156250000,-0.984375000,,
0.171875000,-0.984375000,,
0.187500000,-0.984375000,,
0.203125000,-0.984375000,,
0.218750000,-0.984375000,,
0.234375000,-0.984375000,,
0.250000000,-0.984375000,,
0.265625000,-0.984375000,,
0.281250000,-0.984375000,,
0.296875000,-0.984375000,,
0.312500000,-0.984375000,,
0.328125000,-0.984375000,,
0.343750000,-0.984375000,,
0.359375000,-0.984375000,,
0.375000000,-0.984375000,,
0.390625000,-0.984375000,,
0.406250000,-0.984375000,,
0.421875000,-0.984375000,,
0.437500000,-0.984375000,,
0.453125000,-0.984375000,,
0.468750000,-0.984375000,,
0.484375000,-0.984375000,,
0.500000000,-0.984375000,,
0.515625000,-0.984375000,,
0.531250000,-0.984375000,,
0.546875000,-0.984375000,,
0.562500000,-0.984375000,,
0.578125000,-0.984375000,,
0.593750000,-0.984375000,,
0.609375000,-0.984375000,,
0.625000000,-0.984375000,,
0.640625000,-0.984375000,,
0.656250000,-0.984375000,,
0.671875000,-0.984375000,,
0.687500000,-0.984375000,,
0.703125000,-0.984375000,,
0.718750000,-0.984375000,,
0.734375000,-0.984375000,,
0.750000000,-0.984375000,,
0.765625000,-0.984375000,,
0.781250000,-0.984375000,,
0.796875000,-0.984375000,,
0.812500000,-0.984375000,,
0.828125000,-0.984375000,,
0.843750000,-0.984375000,,
0.859375000,-0.984375000,,
0.875000000,-0.984375000,,
0.890625000,-0.984375000,,
0.906250000,-0.984375000,,
0.921875000,-0.984375000,,
0.937500000,-0.984375000,,
0.953125000,-0.984375000,,
0.968750000,-0.984375000,,
0.984375000,-0.984375000,,
1.000000000,-0.984375000,,
-1.000000000,-0.968750000,,
-0.984375000,-0.968750000,,
-0.968750000,-0.968750000,,
-0.953125000,-0.968750000,,
-0.937500000,-0.968750000,,
-0.921875000,-0.968750000,,
-0.906250000,-0.968750000,,
-0.890625000,-0.968750000,,
-0.875000000,-0.968750000,,
-0.859375000,-0.968750000,,
-0.843750000,-0.968750000,,
-0.828125000,-0.968750000,,
-0.812500000,-0.968750000,,
-0.796875000,-0.968750000,,
-0.781250000,-0.968750000,,
-0.765625000,-0.968750000,,
-0.750000000,-0.968750000,,
-0.734375000,-0.968750000,,
-0.718750000,-0.968750000,,
-0.703125000,-0.968750000,,
-0.687500000,-0.968750000,,
-0.671875000,-0.968750000,,
-0.656250000,-0.968750000,,
-0.640625000,-0.968750000,,
-0.625000000,-0.968750000,,
-0.609375000,-0.968750000,,
-0.593750000,-0.968750000,,
-0.578125000,-0.968750000,,
-0.562500000,-0.968750000,,
-0.546875000,-0.968750000,,
-0.531250000,-0.968750000,,
-0.515625000,-0.968750000,,
-0.500000000,-0.968750000,,
-0.484375000,-0.968750000,,
-0.468750000,-0.968750000,,
-0.453125000,-0.968750000,,
-0.437500000,-0.968750000,,
-0.421875000,-0.968750000,,
-0.406250000,-0.968750000,,
-0.390625000,-0.968750000,,
-0.375000000,-0.968750000,,
-0.359375000,-0.968750000,,
-0.343750000,-0.968750000,,
-0.328125000,-0.968750000,,
-0.312500000,-0.968750000,,
-0.296875000,-0.968750000,,
-0.281250000,-0.968750000,,
-0.265625000,-0.968750000,,
-0.250000000,-0.968750000,,
-0.234375000,-0.968750000,,
-0.218750000,-0.968750000,,
-0.203125000,-0.968750000,,
-0.187500000,-0.968750000,,
-0.171875000,-0.968750000,,
-0.156250000,-0.968750000,,
-0.140625000,-0.968750000,,
-0.125000000,-0.968750000,,
-0.109375000,-0.968750000,-0.647122123619,-0.307383008719
-0.093750000,-0.968750000,-0.624329982376,-0.296556741629
-0.078125000,-0.968750000,-0.604966714975,-0.287359189613
-0.062500000,-0.968750000,-0.589070494423,-0.279808484851
-0.046875000,-0.968750000,-0.576673135494,-0.273919739360
-0.031250000,-0.968750000,-0.567799734049,-0.269704873673
-0.015625000,-0.968750000,-0.562468399180,-0.267172489611
0.000000000,-0.968750000,-0.560690068292,-0.266327782439
0.015625000,-0.968750000,-0.562468399180,-0.267172489611
0.031250000,-0.968750000,-0.567799734049,-0.269704873673
0.046875000,-0.968750000,-0.576673135494,-0.273919739360
0.062500000,-0.968750000,-0.589070494423,-0.279808484851
0.078125000,-0.968750000,-0.604966714975,-0.287359189613
0.093750000,-0.968750000,-0.624329982376,-0.296556741629
0.109375000,-0.968750000,-0.647122123619,-0.307383008719
0.125000000,-0.968750000,,
0.140625000,-0.968750000,,
0.156250000,-0.968750000,,
0.171875000,-0.968750000,,
0.187500000,-0.968750000,,
0.203125000,-0.968750000,,
0.218750000,-0.968750000,,
0.234375000,-0.968750000,,
0.250000000,-0.968750000,,
0.265625000,-0.968750000,,
0.281250000,-0.968750000,,
0.296875000,-0.968750000,,
0.312500000,-0.968750000,,
0.328125000,-0.968750000,,
0.343750000,-0.968750000,,
0.359375000,-0.968750000,,
0.375000000,-0.968750000,,
0.390625000,-0.968750000,,
0.406250000,-0.968750000,,
0.421875000,-0.968750000,,
0.437500000,-0.968750000,,
0.453125000,-0.968750000,,
0.468750000,-0.968750000,,
0.484375000,-0.968750000,,
0.500000000,-0.968750000,,
0.515625000,-0.968750000,,
0.531250000,-0.968750000,,
0.546875000,-0.968750000,,
0.562500000,-0.968750000,,
0.578125000,-0.968750000,,
0.593750000,-0.968750000,,
0.609375000,-0.968750000,,
0.625000000,-0.968750000,,
0.640625000,-0.968750000,,
0.656250000,-0.968750000,,
0.671875000,-0.968750000,,
0.687500000,-0.968750000,,
0.703125000,-0.968750000,,
0.718750000,-0.968750000,,
0.734375000,-0.968750000,,
0.750000000,-0.968750000,,
0.765625000,-0.968750000,,
0.781250000,-0.968750000,,
0.796875000,-0.968750000,,
0.812500000,-0.968750000,,
0.828125000,-0.968750000,,
0.843750000,-0.968750000,,
0.859375000,-0.968750000,,
0.875000000,-0.968750000,,
0.890625000,-0.968750000,,
0.906250000,-0.968750000,,
0.921875000,-0.968750000,,
0.937500000,-0.968750000,,
0.953125000,-0.968750000,,
0.968750000,-0.968750000,,
0.984375000,-0.968750000,,
1.000000000,-0.968750000,,
-1.000000000,-0.953125000,,
-0.984375000,-0.953125000,,
-0.968750000,-0.953125000,,
-0.953125000,-0.953125000,,
-0.937500000,-0.953125000,,
-0.921875000,-0.953125000,,
-0.906250000,-0.953125000,,
-0.890625000,-0.953125000,,
-0.875000000,-0.953125000,,
-0.859375000,-0.953125000,,
-0.843750000,-0.953125000,,
-0.828125000,-0.953125000,,
-0.812500000,-0.953125000,,
-0.796875000,-0.953125000,,
-0.781250000,-0.953125000,,
-0.765625000,-0.953125000,,
-0.750000000,-0.953125000,,
-0.734375000,-0.953125000,,
-0.718750000,-0.953125000,,
-0.703125000,-0.953125000,,
-0.687500000,-0.953125000,,
-0.671875000,-0.953125000,,
-0.656250000,-0.953125000,,
-0.640625000,-0.953125000,,
-0.625000000,-0.953125000,,
-0.609375000,-0.953125000,,
-0.593750000,-0.953125000,,
-0.578125000,-0.953125000,,
-0.562500000,-0.953125000,,
-0.546875000,-0.953125000,,
-0.531250000,-0.953125000,,
-0.515625000,-0.953125000,,
-0.500000000,-0.953125000,,
-0.484375000,-0.953125000,,
-0.468750000,-0.953125000,,
-0.453125000,-0.953125000,,
-0.437500000,-0.953125000,,
-0.421875000,-0.953125000,,
-0.406250000,-0.953125000,,
-0.390625000,-0.953125000,,
-0.375000000,-0.953125000,,
-0.359375000,-0.953125000,,
-0.343750000,-0.953125000,,
-0.328125000,-0.953125000,,
-0.312500000,-0.953125000,,
-0.296875000,-0.953125000,,
-0.281250000,-0.953125000,,
-0.265625000,-0.953125000,,
-0.250000000,-0.953125000,,
-0.234375000,-0.953125000,,
-0.218750000,-0.953125000,,
-0.203125000,-0.953125000,-0.658943525288,-0.312998174512
-0.187500000,-0.953125000,-0.617388278494,-0.293259432284
-0.171875000,-0.953125000,-0.578812892174,-0.274936123783
-0.156250000,-0.953125000,-0.543297188691,-0.258066164628
-0.140625000,-0.953125000,-0.510917067897,-0.242685607251
-0.125000000,-0.953125000,-0.481743507076,-0.228828165861
-0.109375000,-0.953125000,-0.455841743311,-0.216524828073
-0.093750000,-0.953125000,-0.433270611318,-0.205803540376
-0.078125000,-0.953125000,-0.414082008703,-0.196688954134
-0.062500000,-0.953125000,-0.398320473456,-0.189202224892
-0.046875000,-0.953125000,-0.386022850972,-0.183360854212
-0.031250000,-0.953125000,-0.377218041514,-0.179178569719
-0.015625000,-0.953125000,-0.371926813946,-0.176665236624
0.000000000,-0.953125000,-0.370161678655,-0.175826797361
0.015625000,-0.953125000,-0.371926813946,-0.176665236624
0.031250000,-0.953125000,-0.377218041514,-0.179178569719
0.046875000,-0.953125000,-0.386022850972,-0.183360854212
0.062500000,-0.953125000,-0.398320473456,-0.189202224892
0.078125000,-0.953125000,-0.414082008703,-0.196688954134
0.093750000,-0.953125000,-0.433270611318,-0.205803540376
0.109375000,-0.953125000,-0.455841743311,-0.216524828073
0.125000000,-0.953125000,-0.481743507076,-0.228828165861
0.140625000,-0.953125000,-0.510917067897,-0.242685607251
0.156250000,-0.953125000,-0.543297188691,-0.258066164628
0.171875000,-0.953125000,-0.578812892174,-0.274936123783
0.187500000,-0.953125000,-0.617388278494,-0.293259432284
0.203125000,-0.953125000,-0.658943525288,-0.312998174512
0.218750000,-0.953125000,,
0.234375000,-0.953125000,,
0.250000000,-0.953125000,,
0.265625000,-0.953125000,,
0.281250000,-0.953125000,,
0.296875000,-0.953125000,,
0.312500000,-0.953125000,,
0.328125000,-0.953125000,,
0.343750000,-0.953125000,,
0.359375000,-0.953125000,,
0.375000000,-0.953125000,,
0.390625000,-0.953125000,,
0.406250000,-0.953125000,,
0.421875000,-0.953125000,,
0.437500000,-0.953125000,,
0.453125000,-0.953125000,,
0.468750000,-0.953125000,,
0.484375000,-0.953125000,,
0.500000000,-0.953125000,,
0.515625000,-0.953125000,,
0.531250000,-0.953125000,,
0.546875000,-0.953125000,,
0.562500000,-0.953125000,,
0.578125000,-0.953125000,,
0.593750000,-0.953125000,,
0.609375000,-0.953125000,,
0.625000000,-0.953125000,,
0.640625000,-0.953125000,,
0.656250000,-0.953125000,,
0.671875000,-0.953125000,,
0.687500000,-0.953125000,,
0.703125000,-0.953125000,,
0.718750000,-0.953125000,,
0.734375000,-0.953125000,,
0.750000000,-0.953125000,,
0.765625000,-0.953125000,,
0.781250000,-0.953125000,,
0.796875000,-0.953125000,,
0.812500000,-0.953125000,,
0.828125000,-0.953125000,,
0.843750000,-0.953125000,,
0.859375000,-0.953125000,,
0.875000000,-0.953125000,,
0.890625000,-0.953125000,,
0.906250000,-0.953125000,,
0.921875000,-0.953125000,,
0.937500000,-0.953125000,,
0.953125000,-0.953125000,,
0.968750000,-0.953125000,,
0.984375000,-0.953125000,,
1.000000000,-0.953125000,,
-1.000000000,-0.937500000,,
-0.984375000,-0.937500000,,
-0.968750000,-0.937500000,,
-0.953125000,-0.937500000,,
-0.937500000,-0.937500000,,
-0.921875000,-0.937500000,,
-0.906250000,-0.937500000,,
-0.890625000,-0.937500000,,
-0.875000000,-0.937500000,,
-0.859375000,-0.937500000,,
-0.843750000,-0.937500000,,
-0.828125000,-0.937500000,,
-0.812500000,-0.937500000,,
-0.796875000,-0.937500000,,
-0.781250000,-0.937500000,,
-0.765625000,-0.937500000,,
-0.750000000,-0.937500000,,
-0.734375000,-0.937500000,,
-0.718750000,-0.937500000,,
-0.703125000,-0.937500000,,
-0.687500000,-0.937500000,,
-0.671875000,-0.937500000,,
-0.656250000,-0.937500000,,
-0.640625000,-0.937500000,,
-0.625000000,-0.937500000,,
-0.609375000,-0.937500000,,
-0.593750000,-0.937500000,,
-0.578125000,-0.937500000,,
-0.562500000,-0.937500000,,
-0.546875000,-0.937500000,,
-0.531250000,-0.937500000,,
-0.515625000,-0.937500000,,
-0.500000000,-0.937500000,,
-0.484375000,-0.937500000,,
-0.468750000,-0.937500000,,
-0.453125000,-0.937500000,,
-0.437500000,-0.937500000,,
-0.421875000,-0.937500000,,
-0.406250000,-0.937500000,,
-0.390625000,-0.937500000,,
-0.375000000,-0.937500000,,
-0.359375000,-0.937500000,,
-0.343750000,-0.937500000,,
-0.328125000,-0.937500000,,
-0.312500000,-0.937500000,,
-0.296875000,-0.937500000,,
-0.281250000,-0.937500000,,
-0.265625000,-0.937500000,-0.670900360430,-0.318677671204
-0.250000000,-0.937500000,-0.619168967581,-0.294105259601
-0.234375000,-0.937500000,-0.569921007175,-0.270712478408
-0.218750000,-0.937500000,-0.523263473598,-0.248550149959
-0.203125000,-0.937500000,-0.479302363159,-0.227668622501
-0.187500000,-0.937500000,-0.438141007130,-0.208116978387
-0.171875000,-0.937500000,-0.399878700134,-0.189942382564
-0.156250000,-0.937500000,-0.364609580653,-0.173189550810
-0.140625000,-0.937500000,-0.332421720927,-0.157900317440
-0.125000000,-0.937500000,-0.303396393561,-0.144113286942
-0.109375000,-0.937500000,-0.277607484952,-0.131863555352
-0.093750000,-0.937500000,-0.255121029919,-0.121182489212
-0.078125000,-0.937500000,-0.235994847401,-0.112097552515
-0.062500000,-0.937500000,-0.220278257067,-0.104632172107
-0.046875000,-0.937500000,-0.208011864422,-0.0988056356003
-0.031250000,-0.937500000,-0.199227399917,-0.0946330149606
-0.015625000,-0.937500000,-0.193947604360,-0.0921251120710
0.000000000,-0.937500000,-0.192186151524,-0.0912884219739
0.015625000,-0.937500000,-0.193947604360,-0.0921251120710
0.031250000,-0.937500000,-0.199227399917,-0.0946330149606
0.046875000,-0.937500000,-0.208011864422,-0.0988056356003
0.062500000,-0.937500000,-0.220278257067,-0.104632172107
0.078125000,-0.937500000,-0.235994847401,-0.112097552515
0.093750000,-0.937500000,-0.255121029919,-0.121182489212
0.109375000,-0.937500000,-0.277607484952,-0.131863555352
0.125000000,-0.937500000,-0.303396393561,-0.144113286942
0.140625000,-0.937500000,-0.332421720927,-0.157900317440
0.156250000,-0.937500000,-0.364609580653,-0.173189550810
0.171875000,-0.937500000,-0.399878700134,-0.189942382564
0.187500000,-0.937500000,-0.438141007130,-0.208116978387
0.203125000,-0.937500000,-0.479302363159,-0.227668622501
0.218750000,-0.937500000,-0.523263473598,-0.248550149959
0.234375000,-0.937500000,-0.569921007175,-0.270712478408
0.250000000,-0.937500000,-0.619168967581,-0.294105259601
0.265625000,-0.937500000,-0.670900360430,-0.318677671204
0.281250000,-0.937500000,,
0.296875000,-0.937500000,,
0.312500000,-0.937500000,,
0.328125000,-0.937500000,,
0.343750000,-0.937500000,,
0.359375000,-0.937500000,,
0.375000000,-0.937500000,,
0.390625000,-0.937500000,,
0.406250000,-0.937500000,,
0.421875000,-0.937500000,,
0.437500000,-0.937500000,,
0.453125000,-0.937500000,,
0.468750000,-0.937500000,,
0.484375000,-0.937500000,,
0.500000000,-0.937500000,,
0.515625000,-0.937500000,,
0.531250000,-0.937500000,,
0.546875000,-0.937500000,,
0.562500000,-0.937500000,,
0.578125000,-0.937500000,,
0.593750000,-0.937500000,,
0.609375000,-0.937500000,,
0.625000000,-0.937500000,,
0.640625000,-0.937500000,,
0.656250000,-0.937500000,,
0.671875000,-0.937500000,,
0.687500000,-0.937500000,,
0.703125000,-0.937500000,,
0.718750000,-0.937500000,,
0.734375000,-0.937500000,,
0.750000000,-0.937500000,,
0.765625000,-0.937500000,,
0.781250000,-0.937500000,,
0.796875000,-0.937500000,,
0.812500000,-0.937500000,,
0.828125000,-0.937500000,,
0.843750000,-0.937500000,,
0.859375000,-0.937500000,,
0.875000000,-0.937500000,,
0.890625000,-0.937500000,,
0.906250000,-0.937500000,,
0.921875000,-0.937500000,,
0.937500000,-0.937500000,,
0.953125000,-0.937500000,,
0.968750000,-0.937500000,,
0.984375000,-0.937500000,,
1.000000000,-0.937500000,,
-1.000000000,-0.921875000,,
-0.984375000,-0.921875000,,
-0.968750000,-0.921875000,,
-0.953125000,-0.921875000,,
-0.937500000,-0.921875000,,
-0.921875000,-0.921875000,,
-0.906250000,-0.921875000,,
-0.890625000,-0.921875000,,
-0.875000000,-0.921875000,,
-0.859375000,-0.921875000,,
-0.843750000,-0.921875000,,
-0.828125000,-0.921875000,,
-0.812500000,-0.921875000,,
-0.796875000,-0.921875000,,
-0.781250000,-0.921875000,,
-0.765625000,-0.921875000,,
-0.750000000,-0.921875000,,
-0.734375000,-0.921875000,,
-0.718750000,-0.921875000,,
-0.703125000,-0.921875000,,
-0.687500000,-0.921875000,,
-0.671875000,-0.921875000,,
-0.656250000,-0.921875000,,
-0.640625000,-0.921875000,,
-0.625000000,-0.921875000,,
-0.609375000,-0.921875000,,
-0.593750000,-0.921875000,,
-0.578125000,-0.921875000,,
-0.562500000,-0.921875000,,
-0.546875000,-0.921875000,,
-0.531250000,-0.921875000,,
-0.515625000,-0.921875000,,
-0.500000000,-0.921875000,,
-0.484375000,-0.921875000,,
-0.468750000,-0.921875000,,
-0.453125000,-0.921875000,,
-0.437500000,-0.921875000,,
-0.421875000,-0.921875000,,
-0.406250000,-0.921875000,,
-0.390625000,-0.921875000,,
-0.375000000,-0.921875000,,
-0.359375000,-0.921875000,,
-0.343750000,-0.921875000,,
-0.328125000,-0.921875000,-0.728927224490,-0.346240431633
-0.312500000,-0.921875000,-0.669510901162,-0.318017678052
-0.296875000,-0.921875000,-0.611947259074,-0.290674948060
-0.281250000,-0.921875000,-0.556360975409,-0.264271463319
-0.265625000,-0.921875000,-0.502881299301,-0.238868617168
-0.250000000,-0.921875000,-0.451639239022,-0.214528638535
-0.234375000,-0.921875000,-0.402765234580,-0.191313486425
-0.218750000,-0.921875000,-0.356387243691,-0.169283940753
-0.203125000,-0.921875000,-0.312629176549,-0.148498858861
-0.187500000,-0.921875000,-0.271609625997,-0.129014572349
-0.171875000,-0.921875000,-0.233440845165,-0.110884401454
-0.156250000,-0.921875000,-0.198227932537,-0.0941582679549
-0.140625000,-0.921875000,-0.166068187667,-0.0788823891416
-0.125000000,-0.921875000,-0.137050609725,-0.0650990396192
-0.109375000,-0.921875000,-0.111255510255,-0.0528463673710
-0.093750000,-0.921875000,-0.0887542202317,-0.0421582546101
-0.078125000,-0.921875000,-0.0696088710156,-0.0330642137324
-0.062500000,-0.921875000,-0.0538722342275,-0.0255893112581
-0.046875000,-0.921875000,-0.0415876069744,-0.0197541133128
-0.031250000,-0.921875000,-0.0327887321845,-0.0155746477876
-0.015625000,-0.921875000,-0.0274997447647,-0.0130623787632
0.000000000,-0.921875000,-0.0257351379464,-0.0122241905246
0.015625000,-0.921875000,-0.0274997447647,-0.0130623787632
0.031250000,-0.921875000,-0.0327887321845,-0.0155746477876
0.046875000,-0.921875000,-0.0415876069744,-0.0197541133128
0.062500000,-0.921875000,-0.0538722342275,-0.0255893112581
0.078125000,-0.921875000,-0.0696088710156,-0.0330642137324
0.093750000,-0.921875000,-0.0887542202317,-0.0421582546101
0.109375000,-0.921875000,-0.111255510255,-0.0528463673710
0.125000000,-0.921875000,-0.137050609725,-0.0650990396192
0.140625000,-0.921875000,-0.166068187667,-0.0788823891416
0.156250000,-0.921875000,-0.198227932537,-0.0941582679549
0.171875000,-0.921875000,-0.233440845165,-0.110884401454
0.187500000,-0.921875000,-0.271609625997,-0.129014572349
0.203125000,-0.921875000,-0.312629176549,-0.148498858861
0.218750000,-0.921875000,-0.356387243691,-0.169283940753
0.234375000,-0.921875000,-0.402765234580,-0.191313486425
0.250000000,-0.921875000,-0.451639239022,-0.214528638535
0.265625000,-0.921875000,-0.502881299301,-0.238868617168
0.281250000,-0.921875000,-0.556360975409,-0.264271463319
0.296875000,-0.921875000,-0.611947259074,-0.290674948060
0.312500000,-0.921875000,-0.669510901162,-0.318017678052
0.328125000,-0.921875000,-0.728927224490,-0.346240431633
0.343750000,-0.921875000,,
0.359375000,-0.921875000,,
0.375000000,-0.921875000,,
0.390625000,-0.921875000,,
0.406250000,-0.921875000,,
0.421875000,-0.921875000,,
0.437500000,-0.921875000,,
0.453125000,-0.921875000,,
0.468750000,-0.921875000,,
0.484375000,-0.921875000,,
0.500000000,-0.921875000,,
0.515625000,-0.921875000,,
0.531250000,-0.921875000,,
0.546875000,-0.921875000,,
0.562500000,-0.921875000,,
0.578125000,-0.921875000,,
0.593750000,-0.921875000,,
0.609375000,-0.921875000,,
0.625000000,-0.921875000,,
0.640625000,-0.921875000,,
0.656250000,-0.921875000,,
0.671875000,-0.921875000,,
0.687500000,-0.921875000,,
0.703125000,-0.921875000,,
0.718750000,-0.921875000,,
0.734375000,-0.921875000,,
0.750000000,-0.921875000,,
0.765625000,-0.921875000,,
0.781250000,-0.921875000,,
0.796875000,-0.921875000,,
0.812500000,-0.921875000,,
0.828125000,-0.921875000,,
0.843750000,-0.921875000,,
0.859375000,-0.921875000,,
0.875000000,-0.921875000,,
0.890625000,-0.921875000,,
0.906250000,-0.921875000,,
0.921875000,-0.921875000,,
0.937500000,-0.921875000,,
0.953125000,-0.921875000,,
0.968750000,-0.921875000,,
0.984375000,-0.921875000,,
1.000000000,-0.921875000,,
-1.000000000,-0.906250000,,
-0.984375000,-0.906250000,,
-0.968750000,-0.906250000,,
-0.953125000,-0.906250000,,
-0.937500000,-0.906250000,,
-0.921875000,-0.906250000,,
-0.906250000,-0.906250000,,
-0.890625000,-0.906250000,,
-0.875000000,-0.906250000,,
-0.859375000,-0.906250000,,
-0.843750000,-0.906250000,,
-0.828125000,-0.906250000,,
-0.812500000,-0.906250000,,
-0.796875000,-0.906250000,,
-0.781250000,-0.906250000,,
-0.765625000,-0.906250000,,
-0.750000000,-0.906250000,,
-0.734375000,-0.906250000,,
-0.718750000,-0.906250000,,
-0.703125000,-0.906250000,,
-0.687500000,-0.906250000,,
-0.671875000,-0.906250000,,
-0.656250000,-0.906250000,,
-0.640625000,-0.906250000,,
-0.625000000,-0.906250000,,
-0.609375000,-0.906250000,,
-0.593750000,-0.906250000,,
-0.578125000,-0.906250000,,
-0.562500000,-0.906250000,,
-0.546875000,-0.906250000,,
-0.531250000,-0.906250000,,
-0.515625000,-0.906250000,,
-0.500000000,-0.906250000,,
-0.484375000,-0.906250000,,
-0.468750000,-0.906250000,,
-0.453125000,-0.906250000,,
-0.437500000,-0.906250000,,
-0.421875000,-0.906250000,,
-0.406250000,-0.906250000,,
-0.390625000,-0.906250000,,
-0.375000000,-0.906250000,,
-0.359375000,-0.906250000,-0.693809315259,-0.329559424748
-0.343750000,-0.906250000,-0.632181410115,-0.300286169805
-0.328125000,-0.906250000,-0.571932726050,-0.271668044874
-0.312500000,-0.906250000,-0.513209955283,-0.243774728760
-0.296875000,-0.906250000,-0.456165921289,-0.216678812612
-0.281250000,-0.906250000,-0.400956279317,-0.190454232676
-0.265625000,-0.906250000,-0.347736794098,-0.165174977197
-0.250000000,-0.906250000,-0.296661107057,-0.140914025852
-0.234375000,-0.906250000,-0.247878919776,-0.117742486894
-0.218750000,-0.906250000,-0.201534528334,-0.0957289009585
-0.203125000,-0.906250000,-0.157765651738,-0.0749386845754
-0.187500000,-0.906250000,-0.116702508648,-0.0554336916079
-0.171875000,-0.906250000,-0.0784670974278,-0.0372718712782
-0.156250000,-0.906250000,-0.0431726467140,-0.0205070071892
-0.140625000,-0.906250000,-0.0109232024097,-0.00518852114462
-0.125000000,-0.906250000,0.0181866730125,0.00863866968093
-0.109375000,-0.906250000,0.0440721135238,0.0209342539238
-0.093750000,-0.906250000,0.0666580939736,0.0316625946375
-0.078125000,-0.906250000,0.0858795217667,0.0407927728392
-0.062500000,-0.906250000,0.101681290943,0.0482986131979
-0.046875000,-0.906250000,0.114018309192,0.0541586968662
-0.031250000,-0.906250000,0.122855508197,0.0583563663935
-0.015625000,-0.906250000,0.128167843450,0.0608797256389
0.000000000,-0.906250000,0.129940291052,0.0617216382497
0.015625000,-0.906250000,0.128167843450,0.0608797256389
0.031250000,-0.906250000,0.122855508197,0.0583563663935
0.046875000,-0.906250000,0.114018309192,0.0541586968662
0.062500000,-0.906250000,0.101681290943,0.0482986131979
0.078125000,-0.906250000,0.0858795217667,0.0407927728392
0.093750000,-0.906250000,0.0666580939736,0.0316625946375
0.109375000,-0.906250000,0.0440721135238,0.0209342539238
0.125000000,-0.906250000,0.0181866730125,0.00863866968093
0.140625000,-0.906250000,-0.0109232024097,-0.00518852114462
0.156250000,-0.906250000,-0.0431726467140,-0.0205070071892
0.171875000,-0.906250000,-0.0784670974278,-0.0372718712782
0.187500000,-0.906250000,-0.116702508648,-0.0554336916079
0.203125000,-0.906250000,-0.157765651738,-0.0749386845754
0.218750000,-0.906250000,-0.201534528334,-0.0957289009585
0.234375000,-0.906250000,-0.247878919776,-0.117742486894
0.250000000,-0.906250000,-0.296661107057,-0.140914025852
0.265625000,-0.906250000,-0.347736794098,-0.165174977197
0.281250000,-0.906250000,-0.400956279317,-0.190454232676
0.296875000,-0.906250000,-0.456165921289,-0.216678812612
0.312500000,-0.906250000,-0.513209955283,-0.243774728760
0.328125000,-0.906250000,-0.571932726050,-0.271668044874
0.343750000,-0.906250000,-0.632181410115,-0.300286169805
0.359375000,-0.906250000,-0.693809315259,-0.329559424748
0.375000000,-0.906250000,,
0.390625000,-0.906250000,,
0.406250000,-0.906250000,,
0.421875000,-0.906250000,,
0.437500000,-0.906250000,,
0.453125000,-0.906250000,,
0.468750000,-0.906250000,,
0.484375000,-0.906250000,,
0.500000000,-0.906250000,,
0.515625000,-0.906250000,,
0.531250000,-0.906250000,,
0.546875000,-0.906250000,,
0.562500000,-0.906250000,,
0.578125000,-0.906250000,,
0.593750000,-0.906250000,,
0.609375000,-0.906250000,,
0.625000000,-0.906250000,,
0.640625000,-0.906250000,,
0.656250000,-0.906250000,,
0.671875000,-0.906250000,,
0.687500000,-0.906250000,,
0.703125000,-0.906250000,,
0.718750000,-0.906250000,,
0.734375000,-0.906250000,,
0.750000000,-0.906250000,,
0.765625000,-0.906250000,,
0.781250000,-0.906250000,,
0.796875000,-0.906250000,,
0.812500000,-0.906250000,,
0.828125000,-0.906250000,,
0.843750000,-0.906250000,,
0.859375000,-0.906250000,,
0.875000000,-0.906250000,,
0.890625000,-0.906250000,,
0.906250000,-0.906250000,,
0.921875000,-0.906250000,,
0.937500000,-0.906250000,,
0.953125000,-0.906250000,,
0.968750000,-0.906250000,,
0.984375000,-0.906250000,,
1.000000000,-0.906250000,,
-1.000000000,-0.890625000,,
-0.984375000,-0.890625000,,
-0.968750000,-0.890625000,,
-0.953125000,-0.890625000,,
-0.937500000,-0.890625000,,
-0.921875000,-0.890625000,,
-0.906250000,-0.890625000,,
-0.890625000,-0.890625000,,
-0.875000000,-0.890625000,,
-0.859375000,-0.890625000,,
-0.843750000,-0.890625000,,
-0.828125000,-0.890625000,,
-0.812500000,-0.890625000,,
-0.796875000,-0.890625000,,
-0.781250000,-0.890625000,,
-0.765625000,-0.890625000,,
-0.750000000,-0.890625000,,
-0.734375000,-0.890625000,,
-0.718750000,-0.890625000,,
-0.703125000,-0.890625000,,
-0.687500000,-0.890625000,,
-0.671875000,-0.890625000,,
-0.656250000,-0.890625000,,
-0.640625000,-0.890625000,,
-0.625000000,-0.890625000,,
-0.609375000,-0.890625000,,
-0.593750000,-0.890625000,,
-0.578125000,-0.890625000,,
-0.562500000,-0.890625000,,
-0.546875000,-0.890625000,,
-0.531250000,-0.890625000,,
-0.515625000,-0.890625000,,
-0.500000000,-0.890625000,,
-0.484375000,-0.890625000,,
-0.468750000,-0.890625000,,
-0.453125000,-0.890625000,,
-0.437500000,-0.890625000,,
-0.421875000,-0.890625000,,
-0.406250000,-0.890625000,-0.737399379023,-0.350264705036
-0.390625000,-0.890625000,-0.673811760928,-0.320060586441
-0.375000000,-0.890625000,-0.610920278144,-0.290187132119
-0.359375000,-0.890625000,-0.548880056021,-0.260718026610
-0.343750000,-0.890625000,-0.487859221010,-0.231733129980
-0.328125000,-0.890625000,-0.428034174972,-0.203316233112
-0.312500000,-0.890625000,-0.369585676561,-0.175553196367
-0.296875000,-0.890625000,-0.312695611990,-0.148530415695
-0.281250000,-0.890625000,-0.257544351058,-0.122333566753
-0.265625000,-0.890625000,-0.204308600899,-0.0970465854272
-0.250000000,-0.890625000,-0.153159679836,-0.0727508479222
-0.234375000,-0.890625000,-0.104262145530,-0.0495245191265
-0.218750000,-0.890625000,-0.0577727205984,-0.0274420422842
-0.203125000,-0.890625000,-0.0138394647214,-0.00657374574264
-0.187500000,-0.890625000,0.0273988477356,0.0130144526744
-0.171875000,-0.890625000,0.0658131831145,0.0312612619794
-0.156250000,-0.890625000,0.101284567549,0.0481101695859
-0.140625000,-0.890625000,0.133704297889,0.0635095414974
-0.125000000,-0.890625000,0.162974068142,0.0774126823675
-0.109375000,-0.890625000,0.189006030909,0.0897778646817
-0.093750000,-0.890625000,0.211722812201,0.100568335796
-0.078125000,-0.890625000,0.231057492867,0.109752309112
-0.062500000,-0.890625000,0.246953569990,0.117302945745
-0.046875000,-0.890625000,0.259364908548,0.123198331560
-0.031250000,-0.890625000,0.268255690165,0.127421452828
-0.015625000,-0.890625000,0.273600367209,0.129960174424
0.000000000,-0.890625000,0.275383626804,0.130807222732
0.015625000,-0.890625000,0.273600367209,0.129960174424
0.031250000,-0.890625000,0.268255690165,0.127421452828
0.046875000,-0.890625000,0.259364908548,0.123198331560
0.062500000,-0.890625000,0.246953569990,0.117302945745
0.078125000,-0.890625000,0.231057492867,0.109752309112
0.093750000,-0.890625000,0.211722812201,0.100568335796
0.109375000,-0.890625000,0.189006030909,0.0897778646817
0.125000000,-0.890625000,0.162974068142,0.0774126823675
0.140625000,-0.890625000,0.133704297889,0.0635095414974
0.156250000,-0.890625000,0.101284567549,0.0481101695859
0.171875000,-0.890625000,0.0658131831145,0.0312612619794
0.187500000,-0.890625000,0.0273988477356,0.0130144526744
0.203125000,-0.890625000,-0.0138394647214,-0.00657374574264
0.218750000,-0.890625000,-0.0577727205984,-0.0274420422842
0.234375000,-0.890625000,-0.104262145530,-0.0495245191265
0.250000000,-0.890625000,-0.153159679836,-0.0727508479222
0.265625000,-0.890625000,-0.204308600899,-0.0970465854272
0.281250000,-0.890625000,-0.257544351058,-0.122333566753
0.296875000,-0.890625000,-0.312695611990,-0.148530415695
0.312500000,-0.890625000,-0.369585676561,-0.175553196367
0.328125000,-0.890625000,-0.428034174972,-0.203316233112
0.343750000,-0.890625000,-0.487859221010,-0.231733129980
0.359375000,-0.890625000,-0.548880056021,-0.260718026610
0.375000000,-0.890625000,-0.610920278144,-0.290187132119
0.390625000,-0.890625000,-0.673811760928,-0.320060586441
0.406250000,-0.890625000,-0.737399379023,-0.350264705036
0.421875000,-0.890625000,,
0.437500000,-0.890625000,,
0.453125000,-0.890625000,,
0.468750000,-0.890625000,,
0.484375000,-0.890625000,,
0.500000000,-0.890625000,,
0.515625000,-0.890625000,,
0.531250000,-0.890625000,,
0.546875000,-0.890625000,,
0.562500000,-0.890625000,,
0.578125000,-0.890625000,,
0.593750000,-0.890625000,,
0.609375000,-0.890625000,,
0.625000000,-0.890625000,,
0.640625000,-0.890625000,,
0.656250000,-0.890625000,,
0.671875000,-0.890625000,,
0.687500000,-0.890625000,,
0.703125000,-0.890625000,,
0.718750000,-0.890625000,,
0.734375000,-0.890625000,,
0.750000000,-0.890625000,,
0.765625000,-0.890625000,,
0.781250000,-0.890625000,,
0.796875000,-0.890625000,,
0.812500000,-0.890625000,,
0.828125000,-0.890625000,,
0.843750000,-0.890625000,,
0.859375000,-0.890625000,,
0.875000000,-0.890625000,,
0.890625000,-0.890625000,,
0.906250000,-0.890625000,,
0.921875000,-0.890625000,,
0.937500000,-0.890625000,,
0.953125000,-0.890625000,,
0.968750000,-0.890625000,,
0.984375000,-0.890625000,,
1.000000000,-0.890625000,,
-1.000000000,-0.875000000,,
-0.984375000,-0.875000000,,
-0.968750000,-0.875000000,,
-0.953125000,-0.875000000,,
-0.937500000,-0.875000000,,
-0.921875000,-0.875000000,,
-0.906250000,-0.875000000,,
-0.890625000,-0.875000000,,
-0.875000000,-0.875000000,,
-0.859375000,-0.875000000,,
-0.843750000,-0.875000000,,
-0.828125000,-0.875000000,,
-0.812500000,-0.875000000,,
-0.796875000,-0.875000000,,
-0.781250000,-0.875000000,,
-0.765625000,-0.875000000,,
-0.750000000,-0.875000000,,
-0.734375000,-0.875000000,,
-0.718750000,-0.875000000,,
-0.703125000,-0.875000000,,
-0.687500000,-0.875000000,,
-0.671875000,-0.875000000,,
-0.656250000,-0.875000000,,
-0.640625000,-0.875000000,,
-0.625000000,-0.875000000,,
-0.609375000,-0.875000000,,
-0.593750000,-0.875000000,,
-0.578125000,-0.875000000,,
-0.562500000,-0.875000000,,
-0.546875000,-0.875000000,,
-0.531250000,-0.875000000,,
-0.515625000,-0.875000000,,
-0.500000000,-0.875000000,,
-0.484375000,-0.875000000,,
-0.468750000,-0.875000000,,
-0.453125000,-0.875000000,,
-0.437500000,-0.875000000,-0.729677503810,-0.346596814310
-0.421875000,-0.875000000,-0.666512573772,-0.316593472542
-0.406250000,-0.875000000,-0.603442239542,-0.286635063782
-0.390625000,-0.875000000,-0.540637945328,-0.256803024031
-0.375000000,-0.875000000,-0.478288015721,-0.227186807468
-0.359375000,-0.875000000,-0.416591981132,-0.197881191038
-0.343750000,-0.875000000,-0.355755872287,-0.168984039336
-0.328125000,-0.875000000,-0.295988341425,-0.140594462177
-0.312500000,-0.875000000,-0.237497486992,-0.112811306321
-0.296875000,-0.875000000,-0.180488277345,-0.0857319317389
-0.281250000,-0.875000000,-0.125160479298,-0.0594512276664
-0.265625000,-0.875000000,-0.0717070158450,-0.0340608325264
-0.250000000,-0.875000000,-0.0203126824463,-0.00964852416200
-0.234375000,-0.875000000,0.0288468355728,0.0137022468971
-0.218750000,-0.875000000,0.0756056967285,0.0359127059460
-0.203125000,-0.875000000,0.119808430475,0.0569090044756
-0.187500000,-0.875000000,0.161310296875,0.0766223910158
-0.171875000,-0.875000000,0.199977511521,0.0949893179726
-0.156250000,-0.875000000,0.235687363271,0.111951497554
-0.140625000,-0.875000000,0.268328249412,0.127455918471
-0.125000000,-0.875000000,0.297799649917,0.141454833711
-0.109375000,-0.875000000,0.324012057068,0.153905727107
-0.093750000,-0.875000000,0.346886876763,0.164771266463
-0.078125000,-0.875000000,0.366356314567,0.174019249419
-0.062500000,-0.875000000,0.382363256594,0.181622546882
-0.046875000,-0.875000000,0.394861154415,0.187559048347
-0.031250000,-0.875000000,0.403813921688,0.191811612802
-0.015625000,-0.875000000,0.409195847560,0.194368027591
0.000000000,-0.875000000,0.410991532427,0.195220977903
0.015625000,-0.875000000,0.409195847560,0.194368027591
0.031250000,-0.875000000,0.403813921688,0.191811612802
0.046875000,-0.875000000,0.394861154415,0.187559048347
0.062500000,-0.875000000,0.382363256594,0.181622546882
0.078125000,-0.875000000,0.366356314567,0.174019249419
0.093750000,-0.875000000,0.346886876763,0.164771266463
0.109375000,-0.875000000,0.324012057068,0.153905727107
0.125000000,-0.875000000,0.297799649917,0.141454833711
0.140625000,-0.875000000,0.268328249412,0.127455918471
0.156250000,-0.875000000,0.235687363271,0.111951497554
0.171875000,-0.875000000,0.199977511521,0.0949893179726
0.187500000,-0.875000000,0.161310296875,0.0766223910158
0.203125000,-0.875000000,0.119808430475,0.0569090044756
0.218750000,-0.875000000,0.0756056967285,0.0359127059460
0.234375000,-0.875000000,0.0288468355728,0.0137022468971
0.250000000,-0.875000000,-0.0203126824463,-0.00964852416200
0.265625000,-0.875000000,-0.0717070158450,-0.0340608325264
0.281250000,-0.875000000,-0.125160479298,-0.0594512276664
0.296875000,-0.875000000,-0.180488277345,-0.0857319317389
0.312500000,-0.875000000,-0.237497486992,-0.112811306321
0.328125000,-0.875000000,-0.295988341425,-0.140594462177
0.343750000,-0.875000000,-0.355755872287,-0.168984039336
0.359375000,-0.875000000,-0.416591981132,-0.197881191038
0.375000000,-0.875000000,-0.478288015721,-0.227186807468
0.390625000,-0.875000000,-0.540637945328,-0.256803024031
0.406250000,-0.875000000,-0.603442239542,-0.286635063782
0.421875000,-0.875000000,-0.666512573772,-0.316593472542
0.437500000,-0.875000000,-0.729677503810,-0.346596814310
0.453125000,-0.875000000,,
0.468750000,-0.875000000,,
0.484375000,-0.875000000,,
0.500000000,-0.875000000,,
0.515625000,-0.875000000,,
0.531250000,-0.875000000,,
0.546875000,-0.875000000,,
0.562500000,-0.875000000,,
0.578125000,-0.875000000,,
0.593750000,-0.875000000,,
0.609375000,-0.875000000,,
0.625000000,-0.875000000,,
0.640625000,-0.875000000,,
0.656250000,-0.875000000,,
0.671875000,-0.875000000,,
0.687500000,-0.875000000,,
0.703125000,-0.875000000,,
0.718750000,-0.875000000,,
0.734375000,-0.875000000,,
0.750000000,-0.875000000,,
0.765625000,-0.875000000,,
0.781250000,-0.875000000,,
0.796875000,-0.875000000,,
0.812500000,-0.875000000,,
0.828125000,-0.875000000,,
0.843750000,-0.875000000,,
0.859375000,-0.875000000,,
0.875000000,-0.875000000,,
0.890625000,-0.875000000,,
0.906250000,-0.875000000,,
0.921875000,-0.875000000,,
0.937500000,-0.875000000,,
0.953125000,-0.875000000,,
0.968750000,-0.875000000,,
0.984375000,-0.875000000,,
1.000000000,-0.875000000,,
-1.000000000,-0.859375000,,
-0.984375000,-0.859375000,,
-0.968750000,-0.859375000,,
-0.953125000,-0.859375000,,
-0.937500000,-0.859375000,,
-0.921875000,-0.859375000,,
-0.906250000,-0.859375000,,
-0.890625000,-0.859375000,,
-0.875000000,-0.859375000,,
-0.859375000,-0.859375000,,
-0.843750000,-0.859375000,,
-0.828125000,-0.859375000,,
-0.812500000,-0.859375000,,
-0.796875000,-0.859375000,,
-0.781250000,-0.859375000,,
-0.765625000,-0.859375000,,
-0.750000000,-0.859375000,,
-0.734375000,-0.859375000,,
-0.718750000,-0.859375000,,
-0.703125000,-0.859375000,,
-0.687500000,-0.859375000,,
-0.671875000,-0.859375000,,
-0.656250000,-0.859375000,,
-0.640625000,-0.859375000,,
-0.625000000,-0.859375000,,
-0.609375000,-0.859375000,,
-0.593750000,-0.859375000,,
-0.578125000,-0.859375000,,
-0.562500000,-0.859375000,,
-0.546875000,-0.859375000,,
-0.531250000,-0.859375000,,
-0.515625000,-0.859375000,,
-0.500000000,-0.859375000,,
-0.484375000,-0.859375000,,
-0.468750000,-0.859375000,-0.730699413777,-0.347082221544
-0.453125000,-0.859375000,-0.669243227018,-0.317890532833
-0.437500000,-0.859375000,-0.607224360106,-0.288431571050
-0.421875000,-0.859375000,-0.544827064101,-0.258792855448
-0.406250000,-0.859375000,-0.482257653279,-0.229072385308
-0.390625000,-0.859375000,-0.419737630862,-0.199375374659
-0.375000000,-0.859375000,-0.357497983923,-0.169811542364
-0.359375000,-0.859375000,-0.295774474816,-0.140492875538
-0.343750000,-0.859375000,-0.234803782636,-0.111531796752
-0.328125000,-0.859375000,-0.174820366703,-0.0830396741837
-0.312500000,-0.859375000,-0.116053942704,-0.0551256227844
-0.296875000,-0.859375000,-0.0587274776517,-0.0278955518846
-0.281250000,-0.859375000,-0.00305562110566,-0.00145142002519
-0.265625000,-0.859375000,0.0507564963903,0.0241093357854
-0.250000000,-0.859375000,0.102514159548,0.0486942257852
-0.234375000,-0.859375000,0.152033710761,0.0722160126116
-0.218750000,-0.859375000,0.199142984681,0.0945929177237
-0.203125000,-0.859375000,0.243681572742,0.115748747052
-0.187500000,-0.859375000,0.285500953572,0.135612952947
-0.171875000,-0.859375000,0.324464515776,0.154120644993
-0.156250000,-0.859375000,0.360447499989,0.171212562495
-0.140625000,-0.859375000,0.393336881011,0.186835018480
-0.125000000,-0.859375000,0.423031208338,0.200939823961
-0.109375000,-0.859375000,0.449440421252,0.213484200095
-0.093750000,-0.859375000,0.472485651574,0.224430684498
-0.078125000,-0.859375000,0.492099025838,0.233747037273
-0.062500000,-0.859375000,0.508223476062,0.241406151129
-0.046875000,-0.859375000,0.520812566872,0.247385969264
-0.031250000,-0.859375000,0.529830346335,0.251669414509
-0.015625000,-0.859375000,0.535251224482,0.254244331629
0.000000000,-0.859375000,0.537059883785,0.255103444798
0.015625000,-0.859375000,0.535251224482,0.254244331629
0.031250000,-0.859375000,0.529830346335,0.251669414509
0.046875000,-0.859375000,0.520812566872,0.247385969264
0.062500000,-0.859375000,0.508223476062,0.241406151129
0.078125000,-0.859375000,0.492099025838,0.233747037273
0.093750000,-0.859375000,0.472485651574,0.224430684498
0.109375000,-0.859375000,0.449440421252,0.213484200095
0.125000000,-0.859375000,0.423031208338,0.200939823961
0.140625000,-0.859375000,0.393336881011,0.186835018480
0.156250000,-0.859375000,0.360447499989,0.171212562495
0.171875000,-0.859375000,0.324464515776,0.154120644993
0.187500000,-0.859375000,0.285500953572,0.135612952947
0.203125000,-0.859375000,0.243681572742,0.115748747052
0.218750000,-0.859375000,0.199142984681,0.0945929177237
0.234375000,-0.859375000,0.152033710761,0.0722160126116
0.250000000,-0.859375000,0.102514159548,0.0486942257852
0.265625000,-0.859375000,0.0507564963903,0.0241093357854
0.281250000,-0.859375000,-0.00305562110566,-0.00145142002519
0.296875000,-0.859375000,-0.0587274776517,-0.0278955518846
0.312500000,-0.859375000,-0.116053942704,-0.0551256227844
0.328125000,-0.859375000,-0.174820366703,-0.0830396741837
0.343750000,-0.859375000,-0.234803782636,-0.111531796752
0.359375000,-0.859375000,-0.295774474816,-0.140492875538
0.375000000,-0.859375000,-0.357497983923,-0.169811542364
0.390625000,-0.859375000,-0.419737630862,-0.199375374659
0.406250000,-0.859375000,-0.482257653279,-0.229072385308
0.421875000,-0.859375000,-0.544827064101,-0.258792855448
0.437500000,-0.859375000,-0.607224360106,-0.288431571050
0.453125000,-0.859375000,-0.669243227018,-0.317890532833
0.468750000,-0.859375000,-0.730699413777,-0.347082221544
0.484375000,-0.859375000,,
0.500000000,-0.859375000,,
0.515625000,-0.859375000,,
0.531250000,-0.859375000,,
0.546875000,-0.859375000,,
0.562500000,-0.859375000,,
0.578125000,-0.859375000,,
0.593750000,-0.859375000,,
0.609375000,-0.859375000,,
0.625000000,-0.859375000,,
0.640625000,-0.859375000,,
0.656250000,-0.859375000,,
0.671875000,-0.859375000,,
0.687500000,-0.859375000,,
0.703125000,-0.859375000,,
0.718750000,-0.859375000,,
0.734375000,-0.859375000,,
0.750000000,-0.859375000,,
0.765625000,-0.859375000,,
0.781250000,-0.859375000,,
0.796875000,-0.859375000,,
0.812500000,-0.859375000,,
0.828125000,-0.859375000,,
0.843750000,-0.859375000,,
0.859375000,-0.859375000,,
0.875000000,-0.859375000,,
0.890625000,-0.859375000,,
0.906250000,-0.859375000,,
0.921875000,-0.859375000,,
0.937500000,-0.859375000,,
0.953125000,-0.859375000,,
0.968750000,-0.859375000,,
0.984375000,-0.859375000,,
1.000000000,-0.859375000,,
-1.000000000,-0.843750000,,
-0.984375000,-0.843750000,,
-0.968750000,-0.843750000,,
-0.953125000,-0.843750000,,
-0.937500000,-0.843750000,,
-0.921875000,-0.843750000,,
-0.906250000,-0.843750000,,
-0.890625000,-0.843750000,,
-0.875000000,-0.843750000,,
-0.859375000,-0.843750000,,
-0.843750000,-0.843750000,,
-0.828125000,-0.843750000,,
-0.812500000,-0.843750000,,
-0.796875000,-0.843750000,,
-0.781250000,-0.843750000,,
-0.765625000,-0.843750000,,
-0.750000000,-0.843750000,,
-0.734375000,-0.843750000,,
-0.718750000,-0.843750000,,
-0.703125000,-0.843750000,,
-0.687500000,-0.843750000,,
-0.671875000,-0.843750000,,
-0.656250000,-0.843750000,,
-0.640625000,-0.843750000,,
-0.625000000,-0.843750000,,
-0.609375000,-0.843750000,,
-0.593750000,-0.843750000,,
-0.578125000,-0.843750000,,
-0.562500000,-0.843750000,,
-0.546875000,-0.843750000,,
-0.531250000,-0.843750000,,
-0.515625000,-0.843750000,,
-0.500000000,-0.843750000,-0.737354044623,-0.350243171196
-0.484375000,-0.843750000,-0.679045232770,-0.322546485566
-0.468750000,-0.843750000,-0.619461808975,-0.294244359263
-0.453125000,-0.843750000,-0.558795492052,-0.265427858724
-0.437500000,-0.843750000,-0.497266962771,-0.236201807316
-0.421875000,-0.843750000,-0.435117474082,-0.206680800189
-0.406250000,-0.843750000,-0.372601877037,-0.176985891593
-0.390625000,-0.843750000,-0.309982855480,-0.147241856353
-0.375000000,-0.843750000,-0.247526189982,-0.117574940242
-0.359375000,-0.843750000,-0.185496898570,-0.0881110268206
-0.343750000,-0.843750000,-0.124156121182,-0.0589741575613
-0.328125000,-0.843750000,-0.0637586356865,-0.0302853519511
-0.312500000,-0.843750000,-0.00455090530629,-0.00216168002049
-0.296875000,-0.843750000,0.0532304240943,0.0252844514448
-0.281250000,-0.843750000,0.109359652654,0.0519458350107
-0.265625000,-0.843750000,0.163622840735,0.0777208493489
-0.250000000,-0.843750000,0.215818365412,0.102513723571
-0.234375000,-0.843750000,0.265757264564,0.126234700668
-0.218750000,-0.843750000,0.313263409244,0.148800119391
-0.203125000,-0.843750000,0.358173538815,0.170132430937
-0.187500000,-0.843750000,0.400337189490,0.190160165008
-0.171875000,-0.843750000,0.439616541086,0.208817857016
-0.156250000,-0.843750000,0.475886204962,0.226045947357
-0.140625000,-0.843750000,0.509032972164,0.241790661778
-0.125000000,-0.843750000,0.538955537471,0.256003880299
-0.109375000,-0.843750000,0.565564213964,0.268643001633
-0.093750000,-0.843750000,0.588780650055,0.279670808776
-0.078125000,-0.843750000,0.608537558167,0.289055340129
-0.062500000,-0.843750000,0.624778464405,0.296769770592
-0.046875000,-0.843750000,0.637457485628,0.302792305673
-0.031250000,-0.843750000,0.646539139743,0.307106091378
-0.015625000,-0.843750000,0.651998193862,0.309699142084
0.000000000,-0.843750000,0.653819553229,0.310564287784
0.015625000,-0.843750000,0.651998193862,0.309699142084
0.031250000,-0.843750000,0.646539139743,0.307106091378
0.046875000,-0.843750000,0.637457485628,0.302792305673
0.062500000,-0.843750000,0.624778464405,0.296769770592
0.078125000,-0.843750000,0.608537558167,0.289055340129
0.093750000,-0.843750000,0.588780650055,0.279670808776
0.109375000,-0.843750000,0.565564213964,0.268643001633
0.125000000,-0.843750000,0.538955537471,0.256003880299
0.140625000,-0.843750000,0.509032972164,0.241790661778
0.156250000,-0.843750000,0.475886204962,0.226045947357
0.171875000,-0.843750000,0.439616541086,0.208817857016
0.187500000,-0.843750000,0.400337189490,0.190160165008
0.203125000,-0.843750000,0.358173538815,0.170132430937
0.218750000,-0.843750000,0.313263409244,0.148800119391
0.234375000,-0.843750000,0.265757264564,0.126234700668
0.250000000,-0.843750000,0.215818365412,0.102513723571
0.265625000,-0.843750000,0.163622840735,0.0777208493489
0.281250000,-0.843750000,0.109359652654,0.0519458350107
0.296875000,-0.843750000,0.0532304240943,0.0252844514448
0.312500000,-0.843750000,-0.00455090530629,-0.00216168002049
0.328125000,-0.843750000,-0.0637586356865,-0.0302853519511
0.343750000,-0.843750000,-0.124156121182,-0.0589741575613
0.359375000,-0.843750000,-0.185496898570,-0.0881110268206
0.375000000,-0.843750000,-0.247526189982,-0.117574940242
0.390625000,-0.843750000,-0.309982855480,-0.147241856353
0.406250000,-0.843750000,-0.372601877037,-0.176985891593
0.421875000,-0.843750000,-0.435117474082,-0.206680800189
0.437500000,-0.843750000,-0.497266962771,-0.236201807316
0.453125000,-0.843750000,-0.558795492052,-0.265427858724
0.468750000,-0.843750000,-0.619461808975,-0.294244359263
0.484375000,-0.843750000,-0.679045232770,-0.322546485566
0.500000000,-0.843750000,-0.737354044623,-0.350243171196
0.515625000,-0.843750000,,
0.531250000,-0.843750000,,
0.546875000,-0.843750000,,
0.562500000,-0.843750000,,
0.578125000,-0.843750000,,
0.593750000,-0.843750000,,
0.609375000,-0.843750000,,
0.625000000,-0.843750000,,
0.640625000,-0.843750000,,
0.656250000,-0.843750000,,
0.671875000,-0.843750000,,
0.687500000,-0.843750000,,
0.703125000,-0.843750000,,
0.718750000,-0.843750000,,
0.734375000,-0.843750000,,
0.750000000,-0.843750000,,
0.765625000,-0.843750000,,
0.781250000,-0.843750000,,
0.796875000,-0.843750000,,
0.812500000,-0.843750000,,
0.828125000,-0.843750000,,
0.843750000,-0.843750000,,
0.859375000,-0.843750000,,
0.875000000,-0.843750000,,
0.890625000,-0.843750000,,
0.906250000,-0.843750000,,
0.921875000,-0.843750000,,
0.937500000,-0.843750000,,
0.953125000,-0.843750000,,
0.968750000,-0.843750000,,
0.984375000,-0.843750000,,
1.000000000,-0.843750000,,
-1.000000000,-0.828125000,,
-0.984375000,-0.828125000,,
-0.968750000,-0.828125000,,
-0.953125000,-0.828125000,,
-0.937500000,-0.828125000,,
-0.921875000,-0.828125000,,
-0.906250000,-0.828125000,,
-0.890625000,-0.828125000,,
-0.875000000,-0.828125000,,
-0.859375000,-0.828125000,,
-0.843750000,-0.828125000,,
-0.828125000,-0.828125000,,
-0.812500000,-0.828125000,,
-0.796875000,-0.828125000,,
-0.781250000,-0.828125000,,
-0.765625000,-0.828125000,,
-0.750000000,-0.828125000,,
-0.734375000,-0.828125000,,
-0.718750000,-0.828125000,,
-0.703125000,-0.828125000,,
-0.687500000,-0.828125000,,
-0.671875000,-0.828125000,,
-0.656250000,-0.828125000,,
-0.640625000,-0.828125000,,
-0.625000000,-0.828125000,,
-0.609375000,-0.828125000,,
-0.593750000,-0.828125000,,
-0.578125000,-0.828125000,,
-0.562500000,-0.828125000,,
-0.546875000,-0.828125000,,
-0.531250000,-0.828125000,,
-0.515625000,-0.828125000,-0.692632675120,-0.329000520682
-0.500000000,-0.828125000,-0.637029027666,-0.302588788141
-0.484375000,-0.828125000,-0.579579252013,-0.275300144706
-0.468750000,-0.828125000,-0.520512761618,-0.247243561769
-0.453125000,-0.828125000,-0.460086774442,-0.218541217860
-0.437500000,-0.828125000,-0.398577730626,-0.189324422047
-0.421875000,-0.828125000,-0.336274180811,-0.159730235885
-0.406250000,-0.828125000,-0.273470928622,-0.129898691096
-0.390625000,-0.828125000,-0.210464241080,-0.0999705145131
-0.375000000,-0.828125000,-0.147547965934,-0.0700852838188
-0.359375000,-0.828125000,-0.0850104193024,-0.0403799491687
-0.343750000,-0.828125000,-0.0231319247285,-0.0109876642461
-0.328125000,-0.828125000,0.0378170978004,0.0179631214552
-0.312500000,-0.828125000,0.0975775805375,0.0463493507553
-0.296875000,-0.828125000,0.155902870213,0.0740538633511
-0.281250000,-0.828125000,0.212559468277,0.100965747431
-0.265625000,-0.828125000,0.267327505794,0.126980565252
-0.250000000,-0.828125000,0.320001000853,0.152000475405
-0.234375000,-0.828125000,0.370387940934,0.175934271944
-0.218750000,-0.828125000,0.418310224828,0.198697356793
-0.203125000,-0.828125000,0.463603496511,0.220211660843
-0.187500000,-0.828125000,0.506116896543,0.240405525858
-0.171875000,-0.828125000,0.545712754676,0.259213558471
-0.156250000,-0.828125000,0.582266242705,0.276576465285
-0.140625000,-0.828125000,0.615665005026,0.292440877387
-0.125000000,-0.828125000,0.645808780955,0.306759170954
-0.109375000,-0.828125000,0.672609031480,0.319489289953
-0.093750000,-0.828125000,0.695988580810,0.330594575885
-0.078125000,-0.828125000,0.715881281044,0.340043608496
-0.062500000,-0.828125000,0.732231708700,0.347810061633
-0.046875000,-0.828125000,0.744994897751,0.353872576432
-0.031250000,-0.828125000,0.754136114602,0.358214654436
-0.015625000,-0.828125000,0.759630679839,0.360824572923
0.000000000,-0.828125000,0.761463838057,0.361695323077
0.015625000,-0.828125000,0.759630679839,0.360824572923
0.031250000,-0.828125000,0.754136114602,0.358214654436
0.046875000,-0.828125000,0.744994897751,0.353872576432
0.062500000,-0.828125000,0.732231708700,0.347810061633
0.078125000,-0.828125000,0.715881281044,0.340043608496
0.093750000,-0.828125000,0.695988580810,0.330594575885
0.109375000,-0.828125000,0.672609031480,0.319489289953
0.125000000,-0.828125000,0.645808780955,0.306759170954
0.140625000,-0.828125000,0.615665005026,0.292440877387
0.156250000,-0.828125000,0.582266242705,0.276576465285
0.171875000,-0.828125000,0.545712754676,0.259213558471
0.187500000,-0.828125000,0.506116896543,0.240405525858
0.203125000,-0.828125000,0.463603496511,0.220211660843
0.218750000,-0.828125000,0.418310224828,0.198697356793
0.234375000,-0.828125000,0.370387940934,0.175934271944
0.250000000,-0.828125000,0.320001000853,0.152000475405
0.265625000,-0.828125000,0.267327505794,0.126980565252
0.281250000,-0.828125000,0.212559468277,0.100965747431
0.296875000,-0.828125000,0.155902870213,0.0740538633511
0.312500000,-0.828125000,0.0975775805375,0.0463493507553
0.328125000,-0.828125000,0.0378170978004,0.0179631214552
0.343750000,-0.828125000,-0.0231319247285,-0.0109876642461
0.359375000,-0.828125000,-0.0850104193024,-0.0403799491687
0.375000000,-0.828125000,-0.147547965934,-0.0700852838188
0.390625000,-0.828125000,-0.210464241080,-0.0999705145131
0.406250000,-0.828125000,-0.273470928622,-0.129898691096
0.421875000,-0.828125000,-0.336274180811,-0.159730235885
0.437500000,-0.828125000,-0.398577730626,-0.189324422047
0.453125000,-0.828125000,-0.460086774442,-0.218541217860
0.468750000,-0.828125000,-0.520512761618,-0.247243561769
0.484375000,-0.828125000,-0.579579252013,-0.275300144706
0.500000000,-0.828125000,-0.637029027666,-0.302588788141
0.515625000,-0.828125000,-0.692632675120,-0.329000520682
0.531250000,-0.828125000,,
0.546875000,-0.828125000,,
0.562500000,-0.828125000,,
0.578125000,-0.828125000,,
0.593750000,-0.828125000,,
0.609375000,-0.828125000,,
0.625000000,-0.828125000,,
0.640625000,-0.828125000,,
0.656250000,-0.828125000,,
0.671875000,-0.828125000,,
0.687500000,-0.828125000,,
0.703125000,-0.828125000,,
0.718750000,-0.828125000,,
0.734375000,-0.828125000,,
0.750000000,-0.828125000,,
0.765625000,-0.828125000,,
0.781250000,-0.828125000,,
0.796875000,-0.828125000,,
0.812500000,-0.828125000,,
0.828125000,-0.828125000,,
0.843750000,-0.828125000,,
0.859375000,-0.828125000,,
0.875000000,-0.828125000,,
0.890625000,-0.828125000,,
0.906250000,-0.828125000,,
0.921875000,-0.828125000,,
0.937500000,-0.828125000,,
0.953125000,-0.828125000,,
0.968750000,-0.828125000,,
0.984375000,-0.828125000,,
1.000000000,-0.828125000,,
-1.000000000,-0.812500000,,
-0.984375000,-0.812500000,,
-0.968750000,-0.812500000,,
-0.953125000,-0.812500000,,
-0.937500000,-0.812500000,,
-0.921875000,-0.812500000,,
-0.906250000,-0.812500000,,
-0.890625000,-0.812500000,,
-0.875000000,-0.812500000,,
-0.859375000,-0.812500000,,
-0.843750000,-0.812500000,,
-0.828125000,-0.812500000,,
-0.812500000,-0.812500000,,
-0.796875000,-0.812500000,,
-0.781250000,-0.812500000,,
-0.765625000,-0.812500000,,
-0.750000000,-0.812500000,,
-0.734375000,-0.812500000,,
-0.718750000,-0.812500000,,
-0.703125000,-0.812500000,,
-0.687500000,-0.812500000,,
-0.671875000,-0.812500000,,
-0.656250000,-0.812500000,,
-0.640625000,-0.812500000,,
-0.625000000,-0.812500000,,
-0.609375000,-0.812500000,,
-0.593750000,-0.812500000,,
-0.578125000,-0.812500000,,
-0.562500000,-0.812500000,,
-0.546875000,-0.812500000,-0.706359760778,-0.335520886369
-0.531250000,-0.812500000,-0.656444762104,-0.311811262000
-0.515625000,-0.812500000,-0.603865870301,-0.286836288393
-0.500000000,-0.812500000,-0.548852791477,-0.260705075952
-0.484375000,-0.812500000,-0.491672701283,-0.233544533110
-0.468750000,-0.812500000,-0.432619620743,-0.205494319853
-0.453125000,-0.812500000,-0.372005592740,-0.176702656552
-0.437500000,-0.812500000,-0.310153392247,-0.147322861317
-0.421875000,-0.812500000,-0.247390542951,-0.117510507902
-0.406250000,-0.812500000,-0.184044444318,-0.0874211110508
-0.390625000,-0.812500000,-0.120438442285,-0.0572082600853
-0.375000000,-0.812500000,-0.0568886996475,-0.0270221323326
-0.359375000,-0.812500000,0.00629825792469,0.00299167251423
-0.343750000,-0.812500000,0.0688274252486,0.0326930269931
-0.328125000,-0.812500000,0.130416723581,0.0619479437010
-0.312500000,-0.812500000,0.190798005388,0.0906290525595
-0.296875000,-0.812500000,0.249717727942,0.118615920773
-0.281250000,-0.812500000,0.306937352200,0.145795242295
-0.265625000,-0.812500000,0.362233518249,0.172060921168
-0.250000000,-0.812500000,0.415398039854,0.197314068931
-0.234375000,-0.812500000,0.466237755978,0.221462934089
-0.218750000,-0.812500000,0.514574270802,0.244422778631
-0.203125000,-0.812500000,0.560243610170,0.266115714831
-0.187500000,-0.812500000,0.603095817655,0.286470513386
-0.171875000,-0.812500000,0.642994511463,0.305422392945
-0.156250000,-0.812500000,0.679816419040,0.322912799044
-0.140625000,-0.812500000,0.713450904422,0.338889179601
-0.125000000,-0.812500000,0.743799501230,0.353304763084
-0.109375000,-0.812500000,0.770775462534,0.366118344703
-0.093750000,-0.812500000,0.794303336254,0.377294084721
-0.078125000,-0.812500000,0.814318574436,0.386801322857
-0.062500000,-0.812500000,0.830767182145,0.394614411519
-0.046875000,-0.812500000,0.843605412486,0.400712570931
-0.031250000,-0.812500000,0.852799511288,0.405079767862
-0.015625000,-0.812500000,0.858325514720,0.407704619492
0.000000000,-0.812500000,0.860169103566,0.408580324194
0.015625000,-0.812500000,0.858325514720,0.407704619492
0.031250000,-0.812500000,0.852799511288,0.405079767862
0.046875000,-0.812500000,0.843605412486,0.400712570931
0.062500000,-0.812500000,0.830767182145,0.394614411519
0.078125000,-0.812500000,0.814318574436,0.386801322857
0.093750000,-0.812500000,0.794303336254,0.377294084721
0.109375000,-0.812500000,0.770775462534,0.366118344703
0.125000000,-0.812500000,0.743799501230,0.353304763084
0.140625000,-0.812500000,0.713450904422,0.338889179601
0.156250000,-0.812500000,0.679816419040,0.322912799044
0.171875000,-0.812500000,0.642994511463,0.305422392945
0.187500000,-0.812500000,0.603095817655,0.286470513386
0.203125000,-0.812500000,0.560243610170,0.266115714831
0.218750000,-0.812500000,0.514574270802,0.244422778631
0.234375000,-0.812500000,0.466237755978,0.221462934089
0.250000000,-0.812500000,0.415398039854,0.197314068931
0.265625000,-0.812500000,0.362233518249,0.172060921168
0.281250000,-0.812500000,0.306937352200,0.145795242295
0.296875000,-0.812500000,0.249717727942,0.118615920773
0.312500000,-0.812500000,0.190798005388,0.0906290525595
0.328125000,-0.812500000,0.130416723581,0.0619479437010
0.343750000,-0.812500000,0.0688274252486,0.0326930269931
0.359375000,-0.812500000,0.00629825792469,0.00299167251423
0.375000000,-0.812500000,-0.0568886996475,-0.0270221323326
0.390625000,-0.812500000,-0.120438442285,-0.0572082600853
0.406250000,-0.812500000,-0.184044444318,-0.0874211110508
0.421875000,-0.812500000,-0.247390542951,-0.117510507902
0.437500000,-0.812500000,-0.310153392247,-0.147322861317
0.453125000,-0.812500000,-0.372005592740,-0.176702656552
0.468750000,-0.812500000,-0.432619620743,-0.205494319853
0.484375000,-0.812500000,-0.491672701283,-0.233544533110
0.500000000,-0.812500000,-0.548852791477,-0.260705075952
0.515625000,-0.812500000,-0.603865870301,-0.286836288393
0.531250000,-0.812500000,-0.656444762104,-0.311811262000
0.546875000,-0.812500000,-0.706359760778,-0.335520886369
0.562500000,-0.812500000,,
0.578125000,-0.812500000,,
0.593750000,-0.812500000,,
0.609375000,-0.812500000,,
0.625000000,-0.812500000,,
0.640625000,-0.812500000,,
0.656250000,-0.812500000,,
0.671875000,-0.812500000,,
0.687500000,-0.812500000,,
0.703125000,-0.812500000,,
0.718750000,-0.812500000,,
0.734375000,-0.812500000,,
0.750000000,-0.812500000,,
0.765625000,-0.812500000,,
0.781250000,-0.812500000,,
0.796875000,-0.812500000,,
0.812500000,-0.812500000,,
0.828125000,-0.812500000,,
0.843750000,-0.812500000,,
0.859375000,-0.812500000,,
0.875000000,-0.812500000,,
0.890625000,-0.812500000,,
0.906250000,-0.812500000,,
0.921875000,-0.812500000,,
0.937500000,-0.812500000,,
0.953125000,-0.812500000,,
0.968750000,-0.812500000,,
0.984375000,-0.812500000,,
1.000000000,-0.812500000,,
-1.000000000,-0.796875000,,
-0.984375000,-0.796875000,,
-0.968750000,-0.796875000,,
-0.953125000,-0.796875000,,
-0.937500000,-0.796875000,,
-0.921875000,-0.796875000,,
-0.906250000,-0.796875000,,
-0.890625000,-0.796875000,,
-0.875000000,-0.796875000,,
-0.859375000,-0.796875000,,
-0.843750000,-0.796875000,,
-0.828125000,-0.796875000,,
-0.812500000,-0.796875000,,
-0.796875000,-0.796875000,,
-0.781250000,-0.796875000,,
-0.765625000,-0.796875000,,
-0.750000000,-0.796875000,,
-0.734375000,-0.796875000,,
-0.718750000,-0.796875000,,
-0.703125000,-0.796875000,,
-0.687500000,-0.796875000,,
-0.671875000,-0.796875000,,
-0.656250000,-0.796875000,,
-0.640625000,-0.796875000,,
-0.625000000,-0.796875000,,
-0.609375000,-0.796875000,,
-0.593750000,-0.796875000,,
-0.578125000,-0.796875000,,
-0.562500000,-0.796875000,-0.673841005646,-0.320074477682
-0.546875000,-0.796875000,-0.627960404426,-0.298281192103
-0.531250000,-0.796875000,-0.578770019695,-0.274915759355
-0.515625000,-0.796875000,-0.526537875082,-0.250105490664
-0.500000000,-0.796875000,-0.471569099087,-0.223995322066
-0.484375000,-0.796875000,-0.414194921825,-0.196742587867
-0.468750000,-0.796875000,-0.354763557978,-0.168512690039
-0.453125000,-0.796875000,-0.293632694628,-0.139475529948
-0.437500000,-0.796875000,-0.231163343600,-0.109802588210
-0.421875000,-0.796875000,-0.167714855868,-0.0796645565374
-0.406250000,-0.796875000,-0.103640918404,-0.0492294362417
-0.390625000,-0.796875000,-0.0392863858804,-0.0186610332932
-0.375000000,-0.796875000,0.0250151841824,0.0118822124867
-0.359375000,-0.796875000,0.0889434025317,0.0422481162026
-0.343750000,-0.796875000,0.152192422781,0.0722914008210
-0.328125000,-0.796875000,0.214471899747,0.101874152380
-0.312500000,-0.796875000,0.275507603248,0.130866111543
-0.296875000,-0.796875000,0.335041748170,0.159144830381
-0.281250000,-0.796875000,0.392833091910,0.186595718657
-0.265625000,-0.796875000,0.448656846112,0.213112001903
-0.250000000,-0.796875000,0.502304439022,0.238594608535
-0.234375000,-0.796875000,0.553583164150,0.262952002971
-0.218750000,-0.796875000,0.602315741731,0.286099977322
-0.203125000,-0.796875000,0.648339819249,0.307961414143
-0.187500000,-0.796875000,0.691507431003,0.328466029727
-0.171875000,-0.796875000,0.731684435429,0.347550106829
-0.156250000,-0.796875000,0.768749945718,0.365156224216
-0.140625000,-0.796875000,0.802595766661,0.381232989164
-0.125000000,-0.796875000,0.833125849505,0.395734778515
-0.109375000,-0.796875000,0.860255773670,0.408621492493
-0.093750000,-0.796875000,0.883912264758,0.419858325760
-0.078125000,-0.796875000,0.904032754667,0.429415558467
-0.062500000,-0.796875000,0.920564989401,0.437268369966
-0.046875000,-0.796875000,0.933466690725,0.443396678095
-0.031250000,-0.796875000,0.942705273594,0.447785004957
-0.015625000,-0.796875000,0.948257623772,0.450422371292
0.000000000,-0.796875000,0.950109937232,0.451302220185
0.015625000,-0.796875000,0.948257623772,0.450422371292
0.031250000,-0.796875000,0.942705273594,0.447785004957
0.046875000,-0.796875000,0.933466690725,0.443396678095
0.062500000,-0.796875000,0.920564989401,0.437268369966
0.078125000,-0.796875000,0.904032754667,0.429415558467
0.093750000,-0.796875000,0.883912264758,0.419858325760
0.109375000,-0.796875000,0.860255773670,0.408621492493
0.125000000,-0.796875000,0.833125849505,0.395734778515
0.140625000,-0.796875000,0.802595766661,0.381232989164
0.156250000,-0.796875000,0.768749945718,0.365156224216
0.171875000,-0.796875000,0.731684435429,0.347550106829
0.187500000,-0.796875000,0.691507431003,0.328466029727
0.203125000,-0.796875000,0.648339819249,0.307961414143
0.218750000,-0.796875000,0.602315741731,0.286099977322
0.234375000,-0.796875000,0.553583164150,0.262952002971
0.250000000,-0.796875000,0.502304439022,0.238594608535
0.265625000,-0.796875000,0.448656846112,0.213112001903
0.281250000,-0.796875000,0.392833091910,0.186595718657
0.296875000,-0.796875000,0.335041748170,0.159144830381
0.312500000,-0.796875000,0.275507603248,0.130866111543
0.328125000,-0.796875000,0.214471899747,0.101874152380
0.343750000,-0.796875000,0.152192422781,0.0722914008210
0.359375000,-0.796875000,0.0889434025317,0.0422481162026
0.375000000,-0.796875000,0.0250151841824,0.0118822124867
0.390625000,-0.796875000,-0.0392863858804,-0.0186610332932
0.406250000,-0.796875000,-0.103640918404,-0.0492294362417
0.421875000,-0.796875000,-0.167714855868,-0.0796645565374
0.437500000,-0.796875000,-0.231163343600,-0.109802588210
0.453125000,-0.796875000,-0.293632694628,-0.139475529948
0.468750000,-0.796875000,-0.354763557978,-0.168512690039
0.484375000,-0.796875000,-0.414194921825,-0.196742587867
0.500000000,-0.796875000,-0.471569099087,-0.223995322066
0.515625000,-0.796875000,-0.526537875082,-0.250105490664
0.531250000,-0.796875000,-0.578770019695,-0.274915759355
0.546875000,-0.796875000,-0.627960404426,-0.298281192103
0.562500000,-0.796875000,-0.673841005646,-0.320074477682
0.578125000,-0.796875000,,
0.593750000,-0.796875000,,
0.609375000,-0.796875000,,
0.625000000,-0.796875000,,
0.640625000,-0.796875000,,
0.656250000,-0.796875000,,
0.671875000,-0.796875000,,
0.687500000,-0.796875000,,
0.703125000,-0.796875000,,
0.718750000,-0.796875000,,
0.734375000,-0.796875000,,
0.750000000,-0.796875000,,
0.765625000,-0.796875000,,
0.781250000,-0.796875000,,
0.796875000,-0.796875000,,
0.812500000,-0.796875000,,
0.828125000,-0.796875000,,
0.843750000,-0.796875000,,
0.859375000,-0.796875000,,
0.875000000,-0.796875000,,
0.890625000,-0.796875000,,
0.906250000,-0.796875000,,
0.921875000,-0.796875000,,
0.937500000,-0.796875000,,
0.953125000,-0.796875000,,
0.968750000,-0.796875000,,
0.984375000,-0.796875000,,
1.000000000,-0.796875000,,
-1.000000000,-0.781250000,,
-0.984375000,-0.781250000,,
-0.968750000,-0.781250000,,
-0.953125000,-0.781250000,,
-0.937500000,-0.781250000,,
-0.921875000,-0.781250000,,
-0.906250000,-0.781250000,,
-0.890625000,-0.781250000,,
-0.875000000,-0.781250000,,
-0.859375000,-0.781250000,,
-0.843750000,-0.781250000,,
-0.828125000,-0.781250000,,
-0.812500000,-0.781250000,,
-0.796875000,-0.781250000,,
-0.781250000,-0.781250000,,
-0.765625000,-0.781250000,,
-0.750000000,-0.781250000,,
-0.734375000,-0.781250000,,
-0.718750000,-0.781250000,,
-0.703125000,-0.781250000,,
-0.687500000,-0.781250000,,
-0.671875000,-0.781250000,,
-0.656250000,-0.781250000,,
-0.640625000,-0.781250000,,
-0.625000000,-0.781250000,,
-0.609375000,-0.781250000,,
-0.593750000,-0.781250000,-0.684937503823,-0.325345314316
-0.578125000,-0.781250000,-0.647754858668,-0.307683557867
-0.562500000,-0.781250000,-0.606338592243,-0.288010831315
-0.546875000,-0.781250000,-0.560944202181,-0.266448496036
-0.531250000,-0.781250000,-0.511878012384,-0.243142055883
-0.515625000,-0.781250000,-0.459483393177,-0.218254611759
-0.500000000,-0.781250000,-0.404129310645,-0.191961422557
-0.484375000,-0.781250000,-0.346200857890,-0.164445407498
-0.468750000,-0.781250000,-0.286091470915,-0.135893448685
-0.453125000,-0.781250000,-0.224196578704,-0.106493374884
-0.437500000,-0.781250000,-0.160908467975,-0.0764315222883
-0.421875000,-0.781250000,-0.0966121797619,-0.0458907853869
-0.406250000,-0.781250000,-0.0316822777682,-0.0150490819399
-0.390625000,-0.781250000,0.0335196462483,0.0159218319679
-0.375000000,-0.781250000,0.0986468484312,0.0468572530048
-0.359375000,-0.781250000,0.163368788667,0.0776001746169
-0.343750000,-0.781250000,0.227372053600,0.108001725460
-0.328125000,-0.781250000,0.290360919553,0.137921436788
-0.312500000,-0.781250000,0.352057620494,0.167227369735
-0.296875000,-0.781250000,0.412202373569,0.195796127445
-0.281250000,-0.781250000,0.470553211171,0.223512775306
-0.265625000,-0.781250000,0.526885658393,0.250270687737
-0.250000000,-0.781250000,0.580992291416,0.275971338423
-0.234375000,-0.781250000,0.632682206018,0.300524047858
-0.218750000,-0.781250000,0.681780422456,0.323845700667
-0.203125000,-0.781250000,0.728127247695,0.345860442655
-0.187500000,-0.781250000,0.771577615280,0.366499367258
-0.171875000,-0.781250000,0.812000416688,0.385700197927
-0.156250000,-0.781250000,0.849277841280,0.403406974608
-0.140625000,-0.781250000,0.883304732762,0.419569748062
-0.125000000,-0.781250000,0.913987975281,0.434144288259
-0.109375000,-0.781250000,0.941245916189,0.447091810190
-0.093750000,-0.781250000,0.965007832834,0.458378720596
-0.078125000,-0.781250000,0.985213449358,0.467976388445
-0.062500000,-0.781250000,1.00181250971,0.475860942114
-0.046875000,-0.781250000,1.01476440827,0.482013093927
-0.031250000,-0.781250000,1.02403788494,0.486417995344
-0.015625000,-0.781250000,1.02961078435,0.489065122566
0.000000000,-0.781250000,1.03146988286,0.489948194360
0.015625000,-0.781250000,1.02961078435,0.489065122566
0.031250000,-0.781250000,1.02403788494,0.486417995344
0.046875000,-0.781250000,1.01476440827,0.482013093927
0.062500000,-0.781250000,1.00181250971,0.475860942114
0.078125000,-0.781250000,0.985213449358,0.467976388445
0.093750000,-0.781250000,0.965007832834,0.458378720596
0.109375000,-0.781250000,0.941245916189,0.447091810190
0.125000000,-0.781250000,0.913987975281,0.434144288259
0.140625000,-0.781250000,0.883304732762,0.419569748062
0.156250000,-0.781250000,0.849277841280,0.403406974608
0.171875000,-0.781250000,0.812000416688,0.385700197927
0.187500000,-0.781250000,0.771577615280,0.366499367258
0.203125000,-0.781250000,0.728127247695,0.345860442655
0.218750000,-0.781250000,0.681780422456,0.323845700667
0.234375000,-0.781250000,0.632682206018,0.300524047858
0.250000000,-0.781250000,0.580992291416,0.275971338423
0.265625000,-0.781250000,0.526885658393,0.250270687737
0.281250000,-0.781250000,0.470553211171,0.223512775306
0.296875000,-0.781250000,0.412202373569,0.195796127445
0.312500000,-0.781250000,0.352057620494,0.167227369735
0.328125000,-0.781250000,0.290360919553,0.137921436788
0.343750000,-0.781250000,0.227372053600,0.108001725460
0.359375000,-0.781250000,0.163368788667,0.0776001746169
0.375000000,-0.781250000,0.0986468484312,0.0468572530048
0.390625000,-0.781250000,0.0335196462483,0.0159218319679
0.406250000,-0.781250000,-0.0316822777682,-0.0150490819399
0.421875000,-0.781250000,-0.0966121797619,-0.0458907853869
0.437500000,-0.781250000,-0.160908467975,-0.0764315222883
0.453125000,-0.781250000,-0.224196578704,-0.106493374884
0.468750000,-0.781250000,-0.286091470915,-0.135893448685
0.484375000,-0.781250000,-0.346200857890,-0.164445407498
0.500000000,-0.781250000,-0.404129310645,-0.191961422557
0.515625000,-0.781250000,-0.459483393177,-0.218254611759
0.531250000,-0.781250000,-0.511878012384,-0.243142055883
0.546875000,-0.781250000,-0.560944202181,-0.266448496036
0.562500000,-0.781250000,-0.606338592243,-0.288010831315
0.578125000,-0.781250000,-0.647754858668,-0.307683557867
0.593750000,-0.781250000,-0.684937503823,-0.325345314316
0.609375000,-0.781250000,,
0.625000000,-0.781250000,,
0.640625000,-0.781250000,,
0.656250000,-0.781250000,,
0.671875000,-0.781250000,,
0.687500000,-0.781250000,,
0.703125000,-0.781250000,,
0.718750000,-0.781250000,,
0.734375000,-0.781250000,,
0.750000000,-0.781250000,,
0.765625000,-0.781250000,,
0.781250000,-0.781250000,,
0.796875000,-0.781250000,,
0.812500000,-0.781250000,,
0.828125000,-0.781250000,,
0.843750000,-0.781250000,,
0.859375000,-0.781250000,,
0.875000000,-0.781250000,,
0.890625000,-0.781250000,,
0.906250000,-0.781250000,,
0.921875000,-0.781250000,,
0.937500000,-0.781250000,,
0.953125000,-0.781250000,,
0.968750000,-0.781250000,,
0.984375000,-0.781250000,,
1.000000000,-0.781250000,,
-1.000000000,-0.765625000,,
-0.984375000,-0.765625000,,
-0.968750000,-0.765625000,,
-0.953125000,-0.765625000,,
-0.937500000,-0.765625000,,
-0.921875000,-0.765625000,,
-0.906250000,-0.765625000,,
-0.890625000,-0.765625000,,
-0.875000000,-0.765625000,,
-0.859375000,-0.765625000,,
-0.843750000,-0.765625000,,
-0.828125000,-0.765625000,,
-0.812500000,-0.765625000,,
-0.796875000,-0.765625000,,
-0.781250000,-0.765625000,,
-0.765625000,-0.765625000,,
-0.750000000,-0.765625000,,
-0.734375000,-0.765625000,,
-0.718750000,-0.765625000,,
-0.703125000,-0.765625000,,
-0.687500000,-0.765625000,,
-0.671875000,-0.765625000,,
-0.656250000,-0.765625000,,
-0.640625000,-0.765625000,,
-0.625000000,-0.765625000,,
-0.609375000,-0.765625000,-0.658703506486,-0.312884165581
-0.593750000,-0.765625000,-0.627193165134,-0.297916753439
-0.578125000,-0.765625000,-0.590718044787,-0.280591071274
-0.562500000,-0.765625000,-0.549571026311,-0.261046237498
-0.546875000,-0.765625000,-0.504096752929,-0.239445957641
-0.531250000,-0.765625000,-0.454677196884,-0.215971668520
-0.515625000,-0.765625000,-0.401719684937,-0.190816850345
-0.500000000,-0.765625000,-0.345647014279,-0.164182331783
-0.484375000,-0.765625000,-0.286889344473,-0.136272438625
-0.468750000,-0.765625000,-0.225877597839,-0.107291858974
-0.453125000,-0.765625000,-0.163038139672,-0.0774431163443
-0.437500000,-0.765625000,-0.0987885421012,-0.0469245574981
-0.421875000,-0.765625000,-0.0335342638172,-0.0159287753132
-0.406250000,-0.765625000,0.0323338965643,0.0153586008680
-0.390625000,-0.765625000,0.0984416982320,0.0467598066602
-0.375000000,-0.765625000,0.164432810581,0.0781055850259
-0.359375000,-0.765625000,0.229969712229,0.109235613309
-0.343750000,-0.765625000,0.294734213671,0.139998751494
-0.328125000,-0.765625000,0.358427669628,0.170253143073
-0.312500000,-0.765625000,0.420770939705,0.199866196360
-0.296875000,-0.765625000,0.481504145535,0.228714469129
-0.281250000,-0.765625000,0.540386266154,0.256683476423
-0.265625000,-0.765625000,0.597194609423,0.283667439476
-0.250000000,-0.765625000,0.651724188702,0.309568989633
-0.234375000,-0.765625000,0.703787033358,0.334298840845
-0.218750000,-0.765625000,0.753211453968,0.357775440635
-0.203125000,-0.765625000,0.799841283505,0.379924609665
-0.187500000,-0.765625000,0.843535110426,0.400679177452
-0.171875000,-0.765625000,0.884165518003,0.419978621051
-0.156250000,-0.765625000,0.921618342623,0.437768712746
-0.140625000,-0.765625000,0.955791960696,0.454001181331
-0.125000000,-0.765625000,0.986596614051,0.468633391674
-0.109375000,-0.765625000,1.01395377997,0.481628045486
-0.093750000,-0.765625000,1.03779559396,0.492952907131
-0.078125000,-0.765625000,1.05806432854,0.502580556057
-0.062500000,-0.765625000,1.07471193414,0.510488168717
-0.046875000,-0.765625000,1.08769964464,0.516657331204
-0.031250000,-0.765625000,1.09699765144,0.521073884436
-0.015625000,-0.765625000,1.10258484677,0.523727802213
0.000000000,-0.765625000,1.10444864005,0.524613104022
0.015625000,-0.765625000,1.10258484677,0.523727802213
0.031250000,-0.765625000,1.09699765144,0.521073884436
0.046875000,-0.765625000,1.08769964464,0.516657331204
0.062500000,-0.765625000,1.07471193414,0.510488168717
0.078125000,-0.765625000,1.05806432854,0.502580556057
0.093750000,-0.765625000,1.03779559396,0.492952907131
0.109375000,-0.765625000,1.01395377997,0.481628045486
0.125000000,-0.765625000,0.986596614051,0.468633391674
0.140625000,-0.765625000,0.955791960696,0.454001181331
0.156250000,-0.765625000,0.921618342623,0.437768712746
0.171875000,-0.765625000,0.884165518003,0.419978621051
0.187500000,-0.765625000,0.843535110426,0.400679177452
0.203125000,-0.765625000,0.799841283505,0.379924609665
0.218750000,-0.765625000,0.753211453968,0.357775440635
0.234375000,-0.765625000,0.703787033358,0.334298840845
0.250000000,-0.765625000,0.651724188702,0.309568989633
0.265625000,-0.765625000,0.597194609423,0.283667439476
0.281250000,-0.765625000,0.540386266154,0.256683476423
0.296875000,-0.765625000,0.481504145535,0.228714469129
0.312500000,-0.765625000,0.420770939705,0.199866196360
0.328125000,-0.765625000,0.358427669628,0.170253143073
0.343750000,-0.765625000,0.294734213671,0.139998751494
0.359375000,-0.765625000,0.229969712229,0.109235613309
0.375000000,-0.765625000,0.164432810581,0.0781055850259
0.390625000,-0.765625000,0.0984416982320,0.0467598066602
0.406250000,-0.765625000,0.0323338965643,0.0153586008680
0.421875000,-0.765625000,-0.0335342638172,-0.0159287753132
0.437500000,-0.765625000,-0.0987885421012,-0.0469245574981
0.453125000,-0.765625000,-0.163038139672,-0.0774431163443
0.468750000,-0.765625000,-0.225877597839,-0.107291858974
0.484375000,-0.765625000,-0.286889344473,-0.136272438625
0.500000000,-0.765625000,-0.345647014279,-0.164182331783
0.515625000,-0.765625000,-0.401719684937,-0.190816850345
0.531250000,-0.765625000,-0.454677196884,-0.215971668520
0.546875000,-0.765625000,-0.504096752929,-0.239445957641
0.562500000,-0.765625000,-0.549571026311,-0.261046237498
0.578125000,-0.765625000,-0.590718044787,-0.280591071274
0.593750000,-0.765625000,-0.627193165134,-0.297916753439
0.609375000,-0.765625000,-0.658703506486,-0.312884165581
0.625000000,-0.765625000,,
0.640625000,-0.765625000,,
0.656250000,-0.765625000,,
0.671875000,-0.765625000,,
0.687500000,-0.765625000,,
0.703125000,-0.765625000,,
0.718750000,-0.765625000,,
0.734375000,-0.765625000,,
0.750000000,-0.765625000,,
0.765625000,-0.765625000,,
0.781250000,-0.765625000,,
0.796875000,-0.765625000,,
0.812500000,-0.765625000,,
0.828125000,-0.765625000,,
0.843750000,-0.765625000,,
0.859375000,-0.765625000,,
0.875000000,-0.765625000,,
0.890625000,-0.765625000,,
0.906250000,-0.765625000,,
0.921875000,-0.765625000,,
0.937500000,-0.765625000,,
0.953125000,-0.765625000,,
0.968750000,-0.765625000,,
0.984375000,-0.765625000,,
1.000000000,-0.765625000,,
-1.000000000,-0.750000000,,
-0.984375000,-0.750000000,,
-0.968750000,-0.750000000,,
-0.953125000,-0.750000000,,
-0.937500000,-0.750000000,,
-0.921875000,-0.750000000,,
-0.906250000,-0.750000000,,
-0.890625000,-0.750000000,,
-0.875000000,-0.750000000,,
-0.859375000,-0.750000000,,
-0.843750000,-0.750000000,,
-0.828125000,-0.750000000,,
-0.812500000,-0.750000000,,
-0.796875000,-0.750000000,,
-0.781250000,-0.750000000,,
-0.765625000,-0.750000000,,
-0.750000000,-0.750000000,,
-0.734375000,-0.750000000,,
-0.718750000,-0.750000000,,
-0.703125000,-0.750000000,,
-0.687500000,-0.750000000,,
-0.671875000,-0.750000000,,
-0.656250000,-0.750000000,,
-0.640625000,-0.750000000,,
-0.625000000,-0.750000000,-0.636504984885,-0.302339867821
-0.609375000,-0.750000000,-0.611219226042,-0.290329132370
-0.593750000,-0.750000000,-0.580209612177,-0.275599565784
-0.578125000,-0.750000000,-0.543805942051,-0.258307822474
-0.562500000,-0.750000000,-0.502391195825,-0.238635818017
-0.546875000,-0.750000000,-0.456386347443,-0.216783515035
-0.531250000,-0.750000000,-0.406237782355,-0.192962946618
-0.515625000,-0.750000000,-0.352406927399,-0.167393290514
-0.500000000,-0.750000000,-0.295361759417,-0.140296835723
-0.484375000,-0.750000000,-0.235569907405,-0.111895706018
-0.468750000,-0.750000000,-0.173493106466,-0.0824092255714
-0.453125000,-0.750000000,-0.109582794209,-0.0520518272493
-0.437500000,-0.750000000,-0.0442766737503,-0.0210314200314
-0.421875000,-0.750000000,0.0220039086231,0.0104518565960
-0.406250000,-0.750000000,0.0888559029326,0.0422065538930
-0.390625000,-0.750000000,0.155895920239,0.0740505621136
-0.375000000,-0.750000000,0.222761121237,0.105811532587
-0.359375000,-0.750000000,0.289109708291,0.137327111438
-0.343750000,-0.750000000,0.354621092497,0.168445018936
-0.328125000,-0.750000000,0.418995794671,0.199023002469
-0.312500000,-0.750000000,0.481955133468,0.228928688397
-0.296875000,-0.750000000,0.543240742964,0.258039352908
-0.281250000,-0.750000000,0.602613959608,0.286241630814
-0.265625000,-0.750000000,0.659855109802,0.313431177156
-0.250000000,-0.750000000,0.714762726487,0.339512295081
-0.234375000,-0.750000000,0.767152718173,0.364397541132
-0.218750000,-0.750000000,0.816857511989,0.388007318195
-0.203125000,-0.750000000,0.863725187130,0.410269463887
-0.187500000,-0.750000000,0.907618613545,0.431118841434
-0.171875000,-0.750000000,0.948414609798,0.450496939654
-0.156250000,-0.750000000,0.986003129652,0.468351486585
-0.140625000,-0.750000000,1.02028648745,0.484636081538
-0.125000000,-0.750000000,1.05117862964,0.499309849081
-0.109375000,-0.750000000,1.07860445946,0.512337118245
-0.093750000,-0.750000000,1.10249921930,0.523687129167
-0.078125000,-0.750000000,1.12280793731,0.533333770220
-0.062500000,-0.750000000,1.13948493978,0.541255346398
-0.046875000,-0.750000000,1.15249343452,0.547434381396
-0.031250000,-0.750000000,1.16180516598,0.551857453839
-0.015625000,-0.750000000,1.16740014570,0.554515069207
0.000000000,-0.750000000,1.16926645855,0.555401567812
0.015625000,-0.750000000,1.16740014570,0.554515069207
0.031250000,-0.750000000,1.16180516598,0.551857453839
0.046875000,-0.750000000,1.15249343452,0.547434381396
0.062500000,-0.750000000,1.13948493978,0.541255346398
0.078125000,-0.750000000,1.12280793731,0.533333770220
0.093750000,-0.750000000,1.10249921930,0.523687129167
0.109375000,-0.750000000,1.07860445946,0.512337118245
0.125000000,-0.750000000,1.05117862964,0.499309849081
0.140625000,-0.750000000,1.02028648745,0.484636081538
0.156250000,-0.750000000,0.986003129652,0.468351486585
0.171875000,-0.750000000,0.948414609798,0.450496939654
0.187500000,-0.750000000,0.907618613545,0.431118841434
0.203125000,-0.750000000,0.863725187130,0.410269463887
0.218750000,-0.750000000,0.816857511989,0.388007318195
0.234375000,-0.750000000,0.767152718173,0.364397541132
0.250000000,-0.750000000,0.714762726487,0.339512295081
0.265625000,-0.750000000,0.659855109802,0.313431177156
0.281250000,-0.750000000,0.602613959608,0.286241630814
0.296875000,-0.750000000,0.543240742964,0.258039352908
0.312500000,-0.750000000,0.481955133468,0.228928688397
0.328125000,-0.750000000,0.418995794671,0.199023002469
0.343750000,-0.750000000,0.354621092497,0.168445018936
0.359375000,-0.750000000,0.289109708291,0.137327111438
0.375000000,-0.750000000,0.222761121237,0.105811532587
0.390625000,-0.750000000,0.155895920239,0.0740505621136
0.406250000,-0.750000000,0.0888559029326,0.0422065538930
0.421875000,-0.750000000,0.0220039086231,0.0104518565960
0.437500000,-0.750000000,-0.0442766737503,-0.0210314200314
0.453125000,-0.750000000,-0.109582794209,-0.0520518272493
0.468750000,-0.750000000,-0.173493106466,-0.0824092255714
0.484375000,-0.750000000,-0.235569907405,-0.111895706018
0.500000000,-0.750000000,-0.295361759417,-0.140296835723
0.515625000,-0.750000000,-0.352406927399,-0.167393290514
0.531250000,-0.750000000,-0.406237782355,-0.192962946618
0.546875000,-0.750000000,-0.456386347443,-0.216783515035
0.562500000,-0.750000000,-0.502391195825,-0.238635818017
0.578125000,-0.750000000,-0.543805942051,-0.258307822474
0.593750000,-0.750000000,-0.580209612177,-0.275599565784
0.609375000,-0.750000000,-0.611219226042,-0.290329132370
0.625000000,-0.750000000,-0.636504984885,-0.302339867821
0.640625000,-0.750000000,,
0.656250000,-0.750000000,,
0.671875000,-0.750000000,,
0.687500000,-0.750000000,,
0.703125000,-0.750000000,,
0.718750000,-0.750000000,,
0.734375000,-0.750000000,,
0.750000000,-0.750000000,,
0.765625000,-0.750000000,,
0.781250000,-0.750000000,,
0.796875000,-0.750000000,,
0.812500000,-0.750000000,,
0.828125000,-0.750000000,,
0.843750000,-0.750000000,,
0.859375000,-0.750000000,,
0.875000000,-0.750000000,,
0.890625000,-0.750000000,,
0.906250000,-0.750000000,,
0.921875000,-0.750000000,,
0.937500000,-0.750000000,,
0.953125000,-0.750000000,,
0.968750000,-0.750000000,,
0.984375000,-0.750000000,,
1.000000000,-0.750000000,,
-1.000000000,-0.734375000,,
-0.984375000,-0.734375000,,
-0.968750000,-0.734375000,,
-0.953125000,-0.734375000,,
-0.937500000,-0.734375000,,
-0.921875000,-0.734375000,,
-0.906250000,-0.734375000,,
-0.890625000,-0.734375000,,
-0.875000000,-0.734375000,,
-0.859375000,-0.734375000,,
-0.843750000,-0.734375000,,
-0.828125000,-0.734375000,,
-0.812500000,-0.734375000,,
-0.796875000,-0.734375000,,
-0.781250000,-0.734375000,,
-0.765625000,-0.734375000,,
-0.750000000,-0.734375000,,
-0.734375000,-0.734375000,,
-0.718750000,-0.734375000,,
-0.703125000,-0.734375000,,
-0.687500000,-0.734375000,,
-0.671875000,-0.734375000,,
-0.656250000,-0.734375000,,
-0.640625000,-0.734375000,-0.617318108676,-0.293226101621
-0.625000000,-0.734375000,-0.598860765334,-0.284458863534
-0.609375000,-0.734375000,-0.573889769576,-0.272597640549
-0.593750000,-0.734375000,-0.542771267381,-0.257816352006
-0.578125000,-0.734375000,-0.505926548573,-0.240315110572
-0.562500000,-0.734375000,-0.463815993525,-0.220312596925
-0.546875000,-0.734375000,-0.416925788762,-0.198039749662
-0.531250000,-0.734375000,-0.365756993156,-0.173734571749
-0.515625000,-0.734375000,-0.310816596706,-0.147637883436
-0.500000000,-0.734375000,-0.252610270502,-0.119989878488
-0.484375000,-0.734375000,-0.191636547760,-0.0910273601859
-0.468750000,-0.734375000,-0.128382215630,-0.0609815524241
-0.453125000,-0.734375000,-0.0633187289395,-0.0300763962463
-0.437500000,-0.734375000,0.00310051405468,0.00147274417597
-0.421875000,-0.734375000,0.0704421736155,0.0334600324674
-0.406250000,-0.734375000,0.138294364688,0.0656898232268
-0.390625000,-0.734375000,0.206267548826,0.0979770856923
-0.375000000,-0.734375000,0.273995008056,0.130147628826
-0.359375000,-0.734375000,0.341132975367,0.162038163299
-0.343750000,-0.734375000,0.407360484509,0.193496230142
-0.328125000,-0.734375000,0.472378994448,0.224380022363
-0.312500000,-0.734375000,0.535911834146,0.254558121219
-0.296875000,-0.734375000,0.597703508164,0.283909166378
-0.281250000,-0.734375000,0.657518897504,0.312321476314
-0.265625000,-0.734375000,0.715142383925,0.339692632364
-0.250000000,-0.734375000,0.770376924494,0.365929039134
-0.234375000,-0.734375000,0.823043095735,0.390945470474
-0.218750000,-0.734375000,0.872978127229,0.414664610434
-0.203125000,-0.734375000,0.920034939856,0.437016596432
-0.187500000,-0.734375000,0.964081201623,0.457938570771
-0.171875000,-0.734375000,1.00499841261,0.477374245988
-0.156250000,-0.734375000,1.04268102845,0.495273488514
-0.140625000,-0.734375000,1.07703563152,0.511591924974
-0.125000000,-0.734375000,1.10798015463,0.526290573451
-0.109375000,-0.734375000,1.13544316537,0.539335503548
-0.093750000,-0.734375000,1.15936321392,0.550697526610
-0.078125000,-0.734375000,1.17968825028,0.560351918884
-0.062500000,-0.734375000,1.19637511200,0.568278178200
-0.046875000,-0.734375000,1.20938908775,0.574459816683
-0.031250000,-0.734375000,1.21870355666,0.578884189415
-0.015625000,-0.734375000,1.22429970615,0.581542360420
0.000000000,-0.734375000,1.22616632991,0.582429006707
0.015625000,-0.734375000,1.22429970615,0.581542360420
0.031250000,-0.734375000,1.21870355666,0.578884189415
0.046875000,-0.734375000,1.20938908775,0.574459816683
0.062500000,-0.734375000,1.19637511200,0.568278178200
0.078125000,-0.734375000,1.17968825028,0.560351918884
0.093750000,-0.734375000,1.15936321392,0.550697526610
0.109375000,-0.734375000,1.13544316537,0.539335503548
0.125000000,-0.734375000,1.10798015463,0.526290573451
0.140625000,-0.734375000,1.07703563152,0.511591924974
0.156250000,-0.734375000,1.04268102845,0.495273488514
0.171875000,-0.734375000,1.00499841261,0.477374245988
0.187500000,-0.734375000,0.964081201623,0.457938570771
0.203125000,-0.734375000,0.920034939856,0.437016596432
0.218750000,-0.734375000,0.872978127229,0.414664610434
0.234375000,-0.734375000,0.823043095735,0.390945470474
0.250000000,-0.734375000,0.770376924494,0.365929039134
0.265625000,-0.734375000,0.715142383925,0.339692632364
0.281250000,-0.734375000,0.657518897504,0.312321476314
0.296875000,-0.734375000,0.597703508164,0.283909166378
0.312500000,-0.734375000,0.535911834146,0.254558121219
0.328125000,-0.734375000,0.472378994448,0.224380022363
0.343750000,-0.734375000,0.407360484509,0.193496230142
0.359375000,-0.734375000,0.341132975367,0.162038163299
0.375000000,-0.734375000,0.273995008056,0.130147628826
0.390625000,-0.734375000,0.206267548826,0.0979770856923
0.406250000,-0.734375000,0.138294364688,0.0656898232268
0.421875000,-0.734375000,0.0704421736155,0.0334600324674
0.437500000,-0.734375000,0.00310051405468,0.00147274417597
0.453125000,-0.734375000,-0.0633187289395,-0.0300763962463
0.468750000,-0.734375000,-0.128382215630,-0.0609815524241
0.484375000,-0.734375000,-0.191636547760,-0.0910273601859
0.500000000,-0.734375000,-0.252610270502,-0.119989878488
0.515625000,-0.734375000,-0.310816596706,-0.147637883436
0.531250000,-0.734375000,-0.365756993156,-0.173734571749
0.546875000,-0.734375000,-0.416925788762,-0.198039749662
0.562500000,-0.734375000,-0.463815993525,-0.220312596925
0.578125000,-0.734375000,-0.505926548573,-0.240315110572
0.593750000,-0.734375000,-0.542771267381,-0.257816352006
0.609375000,-0.734375000,-0.573889769576,-0.272597640549
0.625000000,-0.734375000,-0.598860765334,-0.284458863534
0.640625000,-0.734375000,-0.617318108676,-0.293226101621
0.656250000,-0.734375000,,
0.671875000,-0.734375000,,
0.687500000,-0.734375000,,
0.703125000,-0.734375000,,
0.718750000,-0.734375000,,
0.734375000,-0.734375000,,
0.750000000,-0.734375000,,
0.765625000,-0.734375000,,
0.781250000,-0.734375000,,
0.796875000,-0.734375000,,
0.812500000,-0.734375000,,
0.828125000,-0.734375000,,
0.843750000,-0.734375000,,
0.859375000,-0.734375000,,
0.875000000,-0.734375000,,
0.890625000,-0.734375000,,
0.906250000,-0.734375000,,
0.921875000,-0.734375000,,
0.937500000,-0.734375000,,
0.953125000,-0.734375000,,
0.968750000,-0.734375000,,
0.984375000,-0.734375000,,
1.000000000,-0.734375000,,
-1.000000000,-0.718750000,,
-0.984375000,-0.718750000,,
-0.968750000,-0.718750000,,
-0.953125000,-0.718750000,,
-0.937500000,-0.718750000,,
-0.921875000,-0.718750000,,
-0.906250000,-0.718750000,,
-0.890625000,-0.718750000,,
-0.875000000,-0.718750000,,
-0.859375000,-0.718750000,,
-0.843750000,-0.718750000,,
-0.828125000,-0.718750000,,
-0.812500000,-0.718750000,,
-0.796875000,-0.718750000,,
-0.781250000,-0.718750000,,
-0.765625000,-0.718750000,,
-0.750000000,-0.718750000,,
-0.734375000,-0.718750000,,
-0.718750000,-0.718750000,,
-0.703125000,-0.718750000,,
-0.687500000,-0.718750000,,
-0.671875000,-0.718750000,-0.603387203311,-0.286608921573
-0.656250000,-0.718750000,-0.600075609546,-0.285035914535
-0.640625000,-0.718750000,-0.589103647999,-0.279824232800
-0.625000000,-0.718750000,-0.570794825869,-0.271127542288
-0.609375000,-0.718750000,-0.545550899998,-0.259136677499
-0.593750000,-0.718750000,-0.513831349042,-0.244069890795
-0.578125000,-0.718750000,-0.476136328782,-0.226164756171
-0.562500000,-0.718750000,-0.432992581984,-0.205671476443
-0.546875000,-0.718750000,-0.384941851874,-0.182847379640
-0.531250000,-0.718750000,-0.332531419209,-0.157952424124
-0.515625000,-0.718750000,-0.276306437943,-0.131245558023
-0.500000000,-0.718750000,-0.216803792814,-0.102981801587
-0.484375000,-0.718750000,-0.154547243657,-0.0734099407368
-0.468750000,-0.718750000,-0.0900436553477,-0.0427707362901
-0.453125000,-0.718750000,-0.0237801418461,-0.0112955673769
-0.437500000,-0.718750000,0.0437780225359,0.0207945607046
-0.421875000,-0.718750000,0.112188849990,0.0532897037454
-0.406250000,-0.718750000,0.181034551115,0.0859914117795
-0.390625000,-0.718750000,0.249922003697,0.118712951756
-0.375000000,-0.718750000,0.318482857171,0.151279357156
-0.359375000,-0.718750000,0.386373339975,0.183527336488
-0.343750000,-0.718750000,0.453273826778,0.215305067720
-0.328125000,-0.718750000,0.518888215792,0.246471902501
-0.312500000,-0.718750000,0.582943156882,0.276897999519
-0.296875000,-0.718750000,0.645187168401,0.306463904991
-0.281250000,-0.718750000,0.705389671891,0.335060094148
-0.265625000,-0.718750000,0.763339971548,0.362586486485
-0.250000000,-0.718750000,0.818846202168,0.388951946030
-0.234375000,-0.718750000,0.871734262045,0.414073774471
-0.218750000,-0.718750000,0.921846749832,0.437877206170
-0.203125000,-0.718750000,0.969041918101,0.460294911098
-0.187500000,-0.718750000,1.01319265529,0.481266511263
-0.171875000,-0.718750000,1.05418550649,0.500738115584
-0.156250000,-0.718750000,1.09191974118,0.518661877062
-0.140625000,-0.718750000,1.12630647541,0.534995575822
-0.125000000,-0.718750000,1.15726785478,0.549702231018
-0.109375000,-0.718750000,1.18473630184,0.562749743373
-0.093750000,-0.718750000,1.20865383412,0.574110571209
-0.078125000,-0.718750000,1.22897145486,0.583761441058
-0.062500000,-0.718750000,1.24564861982,0.591683094413
-0.046875000,-0.718750000,1.25865278255,0.597860071712
-0.031250000,-0.718750000,1.26795902034,0.602280534663
-0.015625000,-0.718750000,1.27354974104,0.604936126993
0.000000000,-0.718750000,1.27541447331,0.605821874824
0.015625000,-0.718750000,1.27354974104,0.604936126993
0.031250000,-0.718750000,1.26795902034,0.602280534663
0.046875000,-0.718750000,1.25865278255,0.597860071712
0.062500000,-0.718750000,1.24564861982,0.591683094413
0.078125000,-0.718750000,1.22897145486,0.583761441058
0.093750000,-0.718750000,1.20865383412,0.574110571209
0.109375000,-0.718750000,1.18473630184,0.562749743373
0.125000000,-0.718750000,1.15726785478,0.549702231018
0.140625000,-0.718750000,1.12630647541,0.534995575822
0.156250000,-0.718750000,1.09191974118,0.518661877062
0.171875000,-0.718750000,1.05418550649,0.500738115584
0.187500000,-0.718750000,1.01319265529,0.481266511263
0.203125000,-0.718750000,0.969041918101,0.460294911098
0.218750000,-0.718750000,0.921846749832,0.437877206170
0.234375000,-0.718750000,0.871734262045,0.414073774471
0.250000000,-0.718750000,0.818846202168,0.388951946030
0.265625000,-0.718750000,0.763339971548,0.362586486485
0.281250000,-0.718750000,0.705389671891,0.335060094148
0.296875000,-0.718750000,0.645187168401,0.306463904991
0.312500000,-0.718750000,0.582943156882,0.276897999519
0.328125000,-0.718750000,0.518888215792,0.246471902501
0.343750000,-0.718750000,0.453273826778,0.215305067720
0.359375000,-0.718750000,0.386373339975,0.183527336488
0.375000000,-0.718750000,0.318482857171,0.151279357156
0.390625000,-0.718750000,0.249922003697,0.118712951756
0.406250000,-0.718750000,0.181034551115,0.0859914117795
0.421875000,-0.718750000,0.112188849990,0.0532897037454
0.437500000,-0.718750000,0.0437780225359,0.0207945607046
0.453125000,-0.718750000,-0.0237801418461,-0.0112955673769
0.468750000,-0.718750000,-0.0900436553477,-0.0427707362901
0.484375000,-0.718750000,-0.154547243657,-0.0734099407368
0.500000000,-0.718750000,-0.216803792814,-0.102981801587
0.515625000,-0.718750000,-0.276306437943,-0.131245558023
0.531250000,-0.718750000,-0.332531419209,-0.157952424124
0.546875000,-0.718750000,-0.384941851874,-0.182847379640
0.562500000,-0.718750000,-0.432992581984,-0.205671476443
0.578125000,-0.718750000,-0.476136328782,-0.226164756171
0.593750000,-0.718750000,-0.513831349042,-0.244069890795
0.609375000,-0.718750000,-0.545550899998,-0.259136677499
0.625000000,-0.718750000,-0.570794825869,-0.271127542288
0.640625000,-0.718750000,-0.589103647999,-0.279824232800
0.656250000,-0.718750000,-0.600075609546,-0.285035914535
0.671875000,-0.718750000,-0.603387203311,-0.286608921573
0.687500000,-0.718750000,,
0.703125000,-0.718750000,,
0.718750000,-0.718750000,,
0.734375000,-0.718750000,,
0.750000000,-0.718750000,,
0.765625000,-0.718750000,,
0.781250000,-0.718750000,,
0.796875000,-0.718750000,,
0.812500000,-0.718750000,,
0.828125000,-0.718750000,,
0.843750000,-0.718750000,,
0.859375000,-0.718750000,,
0.875000000,-0.718750000,,
0.890625000,-0.718750000,,
0.906250000,-0.718750000,,
0.921875000,-0.718750000,,
0.937500000,-0.718750000,,
0.953125000,-0.718750000,,
0.968750000,-0.718750000,,
0.984375000,-0.718750000,,
1.000000000,-0.718750000,,
-1.000000000,-0.703125000,,
-0.984375000,-0.703125000,,
-0.968750000,-0.703125000,,
-0.953125000,-0.703125000,,
-0.937500000,-0.703125000,,
-0.921875000,-0.703125000,,
-0.906250000,-0.703125000,,
-0.890625000,-0.703125000,,
-0.875000000,-0.703125000,,
-0.859375000,-0.703125000,,
-0.843750000,-0.703125000,,
-0.828125000,-0.703125000,,
-0.812500000,-0.703125000,,
-0.796875000,-0.703125000,,
-0.781250000,-0.703125000,,
-0.765625000,-0.703125000,,
-0.750000000,-0.703125000,,
-0.734375000,-0.703125000,,
-0.718750000,-0.703125000,,
-0.703125000,-0.703125000,,
-0.687500000,-0.703125000,-0.577885505151,-0.274495614947
-0.671875000,-0.703125000,-0.583660536457,-0.277238754817
-0.656250000,-0.703125000,-0.580886053381,-0.275920875356
-0.640625000,-0.703125000,-0.569915545411,-0.270709884070
-0.625000000,-0.703125000,-0.551185409034,-0.261813069291
-0.609375000,-0.703125000,-0.525193040540,-0.249466694257
-0.593750000,-0.703125000,-0.492478659620,-0.233927363320
-0.578125000,-0.703125000,-0.453610294544,-0.215464889908
-0.562500000,-0.703125000,-0.409171446367,-0.194356437024
-0.546875000,-0.703125000,-0.359751021126,-0.170881735035
-0.531250000,-0.703125000,-0.305935183087,-0.145319211966
-0.515625000,-0.703125000,-0.248300831687,-0.117942895051
-0.500000000,-0.703125000,-0.187410451311,-0.0890199643727
-0.484375000,-0.703125000,-0.123808117221,-0.0588088556800
-0.468750000,-0.703125000,-0.0580164758459,-0.0275578260268
-0.453125000,-0.703125000,0.00946545840538,0.00449609274256
-0.437500000,-0.703125000,0.0781638219393,0.0371278154212
-0.421875000,-0.703125000,0.147630852721,0.0701246550426
-0.406250000,-0.703125000,0.217445368610,0.103286550090
-0.390625000,-0.703125000,0.287212858081,0.136426107589
-0.375000000,-0.703125000,0.356565253697,0.169368495506
-0.359375000,-0.703125000,0.425160450884,0.201951214170
-0.343750000,-0.703125000,0.492681622406,0.234023770643
-0.328125000,-0.703125000,0.558836374382,0.265447277831
-0.312500000,-0.703125000,0.623355782153,0.296093996523
-0.296875000,-0.703125000,0.685993337096,0.325846835121
-0.281250000,-0.703125000,0.746523833956,0.354598821129
-0.265625000,-0.703125000,0.804742221298,0.382252555117
-0.250000000,-0.703125000,0.860462435715,0.408719656965
-0.234375000,-0.703125000,0.913516236430,0.433920212304
-0.218750000,-0.703125000,0.963752055984,0.457782226593
-0.203125000,-0.703125000,1.01103387824,0.480241092162
-0.187500000,-0.703125000,1.05524015487,0.501239073565
-0.171875000,-0.703125000,1.09626276903,0.520724815289
-0.156250000,-0.703125000,1.13400605361,0.538652875464
-0.140625000,-0.703125000,1.16838587060,0.554983288535
-0.125000000,-0.703125000,1.19932875686,0.569681159507
-0.109375000,-0.703125000,1.22677114006,0.582716291530
-0.093750000,-0.703125000,1.25065862955,0.594062849037
-0.078125000,-0.703125000,1.27094538414,0.603699057466
-0.062500000,-0.703125000,1.28759356017,0.611606941083
-0.046875000,-0.703125000,1.30057284099,0.617772099468
-0.031250000,-0.703125000,1.30986005048,0.622183523979
-0.015625000,-0.703125000,1.31543885062,0.624833454043
0.000000000,-0.703125000,1.31729952537,0.625717274551
0.015625000,-0.703125000,1.31543885062,0.624833454043
0.031250000,-0.703125000,1.30986005048,0.622183523979
0.046875000,-0.703125000,1.30057284099,0.617772099468
0.062500000,-0.703125000,1.28759356017,0.611606941083
0.078125000,-0.703125000,1.27094538414,0.603699057466
0.093750000,-0.703125000,1.25065862955,0.594062849037
0.109375000,-0.703125000,1.22677114006,0.582716291530
0.125000000,-0.703125000,1.19932875686,0.569681159507
0.140625000,-0.703125000,1.16838587060,0.554983288535
0.156250000,-0.703125000,1.13400605361,0.538652875464
0.171875000,-0.703125000,1.09626276903,0.520724815289
0.187500000,-0.703125000,1.05524015487,0.501239073565
0.203125000,-0.703125000,1.01103387824,0.480241092162
0.218750000,-0.703125000,0.963752055984,0.457782226593
0.234375000,-0.703125000,0.913516236430,0.433920212304
0.250000000,-0.703125000,0.860462435715,0.408719656965
0.265625000,-0.703125000,0.804742221298,0.382252555117
0.281250000,-0.703125000,0.746523833956,0.354598821129
0.296875000,-0.703125000,0.685993337096,0.325846835121
0.312500000,-0.703125000,0.623355782153,0.296093996523
0.328125000,-0.703125000,0.558836374382,0.265447277831
0.343750000,-0.703125000,0.492681622406,0.234023770643
0.359375000,-0.703125000,0.425160450884,0.201951214170
0.375000000,-0.703125000,0.356565253697,0.169368495506
0.390625000,-0.703125000,0.287212858081,0.136426107589
0.406250000,-0.703125000,0.217445368610,0.103286550090
0.421875000,-0.703125000,0.147630852721,0.0701246550426
0.437500000,-0.703125000,0.0781638219393,0.0371278154212
0.453125000,-0.703125000,0.00946545840538,0.00449609274256
0.468750000,-0.703125000,-0.0580164758459,-0.0275578260268
0.484375000,-0.703125000,-0.123808117221,-0.0588088556800
0.500000000,-0.703125000,-0.187410451311,-0.0890199643727
0.515625000,-0.703125000,-0.248300831687,-0.117942895051
0.531250000,-0.703125000,-0.305935183087,-0.145319211966
0.546875000,-0.703125000,-0.359751021126,-0.170881735035
0.562500000,-0.703125000,-0.409171446367,-0.194356437024
0.578125000,-0.703125000,-0.453610294544,-0.215464889908
0.593750000,-0.703125000,-0.492478659620,-0.233927363320
0.609375000,-0.703125000,-0.525193040540,-0.249466694257
0.625000000,-0.703125000,-0.551185409034,-0.261813069291
0.640625000,-0.703125000,-0.569915545411,-0.270709884070
0.656250000,-0.703125000,-0.580886053381,-0.275920875356
0.671875000,-0.703125000,-0.583660536457,-0.277238754817
0.687500000,-0.703125000,-0.577885505151,-0.274495614947
0.703125000,-0.703125000,,
0.718750000,-0.703125000,,
0.734375000,-0.703125000,,
0.750000000,-0.703125000,,
0.765625000,-0.703125000,,
0.781250000,-0.703125000,,
0.796875000,-0.703125000,,
0.812500000,-0.703125000,,
0.828125000,-0.703125000,,
0.843750000,-0.703125000,,
0.859375000,-0.703125000,,
0.875000000,-0.703125000,,
0.890625000,-0.703125000,,
0.906250000,-0.703125000,,
0.921875000,-0.703125000,,
0.937500000,-0.703125000,,
0.953125000,-0.703125000,,
0.968750000,-0.703125000,,
0.984375000,-0.703125000,,
1.000000000,-0.703125000,,
-1.000000000,-0.687500000,,
-0.984375000,-0.687500000,,
-0.968750000,-0.687500000,,
-0.953125000,-0.687500000,,
-0.937500000,-0.687500000,,
-0.921875000,-0.687500000,,
-0.906250000,-0.687500000,,
-0.890625000,-0.687500000,,
-0.875000000,-0.687500000,,
-0.859375000,-0.687500000,,
-0.843750000,-0.687500000,,
-0.828125000,-0.687500000,,
-0.812500000,-0.687500000,,
-0.796875000,-0.687500000,,
-0.781250000,-0.687500000,,
-0.765625000,-0.687500000,,
-0.750000000,-0.687500000,,
-0.734375000,-0.687500000,,
-0.718750000,-0.687500000,,
-0.703125000,-0.687500000,-0.551233008767,-0.261835679164
-0.687500000,-0.687500000,-0.566900292058,-0.269277638727
-0.671875000,-0.687500000,-0.573092871309,-0.272219113872
-0.656250000,-0.687500000,-0.570191944393,-0.270841173587
-0.640625000,-0.687500000,-0.558667262926,-0.265366949890
-0.625000000,-0.687500000,-0.539053654271,-0.256050485779
-0.609375000,-0.687500000,-0.511931555616,-0.243167488918
-0.593750000,-0.687500000,-0.477910942689,-0.227007697777
-0.578125000,-0.687500000,-0.437618133043,-0.207868613196
-0.562500000,-0.687500000,-0.391685022034,-0.186050385466
-0.546875000,-0.687500000,-0.340740376090,-0.161851678643
-0.531250000,-0.687500000,-0.285402865601,-0.135566361161
-0.515625000,-0.687500000,-0.226275565697,-0.107480893706
-0.500000000,-0.687500000,-0.163941694914,-0.0778723050840
-0.484375000,-0.687500000,-0.0989613944365,-0.0470066623574
-0.468750000,-0.687500000,-0.0318693805552,-0.0151379557637
-0.453125000,-0.687500000,0.0368266718148,0.0174926691120
-0.437500000,-0.687500000,0.106647138321,0.0506573907024
-0.421875000,-0.687500000,0.177140950019,0.0841419512589
-0.406250000,-0.687500000,0.247885683171,0.117745699506
-0.390625000,-0.687500000,0.318487311204,0.151281472822
-0.375000000,-0.687500000,0.388579681578,0.184575348750
-0.359375000,-0.687500000,0.457823775652,0.217466293435
-0.343750000,-0.687500000,0.525906797124,0.249805728634
-0.328125000,-0.687500000,0.592541130088,0.281457036792
-0.312500000,-0.687500000,0.657463202027,0.312295020963
-0.296875000,-0.687500000,0.720432279549,0.342205332786
-0.281250000,-0.687500000,0.781229223485,0.371083881155
-0.265625000,-0.687500000,0.839655223769,0.398836231290
-0.250000000,-0.687500000,0.895530532710,0.425377003037
-0.234375000,-0.687500000,0.948693211886,0.450629275646
-0.218750000,-0.687500000,0.998997905523,0.474524005124
-0.203125000,-0.687500000,1.04631465102,0.496999459236
-0.187500000,-0.687500000,1.09052773830,0.518000675693
-0.171875000,-0.687500000,1.13153462165,0.537478945284
-0.156250000,-0.687500000,1.16924489442,0.555391324847
-0.140625000,-0.687500000,1.20357933033,0.571700181909
-0.125000000,-0.687500000,1.23446899635,0.586372773265
-0.109375000,-0.687500000,1.26185444056,0.599380859264
-0.093750000,-0.687500000,1.28568495900,0.610700355527
-0.078125000,-0.687500000,1.30591794358,0.620311023200
-0.062500000,-0.687500000,1.32251831300,0.628196198674
-0.046875000,-0.687500000,1.33545802853,0.634342563551
-0.031250000,-0.687500000,1.34471569674,0.638739955950
-0.015625000,-0.687500000,1.35027625885,0.641381222955
0.000000000,-0.687500000,1.35213076867,0.642262115119
0.015625000,-0.687500000,1.35027625885,0.641381222955
0.031250000,-0.687500000,1.34471569674,0.638739955950
0.046875000,-0.687500000,1.33545802853,0.634342563551
0.062500000,-0.687500000,1.32251831300,0.628196198674
0.078125000,-0.687500000,1.30591794358,0.620311023200
0.093750000,-0.687500000,1.28568495900,0.610700355527
0.109375000,-0.687500000,1.26185444056,0.599380859264
0.125000000,-0.687500000,1.23446899635,0.586372773265
0.140625000,-0.687500000,1.20357933033,0.571700181909
0.156250000,-0.687500000,1.16924489442,0.555391324847
0.171875000,-0.687500000,1.13153462165,0.537478945284
0.187500000,-0.687500000,1.09052773830,0.518000675693
0.203125000,-0.687500000,1.04631465102,0.496999459236
0.218750000,-0.687500000,0.998997905523,0.474524005124
0.234375000,-0.687500000,0.948693211886,0.450629275646
0.250000000,-0.687500000,0.895530532710,0.425377003037
0.265625000,-0.687500000,0.839655223769,0.398836231290
0.281250000,-0.687500000,0.781229223485,0.371083881155
0.296875000,-0.687500000,0.720432279549,0.342205332786
0.312500000,-0.687500000,0.657463202027,0.312295020963
0.328125000,-0.687500000,0.592541130088,0.281457036792
0.343750000,-0.687500000,0.525906797124,0.249805728634
0.359375000,-0.687500000,0.457823775652,0.217466293435
0.375000000,-0.687500000,0.388579681578,0.184575348750
0.390625000,-0.687500000,0.318487311204,0.151281472822
0.406250000,-0.687500000,0.247885683171,0.117745699506
0.421875000,-0.687500000,0.177140950019,0.0841419512589
0.437500000,-0.687500000,0.106647138321,0.0506573907024
0.453125000,-0.687500000,0.0368266718148,0.0174926691120
0.468750000,-0.687500000,-0.0318693805552,-0.0151379557637
0.484375000,-0.687500000,-0.0989613944365,-0.0470066623574
0.500000000,-0.687500000,-0.163941694914,-0.0778723050840
0.515625000,-0.687500000,-0.226275565697,-0.107480893706
0.531250000,-0.687500000,-0.285402865601,-0.135566361161
0.546875000,-0.687500000,-0.340740376090,-0.161851678643
0.562500000,-0.687500000,-0.391685022034,-0.186050385466
0.578125000,-0.687500000,-0.437618133043,-0.207868613196
0.593750000,-0.687500000,-0.477910942689,-0.227007697777
0.609375000,-0.687500000,-0.511931555616,-0.243167488918
0.625000000,-0.687500000,-0.539053654271,-0.256050485779
0.640625000,-0.687500000,-0.558667262926,-0.265366949890
0.656250000,-0.687500000,-0.570191944393,-0.270841173587
0.671875000,-0.687500000,-0.573092871309,-0.272219113872
0.687500000,-0.687500000,-0.566900292058,-0.269277638727
0.703125000,-0.687500000,-0.551233008767,-0.261835679164
0.718750000,-0.687500000,,
0.734375000,-0.687500000,,
0.750000000,-0.687500000,,
0.765625000,-0.687500000,,
0.781250000,-0.687500000,,
0.796875000,-0.687500000,,
0.812500000,-0.687500000,,
0.828125000,-0.687500000,,
0.843750000,-0.687500000,,
0.859375000,-0.687500000,,
0.875000000,-0.687500000,,
0.890625000,-0.687500000,,
0.906250000,-0.687500000,,
0.921875000,-0.687500000,,
0.937500000,-0.687500000,,
0.953125000,-0.687500000,,
0.968750000,-0.687500000,,
0.984375000,-0.687500000,,
1.000000000,-0.687500000,,
-1.000000000,-0.671875000,,
-0.984375000,-0.671875000,,
-0.968750000,-0.671875000,,
-0.953125000,-0.671875000,,
-0.937500000,-0.671875000,,
-0.921875000,-0.671875000,,
-0.906250000,-0.671875000,,
-0.890625000,-0.671875000,,
-0.875000000,-0.671875000,,
-0.859375000,-0.671875000,,
-0.843750000,-0.671875000,,
-0.828125000,-0.671875000,,
-0.812500000,-0.671875000,,
-0.796875000,-0.671875000,,
-0.781250000,-0.671875000,,
-0.765625000,-0.671875000,,
-0.750000000,-0.671875000,,
-0.734375000,-0.671875000,,
-0.718750000,-0.671875000,-0.522133909709,-0.248013607112
-0.703125000,-0.671875000,-0.548560781651,-0.260566371284
-0.687500000,-0.671875000,-0.564550142323,-0.268161317603
-0.671875000,-0.671875000,-0.570508078688,-0.270991337377
-0.656250000,-0.671875000,-0.566936005350,-0.269294602541
-0.640625000,-0.671875000,-0.554405403905,-0.263342566855
-0.625000000,-0.671875000,-0.533536886710,-0.253430021187
-0.609375000,-0.671875000,-0.504982920210,-0.239866887100
-0.593750000,-0.671875000,-0.469413642750,-0.222971480306
-0.578125000,-0.671875000,-0.427505299743,-0.203065017378
-0.562500000,-0.671875000,-0.379930890517,-0.180467172996
-0.546875000,-0.671875000,-0.327352684590,-0.155492525180
-0.531250000,-0.671875000,-0.270416313557,-0.128447748940
-0.515625000,-0.671875000,-0.209746192110,-0.0996294412522
-0.500000000,-0.671875000,-0.145942055105,-0.0693224761747
-0.484375000,-0.671875000,-0.0795764318503,-0.0377988051289
-0.468750000,-0.671875000,-0.0111929033195,-0.00531662907676
-0.453125000,-0.671875000,0.0586949885575,0.0278801195648
-0.437500000,-0.671875000,0.129604290532,0.0615620380027
-0.421875000,-0.671875000,0.201082743207,0.0955143030234
-0.406250000,-0.671875000,0.272708521855,0.129536547881
-0.390625000,-0.671875000,0.344089682970,0.163442599411
-0.375000000,-0.671875000,0.414863376105,0.197060103650
-0.359375000,-0.671875000,0.484694870434,0.230230063456
-0.343750000,-0.671875000,0.553276440416,0.262806309198
-0.328125000,-0.671875000,0.620326147005,0.294654919827
-0.312500000,-0.671875000,0.685586544544,0.325653608658
-0.296875000,-0.671875000,0.748823341906,0.355691087405
-0.281250000,-0.671875000,0.809824038610,0.384666418340
-0.265625000,-0.671875000,0.868396556969,0.412488364560
-0.250000000,-0.671875000,0.924367884342,0.439074745062
-0.234375000,-0.671875000,0.977582741791,0.464351802351
-0.218750000,-0.671875000,1.02790228859,0.488253587082
-0.203125000,-0.671875000,1.07520287329,0.510721364814
-0.187500000,-0.671875000,1.11937484019,0.531703049091
-0.171875000,-0.671875000,1.16032139688,0.551152663520
-0.156250000,-0.671875000,1.19795754955,0.569029836035
-0.140625000,-0.671875000,1.23220910995,0.585299327228
-0.125000000,-0.671875000,1.26301177999,0.599930595495
-0.109375000,-0.671875000,1.29031031402,0.612897399160
-0.093750000,-0.671875000,1.31405776477,0.624177438263
-0.078125000,-0.671875000,1.33421481340,0.633752036364
-0.062500000,-0.671875000,1.35074918504,0.641605862895
-0.046875000,-0.671875000,1.36363515360,0.647726697961
-0.031250000,-0.671875000,1.37285313345,0.652105238387
-0.015625000,-0.671875000,1.37838936254,0.654734947204
0.000000000,-0.671875000,1.38023567450,0.655611945385
0.015625000,-0.671875000,1.37838936254,0.654734947204
0.031250000,-0.671875000,1.37285313345,0.652105238387
0.046875000,-0.671875000,1.36363515360,0.647726697961
0.062500000,-0.671875000,1.35074918504,0.641605862895
0.078125000,-0.671875000,1.33421481340,0.633752036364
0.093750000,-0.671875000,1.31405776477,0.624177438263
0.109375000,-0.671875000,1.29031031402,0.612897399160
0.125000000,-0.671875000,1.26301177999,0.599930595495
0.140625000,-0.671875000,1.23220910995,0.585299327228
0.156250000,-0.671875000,1.19795754955,0.569029836035
0.171875000,-0.671875000,1.16032139688,0.551152663520
0.187500000,-0.671875000,1.11937484019,0.531703049091
0.203125000,-0.671875000,1.07520287329,0.510721364814
0.218750000,-0.671875000,1.02790228859,0.488253587082
0.234375000,-0.671875000,0.977582741791,0.464351802351
0.250000000,-0.671875000,0.924367884342,0.439074745062
0.265625000,-0.671875000,0.868396556969,0.412488364560
0.281250000,-0.671875000,0.809824038610,0.384666418340
0.296875000,-0.671875000,0.748823341906,0.355691087405
0.312500000,-0.671875000,0.685586544544,0.325653608658
0.328125000,-0.671875000,0.620326147005,0.294654919827
0.343750000,-0.671875000,0.553276440416,0.262806309198
0.359375000,-0.671875000,0.484694870434,0.230230063456
0.375000000,-0.671875000,0.414863376105,0.197060103650
0.390625000,-0.671875000,0.344089682970,0.163442599411
0.406250000,-0.671875000,0.272708521855,0.129536547881
0.421875000,-0.671875000,0.201082743207,0.0955143030234
0.437500000,-0.671875000,0.129604290532,0.0615620380027
0.453125000,-0.671875000,0.0586949885575,0.0278801195648
0.468750000,-0.671875000,-0.0111929033195,-0.00531662907676
0.484375000,-0.671875000,-0.0795764318503,-0.0377988051289
0.500000000,-0.671875000,-0.145942055105,-0.0693224761747
0.515625000,-0.671875000,-0.209746192110,-0.0996294412522
0.531250000,-0.671875000,-0.270416313557,-0.128447748940
0.546875000,-0.671875000,-0.327352684590,-0.155492525180
0.562500000,-0.671875000,-0.379930890517,-0.180467172996
0.578125000,-0.671875000,-0.427505299743,-0.203065017378
0.593750000,-0.671875000,-0.469413642750,-0.222971480306
0.609375000,-0.671875000,-0.504982920210,-0.239866887100
0.625000000,-0.671875000,-0.533536886710,-0.253430021187
0.640625000,-0.671875000,-0.554405403905,-0.263342566855
0.656250000,-0.671875000,-0.566936005350,-0.269294602541
0.671875000,-0.671875000,-0.570508078688,-0.270991337377
0.687500000,-0.671875000,-0.564550142323,-0.268161317603
0.703125000,-0.671875000,-0.548560781651,-0.260566371284
0.718750000,-0.671875000,-0.522133909709,-0.248013607112
0.734375000,-0.671875000,,
0.750000000,-0.671875000,,
0.765625000,-0.671875000,,
0.781250000,-0.671875000,,
0.796875000,-0.671875000,,
0.812500000,-0.671875000,,
0.828125000,-0.671875000,,
0.843750000,-0.671875000,,
0.859375000,-0.671875000,,
0.875000000,-0.671875000,,
0.890625000,-0.671875000,,
0.906250000,-0.671875000,,
0.921875000,-0.671875000,,
0.937500000,-0.671875000,,
0.953125000,-0.671875000,,
0.968750000,-0.671875000,,
0.984375000,-0.671875000,,
1.000000000,-0.671875000,,
-1.000000000,-0.656250000,,
-0.984375000,-0.656250000,,
-0.968750000,-0.656250000,,
-0.953125000,-0.656250000,,
-0.937500000,-0.656250000,,
-0.921875000,-0.656250000,,
-0.906250000,-0.656250000,,
-0.890625000,-0.656250000,,
-0.875000000,-0.656250000,,
-0.859375000,-0.656250000,,
-0.843750000,-0.656250000,,
-0.828125000,-0.656250000,,
-0.812500000,-0.656250000,,
-0.796875000,-0.656250000,,
-0.781250000,-0.656250000,,
-0.765625000,-0.656250000,,
-0.750000000,-0.656250000,,
-0.734375000,-0.656250000,-0.489222619080,-0.232380744063
-0.718750000,-0.656250000,-0.527340551074,-0.250486761760
-0.703125000,-0.656250000,-0.554019413240,-0.263159221289
-0.687500000,-0.656250000,-0.569686682852,-0.270601174355
-0.671875000,-0.656250000,-0.574873233119,-0.273064785731
-0.656250000,-0.656250000,-0.570186043024,-0.270838370436
-0.640625000,-0.656250000,-0.556285590345,-0.264235655414
-0.625000000,-0.656250000,-0.533867198797,-0.253586919429
-0.609375000,-0.656250000,-0.503645729601,-0.239231721561
-0.593750000,-0.656250000,-0.466343097690,-0.221512971403
-0.578125000,-0.656250000,-0.422678174500,-0.200772132888
-0.562500000,-0.656250000,-0.373358704813,-0.177345384786
-0.546875000,-0.656250000,-0.319074922850,-0.151560588354
-0.531250000,-0.656250000,-0.260494598062,-0.123734934079
-0.515625000,-0.656250000,-0.198259284413,-0.0941731600963
-0.500000000,-0.656250000,-0.132981576366,-0.0631662487740
-0.484375000,-0.656250000,-0.0652432092220,-0.0309905243804
-0.468750000,-0.656250000,0.00440613977384,0.00209291639257
-0.453125000,-0.656250000,0.0754494673194,0.0358384969767
-0.437500000,-0.656250000,0.147402581348,0.0700162261404
-0.421875000,-0.656250000,0.219813845365,0.104411576548
-0.406250000,-0.656250000,0.292263604994,0.138825212372
-0.390625000,-0.656250000,0.364363360848,0.173072596403
-0.375000000,-0.656250000,0.435754740082,0.206983501539
-0.359375000,-0.656250000,0.506108314664,0.240401449465
-0.343750000,-0.656250000,0.575122304120,0.273183094457
-0.328125000,-0.656250000,0.642521196933,0.305197568543
-0.312500000,-0.656250000,0.708054318847,0.336325801452
-0.296875000,-0.656250000,0.771494371566,0.366459826494
-0.281250000,-0.656250000,0.832635963512,0.395502082668
-0.265625000,-0.656250000,0.891294148255,0.423364720421
-0.250000000,-0.656250000,0.947302986946,0.449968918799
-0.234375000,-0.656250000,1.00051414556,0.475244219142
-0.218750000,-0.656250000,1.05079553844,0.499127880757
-0.203125000,-0.656250000,1.09803002598,0.521564262340
-0.187500000,-0.656250000,1.14211417408,0.542504232688
-0.171875000,-0.656250000,1.18295708208,0.561904613990
-0.156250000,-0.656250000,1.22047928275,0.579727659306
-0.140625000,-0.656250000,1.25461171927,0.595940566654
-0.125000000,-0.656250000,1.28529480386,0.610515031835
-0.109375000,-0.656250000,1.31247755812,0.623426840108
-0.093750000,-0.656250000,1.33611684004,0.634655499017
-0.078125000,-0.656250000,1.35617665788,0.644183912492
-0.062500000,-0.656250000,1.37262757344,0.651998097384
-0.046875000,-0.656250000,1.38544619508,0.658086942661
-0.031250000,-0.656250000,1.39461476148,0.662442011705
-0.015625000,-0.656250000,1.40012081813,0.665057388612
0.000000000,-0.656250000,1.40195698529,0.665929568012
0.015625000,-0.656250000,1.40012081813,0.665057388612
0.031250000,-0.656250000,1.39461476148,0.662442011705
0.046875000,-0.656250000,1.38544619508,0.658086942661
0.062500000,-0.656250000,1.37262757344,0.651998097384
0.078125000,-0.656250000,1.35617665788,0.644183912492
0.093750000,-0.656250000,1.33611684004,0.634655499017
0.109375000,-0.656250000,1.31247755812,0.623426840108
0.125000000,-0.656250000,1.28529480386,0.610515031835
0.140625000,-0.656250000,1.25461171927,0.595940566654
0.156250000,-0.656250000,1.22047928275,0.579727659306
0.171875000,-0.656250000,1.18295708208,0.561904613990
0.187500000,-0.656250000,1.14211417408,0.542504232688
0.203125000,-0.656250000,1.09803002598,0.521564262340
0.218750000,-0.656250000,1.05079553844,0.499127880757
0.234375000,-0.656250000,1.00051414556,0.475244219142
0.250000000,-0.656250000,0.947302986946,0.449968918799
0.265625000,-0.656250000,0.891294148255,0.423364720421
0.281250000,-0.656250000,0.832635963512,0.395502082668
0.296875000,-0.656250000,0.771494371566,0.366459826494
0.312500000,-0.656250000,0.708054318847,0.336325801452
0.328125000,-0.656250000,0.642521196933,0.305197568543
0.343750000,-0.656250000,0.575122304120,0.273183094457
0.359375000,-0.656250000,0.506108314664,0.240401449465
0.375000000,-0.656250000,0.435754740082,0.206983501539
0.390625000,-0.656250000,0.364363360848,0.173072596403
0.406250000,-0.656250000,0.292263604994,0.138825212372
0.421875000,-0.656250000,0.219813845365,0.104411576548
0.437500000,-0.656250000,0.147402581348,0.0700162261404
0.453125000,-0.656250000,0.0754494673194,0.0358384969767
0.468750000,-0.656250000,0.00440613977384,0.00209291639257
0.484375000,-0.656250000,-0.0652432092220,-0.0309905243804
0.500000000,-0.656250000,-0.132981576366,-0.0631662487740
0.515625000,-0.656250000,-0.198259284413,-0.0941731600963
0.531250000,-0.656250000,-0.260494598062,-0.123734934079
0.546875000,-0.656250000,-0.319074922850,-0.151560588354
0.562500000,-0.656250000,-0.373358704813,-0.177345384786
0.578125000,-0.656250000,-0.422678174500,-0.200772132888
0.593750000,-0.656250000,-0.466343097690,-0.221512971403
0.609375000,-0.656250000,-0.503645729601,-0.239231721561
0.625000000,-0.656250000,-0.533867198797,-0.253586919429
0.640625000,-0.656250000,-0.556285590345,-0.264235655414
0.656250000,-0.656250000,-0.570186043024,-0.270838370436
0.671875000,-0.656250000,-0.574873233119,-0.273064785731
0.687500000,-0.656250000,-0.569686682852,-0.270601174355
0.703125000,-0.656250000,-0.554019413240,-0.263159221289
0.718750000,-0.656250000,-0.527340551074,-0.250486761760
0.734375000,-0.656250000,-0.489222619080,-0.232380744063
0.750000000,-0.656250000,,
0.765625000,-0.656250000,,
0.781250000,-0.656250000,,
0.796875000,-0.656250000,,
0.812500000,-0.656250000,,
0.828125000,-0.656250000,,
0.843750000,-0.656250000,,
0.859375000,-0.656250000,,
0.875000000,-0.656250000,,
0.890625000,-0.656250000,,
0.906250000,-0.656250000,,
0.921875000,-0.656250000,,
0.937500000,-0.656250000,,
0.953125000,-0.656250000,,
0.968750000,-0.656250000,,
0.984375000,-0.656250000,,
1.000000000,-0.656250000,,
-1.000000000,-0.640625000,,
-0.984375000,-0.640625000,,
-0.968750000,-0.640625000,,
-0.953125000,-0.640625000,,
-0.937500000,-0.640625000,,
-0.921875000,-0.640625000,,
-0.906250000,-0.640625000,,
-0.890625000,-0.640625000,,
-0.875000000,-0.640625000,,
-0.859375000,-0.640625000,,
-0.843750000,-0.640625000,,
-0.828125000,-0.640625000,,
-0.812500000,-0.640625000,,
-0.796875000,-0.640625000,,
-0.781250000,-0.640625000,,
-0.765625000,-0.640625000,,
-0.750000000,-0.640625000,,
-0.734375000,-0.640625000,-0.501864840520,-0.238385799247
-0.718750000,-0.640625000,-0.540191915549,-0.256591159886
-0.703125000,-0.640625000,-0.566483562655,-0.269079692261
-0.687500000,-0.640625000,-0.581297268169,-0.276116202380
-0.671875000,-0.640625000,-0.585273870843,-0.278005088650
-0.656250000,-0.640625000,-0.579113051313,-0.275078699374
-0.640625000,-0.640625000,-0.563553112245,-0.267687728316
-0.625000000,-0.640625000,-0.539354381841,-0.256193331375
-0.609375000,-0.640625000,-0.507285678398,-0.240960697239
-0.593750000,-0.640625000,-0.468113356411,-0.222353844295
-0.578125000,-0.640625000,-0.422592532462,-0.200731452919
-0.562500000,-0.640625000,-0.371460146785,-0.176443569723
-0.546875000,-0.640625000,-0.315429571571,-0.149829046496
-0.531250000,-0.640625000,-0.255186517326,-0.121213595730
-0.515625000,-0.640625000,-0.191386028462,-0.0909083635195
-0.500000000,-0.640625000,-0.124650389190,-0.0592089348653
-0.484375000,-0.640625000,-0.0555677876858,-0.0263946991508
-0.468750000,-0.640625000,0.0153083909765,0.00727148571385
-0.453125000,-0.640625000,0.0874597533111,0.0415433828228
-0.437500000,-0.640625000,0.160402661679,0.0761912642977
-0.421875000,-0.640625000,0.233687653378,0.111001635354
-0.406250000,-0.640625000,0.306898584349,0.145776827566
-0.390625000,-0.640625000,0.379651553798,0.180334488054
-0.375000000,-0.640625000,0.451593660608,0.214506988789
-0.359375000,-0.640625000,0.522401632607,0.248140775488
-0.343750000,-0.640625000,0.591780365078,0.281095673412
-0.328125000,-0.640625000,0.659461398598,0.313244164334
-0.312500000,-0.640625000,0.725201361515,0.344470646720
-0.296875000,-0.640625000,0.788780399788,0.374670689899
-0.281250000,-0.640625000,0.850000611525,0.403750290474
-0.265625000,-0.640625000,0.908684502888,0.431625138872
-0.250000000,-0.640625000,0.964673477315,0.458219901725
-0.234375000,-0.640625000,1.01782636985,0.483467525680
-0.218750000,-0.640625000,1.06801803532,0.507308566779
-0.203125000,-0.640625000,1.11513799847,0.529690549276
-0.187500000,-0.640625000,1.15908917176,0.550567356585
-0.171875000,-0.640625000,1.19978664734,0.569898657485
-0.156250000,-0.640625000,1.23715656562,0.587649368671
-0.140625000,-0.640625000,1.27113506585,0.603789156278
-0.125000000,-0.640625000,1.30166732153,0.618291977728
-0.109375000,-0.640625000,1.32870666082,0.631135663888
-0.093750000,-0.640625000,1.35221377721,0.642301544175
-0.078125000,-0.640625000,1.37215602923,0.651774113884
-0.062500000,-0.640625000,1.38850683203,0.659540745216
-0.046875000,-0.640625000,1.40124514054,0.665591441756
-0.031250000,-0.640625000,1.41045705906,0.669967103053
-0.015625000,-0.640625000,1.41588885752,0.672547207322
0.000000000,-0.640625000,1.41770020107,0.673407595508
0.015625000,-0.640625000,1.41588885752,0.672547207322
0.031250000,-0.640625000,1.41045705906,0.669967103053
0.046875000,-0.640625000,1.40124514054,0.665591441756
0.062500000,-0.640625000,1.38850683203,0.659540745216
0.078125000,-0.640625000,1.37215602923,0.651774113884
0.093750000,-0.640625000,1.35221377721,0.642301544175
0.109375000,-0.640625000,1.32870666082,0.631135663888
0.125000000,-0.640625000,1.30166732153,0.618291977728
0.140625000,-0.640625000,1.27113506585,0.603789156278
0.156250000,-0.640625000,1.23715656562,0.587649368671
0.171875000,-0.640625000,1.19978664734,0.569898657485
0.187500000,-0.640625000,1.15908917176,0.550567356585
0.203125000,-0.640625000,1.11513799847,0.529690549276
0.218750000,-0.640625000,1.06801803532,0.507308566779
0.234375000,-0.640625000,1.01782636985,0.483467525680
0.250000000,-0.640625000,0.964673477315,0.458219901725
0.265625000,-0.640625000,0.908684502888,0.431625138872
0.281250000,-0.640625000,0.850000611525,0.403750290474
0.296875000,-0.640625000,0.788780399788,0.374670689899
0.312500000,-0.640625000,0.725201361515,0.344470646720
0.328125000,-0.640625000,0.659461398598,0.313244164334
0.343750000,-0.640625000,0.591780365078,0.281095673412
0.359375000,-0.640625000,0.522401632607,0.248140775488
0.375000000,-0.640625000,0.451593660608,0.214506988789
0.390625000,-0.640625000,0.379651553798,0.180334488054
0.406250000,-0.640625000,0.306898584349,0.145776827566
0.421875000,-0.640625000,0.233687653378,0.111001635354
0.437500000,-0.640625000,0.160402661679,0.0761912642977
0.453125000,-0.640625000,0.0874597533111,0.0415433828228
0.468750000,-0.640625000,0.0153083909765,0.00727148571385
0.484375000,-0.640625000,-0.0555677876858,-0.0263946991508
0.500000000,-0.640625000,-0.124650389190,-0.0592089348653
0.515625000,-0.640625000,-0.191386028462,-0.0909083635195
0.531250000,-0.640625000,-0.255186517326,-0.121213595730
0.546875000,-0.640625000,-0.315429571571,-0.149829046496
0.562500000,-0.640625000,-0.371460146785,-0.176443569723
0.578125000,-0.640625000,-0.422592532462,-0.200731452919
0.593750000,-0.640625000,-0.468113356411,-0.222353844295
0.609375000,-0.640625000,-0.507285678398,-0.240960697239
0.625000000,-0.640625000,-0.539354381841,-0.256193331375
0.640625000,-0.640625000,-0.563553112245,-0.267687728316
0.656250000,-0.640625000,-0.579113051313,-0.275078699374
0.671875000,-0.640625000,-0.585273870843,-0.278005088650
0.687500000,-0.640625000,-0.581297268169,-0.276116202380
0.703125000,-0.640625000,-0.566483562655,-0.269079692261
0.718750000,-0.640625000,-0.540191915549,-0.256591159886
0.734375000,-0.640625000,-0.501864840520,-0.238385799247
0.750000000,-0.640625000,,
0.765625000,-0.640625000,,
0.781250000,-0.640625000,,
0.796875000,-0.640625000,,
0.812500000,-0.640625000,,
0.828125000,-0.640625000,,
0.843750000,-0.640625000,,
0.859375000,-0.640625000,,
0.875000000,-0.640625000,,
0.890625000,-0.640625000,,
0.906250000,-0.640625000,,
0.921875000,-0.640625000,,
0.937500000,-0.640625000,,
0.953125000,-0.640625000,,
0.968750000,-0.640625000,,
0.984375000,-0.640625000,,
1.000000000,-0.640625000,,
-1.000000000,-0.625000000,,
-0.984375000,-0.625000000,,
-0.968750000,-0.625000000,,
-0.953125000,-0.625000000,,
-0.937500000,-0.625000000,,
-0.921875000,-0.625000000,,
-0.906250000,-0.625000000,,
-0.890625000,-0.625000000,,
-0.875000000,-0.625000000,,
-0.859375000,-0.625000000,,
-0.843750000,-0.625000000,,
-0.828125000,-0.625000000,,
-0.812500000,-0.625000000,,
-0.796875000,-0.625000000,,
-0.781250000,-0.625000000,,
-0.765625000,-0.625000000,,
-0.750000000,-0.625000000,-0.470679514724,-0.223572769494
-0.734375000,-0.625000000,-0.521682518480,-0.247799196278
-0.718750000,-0.625000000,-0.559581674837,-0.265801295547
-0.703125000,-0.625000000,-0.584957450882,-0.277854789169
-0.687500000,-0.625000000,-0.598482304271,-0.284279094529
-0.671875000,-0.625000000,-0.600894005411,-0.285424652570
-0.656250000,-0.625000000,-0.592973631051,-0.281662474749
-0.640625000,-0.625000000,-0.575527498051,-0.273375561574
-0.625000000,-0.625000000,-0.549372422266,-0.260951900576
-0.609375000,-0.625000000,-0.515323782697,-0.244778796781
-0.593750000,-0.625000000,-0.474185949315,-0.225238325925
-0.578125000,-0.625000000,-0.426744703875,-0.202703734341
-0.562500000,-0.625000000,-0.373761336276,-0.177536634731
-0.546875000,-0.625000000,-0.315968148530,-0.150084870552
-0.531250000,-0.625000000,-0.254065139271,-0.120680941154
-0.515625000,-0.625000000,-0.188717674742,-0.0896408955026
-0.500000000,-0.625000000,-0.120554981372,-0.0572636161517
-0.484375000,-0.625000000,-0.0501693203107,-0.0238304271476
-0.468750000,-0.625000000,0.0218842752437,0.0103950307408
-0.453125000,-0.625000000,0.0950878017970,0.0451667058536
-0.437500000,-0.625000000,0.168959712318,0.0802558633510
-0.421875000,-0.625000000,0.243054042066,0.115450669981
-0.406250000,-0.625000000,0.316959295342,0.150555665287
-0.390625000,-0.625000000,0.390297147326,0.185391144980
-0.375000000,-0.625000000,0.462721004392,0.219792477086
-0.359375000,-0.625000000,0.533914464087,0.253609370441
-0.343750000,-0.625000000,0.603589704768,0.286705109765
-0.328125000,-0.625000000,0.671485833296,0.318955770815
-0.312500000,-0.625000000,0.737367215376,0.350249427303
-0.296875000,-0.625000000,0.801021805791,0.380485357751
-0.281250000,-0.625000000,0.862259497711,0.409573261413
-0.265625000,-0.625000000,0.920910502804,0.437432488832
-0.250000000,-0.625000000,0.976823775999,0.463991293599
-0.234375000,-0.625000000,1.02986549214,0.489186108767
-0.218750000,-0.625000000,1.07991758549,0.512960853105
-0.203125000,-0.625000000,1.12687635638,0.535266269282
-0.187500000,-0.625000000,1.17065115228,0.556059297332
-0.171875000,-0.625000000,1.21116312687,0.575302485263
-0.156250000,-0.625000000,1.24834408150,0.592963438711
-0.140625000,-0.625000000,1.28213539178,0.609014311098
-0.125000000,-0.625000000,1.31248702164,0.623431335277
-0.109375000,-0.625000000,1.33935662730,0.636194397969
-0.093750000,-0.625000000,1.36270875236,0.647286657370
-0.078125000,-0.625000000,1.38251411536,0.656694204795
-0.062500000,-0.625000000,1.39874899059,0.664405770532
-0.046875000,-0.625000000,1.41150706584,0.670465856273
-0.031250000,-0.625000000,1.42048971340,0.674732613867
-0.015625000,-0.625000000,1.42588326163,0.677294549273
0.000000000,-0.625000000,1.42768176618,0.678148838935
0.015625000,-0.625000000,1.42588326163,0.677294549273
0.031250000,-0.625000000,1.42048971340,0.674732613867
0.046875000,-0.625000000,1.41150706584,0.670465856273
0.062500000,-0.625000000,1.39874899059,0.664405770532
0.078125000,-0.625000000,1.38251411536,0.656694204795
0.093750000,-0.625000000,1.36270875236,0.647286657370
0.109375000,-0.625000000,1.33935662730,0.636194397969
0.125000000,-0.625000000,1.31248702164,0.623431335277
0.140625000,-0.625000000,1.28213539178,0.609014311098
0.156250000,-0.625000000,1.24834408150,0.592963438711
0.171875000,-0.625000000,1.21116312687,0.575302485263
0.187500000,-0.625000000,1.17065115228,0.556059297332
0.203125000,-0.625000000,1.12687635638,0.535266269282
0.218750000,-0.625000000,1.07991758549,0.512960853105
0.234375000,-0.625000000,1.02986549214,0.489186108767
0.250000000,-0.625000000,0.976823775999,0.463991293599
0.265625000,-0.625000000,0.920910502804,0.437432488832
0.281250000,-0.625000000,0.862259497711,0.409573261413
0.296875000,-0.625000000,0.801021805791,0.380485357751
0.312500000,-0.625000000,0.737367215376,0.350249427303
0.328125000,-0.625000000,0.671485833296,0.318955770815
0.343750000,-0.625000000,0.603589704768,0.286705109765
0.359375000,-0.625000000,0.533914464087,0.253609370441
0.375000000,-0.625000000,0.462721004392,0.219792477086
0.390625000,-0.625000000,0.390297147326,0.185391144980
0.406250000,-0.625000000,0.316959295342,0.150555665287
0.421875000,-0.625000000,0.243054042066,0.115450669981
0.437500000,-0.625000000,0.168959712318,0.0802558633510
0.453125000,-0.625000000,0.0950878017970,0.0451667058536
0.468750000,-0.625000000,0.0218842752437,0.0103950307408
0.484375000,-0.625000000,-0.0501693203107,-0.0238304271476
0.500000000,-0.625000000,-0.120554981372,-0.0572636161517
0.515625000,-0.625000000,-0.188717674742,-0.0896408955026
0.531250000,-0.625000000,-0.254065139271,-0.120680941154
0.546875000,-0.625000000,-0.315968148530,-0.150084870552
0.562500000,-0.625000000,-0.373761336276,-0.177536634731
0.578125000,-0.625000000,-0.426744703875,-0.202703734341
0.593750000,-0.625000000,-0.474185949315,-0.225238325925
0.609375000,-0.625000000,-0.515323782697,-0.244778796781
0.625000000,-0.625000000,-0.549372422266,-0.260951900576
0.640625000,-0.625000000,-0.575527498051,-0.273375561574
0.656250000,-0.625000000,-0.592973631051,-0.281662474749
0.671875000,-0.625000000,-0.600894005411,-0.285424652570
0.687500000,-0.625000000,-0.598482304271,-0.284279094529
0.703125000,-0.625000000,-0.584957450882,-0.277854789169
0.718750000,-0.625000000,-0.559581674837,-0.265801295547
0.734375000,-0.625000000,-0.521682518480,-0.247799196278
0.750000000,-0.625000000,-0.470679514724,-0.223572769494
0.765625000,-0.625000000,,
0.781250000,-0.625000000,,
0.796875000,-0.625000000,,
0.812500000,-0.625000000,,
0.828125000,-0.625000000,,
0.843750000,-0.625000000,,
0.859375000,-0.625000000,,
0.875000000,-0.625000000,,
0.890625000,-0.625000000,,
0.906250000,-0.625000000,,
0.921875000,-0.625000000,,
0.937500000,-0.625000000,,
0.953125000,-0.625000000,,
0.968750000,-0.625000000,,
0.984375000,-0.625000000,,
1.000000000,-0.625000000,,
-1.000000000,-0.609375000,,
-0.984375000,-0.609375000,,
-0.968750000,-0.609375000,,
-0.953125000,-0.609375000,,
-0.937500000,-0.609375000,,
-0.921875000,-0.609375000,,
-0.906250000,-0.609375000,,
-0.890625000,-0.609375000,,
-0.875000000,-0.609375000,,
-0.859375000,-0.609375000,,
-0.843750000,-0.609375000,,
-0.828125000,-0.609375000,,
-0.812500000,-0.609375000,,
-0.796875000,-0.609375000,,
-0.781250000,-0.609375000,,
-0.765625000,-0.609375000,-0.432244876730,-0.205316316447
-0.750000000,-0.609375000,-0.497023439848,-0.236086133928
-0.734375000,-0.609375000,-0.547584866107,-0.260102811401
-0.718750000,-0.609375000,-0.584528010527,-0.277650805001
-0.703125000,-0.609375000,-0.608553963590,-0.289063132705
-0.687500000,-0.609375000,-0.620436905016,-0.294707529883
-0.671875000,-0.609375000,-0.621000060357,-0.294975028670
-0.656250000,-0.609375000,-0.611095955208,-0.290270578724
-0.640625000,-0.609375000,-0.591590296392,-0.281005390786
-0.625000000,-0.609375000,-0.563348907468,-0.267590731047
-0.609375000,-0.609375000,-0.527227239705,-0.250432938860
-0.593750000,-0.609375000,-0.484062050559,-0.229929474016
-0.578125000,-0.609375000,-0.434664905212,-0.206465829975
-0.562500000,-0.609375000,-0.379817209919,-0.180413174711
-0.546875000,-0.609375000,-0.320266527416,-0.152126600523
-0.531250000,-0.609375000,-0.256723966039,-0.121943883869
-0.515625000,-0.609375000,-0.189862462069,-0.0901846694827
-0.500000000,-0.609375000,-0.120315804488,-0.0571500071318
-0.484375000,-0.609375000,-0.0486782717927,-0.0231221791015
-0.468750000,-0.609375000,0.0244952282570,0.0116352334221
-0.453125000,-0.609375000,0.0986886095271,0.0468770895254
-0.437500000,-0.609375000,0.173423728970,0.0823762712609
-0.421875000,-0.609375000,0.248259246206,0.117923141948
-0.406250000,-0.609375000,0.322789278263,0.153324907175
-0.390625000,-0.609375000,0.396641898323,0.188404901703
-0.375000000,-0.609375000,0.469477520482,0.223001822229
-0.359375000,-0.609375000,0.540987204302,0.256968922043
-0.343750000,-0.609375000,0.610890911269,0.290173182853
-0.328125000,-0.609375000,0.678935734548,0.322494473910
-0.312500000,-0.609375000,0.744894127321,0.353824710477
-0.296875000,-0.609375000,0.808562143888,0.384067018347
-0.281250000,-0.609375000,0.869757711242,0.413134912840
-0.265625000,-0.609375000,0.928318941866,0.440951497386
-0.250000000,-0.609375000,0.984102499077,0.467448687061
-0.234375000,-0.609375000,1.03698202301,0.492566460931
-0.218750000,-0.609375000,1.08684662572,0.516252147218
-0.203125000,-0.609375000,1.13359945863,0.538459742849
-0.187500000,-0.609375000,1.17715636110,0.559149271525
-0.171875000,-0.609375000,1.21744459002,0.578286180262
-0.156250000,-0.609375000,1.25440163663,0.595840777401
-0.140625000,-0.609375000,1.28797413163,0.611787712522
-0.125000000,-0.609375000,1.31811684093,0.626105499440
-0.109375000,-0.609375000,1.34479175411,0.638776083203
-0.093750000,-0.609375000,1.36796726609,0.649784451393
-0.078125000,-0.609375000,1.38761745379,0.659118290550
-0.062500000,-0.609375000,1.40372144775,0.666767687682
-0.046875000,-0.609375000,1.41636826651,0.672774926593
-0.031250000,-0.609375000,1.42527937287,0.677007702113
-0.015625000,-0.609375000,1.43062946518,0.679548995962
0.000000000,-0.609375000,1.43241339589,0.680396363046
0.015625000,-0.609375000,1.43062946518,0.679548995962
0.031250000,-0.609375000,1.42527937287,0.677007702113
0.046875000,-0.609375000,1.41636826651,0.672774926593
0.062500000,-0.609375000,1.40372144775,0.666767687682
0.078125000,-0.609375000,1.38761745379,0.659118290550
0.093750000,-0.609375000,1.36796726609,0.649784451393
0.109375000,-0.609375000,1.34479175411,0.638776083203
0.125000000,-0.609375000,1.31811684093,0.626105499440
0.140625000,-0.609375000,1.28797413163,0.611787712522
0.156250000,-0.609375000,1.25440163663,0.595840777401
0.171875000,-0.609375000,1.21744459002,0.578286180262
0.187500000,-0.609375000,1.17715636110,0.559149271525
0.203125000,-0.609375000,1.13359945863,0.538459742849
0.218750000,-0.609375000,1.08684662572,0.516252147218
0.234375000,-0.609375000,1.03698202301,0.492566460931
0.250000000,-0.609375000,0.984102499077,0.467448687061
0.265625000,-0.609375000,0.928318941866,0.440951497386
0.281250000,-0.609375000,0.869757711242,0.413134912840
0.296875000,-0.609375000,0.808562143888,0.384067018347
0.312500000,-0.609375000,0.744894127321,0.353824710477
0.328125000,-0.609375000,0.678935734548,0.322494473910
0.343750000,-0.609375000,0.610890911269,0.290173182853
0.359375000,-0.609375000,0.540987204302,0.256968922043
0.375000000,-0.609375000,0.469477520482,0.223001822229
0.390625000,-0.609375000,0.396641898323,0.188404901703
0.406250000,-0.609375000,0.322789278263,0.153324907175
0.421875000,-0.609375000,0.248259246206,0.117923141948
0.437500000,-0.609375000,0.173423728970,0.0823762712609
0.453125000,-0.609375000,0.0986886095271,0.0468770895254
0.468750000,-0.609375000,0.0244952282570,0.0116352334221
0.484375000,-0.609375000,-0.0486782717927,-0.0231221791015
0.500000000,-0.609375000,-0.120315804488,-0.0571500071318
0.515625000,-0.609375000,-0.189862462069,-0.0901846694827
0.531250000,-0.609375000,-0.256723966039,-0.121943883869
0.546875000,-0.609375000,-0.320266527416,-0.152126600523
0.562500000,-0.609375000,-0.379817209919,-0.180413174711
0.578125000,-0.609375000,-0.434664905212,-0.206465829975
0.593750000,-0.609375000,-0.484062050559,-0.229929474016
0.609375000,-0.609375000,-0.527227239705,-0.250432938860
0.625000000,-0.609375000,-0.563348907468,-0.267590731047
0.640625000,-0.609375000,-0.591590296392,-0.281005390786
0.656250000,-0.609375000,-0.611095955208,-0.290270578724
0.671875000,-0.609375000,-0.621000060357,-0.294975028670
0.687500000,-0.609375000,-0.620436905016,-0.294707529883
0.703125000,-0.609375000,-0.608553963590,-0.289063132705
0.718750000,-0.609375000,-0.584528010527,-0.277650805001
0.734375000,-0.609375000,-0.547584866107,-0.260102811401
0.750000000,-0.609375000,-0.497023439848,-0.236086133928
0.765625000,-0.609375000,-0.432244876730,-0.205316316447
0.781250000,-0.609375000,,
0.796875000,-0.609375000,,
0.812500000,-0.609375000,,
0.828125000,-0.609375000,,
0.843750000,-0.609375000,,
0.859375000,-0.609375000,,
0.875000000,-0.609375000,,
0.890625000,-0.609375000,,
0.906250000,-0.609375000,,
0.921875000,-0.609375000,,
0.937500000,-0.609375000,,
0.953125000,-0.609375000,,
0.968750000,-0.609375000,,
0.984375000,-0.609375000,,
1.000000000,-0.609375000,,
-1.000000000,-0.593750000,,
-0.984375000,-0.593750000,,
-0.968750000,-0.593750000,,
-0.953125000,-0.593750000,,
-0.937500000,-0.593750000,,
-0.921875000,-0.593750000,,
-0.906250000,-0.593750000,,
-0.890625000,-0.593750000,,
-0.875000000,-0.593750000,,
-0.859375000,-0.593750000,,
-0.843750000,-0.593750000,,
-0.828125000,-0.593750000,,
-0.812500000,-0.593750000,,
-0.796875000,-0.593750000,,
-0.781250000,-0.593750000,-0.384929409168,-0.182841469355
-0.765625000,-0.593750000,-0.464657735715,-0.220712424464
-0.750000000,-0.593750000,-0.529011270196,-0.251280353343
-0.734375000,-0.593750000,-0.578601498458,-0.274835711768
-0.718750000,-0.593750000,-0.614154244341,-0.291723266062
-0.703125000,-0.593750000,-0.636477711744,-0.302326913078
-0.687500000,-0.593750000,-0.646436115471,-0.307057154849
-0.671875000,-0.593750000,-0.644928018958,-0.306340809005
-0.656250000,-0.593750000,-0.632868636497,-0.300612602336
-0.640625000,-0.593750000,-0.611175476370,-0.290308351276
-0.625000000,-0.593750000,-0.580756795547,-0.275859477885
-0.609375000,-0.593750000,-0.542502422397,-0.257688650639
-0.593750000,-0.593750000,-0.497276567836,-0.236206369722
-0.578125000,-0.593750000,-0.445912308452,-0.211808346515
-0.562500000,-0.593750000,-0.389207468581,-0.184873547576
-0.546875000,-0.593750000,-0.327921672353,-0.155762794368
-0.531250000,-0.593750000,-0.262774372648,-0.124817827008
-0.515625000,-0.593750000,-0.194443688214,-0.0923607519014
-0.500000000,-0.593750000,-0.123565911200,-0.0586938078199
-0.484375000,-0.593750000,-0.0507355643632,-0.0240993930725
-0.468750000,-0.593750000,0.0234940942207,0.0111596947549
-0.453125000,-0.593750000,0.0986102034926,0.0468398466590
-0.437500000,-0.593750000,0.174139143537,0.0827160931803
-0.421875000,-0.593750000,0.249645153444,0.118581447886
-0.406250000,-0.593750000,0.324728774963,0.154246168108
-0.390625000,-0.593750000,0.399025168165,0.189536954879
-0.375000000,-0.593750000,0.472202335179,0.224296109210
-0.359375000,-0.593750000,0.543959286094,0.258380660895
-0.343750000,-0.593750000,0.614024172112,0.291661481753
-0.328125000,-0.593750000,0.682152410355,0.324022394919
-0.312500000,-0.593750000,0.748124818846,0.355359288952
-0.296875000,-0.593750000,0.811745777456,0.385579244292
-0.281250000,-0.593750000,0.872841428847,0.414599678702
-0.265625000,-0.593750000,0.931257930513,0.442347516994
-0.250000000,-0.593750000,0.986859766634,0.468758389151
-0.234375000,-0.593750000,1.03952812879,0.493775861173
-0.218750000,-0.593750000,1.08915936947,0.517350700498
-0.203125000,-0.593750000,1.13566353655,0.539440179862
-0.187500000,-0.593750000,1.17896299075,0.560007420605
-0.171875000,-0.593750000,1.21899110979,0.579020777152
-0.156250000,-0.593750000,1.25569108272,0.596453264291
-0.140625000,-0.593750000,1.28901479624,0.612282028212
-0.125000000,-0.593750000,1.31892181356,0.626487861442
-0.109375000,-0.593750000,1.34537844918,0.639054763362
-0.093750000,-0.593750000,1.36835693934,0.649969546188
-0.078125000,-0.593750000,1.38783470775,0.659221486180
-0.062500000,-0.593750000,1.40379372997,0.666802021737
-0.046875000,-0.593750000,1.41621999417,0.672704497229
-0.031250000,-0.593750000,1.42518802978,0.676964314148
-0.015625000,-0.593750000,1.43048977370,0.679482642510
0.000000000,-0.593750000,1.43225750016,0.680322312577
0.015625000,-0.593750000,1.43048977370,0.679482642510
0.031250000,-0.593750000,1.42518802978,0.676964314148
0.046875000,-0.593750000,1.41621999417,0.672704497229
0.062500000,-0.593750000,1.40379372997,0.666802021737
0.078125000,-0.593750000,1.38783470775,0.659221486180
0.093750000,-0.593750000,1.36835693934,0.649969546188
0.109375000,-0.593750000,1.34537844918,0.639054763362
0.125000000,-0.593750000,1.31892181356,0.626487861442
0.140625000,-0.593750000,1.28901479624,0.612282028212
0.156250000,-0.593750000,1.25569108272,0.596453264291
0.171875000,-0.593750000,1.21899110979,0.579020777152
0.187500000,-0.593750000,1.17896299075,0.560007420605
0.203125000,-0.593750000,1.13566353655,0.539440179862
0.218750000,-0.593750000,1.08915936947,0.517350700498
0.234375000,-0.593750000,1.03952812879,0.493775861173
0.250000000,-0.593750000,0.986859766634,0.468758389151
0.265625000,-0.593750000,0.931257930513,0.442347516994
0.281250000,-0.593750000,0.872841428847,0.414599678702
0.296875000,-0.593750000,0.811745777456,0.385579244292
0.312500000,-0.593750000,0.748124818846,0.355359288952
0.328125000,-0.593750000,0.682152410355,0.324022394919
0.343750000,-0.593750000,0.614024172112,0.291661481753
0.359375000,-0.593750000,0.543959286094,0.258380660895
0.375000000,-0.593750000,0.472202335179,0.224296109210
0.390625000,-0.593750000,0.399025168165,0.189536954879
0.406250000,-0.593750000,0.324728774963,0.154246168108
0.421875000,-0.593750000,0.249645153444,0.118581447886
0.437500000,-0.593750000,0.174139143537,0.0827160931803
0.453125000,-0.593750000,0.0986102034926,0.0468398466590
0.468750000,-0.593750000,0.0234940942207,0.0111596947549
0.484375000,-0.593750000,-0.0507355643632,-0.0240993930725
0.500000000,-0.593750000,-0.123565911200,-0.0586938078199
0.515625000,-0.593750000,-0.194443688214,-0.0923607519014
0.531250000,-0.593750000,-0.262774372648,-0.124817827008
0.546875000,-0.593750000,-0.327921672353,-0.155762794368
0.562500000,-0.593750000,-0.389207468581,-0.184873547576
0.578125000,-0.593750000,-0.445912308452,-0.211808346515
0.593750000,-0.593750000,-0.497276567836,-0.236206369722
0.609375000,-0.593750000,-0.542502422397,-0.257688650639
0.625000000,-0.593750000,-0.580756795547,-0.275859477885
0.640625000,-0.593750000,-0.611175476370,-0.290308351276
0.656250000,-0.593750000,-0.632868636497,-0.300612602336
0.671875000,-0.593750000,-0.644928018958,-0.306340809005
0.687500000,-0.593750000,-0.646436115471,-0.307057154849
0.703125000,-0.593750000,-0.636477711744,-0.302326913078
0.718750000,-0.593750000,-0.614154244341,-0.291723266062
0.734375000,-0.593750000,-0.578601498458,-0.274835711768
0.750000000,-0.593750000,-0.529011270196,-0.251280353343
0.765625000,-0.593750000,-0.464657735715,-0.220712424464
0.781250000,-0.593750000,-0.384929409168,-0.182841469355
0.796875000,-0.593750000,,
0.812500000,-0.593750000,,
0.828125000,-0.593750000,,
0.843750000,-0.593750000,,
0.859375000,-0.593750000,,
0.875000000,-0.593750000,,
0.890625000,-0.593750000,,
0.906250000,-0.593750000,,
0.921875000,-0.593750000,,
0.937500000,-0.593750000,,
0.953125000,-0.593750000,,
0.968750000,-0.593750000,,
0.984375000,-0.593750000,,
1.000000000,-0.593750000,,
-1.000000000,-0.578125000,,
-0.984375000,-0.578125000,,
-0.968750000,-0.578125000,,
-0.953125000,-0.578125000,,
-0.937500000,-0.578125000,,
-0.921875000,-0.578125000,,
-0.906250000,-0.578125000,,
-0.890625000,-0.578125000,,
-0.875000000,-0.578125000,,
-0.859375000,-0.578125000,,
-0.843750000,-0.578125000,,
-0.828125000,-0.578125000,,
-0.812500000,-0.578125000,,
-0.796875000,-0.578125000,-0.327003531692,-0.155326677554
-0.781250000,-0.578125000,-0.422932627938,-0.200892998271
-0.765625000,-0.578125000,-0.502286400119,-0.238586040057
-0.750000000,-0.578125000,-0.565681800070,-0.268698855033
-0.734375000,-0.578125000,-0.613864374741,-0.291585578002
-0.718750000,-0.578125000,-0.647673099142,-0.307644722092
-0.703125000,-0.578125000,-0.668011352281,-0.317305392333
-0.687500000,-0.578125000,-0.675823062580,-0.321015954725
-0.671875000,-0.578125000,-0.672073204659,-0.319234772213
-0.656250000,-0.578125000,-0.657731958886,-0.312422680471
-0.640625000,-0.578125000,-0.633761952420,-0.301036927399
-0.625000000,-0.578125000,-0.601108094163,-0.285526344727
-0.609375000,-0.578125000,-0.560689587036,-0.266327553842
-0.593750000,-0.578125000,-0.513393769681,-0.243862040599
-0.578125000,-0.578125000,-0.460071490070,-0.218533957783
-0.562500000,-0.578125000,-0.401533759695,-0.190728535855
-0.546875000,-0.578125000,-0.338549476330,-0.160811001257
-0.531250000,-0.578125000,-0.271844032736,-0.129125915550
-0.515625000,-0.578125000,-0.202098660342,-0.0959968636624
-0.500000000,-0.578125000,-0.129950375215,-0.0617264282271
-0.484375000,-0.578125000,-0.0559924173475,-0.0265963982401
-0.468750000,-0.578125000,0.0192249116842,0.00913183305001
-0.453125000,-0.578125000,0.0951930915779,0.0452167184995
-0.437500000,-0.578125000,0.171443975394,0.0814358883121
-0.421875000,-0.578125000,0.247548186940,0.117585388796
-0.406250000,-0.578125000,0.323113373085,0.153478852215
-0.390625000,-0.578125000,0.397782352387,0.188946617384
-0.375000000,-0.578125000,0.471231192783,0.223834816572
-0.359375000,-0.578125000,0.543167250629,0.258004444049
-0.343750000,-0.578125000,0.613327193382,0.291330416856
-0.328125000,-0.578125000,0.681475027816,0.323700638213
-0.312500000,-0.578125000,0.747400150890,0.355015071673
-0.296875000,-0.578125000,0.810915437540,0.385184832831
-0.281250000,-0.578125000,0.871855378516,0.414131304795
-0.265625000,-0.578125000,0.930074276445,0.441785281312
-0.250000000,-0.578125000,0.985444510157,0.468086142325
-0.234375000,-0.578125000,1.03785487318,0.492981064758
-0.218750000,-0.578125000,1.08720899197,0.516424271188
-0.203125000,-0.578125000,1.13342382851,0.538376318543
-0.187500000,-0.578125000,1.17642827086,0.558803428657
-0.171875000,-0.578125000,1.21616181440,0.577676861839
-0.156250000,-0.578125000,1.25257333569,0.594972334452
-0.140625000,-0.578125000,1.28561996203,0.610669481966
-0.125000000,-0.578125000,1.31526603569,0.624751366951
-0.109375000,-0.578125000,1.34148217620,0.637204033693
-0.093750000,-0.578125000,1.36424443984,0.648016108926
-0.078125000,-0.578125000,1.38353357786,0.657178449482
-0.062500000,-0.578125000,1.39933439211,0.664683836252
-0.046875000,-0.578125000,1.41163519112,0.670526715781
-0.031250000,-0.578125000,1.42042734396,0.674702988379
-0.015625000,-0.578125000,1.42570493318,0.677209843259
0.000000000,-0.578125000,1.42757657346,0.678098872393
0.015625000,-0.578125000,1.42570493318,0.677209843259
0.031250000,-0.578125000,1.42042734396,0.674702988379
0.046875000,-0.578125000,1.41163519112,0.670526715781
0.062500000,-0.578125000,1.39933439211,0.664683836252
0.078125000,-0.578125000,1.38353357786,0.657178449482
0.093750000,-0.578125000,1.36424443984,0.648016108926
0.109375000,-0.578125000,1.34148217620,0.637204033693
0.125000000,-0.578125000,1.31526603569,0.624751366951
0.140625000,-0.578125000,1.28561996203,0.610669481966
0.156250000,-0.578125000,1.25257333569,0.594972334452
0.171875000,-0.578125000,1.21616181440,0.577676861839
0.187500000,-0.578125000,1.17642827086,0.558803428657
0.203125000,-0.578125000,1.13342382851,0.538376318543
0.218750000,-0.578125000,1.08720899197,0.516424271188
0.234375000,-0.578125000,1.03785487318,0.492981064758
0.250000000,-0.578125000,0.985444510157,0.468086142325
0.265625000,-0.578125000,0.930074276445,0.441785281312
0.281250000,-0.578125000,0.871855378516,0.414131304795
0.296875000,-0.578125000,0.810915437540,0.385184832831
0.312500000,-0.578125000,0.747400150890,0.355015071673
0.328125000,-0.578125000,0.681475027816,0.323700638213
0.343750000,-0.578125000,0.613327193382,0.291330416856
0.359375000,-0.578125000,0.543167250629,0.258004444049
0.375000000,-0.578125000,0.471231192783,0.223834816572
0.390625000,-0.578125000,0.397782352387,0.188946617384
0.406250000,-0.578125000,0.323113373085,0.153478852215
0.421875000,-0.578125000,0.247548186940,0.117585388796
0.437500000,-0.578125000,0.171443975394,0.0814358883121
0.453125000,-0.578125000,0.0951930915779,0.0452167184995
0.468750000,-0.578125000,0.0192249116842,0.00913183305001
0.484375000,-0.578125000,-0.0559924173475,-0.0265963982401
0.500000000,-0.578125000,-0.129950375215,-0.0617264282271
0.515625000,-0.578125000,-0.202098660342,-0.0959968636624
0.531250000,-0.578125000,-0.271844032736,-0.129125915550
0.546875000,-0.578125000,-0.338549476330,-0.160811001257
0.562500000,-0.578125000,-0.401533759695,-0.190728535855
0.578125000,-0.578125000,-0.460071490070,-0.218533957783
0.593750000,-0.578125000,-0.513393769681,-0.243862040599
0.609375000,-0.578125000,-0.560689587036,-0.266327553842
0.625000000,-0.578125000,-0.601108094163,-0.285526344727
0.640625000,-0.578125000,-0.633761952420,-0.301036927399
0.656250000,-0.578125000,-0.657731958886,-0.312422680471
0.671875000,-0.578125000,-0.672073204659,-0.319234772213
0.687500000,-0.578125000,-0.675823062580,-0.321015954725
0.703125000,-0.578125000,-0.668011352281,-0.317305392333
0.718750000,-0.578125000,-0.647673099142,-0.307644722092
0.734375000,-0.578125000,-0.613864374741,-0.291585578002
0.750000000,-0.578125000,-0.565681800070,-0.268698855033
0.765625000,-0.578125000,-0.502286400119,-0.238586040057
0.781250000,-0.578125000,-0.422932627938,-0.200892998271
0.796875000,-0.578125000,-0.327003531692,-0.155326677554
0.812500000,-0.578125000,,
0.828125000,-0.578125000,,
0.843750000,-0.578125000,,
0.859375000,-0.578125000,,
0.875000000,-0.578125000,,
0.890625000,-0.578125000,,
0.906250000,-0.578125000,,
0.921875000,-0.578125000,,
0.937500000,-0.578125000,,
0.953125000,-0.578125000,,
0.968750000,-0.578125000,,
0.984375000,-0.578125000,,
1.000000000,-0.578125000,,
-1.000000000,-0.562500000,,
-0.984375000,-0.562500000,,
-0.968750000,-0.562500000,,
-0.953125000,-0.562500000,,
-0.937500000,-0.562500000,,
-0.921875000,-0.562500000,,
-0.906250000,-0.562500000,,
-0.890625000,-0.562500000,,
-0.875000000,-0.562500000,,
-0.859375000,-0.562500000,,
-0.843750000,-0.562500000,,
-0.828125000,-0.562500000,,
-0.812500000,-0.562500000,,
-0.796875000,-0.562500000,-0.370092768567,-0.175794065070
-0.781250000,-0.562500000,-0.465736000562,-0.221224600267
-0.765625000,-0.562500000,-0.544176767114,-0.258483964379
-0.750000000,-0.562500000,-0.606173981876,-0.287932641391
-0.734375000,-0.562500000,-0.652593077435,-0.309981711782
-0.718750000,-0.562500000,-0.684373946941,-0.325077624797
-0.703125000,-0.562500000,-0.702504581857,-0.333689676382
-0.687500000,-0.562500000,-0.707999500068,-0.336299762532
-0.671875000,-0.562500000,-0.701882203811,-0.333394046810
-0.656250000,-0.562500000,-0.685171025320,-0.325456237027
-0.640625000,-0.562500000,-0.658867823026,-0.312962215937
-0.625000000,-0.562500000,-0.623949069626,-0.296375808072
-0.609375000,-0.562500000,-0.581358948017,-0.276145500308
-0.593750000,-0.562500000,-0.532004130330,-0.252701961907
-0.578125000,-0.562500000,-0.476749962503,-0.226456232189
-0.562500000,-0.562500000,-0.416417822179,-0.197798465535
-0.546875000,-0.562500000,-0.351783451348,-0.167097139390
-0.531250000,-0.562500000,-0.283576095032,-0.134698645140
-0.515625000,-0.562500000,-0.212478305312,-0.100927195023
-0.500000000,-0.562500000,-0.139126287477,-0.0660849865517
-0.484375000,-0.562500000,-0.0641106878122,-0.0304525767108
-0.468750000,-0.562500000,0.0120222654790,0.00571057610255
-0.453125000,-0.562500000,0.0887693410803,0.0421654370131
-0.437500000,-0.562500000,0.165668666520,0.0786926165971
-0.421875000,-0.562500000,0.242297925164,0.115091514453
-0.406250000,-0.562500000,0.318272433824,0.151179406067
-0.390625000,-0.562500000,0.393243138622,0.186790490845
-0.375000000,-0.562500000,0.466894560781,0.221774916371
-0.359375000,-0.562500000,0.538942719359,0.255997791696
-0.343750000,-0.562500000,0.609133053310,0.289338200322
-0.328125000,-0.562500000,0.677238362154,0.321688222023
-0.312500000,-0.562500000,0.743056780240,0.352951970614
-0.296875000,-0.562500000,0.806409798483,0.383044654280
-0.281250000,-0.562500000,0.867140343935,0.411891663369
-0.265625000,-0.562500000,0.925110926077,0.439427689887
-0.250000000,-0.562500000,0.980201857763,0.465595882438
-0.234375000,-0.562500000,1.03230955571,0.490347038961
-0.218750000,-0.562500000,1.08134492610,0.513638839898
-0.203125000,-0.562500000,1.12723183944,0.535435123732
-0.187500000,-0.562500000,1.16990569635,0.555705205764
-0.171875000,-0.562500000,1.20931208801,0.574423241807
-0.156250000,-0.562500000,1.24540555251,0.591567637443
-0.140625000,-0.562500000,1.27814842826,0.607120503425
-0.125000000,-0.562500000,1.30750980608,0.621067157887
-0.109375000,-0.562500000,1.33346457974,0.633395675378
-0.093750000,-0.562500000,1.35599259634,0.644096483263
-0.078125000,-0.562500000,1.37507790658,0.653162005625
-0.062500000,-0.562500000,1.39070811463,0.660586354449
-0.046875000,-0.562500000,1.40287382808,0.666365068336
-0.031250000,-0.562500000,1.41156820837,0.670494898974
-0.015625000,-0.562500000,1.41678662053,0.672973644753
0.000000000,-0.562500000,1.41852638363,0.673800032226
0.015625000,-0.562500000,1.41678662053,0.672973644753
0.031250000,-0.562500000,1.41156820837,0.670494898974
0.046875000,-0.562500000,1.40287382808,0.666365068336
0.062500000,-0.562500000,1.39070811463,0.660586354449
0.078125000,-0.562500000,1.37507790658,0.653162005625
0.093750000,-0.562500000,1.35599259634,0.644096483263
0.109375000,-0.562500000,1.33346457974,0.633395675378
0.125000000,-0.562500000,1.30750980608,0.621067157887
0.140625000,-0.562500000,1.27814842826,0.607120503425
0.156250000,-0.562500000,1.24540555251,0.591567637443
0.171875000,-0.562500000,1.20931208801,0.574423241807
0.187500000,-0.562500000,1.16990569635,0.555705205764
0.203125000,-0.562500000,1.12723183944,0.535435123732
0.218750000,-0.562500000,1.08134492610,0.513638839898
0.234375000,-0.562500000,1.03230955571,0.490347038961
0.250000000,-0.562500000,0.980201857763,0.465595882438
0.265625000,-0.562500000,0.925110926077,0.439427689887
0.281250000,-0.562500000,0.867140343935,0.411891663369
0.296875000,-0.562500000,0.806409798483,0.383044654280
0.312500000,-0.562500000,0.743056780240,0.352951970614
0.328125000,-0.562500000,0.677238362154,0.321688222023
0.343750000,-0.562500000,0.609133053310,0.289338200322
0.359375000,-0.562500000,0.538942719359,0.255997791696
0.375000000,-0.562500000,0.466894560781,0.221774916371
0.390625000,-0.562500000,0.393243138622,0.186790490845
0.406250000,-0.562500000,0.318272433824,0.151179406067
0.421875000,-0.562500000,0.242297925164,0.115091514453
0.437500000,-0.562500000,0.165668666520,0.0786926165971
0.453125000,-0.562500000,0.0887693410803,0.0421654370131
0.468750000,-0.562500000,0.0120222654790,0.00571057610255
0.484375000,-0.562500000,-0.0641106878122,-0.0304525767108
0.500000000,-0.562500000,-0.139126287477,-0.0660849865517
0.515625000,-0.562500000,-0.212478305312,-0.100927195023
0.531250000,-0.562500000,-0.283576095032,-0.134698645140
0.546875000,-0.562500000,-0.351783451348,-0.167097139390
0.562500000,-0.562500000,-0.416417822179,-0.197798465535
0.578125000,-0.562500000,-0.476749962503,-0.226456232189
0.593750000,-0.562500000,-0.532004130330,-0.252701961907
0.609375000,-0.562500000,-0.581358948017,-0.276145500308
0.625000000,-0.562500000,-0.623949069626,-0.296375808072
0.640625000,-0.562500000,-0.658867823026,-0.312962215937
0.656250000,-0.562500000,-0.685171025320,-0.325456237027
0.671875000,-0.562500000,-0.701882203811,-0.333394046810
0.687500000,-0.562500000,-0.707999500068,-0.336299762532
0.703125000,-0.562500000,-0.702504581857,-0.333689676382
0.718750000,-0.562500000,-0.684373946941,-0.325077624797
0.734375000,-0.562500000,-0.652593077435,-0.309981711782
0.750000000,-0.562500000,-0.606173981876,-0.287932641391
0.765625000,-0.562500000,-0.544176767114,-0.258483964379
0.781250000,-0.562500000,-0.465736000562,-0.221224600267
0.796875000,-0.562500000,-0.370092768567,-0.175794065070
0.812500000,-0.562500000,,
0.828125000,-0.562500000,,
0.843750000,-0.562500000,,
0.859375000,-0.562500000,,
0.875000000,-0.562500000,,
0.890625000,-0.562500000,,
0.906250000,-0.562500000,,
0.921875000,-0.562500000,,
0.937500000,-0.562500000,,
0.953125000,-0.562500000,,
0.968750000,-0.562500000,,
0.984375000,-0.562500000,,
1.000000000,-0.562500000,,
-1.000000000,-0.546875000,,
-0.984375000,-0.546875000,,
-0.968750000,-0.546875000,,
-0.953125000,-0.546875000,,
-0.937500000,-0.546875000,,
-0.921875000,-0.546875000,,
-0.906250000,-0.546875000,,
-0.890625000,-0.546875000,,
-0.875000000,-0.546875000,,
-0.859375000,-0.546875000,,
-0.843750000,-0.546875000,,
-0.828125000,-0.546875000,,
-0.812500000,-0.546875000,-0.304273584774,-0.144529952768
-0.796875000,-0.546875000,-0.417578771793,-0.198349916602
-0.781250000,-0.546875000,-0.512390551272,-0.243385511854
-0.765625000,-0.546875000,-0.589473221759,-0.279999780336
-0.750000000,-0.546875000,-0.649713070880,-0.308613708668
-0.734375000,-0.546875000,-0.694082844136,-0.329689350964
-0.718750000,-0.546875000,-0.723612510131,-0.343715942312
-0.703125000,-0.546875000,-0.739365318152,-0.351198526122
-0.687500000,-0.546875000,-0.742418302011,-0.352648693455
-0.671875000,-0.546875000,-0.733846522465,-0.348577098171
-0.656250000,-0.546875000,-0.714710448962,-0.339487463257
-0.640625000,-0.546875000,-0.686045979641,-0.325871840329
-0.625000000,-0.546875000,-0.648856672070,-0.308206919233
-0.609375000,-0.546875000,-0.604107827572,-0.286951218097
-0.593750000,-0.546875000,-0.552722124091,-0.262543008943
-0.578125000,-0.546875000,-0.495576541714,-0.235398857314
-0.562500000,-0.546875000,-0.433500361996,-0.205912671948
-0.546875000,-0.546875000,-0.367274057464,-0.174455177296
-0.531250000,-0.546875000,-0.297628914616,-0.141373734443
-0.515625000,-0.546875000,-0.225247257860,-0.106992447484
-0.500000000,-0.546875000,-0.150763161874,-0.0716125018903
-0.484375000,-0.546875000,-0.0747635573623,-0.0355126897471
-0.468750000,-0.546875000,0.00221035113649,0.00104991678983
-0.453125000,-0.546875000,0.0796614223882,0.0378391756344
-0.437500000,-0.546875000,0.157134730106,0.0746389968005
-0.421875000,-0.546875000,0.234215577515,0.111252399320
-0.406250000,-0.546875000,0.310527414519,0.147500521897
-0.390625000,-0.546875000,0.385729694924,0.183221605089
-0.375000000,-0.546875000,0.459515700974,0.218269957963
-0.359375000,-0.546875000,0.531610360647,0.252514921307
-0.343750000,-0.546875000,0.601768077671,0.285839836894
-0.328125000,-0.546875000,0.669770592314,0.318141031349
-0.312500000,-0.546875000,0.735424886069,0.349326820883
-0.296875000,-0.546875000,0.798561142925,0.379316542889
-0.281250000,-0.546875000,0.859030776611,0.408039618890
-0.265625000,-0.546875000,0.916704531195,0.435434652317
-0.250000000,-0.546875000,0.971470662519,0.461448564696
-0.234375000,-0.546875000,1.02323320478,0.486035772269
-0.218750000,-0.546875000,1.07191032657,0.509157405121
-0.203125000,-0.546875000,1.11743278004,0.530780570521
-0.187500000,-0.546875000,1.15974244514,0.550877661441
-0.171875000,-0.546875000,1.19879097103,0.569425711238
-0.156250000,-0.546875000,1.23453851660,0.586405795387
-0.140625000,-0.546875000,1.26695258974,0.601802480127
-0.125000000,-0.546875000,1.29600698800,0.615603319299
-0.109375000,-0.546875000,1.32168083943,0.627798398728
-0.093750000,-0.546875000,1.34395774450,0.638379928638
-0.078125000,-0.546875000,1.36282501913,0.647341884088
-0.062500000,-0.546875000,1.37827303945,0.654679693739
-0.046875000,-0.546875000,1.39029468690,0.660389976277
-0.031250000,-0.546875000,1.39888489482,0.664470325039
-0.015625000,-0.546875000,1.40404029600,0.666919140600
0.000000000,-0.546875000,1.40575897070,0.667735511084
0.015625000,-0.546875000,1.40404029600,0.666919140600
0.031250000,-0.546875000,1.39888489482,0.664470325039
0.046875000,-0.546875000,1.39029468690,0.660389976277
0.062500000,-0.546875000,1.37827303945,0.654679693739
0.078125000,-0.546875000,1.36282501913,0.647341884088
0.093750000,-0.546875000,1.34395774450,0.638379928638
0.109375000,-0.546875000,1.32168083943,0.627798398728
0.125000000,-0.546875000,1.29600698800,0.615603319299
0.140625000,-0.546875000,1.26695258974,0.601802480127
0.156250000,-0.546875000,1.23453851660,0.586405795387
0.171875000,-0.546875000,1.19879097103,0.569425711238
0.187500000,-0.546875000,1.15974244514,0.550877661441
0.203125000,-0.546875000,1.11743278004,0.530780570521
0.218750000,-0.546875000,1.07191032657,0.509157405121
0.234375000,-0.546875000,1.02323320478,0.486035772269
0.250000000,-0.546875000,0.971470662519,0.461448564696
0.265625000,-0.546875000,0.916704531195,0.435434652317
0.281250000,-0.546875000,0.859030776611,0.408039618890
0.296875000,-0.546875000,0.798561142925,0.379316542889
0.312500000,-0.546875000,0.735424886069,0.349326820883
0.328125000,-0.546875000,0.669770592314,0.318141031349
0.343750000,-0.546875000,0.601768077671,0.285839836894
0.359375000,-0.546875000,0.531610360647,0.252514921307
0.375000000,-0.546875000,0.459515700974,0.218269957963
0.390625000,-0.546875000,0.385729694924,0.183221605089
0.406250000,-0.546875000,0.310527414519,0.147500521897
0.421875000,-0.546875000,0.234215577515,0.111252399320
0.437500000,-0.546875000,0.157134730106,0.0746389968005
0.453125000,-0.546875000,0.0796614223882,0.0378391756344
0.468750000,-0.546875000,0.00221035113649,0.00104991678983
0.484375000,-0.546875000,-0.0747635573623,-0.0355126897471
0.500000000,-0.546875000,-0.150763161874,-0.0716125018903
0.515625000,-0.546875000,-0.225247257860,-0.106992447484
0.531250000,-0.546875000,-0.297628914616,-0.141373734443
0.546875000,-0.546875000,-0.367274057464,-0.174455177296
0.562500000,-0.546875000,-0.433500361996,-0.205912671948
0.578125000,-0.546875000,-0.495576541714,-0.235398857314
0.593750000,-0.546875000,-0.552722124091,-0.262543008943
0.609375000,-0.546875000,-0.604107827572,-0.286951218097
0.625000000,-0.546875000,-0.648856672070,-0.308206919233
0.640625000,-0.546875000,-0.686045979641,-0.325871840329
0.656250000,-0.546875000,-0.714710448962,-0.339487463257
0.671875000,-0.546875000,-0.733846522465,-0.348577098171
0.687500000,-0.546875000,-0.742418302011,-0.352648693455
0.703125000,-0.546875000,-0.739365318152,-0.351198526122
0.718750000,-0.546875000,-0.723612510131,-0.343715942312
0.734375000,-0.546875000,-0.694082844136,-0.329689350964
0.750000000,-0.546875000,-0.649713070880,-0.308613708668
0.765625000,-0.546875000,-0.589473221759,-0.279999780336
0.781250000,-0.546875000,-0.512390551272,-0.243385511854
0.796875000,-0.546875000,-0.417578771793,-0.198349916602
0.812500000,-0.546875000,-0.304273584774,-0.144529952768
0.828125000,-0.546875000,,
0.843750000,-0.546875000,,
0.859375000,-0.546875000,,
0.875000000,-0.546875000,,
0.890625000,-0.546875000,,
0.906250000,-0.546875000,,
0.921875000,-0.546875000,,
0.937500000,-0.546875000,,
0.953125000,-0.546875000,,
0.968750000,-0.546875000,,
0.984375000,-0.546875000,,
1.000000000,-0.546875000,,
-1.000000000,-0.531250000,,
-0.984375000,-0.531250000,,
-0.968750000,-0.531250000,,
-0.953125000,-0.531250000,,
-0.937500000,-0.531250000,,
-0.921875000,-0.531250000,,
-0.906250000,-0.531250000,,
-0.890625000,-0.531250000,,
-0.875000000,-0.531250000,,
-0.859375000,-0.531250000,,
-0.843750000,-0.531250000,,
-0.828125000,-0.531250000,-0.223494903764,-0.106160079288
-0.812500000,-0.531250000,-0.355919114634,-0.169061579451
-0.796875000,-0.531250000,-0.468515749745,-0.222544981129
-0.781250000,-0.531250000,-0.562044554882,-0.266971163569
-0.765625000,-0.531250000,-0.637405508508,-0.302767616541
-0.750000000,-0.531250000,-0.695599310749,-0.330409672606
-0.734375000,-0.531250000,-0.737694855396,-0.350405056313
-0.718750000,-0.531250000,-0.764802566527,-0.363281219101
-0.703125000,-0.531250000,-0.778052658249,-0.369575012668
-0.687500000,-0.531250000,-0.778577530784,-0.369824327122
-0.671875000,-0.531250000,-0.767497639088,-0.364561378567
-0.656250000,-0.531250000,-0.745910276388,-0.354307381284
-0.640625000,-0.531250000,-0.714880801838,-0.339568380873
-0.625000000,-0.531250000,-0.675435914864,-0.320832059560
-0.609375000,-0.531250000,-0.628558641761,-0.298565354837
-0.593750000,-0.531250000,-0.575184749472,-0.273212755999
-0.578125000,-0.531250000,-0.516200347611,-0.245195165115
-0.562500000,-0.531250000,-0.452440475160,-0.214909225701
-0.546875000,-0.531250000,-0.384688498914,-0.182727036984
-0.531250000,-0.531250000,-0.313676179474,-0.148996185250
-0.515625000,-0.531250000,-0.240084279960,-0.114040032981
-0.500000000,-0.531250000,-0.164543612986,-0.0781582161681
-0.484375000,-0.531250000,-0.0876364376673,-0.0416273078920
-0.468750000,-0.531250000,-0.00989813182515,-0.00470161261694
-0.453125000,-0.531250000,0.0681809253174,0.0323859395258
-0.437500000,-0.531250000,0.146153311685,0.0694228230504
-0.421875000,-0.531250000,0.223612409248,0.106215894393
-0.406250000,-0.531250000,0.300190175043,0.142590333145
-0.390625000,-0.531250000,0.375554871675,0.178388564046
-0.375000000,-0.531250000,0.449408780401,0.213469170691
-0.359375000,-0.531250000,0.521485922214,0.247705813052
-0.343750000,-0.531250000,0.591549803990,0.280986156895
-0.328125000,-0.531250000,0.659391205993,0.313210822847
-0.312500000,-0.531250000,0.724826023529,0.344292361176
-0.296875000,-0.531250000,0.787693172611,0.374154256990
-0.281250000,-0.531250000,0.847852569730,0.402729970622
-0.265625000,-0.531250000,0.905183190946,0.429962015699
-0.250000000,-0.531250000,0.959581217498,0.455801078312
-0.234375000,-0.531250000,1.01095827129,0.480205178865
-0.218750000,-0.531250000,1.05923974469,0.503138878727
-0.203125000,-0.531250000,1.10436322619,0.524572532438
-0.187500000,-0.531250000,1.14627702503,0.544481586888
-0.171875000,-0.531250000,1.18493879609,0.562845928144
-0.156250000,-0.531250000,1.22031426518,0.579649275959
-0.140625000,-0.531250000,1.25237605687,0.594878627014
-0.125000000,-0.531250000,1.28110262426,0.608523746526
-0.109375000,-0.531250000,1.30647728080,0.620576708382
-0.093750000,-0.531250000,1.32848733532,0.631031484275
-0.078125000,-0.531250000,1.34712332887,0.639883581213
-0.062500000,-0.531250000,1.36237837410,0.647129727697
-0.046875000,-0.531250000,1.37424759680,0.652767608478
-0.031250000,-0.531250000,1.38272767886,0.656795647460
-0.015625000,-0.531250000,1.38781650374,0.659212839275
0.000000000,-0.531250000,1.38951290295,0.660018628902
0.015625000,-0.531250000,1.38781650374,0.659212839275
0.031250000,-0.531250000,1.38272767886,0.656795647460
0.046875000,-0.531250000,1.37424759680,0.652767608478
0.062500000,-0.531250000,1.36237837410,0.647129727697
0.078125000,-0.531250000,1.34712332887,0.639883581213
0.093750000,-0.531250000,1.32848733532,0.631031484275
0.109375000,-0.531250000,1.30647728080,0.620576708382
0.125000000,-0.531250000,1.28110262426,0.608523746526
0.140625000,-0.531250000,1.25237605687,0.594878627014
0.156250000,-0.531250000,1.22031426518,0.579649275959
0.171875000,-0.531250000,1.18493879609,0.562845928144
0.187500000,-0.531250000,1.14627702503,0.544481586888
0.203125000,-0.531250000,1.10436322619,0.524572532438
0.218750000,-0.531250000,1.05923974469,0.503138878727
0.234375000,-0.531250000,1.01095827129,0.480205178865
0.250000000,-0.531250000,0.959581217498,0.455801078312
0.265625000,-0.531250000,0.905183190946,0.429962015699
0.281250000,-0.531250000,0.847852569730,0.402729970622
0.296875000,-0.531250000,0.787693172611,0.374154256990
0.312500000,-0.531250000,0.724826023529,0.344292361176
0.328125000,-0.531250000,0.659391205993,0.313210822847
0.343750000,-0.531250000,0.591549803990,0.280986156895
0.359375000,-0.531250000,0.521485922214,0.247705813052
0.375000000,-0.531250000,0.449408780401,0.213469170691
0.390625000,-0.531250000,0.375554871675,0.178388564046
0.406250000,-0.531250000,0.300190175043,0.142590333145
0.421875000,-0.531250000,0.223612409248,0.106215894393
0.437500000,-0.531250000,0.146153311685,0.0694228230504
0.453125000,-0.531250000,0.0681809253174,0.0323859395258
0.468750000,-0.531250000,-0.00989813182515,-0.00470161261694
0.484375000,-0.531250000,-0.0876364376673,-0.0416273078920
0.500000000,-0.531250000,-0.164543612986,-0.0781582161681
0.515625000,-0.531250000,-0.240084279960,-0.114040032981
0.531250000,-0.531250000,-0.313676179474,-0.148996185250
0.546875000,-0.531250000,-0.384688498914,-0.182727036984
0.562500000,-0.531250000,-0.452440475160,-0.214909225701
0.578125000,-0.531250000,-0.516200347611,-0.245195165115
0.593750000,-0.531250000,-0.575184749472,-0.273212755999
0.609375000,-0.531250000,-0.628558641761,-0.298565354837
0.625000000,-0.531250000,-0.675435914864,-0.320832059560
0.640625000,-0.531250000,-0.714880801838,-0.339568380873
0.656250000,-0.531250000,-0.745910276388,-0.354307381284
0.671875000,-0.531250000,-0.767497639088,-0.364561378567
0.687500000,-0.531250000,-0.778577530784,-0.369824327122
0.703125000,-0.531250000,-0.778052658249,-0.369575012668
0.718750000,-0.531250000,-0.764802566527,-0.363281219101
0.734375000,-0.531250000,-0.737694855396,-0.350405056313
0.750000000,-0.531250000,-0.695599310749,-0.330409672606
0.765625000,-0.531250000,-0.637405508508,-0.302767616541
0.781250000,-0.531250000,-0.562044554882,-0.266971163569
0.796875000,-0.531250000,-0.468515749745,-0.222544981129
0.812500000,-0.531250000,-0.355919114634,-0.169061579451
0.828125000,-0.531250000,-0.223494903764,-0.106160079288
0.843750000,-0.531250000,,
0.859375000,-0.531250000,,
0.875000000,-0.531250000,,
0.890625000,-0.531250000,,
0.906250000,-0.531250000,,
0.921875000,-0.531250000,,
0.937500000,-0.531250000,,
0.953125000,-0.531250000,,
0.968750000,-0.531250000,,
0.984375000,-0.531250000,,
1.000000000,-0.531250000,,
-1.000000000,-0.515625000,,
-0.984375000,-0.515625000,,
-0.968750000,-0.515625000,,
-0.953125000,-0.515625000,,
-0.937500000,-0.515625000,,
-0.921875000,-0.515625000,,
-0.906250000,-0.515625000,,
-0.890625000,-0.515625000,,
-0.875000000,-0.515625000,,
-0.859375000,-0.515625000,,
-0.843750000,-0.515625000,,
-0.828125000,-0.515625000,-0.278740100508,-0.132401547741
-0.812500000,-0.515625000,-0.410625523118,-0.195047123481
-0.796875000,-0.515625000,-0.522054288240,-0.247975786914
-0.781250000,-0.515625000,-0.613931015473,-0.291617232350
-0.765625000,-0.515625000,-0.687277960352,-0.326457031167
-0.750000000,-0.515625000,-0.743198704699,-0.353019384732
-0.734375000,-0.515625000,-0.782848367588,-0.371852974604
-0.718750000,-0.515625000,-0.807409283927,-0.383519409866
-0.703125000,-0.515625000,-0.818071275087,-0.388583855666
-0.687500000,-0.515625000,-0.816015771587,-0.387607491504
-0.671875000,-0.515625000,-0.802403167358,-0.381141504495
-0.656250000,-0.515625000,-0.778362883874,-0.369722369840
-0.640625000,-0.515625000,-0.744985702222,-0.353868208555
-0.625000000,-0.515625000,-0.703317992284,-0.334076046335
-0.609375000,-0.515625000,-0.654357524808,-0.310819824284
-0.593750000,-0.515625000,-0.599050600205,-0.284549035097
-0.578125000,-0.515625000,-0.538290270148,-0.255687878320
-0.562500000,-0.515625000,-0.472915462366,-0.224634844624
-0.546875000,-0.515625000,-0.403710845919,-0.191762651811
-0.531250000,-0.515625000,-0.331407303106,-0.157418468975
-0.515625000,-0.515625000,-0.256682890576,-0.121924373024
-0.500000000,-0.515625000,-0.180164194115,-0.0855779922046
-0.484375000,-0.515625000,-0.102427992323,-0.0486532963536
-0.468750000,-0.515625000,-0.0240031616749,-0.0114015017956
-0.453125000,-0.515625000,0.0546272381673,0.0259479381295
-0.437500000,-0.515625000,0.133023745793,0.0631862792515
-0.421875000,-0.515625000,0.210788191988,0.100124391194
-0.406250000,-0.515625000,0.287561336479,0.136591634827
-0.390625000,-0.515625000,0.363020481232,0.172434728585
-0.375000000,-0.515625000,0.436877082777,0.207516614319
-0.359375000,-0.515625000,0.508874384237,0.241715332512
-0.343750000,-0.515625000,0.578785085225,0.274922915482
-0.328125000,-0.515625000,0.646409062088,0.307044304492
-0.312500000,-0.515625000,0.711571151571,0.337996296996
-0.296875000,-0.515625000,0.774119006603,0.367706528137
-0.281250000,-0.515625000,0.833921031941,0.396112490172
-0.265625000,-0.515625000,0.890864405923,0.423160592813
-0.250000000,-0.515625000,0.944853193382,0.448805266857
-0.234375000,-0.515625000,0.995806553032,0.473008112690
-0.218750000,-0.515625000,1.04365704296,0.495737095407
-0.203125000,-0.515625000,1.08834902567,0.516965787194
-0.187500000,-0.515625000,1.12983717485,0.536672658056
-0.171875000,-0.515625000,1.16808508493,0.554840415340
-0.156250000,-0.515625000,1.20306398389,0.571455392350
-0.140625000,-0.515625000,1.23475154912,0.586506985831
-0.125000000,-0.515625000,1.26313082891,0.599987143735
-0.109375000,-0.515625000,1.28818926593,0.611889901318
-0.093750000,-0.515625000,1.30991782571,0.622210967212
-0.078125000,-0.515625000,1.32831022817,0.630947358380
-0.062500000,-0.515625000,1.34336228278,0.638097084319
-0.046875000,-0.515625000,1.35507132604,0.643658879867
-0.031250000,-0.515625000,1.36343576226,0.647631987074
-0.015625000,-0.515625000,1.36845470664,0.650015985654
0.000000000,-0.515625000,1.37012773016,0.650810671826
0.015625000,-0.515625000,1.36845470664,0.650015985654
0.031250000,-0.515625000,1.36343576226,0.647631987074
0.046875000,-0.515625000,1.35507132604,0.643658879867
0.062500000,-0.515625000,1.34336228278,0.638097084319
0.078125000,-0.515625000,1.32831022817,0.630947358380
0.093750000,-0.515625000,1.30991782571,0.622210967212
0.109375000,-0.515625000,1.28818926593,0.611889901318
0.125000000,-0.515625000,1.26313082891,0.599987143735
0.140625000,-0.515625000,1.23475154912,0.586506985831
0.156250000,-0.515625000,1.20306398389,0.571455392350
0.171875000,-0.515625000,1.16808508493,0.554840415340
0.187500000,-0.515625000,1.12983717485,0.536672658056
0.203125000,-0.515625000,1.08834902567,0.516965787194
0.218750000,-0.515625000,1.04365704296,0.495737095407
0.234375000,-0.515625000,0.995806553032,0.473008112690
0.250000000,-0.515625000,0.944853193382,0.448805266857
0.265625000,-0.515625000,0.890864405923,0.423160592813
0.281250000,-0.515625000,0.833921031941,0.396112490172
0.296875000,-0.515625000,0.774119006603,0.367706528137
0.312500000,-0.515625000,0.711571151571,0.337996296996
0.328125000,-0.515625000,0.646409062088,0.307044304492
0.343750000,-0.515625000,0.578785085225,0.274922915482
0.359375000,-0.515625000,0.508874384237,0.241715332512
0.375000000,-0.515625000,0.436877082777,0.207516614319
0.390625000,-0.515625000,0.363020481232,0.172434728585
0.406250000,-0.515625000,0.287561336479,0.136591634827
0.421875000,-0.515625000,0.210788191988,0.100124391194
0.437500000,-0.515625000,0.133023745793,0.0631862792515
0.453125000,-0.515625000,0.0546272381673,0.0259479381295
0.468750000,-0.515625000,-0.0240031616749,-0.0114015017956
0.484375000,-0.515625000,-0.102427992323,-0.0486532963536
0.500000000,-0.515625000,-0.180164194115,-0.0855779922046
0.515625000,-0.515625000,-0.256682890576,-0.121924373024
0.531250000,-0.515625000,-0.331407303106,-0.157418468975
0.546875000,-0.515625000,-0.403710845919,-0.191762651811
0.562500000,-0.515625000,-0.472915462366,-0.224634844624
0.578125000,-0.515625000,-0.538290270148,-0.255687878320
0.593750000,-0.515625000,-0.599050600205,-0.284549035097
0.609375000,-0.515625000,-0.654357524808,-0.310819824284
0.625000000,-0.515625000,-0.703317992284,-0.334076046335
0.640625000,-0.515625000,-0.744985702222,-0.353868208555
0.656250000,-0.515625000,-0.778362883874,-0.369722369840
0.671875000,-0.515625000,-0.802403167358,-0.381141504495
0.687500000,-0.515625000,-0.816015771587,-0.387607491504
0.703125000,-0.515625000,-0.818071275087,-0.388583855666
0.718750000,-0.515625000,-0.807409283927,-0.383519409866
0.734375000,-0.515625000,-0.782848367588,-0.371852974604
0.750000000,-0.515625000,-0.743198704699,-0.353019384732
0.765625000,-0.515625000,-0.687277960352,-0.326457031167
0.781250000,-0.515625000,-0.613931015473,-0.291617232350
0.796875000,-0.515625000,-0.522054288240,-0.247975786914
0.812500000,-0.515625000,-0.410625523118,-0.195047123481
0.828125000,-0.515625000,-0.278740100508,-0.132401547741
0.843750000,-0.515625000,,
0.859375000,-0.515625000,,
0.875000000,-0.515625000,,
0.890625000,-0.515625000,,
0.906250000,-0.515625000,,
0.921875000,-0.515625000,,
0.937500000,-0.515625000,,
0.953125000,-0.515625000,,
0.968750000,-0.515625000,,
0.984375000,-0.515625000,,
1.000000000,-0.515625000,,
-1.000000000,-0.500000000,,
-0.984375000,-0.500000000,,
-0.968750000,-0.500000000,,
-0.953125000,-0.500000000,,
-0.937500000,-0.500000000,,
-0.921875000,-0.500000000,,
-0.906250000,-0.500000000,,
-0.890625000,-0.500000000,,
-0.875000000,-0.500000000,,
-0.859375000,-0.500000000,,
-0.843750000,-0.500000000,-0.183896932659,-0.0873510430128
-0.828125000,-0.500000000,-0.336665891708,-0.159916298561
-0.812500000,-0.500000000,-0.467544045007,-0.222083421378
-0.796875000,-0.500000000,-0.577429330708,-0.274278932086
-0.781250000,-0.500000000,-0.667357340515,-0.316994736744
-0.765625000,-0.500000000,-0.738460662240,-0.350768814564
-0.750000000,-0.500000000,-0.791935492392,-0.376169358886
-0.734375000,-0.500000000,-0.829014344987,-0.393781813869
-0.718750000,-0.500000000,-0.850943871065,-0.404198338756
-0.703125000,-0.500000000,-0.858966966747,-0.408009309205
-0.687500000,-0.500000000,-0.854308474198,-0.405796525244
-0.671875000,-0.500000000,-0.838163896567,-0.398127850870
-0.656250000,-0.500000000,-0.811690633451,-0.385553050889
-0.640625000,-0.500000000,-0.776001325160,-0.368600629451
-0.625000000,-0.500000000,-0.732158956929,-0.347775504541
-0.609375000,-0.500000000,-0.681173427626,-0.323557378122
-0.593750000,-0.500000000,-0.623999334557,-0.296399683914
-0.578125000,-0.500000000,-0.561534764277,-0.266729013031
-0.562500000,-0.500000000,-0.494620910089,-0.234944932292
-0.546875000,-0.500000000,-0.424042367025,-0.201420124337
-0.531250000,-0.500000000,-0.350527976094,-0.166500788645
-0.515625000,-0.500000000,-0.274752109982,-0.130507252241
-0.500000000,-0.500000000,-0.197336309563,-0.0937347470425
-0.484375000,-0.500000000,-0.118851193666,-0.0564543169913
-0.468750000,-0.500000000,-0.0398185776190,-0.0189138243690
-0.453125000,-0.500000000,0.0392862542937,0.0186609707895
-0.437500000,-0.500000000,0.118032169358,0.0560652804450
-0.421875000,-0.500000000,0.196029737526,0.0931141253248
-0.406250000,-0.500000000,0.272928745924,0.129641154314
-0.390625000,-0.500000000,0.348415704917,0.165497459836
-0.375000000,-0.500000000,0.422211366692,0.200550399179
-0.359375000,-0.500000000,0.494068277015,0.234682431582
-0.343750000,-0.500000000,0.563768373531,0.267789977427
-0.328125000,-0.500000000,0.631120645871,0.299782306788
-0.312500000,-0.500000000,0.695958865679,0.330580461198
-0.296875000,-0.500000000,0.758139396161,0.360116213176
-0.281250000,-0.500000000,0.817539088638,0.388331067103
-0.265625000,-0.500000000,0.874053269385,0.415175302958
-0.250000000,-0.500000000,0.927593822746,0.440607065804
-0.234375000,-0.500000000,0.978087373756,0.464591502534
-0.218750000,-0.500000000,1.02547357078,0.487099946121
-0.203125000,-0.500000000,1.06970347248,0.508109149427
-0.187500000,-0.500000000,1.11073803812,0.527600568106
-0.171875000,-0.500000000,1.14854672369,0.545559693751
-0.156250000,-0.500000000,1.18310618248,0.561975436679
-0.140625000,-0.500000000,1.21439907254,0.576839559456
-0.125000000,-0.500000000,1.24241296798,0.590146159790
-0.109375000,-0.500000000,1.26713937704,0.601891204096
-0.093750000,-0.500000000,1.28857286404,0.612072110418
-0.078125000,-0.500000000,1.30671027641,0.620687381293
-0.062500000,-0.500000000,1.32155007591,0.627736286056
-0.046875000,-0.500000000,1.33309177301,0.633218592181
-0.031250000,-0.500000000,1.34133546541,0.637134346069
-0.015625000,-0.500000000,1.34628147884,0.639483702451
0.000000000,-0.500000000,1.34793011116,0.640266802800
0.015625000,-0.500000000,1.34628147884,0.639483702451
0.031250000,-0.500000000,1.34133546541,0.637134346069
0.046875000,-0.500000000,1.33309177301,0.633218592181
0.062500000,-0.500000000,1.32155007591,0.627736286056
0.078125000,-0.500000000,1.30671027641,0.620687381293
0.093750000,-0.500000000,1.28857286404,0.612072110418
0.109375000,-0.500000000,1.26713937704,0.601891204096
0.125000000,-0.500000000,1.24241296798,0.590146159790
0.140625000,-0.500000000,1.21439907254,0.576839559456
0.156250000,-0.500000000,1.18310618248,0.561975436679
0.171875000,-0.500000000,1.14854672369,0.545559693751
0.187500000,-0.500000000,1.11073803812,0.527600568106
0.203125000,-0.500000000,1.06970347248,0.508109149427
0.218750000,-0.500000000,1.02547357078,0.487099946121
0.234375000,-0.500000000,0.978087373756,0.464591502534
0.250000000,-0.500000000,0.927593822746,0.440607065804
0.265625000,-0.500000000,0.874053269385,0.415175302958
0.281250000,-0.500000000,0.817539088638,0.388331067103
0.296875000,-0.500000000,0.758139396161,0.360116213176
0.312500000,-0.500000000,0.695958865679,0.330580461198
0.328125000,-0.500000000,0.631120645871,0.299782306788
0.343750000,-0.500000000,0.563768373531,0.267789977427
0.359375000,-0.500000000,0.494068277015,0.234682431582
0.375000000,-0.500000000,0.422211366692,0.200550399179
0.390625000,-0.500000000,0.348415704917,0.165497459836
0.406250000,-0.500000000,0.272928745924,0.129641154314
0.421875000,-0.500000000,0.196029737526,0.0931141253248
0.437500000,-0.500000000,0.118032169358,0.0560652804450
0.453125000,-0.500000000,0.0392862542937,0.0186609707895
0.468750000,-0.500000000,-0.0398185776190,-0.0189138243690
0.484375000,-0.500000000,-0.118851193666,-0.0564543169913
0.500000000,-0.500000000,-0.197336309563,-0.0937347470425
0.515625000,-0.500000000,-0.274752109982,-0.130507252241
0.531250000,-0.500000000,-0.350527976094,-0.166500788645
0.546875000,-0.500000000,-0.424042367025,-0.201420124337
0.562500000,-0.500000000,-0.494620910089,-0.234944932292
0.578125000,-0.500000000,-0.561534764277,-0.266729013031
0.593750000,-0.500000000,-0.623999334557,-0.296399683914
0.609375000,-0.500000000,-0.681173427626,-0.323557378122
0.625000000,-0.500000000,-0.732158956929,-0.347775504541
0.640625000,-0.500000000,-0.776001325160,-0.368600629451
0.656250000,-0.500000000,-0.811690633451,-0.385553050889
0.671875000,-0.500000000,-0.838163896567,-0.398127850870
0.687500000,-0.500000000,-0.854308474198,-0.405796525244
0.703125000,-0.500000000,-0.858966966747,-0.408009309205
0.718750000,-0.500000000,-0.850943871065,-0.404198338756
0.734375000,-0.500000000,-0.829014344987,-0.393781813869
0.750000000,-0.500000000,-0.791935492392,-0.376169358886
0.765625000,-0.500000000,-0.738460662240,-0.350768814564
0.781250000,-0.500000000,-0.667357340515,-0.316994736744
0.796875000,-0.500000000,-0.577429330708,-0.274278932086
0.812500000,-0.500000000,-0.467544045007,-0.222083421378
0.828125000,-0.500000000,-0.336665891708,-0.159916298561
0.843750000,-0.500000000,-0.183896932659,-0.0873510430128
0.859375000,-0.500000000,,
0.875000000,-0.500000000,,
0.890625000,-0.500000000,,
0.906250000,-0.500000000,,
0.921875000,-0.500000000,,
0.937500000,-0.500000000,,
0.953125000,-0.500000000,,
0.968750000,-0.500000000,,
0.984375000,-0.500000000,,
1.000000000,-0.500000000,,
-1.000000000,-0.484375000,,
-0.984375000,-0.484375000,,
-0.968750000,-0.484375000,,
-0.953125000,-0.484375000,,
-0.937500000,-0.484375000,,
-0.921875000,-0.484375000,,
-0.906250000,-0.484375000,,
-0.890625000,-0.484375000,,
-0.875000000,-0.484375000,,
-0.859375000,-0.484375000,-0.0691112394923,-0.0328278387588
-0.843750000,-0.484375000,-0.244448482649,-0.116113029258
-0.828125000,-0.484375000,-0.396422374739,-0.188300628001
-0.812500000,-0.484375000,-0.525910114419,-0.249807304349
-0.796875000,-0.484375000,-0.633950211210,-0.301126350325
-0.781250000,-0.484375000,-0.721696817937,-0.342805988520
-0.765625000,-0.484375000,-0.790382198772,-0.375431544417
-0.750000000,-0.484375000,-0.841286012205,-0.399610855797
-0.734375000,-0.484375000,-0.875710303789,-0.415962394300
-0.718750000,-0.484375000,-0.894959285036,-0.425105660392
-0.703125000,-0.484375000,-0.900323122666,-0.427653483266
-0.687500000,-0.484375000,-0.893065087225,-0.424205916432
-0.671875000,-0.484375000,-0.874411513350,-0.415345468841
-0.656250000,-0.484375000,-0.845544111091,-0.401633452768
-0.640625000,-0.484375000,-0.807594238730,-0.383607263397
-0.625000000,-0.484375000,-0.761638809722,-0.361778434618
-0.609375000,-0.484375000,-0.708697557145,-0.336631339644
-0.593750000,-0.484375000,-0.649731421565,-0.308622425244
-0.578125000,-0.484375000,-0.585641863941,-0.278179885372
-0.562500000,-0.484375000,-0.517270938044,-0.245703695571
-0.546875000,-0.484375000,-0.445401979794,-0.211565940402
-0.531250000,-0.484375000,-0.370760794353,-0.176111377318
-0.515625000,-0.484375000,-0.294017240747,-0.139658189355
-0.500000000,-0.484375000,-0.215787127667,-0.102498885642
-0.484375000,-0.484375000,-0.136634350532,-0.0649013165027
-0.468750000,-0.484375000,-0.0570732056963,-0.0271097727057
-0.453125000,-0.484375000,0.0224291644324,0.0106538531054
-0.437500000,-0.484375000,0.101450242799,0.0481888653297
-0.421875000,-0.484375000,0.179609558495,0.0853145402851
-0.406250000,-0.484375000,0.256566088179,0.121868891885
-0.390625000,-0.484375000,0.332015663250,0.157707440044
-0.375000000,-0.484375000,0.405688402774,0.192701991318
-0.359375000,-0.484375000,0.477346190589,0.226739440530
-0.343750000,-0.484375000,0.546780209013,0.259720599281
-0.328125000,-0.484375000,0.613808542385,0.291559057633
-0.312500000,-0.484375000,0.678273858835,0.322180082947
-0.296875000,-0.484375000,0.740041177842,0.351519559475
-0.281250000,-0.484375000,0.798995729719,0.379522971617
-0.265625000,-0.484375000,0.855040911710,0.406144433062
-0.250000000,-0.484375000,0.908096343904,0.431345763354
-0.234375000,-0.484375000,0.958096028443,0.455095613511
-0.218750000,-0.484375000,1.00498661253,0.477368640952
-0.203125000,-0.484375000,1.04872575837,0.498144735227
-0.187500000,-0.484375000,1.08928061910,0.517408294071
-0.171875000,-0.484375000,1.12662642237,0.535147550625
-0.156250000,-0.484375000,1.16074516083,0.551353951393
-0.140625000,-0.484375000,1.19162439021,0.566021585348
-0.125000000,-0.484375000,1.21925613431,0.579146663796
-0.109375000,-0.484375000,1.24363589590,0.590727050554
-0.093750000,-0.484375000,1.26476177417,0.600761842729
-0.078125000,-0.484375000,1.28263368766,0.609251001640
-0.062500000,-0.484375000,1.29725270167,0.616195033293
-0.046875000,-0.484375000,1.30862046050,0.621594718738
-0.031250000,-0.484375000,1.31689948307,0.625527254457
-0.015625000,-0.484375000,1.32161445130,0.627766864368
0.000000000,-0.484375000,1.32324928033,0.628543408156
0.015625000,-0.484375000,1.32161445130,0.627766864368
0.031250000,-0.484375000,1.31689948307,0.625527254457
0.046875000,-0.484375000,1.30862046050,0.621594718738
0.062500000,-0.484375000,1.29725270167,0.616195033293
0.078125000,-0.484375000,1.28263368766,0.609251001640
0.093750000,-0.484375000,1.26476177417,0.600761842729
0.109375000,-0.484375000,1.24363589590,0.590727050554
0.125000000,-0.484375000,1.21925613431,0.579146663796
0.140625000,-0.484375000,1.19162439021,0.566021585348
0.156250000,-0.484375000,1.16074516083,0.551353951393
0.171875000,-0.484375000,1.12662642237,0.535147550625
0.187500000,-0.484375000,1.08928061910,0.517408294071
0.203125000,-0.484375000,1.04872575837,0.498144735227
0.218750000,-0.484375000,1.00498661253,0.477368640952
0.234375000,-0.484375000,0.958096028443,0.455095613511
0.250000000,-0.484375000,0.908096343904,0.431345763354
0.265625000,-0.484375000,0.855040911710,0.406144433062
0.281250000,-0.484375000,0.798995729719,0.379522971617
0.296875000,-0.484375000,0.740041177842,0.351519559475
0.312500000,-0.484375000,0.678273858835,0.322180082947
0.328125000,-0.484375000,0.613808542385,0.291559057633
0.343750000,-0.484375000,0.546780209013,0.259720599281
0.359375000,-0.484375000,0.477346190589,0.226739440530
0.375000000,-0.484375000,0.405688402774,0.192701991318
0.390625000,-0.484375000,0.332015663250,0.157707440044
0.406250000,-0.484375000,0.256566088179,0.121868891885
0.421875000,-0.484375000,0.179609558495,0.0853145402851
0.437500000,-0.484375000,0.101450242799,0.0481888653297
0.453125000,-0.484375000,0.0224291644324,0.0106538531054
0.468750000,-0.484375000,-0.0570732056963,-0.0271097727057
0.484375000,-0.484375000,-0.136634350532,-0.0649013165027
0.500000000,-0.484375000,-0.215787127667,-0.102498885642
0.515625000,-0.484375000,-0.294017240747,-0.139658189355
0.531250000,-0.484375000,-0.370760794353,-0.176111377318
0.546875000,-0.484375000,-0.445401979794,-0.211565940402
0.562500000,-0.484375000,-0.517270938044,-0.245703695571
0.578125000,-0.484375000,-0.585641863941,-0.278179885372
0.593750000,-0.484375000,-0.649731421565,-0.308622425244
0.609375000,-0.484375000,-0.708697557145,-0.336631339644
0.625000000,-0.484375000,-0.761638809722,-0.361778434618
0.640625000,-0.484375000,-0.807594238730,-0.383607263397
0.656250000,-0.484375000,-0.845544111091,-0.401633452768
0.671875000,-0.484375000,-0.874411513350,-0.415345468841
0.687500000,-0.484375000,-0.893065087225,-0.424205916432
0.703125000,-0.484375000,-0.900323122666,-0.427653483266
0.718750000,-0.484375000,-0.894959285036,-0.425105660392
0.734375000,-0.484375000,-0.875710303789,-0.415962394300
0.750000000,-0.484375000,-0.841286012205,-0.399610855797
0.765625000,-0.484375000,-0.790382198772,-0.375431544417
0.781250000,-0.484375000,-0.721696817937,-0.342805988520
0.796875000,-0.484375000,-0.633950211210,-0.301126350325
0.812500000,-0.484375000,-0.525910114419,-0.249807304349
0.828125000,-0.484375000,-0.396422374739,-0.188300628001
0.843750000,-0.484375000,-0.244448482649,-0.116113029258
0.859375000,-0.484375000,-0.0691112394923,-0.0328278387588
0.875000000,-0.484375000,,
0.890625000,-0.484375000,,
0.906250000,-0.484375000,,
0.921875000,-0.484375000,,
0.937500000,-0.484375000,,
0.953125000,-0.484375000,,
0.968750000,-0.484375000,,
0.984375000,-0.484375000,,
1.000000000,-0.484375000,,
-1.000000000,-0.468750000,,
-0.984375000,-0.468750000,,
-0.968750000,-0.468750000,,
-0.953125000,-0.468750000,,
-0.937500000,-0.468750000,,
-0.921875000,-0.468750000,,
-0.906250000,-0.468750000,,
-0.890625000,-0.468750000,,
-0.875000000,-0.468750000,,
-0.859375000,-0.468750000,-0.131644072418,-0.0625309343983
-0.843750000,-0.468750000,-0.306456779117,-0.145566970081
-0.828125000,-0.468750000,-0.457243864122,-0.217190835458
-0.812500000,-0.468750000,-0.585033681068,-0.277890998507
-0.796875000,-0.468750000,-0.690992375752,-0.328221378482
-0.781250000,-0.468750000,-0.776381569673,-0.368781245594
-0.765625000,-0.468750000,-0.842523687492,-0.400198751559
-0.750000000,-0.468750000,-0.890773683570,-0.423117499696
-0.734375000,-0.468750000,-0.922496127033,-0.438185660340
-0.718750000,-0.468750000,-0.939046776219,-0.446047218704
-0.703125000,-0.468750000,-0.941757910510,-0.447335007492
-0.687500000,-0.468750000,-0.931926806661,-0.442665233164
-0.671875000,-0.468750000,-0.910806843570,-0.432633250696
-0.656250000,-0.468750000,-0.879600801268,-0.417810380602
-0.640625000,-0.468750000,-0.839455987414,-0.398741594022
-0.625000000,-0.468750000,-0.791460883519,-0.375943919672
-0.609375000,-0.468750000,-0.736643048842,-0.349905448200
-0.593750000,-0.468750000,-0.675968063522,-0.321084830173
-0.578125000,-0.468750000,-0.610339323365,-0.289911178599
-0.562500000,-0.468750000,-0.540598530360,-0.256784301921
-0.546875000,-0.468750000,-0.467526746171,-0.222075204431
-0.531250000,-0.468750000,-0.391845895204,-0.186126800222
-0.515625000,-0.468750000,-0.314220625286,-0.149254797011
-0.500000000,-0.468750000,-0.235260442566,-0.111748710219
-0.484375000,-0.468750000,-0.155522057443,-0.0738729772852
-0.468750000,-0.468750000,-0.0755118814863,-0.0358681437060
-0.453125000,-0.468750000,0.00431137054391,0.00204790100836
-0.437500000,-0.468750000,0.0835340127273,0.0396786560455
-0.421875000,-0.468750000,0.161784689686,0.0768477276008
-0.406250000,-0.468750000,0.238731672758,0.113397544560
-0.390625000,-0.468750000,0.314080176655,0.149188083911
-0.375000000,-0.468750000,0.387569713255,0.184095613796
-0.359375000,-0.468750000,0.458971499729,0.218011462371
-0.343750000,-0.468750000,0.528085933357,0.250840818345
-0.328125000,-0.468750000,0.594740142782,0.282501567821
-0.312500000,-0.468750000,0.658785625313,0.312923172024
-0.296875000,-0.468750000,0.720095976029,0.342045588614
-0.281250000,-0.468750000,0.778564713618,0.369818238969
-0.265625000,-0.468750000,0.834103208425,0.396199024002
-0.250000000,-0.468750000,0.886638713202,0.421153388771
-0.234375000,-0.468750000,0.936112501235,0.444653438087
-0.218750000,-0.468750000,0.982478111990,0.466677103195
-0.203125000,-0.468750000,1.02569970489,0.487207359823
-0.187500000,-0.468750000,1.06575052267,0.506231498270
-0.171875000,-0.468750000,1.10261146372,0.523740445268
-0.156250000,-0.468750000,1.13626976376,0.539728137787
-0.140625000,-0.468750000,1.16671778560,0.554190948161
-0.125000000,-0.468750000,1.19395191791,0.567127161007
-0.109375000,-0.468750000,1.21797158056,0.578536500766
-0.093750000,-0.468750000,1.23877833823,0.588419710661
-0.078125000,-0.468750000,1.25637511862,0.596778181343
-0.062500000,-0.468750000,1.27090979909,0.603682154567
-0.046875000,-0.468750000,1.28192750591,0.608915565307
-0.031250000,-0.468750000,1.28996801470,0.612734806984
-0.015625000,-0.468750000,1.29478206251,0.615021479691
0.000000000,-0.468750000,1.29638503057,0.615782889519
0.015625000,-0.468750000,1.29478206251,0.615021479691
0.031250000,-0.468750000,1.28996801470,0.612734806984
0.046875000,-0.468750000,1.28192750591,0.608915565307
0.062500000,-0.468750000,1.27090979909,0.603682154567
0.078125000,-0.468750000,1.25637511862,0.596778181343
0.093750000,-0.468750000,1.23877833823,0.588419710661
0.109375000,-0.468750000,1.21797158056,0.578536500766
0.125000000,-0.468750000,1.19395191791,0.567127161007
0.140625000,-0.468750000,1.16671778560,0.554190948161
0.156250000,-0.468750000,1.13626976376,0.539728137787
0.171875000,-0.468750000,1.10261146372,0.523740445268
0.187500000,-0.468750000,1.06575052267,0.506231498270
0.203125000,-0.468750000,1.02569970489,0.487207359823
0.218750000,-0.468750000,0.982478111990,0.466677103195
0.234375000,-0.468750000,0.936112501235,0.444653438087
0.250000000,-0.468750000,0.886638713202,0.421153388771
0.265625000,-0.468750000,0.834103208425,0.396199024002
0.281250000,-0.468750000,0.778564713618,0.369818238969
0.296875000,-0.468750000,0.720095976029,0.342045588614
0.312500000,-0.468750000,0.658785625313,0.312923172024
0.328125000,-0.468750000,0.594740142782,0.282501567821
0.343750000,-0.468750000,0.528085933357,0.250840818345
0.359375000,-0.468750000,0.458971499729,0.218011462371
0.375000000,-0.468750000,0.387569713255,0.184095613796
0.390625000,-0.468750000,0.314080176655,0.149188083911
0.406250000,-0.468750000,0.238731672758,0.113397544560
0.421875000,-0.468750000,0.161784689686,0.0768477276008
0.437500000,-0.468750000,0.0835340127273,0.0396786560455
0.453125000,-0.468750000,0.00431137054391,0.00204790100836
0.468750000,-0.468750000,-0.0755118814863,-0.0358681437060
0.484375000,-0.468750000,-0.155522057443,-0.0738729772852
0.500000000,-0.468750000,-0.235260442566,-0.111748710219
0.515625000,-0.468750000,-0.314220625286,-0.149254797011
0.531250000,-0.468750000,-0.391845895204,-0.186126800222
0.546875000,-0.468750000,-0.467526746171,-0.222075204431
0.562500000,-0.468750000,-0.540598530360,-0.256784301921
0.578125000,-0.468750000,-0.610339323365,-0.289911178599
0.593750000,-0.468750000,-0.675968063522,-0.321084830173
0.609375000,-0.468750000,-0.736643048842,-0.349905448200
0.625000000,-0.468750000,-0.791460883519,-0.375943919672
0.640625000,-0.468750000,-0.839455987414,-0.398741594022
0.656250000,-0.468750000,-0.879600801268,-0.417810380602
0.671875000,-0.468750000,-0.910806843570,-0.432633250696
0.687500000,-0.468750000,-0.931926806661,-0.442665233164
0.703125000,-0.468750000,-0.941757910510,-0.447335007492
0.718750000,-0.468750000,-0.939046776219,-0.446047218704
0.734375000,-0.468750000,-0.922496127033,-0.438185660340
0.750000000,-0.468750000,-0.890773683570,-0.423117499696
0.765625000,-0.468750000,-0.842523687492,-0.400198751559
0.781250000,-0.468750000,-0.776381569673,-0.368781245594
0.796875000,-0.468750000,-0.690992375752,-0.328221378482
0.812500000,-0.468750000,-0.585033681068,-0.277890998507
0.828125000,-0.468750000,-0.457243864122,-0.217190835458
0.843750000,-0.468750000,-0.306456779117,-0.145566970081
0.859375000,-0.468750000,-0.131644072418,-0.0625309343983
0.875000000,-0.468750000,,
0.890625000,-0.468750000,,
0.906250000,-0.468750000,,
0.921875000,-0.468750000,,
0.937500000,-0.468750000,,
0.953125000,-0.468750000,,
0.968750000,-0.468750000,,
0.984375000,-0.468750000,,
1.000000000,-0.468750000,,
-1.000000000,-0.453125000,,
-0.984375000,-0.453125000,,
-0.968750000,-0.453125000,,
-0.953125000,-0.453125000,,
-0.937500000,-0.453125000,,
-0.921875000,-0.453125000,,
-0.906250000,-0.453125000,,
-0.890625000,-0.453125000,,
-0.875000000,-0.453125000,0.00422263527215,0.00200575175427
-0.859375000,-0.453125000,-0.195266503876,-0.0927515893412
-0.843750000,-0.453125000,-0.369153215801,-0.175347777505
-0.828125000,-0.453125000,-0.518439423652,-0.246258726234
-0.812500000,-0.453125000,-0.644291113526,-0.306038278925
-0.796875000,-0.453125000,-0.747990485472,-0.355295480599
-0.781250000,-0.453125000,-0.830896705834,-0.394675935271
-0.765625000,-0.453125000,-0.894413853566,-0.424846580444
-0.750000000,-0.453125000,-0.939964887167,-0.446483321404
-0.734375000,-0.453125000,-0.968970649874,-0.460261058690
-0.718750000,-0.453125000,-0.982833092038,-0.466845718718
-0.703125000,-0.453125000,-0.982922020098,-0.466887959547
-0.687500000,-0.453125000,-0.970564793803,-0.461018277056
-0.671875000,-0.453125000,-0.947038483279,-0.449843279558
-0.656250000,-0.453125000,-0.913564077426,-0.433942936777
-0.640625000,-0.453125000,-0.871302397071,-0.413868638609
-0.625000000,-0.453125000,-0.821351421183,-0.390141925062
-0.609375000,-0.453125000,-0.764744781585,-0.363253771253
-0.593750000,-0.453125000,-0.702451217609,-0.333664328364
-0.578125000,-0.453125000,-0.635374815859,-0.301803037533
-0.562500000,-0.453125000,-0.564355886731,-0.268069046197
-0.546875000,-0.453125000,-0.490172354079,-0.232831868187
-0.531250000,-0.453125000,-0.413541550911,-0.196432236683
-0.515625000,-0.453125000,-0.335122333790,-0.159183108550
-0.500000000,-0.453125000,-0.255517440398,-0.121370784189
-0.484375000,-0.453125000,-0.175276027949,-0.0832561132760
-0.468750000,-0.453125000,-0.0948963381730,-0.0450757606322
-0.453125000,-0.453125000,-0.0148284460644,-0.00704351188059
-0.437500000,-0.453125000,0.0645229446388,0.0306483987034
-0.421875000,-0.453125000,0.142795692355,0.0678279538685
-0.406250000,-0.453125000,0.219667416970,0.104342023061
-0.390625000,-0.453125000,0.294852732726,0.140055048045
-0.375000000,-0.453125000,0.368100528783,0.174847751172
-0.359375000,-0.453125000,0.439191314476,0.208615874376
-0.343750000,-0.453125000,0.507934638521,0.241268953297
-0.328125000,-0.453125000,0.574166593593,0.272729131957
-0.312500000,-0.453125000,0.637747411986,0.302930020694
-0.296875000,-0.453125000,0.698559159504,0.331815600764
-0.281250000,-0.453125000,0.756503531052,0.359339177250
-0.265625000,-0.453125000,0.811499751728,0.385462382071
-0.250000000,-0.453125000,0.863482586247,0.410154228467
-0.234375000,-0.453125000,0.912400457252,0.433390217195
-0.218750000,-0.453125000,0.958213674473,0.455151495375
-0.203125000,-0.453125000,1.00089277536,0.475424068297
-0.187500000,-0.453125000,1.04041697600,0.494198063600
-0.171875000,-0.453125000,1.07677273453,0.511467048903
-0.156250000,-0.453125000,1.10995242340,0.527227401117
-0.140625000,-0.453125000,1.13995311318,0.541477728760
-0.125000000,-0.453125000,1.16677546542,0.554218346072
-0.109375000,-0.453125000,1.19042273313,0.565450798235
-0.093750000,-0.453125000,1.21089987042,0.575177438450
-0.078125000,-0.453125000,1.22833783623,0.583460472208
-0.062500000,-0.453125000,1.24246571256,0.590171213468
-0.046875000,-0.453125000,1.25337561263,0.595353416001
-0.031250000,-0.453125000,1.26126274382,0.599099803313
-0.015625000,-0.453125000,1.26598436669,0.601342574179
0.000000000,-0.453125000,1.26755646006,0.602089318528
0.015625000,-0.453125000,1.26598436669,0.601342574179
0.031250000,-0.453125000,1.26126274382,0.599099803313
0.046875000,-0.453125000,1.25337561263,0.595353416001
0.062500000,-0.453125000,1.24246571256,0.590171213468
0.078125000,-0.453125000,1.22833783623,0.583460472208
0.093750000,-0.453125000,1.21089987042,0.575177438450
0.109375000,-0.453125000,1.19042273313,0.565450798235
0.125000000,-0.453125000,1.16677546542,0.554218346072
0.140625000,-0.453125000,1.13995311318,0.541477728760
0.156250000,-0.453125000,1.10995242340,0.527227401117
0.171875000,-0.453125000,1.07677273453,0.511467048903
0.187500000,-0.453125000,1.04041697600,0.494198063600
0.203125000,-0.453125000,1.00089277536,0.475424068297
0.218750000,-0.453125000,0.958213674473,0.455151495375
0.234375000,-0.453125000,0.912400457252,0.433390217195
0.250000000,-0.453125000,0.863482586247,0.410154228467
0.265625000,-0.453125000,0.811499751728,0.385462382071
0.281250000,-0.453125000,0.756503531052,0.359339177250
0.296875000,-0.453125000,0.698559159504,0.331815600764
0.312500000,-0.453125000,0.637747411986,0.302930020694
0.328125000,-0.453125000,0.574166593593,0.272729131957
0.343750000,-0.453125000,0.507934638521,0.241268953297
0.359375000,-0.453125000,0.439191314476,0.208615874376
0.375000000,-0.453125000,0.368100528783,0.174847751172
0.390625000,-0.453125000,0.294852732726,0.140055048045
0.406250000,-0.453125000,0.219667416970,0.104342023061
0.421875000,-0.453125000,0.142795692355,0.0678279538685
0.437500000,-0.453125000,0.0645229446388,0.0306483987034
0.453125000,-0.453125000,-0.0148284460644,-0.00704351188059
0.468750000,-0.453125000,-0.0948963381730,-0.0450757606322
0.484375000,-0.453125000,-0.175276027949,-0.0832561132760
0.500000000,-0.453125000,-0.255517440398,-0.121370784189
0.515625000,-0.453125000,-0.335122333790,-0.159183108550
0.531250000,-0.453125000,-0.413541550911,-0.196432236683
0.546875000,-0.453125000,-0.490172354079,-0.232831868187
0.562500000,-0.453125000,-0.564355886731,-0.268069046197
0.578125000,-0.453125000,-0.635374815859,-0.301803037533
0.593750000,-0.453125000,-0.702451217609,-0.333664328364
0.609375000,-0.453125000,-0.764744781585,-0.363253771253
0.625000000,-0.453125000,-0.821351421183,-0.390141925062
0.640625000,-0.453125000,-0.871302397071,-0.413868638609
0.656250000,-0.453125000,-0.913564077426,-0.433942936777
0.671875000,-0.453125000,-0.947038483279,-0.449843279558
0.687500000,-0.453125000,-0.970564793803,-0.461018277056
0.703125000,-0.453125000,-0.982922020098,-0.466887959547
0.718750000,-0.453125000,-0.982833092038,-0.466845718718
0.734375000,-0.453125000,-0.968970649874,-0.460261058690
0.750000000,-0.453125000,-0.939964887167,-0.446483321404
0.765625000,-0.453125000,-0.894413853566,-0.424846580444
0.781250000,-0.453125000,-0.830896705834,-0.394675935271
0.796875000,-0.453125000,-0.747990485472,-0.355295480599
0.812500000,-0.453125000,-0.644291113526,-0.306038278925
0.828125000,-0.453125000,-0.518439423652,-0.246258726234
0.843750000,-0.453125000,-0.369153215801,-0.175347777505
0.859375000,-0.453125000,-0.195266503876,-0.0927515893412
0.875000000,-0.453125000,0.00422263527215,0.00200575175427
0.890625000,-0.453125000,,
0.906250000,-0.453125000,,
0.921875000,-0.453125000,,
0.937500000,-0.453125000,,
0.953125000,-0.453125000,,
0.968750000,-0.453125000,,
0.984375000,-0.453125000,,
1.000000000,-0.453125000,,
-1.000000000,-0.437500000,,
-0.984375000,-0.437500000,,
-0.968750000,-0.437500000,,
-0.953125000,-0.437500000,,
-0.937500000,-0.437500000,,
-0.921875000,-0.437500000,,
-0.906250000,-0.437500000,,
-0.890625000,-0.437500000,,
-0.875000000,-0.437500000,-0.0603165419908,-0.0286503574456
-0.859375000,-0.437500000,-0.259204987894,-0.123122369250
-0.843750000,-0.437500000,-0.431844255116,-0.205126021180
-0.828125000,-0.437500000,-0.579384897606,-0.275207826363
-0.812500000,-0.437500000,-0.703118403741,-0.333981241777
-0.796875000,-0.437500000,-0.804432646720,-0.382105507192
-0.781250000,-0.437500000,-0.884775450114,-0.420268338804
-0.765625000,-0.437500000,-0.945624937862,-0.449171845485
-0.750000000,-0.437500000,-0.988465557477,-0.469521139802
-0.734375000,-0.437500000,-1.01476885041,-0.482015203942
-0.718750000,-0.437500000,-1.02597818926,-0.487339639900
-0.703125000,-0.437500000,-1.02349683137,-0.486160994903
-0.687500000,-0.437500000,-1.00867873906,-0.479122401052
-0.671875000,-0.437500000,-0.982821707986,-0.466840311293
-0.656250000,-0.437500000,-0.947162412572,-0.449902145972
-0.640625000,-0.437500000,-0.902873045200,-0.428864696470
-0.625000000,-0.437500000,-0.851059271022,-0.404253153736
-0.609375000,-0.437500000,-0.792759267435,-0.376560652032
-0.593750000,-0.437500000,-0.728943651813,-0.346248234611
-0.578125000,-0.437500000,-0.660516132514,-0.313745162944
-0.562500000,-0.437500000,-0.588314742748,-0.279449502805
-0.546875000,-0.437500000,-0.513113541060,-0.243728932003
-0.531250000,-0.437500000,-0.435624677966,-0.206921722034
-0.515625000,-0.437500000,-0.356500745668,-0.169337854193
-0.500000000,-0.437500000,-0.276337341436,-0.131260237182
-0.484375000,-0.437500000,-0.195675784027,-0.0929459974129
-0.468750000,-0.437500000,-0.115005935173,-0.0546278192072
-0.453125000,-0.437500000,-0.0347690838722,-0.0165153148393
-0.437500000,-0.437500000,0.0446391406059,0.0212035917878
-0.421875000,-0.437500000,0.122865855640,0.0583612814290
-0.406250000,-0.437500000,0.199598036595,0.0948090673828
-0.390625000,-0.437500000,0.274559670602,0.130415843536
-0.375000000,-0.437500000,0.347508971133,0.165066761288
-0.359375000,-0.437500000,0.418235663304,0.198661940070
-0.343750000,-0.437500000,0.486558353682,0.231115217999
-0.328125000,-0.437500000,0.552321990234,0.262352945361
-0.312500000,-0.437500000,0.615395420782,0.292312824871
-0.296875000,-0.437500000,0.675669054137,0.320942800715
-0.281250000,-0.437500000,0.733052627760,0.348199998186
-0.265625000,-0.437500000,0.787473085294,0.374049715515
-0.250000000,-0.437500000,0.838872564964,0.398464468358
-0.234375000,-0.437500000,0.887206501028,0.421423087988
-0.218750000,-0.437500000,0.932441838121,0.442909873107
-0.203125000,-0.437500000,0.974555359007,0.462913795528
-0.187500000,-0.437500000,1.01353212604,0.481427759869
-0.171875000,-0.437500000,1.04936403444,0.498447916357
-0.156250000,-0.437500000,1.08204847843,0.513973027252
-0.140625000,-0.437500000,1.11158712875,0.528003886158
-0.125000000,-0.437500000,1.13798481978,0.540542789394
-0.109375000,-0.437500000,1.16124854718,0.551593059912
-0.093750000,-0.437500000,1.18150571124,0.561215212841
-0.078125000,-0.437500000,1.19849473247,0.569284997925
-0.062500000,-0.437500000,1.21226754266,0.575827082764
-0.046875000,-0.437500000,1.22314049198,0.580991733690
-0.031250000,-0.437500000,1.23087939248,0.584667711430
-0.015625000,-0.437500000,1.23551168753,0.586868051576
0.000000000,-0.437500000,1.23705394010,0.587600621549
0.015625000,-0.437500000,1.23551168753,0.586868051576
0.031250000,-0.437500000,1.23087939248,0.584667711430
0.046875000,-0.437500000,1.22314049198,0.580991733690
0.062500000,-0.437500000,1.21226754266,0.575827082764
0.078125000,-0.437500000,1.19849473247,0.569284997925
0.093750000,-0.437500000,1.18150571124,0.561215212841
0.109375000,-0.437500000,1.16124854718,0.551593059912
0.125000000,-0.437500000,1.13798481978,0.540542789394
0.140625000,-0.437500000,1.11158712875,0.528003886158
0.156250000,-0.437500000,1.08204847843,0.513973027252
0.171875000,-0.437500000,1.04936403444,0.498447916357
0.187500000,-0.437500000,1.01353212604,0.481427759869
0.203125000,-0.437500000,0.974555359007,0.462913795528
0.218750000,-0.437500000,0.932441838121,0.442909873107
0.234375000,-0.437500000,0.887206501028,0.421423087988
0.250000000,-0.437500000,0.838872564964,0.398464468358
0.265625000,-0.437500000,0.787473085294,0.374049715515
0.281250000,-0.437500000,0.733052627760,0.348199998186
0.296875000,-0.437500000,0.675669054137,0.320942800715
0.312500000,-0.437500000,0.615395420782,0.292312824871
0.328125000,-0.437500000,0.552321990234,0.262352945361
0.343750000,-0.437500000,0.486558353682,0.231115217999
0.359375000,-0.437500000,0.418235663304,0.198661940070
0.375000000,-0.437500000,0.347508971133,0.165066761288
0.390625000,-0.437500000,0.274559670602,0.130415843536
0.406250000,-0.437500000,0.199598036595,0.0948090673828
0.421875000,-0.437500000,0.122865855640,0.0583612814290
0.437500000,-0.437500000,0.0446391406059,0.0212035917878
0.453125000,-0.437500000,-0.0347690838722,-0.0165153148393
0.468750000,-0.437500000,-0.115005935173,-0.0546278192072
0.484375000,-0.437500000,-0.195675784027,-0.0929459974129
0.500000000,-0.437500000,-0.276337341436,-0.131260237182
0.515625000,-0.437500000,-0.356500745668,-0.169337854193
0.531250000,-0.437500000,-0.435624677966,-0.206921722034
0.546875000,-0.437500000,-0.513113541060,-0.243728932003
0.562500000,-0.437500000,-0.588314742748,-0.279449502805
0.578125000,-0.437500000,-0.660516132514,-0.313745162944
0.593750000,-0.437500000,-0.728943651813,-0.346248234611
0.609375000,-0.437500000,-0.792759267435,-0.376560652032
0.625000000,-0.437500000,-0.851059271022,-0.404253153736
0.640625000,-0.437500000,-0.902873045200,-0.428864696470
0.656250000,-0.437500000,-0.947162412572,-0.449902145972
0.671875000,-0.437500000,-0.982821707986,-0.466840311293
0.687500000,-0.437500000,-1.00867873906,-0.479122401052
0.703125000,-0.437500000,-1.02349683137,-0.486160994903
0.718750000,-0.437500000,-1.02597818926,-0.487339639900
0.734375000,-0.437500000,-1.01476885041,-0.482015203942
0.750000000,-0.437500000,-0.988465557477,-0.469521139802
0.765625000,-0.437500000,-0.945624937862,-0.449171845485
0.781250000,-0.437500000,-0.884775450114,-0.420268338804
0.796875000,-0.437500000,-0.804432646720,-0.382105507192
0.812500000,-0.437500000,-0.703118403741,-0.333981241777
0.828125000,-0.437500000,-0.579384897606,-0.275207826363
0.843750000,-0.437500000,-0.431844255116,-0.205126021180
0.859375000,-0.437500000,-0.259204987894,-0.123122369250
0.875000000,-0.437500000,-0.0603165419908,-0.0286503574456
0.890625000,-0.437500000,,
0.906250000,-0.437500000,,
0.921875000,-0.437500000,,
0.937500000,-0.437500000,,
0.953125000,-0.437500000,,
0.968750000,-0.437500000,,
0.984375000,-0.437500000,,
1.000000000,-0.437500000,,
-1.000000000,-0.421875000,,
-0.984375000,-0.421875000,,
-0.968750000,-0.421875000,,
-0.953125000,-0.421875000,,
-0.937500000,-0.421875000,,
-0.921875000,-0.421875000,,
-0.906250000,-0.421875000,,
-0.890625000,-0.421875000,0.101086589770,0.0480161301406
-0.875000000,-0.421875000,-0.124803418548,-0.0592816238104
-0.859375000,-0.421875000,-0.322761434518,-0.153311681396
-0.843750000,-0.421875000,-0.493903538816,-0.234604180937
-0.828125000,-0.421875000,-0.639516172366,-0.303770181874
-0.812500000,-0.421875000,-0.761005432473,-0.361477580425
-0.796875000,-0.421875000,-0.859855551493,-0.408431386959
-0.781250000,-0.421875000,-0.937595044505,-0.445357646140
-0.765625000,-0.421875000,-0.995769267808,-0.472990402209
-0.750000000,-0.421875000,-1.03591833436,-0.492061208821
-0.734375000,-0.421875000,-1.05955950709,-0.503290765866
-0.718750000,-0.421875000,-1.06817333242,-0.507382332901
-0.703125000,-0.421875000,-1.06319289521,-0.505016625224
-0.687500000,-0.421875000,-1.04599567603,-0.496847946116
-0.671875000,-0.421875000,-1.01789757435,-0.483501347815
-0.656250000,-0.421875000,-0.980148728708,-0.465570646136
-0.640625000,-0.421875000,-0.933930825537,-0.443617142130
-0.625000000,-0.421875000,-0.880355635841,-0.418168927025
-0.609375000,-0.421875000,-0.820464558545,-0.389720665309
-0.593750000,-0.421875000,-0.755228986402,-0.358733768541
-0.578125000,-0.421875000,-0.685551337599,-0.325636885359
-0.562500000,-0.421875000,-0.612266621190,-0.290826645065
-0.546875000,-0.421875000,-0.536144425294,-0.254668602015
-0.531250000,-0.421875000,-0.457891235024,-0.217498336636
-0.515625000,-0.421875000,-0.378153001457,-0.179622675692
-0.500000000,-0.421875000,-0.297517894087,-0.141320999691
-0.484375000,-0.421875000,-0.216519184651,-0.102846612709
-0.468750000,-0.421875000,-0.135638212007,-0.0644281507034
-0.453125000,-0.421875000,-0.0553073932483,-0.0262710117929
-0.437500000,-0.421875000,0.0240867542891,0.0114412082873
-0.421875000,-0.421875000,0.102200604298,0.0485452870417
-0.406250000,-0.421875000,0.178730450186,0.0848969638382
-0.390625000,-0.421875000,0.253409586936,0.120369553795
-0.375000000,-0.421875000,0.326005462509,0.154852594692
-0.359375000,-0.421875000,0.396316910276,0.188250532381
-0.343750000,-0.421875000,0.464171471018,0.220481448733
-0.328125000,-0.421875000,0.529422813400,0.251475836365
-0.312500000,-0.421875000,0.591948256920,0.281175422037
-0.296875000,-0.421875000,0.651646403594,0.309532041707
-0.281250000,-0.421875000,0.708434880268,0.336506568127
-0.265625000,-0.421875000,0.762248193772,0.362067892042
-0.250000000,-0.421875000,0.813035701273,0.386191958105
-0.234375000,-0.421875000,0.860759695767,0.408860855490
-0.218750000,-0.421875000,0.905393606993,0.430061963322
-0.203125000,-0.421875000,0.946920318511,0.449787151293
-0.187500000,-0.421875000,0.985330599195,0.468032034618
-0.171875000,-0.421875000,1.02062164928,0.484795283409
-0.156250000,-0.421875000,1.05279576007,0.500077986031
-0.140625000,-0.421875000,1.08185908589,0.513883065799
-0.125000000,-0.421875000,1.10782052711,0.526214750379
-0.109375000,-0.421875000,1.13081695343,0.537138052880
-0.093750000,-0.421875000,1.15056823392,0.546519911111
-0.078125000,-0.421875000,1.16726306080,0.554449953879
-0.062500000,-0.421875000,1.18080846937,0.560884022951
-0.046875000,-0.421875000,1.19148277690,0.565954319025
-0.031250000,-0.421875000,1.19907884167,0.569562449795
-0.015625000,-0.421875000,1.20362505542,0.571721901325
0.000000000,-0.421875000,1.20513855103,0.572440811739
0.015625000,-0.421875000,1.20362505542,0.571721901325
0.031250000,-0.421875000,1.19907884167,0.569562449795
0.046875000,-0.421875000,1.19148277690,0.565954319025
0.062500000,-0.421875000,1.18080846937,0.560884022951
0.078125000,-0.421875000,1.16726306080,0.554449953879
0.093750000,-0.421875000,1.15056823392,0.546519911111
0.109375000,-0.421875000,1.13081695343,0.537138052880
0.125000000,-0.421875000,1.10782052711,0.526214750379
0.140625000,-0.421875000,1.08185908589,0.513883065799
0.156250000,-0.421875000,1.05279576007,0.500077986031
0.171875000,-0.421875000,1.02062164928,0.484795283409
0.187500000,-0.421875000,0.985330599195,0.468032034618
0.203125000,-0.421875000,0.946920318511,0.449787151293
0.218750000,-0.421875000,0.905393606993,0.430061963322
0.234375000,-0.421875000,0.860759695767,0.408860855490
0.250000000,-0.421875000,0.813035701273,0.386191958105
0.265625000,-0.421875000,0.762248193772,0.362067892042
0.281250000,-0.421875000,0.708434880268,0.336506568127
0.296875000,-0.421875000,0.651646403594,0.309532041707
0.312500000,-0.421875000,0.591948256920,0.281175422037
0.328125000,-0.421875000,0.529422813400,0.251475836365
0.343750000,-0.421875000,0.464171471018,0.220481448733
0.359375000,-0.421875000,0.396316910276,0.188250532381
0.375000000,-0.421875000,0.326005462509,0.154852594692
0.390625000,-0.421875000,0.253409586936,0.120369553795
0.406250000,-0.421875000,0.178730450186,0.0848969638382
0.421875000,-0.421875000,0.102200604298,0.0485452870417
0.437500000,-0.421875000,0.0240867542891,0.0114412082873
0.453125000,-0.421875000,-0.0553073932483,-0.0262710117929
0.468750000,-0.421875000,-0.135638212007,-0.0644281507034
0.484375000,-0.421875000,-0.216519184651,-0.102846612709
0.500000000,-0.421875000,-0.297517894087,-0.141320999691
0.515625000,-0.421875000,-0.378153001457,-0.179622675692
0.531250000,-0.421875000,-0.457891235024,-0.217498336636
0.546875000,-0.421875000,-0.536144425294,-0.254668602015
0.562500000,-0.421875000,-0.612266621190,-0.290826645065
0.578125000,-0.421875000,-0.685551337599,-0.325636885359
0.593750000,-0.421875000,-0.755228986402,-0.358733768541
0.609375000,-0.421875000,-0.820464558545,-0.389720665309
0.625000000,-0.421875000,-0.880355635841,-0.418168927025
0.640625000,-0.421875000,-0.933930825537,-0.443617142130
0.656250000,-0.421875000,-0.980148728708,-0.465570646136
0.671875000,-0.421875000,-1.01789757435,-0.483501347815
0.687500000,-0.421875000,-1.04599567603,-0.496847946116
0.703125000,-0.421875000,-1.06319289521,-0.505016625224
0.718750000,-0.421875000,-1.06817333242,-0.507382332901
0.734375000,-0.421875000,-1.05955950709,-0.503290765866
0.750000000,-0.421875000,-1.03591833436,-0.492061208821
0.765625000,-0.421875000,-0.995769267808,-0.472990402209
0.781250000,-0.421875000,-0.937595044505,-0.445357646140
0.796875000,-0.421875000,-0.859855551493,-0.408431386959
0.812500000,-0.421875000,-0.761005432473,-0.361477580425
0.828125000,-0.421875000,-0.639516172366,-0.303770181874
0.843750000,-0.421875000,-0.493903538816,-0.234604180937
0.859375000,-0.421875000,-0.322761434518,-0.153311681396
0.875000000,-0.421875000,-0.124803418548,-0.0592816238104
0.890625000,-0.421875000,0.101086589770,0.0480161301406
0.906250000,-0.421875000,,
0.921875000,-0.421875000,,
0.937500000,-0.421875000,,
0.953125000,-0.421875000,,
0.968750000,-0.421875000,,
0.984375000,-0.421875000,,
1.000000000,-0.421875000,,
-1.000000000,-0.406250000,,
-0.984375000,-0.406250000,,
-0.968750000,-0.406250000,,
-0.953125000,-0.406250000,,
-0.937500000,-0.406250000,,
-0.921875000,-0.406250000,,
-0.906250000,-0.406250000,,
-0.890625000,-0.406250000,0.0368148322810,0.0174870453335
-0.875000000,-0.406250000,-0.188533146616,-0.0895532446425
-0.859375000,-0.406250000,-0.385305356779,-0.183020044470
-0.843750000,-0.406250000,-0.554765167973,-0.263513454787
-0.828125000,-0.406250000,-0.698323442458,-0.331703635168
-0.812500000,-0.406250000,-0.817491094666,-0.388308269966
-0.796875000,-0.406250000,-0.913840351221,-0.434074166830
-0.781250000,-0.406250000,-0.988973273692,-0.469762305003
-0.765625000,-0.406250000,-1.04449634894,-0.496135765745
-0.750000000,-0.406250000,-1.08200014691,-0.513950069781
-0.734375000,-0.406250000,-1.10304321045,-0.523945524963
-0.718750000,-0.406250000,-1.10913947579,-0.526841251002
-0.703125000,-0.406250000,-1.10174863738,-0.523330602755
-0.687500000,-0.406250000,-1.08226896255,-0.514077757211
-0.671875000,-0.406250000,-1.05203214141,-0.499715267170
-0.656250000,-0.406250000,-1.01229982464,-0.480842416704
-0.640625000,-0.406250000,-0.964261551989,-0.458024237195
-0.625000000,-0.406250000,-0.909033827062,-0.431791067855
-0.609375000,-0.406250000,-0.847660128809,-0.402638561184
-0.593750000,-0.406250000,-0.781111683192,-0.371028049516
-0.578125000,-0.406250000,-0.710288847924,-0.337387202764
-0.562500000,-0.406250000,-0.636022985670,-0.302110918193
-0.546875000,-0.406250000,-0.559078720149,-0.265562392071
-0.531250000,-0.406250000,-0.480156486844,-0.228074331251
-0.515625000,-0.406250000,-0.399895305014,-0.189950269882
-0.500000000,-0.406250000,-0.318875708026,-0.151465961312
-0.484375000,-0.406250000,-0.237622780546,-0.112870820759
-0.468750000,-0.406250000,-0.156609258607,-0.0743893978385
-0.453125000,-0.406250000,-0.0762586569431,-0.0362228620480
-0.437500000,-0.406250000,0.00305160652878,0.00144951310117
-0.421875000,-0.406250000,0.0809871139798,0.0384688791404
-0.406250000,-0.406250000,0.157253398568,0.0746953643200
-0.390625000,-0.406250000,0.231592960265,0.110006656126
-0.375000000,-0.406250000,0.303782359651,0.144296620834
-0.359375000,-0.406250000,0.373629399235,0.177473964637
-0.343750000,-0.406250000,0.440970403310,0.209460941572
-0.328125000,-0.406250000,0.505667600452,0.240192110215
-0.312500000,-0.406250000,0.567606615150,0.269613142196
-0.296875000,-0.406250000,0.626694071810,0.297679684110
-0.281250000,-0.406250000,0.682855313340,0.324356273836
-0.265625000,-0.406250000,0.736032237143,0.349615312643
-0.250000000,-0.406250000,0.786181247957,0.373436092780
-0.234375000,-0.406250000,0.833271329460,0.395803881494
-0.218750000,-0.406250000,0.877282233376,0.416709060853
-0.203125000,-0.406250000,0.918202786241,0.436146323464
-0.187500000,-0.406250000,0.956029312823,0.454113923591
-0.171875000,-0.406250000,0.990764175747,0.470612983480
-0.156250000,-0.406250000,1.02241442885,0.485646853705
-0.140625000,-0.406250000,1.05099058516,0.499220527951
-0.125000000,-0.406250000,1.07665378429,0.511410547540
-0.109375000,-0.406250000,1.09907215430,0.522059273293
-0.093750000,-0.406250000,1.11847288143,0.531274618677
-0.078125000,-0.406250000,1.13486663770,0.539061652906
-0.062500000,-0.406250000,1.14815048131,0.545371478622
-0.046875000,-0.406250000,1.15863403024,0.550351164363
-0.031250000,-0.406250000,1.16609291620,0.553894135196
-0.015625000,-0.406250000,1.17055645353,0.556014315428
0.000000000,-0.406250000,1.17204232873,0.556720106149
0.015625000,-0.406250000,1.17055645353,0.556014315428
0.031250000,-0.406250000,1.16609291620,0.553894135196
0.046875000,-0.406250000,1.15863403024,0.550351164363
0.062500000,-0.406250000,1.14815048131,0.545371478622
0.078125000,-0.406250000,1.13486663770,0.539061652906
0.093750000,-0.406250000,1.11847288143,0.531274618677
0.109375000,-0.406250000,1.09907215430,0.522059273293
0.125000000,-0.406250000,1.07665378429,0.511410547540
0.140625000,-0.406250000,1.05099058516,0.499220527951
0.156250000,-0.406250000,1.02241442885,0.485646853705
0.171875000,-0.406250000,0.990764175747,0.470612983480
0.187500000,-0.406250000,0.956029312823,0.454113923591
0.203125000,-0.406250000,0.918202786241,0.436146323464
0.218750000,-0.406250000,0.877282233376,0.416709060853
0.234375000,-0.406250000,0.833271329460,0.395803881494
0.250000000,-0.406250000,0.786181247957,0.373436092780
0.265625000,-0.406250000,0.736032237143,0.349615312643
0.281250000,-0.406250000,0.682855313340,0.324356273836
0.296875000,-0.406250000,0.626694071810,0.297679684110
0.312500000,-0.406250000,0.567606615150,0.269613142196
0.328125000,-0.406250000,0.505667600452,0.240192110215
0.343750000,-0.406250000,0.440970403310,0.209460941572
0.359375000,-0.406250000,0.373629399235,0.177473964637
0.375000000,-0.406250000,0.303782359651,0.144296620834
0.390625000,-0.406250000,0.231592960265,0.110006656126
0.406250000,-0.406250000,0.157253398568,0.0746953643200
0.421875000,-0.406250000,0.0809871139798,0.0384688791404
0.437500000,-0.406250000,0.00305160652878,0.00144951310117
0.453125000,-0.406250000,-0.0762586569431,-0.0362228620480
0.468750000,-0.406250000,-0.156609258607,-0.0743893978385
0.484375000,-0.406250000,-0.237622780546,-0.112870820759
0.500000000,-0.406250000,-0.318875708026,-0.151465961312
0.515625000,-0.406250000,-0.399895305014,-0.189950269882
0.531250000,-0.406250000,-0.480156486844,-0.228074331251
0.546875000,-0.406250000,-0.559078720149,-0.265562392071
0.562500000,-0.406250000,-0.636022985670,-0.302110918193
0.578125000,-0.406250000,-0.710288847924,-0.337387202764
0.593750000,-0.406250000,-0.781111683192,-0.371028049516
0.609375000,-0.406250000,-0.847660128809,-0.402638561184
0.625000000,-0.406250000,-0.909033827062,-0.431791067855
0.640625000,-0.406250000,-0.964261551989,-0.458024237195
0.656250000,-0.406250000,-1.01229982464,-0.480842416704
0.671875000,-0.406250000,-1.05203214141,-0.499715267170
0.687500000,-0.406250000,-1.08226896255,-0.514077757211
0.703125000,-0.406250000,-1.10174863738,-0.523330602755
0.718750000,-0.406250000,-1.10913947579,-0.526841251002
0.734375000,-0.406250000,-1.10304321045,-0.523945524963
0.750000000,-0.406250000,-1.08200014691,-0.513950069781
0.765625000,-0.406250000,-1.04449634894,-0.496135765745
0.781250000,-0.406250000,-0.988973273692,-0.469762305003
0.796875000,-0.406250000,-0.913840351221,-0.434074166830
0.812500000,-0.406250000,-0.817491094666,-0.388308269966
0.828125000,-0.406250000,-0.698323442458,-0.331703635168
0.843750000,-0.406250000,-0.554765167973,-0.263513454787
0.859375000,-0.406250000,-0.385305356779,-0.183020044470
0.875000000,-0.406250000,-0.188533146616,-0.0895532446425
0.890625000,-0.406250000,0.0368148322810,0.0174870453335
0.906250000,-0.406250000,,
0.921875000,-0.406250000,,
0.937500000,-0.406250000,,
0.953125000,-0.406250000,,
0.968750000,-0.406250000,,
0.984375000,-0.406250000,,
1.000000000,-0.406250000,,
-1.000000000,-0.390625000,,
-0.984375000,-0.390625000,,
-0.968750000,-0.390625000,,
-0.953125000,-0.390625000,,
-0.937500000,-0.390625000,,
-0.921875000,-0.390625000,,
-0.906250000,-0.390625000,,
-0.890625000,-0.390625000,-0.0263247456581,-0.0125042541876
-0.875000000,-0.390625000,-0.250868919170,-0.119162736606
-0.859375000,-0.390625000,-0.446267132814,-0.211976888087
-0.843750000,-0.390625000,-0.613917938700,-0.291611020882
-0.828125000,-0.390625000,-0.755346293115,-0.358789489229
-0.812500000,-0.390625000,-0.872159116962,-0.414275580557
-0.796875000,-0.390625000,-0.966009113191,-0.458854328766
-0.781250000,-0.390625000,-1.03856547686,-0.493318601508
-0.765625000,-0.390625000,-1.09149035746,-0.518457919794
-0.750000000,-0.390625000,-1.12642012398,-0.535049558890
-0.734375000,-0.390625000,-1.14495063495,-0.543851551599
-0.718750000,-0.390625000,-1.14862584862,-0.545597278096
-0.703125000,-0.390625000,-1.13892921313,-0.540991376235
-0.687500000,-0.390625000,-1.11727736679,-0.530706749227
-0.671875000,-0.390625000,-1.08501575510,-0.515382483673
-0.656250000,-0.390625000,-1.04341583029,-0.495622519388
-0.640625000,-0.390625000,-0.993673556887,-0.471994939522
-0.625000000,-0.390625000,-0.936908985303,-0.445031768019
-0.609375000,-0.390625000,-0.874166696990,-0.415229181070
-0.593750000,-0.390625000,-0.806416953756,-0.383048053034
-0.578125000,-0.390625000,-0.734557410997,-0.348914770224
-0.562500000,-0.390625000,-0.659415276725,-0.313222256445
-0.546875000,-0.390625000,-0.581749816221,-0.276331162705
-0.531250000,-0.390625000,-0.502255120625,-0.238571182297
-0.515625000,-0.390625000,-0.421563067751,-0.200242457182
-0.500000000,-0.390625000,-0.340246417040,-0.161617048094
-0.484375000,-0.390625000,-0.258821990662,-0.122940445565
-0.468750000,-0.390625000,-0.177753898724,-0.0844331018938
-0.453125000,-0.390625000,-0.0974567754275,-0.0462919683281
-0.437500000,-0.390625000,-0.0182989984062,-0.00869202424294
-0.421875000,-0.390625000,0.0593941321331,0.0282122127632
-0.406250000,-0.390625000,0.135337272950,0.0642852046512
-0.390625000,-0.390625000,0.209281991710,0.0994089460623
-0.375000000,-0.390625000,0.281013806174,0.133481557933
-0.359375000,-0.390625000,0.350349320830,0.166415927394
-0.343750000,-0.390625000,0.417133465282,0.198138396009
-0.328125000,-0.390625000,0.481236843241,0.228587500539
-0.312500000,-0.390625000,0.542553194609,0.257712767439
-0.296875000,-0.390625000,0.600996974154,0.285473562723
-0.281250000,-0.390625000,0.656501048916,0.311837998235
-0.265625000,-0.390625000,0.709014516138,0.336781895166
-0.250000000,-0.390625000,0.758500640621,0.360287804295
-0.234375000,-0.390625000,0.804934913897,0.382344084101
-0.218750000,-0.390625000,0.848303232250,0.402944035319
-0.203125000,-0.390625000,0.888600194987,0.422085092619
-0.187500000,-0.390625000,0.925827520453,0.439768072215
-0.171875000,-0.390625000,0.959992579799,0.455996475405
-0.156250000,-0.390625000,0.991107045912,0.470775846808
-0.140625000,-0.390625000,1.01918565694,0.484113187048
-0.125000000,-0.390625000,1.04437036006,0.496075921027
-0.109375000,-0.390625000,1.06638258312,0.506531726981
-0.093750000,-0.390625000,1.08542540221,0.515577066050
-0.078125000,-0.390625000,1.10151202264,0.523218210753
-0.062500000,-0.390625000,1.11465481573,0.529461037470
-0.046875000,-0.390625000,1.12479719447,0.534278667374
-0.031250000,-0.390625000,1.13212483854,0.537759298306
-0.015625000,-0.390625000,1.13650927306,0.539841904704
0.000000000,-0.390625000,1.13796872100,0.540535142477
0.015625000,-0.390625000,1.13650927306,0.539841904704
0.031250000,-0.390625000,1.13212483854,0.537759298306
0.046875000,-0.390625000,1.12479719447,0.534278667374
0.062500000,-0.390625000,1.11465481573,0.529461037470
0.078125000,-0.390625000,1.10151202264,0.523218210753
0.093750000,-0.390625000,1.08542540221,0.515577066050
0.109375000,-0.390625000,1.06638258312,0.506531726981
0.125000000,-0.390625000,1.04437036006,0.496075921027
0.140625000,-0.390625000,1.01918565694,0.484113187048
0.156250000,-0.390625000,0.991107045912,0.470775846808
0.171875000,-0.390625000,0.959992579799,0.455996475405
0.187500000,-0.390625000,0.925827520453,0.439768072215
0.203125000,-0.390625000,0.888600194987,0.422085092619
0.218750000,-0.390625000,0.848303232250,0.402944035319
0.234375000,-0.390625000,0.804934913897,0.382344084101
0.250000000,-0.390625000,0.758500640621,0.360287804295
0.265625000,-0.390625000,0.709014516138,0.336781895166
0.281250000,-0.390625000,0.656501048916,0.311837998235
0.296875000,-0.390625000,0.600996974154,0.285473562723
0.312500000,-0.390625000,0.542553194609,0.257712767439
0.328125000,-0.390625000,0.481236843241,0.228587500539
0.343750000,-0.390625000,0.417133465282,0.198138396009
0.359375000,-0.390625000,0.350349320830,0.166415927394
0.375000000,-0.390625000,0.281013806174,0.133481557933
0.390625000,-0.390625000,0.209281991710,0.0994089460623
0.406250000,-0.390625000,0.135337272950,0.0642852046512
0.421875000,-0.390625000,0.0593941321331,0.0282122127632
0.437500000,-0.390625000,-0.0182989984062,-0.00869202424294
0.453125000,-0.390625000,-0.0974567754275,-0.0462919683281
0.468750000,-0.390625000,-0.177753898724,-0.0844331018938
0.484375000,-0.390625000,-0.258821990662,-0.122940445565
0.500000000,-0.390625000,-0.340246417040,-0.161617048094
0.515625000,-0.390625000,-0.421563067751,-0.200242457182
0.531250000,-0.390625000,-0.502255120625,-0.238571182297
0.546875000,-0.390625000,-0.581749816221,-0.276331162705
0.562500000,-0.390625000,-0.659415276725,-0.313222256445
0.578125000,-0.390625000,-0.734557410997,-0.348914770224
0.593750000,-0.390625000,-0.806416953756,-0.383048053034
0.609375000,-0.390625000,-0.874166696990,-0.415229181070
0.625000000,-0.390625000,-0.936908985303,-0.445031768019
0.640625000,-0.390625000,-0.993673556887,-0.471994939522
0.656250000,-0.390625000,-1.04341583029,-0.495622519388
0.671875000,-0.390625000,-1.08501575510,-0.515382483673
0.687500000,-0.390625000,-1.11727736679,-0.530706749227
0.703125000,-0.390625000,-1.13892921313,-0.540991376235
0.718750000,-0.390625000,-1.14862584862,-0.545597278096
0.734375000,-0.390625000,-1.14495063495,-0.543851551599
0.750000000,-0.390625000,-1.12642012398,-0.535049558890
0.765625000,-0.390625000,-1.09149035746,-0.518457919794
0.781250000,-0.390625000,-1.03856547686,-0.493318601508
0.796875000,-0.390625000,-0.966009113191,-0.458854328766
0.812500000,-0.390625000,-0.872159116962,-0.414275580557
0.828125000,-0.390625000,-0.755346293115,-0.358789489229
0.843750000,-0.390625000,-0.613917938700,-0.291611020882
0.859375000,-0.390625000,-0.446267132814,-0.211976888087
0.875000000,-0.390625000,-0.250868919170,-0.119162736606
0.890625000,-0.390625000,-0.0263247456581,-0.0125042541876
0.906250000,-0.390625000,,
0.921875000,-0.390625000,,
0.937500000,-0.390625000,,
0.953125000,-0.390625000,,
0.968750000,-0.390625000,,
0.984375000,-0.390625000,,
1.000000000,-0.390625000,,
-1.000000000,-0.375000000,,
-0.984375000,-0.375000000,,
-0.968750000,-0.375000000,,
-0.953125000,-0.375000000,,
-0.937500000,-0.375000000,,
-0.921875000,-0.375000000,,
-0.906250000,-0.375000000,0.166878506307,0.0792672904957
-0.890625000,-0.375000000,-0.0876865468735,-0.0416511097649
-0.875000000,-0.375000000,-0.311235183992,-0.147836712396
-0.859375000,-0.375000000,-0.505132184650,-0.239937787709
-0.843750000,-0.375000000,-0.670900356955,-0.318677669554
-0.828125000,-0.375000000,-0.810169440695,-0.384830484330
-0.812500000,-0.375000000,-0.924634427769,-0.439201353190
-0.796875000,-0.375000000,-1.01602173637,-0.482610324774
-0.781250000,-0.375000000,-1.08606193620,-0.515879419696
-0.765625000,-0.375000000,-1.13646793902,-0.539822271033
-0.750000000,-0.375000000,-1.16891774636,-0.555235929523
-0.734375000,-0.375000000,-1.18504099668,-0.562894473421
-0.718750000,-0.375000000,-1.18640867492,-0.563544120589
-0.703125000,-0.375000000,-1.17452545221,-0.557899589801
-0.687500000,-0.375000000,-1.15082420690,-0.546641498278
-0.671875000,-0.375000000,-1.11666235164,-0.530414617030
-0.656250000,-0.375000000,-1.07331964914,-0.509826833342
-0.640625000,-0.375000000,-1.02199725179,-0.485448694600
-0.625000000,-0.375000000,-0.963817739095,-0.457813426070
-0.609375000,-0.375000000,-0.899825966720,-0.427417334192
-0.593750000,-0.375000000,-0.830990566924,-0.394720519289
-0.578125000,-0.375000000,-0.758205967142,-0.360147834392
-0.562500000,-0.375000000,-0.682294815532,-0.324090037378
-0.546875000,-0.375000000,-0.604010718187,-0.286905091139
-0.531250000,-0.375000000,-0.524041209260,-0.248919574398
-0.515625000,-0.375000000,-0.443010888570,-0.210430172071
-0.500000000,-0.375000000,-0.361484670489,-0.171705218482
-0.484375000,-0.375000000,-0.279971098497,-0.132986271786
-0.468750000,-0.375000000,-0.198925687597,-0.0944897016085
-0.453125000,-0.375000000,-0.118754261786,-0.0564082743485
-0.437500000,-0.375000000,-0.0398162618380,-0.0189127243731
-0.421875000,-0.375000000,0.0375719991982,0.0178466996191
-0.406250000,-0.375000000,0.113134148385,0.0537387204828
-0.390625000,-0.375000000,0.186630649530,0.0886495585266
-0.375000000,-0.375000000,0.257855792949,0.122481501651
-0.359375000,-0.375000000,0.326634788392,0.155151524486
-0.343750000,-0.375000000,0.392820967052,0.186589959350
-0.328125000,-0.375000000,0.456293098591,0.216739221831
-0.312500000,-0.375000000,0.516952826586,0.245552592629
-0.296875000,-0.375000000,0.574722223761,0.272993056286
-0.281250000,-0.375000000,0.629541470047,0.299032198272
-0.265625000,-0.375000000,0.681366654168,0.323649160730
-0.250000000,-0.375000000,0.730167697289,0.346829656212
-0.234375000,-0.375000000,0.775926400308,0.368565040146
-0.218750000,-0.375000000,0.818634613148,0.388851441245
-0.203125000,-0.375000000,0.858292524533,0.407688949153
-0.187500000,-0.375000000,0.894907072419,0.425080859399
-0.171875000,-0.375000000,0.928490471976,0.441032974189
-0.156250000,-0.375000000,0.959058861119,0.455552959032
-0.140625000,-0.375000000,0.986631060792,0.468649753876
-0.125000000,-0.375000000,1.01133770999,0.480385412247
-0.109375000,-0.375000000,1.03293615728,0.490644674710
-0.093750000,-0.375000000,1.05161468627,0.499516975978
-0.078125000,-0.375000000,1.06738893756,0.507009745341
-0.062500000,-0.375000000,1.08027334390,0.513129838355
-0.046875000,-0.375000000,1.09014723085,0.517819934652
-0.031250000,-0.375000000,1.09734987036,0.521241188423
-0.015625000,-0.375000000,1.10165895660,0.523288004386
0.000000000,-0.375000000,1.10309323087,0.523969284664
0.015625000,-0.375000000,1.10165895660,0.523288004386
0.031250000,-0.375000000,1.09734987036,0.521241188423
0.046875000,-0.375000000,1.09014723085,0.517819934652
0.062500000,-0.375000000,1.08027334390,0.513129838355
0.078125000,-0.375000000,1.06738893756,0.507009745341
0.093750000,-0.375000000,1.05161468627,0.499516975978
0.109375000,-0.375000000,1.03293615728,0.490644674710
0.125000000,-0.375000000,1.01133770999,0.480385412247
0.140625000,-0.375000000,0.986631060792,0.468649753876
0.156250000,-0.375000000,0.959058861119,0.455552959032
0.171875000,-0.375000000,0.928490471976,0.441032974189
0.187500000,-0.375000000,0.894907072419,0.425080859399
0.203125000,-0.375000000,0.858292524533,0.407688949153
0.218750000,-0.375000000,0.818634613148,0.388851441245
0.234375000,-0.375000000,0.775926400308,0.368565040146
0.250000000,-0.375000000,0.730167697289,0.346829656212
0.265625000,-0.375000000,0.681366654168,0.323649160730
0.281250000,-0.375000000,0.629541470047,0.299032198272
0.296875000,-0.375000000,0.574722223761,0.272993056286
0.312500000,-0.375000000,0.516952826586,0.245552592629
0.328125000,-0.375000000,0.456293098591,0.216739221831
0.343750000,-0.375000000,0.392820967052,0.186589959350
0.359375000,-0.375000000,0.326634788392,0.155151524486
0.375000000,-0.375000000,0.257855792949,0.122481501651
0.390625000,-0.375000000,0.186630649530,0.0886495585266
0.406250000,-0.375000000,0.113134148385,0.0537387204828
0.421875000,-0.375000000,0.0375719991982,0.0178466996191
0.437500000,-0.375000000,-0.0398162618380,-0.0189127243731
0.453125000,-0.375000000,-0.118754261786,-0.0564082743485
0.468750000,-0.375000000,-0.198925687597,-0.0944897016085
0.484375000,-0.375000000,-0.279971098497,-0.132986271786
0.500000000,-0.375000000,-0.361484670489,-0.171705218482
0.515625000,-0.375000000,-0.443010888570,-0.210430172071
0.531250000,-0.375000000,-0.524041209260,-0.248919574398
0.546875000,-0.375000000,-0.604010718187,-0.286905091139
0.562500000,-0.375000000,-0.682294815532,-0.324090037378
0.578125000,-0.375000000,-0.758205967142,-0.360147834392
0.593750000,-0.375000000,-0.830990566924,-0.394720519289
0.609375000,-0.375000000,-0.899825966720,-0.427417334192
0.625000000,-0.375000000,-0.963817739095,-0.457813426070
0.640625000,-0.375000000,-1.02199725179,-0.485448694600
0.656250000,-0.375000000,-1.07331964914,-0.509826833342
0.671875000,-0.375000000,-1.11666235164,-0.530414617030
0.687500000,-0.375000000,-1.15082420690,-0.546641498278
0.703125000,-0.375000000,-1.17452545221,-0.557899589801
0.718750000,-0.375000000,-1.18640867492,-0.563544120589
0.734375000,-0.375000000,-1.18504099668,-0.562894473421
0.750000000,-0.375000000,-1.16891774636,-0.555235929523
0.765625000,-0.375000000,-1.13646793902,-0.539822271033
0.781250000,-0.375000000,-1.08606193620,-0.515879419696
0.796875000,-0.375000000,-1.01602173637,-0.482610324774
0.812500000,-0.375000000,-0.924634427769,-0.439201353190
0.828125000,-0.375000000,-0.810169440695,-0.384830484330
0.843750000,-0.375000000,-0.670900356955,-0.318677669554
0.859375000,-0.375000000,-0.505132184650,-0.239937787709
0.875000000,-0.375000000,-0.311235183992,-0.147836712396
0.890625000,-0.375000000,-0.0876865468735,-0.0416511097649
0.906250000,-0.375000000,0.166878506307,0.0792672904957
0.921875000,-0.375000000,,
0.937500000,-0.375000000,,
0.953125000,-0.375000000,,
0.968750000,-0.375000000,,
0.984375000,-0.375000000,,
1.000000000,-0.375000000,,
-1.000000000,-0.359375000,,
-0.984375000,-0.359375000,,
-0.968750000,-0.359375000,,
-0.953125000,-0.359375000,,
-0.937500000,-0.359375000,,
-0.921875000,-0.359375000,,
-0.906250000,-0.359375000,0.107339668475,0.0509863425257
-0.890625000,-0.359375000,-0.146686598906,-0.0696761344804
-0.875000000,-0.359375000,-0.369111738741,-0.175328075902
-0.859375000,-0.359375000,-0.561435902309,-0.266682053597
-0.843750000,-0.359375000,-0.725296282333,-0.344515734108
-0.828125000,-0.359375000,-0.862418998766,-0.409649024414
-0.812500000,-0.359375000,-0.974579962820,-0.462925482339
-0.796875000,-0.359375000,-1.06357322358,-0.505197281201
-0.781250000,-0.359375000,-1.13118555286,-0.537313137607
-0.765625000,-0.359375000,-1.17917623190,-0.560108710154
-0.750000000,-0.359375000,-1.20926117039,-0.574399055934
-0.734375000,-0.359375000,-1.22310063458,-0.580972801423
-0.718750000,-0.359375000,-1.22228997591,-0.580587738558
-0.703125000,-0.359375000,-1.20835285038,-0.573967603930
-0.687500000,-0.359375000,-1.18273650106,-0.561799838002
-0.671875000,-0.359375000,-1.14680874482,-0.544734153791
-0.656250000,-0.359375000,-1.10185636031,-0.523381771148
-0.640625000,-0.359375000,-1.04908462424,-0.498315196516
-0.625000000,-0.359375000,-0.989617781158,-0.470068446050
-0.609375000,-0.359375000,-0.924500267965,-0.439137627283
-0.593750000,-0.359375000,-0.854698541517,-0.405981807221
-0.578125000,-0.359375000,-0.781103382833,-0.371024106846
-0.562500000,-0.359375000,-0.704532570575,-0.334652971023
-0.546875000,-0.359375000,-0.625733834720,-0.297223571492
-0.531250000,-0.359375000,-0.545388016335,-0.259059307759
-0.515625000,-0.359375000,-0.464112369325,-0.220453375429
-0.500000000,-0.359375000,-0.382463953282,-0.181670377809
-0.484375000,-0.359375000,-0.300943072709,-0.142947959537
-0.468750000,-0.359375000,-0.219996728814,-0.104498446187
-0.453125000,-0.359375000,-0.140022051697,-0.0665104745560
-0.437500000,-0.359375000,-0.0613696904724,-0.0291506029744
-0.421875000,-0.359375000,0.0156528594502,0.00743510823884
-0.406250000,-0.359375000,0.0907780075055,0.0431195535651
-0.390625000,-0.359375000,0.163774909968,0.0777930822349
-0.375000000,-0.359375000,0.234446414157,0.111362046725
-0.359375000,-0.359375000,0.302626111276,0.143747402856
-0.343750000,-0.359375000,0.368175504555,0.174883364664
-0.328125000,-0.359375000,0.430981297016,0.204716116083
-0.312500000,-0.359375000,0.490952801733,0.233202580823
-0.296875000,-0.359375000,0.548019476284,0.260309251235
-0.281250000,-0.359375000,0.602128583498,0.286011077162
-0.265625000,-0.359375000,0.653242977336,0.310290414235
-0.250000000,-0.359375000,0.701339014718,0.333136031991
-0.234375000,-0.359375000,0.746404592712,0.354542181538
-0.218750000,-0.359375000,0.788437309218,0.374507721879
-0.203125000,-0.359375000,0.827442746193,0.393035304442
-0.187500000,-0.359375000,0.863432874546,0.410130615409
-0.171875000,-0.359375000,0.896424578255,0.425801674671
-0.156250000,-0.359375000,0.926438296093,0.440058190644
-0.140625000,-0.359375000,0.953496780139,0.452910970566
-0.125000000,-0.359375000,0.977726327893,0.464420005749
-0.109375000,-0.359375000,0.998904514205,0.474479644247
-0.093750000,-0.359375000,1.01721337496,0.483176353107
-0.078125000,-0.359375000,1.03267088318,0.490518669510
-0.062500000,-0.359375000,1.04529344477,0.496514386265
-0.046875000,-0.359375000,1.05509529851,0.501170266794
-0.031250000,-0.359375000,1.06208802530,0.504491812019
-0.015625000,-0.359375000,1.06615381172,0.506423060568
0.000000000,-0.359375000,1.06756423109,0.507093009767
0.015625000,-0.359375000,1.06615381172,0.506423060568
0.031250000,-0.359375000,1.06208802530,0.504491812019
0.046875000,-0.359375000,1.05509529851,0.501170266794
0.062500000,-0.359375000,1.04529344477,0.496514386265
0.078125000,-0.359375000,1.03267088318,0.490518669510
0.093750000,-0.359375000,1.01721337496,0.483176353107
0.109375000,-0.359375000,0.998904514205,0.474479644247
0.125000000,-0.359375000,0.977726327893,0.464420005749
0.140625000,-0.359375000,0.953496780139,0.452910970566
0.156250000,-0.359375000,0.926438296093,0.440058190644
0.171875000,-0.359375000,0.896424578255,0.425801674671
0.187500000,-0.359375000,0.863432874546,0.410130615409
0.203125000,-0.359375000,0.827442746193,0.393035304442
0.218750000,-0.359375000,0.788437309218,0.374507721879
0.234375000,-0.359375000,0.746404592712,0.354542181538
0.250000000,-0.359375000,0.701339014718,0.333136031991
0.265625000,-0.359375000,0.653242977336,0.310290414235
0.281250000,-0.359375000,0.602128583498,0.286011077162
0.296875000,-0.359375000,0.548019476284,0.260309251235
0.312500000,-0.359375000,0.490952801733,0.233202580823
0.328125000,-0.359375000,0.430981297016,0.204716116083
0.343750000,-0.359375000,0.368175504555,0.174883364664
0.359375000,-0.359375000,0.302626111276,0.143747402856
0.375000000,-0.359375000,0.234446414157,0.111362046725
0.390625000,-0.359375000,0.163774909968,0.0777930822349
0.406250000,-0.359375000,0.0907780075055,0.0431195535651
0.421875000,-0.359375000,0.0156528594502,0.00743510823884
0.437500000,-0.359375000,-0.0613696904724,-0.0291506029744
0.453125000,-0.359375000,-0.140022051697,-0.0665104745560
0.468750000,-0.359375000,-0.219996728814,-0.104498446187
0.484375000,-0.359375000,-0.300943072709,-0.142947959537
0.500000000,-0.359375000,-0.382463953282,-0.181670377809
0.515625000,-0.359375000,-0.464112369325,-0.220453375429
0.531250000,-0.359375000,-0.545388016335,-0.259059307759
0.546875000,-0.359375000,-0.625733834720,-0.297223571492
0.562500000,-0.359375000,-0.704532570575,-0.334652971023
0.578125000,-0.359375000,-0.781103382833,-0.371024106846
0.593750000,-0.359375000,-0.854698541517,-0.405981807221
0.609375000,-0.359375000,-0.924500267965,-0.439137627283
0.625000000,-0.359375000,-0.989617781158,-0.470068446050
0.640625000,-0.359375000,-1.04908462424,-0.498315196516
0.656250000,-0.359375000,-1.10185636031,-0.523381771148
0.671875000,-0.359375000,-1.14680874482,-0.544734153791
0.687500000,-0.359375000,-1.18273650106,-0.561799838002
0.703125000,-0.359375000,-1.20835285038,-0.573967603930
0.718750000,-0.359375000,-1.22228997591,-0.580587738558
0.734375000,-0.359375000,-1.22310063458,-0.580972801423
0.750000000,-0.359375000,-1.20926117039,-0.574399055934
0.765625000,-0.359375000,-1.17917623190,-0.560108710154
0.781250000,-0.359375000,-1.13118555286,-0.537313137607
0.796875000,-0.359375000,-1.06357322358,-0.505197281201
0.812500000,-0.359375000,-0.974579962820,-0.462925482339
0.828125000,-0.359375000,-0.862418998766,-0.409649024414
0.843750000,-0.359375000,-0.725296282333,-0.344515734108
0.859375000,-0.359375000,-0.561435902309,-0.266682053597
0.875000000,-0.359375000,-0.369111738741,-0.175328075902
0.890625000,-0.359375000,-0.146686598906,-0.0696761344804
0.906250000,-0.359375000,0.107339668475,0.0509863425257
0.921875000,-0.359375000,,
0.937500000,-0.359375000,,
0.953125000,-0.359375000,,
0.968750000,-0.359375000,,
0.984375000,-0.359375000,,
1.000000000,-0.359375000,,
-1.000000000,-0.343750000,,
-0.984375000,-0.343750000,,
-0.968750000,-0.343750000,,
-0.953125000,-0.343750000,,
-0.937500000,-0.343750000,,
-0.921875000,-0.343750000,0.337498390345,0.160311735414
-0.906250000,-0.343750000,0.0505618602771,0.0240168836316
-0.890625000,-0.343750000,-0.202796541319,-0.0963283571266
-0.875000000,-0.343750000,-0.424028545707,-0.201413559211
-0.859375000,-0.343750000,-0.614759174149,-0.292010607721
-0.843750000,-0.343750000,-0.776731075828,-0.368947261018
-0.828125000,-0.343750000,-0.911759161168,-0.433085601555
-0.812500000,-0.343750000,-1.02169381051,-0.485304559994
-0.796875000,-0.343750000,-1.10839122595,-0.526485832328
-0.781250000,-0.343750000,-1.17368973483,-0.557502624043
-0.765625000,-0.343750000,-1.21939105130,-0.579210749367
-0.750000000,-0.343750000,-1.24724566555,-0.592441691134
-0.734375000,-0.343750000,-1.25894166575,-0.597997291230
-0.718750000,-0.343750000,-1.25609641105,-0.596645795250
-0.703125000,-0.343750000,-1.24025056821,-0.589119019901
-0.687500000,-0.343750000,-1.21286410120,-0.576110448068
-0.671875000,-0.343750000,-1.17531387102,-0.558274088737
-0.656250000,-0.343750000,-1.12889255685,-0.536223964502
-0.640625000,-0.343750000,-1.07480865413,-0.510534110712
-0.625000000,-0.343750000,-1.01418734776,-0.481738990186
-0.609375000,-0.343750000,-0.948072086679,-0.450334241173
-0.593750000,-0.343750000,-0.877426717206,-0.416777690673
-0.578125000,-0.343750000,-0.803138053003,-0.381490575176
-0.562500000,-0.343750000,-0.726018780965,-0.344858920958
-0.546875000,-0.343750000,-0.646810617847,-0.307235043477
-0.531250000,-0.343750000,-0.566187645933,-0.268939131818
-0.515625000,-0.343750000,-0.484759769248,-0.230260890393
-0.500000000,-0.343750000,-0.403076240545,-0.191461214259
-0.484375000,-0.343750000,-0.321629218059,-0.152773878578
-0.468750000,-0.343750000,-0.240857318449,-0.114407226263
-0.453125000,-0.343750000,-0.161149138070,-0.0765458405831
-0.437500000,-0.343750000,-0.0828467199533,-0.0393521919778
-0.421875000,-0.343750000,-0.00624894795034,-0.00296825027641
-0.406250000,-0.343750000,0.0683851467574,0.0324829447098
-0.390625000,-0.343750000,0.140833177938,0.0668957595208
-0.375000000,-0.343750000,0.210906305204,0.100180494972
-0.359375000,-0.343750000,0.278446250123,0.132261968808
-0.343750000,-0.343750000,0.343322432963,0.163078155658
-0.328125000,-0.343750000,0.405429233490,0.192578885908
-0.312500000,-0.343750000,0.464683378236,0.220724604662
-0.296875000,-0.343750000,0.521021456251,0.247485191719
-0.281250000,-0.343750000,0.574397563255,0.272838842546
-0.265625000,-0.343750000,0.624781074476,0.296771010376
-0.250000000,-0.343750000,0.672154545557,0.319273409139
-0.234375000,-0.343750000,0.716511740365,0.340343076673
-0.218750000,-0.343750000,0.757855784705,0.359981497735
-0.203125000,-0.343750000,0.796197443978,0.378193785890
-0.187500000,-0.343750000,0.831553523186,0.394987923513
-0.171875000,-0.343750000,0.863945387927,0.410374059265
-0.156250000,-0.343750000,0.893397603580,0.424363861700
-0.140625000,-0.343750000,0.919936691777,0.436969928594
-0.125000000,-0.343750000,0.943691162652,0.448253302260
-0.109375000,-0.343750000,0.964443790903,0.458110800679
-0.093750000,-0.343750000,0.982378648970,0.466629858261
-0.078125000,-0.343750000,0.997515932611,0.473820067990
-0.062500000,-0.343750000,1.00987392871,0.479690116139
-0.046875000,-0.343750000,1.01946841438,0.484247496833
-0.031250000,-0.343750000,1.02631216682,0.487498279238
-0.015625000,-0.343750000,1.03041458347,0.489446927150
0.000000000,-0.343750000,1.03178141120,0.490096170321
0.015625000,-0.343750000,1.03041458347,0.489446927150
0.031250000,-0.343750000,1.02631216682,0.487498279238
0.046875000,-0.343750000,1.01946841438,0.484247496833
0.062500000,-0.343750000,1.00987392871,0.479690116139
0.078125000,-0.343750000,0.997515932611,0.473820067990
0.093750000,-0.343750000,0.982378648970,0.466629858261
0.109375000,-0.343750000,0.964443790903,0.458110800679
0.125000000,-0.343750000,0.943691162652,0.448253302260
0.140625000,-0.343750000,0.919936691777,0.436969928594
0.156250000,-0.343750000,0.893397603580,0.424363861700
0.171875000,-0.343750000,0.863945387927,0.410374059265
0.187500000,-0.343750000,0.831553523186,0.394987923513
0.203125000,-0.343750000,0.796197443978,0.378193785890
0.218750000,-0.343750000,0.757855784705,0.359981497735
0.234375000,-0.343750000,0.716511740365,0.340343076673
0.250000000,-0.343750000,0.672154545557,0.319273409139
0.265625000,-0.343750000,0.624781074476,0.296771010376
0.281250000,-0.343750000,0.574397563255,0.272838842546
0.296875000,-0.343750000,0.521021456251,0.247485191719
0.312500000,-0.343750000,0.464683378236,0.220724604662
0.328125000,-0.343750000,0.405429233490,0.192578885908
0.343750000,-0.343750000,0.343322432963,0.163078155658
0.359375000,-0.343750000,0.278446250123,0.132261968808
0.375000000,-0.343750000,0.210906305204,0.100180494972
0.390625000,-0.343750000,0.140833177938,0.0668957595208
0.406250000,-0.343750000,0.0683851467574,0.0324829447098
0.421875000,-0.343750000,-0.00624894795034,-0.00296825027641
0.437500000,-0.343750000,-0.0828467199533,-0.0393521919778
0.453125000,-0.343750000,-0.161149138070,-0.0765458405831
0.468750000,-0.343750000,-0.240857318449,-0.114407226263
0.484375000,-0.343750000,-0.321629218059,-0.152773878578
0.500000000,-0.343750000,-0.403076240545,-0.191461214259
0.515625000,-0.343750000,-0.484759769248,-0.230260890393
0.531250000,-0.343750000,-0.566187645933,-0.268939131818
0.546875000,-0.343750000,-0.646810617847,-0.307235043477
0.562500000,-0.343750000,-0.726018780965,-0.344858920958
0.578125000,-0.343750000,-0.803138053003,-0.381490575176
0.593750000,-0.343750000,-0.877426717206,-0.416777690673
0.609375000,-0.343750000,-0.948072086679,-0.450334241173
0.625000000,-0.343750000,-1.01418734776,-0.481738990186
0.640625000,-0.343750000,-1.07480865413,-0.510534110712
0.656250000,-0.343750000,-1.12889255685,-0.536223964502
0.671875000,-0.343750000,-1.17531387102,-0.558274088737
0.687500000,-0.343750000,-1.21286410120,-0.576110448068
0.703125000,-0.343750000,-1.24025056821,-0.589119019901
0.718750000,-0.343750000,-1.25609641105,-0.596645795250
0.734375000,-0.343750000,-1.25894166575,-0.597997291230
0.750000000,-0.343750000,-1.24724566555,-0.592441691134
0.765625000,-0.343750000,-1.21939105130,-0.579210749367
0.781250000,-0.343750000,-1.17368973483,-0.557502624043
0.796875000,-0.343750000,-1.10839122595,-0.526485832328
0.812500000,-0.343750000,-1.02169381051,-0.485304559994
0.828125000,-0.343750000,-0.911759161168,-0.433085601555
0.843750000,-0.343750000,-0.776731075828,-0.368947261018
0.859375000,-0.343750000,-0.614759174149,-0.292010607721
0.875000000,-0.343750000,-0.424028545707,-0.201413559211
0.890625000,-0.343750000,-0.202796541319,-0.0963283571266
0.906250000,-0.343750000,0.0505618602771,0.0240168836316
0.921875000,-0.343750000,0.337498390345,0.160311735414
0.937500000,-0.343750000,,
0.953125000,-0.343750000,,
0.968750000,-0.343750000,,
0.984375000,-0.343750000,,
1.000000000,-0.343750000,,
-1.000000000,-0.328125000,,
-0.984375000,-0.328125000,,
-0.968750000,-0.328125000,,
-0.953125000,-0.328125000,,
-0.937500000,-0.328125000,,
-0.921875000,-0.328125000,0.283895116649,0.134850180408
-0.906250000,-0.328125000,-0.00291557448870,-0.00138489788213
-0.890625000,-0.328125000,-0.255538312795,-0.121380698578
-0.875000000,-0.328125000,-0.475561131316,-0.225891537375
-0.859375000,-0.328125000,-0.664724402708,-0.315744091286
-0.843750000,-0.328125000,-0.824868149394,-0.391812370962
-0.828125000,-0.328125000,-0.957889211143,-0.454997375293
-0.812500000,-0.328125000,-1.06570661712,-0.506210643132
-0.796875000,-0.328125000,-1.15023378977,-0.546361050140
-0.781250000,-0.328125000,-1.21335643751,-0.576344307819
-0.765625000,-0.328125000,-1.25691518200,-0.597034711452
-0.750000000,-0.328125000,-1.28269212364,-0.609278758729
-0.734375000,-0.328125000,-1.29240067813,-0.613890322114
-0.718750000,-0.328125000,-1.28767812682,-0.611647110237
-0.703125000,-0.328125000,-1.27008041189,-0.603288195650
-0.687500000,-0.328125000,-1.24107878402,-0.589512422408
-0.671875000,-0.328125000,-1.20205797338,-0.570977537356
-0.656250000,-0.328125000,-1.15431560668,-0.548299913172
-0.640625000,-0.328125000,-1.09906263707,-0.522054752606
-0.625000000,-0.328125000,-1.03742459280,-0.492776681578
-0.609375000,-0.328125000,-0.970443479637,-0.460960652828
-0.593750000,-0.328125000,-0.899080199125,-0.427063094585
-0.578125000,-0.328125000,-0.824217367941,-0.391503249772
-0.562500000,-0.328125000,-0.746662440903,-0.354664659429
-0.546875000,-0.328125000,-0.667151057278,-0.316896752207
-0.531250000,-0.328125000,-0.586350541495,-0.278516507210
-0.515625000,-0.328125000,-0.504863504025,-0.239810164412
-0.500000000,-0.328125000,-0.423231494023,-0.201034959661
-0.484375000,-0.328125000,-0.341938665721,-0.162420866217
-0.468750000,-0.328125000,-0.261415426566,-0.124172327619
-0.453125000,-0.328125000,-0.182042041703,-0.0864699698091
-0.437500000,-0.328125000,-0.104152172633,-0.0494722820005
-0.421875000,-0.328125000,-0.0280363337892,-0.0133172585499
-0.406250000,-0.328125000,0.0460547469415,0.0218760047972
-0.390625000,-0.328125000,0.117906874204,0.0560057652470
-0.375000000,-0.328125000,0.187339246458,0.0889861420677
-0.359375000,-0.328125000,0.254201437354,0.120745682743
-0.343750000,-0.328125000,0.318370503899,0.151225989352
-0.328125000,-0.328125000,0.379748222147,0.180380405520
-0.312500000,-0.328125000,0.438258453910,0.208172765607
-0.296875000,-0.328125000,0.493844645154,0.234576206448
-0.281250000,-0.328125000,0.546467455306,0.259572041271
-0.265625000,-0.328125000,0.596102518401,0.283148696241
-0.250000000,-0.328125000,0.642738334193,0.305300708742
-0.234375000,-0.328125000,0.686374288326,0.326027786955
-0.218750000,-0.328125000,0.727018799558,0.345333929790
-0.203125000,-0.328125000,0.764687592691,0.363226606528
-0.187500000,-0.328125000,0.799402095287,0.379715995261
-0.171875000,-0.328125000,0.831187955493,0.394814278859
-0.156250000,-0.328125000,0.860073679770,0.408534997891
-0.140625000,-0.328125000,0.886089388122,0.420892459358
-0.125000000,-0.328125000,0.909372546090,0.431951959393
-0.109375000,-0.328125000,0.929695559470,0.441605390748
-0.093750000,-0.328125000,0.947253169428,0.449945255478
-0.078125000,-0.328125000,0.962067679523,0.456982147774
-0.062500000,-0.328125000,0.974159159256,0.462725600647
-0.046875000,-0.328125000,0.983544843386,0.467183800608
-0.031250000,-0.328125000,0.990238642511,0.470363355193
-0.015625000,-0.328125000,0.994250763662,0.472269112739
0.000000000,-0.328125000,0.995587438870,0.472904033463
0.015625000,-0.328125000,0.994250763662,0.472269112739
0.031250000,-0.328125000,0.990238642511,0.470363355193
0.046875000,-0.328125000,0.983544843386,0.467183800608
0.062500000,-0.328125000,0.974159159256,0.462725600647
0.078125000,-0.328125000,0.962067679523,0.456982147774
0.093750000,-0.328125000,0.947253169428,0.449945255478
0.109375000,-0.328125000,0.929695559470,0.441605390748
0.125000000,-0.328125000,0.909372546090,0.431951959393
0.140625000,-0.328125000,0.886089388122,0.420892459358
0.156250000,-0.328125000,0.860073679770,0.408534997891
0.171875000,-0.328125000,0.831187955493,0.394814278859
0.187500000,-0.328125000,0.799402095287,0.379715995261
0.203125000,-0.328125000,0.764687592691,0.363226606528
0.218750000,-0.328125000,0.727018799558,0.345333929790
0.234375000,-0.328125000,0.686374288326,0.326027786955
0.250000000,-0.328125000,0.642738334193,0.305300708742
0.265625000,-0.328125000,0.596102518401,0.283148696241
0.281250000,-0.328125000,0.546467455306,0.259572041271
0.296875000,-0.328125000,0.493844645154,0.234576206448
0.312500000,-0.328125000,0.438258453910,0.208172765607
0.328125000,-0.328125000,0.379748222147,0.180380405520
0.343750000,-0.328125000,0.318370503899,0.151225989352
0.359375000,-0.328125000,0.254201437354,0.120745682743
0.375000000,-0.328125000,0.187339246458,0.0889861420677
0.390625000,-0.328125000,0.117906874204,0.0560057652470
0.406250000,-0.328125000,0.0460547469415,0.0218760047972
0.421875000,-0.328125000,-0.0280363337892,-0.0133172585499
0.437500000,-0.328125000,-0.104152172633,-0.0494722820005
0.453125000,-0.328125000,-0.182042041703,-0.0864699698091
0.468750000,-0.328125000,-0.261415426566,-0.124172327619
0.484375000,-0.328125000,-0.341938665721,-0.162420866217
0.500000000,-0.328125000,-0.423231494023,-0.201034959661
0.515625000,-0.328125000,-0.504863504025,-0.239810164412
0.531250000,-0.328125000,-0.586350541495,-0.278516507210
0.546875000,-0.328125000,-0.667151057278,-0.316896752207
0.562500000,-0.328125000,-0.746662440903,-0.354664659429
0.578125000,-0.328125000,-0.824217367941,-0.391503249772
0.593750000,-0.328125000,-0.899080199125,-0.427063094585
0.609375000,-0.328125000,-0.970443479637,-0.460960652828
0.625000000,-0.328125000,-1.03742459280,-0.492776681578
0.640625000,-0.328125000,-1.09906263707,-0.522054752606
0.656250000,-0.328125000,-1.15431560668,-0.548299913172
0.671875000,-0.328125000,-1.20205797338,-0.570977537356
0.687500000,-0.328125000,-1.24107878402,-0.589512422408
0.703125000,-0.328125000,-1.27008041189,-0.603288195650
0.718750000,-0.328125000,-1.28767812682,-0.611647110237
0.734375000,-0.328125000,-1.29240067813,-0.613890322114
0.750000000,-0.328125000,-1.28269212364,-0.609278758729
0.765625000,-0.328125000,-1.25691518200,-0.597034711452
0.781250000,-0.328125000,-1.21335643751,-0.576344307819
0.796875000,-0.328125000,-1.15023378977,-0.546361050140
0.812500000,-0.328125000,-1.06570661712,-0.506210643132
0.828125000,-0.328125000,-0.957889211143,-0.454997375293
0.843750000,-0.328125000,-0.824868149394,-0.391812370962
0.859375000,-0.328125000,-0.664724402708,-0.315744091286
0.875000000,-0.328125000,-0.475561131316,-0.225891537375
0.890625000,-0.328125000,-0.255538312795,-0.121380698578
0.906250000,-0.328125000,-0.00291557448870,-0.00138489788213
0.921875000,-0.328125000,0.283895116649,0.134850180408
0.937500000,-0.328125000,,
0.953125000,-0.328125000,,
0.968750000,-0.328125000,,
0.984375000,-0.328125000,,
1.000000000,-0.328125000,,
-1.000000000,-0.312500000,,
-0.984375000,-0.312500000,,
-0.968750000,-0.312500000,,
-0.953125000,-0.312500000,,
-0.937500000,-0.312500000,,
-0.921875000,-0.312500000,0.234014913169,0.111157083755
-0.906250000,-0.312500000,-0.0526036651978,-0.0249867409689
-0.890625000,-0.312500000,-0.304479406256,-0.144627717972
-0.875000000,-0.312500000,-0.523326459263,-0.248580068150
-0.859375000,-0.312500000,-0.710991909852,-0.337721157180
-0.843750000,-0.312500000,-0.869405829656,-0.412967769086
-0.828125000,-0.312500000,-1.00054078119,-0.475256871064
-0.812500000,-0.312500000,-1.10637918763,-0.525530114122
-0.796875000,-0.312500000,-1.18888724957,-0.564721443547
-0.781250000,-0.312500000,-1.24999430807,-0.593747296335
-0.765625000,-0.312500000,-1.29157673714,-0.613498950141
-0.750000000,-0.312500000,-1.31544559998,-0.624836659991
-0.734375000,-0.312500000,-1.32333742813,-0.628585278362
-0.718750000,-0.312500000,-1.31690758622,-0.625531103453
-0.703125000,-0.312500000,-1.29772577359,-0.616419742455
-0.687500000,-0.312500000,-1.26727328455,-0.601954810161
-0.671875000,-0.312500000,-1.22694171179,-0.582797313100
-0.656250000,-0.312500000,-1.17803282578,-0.559565592245
-0.640625000,-0.312500000,-1.12175940840,-0.532835718991
-0.625000000,-0.312500000,-1.05924685242,-0.503142254900
-0.609375000,-0.312500000,-0.991535369668,-0.470979300592
-0.593750000,-0.312500000,-0.919582677482,-0.436801771804
-0.578125000,-0.312500000,-0.844267050358,-0.401026848920
-0.562500000,-0.312500000,-0.766390647013,-0.364035557331
-0.546875000,-0.312500000,-0.686683033748,-0.326174441030
-0.531250000,-0.312500000,-0.605804841296,-0.287757299616
-0.515625000,-0.312500000,-0.524351500029,-0.249066962514
-0.500000000,-0.312500000,-0.442857010865,-0.210357080161
-0.484375000,-0.312500000,-0.361797714530,-0.171853914402
-0.468750000,-0.312500000,-0.281596029099,-0.133758113822
-0.453125000,-0.312500000,-0.202624131736,-0.0962464625746
-0.437500000,-0.312500000,-0.125207565163,-0.0594735934526
-0.421875000,-0.312500000,-0.0496287519721,-0.0235736571867
-0.406250000,-0.312500000,0.0238695942474,0.0113380572675
-0.390625000,-0.312500000,0.0950811719454,0.0451635566741
-0.375000000,-0.312500000,0.163832915512,0.0778206348681
-0.359375000,-0.312500000,0.229981945591,0.109241424156
-0.343750000,-0.312500000,0.293412649809,0.139371008659
-0.328125000,-0.312500000,0.354033896506,0.168166100840
-0.312500000,-0.312500000,0.411776381975,0.195593781438
-0.296875000,-0.312500000,0.466590113136,0.221630303739
-0.281250000,-0.312500000,0.518442024096,0.246259961446
-0.265625000,-0.312500000,0.567313726420,0.269474020050
-0.250000000,-0.312500000,0.613199392067,0.291269711232
-0.234375000,-0.312500000,0.656103766520,0.311649289097
-0.218750000,-0.312500000,0.696040310938,0.330619147695
-0.203125000,-0.312500000,0.733029471554,0.348188998988
-0.187500000,-0.312500000,0.767097073335,0.364371109834
-0.171875000,-0.312500000,0.798272835605,0.379179596913
-0.156250000,-0.312500000,0.826589009244,0.392629779391
-0.140625000,-0.312500000,0.852079130993,0.404737587222
-0.125000000,-0.312500000,0.874897254597,0.415576195934
-0.109375000,-0.312500000,0.894787895995,0.425024250598
-0.093750000,-0.312500000,0.911966154032,0.433183923165
-0.078125000,-0.312500000,0.926456318156,0.440066751124
-0.062500000,-0.312500000,0.938280136945,0.445683065049
-0.046875000,-0.312500000,0.947456217907,0.450041703506
-0.031250000,-0.312500000,0.953999538931,0.453149780992
-0.015625000,-0.312500000,0.957921068537,0.455012507555
0.000000000,-0.312500000,0.959227495869,0.455633060538
0.015625000,-0.312500000,0.957921068537,0.455012507555
0.031250000,-0.312500000,0.953999538931,0.453149780992
0.046875000,-0.312500000,0.947456217907,0.450041703506
0.062500000,-0.312500000,0.938280136945,0.445683065049
0.078125000,-0.312500000,0.926456318156,0.440066751124
0.093750000,-0.312500000,0.911966154032,0.433183923165
0.109375000,-0.312500000,0.894787895995,0.425024250598
0.125000000,-0.312500000,0.874897254597,0.415576195934
0.140625000,-0.312500000,0.852079130993,0.404737587222
0.156250000,-0.312500000,0.826589009244,0.392629779391
0.171875000,-0.312500000,0.798272835605,0.379179596913
0.187500000,-0.312500000,0.767097073335,0.364371109834
0.203125000,-0.312500000,0.733029471554,0.348188998988
0.218750000,-0.312500000,0.696040310938,0.330619147695
0.234375000,-0.312500000,0.656103766520,0.311649289097
0.250000000,-0.312500000,0.613199392067,0.291269711232
0.265625000,-0.312500000,0.567313726420,0.269474020050
0.281250000,-0.312500000,0.518442024096,0.246259961446
0.296875000,-0.312500000,0.466590113136,0.221630303739
0.312500000,-0.312500000,0.411776381975,0.195593781438
0.328125000,-0.312500000,0.354033896506,0.168166100840
0.343750000,-0.312500000,0.293412649809,0.139371008659
0.359375000,-0.312500000,0.229981945591,0.109241424156
0.375000000,-0.312500000,0.163832915512,0.0778206348681
0.390625000,-0.312500000,0.0950811719454,0.0451635566741
0.406250000,-0.312500000,0.0238695942474,0.0113380572675
0.421875000,-0.312500000,-0.0496287519721,-0.0235736571867
0.437500000,-0.312500000,-0.125207565163,-0.0594735934526
0.453125000,-0.312500000,-0.202624131736,-0.0962464625746
0.468750000,-0.312500000,-0.281596029099,-0.133758113822
0.484375000,-0.312500000,-0.361797714530,-0.171853914402
0.500000000,-0.312500000,-0.442857010865,-0.210357080161
0.515625000,-0.312500000,-0.524351500029,-0.249066962514
0.531250000,-0.312500000,-0.605804841296,-0.287757299616
0.546875000,-0.312500000,-0.686683033748,-0.326174441030
0.562500000,-0.312500000,-0.766390647013,-0.364035557331
0.578125000,-0.312500000,-0.844267050358,-0.401026848920
0.593750000,-0.312500000,-0.919582677482,-0.436801771804
0.609375000,-0.312500000,-0.991535369668,-0.470979300592
0.625000000,-0.312500000,-1.05924685242,-0.503142254900
0.640625000,-0.312500000,-1.12175940840,-0.532835718991
0.656250000,-0.312500000,-1.17803282578,-0.559565592245
0.671875000,-0.312500000,-1.22694171179,-0.582797313100
0.687500000,-0.312500000,-1.26727328455,-0.601954810161
0.703125000,-0.312500000,-1.29772577359,-0.616419742455
0.718750000,-0.312500000,-1.31690758622,-0.625531103453
0.734375000,-0.312500000,-1.32333742813,-0.628585278362
0.750000000,-0.312500000,-1.31544559998,-0.624836659991
0.765625000,-0.312500000,-1.29157673714,-0.613498950141
0.781250000,-0.312500000,-1.24999430807,-0.593747296335
0.796875000,-0.312500000,-1.18888724957,-0.564721443547
0.812500000,-0.312500000,-1.10637918763,-0.525530114122
0.828125000,-0.312500000,-1.00054078119,-0.475256871064
0.843750000,-0.312500000,-0.869405829656,-0.412967769086
0.859375000,-0.312500000,-0.710991909852,-0.337721157180
0.875000000,-0.312500000,-0.523326459263,-0.248580068150
0.890625000,-0.312500000,-0.304479406256,-0.144627717972
0.906250000,-0.312500000,-0.0526036651978,-0.0249867409689
0.921875000,-0.312500000,0.234014913169,0.111157083755
0.937500000,-0.312500000,,
0.953125000,-0.312500000,,
0.968750000,-0.312500000,,
0.984375000,-0.312500000,,
1.000000000,-0.312500000,,
-1.000000000,-0.296875000,,
-0.984375000,-0.296875000,,
-0.968750000,-0.296875000,,
-0.953125000,-0.296875000,,
-0.937500000,-0.296875000,0.511688365482,0.243051973604
-0.921875000,-0.296875000,0.188360839403,0.0894713987164
-0.906250000,-0.296875000,-0.0980589122036,-0.0465779832967
-0.890625000,-0.296875000,-0.349228585762,-0.165883578237
-0.875000000,-0.296875000,-0.566979180823,-0.269315110891
-0.859375000,-0.296875000,-0.753256648200,-0.357796907895
-0.843750000,-0.296875000,-0.910074466159,-0.432285371425
-0.828125000,-0.296875000,-1.03947530170,-0.493750768306
-0.812500000,-0.296875000,-1.14350022732,-0.543162607977
-0.796875000,-0.296875000,-1.22416422173,-0.581478005320
-0.781250000,-0.296875000,-1.28343689421,-0.609632524750
-0.765625000,-0.296875000,-1.32322755080,-0.628533086628
-0.750000000,-0.296875000,-1.34537386290,-0.639052584877
-0.734375000,-0.296875000,-1.35163352170,-0.642025922807
-0.718750000,-0.296875000,-1.34367836123,-0.638247221586
-0.703125000,-0.296875000,-1.32309051740,-0.628467995763
-0.687500000,-0.296875000,-1.29136025960,-0.613396123311
-0.671875000,-0.296875000,-1.24988519049,-0.593695465484
-0.656250000,-0.296875000,-1.19997055786,-0.569986014982
-0.640625000,-0.296875000,-1.14283046511,-0.542844470926
-0.625000000,-0.296875000,-1.07958979923,-0.512805154635
-0.609375000,-0.296875000,-1.01128672593,-0.480361194818
-0.593750000,-0.296875000,-0.938875626007,-0.445965922353
-0.578125000,-0.296875000,-0.863230366174,-0.410034423933
-0.562500000,-0.296875000,-0.785147816535,-0.372945212854
-0.546875000,-0.296875000,-0.705351541255,-0.335041982096
-0.531250000,-0.296875000,-0.624495600190,-0.296635410090
-0.515625000,-0.296875000,-0.543168412307,-0.258004995846
-0.500000000,-0.296875000,-0.461896636078,-0.219400902137
-0.484375000,-0.296875000,-0.381149035867,-0.181045792037
-0.468750000,-0.296875000,-0.301340302761,-0.143136643811
-0.453125000,-0.296875000,-0.222834809733,-0.105846534623
-0.437500000,-0.296875000,-0.145950280469,-0.0693263832226
-0.421875000,-0.296875000,-0.0709613583710,-0.0337066452262
-0.406250000,-0.296875000,0.00189693553596,0.000901044379581
-0.390625000,-0.296875000,0.0724258654548,0.0344022860910
-0.375000000,-0.296875000,0.140459770213,0.0667183908512
-0.359375000,-0.296875000,0.205862984898,0.0977849178265
-0.343750000,-0.296875000,0.268526896289,0.127550275737
-0.328125000,-0.296875000,0.328367136272,0.155974389729
-0.312500000,-0.296875000,0.385320911957,0.183027433180
-0.296875000,-0.296875000,0.439344473751,0.208688625032
-0.281250000,-0.296875000,0.490410720828,0.232945092393
-0.265625000,-0.296875000,0.538506941933,0.255790797418
-0.250000000,-0.296875000,0.583632690797,0.277225528129
-0.234375000,-0.296875000,0.625797794117,0.297253952206
-0.218750000,-0.296875000,0.665020489359,0.315884732446
-0.203125000,-0.296875000,0.701325690936,0.333129703195
-0.187500000,-0.296875000,0.734743381932,0.349003106418
-0.171875000,-0.296875000,0.765307129277,0.363520886406
-0.156250000,-0.296875000,0.793052719594,0.376700041807
-0.140625000,-0.296875000,0.818016913987,0.388558034144
-0.125000000,-0.296875000,0.840379683636,0.399180349727
-0.109375000,-0.296875000,0.859836561069,0.408422366508
-0.093750000,-0.296875000,0.876634561819,0.416401416864
-0.078125000,-0.296875000,0.890799833163,0.423129920753
-0.062500000,-0.296875000,0.902355693435,0.428618954382
-0.046875000,-0.296875000,0.911322033330,0.432877965832
-0.031250000,-0.296875000,0.917714827623,0.435914543121
-0.015625000,-0.296875000,0.921545756740,0.437734234451
0.000000000,-0.296875000,0.922821936461,0.438340419819
0.015625000,-0.296875000,0.921545756740,0.437734234451
0.031250000,-0.296875000,0.917714827623,0.435914543121
0.046875000,-0.296875000,0.911322033330,0.432877965832
0.062500000,-0.296875000,0.902355693435,0.428618954382
0.078125000,-0.296875000,0.890799833163,0.423129920753
0.093750000,-0.296875000,0.876634561819,0.416401416864
0.109375000,-0.296875000,0.859836561069,0.408422366508
0.125000000,-0.296875000,0.840379683636,0.399180349727
0.140625000,-0.296875000,0.818016913987,0.388558034144
0.156250000,-0.296875000,0.793052719594,0.376700041807
0.171875000,-0.296875000,0.765307129277,0.363520886406
0.187500000,-0.296875000,0.734743381932,0.349003106418
0.203125000,-0.296875000,0.701325690936,0.333129703195
0.218750000,-0.296875000,0.665020489359,0.315884732446
0.234375000,-0.296875000,0.625797794117,0.297253952206
0.250000000,-0.296875000,0.583632690797,0.277225528129
0.265625000,-0.296875000,0.538506941933,0.255790797418
0.281250000,-0.296875000,0.490410720828,0.232945092393
0.296875000,-0.296875000,0.439344473751,0.208688625032
0.312500000,-0.296875000,0.385320911957,0.183027433180
0.328125000,-0.296875000,0.328367136272,0.155974389729
0.343750000,-0.296875000,0.268526896289,0.127550275737
0.359375000,-0.296875000,0.205862984898,0.0977849178265
0.375000000,-0.296875000,0.140459770213,0.0667183908512
0.390625000,-0.296875000,0.0724258654548,0.0344022860910
0.406250000,-0.296875000,0.00189693553596,0.000901044379581
0.421875000,-0.296875000,-0.0709613583710,-0.0337066452262
0.437500000,-0.296875000,-0.145950280469,-0.0693263832226
0.453125000,-0.296875000,-0.222834809733,-0.105846534623
0.468750000,-0.296875000,-0.301340302761,-0.143136643811
0.484375000,-0.296875000,-0.381149035867,-0.181045792037
0.500000000,-0.296875000,-0.461896636078,-0.219400902137
0.515625000,-0.296875000,-0.543168412307,-0.258004995846
0.531250000,-0.296875000,-0.624495600190,-0.296635410090
0.546875000,-0.296875000,-0.705351541255,-0.335041982096
0.562500000,-0.296875000,-0.785147816535,-0.372945212854
0.578125000,-0.296875000,-0.863230366174,-0.410034423933
0.593750000,-0.296875000,-0.938875626007,-0.445965922353
0.609375000,-0.296875000,-1.01128672593,-0.480361194818
0.625000000,-0.296875000,-1.07958979923,-0.512805154635
0.640625000,-0.296875000,-1.14283046511,-0.542844470926
0.656250000,-0.296875000,-1.19997055786,-0.569986014982
0.671875000,-0.296875000,-1.24988519049,-0.593695465484
0.687500000,-0.296875000,-1.29136025960,-0.613396123311
0.703125000,-0.296875000,-1.32309051740,-0.628467995763
0.718750000,-0.296875000,-1.34367836123,-0.638247221586
0.734375000,-0.296875000,-1.35163352170,-0.642025922807
0.750000000,-0.296875000,-1.34537386290,-0.639052584877
0.765625000,-0.296875000,-1.32322755080,-0.628533086628
0.781250000,-0.296875000,-1.28343689421,-0.609632524750
0.796875000,-0.296875000,-1.22416422173,-0.581478005320
0.812500000,-0.296875000,-1.14350022732,-0.543162607977
0.828125000,-0.296875000,-1.03947530170,-0.493750768306
0.843750000,-0.296875000,-0.910074466159,-0.432285371425
0.859375000,-0.296875000,-0.753256648200,-0.357796907895
0.875000000,-0.296875000,-0.566979180823,-0.269315110891
0.890625000,-0.296875000,-0.349228585762,-0.165883578237
0.906250000,-0.296875000,-0.0980589122036,-0.0465779832967
0.921875000,-0.296875000,0.188360839403,0.0894713987164
0.937500000,-0.296875000,0.511688365482,0.243051973604
0.953125000,-0.296875000,,
0.968750000,-0.296875000,,
0.984375000,-0.296875000,,
1.000000000,-0.296875000,,
-1.000000000,-0.281250000,,
-0.984375000,-0.281250000,,
-0.968750000,-0.281250000,,
-0.953125000,-0.281250000,,
-0.937500000,-0.281250000,0.471161963510,0.223801932667
-0.921875000,-0.281250000,0.147390636243,0.0700105522153
-0.906250000,-0.281250000,-0.138878837312,-0.0659674477232
-0.890625000,-0.281250000,-0.389431975379,-0.184980188305
-0.875000000,-0.281250000,-0.606208187081,-0.287948888863
-0.859375000,-0.281250000,-0.791245151733,-0.375841447073
-0.843750000,-0.281250000,-0.946633724525,-0.449651019149
-0.828125000,-0.281250000,-1.07448158970,-0.510378755106
-0.812500000,-0.281250000,-1.17688418394,-0.559019987371
-0.796875000,-0.281250000,-1.25590166258,-0.596553289726
-0.781250000,-0.281250000,-1.31354088716,-0.623931921400
-0.765625000,-0.281250000,-1.35174157876,-0.642077249909
-0.750000000,-0.281250000,-1.37236592772,-0.651873815665
-0.734375000,-0.281250000,-1.37719106186,-0.654165754384
-0.718750000,-0.281250000,-1.36790387562,-0.649754340918
-0.703125000,-0.281250000,-1.34609780179,-0.639396455851
-0.687500000,-0.281250000,-1.31327117580,-0.623803808504
-0.671875000,-0.281250000,-1.27082690016,-0.603642777575
-0.656250000,-0.281250000,-1.22007315980,-0.579534750905
-0.640625000,-0.281250000,-1.16222498562,-0.552056868169
-0.625000000,-0.281250000,-1.09840649002,-0.521743082759
-0.609375000,-0.281250000,-1.02965363120,-0.489085474820
-0.593750000,-0.281250000,-0.956917384049,-0.454535757423
-0.578125000,-0.281250000,-0.881067216263,-0.418506927725
-0.562500000,-0.281250000,-0.802894785529,-0.381375023126
-0.546875000,-0.281250000,-0.723117786246,-0.343480948467
-0.531250000,-0.281250000,-0.642383888627,-0.305132347098
-0.515625000,-0.281250000,-0.561274720475,-0.266605492226
-0.500000000,-0.281250000,-0.480309852922,-0.228147180138
-0.484375000,-0.281250000,-0.399950755855,-0.189976609031
-0.468750000,-0.281250000,-0.320604698909,-0.152287231982
-0.453125000,-0.281250000,-0.242628573204,-0.115248572272
-0.437500000,-0.281250000,-0.166332620440,-0.0790079947090
-0.421875000,-0.281250000,-0.0919840521440,-0.0436924247684
-0.406250000,-0.281250000,-0.0198105511803,-0.00941001181063
-0.390625000,-0.281250000,0.0499963535032,0.0237482679140
-0.375000000,-0.281250000,0.117278044919,0.0557070713366
-0.359375000,-0.281250000,0.181905711922,0.0864052131628
-0.343750000,-0.281250000,0.243777383155,0.115794256999
-0.328125000,-0.281250000,0.302815100677,0.143837172821
-0.312500000,-0.281250000,0.358962235179,0.170507061710
-0.296875000,-0.281250000,0.412180941204,0.195785947072
-0.281250000,-0.281250000,0.462449752269,0.219663632328
-0.265625000,-0.281250000,0.509761314050,0.242136624174
-0.250000000,-0.281250000,0.554120253339,0.263207120336
-0.234375000,-0.281250000,0.595541181636,0.282882061277
-0.218750000,-0.281250000,0.634046829853,0.301172244180
-0.203125000,-0.281250000,0.669666312086,0.318091498241
-0.187500000,-0.281250000,0.702433516543,0.333655920358
-0.171875000,-0.281250000,0.732385620036,0.347883169517
-0.156250000,-0.281250000,0.759561724511,0.360791819143
-0.140625000,-0.281250000,0.784001611652,0.372400765535
-0.125000000,-0.281250000,0.805744615470,0.382728692348
-0.109375000,-0.281250000,0.824946268846,0.391849477702
-0.093750000,-0.281250000,0.841364367613,0.399648074616
-0.078125000,-0.281250000,0.855205277613,0.406222506866
-0.062500000,-0.281250000,0.866493772187,0.411584541789
-0.046875000,-0.281250000,0.875250930443,0.415744191961
-0.031250000,-0.281250000,0.881493650623,0.418709484046
-0.015625000,-0.281250000,0.885234271771,0.420486279091
0.000000000,-0.281250000,0.886480304924,0.421078144839
0.015625000,-0.281250000,0.885234271771,0.420486279091
0.031250000,-0.281250000,0.881493650623,0.418709484046
0.046875000,-0.281250000,0.875250930443,0.415744191961
0.062500000,-0.281250000,0.866493772187,0.411584541789
0.078125000,-0.281250000,0.855205277613,0.406222506866
0.093750000,-0.281250000,0.841364367613,0.399648074616
0.109375000,-0.281250000,0.824946268846,0.391849477702
0.125000000,-0.281250000,0.805744615470,0.382728692348
0.140625000,-0.281250000,0.784001611652,0.372400765535
0.156250000,-0.281250000,0.759561724511,0.360791819143
0.171875000,-0.281250000,0.732385620036,0.347883169517
0.187500000,-0.281250000,0.702433516543,0.333655920358
0.203125000,-0.281250000,0.669666312086,0.318091498241
0.218750000,-0.281250000,0.634046829853,0.301172244180
0.234375000,-0.281250000,0.595541181636,0.282882061277
0.250000000,-0.281250000,0.554120253339,0.263207120336
0.265625000,-0.281250000,0.509761314050,0.242136624174
0.281250000,-0.281250000,0.462449752269,0.219663632328
0.296875000,-0.281250000,0.412180941204,0.195785947072
0.312500000,-0.281250000,0.358962235179,0.170507061710
0.328125000,-0.281250000,0.302815100677,0.143837172821
0.343750000,-0.281250000,0.243777383155,0.115794256999
0.359375000,-0.281250000,0.181905711922,0.0864052131628
0.375000000,-0.281250000,0.117278044919,0.0557070713366
0.390625000,-0.281250000,0.0499963535032,0.0237482679140
0.406250000,-0.281250000,-0.0198105511803,-0.00941001181063
0.421875000,-0.281250000,-0.0919840521440,-0.0436924247684
0.437500000,-0.281250000,-0.166332620440,-0.0790079947090
0.453125000,-0.281250000,-0.242628573204,-0.115248572272
0.468750000,-0.281250000,-0.320604698909,-0.152287231982
0.484375000,-0.281250000,-0.399950755855,-0.189976609031
0.500000000,-0.281250000,-0.480309852922,-0.228147180138
0.515625000,-0.281250000,-0.561274720475,-0.266605492226
0.531250000,-0.281250000,-0.642383888627,-0.305132347098
0.546875000,-0.281250000,-0.723117786246,-0.343480948467
0.562500000,-0.281250000,-0.802894785529,-0.381375023126
0.578125000,-0.281250000,-0.881067216263,-0.418506927725
0.593750000,-0.281250000,-0.956917384049,-0.454535757423
0.609375000,-0.281250000,-1.02965363120,-0.489085474820
0.625000000,-0.281250000,-1.09840649002,-0.521743082759
0.640625000,-0.281250000,-1.16222498562,-0.552056868169
0.656250000,-0.281250000,-1.22007315980,-0.579534750905
0.671875000,-0.281250000,-1.27082690016,-0.603642777575
0.687500000,-0.281250000,-1.31327117580,-0.623803808504
0.703125000,-0.281250000,-1.34609780179,-0.639396455851
0.718750000,-0.281250000,-1.36790387562,-0.649754340918
0.734375000,-0.281250000,-1.37719106186,-0.654165754384
0.750000000,-0.281250000,-1.37236592772,-0.651873815665
0.765625000,-0.281250000,-1.35174157876,-0.642077249909
0.781250000,-0.281250000,-1.31354088716,-0.623931921400
0.796875000,-0.281250000,-1.25590166258,-0.596553289726
0.812500000,-0.281250000,-1.17688418394,-0.559019987371
0.828125000,-0.281250000,-1.07448158970,-0.510378755106
0.843750000,-0.281250000,-0.946633724525,-0.449651019149
0.859375000,-0.281250000,-0.791245151733,-0.375841447073
0.875000000,-0.281250000,-0.606208187081,-0.287948888863
0.890625000,-0.281250000,-0.389431975379,-0.184980188305
0.906250000,-0.281250000,-0.138878837312,-0.0659674477232
0.921875000,-0.281250000,0.147390636243,0.0700105522153
0.937500000,-0.281250000,0.471161963510,0.223801932667
0.953125000,-0.281250000,,
0.968750000,-0.281250000,,
0.984375000,-0.281250000,,
1.000000000,-0.281250000,,
-1.000000000,-0.265625000,,
-0.984375000,-0.265625000,,
-0.968750000,-0.265625000,,
-0.953125000,-0.265625000,,
-0.937500000,-0.265625000,0.435792538165,0.207001455628
-0.921875000,-0.265625000,0.111521350810,0.0529726416348
-0.906250000,-0.265625000,-0.174697901413,-0.0829815031711
-0.890625000,-0.265625000,-0.424769443608,-0.201765485714
-0.875000000,-0.265625000,-0.640733395870,-0.304348363038
-0.859375000,-0.265625000,-0.824712668930,-0.391738517742
-0.843750000,-0.265625000,-0.978870018224,-0.464963258656
-0.828125000,-0.265625000,-1.10537353585,-0.525052429528
-0.812500000,-0.265625000,-1.20636915263,-0.573025347501
-0.796875000,-0.265625000,-1.28395896174,-0.609880506826
-0.781250000,-0.265625000,-1.34018437507,-0.636587578157
-0.765625000,-0.265625000,-1.37701328786,-0.654081311734
-0.750000000,-0.265625000,-1.39633056175,-0.663257016833
-0.734375000,-0.265625000,-1.39993125105,-0.664967344251
-0.718750000,-0.265625000,-1.38951608874,-0.660020142150
-0.703125000,-0.265625000,-1.36668883085,-0.649177194652
-0.687500000,-0.265625000,-1.33295511770,-0.633153680907
-0.671875000,-0.265625000,-1.28972257206,-0.612618221730
-0.656250000,-0.265625000,-1.23830189349,-0.588193399405
-0.640625000,-0.265625000,-1.17990875140,-0.560456656915
-0.625000000,-0.265625000,-1.11566630991,-0.529941497206
-0.609375000,-0.265625000,-1.04660824388,-0.497138915841
-0.593750000,-0.265625000,-0.973682130927,-0.462499012190
-0.578125000,-0.265625000,-0.897753119807,-0.426432731908
-0.562500000,-0.265625000,-0.819607796353,-0.389313703268
-0.546875000,-0.265625000,-0.739958178001,-0.351480134550
-0.531250000,-0.265625000,-0.659445780931,-0.313236745942
-0.515625000,-0.265625000,-0.578645714191,-0.274856714241
-0.500000000,-0.265625000,-0.498070763302,-0.236583612568
-0.484375000,-0.265625000,-0.418175430904,-0.198633329679
-0.468750000,-0.265625000,-0.339359910912,-0.161195957683
-0.453125000,-0.265625000,-0.261973975065,-0.124437638156
-0.437500000,-0.265625000,-0.186320756557,-0.0885023593647
-0.421875000,-0.265625000,-0.112660416647,-0.0535136979074
-0.406250000,-0.265625000,-0.0412136874889,-0.0195765015572
-0.390625000,-0.265625000,0.0278347190654,0.0132214915560
-0.375000000,-0.265625000,0.0943328399049,0.0448080989548
-0.359375000,-0.265625000,0.158158329829,0.0751252066687
-0.343750000,-0.265625000,0.219215474991,0.104127350621
-0.328125000,-0.265625000,0.277432349268,0.131780365902
-0.312500000,-0.265625000,0.332758115970,0.158060105086
-0.296875000,-0.265625000,0.385160471139,0.182951223791
-0.281250000,-0.265625000,0.434623230904,0.206446034679
-0.265625000,-0.265625000,0.481144056983,0.228543427067
-0.250000000,-0.265625000,0.524732321365,0.249247852648
-0.234375000,-0.265625000,0.565407105976,0.268568375339
-0.218750000,-0.265625000,0.603195334930,0.286517784092
-0.203125000,-0.265625000,0.638130038004,0.303111768052
-0.187500000,-0.265625000,0.670248740302,0.318368151643
-0.171875000,-0.265625000,0.699591977532,0.332306189328
-0.156250000,-0.265625000,0.726201933237,0.344945918288
-0.140625000,-0.265625000,0.750121194946,0.356307567599
-0.125000000,-0.265625000,0.771391627989,0.366411023295
-0.109375000,-0.265625000,0.790212024361,0.375350711572
-0.093750000,-0.265625000,0.806251901865,0.382969653386
-0.078125000,-0.265625000,0.819770116267,0.389390805227
-0.062500000,-0.265625000,0.830792774045,0.394626567671
-0.046875000,-0.265625000,0.839342043720,0.398687470767
-0.031250000,-0.265625000,0.845435668839,0.401581942698
-0.015625000,-0.265625000,0.849086591823,0.403316131116
0.000000000,-0.265625000,0.850302685521,0.403893775623
0.015625000,-0.265625000,0.849086591823,0.403316131116
0.031250000,-0.265625000,0.845435668839,0.401581942698
0.046875000,-0.265625000,0.839342043720,0.398687470767
0.062500000,-0.265625000,0.830792774045,0.394626567671
0.078125000,-0.265625000,0.819770116267,0.389390805227
0.093750000,-0.265625000,0.806251901865,0.382969653386
0.109375000,-0.265625000,0.790212024361,0.375350711572
0.125000000,-0.265625000,0.771391627989,0.366411023295
0.140625000,-0.265625000,0.750121194946,0.356307567599
0.156250000,-0.265625000,0.726201933237,0.344945918288
0.171875000,-0.265625000,0.699591977532,0.332306189328
0.187500000,-0.265625000,0.670248740302,0.318368151643
0.203125000,-0.265625000,0.638130038004,0.303111768052
0.218750000,-0.265625000,0.603195334930,0.286517784092
0.234375000,-0.265625000,0.565407105976,0.268568375339
0.250000000,-0.265625000,0.524732321365,0.249247852648
0.265625000,-0.265625000,0.481144056983,0.228543427067
0.281250000,-0.265625000,0.434623230904,0.206446034679
0.296875000,-0.265625000,0.385160471139,0.182951223791
0.312500000,-0.265625000,0.332758115970,0.158060105086
0.328125000,-0.265625000,0.277432349268,0.131780365902
0.343750000,-0.265625000,0.219215474991,0.104127350621
0.359375000,-0.265625000,0.158158329829,0.0751252066687
0.375000000,-0.265625000,0.0943328399049,0.0448080989548
0.390625000,-0.265625000,0.0278347190654,0.0132214915560
0.406250000,-0.265625000,-0.0412136874889,-0.0195765015572
0.421875000,-0.265625000,-0.112660416647,-0.0535136979074
0.437500000,-0.265625000,-0.186320756557,-0.0885023593647
0.453125000,-0.265625000,-0.261973975065,-0.124437638156
0.468750000,-0.265625000,-0.339359910912,-0.161195957683
0.484375000,-0.265625000,-0.418175430904,-0.198633329679
0.500000000,-0.265625000,-0.498070763302,-0.236583612568
0.515625000,-0.265625000,-0.578645714191,-0.274856714241
0.531250000,-0.265625000,-0.659445780931,-0.313236745942
0.546875000,-0.265625000,-0.739958178001,-0.351480134550
0.562500000,-0.265625000,-0.819607796353,-0.389313703268
0.578125000,-0.265625000,-0.897753119807,-0.426432731908
0.593750000,-0.265625000,-0.973682130927,-0.462499012190
0.609375000,-0.265625000,-1.04660824388,-0.497138915841
0.625000000,-0.265625000,-1.11566630991,-0.529941497206
0.640625000,-0.265625000,-1.17990875140,-0.560456656915
0.656250000,-0.265625000,-1.23830189349,-0.588193399405
0.671875000,-0.265625000,-1.28972257206,-0.612618221730
0.687500000,-0.265625000,-1.33295511770,-0.633153680907
0.703125000,-0.265625000,-1.36668883085,-0.649177194652
0.718750000,-0.265625000,-1.38951608874,-0.660020142150
0.734375000,-0.265625000,-1.39993125105,-0.664967344251
0.750000000,-0.265625000,-1.39633056175,-0.663257016833
0.765625000,-0.265625000,-1.37701328786,-0.654081311734
0.781250000,-0.265625000,-1.34018437507,-0.636587578157
0.796875000,-0.265625000,-1.28395896174,-0.609880506826
0.812500000,-0.265625000,-1.20636915263,-0.573025347501
0.828125000,-0.265625000,-1.10537353585,-0.525052429528
0.843750000,-0.265625000,-0.978870018224,-0.464963258656
0.859375000,-0.265625000,-0.824712668930,-0.391738517742
0.875000000,-0.265625000,-0.640733395870,-0.304348363038
0.890625000,-0.265625000,-0.424769443608,-0.201765485714
0.906250000,-0.265625000,-0.174697901413,-0.0829815031711
0.921875000,-0.265625000,0.111521350810,0.0529726416348
0.937500000,-0.265625000,0.435792538165,0.207001455628
0.953125000,-0.265625000,,
0.968750000,-0.265625000,,
0.984375000,-0.265625000,,
1.000000000,-0.265625000,,
-1.000000000,-0.250000000,,
-0.984375000,-0.250000000,,
-0.968750000,-0.250000000,,
-0.953125000,-0.250000000,,
-0.937500000,-0.250000000,0.406015313921,0.192857274112
-0.921875000,-0.250000000,0.0811335986344,0.0385384593513
-0.906250000,-0.250000000,-0.205183716352,-0.0974622652674
-0.890625000,-0.250000000,-0.454951223054,-0.216101830951
-0.875000000,-0.250000000,-0.670302722166,-0.318393793029
-0.859375000,-0.250000000,-0.853440434950,-0.405384206601
-0.843750000,-0.250000000,-1.00659403867,-0.478132168366
-0.828125000,-0.250000000,-1.13198785692,-0.537694232038
-0.812500000,-0.250000000,-1.23181482053,-0.585112039754
-0.796875000,-0.250000000,-1.30821604854,-0.621402623058
-0.781250000,-0.250000000,-1.36326508856,-0.647550917068
-0.765625000,-0.250000000,-1.39895601984,-0.664504109423
-0.750000000,-0.250000000,-1.41719474866,-0.673167505614
-0.734375000,-0.250000000,-1.41979293972,-0.674401646368
-0.718750000,-0.250000000,-1.40846411577,-0.669020454993
-0.703125000,-0.250000000,-1.38482153471,-0.657790228988
-0.687500000,-0.250000000,-1.35037751679,-0.641429320473
-0.671875000,-0.250000000,-1.30654394771,-0.620608375161
-0.656250000,-0.250000000,-1.25463372807,-0.595951020834
-0.640625000,-0.250000000,-1.19586297575,-0.568034913479
-0.625000000,-0.250000000,-1.13135382172,-0.537393065318
-0.609375000,-0.250000000,-1.06213766334,-0.504515390086
-0.593750000,-0.250000000,-0.989158762896,-0.469850412375
-0.578125000,-0.250000000,-0.913278098397,-0.433807096739
-0.562500000,-0.250000000,-0.835277387274,-0.396756758955
-0.546875000,-0.250000000,-0.755863219941,-0.359035029472
-0.531250000,-0.250000000,-0.675671247976,-0.320943842788
-0.515625000,-0.250000000,-0.595270383688,-0.282753432252
-0.500000000,-0.250000000,-0.515166975785,-0.244704313498
-0.484375000,-0.250000000,-0.435808929809,-0.207009241659
-0.468750000,-0.250000000,-0.357589752013,-0.169855132206
-0.453125000,-0.250000000,-0.280852495171,-0.133404935206
-0.437500000,-0.250000000,-0.205893593994,-0.0977994571471
-0.421875000,-0.250000000,-0.132966576685,-0.0631591239255
-0.406250000,-0.250000000,-0.0622856444736,-0.0295856811250
-0.390625000,-0.250000000,0.00597088654097,0.00283617110696
-0.375000000,-0.250000000,0.0716572870236,0.0340372113362
-0.359375000,-0.250000000,0.134657261481,0.0639621992034
-0.343750000,-0.250000000,0.194880942179,0.0925684475350
-0.328125000,-0.250000000,0.252262030777,0.119824464619
-0.312500000,-0.250000000,0.306755087201,0.145708666421
-0.296875000,-0.250000000,0.358332963953,0.170208157878
-0.281250000,-0.250000000,0.406984385150,0.193317582946
-0.265625000,-0.250000000,0.452711667140,0.215038041892
-0.250000000,-0.250000000,0.495528579210,0.235376075125
-0.234375000,-0.250000000,0.535458340237,0.254342711612
-0.218750000,-0.250000000,0.572531750646,0.271952581557
-0.203125000,-0.250000000,0.606785454593,0.288223090932
-0.187500000,-0.250000000,0.638260330685,0.303173657075
-0.171875000,-0.250000000,0.667000008234,0.316825003911
-0.156250000,-0.250000000,0.693049505734,0.329198515224
-0.140625000,-0.250000000,0.716453989500,0.340315645012
-0.125000000,-0.250000000,0.737257649039,0.350197383294
-0.109375000,-0.250000000,0.755502687607,0.358863776613
-0.093750000,-0.250000000,0.771385237185,0.366407987663
-0.078125000,-0.250000000,0.784583613243,0.372677216290
-0.062500000,-0.250000000,0.795342947421,0.377787900025
-0.046875000,-0.250000000,0.803686392135,0.381751036264
-0.031250000,-0.250000000,0.809632454827,0.384575416043
-0.015625000,-0.250000000,0.813194622770,0.386267445816
0.000000000,-0.250000000,0.814381095119,0.386831020182
0.015625000,-0.250000000,0.813194622770,0.386267445816
0.031250000,-0.250000000,0.809632454827,0.384575416043
0.046875000,-0.250000000,0.803686392135,0.381751036264
0.062500000,-0.250000000,0.795342947421,0.377787900025
0.078125000,-0.250000000,0.784583613243,0.372677216290
0.093750000,-0.250000000,0.771385237185,0.366407987663
0.109375000,-0.250000000,0.755502687607,0.358863776613
0.125000000,-0.250000000,0.737257649039,0.350197383294
0.140625000,-0.250000000,0.716453989500,0.340315645012
0.156250000,-0.250000000,0.693049505734,0.329198515224
0.171875000,-0.250000000,0.667000008234,0.316825003911
0.187500000,-0.250000000,0.638260330685,0.303173657075
0.203125000,-0.250000000,0.606785454593,0.288223090932
0.218750000,-0.250000000,0.572531750646,0.271952581557
0.234375000,-0.250000000,0.535458340237,0.254342711612
0.250000000,-0.250000000,0.495528579210,0.235376075125
0.265625000,-0.250000000,0.452711667140,0.215038041892
0.281250000,-0.250000000,0.406984385150,0.193317582946
0.296875000,-0.250000000,0.358332963953,0.170208157878
0.312500000,-0.250000000,0.306755087201,0.145708666421
0.328125000,-0.250000000,0.252262030777,0.119824464619
0.343750000,-0.250000000,0.194880942179,0.0925684475350
0.359375000,-0.250000000,0.134657261481,0.0639621992034
0.375000000,-0.250000000,0.0716572870236,0.0340372113362
0.390625000,-0.250000000,0.00597088654097,0.00283617110696
0.406250000,-0.250000000,-0.0622856444736,-0.0295856811250
0.421875000,-0.250000000,-0.132966576685,-0.0631591239255
0.437500000,-0.250000000,-0.205893593994,-0.0977994571471
0.453125000,-0.250000000,-0.280852495171,-0.133404935206
0.468750000,-0.250000000,-0.357589752013,-0.169855132206
0.484375000,-0.250000000,-0.435808929809,-0.207009241659
0.500000000,-0.250000000,-0.515166975785,-0.244704313498
0.515625000,-0.250000000,-0.595270383688,-0.282753432252
0.531250000,-0.250000000,-0.675671247976,-0.320943842788
0.546875000,-0.250000000,-0.755863219941,-0.359035029472
0.562500000,-0.250000000,-0.835277387274,-0.396756758955
0.578125000,-0.250000000,-0.913278098397,-0.433807096739
0.593750000,-0.250000000,-0.989158762896,-0.469850412375
0.609375000,-0.250000000,-1.06213766334,-0.504515390086
0.625000000,-0.250000000,-1.13135382172,-0.537393065318
0.640625000,-0.250000000,-1.19586297575,-0.568034913479
0.656250000,-0.250000000,-1.25463372807,-0.595951020834
0.671875000,-0.250000000,-1.30654394771,-0.620608375161
0.687500000,-0.250000000,-1.35037751679,-0.641429320473
0.703125000,-0.250000000,-1.38482153471,-0.657790228988
0.718750000,-0.250000000,-1.40846411577,-0.669020454993
0.734375000,-0.250000000,-1.41979293972,-0.674401646368
0.750000000,-0.250000000,-1.41719474866,-0.673167505614
0.765625000,-0.250000000,-1.39895601984,-0.664504109423
0.781250000,-0.250000000,-1.36326508856,-0.647550917068
0.796875000,-0.250000000,-1.30821604854,-0.621402623058
0.812500000,-0.250000000,-1.23181482053,-0.585112039754
0.828125000,-0.250000000,-1.13198785692,-0.537694232038
0.843750000,-0.250000000,-1.00659403867,-0.478132168366
0.859375000,-0.250000000,-0.853440434950,-0.405384206601
0.875000000,-0.250000000,-0.670302722166,-0.318393793029
0.890625000,-0.250000000,-0.454951223054,-0.216101830951
0.906250000,-0.250000000,-0.205183716352,-0.0974622652674
0.921875000,-0.250000000,0.0811335986344,0.0385384593513
0.937500000,-0.250000000,0.406015313921,0.192857274112
0.953125000,-0.250000000,,
0.968750000,-0.250000000,,
0.984375000,-0.250000000,,
1.000000000,-0.250000000,,
-1.000000000,-0.234375000,,
-0.984375000,-0.234375000,,
-0.968750000,-0.234375000,,
-0.953125000,-0.234375000,0.748882378763,0.355719129913
-0.937500000,-0.234375000,0.382229668462,0.181559092519
-0.921875000,-0.234375000,0.0565755304243,0.0268733769516
-0.906250000,-0.234375000,-0.230033490773,-0.109265908117
-0.890625000,-0.234375000,-0.479714712291,-0.227864488338
-0.875000000,-0.234375000,-0.694689186175,-0.329977363433
-0.859375000,-0.234375000,-0.877233043157,-0.416685695499
-0.843750000,-0.234375000,-1.02963835434,-0.489078218314
-0.828125000,-0.234375000,-1.15418188940,-0.548236397467
-0.812500000,-0.234375000,-1.25310042621,-0.595222702452
-0.796875000,-0.234375000,-1.32857149517,-0.631071460204
-0.781250000,-0.234375000,-1.38269862590,-0.656781847304
-0.765625000,-0.234375000,-1.41750032051,-0.673312652244
-0.750000000,-0.234375000,-1.43490210535,-0.681578500042
-0.734375000,-0.234375000,-1.43673111892,-0.682447281489
-0.718750000,-0.234375000,-1.42471278261,-0.676738571739
-0.703125000,-0.234375000,-1.40046917702,-0.665222859085
-0.687500000,-0.234375000,-1.36551880335,-0.648621431591
-0.671875000,-0.234375000,-1.32127746691,-0.627606796780
-0.656250000,-0.234375000,-1.26906005801,-0.602803527553
-0.640625000,-0.234375000,-1.21008304570,-0.574789446705
-0.625000000,-0.234375000,-1.14546752768,-0.544097075646
-0.609375000,-0.234375000,-1.07624270606,-0.511215285380
-0.593750000,-0.234375000,-1.00334968129,-0.476591098610
-0.578125000,-0.234375000,-0.927645473390,-0.440631599860
-0.562500000,-0.234375000,-0.849907195316,-0.403705917775
-0.546875000,-0.234375000,-0.770836316474,-0.366147250325
-0.531250000,-0.234375000,-0.691062965486,-0.328254908606
-0.515625000,-0.234375000,-0.611150228844,-0.290296358701
-0.500000000,-0.234375000,-0.531598413219,-0.252509246279
-0.484375000,-0.234375000,-0.452849240993,-0.215103389472
-0.468750000,-0.234375000,-0.375289958791,-0.178262730426
-0.453125000,-0.234375000,-0.299257340107,-0.142147236551
-0.437500000,-0.234375000,-0.225041568490,-0.106894745033
-0.421875000,-0.234375000,-0.152889990280,-0.0726227453831
-0.406250000,-0.234375000,-0.0830107298782,-0.0394300966921
-0.390625000,-0.234375000,-0.0155761604087,-0.00739867619411
-0.375000000,-0.234375000,0.0492737725184,0.0234050419462
-0.359375000,-0.234375000,0.111428377405,0.0529284792673
-0.343750000,-0.234375000,0.170803193771,0.0811315170412
-0.328125000,-0.234375000,0.227337120479,0.107985132228
-0.312500000,-0.234375000,0.280989693442,0.133470104385
-0.296875000,-0.234375000,0.331738511891,0.157575793148
-0.281250000,-0.234375000,0.379576811249,0.180298985343
-0.265625000,-0.234375000,0.424511179169,0.201642810105
-0.250000000,-0.234375000,0.466559413543,0.221615721433
-0.234375000,-0.234375000,0.505748518253,0.240230546170
-0.218750000,-0.234375000,0.542112833993,0.257503596147
-0.203125000,-0.234375000,0.575692301486,0.273453843206
-0.187500000,-0.234375000,0.606530853545,0.288102155434
-0.171875000,-0.234375000,0.634674932766,0.301470593064
-0.156250000,-0.234375000,0.660172132829,0.313581763094
-0.140625000,-0.234375000,0.683069958673,0.324458230370
-0.125000000,-0.234375000,0.703414705786,0.334121985248
-0.109375000,-0.234375000,0.721250452556,0.342593964964
-0.093750000,-0.234375000,0.736618166539,0.349893629106
-0.078125000,-0.234375000,0.749554920115,0.356038587054
-0.062500000,-0.234375000,0.760227800703,0.361108205334
-0.046875000,-0.234375000,0.768368292951,0.364974939152
-0.031250000,-0.234375000,0.774146510626,0.367719592547
-0.015625000,-0.234375000,0.777624484361,0.369371630072
0.000000000,-0.234375000,0.778782802485,0.369921831181
0.015625000,-0.234375000,0.777624484361,0.369371630072
0.031250000,-0.234375000,0.774146510626,0.367719592547
0.046875000,-0.234375000,0.768368292951,0.364974939152
0.062500000,-0.234375000,0.760227800703,0.361108205334
0.078125000,-0.234375000,0.749554920115,0.356038587054
0.093750000,-0.234375000,0.736618166539,0.349893629106
0.109375000,-0.234375000,0.721250452556,0.342593964964
0.125000000,-0.234375000,0.703414705786,0.334121985248
0.140625000,-0.234375000,0.683069958673,0.324458230370
0.156250000,-0.234375000,0.660172132829,0.313581763094
0.171875000,-0.234375000,0.634674932766,0.301470593064
0.187500000,-0.234375000,0.606530853545,0.288102155434
0.203125000,-0.234375000,0.575692301486,0.273453843206
0.218750000,-0.234375000,0.542112833993,0.257503596147
0.234375000,-0.234375000,0.505748518253,0.240230546170
0.250000000,-0.234375000,0.466559413543,0.221615721433
0.265625000,-0.234375000,0.424511179169,0.201642810105
0.281250000,-0.234375000,0.379576811249,0.180298985343
0.296875000,-0.234375000,0.331738511891,0.157575793148
0.312500000,-0.234375000,0.280989693442,0.133470104385
0.328125000,-0.234375000,0.227337120479,0.107985132228
0.343750000,-0.234375000,0.170803193771,0.0811315170412
0.359375000,-0.234375000,0.111428377405,0.0529284792673
0.375000000,-0.234375000,0.0492737725184,0.0234050419462
0.390625000,-0.234375000,-0.0155761604087,-0.00739867619411
0.406250000,-0.234375000,-0.0830107298782,-0.0394300966921
0.421875000,-0.234375000,-0.152889990280,-0.0726227453831
0.437500000,-0.234375000,-0.225041568490,-0.106894745033
0.453125000,-0.234375000,-0.299257340107,-0.142147236551
0.468750000,-0.234375000,-0.375289958791,-0.178262730426
0.484375000,-0.234375000,-0.452849240993,-0.215103389472
0.500000000,-0.234375000,-0.531598413219,-0.252509246279
0.515625000,-0.234375000,-0.611150228844,-0.290296358701
0.531250000,-0.234375000,-0.691062965486,-0.328254908606
0.546875000,-0.234375000,-0.770836316474,-0.366147250325
0.562500000,-0.234375000,-0.849907195316,-0.403705917775
0.578125000,-0.234375000,-0.927645473390,-0.440631599860
0.593750000,-0.234375000,-1.00334968129,-0.476591098610
0.609375000,-0.234375000,-1.07624270606,-0.511215285380
0.625000000,-0.234375000,-1.14546752768,-0.544097075646
0.640625000,-0.234375000,-1.21008304570,-0.574789446705
0.656250000,-0.234375000,-1.26906005801,-0.602803527553
0.671875000,-0.234375000,-1.32127746691,-0.627606796780
0.687500000,-0.234375000,-1.36551880335,-0.648621431591
0.703125000,-0.234375000,-1.40046917702,-0.665222859085
0.718750000,-0.234375000,-1.42471278261,-0.676738571739
0.734375000,-0.234375000,-1.43673111892,-0.682447281489
0.750000000,-0.234375000,-1.43490210535,-0.681578500042
0.765625000,-0.234375000,-1.41750032051,-0.673312652244
0.781250000,-0.234375000,-1.38269862590,-0.656781847304
0.796875000,-0.234375000,-1.32857149517,-0.631071460204
0.812500000,-0.234375000,-1.25310042621,-0.595222702452
0.828125000,-0.234375000,-1.15418188940,-0.548236397467
0.843750000,-0.234375000,-1.02963835434,-0.489078218314
0.859375000,-0.234375000,-0.877233043157,-0.416685695499
0.875000000,-0.234375000,-0.694689186175,-0.329977363433
0.890625000,-0.234375000,-0.479714712291,-0.227864488338
0.906250000,-0.234375000,-0.230033490773,-0.109265908117
0.921875000,-0.234375000,0.0565755304243,0.0268733769516
0.937500000,-0.234375000,0.382229668462,0.181559092519
0.953125000,-0.234375000,0.748882378763,0.355719129913
0.968750000,-0.234375000,,
0.984375000,-0.234375000,,
1.000000000,-0.234375000,,
-1.000000000,-0.218750000,,
-0.984375000,-0.218750000,,
-0.968750000,-0.218750000,,
-0.953125000,-0.218750000,0.733005308060,0.348177521329
-0.937500000,-0.218750000,0.364803285163,0.173281560452
-0.921875000,-0.218750000,0.0381665641854,0.0181291179881
-0.906250000,-0.218750000,-0.248970660897,-0.118261063926
-0.890625000,-0.218750000,-0.498821418682,-0.236940173874
-0.875000000,-0.218750000,-0.713688124998,-0.339001859374
-0.859375000,-0.218750000,-0.895915888188,-0.425560046889
-0.843750000,-0.218750000,-1.04785505269,-0.497731150028
-0.828125000,-0.218750000,-1.17183140299,-0.556619916419
-0.812500000,-0.218750000,-1.27012272026,-0.603308292125
-0.796875000,-0.218750000,-1.34494060316,-0.638846786503
-0.781250000,-0.218750000,-1.39841664724,-0.664247907440
-0.765625000,-0.218750000,-1.43259222665,-0.680481307658
-0.750000000,-0.218750000,-1.44941124866,-0.688470343115
-0.734375000,-0.218750000,-1.45071535280,-0.689089792579
-0.718750000,-0.218750000,-1.43824111604,-0.683164530119
-0.703125000,-0.218750000,-1.41361889293,-0.671468974140
-0.687500000,-0.218750000,-1.37837298531,-0.654727168022
-0.671875000,-0.218750000,-1.33392288053,-0.633613368251
-0.656250000,-0.218750000,-1.28158534416,-0.608753038478
-0.640625000,-0.218750000,-1.22257718695,-0.580724163800
-0.625000000,-0.218750000,-1.15801855308,-0.550058812712
-0.609375000,-0.218750000,-1.08893660571,-0.517244887714
-0.593750000,-0.218750000,-1.01626950450,-0.482728014637
-0.578125000,-0.218750000,-0.940870587822,-0.446913529215
-0.562500000,-0.218750000,-0.863512685885,-0.410168525795
-0.546875000,-0.218750000,-0.784892508433,-0.372823941506
-0.531250000,-0.218750000,-0.705635053848,-0.335176650578
-0.515625000,-0.218750000,-0.626298002137,-0.297491551015
-0.500000000,-0.218750000,-0.547376057988,-0.260003627544
-0.484375000,-0.218750000,-0.469305217337,-0.222919978235
-0.468750000,-0.218750000,-0.392466936975,-0.186421795063
-0.453125000,-0.218750000,-0.317192189232,-0.150666289885
-0.437500000,-0.218750000,-0.243765390498,-0.115788560486
-0.421875000,-0.218750000,-0.172428192629,-0.0819033914986
-0.406250000,-0.218750000,-0.103383130186,-0.0491069868384
-0.390625000,-0.218750000,-0.0367971187970,-0.0174786314286
-0.375000000,-0.218750000,0.0271951984877,0.0129177192816
-0.359375000,-0.218750000,0.0884882590587,0.0420319230529
-0.343750000,-0.218750000,0.147002542785,0.0698262078228
-0.328125000,-0.218750000,0.202681688061,0.0962738018289
-0.312500000,-0.218750000,0.255489760097,0.121357636046
-0.296875000,-0.218750000,0.305408670967,0.145069118709
-0.281250000,-0.218750000,0.352435746692,0.167406979679
-0.265625000,-0.218750000,0.396581440943,0.188376184448
-0.250000000,-0.218750000,0.437867190888,0.207986915672
-0.234375000,-0.218750000,0.476323412623,0.226253620996
-0.218750000,-0.218750000,0.511987633050,0.243194125699
-0.203125000,-0.218750000,0.544902753835,0.258828808071
-0.187500000,-0.218750000,0.575115445905,0.273179836805
-0.171875000,-0.218750000,0.602674670081,0.286270468288
-0.156250000,-0.218750000,0.627630320486,0.298124402231
-0.140625000,-0.218750000,0.650031988778,0.308765194670
-0.125000000,-0.218750000,0.669927845898,0.318215726802
-0.109375000,-0.218750000,0.687363638146,0.326497728119
-0.093750000,-0.218750000,0.702381796181,0.333631353186
-0.078125000,-0.218750000,0.715020654035,0.339634810667
-0.062500000,-0.218750000,0.725290714036,0.344513089167
-0.046875000,-0.218750000,0.733273660106,0.348304988550
-0.031250000,-0.218750000,0.739113312553,0.351078823463
-0.015625000,-0.218750000,0.742504499831,0.352689637420
0.000000000,-0.218750000,0.743633861548,0.353226084235
0.015625000,-0.218750000,0.742504499831,0.352689637420
0.031250000,-0.218750000,0.739113312553,0.351078823463
0.046875000,-0.218750000,0.733273660106,0.348304988550
0.062500000,-0.218750000,0.725290714036,0.344513089167
0.078125000,-0.218750000,0.715020654035,0.339634810667
0.093750000,-0.218750000,0.702381796181,0.333631353186
0.109375000,-0.218750000,0.687363638146,0.326497728119
0.125000000,-0.218750000,0.669927845898,0.318215726802
0.140625000,-0.218750000,0.650031988778,0.308765194670
0.156250000,-0.218750000,0.627630320486,0.298124402231
0.171875000,-0.218750000,0.602674670081,0.286270468288
0.187500000,-0.218750000,0.575115445905,0.273179836805
0.203125000,-0.218750000,0.544902753835,0.258828808071
0.218750000,-0.218750000,0.511987633050,0.243194125699
0.234375000,-0.218750000,0.476323412623,0.226253620996
0.250000000,-0.218750000,0.437867190888,0.207986915672
0.265625000,-0.218750000,0.396581440943,0.188376184448
0.281250000,-0.218750000,0.352435746692,0.167406979679
0.296875000,-0.218750000,0.305408670967,0.145069118709
0.312500000,-0.218750000,0.255489760097,0.121357636046
0.328125000,-0.218750000,0.202681688061,0.0962738018289
0.343750000,-0.218750000,0.147002542785,0.0698262078228
0.359375000,-0.218750000,0.0884882590587,0.0420319230529
0.375000000,-0.218750000,0.0271951984877,0.0129177192816
0.390625000,-0.218750000,-0.0367971187970,-0.0174786314286
0.406250000,-0.218750000,-0.103383130186,-0.0491069868384
0.421875000,-0.218750000,-0.172428192629,-0.0819033914986
0.437500000,-0.218750000,-0.243765390498,-0.115788560486
0.453125000,-0.218750000,-0.317192189232,-0.150666289885
0.468750000,-0.218750000,-0.392466936975,-0.186421795063
0.484375000,-0.218750000,-0.469305217337,-0.222919978235
0.500000000,-0.218750000,-0.547376057988,-0.260003627544
0.515625000,-0.218750000,-0.626298002137,-0.297491551015
0.531250000,-0.218750000,-0.705635053848,-0.335176650578
0.546875000,-0.218750000,-0.784892508433,-0.372823941506
0.562500000,-0.218750000,-0.863512685885,-0.410168525795
0.578125000,-0.218750000,-0.940870587822,-0.446913529215
0.593750000,-0.218750000,-1.01626950450,-0.482728014637
0.609375000,-0.218750000,-1.08893660571,-0.517244887714
0.625000000,-0.218750000,-1.15801855308,-0.550058812712
0.640625000,-0.218750000,-1.22257718695,-0.580724163800
0.656250000,-0.218750000,-1.28158534416,-0.608753038478
0.671875000,-0.218750000,-1.33392288053,-0.633613368251
0.687500000,-0.218750000,-1.37837298531,-0.654727168022
0.703125000,-0.218750000,-1.41361889293,-0.671468974140
0.718750000,-0.218750000,-1.43824111604,-0.683164530119
0.734375000,-0.218750000,-1.45071535280,-0.689089792579
0.750000000,-0.218750000,-1.44941124866,-0.688470343115
0.765625000,-0.218750000,-1.43259222665,-0.680481307658
0.781250000,-0.218750000,-1.39841664724,-0.664247907440
0.796875000,-0.218750000,-1.34494060316,-0.638846786503
0.812500000,-0.218750000,-1.27012272026,-0.603308292125
0.828125000,-0.218750000,-1.17183140299,-0.556619916419
0.843750000,-0.218750000,-1.04785505269,-0.497731150028
0.859375000,-0.218750000,-0.895915888188,-0.425560046889
0.875000000,-0.218750000,-0.713688124998,-0.339001859374
0.890625000,-0.218750000,-0.498821418682,-0.236940173874
0.906250000,-0.218750000,-0.248970660897,-0.118261063926
0.921875000,-0.218750000,0.0381665641854,0.0181291179881
0.937500000,-0.218750000,0.364803285163,0.173281560452
0.953125000,-0.218750000,0.733005308060,0.348177521329
0.968750000,-0.218750000,,
0.984375000,-0.218750000,,
1.000000000,-0.218750000,,
-1.000000000,-0.203125000,,
-0.984375000,-0.203125000,,
-0.968750000,-0.203125000,,
-0.953125000,-0.203125000,0.724054212346,0.343925750864
-0.937500000,-0.203125000,0.354076066574,0.168186131623
-0.921875000,-0.203125000,0.0262009298274,0.0124454416680
-0.906250000,-0.203125000,-0.261741664415,-0.124327290597
-0.890625000,-0.203125000,-0.512054006835,-0.243225653246
-0.875000000,-0.203125000,-0.727114478199,-0.345379377145
-0.859375000,-0.203125000,-0.909332656333,-0.431933011758
-0.843750000,-0.203125000,-1.06111340652,-0.504028868095
-0.828125000,-0.203125000,-1.18482841849,-0.562793498784
-0.812500000,-0.203125000,-1.28279391436,-0.609327109323
-0.796875000,-0.203125000,-1.35725346527,-0.644695396003
-0.781250000,-0.203125000,-1.41036503406,-0.669923391179
-0.765625000,-0.203125000,-1.44419150842,-0.685990966499
-0.750000000,-0.203125000,-1.46069410809,-0.693829701341
-0.734375000,-0.203125000,-1.46172815426,-0.694320873273
-0.718750000,-0.203125000,-1.44904077118,-0.688294366310
-0.703125000,-0.203125000,-1.42427016224,-0.676528327063
-0.687500000,-0.203125000,-1.38894615923,-0.659749425633
-0.671875000,-0.203125000,-1.34449179452,-0.638633602396
-0.656250000,-0.203125000,-1.29222568589,-0.613807200797
-0.640625000,-0.203125000,-1.23336505913,-0.585848403089
-0.625000000,-0.203125000,-1.16902926171,-0.555288899311
-0.609375000,-0.203125000,-1.10024364505,-0.522615731397
-0.593750000,-0.203125000,-1.02794371506,-0.488273264653
-0.578125000,-0.203125000,-0.952979464831,-0.452665245795
-0.562500000,-0.203125000,-0.876119822164,-0.416156915528
-0.546875000,-0.203125000,-0.798057151021,-0.379077146735
-0.531250000,-0.203125000,-0.719411763352,-0.341720587592
-0.515625000,-0.203125000,-0.640736399450,-0.304349789739
-0.500000000,-0.203125000,-0.562520647576,-0.267197307599
-0.484375000,-0.203125000,-0.485195277254,-0.230467756696
-0.468750000,-0.203125000,-0.409136465442,-0.194339821085
-0.453125000,-0.203125000,-0.334669901041,-0.158968202994
-0.437500000,-0.203125000,-0.262074754898,-0.124485508577
-0.421875000,-0.203125000,-0.191587507040,-0.0910040658441
-0.406250000,-0.203125000,-0.123405623913,-0.0586176713589
-0.390625000,-0.203125000,-0.0576910817752,-0.0274032638432
-0.375000000,-0.203125000,0.00542626623199,0.00257747646020
-0.359375000,-0.203125000,0.0658454812774,0.0312766036068
-0.343750000,-0.203125000,0.123491487490,0.0586584565579
-0.328125000,-0.203125000,0.178312177188,0.0846982841641
-0.312500000,-0.203125000,0.230275672414,0.109380944397
-0.296875000,-0.203125000,0.279367738249,0.132699675668
-0.281250000,-0.203125000,0.325589347051,0.154654939849
-0.265625000,-0.203125000,0.368954389973,0.175253335237
-0.250000000,-0.203125000,0.409487532378,0.194506577879
-0.234375000,-0.203125000,0.447222209620,0.212430549569
-0.218750000,-0.203125000,0.482198760772,0.229044411367
-0.203125000,-0.203125000,0.514462694806,0.244369780033
-0.187500000,-0.203125000,0.544063088188,0.258429966890
-0.171875000,-0.203125000,0.571051108443,0.271249276510
-0.156250000,-0.203125000,0.595478661537,0.282852364230
-0.140625000,-0.203125000,0.617397159889,0.293263650947
-0.125000000,-0.203125000,0.636856407695,0.302506793655
-0.109375000,-0.203125000,0.653903600809,0.310604210384
-0.093750000,-0.203125000,0.668582439640,0.317576658829
-0.078125000,-0.203125000,0.680909567106,0.323432044376
-0.062500000,-0.203125000,0.690974127950,0.328212710776
-0.046875000,-0.203125000,0.698769607649,0.331915563633
-0.031250000,-0.203125000,0.704320213738,0.334552101525
-0.015625000,-0.203125000,0.707643489582,0.336130657551
0.000000000,-0.203125000,0.708750061968,0.336656279435
0.015625000,-0.203125000,0.707643489582,0.336130657551
0.031250000,-0.203125000,0.704320213738,0.334552101525
0.046875000,-0.203125000,0.698769607649,0.331915563633
0.062500000,-0.203125000,0.690974127950,0.328212710776
0.078125000,-0.203125000,0.680909567106,0.323432044376
0.093750000,-0.203125000,0.668582439640,0.317576658829
0.109375000,-0.203125000,0.653903600809,0.310604210384
0.125000000,-0.203125000,0.636856407695,0.302506793655
0.140625000,-0.203125000,0.617397159889,0.293263650947
0.156250000,-0.203125000,0.595478661537,0.282852364230
0.171875000,-0.203125000,0.571051108443,0.271249276510
0.187500000,-0.203125000,0.544063088188,0.258429966890
0.203125000,-0.203125000,0.514462694806,0.244369780033
0.218750000,-0.203125000,0.482198760772,0.229044411367
0.234375000,-0.203125000,0.447222209620,0.212430549569
0.250000000,-0.203125000,0.409487532378,0.194506577879
0.265625000,-0.203125000,0.368954389973,0.175253335237
0.281250000,-0.203125000,0.325589347051,0.154654939849
0.296875000,-0.203125000,0.279367738249,0.132699675668
0.312500000,-0.203125000,0.230275672414,0.109380944397
0.328125000,-0.203125000,0.178312177188,0.0846982841641
0.343750000,-0.203125000,0.123491487490,0.0586584565579
0.359375000,-0.203125000,0.0658454812774,0.0312766036068
0.375000000,-0.203125000,0.00542626623199,0.00257747646020
0.390625000,-0.203125000,-0.0576910817752,-0.0274032638432
0.406250000,-0.203125000,-0.123405623913,-0.0586176713589
0.421875000,-0.203125000,-0.191587507040,-0.0910040658441
0.437500000,-0.203125000,-0.262074754898,-0.124485508577
0.453125000,-0.203125000,-0.334669901041,-0.158968202994
0.468750000,-0.203125000,-0.409136465442,-0.194339821085
0.484375000,-0.203125000,-0.485195277254,-0.230467756696
0.500000000,-0.203125000,-0.562520647576,-0.267197307599
0.515625000,-0.203125000,-0.640736399450,-0.304349789739
0.531250000,-0.203125000,-0.719411763352,-0.341720587592
0.546875000,-0.203125000,-0.798057151021,-0.379077146735
0.562500000,-0.203125000,-0.876119822164,-0.416156915528
0.578125000,-0.203125000,-0.952979464831,-0.452665245795
0.593750000,-0.203125000,-1.02794371506,-0.488273264653
0.609375000,-0.203125000,-1.10024364505,-0.522615731397
0.625000000,-0.203125000,-1.16902926171,-0.555288899311
0.640625000,-0.203125000,-1.23336505913,-0.585848403089
0.656250000,-0.203125000,-1.29222568589,-0.613807200797
0.671875000,-0.203125000,-1.34449179452,-0.638633602396
0.687500000,-0.203125000,-1.38894615923,-0.659749425633
0.703125000,-0.203125000,-1.42427016224,-0.676528327063
0.718750000,-0.203125000,-1.44904077118,-0.688294366310
0.734375000,-0.203125000,-1.46172815426,-0.694320873273
0.750000000,-0.203125000,-1.46069410809,-0.693829701341
0.765625000,-0.203125000,-1.44419150842,-0.685990966499
0.781250000,-0.203125000,-1.41036503406,-0.669923391179
0.796875000,-0.203125000,-1.35725346527,-0.644695396003
0.812500000,-0.203125000,-1.28279391436,-0.609327109323
0.828125000,-0.203125000,-1.18482841849,-0.562793498784
0.843750000,-0.203125000,-1.06111340652,-0.504028868095
0.859375000,-0.203125000,-0.909332656333,-0.431933011758
0.875000000,-0.203125000,-0.727114478199,-0.345379377145
0.890625000,-0.203125000,-0.512054006835,-0.243225653246
0.906250000,-0.203125000,-0.261741664415,-0.124327290597
0.921875000,-0.203125000,0.0262009298274,0.0124454416680
0.937500000,-0.203125000,0.354076066574,0.168186131623
0.953125000,-0.203125000,0.724054212346,0.343925750864
0.968750000,-0.203125000,,
0.984375000,-0.203125000,,
1.000000000,-0.203125000,,
-1.000000000,-0.187500000,,
-0.984375000,-0.187500000,,
-0.968750000,-0.187500000,,
-0.953125000,-0.187500000,0.722393574552,0.343136947912
-0.937500000,-0.187500000,0.350363857280,0.166422832208
-0.921875000,-0.187500000,0.0209510658203,0.00995175626465
-0.906250000,-0.187500000,-0.268112824636,-0.127353591702
-0.890625000,-0.187500000,-0.519213425624,-0.246626377172
-0.875000000,-0.187500000,-0.734800124591,-0.349030059181
-0.859375000,-0.187500000,-0.917342843137,-0.435737850490
-0.843750000,-0.187500000,-1.06929754879,-0.507916335677
-0.828125000,-0.187500000,-1.19307901902,-0.566712534035
-0.812500000,-0.187500000,-1.29103961050,-0.613243814988
-0.796875000,-0.187500000,-1.36545299609,-0.648590173143
-0.781250000,-0.187500000,-1.41850200768,-0.673788453648
-0.765625000,-0.187500000,-1.45226986465,-0.689828185708
-0.750000000,-0.187500000,-1.46873418884,-0.697648739697
-0.734375000,-0.187500000,-1.46976330400,-0.698137569400
-0.718750000,-0.187500000,-1.45711440134,-0.692129340637
-0.703125000,-0.187500000,-1.43243322167,-0.680405780295
-0.687500000,-0.187500000,-1.39725496059,-0.663696106281
-0.671875000,-0.187500000,-1.35300615288,-0.642677922617
-0.656250000,-0.187500000,-1.30100733181,-0.617978482612
-0.640625000,-0.187500000,-1.24247629202,-0.590176238712
-0.625000000,-0.187500000,-1.17853181430,-0.559802611794
-0.609375000,-0.187500000,-1.11019773397,-0.527343923635
-0.593750000,-0.187500000,-1.03840725325,-0.493243445294
-0.578125000,-0.187500000,-0.964007417601,-0.457903523361
-0.562500000,-0.187500000,-0.887763686943,-0.421687751298
-0.546875000,-0.187500000,-0.810364547627,-0.384923160123
-0.531250000,-0.187500000,-0.732426118194,-0.347902406142
-0.515625000,-0.187500000,-0.654496713777,-0.310885939044
-0.500000000,-0.187500000,-0.577061337116,-0.274104135130
-0.484375000,-0.187500000,-0.500546074058,-0.237759385178
-0.468750000,-0.187500000,-0.425322373484,-0.202028127405
-0.453125000,-0.187500000,-0.351711197621,-0.167062818870
-0.437500000,-0.187500000,-0.279987031176,-0.132993839809
-0.421875000,-0.187500000,-0.210381741510,-0.0999313272172
-0.406250000,-0.187500000,-0.143088283287,-0.0679669345615
-0.390625000,-0.187500000,-0.0782642452312,-0.0371755164848
-0.375000000,-0.187500000,-0.0160352351344,-0.00761673668883
-0.359375000,-0.187500000,0.0435018957259,0.0206634004698
-0.343750000,-0.187500000,0.100275990019,0.0476310952589
-0.328125000,-0.187500000,0.154238680723,0.0732633733436
-0.312500000,-0.187500000,0.205361646108,0.0975467819015
-0.296875000,-0.187500000,0.253634019015,0.120476159032
-0.281250000,-0.187500000,0.299059948963,0.142053475757
-0.265625000,-0.187500000,0.341656312626,0.162286748498
-0.250000000,-0.187500000,0.381450569815,0.181189020662
-0.234375000,-0.187500000,0.418478761150,0.198777411546
-0.218750000,-0.187500000,0.452783644049,0.215072230923
-0.203125000,-0.187500000,0.484412962525,0.230096157199
-0.187500000,-0.187500000,0.513417847801,0.243873477706
-0.171875000,-0.187500000,0.539851347059,0.256429389853
-0.156250000,-0.187500000,0.563767073946,0.267789360125
-0.140625000,-0.187500000,0.585217982248,0.277978541568
-0.125000000,-0.187500000,0.604255254356,0.287021245819
-0.109375000,-0.187500000,0.620927306743,0.294940470703
-0.093750000,-0.187500000,0.635278905623,0.301757480171
-0.078125000,-0.187500000,0.647334936623,0.307484094896
-0.062500000,-0.187500000,0.657168840985,0.312155199468
-0.046875000,-0.187500000,0.664784284945,0.315772535349
-0.031250000,-0.187500000,0.670205954265,0.318347828276
-0.015625000,-0.187500000,0.673451732429,0.319889572904
0.000000000,-0.187500000,0.674532449581,0.320402913551
0.015625000,-0.187500000,0.673451732429,0.319889572904
0.031250000,-0.187500000,0.670205954265,0.318347828276
0.046875000,-0.187500000,0.664784284945,0.315772535349
0.062500000,-0.187500000,0.657168840985,0.312155199468
0.078125000,-0.187500000,0.647334936623,0.307484094896
0.093750000,-0.187500000,0.635278905623,0.301757480171
0.109375000,-0.187500000,0.620927306743,0.294940470703
0.125000000,-0.187500000,0.604255254356,0.287021245819
0.140625000,-0.187500000,0.585217982248,0.277978541568
0.156250000,-0.187500000,0.563767073946,0.267789360125
0.171875000,-0.187500000,0.539851347059,0.256429389853
0.187500000,-0.187500000,0.513417847801,0.243873477706
0.203125000,-0.187500000,0.484412962525,0.230096157199
0.218750000,-0.187500000,0.452783644049,0.215072230923
0.234375000,-0.187500000,0.418478761150,0.198777411546
0.250000000,-0.187500000,0.381450569815,0.181189020662
0.265625000,-0.187500000,0.341656312626,0.162286748498
0.281250000,-0.187500000,0.299059948963,0.142053475757
0.296875000,-0.187500000,0.253634019015,0.120476159032
0.312500000,-0.187500000,0.205361646108,0.0975467819015
0.328125000,-0.187500000,0.154238680723,0.0732633733436
0.343750000,-0.187500000,0.100275990019,0.0476310952589
0.359375000,-0.187500000,0.0435018957259,0.0206634004698
0.375000000,-0.187500000,-0.0160352351344,-0.00761673668883
0.390625000,-0.187500000,-0.0782642452312,-0.0371755164848
0.406250000,-0.187500000,-0.143088283287,-0.0679669345615
0.421875000,-0.187500000,-0.210381741510,-0.0999313272172
0.437500000,-0.187500000,-0.279987031176,-0.132993839809
0.453125000,-0.187500000,-0.351711197621,-0.167062818870
0.468750000,-0.187500000,-0.425322373484,-0.202028127405
0.484375000,-0.187500000,-0.500546074058,-0.237759385178
0.500000000,-0.187500000,-0.577061337116,-0.274104135130
0.515625000,-0.187500000,-0.654496713777,-0.310885939044
0.531250000,-0.187500000,-0.732426118194,-0.347902406142
0.546875000,-0.187500000,-0.810364547627,-0.384923160123
0.562500000,-0.187500000,-0.887763686943,-0.421687751298
0.578125000,-0.187500000,-0.964007417601,-0.457903523361
0.593750000,-0.187500000,-1.03840725325,-0.493243445294
0.609375000,-0.187500000,-1.11019773397,-0.527343923635
0.625000000,-0.187500000,-1.17853181430,-0.559802611794
0.640625000,-0.187500000,-1.24247629202,-0.590176238712
0.656250000,-0.187500000,-1.30100733181,-0.617978482612
0.671875000,-0.187500000,-1.35300615288,-0.642677922617
0.687500000,-0.187500000,-1.39725496059,-0.663696106281
0.703125000,-0.187500000,-1.43243322167,-0.680405780295
0.718750000,-0.187500000,-1.45711440134,-0.692129340637
0.734375000,-0.187500000,-1.46976330400,-0.698137569400
0.750000000,-0.187500000,-1.46873418884,-0.697648739697
0.765625000,-0.187500000,-1.45226986465,-0.689828185708
0.781250000,-0.187500000,-1.41850200768,-0.673788453648
0.796875000,-0.187500000,-1.36545299609,-0.648590173143
0.812500000,-0.187500000,-1.29103961050,-0.613243814988
0.828125000,-0.187500000,-1.19307901902,-0.566712534035
0.843750000,-0.187500000,-1.06929754879,-0.507916335677
0.859375000,-0.187500000,-0.917342843137,-0.435737850490
0.875000000,-0.187500000,-0.734800124591,-0.349030059181
0.890625000,-0.187500000,-0.519213425624,-0.246626377172
0.906250000,-0.187500000,-0.268112824636,-0.127353591702
0.921875000,-0.187500000,0.0209510658203,0.00995175626465
0.937500000,-0.187500000,0.350363857280,0.166422832208
0.953125000,-0.187500000,0.722393574552,0.343136947912
0.968750000,-0.187500000,,
0.984375000,-0.187500000,,
1.000000000,-0.187500000,,
-1.000000000,-0.171875000,,
-0.984375000,-0.171875000,,
-0.968750000,-0.171875000,,
-0.953125000,-0.171875000,0.728365026924,0.345973387789
-0.937500000,-0.171875000,0.353962013614,0.168131956467
-0.921875000,-0.171875000,0.0226709022117,0.0107686785506
-0.906250000,-0.171875000,-0.267867316330,-0.127236975257
-0.890625000,-0.171875000,-0.520116089993,-0.247055142747
-0.875000000,-0.171875000,-0.736591251408,-0.349880844419
-0.859375000,-0.171875000,-0.919819285708,-0.436914160711
-0.843750000,-0.171875000,-1.07230414642,-0.509344469550
-0.828125000,-0.171875000,-1.19650114622,-0.568338044455
-0.812500000,-0.171875000,-1.29479670371,-0.615028434263
-0.796875000,-0.171875000,-1.36949292937,-0.650509141453
-0.781250000,-0.171875000,-1.42279620814,-0.675828198866
-0.765625000,-0.171875000,-1.45680907298,-0.691984309665
-0.750000000,-0.171875000,-1.47352478346,-0.699924272143
-0.734375000,-0.171875000,-1.47482411827,-0.700541456178
-0.718750000,-0.171875000,-1.46247397358,-0.694675137449
-0.703125000,-0.171875000,-1.43812742380,-0.683110526304
-0.687500000,-0.171875000,-1.40332496024,-0.666579356113
-0.671875000,-0.171875000,-1.35949666763,-0.645760917125
-0.656250000,-0.171875000,-1.30796514058,-0.621283441776
-0.640625000,-0.171875000,-1.24994897261,-0.593725761989
-0.625000000,-0.171875000,-1.18656667927,-0.563619172651
-0.609375000,-0.171875000,-1.11884094138,-0.531449447153
-0.593750000,-0.171875000,-1.04770307035,-0.497658958415
-0.578125000,-0.171875000,-0.973997618915,-0.462648868985
-0.562500000,-0.171875000,-0.898487070154,-0.426781358323
-0.546875000,-0.171875000,-0.821856552100,-0.390381862248
-0.531250000,-0.171875000,-0.744718533487,-0.353741303406
-0.515625000,-0.171875000,-0.667617465703,-0.317118296209
-0.500000000,-0.171875000,-0.591034342092,-0.280741312494
-0.484375000,-0.171875000,-0.515391151026,-0.244810796737
-0.468750000,-0.171875000,-0.441055206391,-0.209501223036
-0.453125000,-0.171875000,-0.368343340529,-0.174963086751
-0.437500000,-0.171875000,-0.297525949695,-0.141324826105
-0.421875000,-0.171875000,-0.228830884469,-0.108694670123
-0.406250000,-0.171875000,-0.162447179681,-0.0771624103487
-0.390625000,-0.171875000,-0.0985286221151,-0.0468010955047
-0.375000000,-0.171875000,-0.0371971519777,-0.0176686471894
-0.359375000,-0.171875000,0.0214538995089,0.0101906022667
-0.343750000,-0.171875000,0.0773567376174,0.0367444503683
-0.328125000,-0.171875000,0.130466193309,0.0619714418217
-0.312500000,-0.171875000,0.180756972947,0.0858595621497
-0.296875000,-0.171875000,0.228221065226,0.108405005982
-0.281250000,-0.171875000,0.272865302111,0.129611018503
-0.265625000,-0.171875000,0.314709069426,0.149486807977
-0.250000000,-0.171875000,0.353782164916,0.168046528335
-0.234375000,-0.171875000,0.390122798709,0.185308329387
-0.218750000,-0.171875000,0.423775732179,0.201293472785
-0.203125000,-0.171875000,0.454790552246,0.216025512317
-0.187500000,-0.171875000,0.483220077283,0.229529536710
-0.171875000,-0.171875000,0.509118889012,0.241831472280
-0.156250000,-0.171875000,0.532541990230,0.252957445359
-0.140625000,-0.171875000,0.553543581479,0.262933201203
-0.125000000,-0.171875000,0.572175956521,0.271783579347
-0.109375000,-0.171875000,0.588488510694,0.279532042580
-0.093750000,-0.171875000,0.602505163855,0.286189952831
-0.078125000,-0.171875000,0.614320855794,0.291802406502
-0.062500000,-0.171875000,0.623934833384,0.296369045857
-0.046875000,-0.171875000,0.631378721613,0.299904892766
-0.031250000,-0.171875000,0.636677583590,0.302421852205
-0.015625000,-0.171875000,0.639849570632,0.303928546050
0.000000000,-0.171875000,0.640905672982,0.304430194666
0.015625000,-0.171875000,0.639849570632,0.303928546050
0.031250000,-0.171875000,0.636677583590,0.302421852205
0.046875000,-0.171875000,0.631378721613,0.299904892766
0.062500000,-0.171875000,0.623934833384,0.296369045857
0.078125000,-0.171875000,0.614320855794,0.291802406502
0.093750000,-0.171875000,0.602505163855,0.286189952831
0.109375000,-0.171875000,0.588488510694,0.279532042580
0.125000000,-0.171875000,0.572175956521,0.271783579347
0.140625000,-0.171875000,0.553543581479,0.262933201203
0.156250000,-0.171875000,0.532541990230,0.252957445359
0.171875000,-0.171875000,0.509118889012,0.241831472280
0.187500000,-0.171875000,0.483220077283,0.229529536710
0.203125000,-0.171875000,0.454790552246,0.216025512317
0.218750000,-0.171875000,0.423775732179,0.201293472785
0.234375000,-0.171875000,0.390122798709,0.185308329387
0.250000000,-0.171875000,0.353782164916,0.168046528335
0.265625000,-0.171875000,0.314709069426,0.149486807977
0.281250000,-0.171875000,0.272865302111,0.129611018503
0.296875000,-0.171875000,0.228221065226,0.108405005982
0.312500000,-0.171875000,0.180756972947,0.0858595621497
0.328125000,-0.171875000,0.130466193309,0.0619714418217
0.343750000,-0.171875000,0.0773567376174,0.0367444503683
0.359375000,-0.171875000,0.0214538995089,0.0101906022667
0.375000000,-0.171875000,-0.0371971519777,-0.0176686471894
0.390625000,-0.171875000,-0.0985286221151,-0.0468010955047
0.406250000,-0.171875000,-0.162447179681,-0.0771624103487
0.421875000,-0.171875000,-0.228830884469,-0.108694670123
0.437500000,-0.171875000,-0.297525949695,-0.141324826105
0.453125000,-0.171875000,-0.368343340529,-0.174963086751
0.468750000,-0.171875000,-0.441055206391,-0.209501223036
0.484375000,-0.171875000,-0.515391151026,-0.244810796737
0.500000000,-0.171875000,-0.591034342092,-0.280741312494
0.515625000,-0.171875000,-0.667617465703,-0.317118296209
0.531250000,-0.171875000,-0.744718533487,-0.353741303406
0.546875000,-0.171875000,-0.821856552100,-0.390381862248
0.562500000,-0.171875000,-0.898487070154,-0.426781358323
0.578125000,-0.171875000,-0.973997618915,-0.462648868985
0.593750000,-0.171875000,-1.04770307035,-0.497658958415
0.609375000,-0.171875000,-1.11884094138,-0.531449447153
0.625000000,-0.171875000,-1.18656667927,-0.563619172651
0.640625000,-0.171875000,-1.24994897261,-0.593725761989
0.656250000,-0.171875000,-1.30796514058,-0.621283441776
0.671875000,-0.171875000,-1.35949666763,-0.645760917125
0.687500000,-0.171875000,-1.40332496024,-0.666579356113
0.703125000,-0.171875000,-1.43812742380,-0.683110526304
0.718750000,-0.171875000,-1.46247397358,-0.694675137449
0.734375000,-0.171875000,-1.47482411827,-0.700541456178
0.750000000,-0.171875000,-1.47352478346,-0.699924272143
0.765625000,-0.171875000,-1.45680907298,-0.691984309665
0.781250000,-0.171875000,-1.42279620814,-0.675828198866
0.796875000,-0.171875000,-1.36949292937,-0.650509141453
0.812500000,-0.171875000,-1.29479670371,-0.615028434263
0.828125000,-0.171875000,-1.19650114622,-0.568338044455
0.843750000,-0.171875000,-1.07230414642,-0.509344469550
0.859375000,-0.171875000,-0.919819285708,-0.436914160711
0.875000000,-0.171875000,-0.736591251408,-0.349880844419
0.890625000,-0.171875000,-0.520116089993,-0.247055142747
0.906250000,-0.171875000,-0.267867316330,-0.127236975257
0.921875000,-0.171875000,0.0226709022117,0.0107686785506
0.937500000,-0.171875000,0.353962013614,0.168131956467
0.953125000,-0.171875000,0.728365026924,0.345973387789
0.968750000,-0.171875000,,
0.984375000,-0.171875000,,
1.000000000,-0.171875000,,
-1.000000000,-0.156250000,,
-0.984375000,-0.156250000,,
-0.968750000,-0.156250000,,
-0.953125000,-0.156250000,0.742291095491,0.352588270358
-0.937500000,-0.156250000,0.365148854423,0.173445705851
-0.921875000,-0.156250000,0.0315990555397,0.0150095513813
-0.906250000,-0.156250000,-0.260802192480,-0.123881041428
-0.890625000,-0.156250000,-0.514591100530,-0.244430772752
-0.875000000,-0.156250000,-0.732345741446,-0.347864227187
-0.859375000,-0.156250000,-0.916645696544,-0.435406705858
-0.843750000,-0.156250000,-1.07004006249,-0.508269029683
-0.828125000,-0.156250000,-1.19502237568,-0.567635628449
-0.812500000,-0.156250000,-1.29401125661,-0.614655346889
-0.796875000,-0.156250000,-1.36933577843,-0.650434494756
-0.781250000,-0.156250000,-1.42322473186,-0.676031747635
-0.765625000,-0.156250000,-1.45779909582,-0.692454570513
-0.750000000,-0.156250000,-1.47506713848,-0.700656890776
-0.734375000,-0.156250000,-1.47692166875,-0.701537792657
-0.718750000,-0.156250000,-1.46513903669,-0.695941042426
-0.703125000,-0.156250000,-1.44137954824,-0.684655285412
-0.687500000,-0.156250000,-1.40718901494,-0.668414782095
-0.671875000,-0.156250000,-1.36400120456,-0.647900572165
-0.656250000,-0.156250000,-1.31314099850,-0.623741974287
-0.640625000,-0.156250000,-1.25582809236,-0.596518343872
-0.625000000,-0.156250000,-1.19318110732,-0.566761025979
-0.609375000,-0.156250000,-1.12622199550,-0.534955447861
-0.593750000,-0.156250000,-1.05588065104,-0.501543309243
-0.578125000,-0.156250000,-0.982999646723,-0.466924832193
-0.562500000,-0.156250000,-0.908339033871,-0.431461041089
-0.546875000,-0.156250000,-0.832581153772,-0.395476048042
-0.531250000,-0.156250000,-0.756335418014,-0.359259323557
-0.515625000,-0.156250000,-0.680143023569,-0.323067936195
-0.500000000,-0.156250000,-0.604481575248,-0.287128748243
-0.484375000,-0.156250000,-0.529769594018,-0.251640557159
-0.468750000,-0.156250000,-0.456370893846,-0.216776174577
-0.453125000,-0.156250000,-0.384598814112,-0.182684436703
-0.437500000,-0.156250000,-0.314720299063,-0.149492142055
-0.421875000,-0.156250000,-0.246959815830,-0.117305912519
-0.406250000,-0.156250000,-0.181503107597,-0.0862139761086
-0.390625000,-0.156250000,-0.118500779438,-0.0562878702332
-0.375000000,-0.156250000,-0.0580717152091,-0.0275840647243
-0.359375000,-0.156250000,-0.000306325615071,-0.000145504667159
-0.343750000,-0.156250000,0.0547303699844,0.0259969257426
-0.328125000,-0.156250000,0.106995828086,0.0508230183409
-0.312500000,-0.156250000,0.156467226657,0.0743219326621
-0.296875000,-0.156250000,0.203138870977,0.0964909637140
-0.281250000,-0.156250000,0.247019754420,0.117334383350
-0.265625000,-0.156250000,0.288131271213,0.136862353826
-0.250000000,-0.156250000,0.326505076772,0.155089911467
-0.234375000,-0.156250000,0.362181092026,0.172036018712
-0.218750000,-0.156250000,0.395205647127,0.187722682385
-0.203125000,-0.156250000,0.425629760664,0.202174136315
-0.187500000,-0.156250000,0.453507550365,0.215416086423
-0.171875000,-0.156250000,0.478894771945,0.227475016674
-0.156250000,-0.156250000,0.501847481287,0.238377553611
-0.140625000,-0.156250000,0.522420817872,0.248149888489
-0.125000000,-0.156250000,0.540667905400,0.256817255065
-0.109375000,-0.156250000,0.556638865825,0.264403461267
-0.093750000,-0.156250000,0.570361152235,0.270921547312
-0.078125000,-0.156250000,0.581923569545,0.276413695534
-0.062500000,-0.156250000,0.591329738853,0.280881625955
-0.046875000,-0.156250000,0.598611638073,0.284340528084
-0.031250000,-0.156250000,0.603794601876,0.286802435891
-0.015625000,-0.156250000,0.606896973667,0.288276062492
0.000000000,-0.156250000,0.607929858277,0.288766682682
0.015625000,-0.156250000,0.606896973667,0.288276062492
0.031250000,-0.156250000,0.603794601876,0.286802435891
0.046875000,-0.156250000,0.598611638073,0.284340528084
0.062500000,-0.156250000,0.591329738853,0.280881625955
0.078125000,-0.156250000,0.581923569545,0.276413695534
0.093750000,-0.156250000,0.570361152235,0.270921547312
0.109375000,-0.156250000,0.556638865825,0.264403461267
0.125000000,-0.156250000,0.540667905400,0.256817255065
0.140625000,-0.156250000,0.522420817872,0.248149888489
0.156250000,-0.156250000,0.501847481287,0.238377553611
0.171875000,-0.156250000,0.478894771945,0.227475016674
0.187500000,-0.156250000,0.453507550365,0.215416086423
0.203125000,-0.156250000,0.425629760664,0.202174136315
0.218750000,-0.156250000,0.395205647127,0.187722682385
0.234375000,-0.156250000,0.362181092026,0.172036018712
0.250000000,-0.156250000,0.326505076772,0.155089911467
0.265625000,-0.156250000,0.288131271213,0.136862353826
0.281250000,-0.156250000,0.247019754420,0.117334383350
0.296875000,-0.156250000,0.203138870977,0.0964909637140
0.312500000,-0.156250000,0.156467226657,0.0743219326621
0.328125000,-0.156250000,0.106995828086,0.0508230183409
0.343750000,-0.156250000,0.0547303699844,0.0259969257426
0.359375000,-0.156250000,-0.000306325615071,-0.000145504667159
0.375000000,-0.156250000,-0.0580717152091,-0.0275840647243
0.390625000,-0.156250000,-0.118500779438,-0.0562878702332
0.406250000,-0.156250000,-0.181503107597,-0.0862139761086
0.421875000,-0.156250000,-0.246959815830,-0.117305912519
0.437500000,-0.156250000,-0.314720299063,-0.149492142055
0.453125000,-0.156250000,-0.384598814112,-0.182684436703
0.468750000,-0.156250000,-0.456370893846,-0.216776174577
0.484375000,-0.156250000,-0.529769594018,-0.251640557159
0.500000000,-0.156250000,-0.604481575248,-0.287128748243
0.515625000,-0.156250000,-0.680143023569,-0.323067936195
0.531250000,-0.156250000,-0.756335418014,-0.359259323557
0.546875000,-0.156250000,-0.832581153772,-0.395476048042
0.562500000,-0.156250000,-0.908339033871,-0.431461041089
0.578125000,-0.156250000,-0.982999646723,-0.466924832193
0.593750000,-0.156250000,-1.05588065104,-0.501543309243
0.609375000,-0.156250000,-1.12622199550,-0.534955447861
0.625000000,-0.156250000,-1.19318110732,-0.566761025979
0.640625000,-0.156250000,-1.25582809236,-0.596518343872
0.656250000,-0.156250000,-1.31314099850,-0.623741974287
0.671875000,-0.156250000,-1.36400120456,-0.647900572165
0.687500000,-0.156250000,-1.40718901494,-0.668414782095
0.703125000,-0.156250000,-1.44137954824,-0.684655285412
0.718750000,-0.156250000,-1.46513903669,-0.695941042426
0.734375000,-0.156250000,-1.47692166875,-0.701537792657
0.750000000,-0.156250000,-1.47506713848,-0.700656890776
0.765625000,-0.156250000,-1.45779909582,-0.692454570513
0.781250000,-0.156250000,-1.42322473186,-0.676031747635
0.796875000,-0.156250000,-1.36933577843,-0.650434494756
0.812500000,-0.156250000,-1.29401125661,-0.614655346889
0.828125000,-0.156250000,-1.19502237568,-0.567635628449
0.843750000,-0.156250000,-1.07004006249,-0.508269029683
0.859375000,-0.156250000,-0.916645696544,-0.435406705858
0.875000000,-0.156250000,-0.732345741446,-0.347864227187
0.890625000,-0.156250000,-0.514591100530,-0.244430772752
0.906250000,-0.156250000,-0.260802192480,-0.123881041428
0.921875000,-0.156250000,0.0315990555397,0.0150095513813
0.937500000,-0.156250000,0.365148854423,0.173445705851
0.953125000,-0.156250000,0.742291095491,0.352588270358
0.968750000,-0.156250000,,
0.984375000,-0.156250000,,
1.000000000,-0.156250000,,
-1.000000000,-0.140625000,,
-0.984375000,-0.140625000,,
-0.968750000,-0.140625000,,
-0.953125000,-0.140625000,0.764478817965,0.363127438533
-0.937500000,-0.140625000,0.384189017689,0.182489783402
-0.921875000,-0.140625000,0.0479619587909,0.0227819304257
-0.906250000,-0.140625000,-0.246725453160,-0.117194590251
-0.890625000,-0.140625000,-0.502477485376,-0.238676805554
-0.875000000,-0.140625000,-0.721930568000,-0.342917019800
-0.859375000,-0.140625000,-0.907714192084,-0.431164241240
-0.843750000,-0.140625000,-1.06242000253,-0.504649501203
-0.828125000,-0.140625000,-1.18857766688,-0.564574391768
-0.812500000,-0.140625000,-1.28863634209,-0.612102262494
-0.796875000,-0.140625000,-1.36495076182,-0.648351611862
-0.781250000,-0.140625000,-1.41977113042,-0.674391286950
-0.765625000,-0.140625000,-1.45523614456,-0.691237168666
-0.750000000,-0.140625000,-1.47336857850,-0.699850074786
-0.734375000,-0.140625000,-1.47607296049,-0.701134656233
-0.718750000,-0.140625000,-1.46513494828,-0.695939100434
-0.703125000,-0.140625000,-1.44222207293,-0.685055484642
-0.687500000,-0.140625000,-1.40888557934,-0.669220650186
-0.671875000,-0.140625000,-1.36656313334,-0.649117488336
-0.656250000,-0.140625000,-1.31658220422,-0.625376547002
-0.640625000,-0.140625000,-1.26016396536,-0.598577883545
-0.625000000,-0.140625000,-1.19842757970,-0.569253100356
-0.609375000,-0.140625000,-1.13239476069,-0.537887511329
-0.593750000,-0.140625000,-1.06299451804,-0.504922396069
-0.578125000,-0.140625000,-0.991068013982,-0.470757306641
-0.562500000,-0.140625000,-0.917373467381,-0.435752397006
-0.546875000,-0.140625000,-0.842591055896,-0.400230751551
-0.531250000,-0.140625000,-0.767327775841,-0.364480693524
-0.515625000,-0.140625000,-0.692122226379,-0.328758057530
-0.500000000,-0.140625000,-0.617449290798,-0.293288413129
-0.484375000,-0.140625000,-0.543724696280,-0.258269230733
-0.468750000,-0.140625000,-0.471309433933,-0.223871981118
-0.453125000,-0.140625000,-0.400514028399,-0.190244163490
-0.437500000,-0.140625000,-0.331602647607,-0.157511257613
-0.421875000,-0.140625000,-0.264797046578,-0.125778597125
-0.406250000,-0.140625000,-0.200280341534,-0.0951331622287
-0.390625000,-0.140625000,-0.138200611865,-0.0656452906359
-0.375000000,-0.140625000,-0.0786743300418,-0.0373703067699
-0.359375000,-0.140625000,-0.0217896192353,-0.0103500691368
-0.343750000,-0.140625000,0.0323906582386,0.0153855626633
-0.328125000,-0.140625000,0.0838259811697,0.0398173410556
-0.312500000,-0.140625000,0.132495413506,0.0629353214153
-0.296875000,-0.140625000,0.178395009694,0.0847376296046
-0.281250000,-0.140625000,0.221535377074,0.105229304110
-0.265625000,-0.140625000,0.261939391470,0.124421210948
-0.250000000,-0.140625000,0.299640061624,0.142329029272
-0.234375000,-0.140625000,0.334678538211,0.158972305650
-0.218750000,-0.140625000,0.367102262935,0.174373574894
-0.203125000,-0.140625000,0.396963253760,0.188557545536
-0.187500000,-0.140625000,0.424316522269,0.201550348078
-0.171875000,-0.140625000,0.449218618449,0.213378843763
-0.156250000,-0.140625000,0.471726300087,0.224069992541
-0.140625000,-0.140625000,0.491895322106,0.233650278001
-0.125000000,-0.140625000,0.509779343530,0.242145188177
-0.109375000,-0.140625000,0.525428947899,0.249578750252
-0.093750000,-0.140625000,0.538872536108,0.255964454651
-0.078125000,-0.140625000,0.550197951375,0.261344026903
-0.062500000,-0.140625000,0.559409863833,0.265719685321
-0.046875000,-0.140625000,0.566540462398,0.269106719639
-0.031250000,-0.140625000,0.571615241866,0.271517239886
-0.015625000,-0.140625000,0.574652658564,0.272960012818
0.000000000,-0.140625000,0.575663884077,0.273440344937
0.015625000,-0.140625000,0.574652658564,0.272960012818
0.031250000,-0.140625000,0.571615241866,0.271517239886
0.046875000,-0.140625000,0.566540462398,0.269106719639
0.062500000,-0.140625000,0.559409863833,0.265719685321
0.078125000,-0.140625000,0.550197951375,0.261344026903
0.093750000,-0.140625000,0.538872536108,0.255964454651
0.109375000,-0.140625000,0.525428947899,0.249578750252
0.125000000,-0.140625000,0.509779343530,0.242145188177
0.140625000,-0.140625000,0.491895322106,0.233650278001
0.156250000,-0.140625000,0.471726300087,0.224069992541
0.171875000,-0.140625000,0.449218618449,0.213378843763
0.187500000,-0.140625000,0.424316522269,0.201550348078
0.203125000,-0.140625000,0.396963253760,0.188557545536
0.218750000,-0.140625000,0.367102262935,0.174373574894
0.234375000,-0.140625000,0.334678538211,0.158972305650
0.250000000,-0.140625000,0.299640061624,0.142329029272
0.265625000,-0.140625000,0.261939391470,0.124421210948
0.281250000,-0.140625000,0.221535377074,0.105229304110
0.296875000,-0.140625000,0.178395009694,0.0847376296046
0.312500000,-0.140625000,0.132495413506,0.0629353214153
0.328125000,-0.140625000,0.0838259811697,0.0398173410556
0.343750000,-0.140625000,0.0323906582386,0.0153855626633
0.359375000,-0.140625000,-0.0217896192353,-0.0103500691368
0.375000000,-0.140625000,-0.0786743300418,-0.0373703067699
0.390625000,-0.140625000,-0.138200611865,-0.0656452906359
0.406250000,-0.140625000,-0.200280341534,-0.0951331622287
0.421875000,-0.140625000,-0.264797046578,-0.125778597125
0.437500000,-0.140625000,-0.331602647607,-0.157511257613
0.453125000,-0.140625000,-0.400514028399,-0.190244163490
0.468750000,-0.140625000,-0.471309433933,-0.223871981118
0.484375000,-0.140625000,-0.543724696280,-0.258269230733
0.500000000,-0.140625000,-0.617449290798,-0.293288413129
0.515625000,-0.140625000,-0.692122226379,-0.328758057530
0.531250000,-0.140625000,-0.767327775841,-0.364480693524
0.546875000,-0.140625000,-0.842591055896,-0.400230751551
0.562500000,-0.140625000,-0.917373467381,-0.435752397006
0.578125000,-0.140625000,-0.991068013982,-0.470757306641
0.593750000,-0.140625000,-1.06299451804,-0.504922396069
0.609375000,-0.140625000,-1.13239476069,-0.537887511329
0.625000000,-0.140625000,-1.19842757970,-0.569253100356
0.640625000,-0.140625000,-1.26016396536,-0.598577883545
0.656250000,-0.140625000,-1.31658220422,-0.625376547002
0.671875000,-0.140625000,-1.36656313334,-0.649117488336
0.687500000,-0.140625000,-1.40888557934,-0.669220650186
0.703125000,-0.140625000,-1.44222207293,-0.685055484642
0.718750000,-0.140625000,-1.46513494828,-0.695939100434
0.734375000,-0.140625000,-1.47607296049,-0.701134656233
0.750000000,-0.140625000,-1.47336857850,-0.699850074786
0.765625000,-0.140625000,-1.45523614456,-0.691237168666
0.781250000,-0.140625000,-1.41977113042,-0.674391286950
0.796875000,-0.140625000,-1.36495076182,-0.648351611862
0.812500000,-0.140625000,-1.28863634209,-0.612102262494
0.828125000,-0.140625000,-1.18857766688,-0.564574391768
0.843750000,-0.140625000,-1.06242000253,-0.504649501203
0.859375000,-0.140625000,-0.907714192084,-0.431164241240
0.875000000,-0.140625000,-0.721930568000,-0.342917019800
0.890625000,-0.140625000,-0.502477485376,-0.238676805554
0.906250000,-0.140625000,-0.246725453160,-0.117194590251
0.921875000,-0.140625000,0.0479619587909,0.0227819304257
0.937500000,-0.140625000,0.384189017689,0.182489783402
0.953125000,-0.140625000,0.764478817965,0.363127438533
0.968750000,-0.140625000,,
0.984375000,-0.140625000,,
1.000000000,-0.140625000,,
-1.000000000,-0.125000000,,
-0.984375000,-0.125000000,,
-0.968750000,-0.125000000,1.22610305179,0.582398949599
-0.953125000,-0.125000000,0.795223260912,0.377731048933
-0.937500000,-0.125000000,0.411336745452,0.195384954090
-0.921875000,-0.125000000,0.0719769425968,0.0341890477335
-0.906250000,-0.125000000,-0.225453142318,-0.107090242601
-0.890625000,-0.125000000,-0.483621455235,-0.229720191237
-0.875000000,-0.125000000,-0.705219188145,-0.334979114369
-0.859375000,-0.125000000,-0.892922809122,-0.424138334333
-0.843750000,-0.125000000,-1.04936414070,-0.498447966831
-0.828125000,-0.125000000,-1.17710708749,-0.559125866556
-0.812500000,-0.125000000,-1.27862985470,-0.607349180985
-0.796875000,-0.125000000,-1.35631169353,-0.644248054428
-0.781250000,-0.125000000,-1.41242337245,-0.670901101915
-0.765625000,-0.125000000,-1.44912070709,-0.688332335869
-0.750000000,-0.125000000,-1.46844059231,-0.697509281349
-0.734375000,-0.125000000,-1.47229907276,-0.699342059562
-0.718750000,-0.125000000,-1.46249106569,-0.694683256203
-0.703125000,-0.125000000,-1.44069141201,-0.684328420706
-0.687500000,-0.125000000,-1.40845698761,-0.669017069116
-0.671875000,-0.125000000,-1.36722964957,-0.649434083543
-0.656250000,-0.125000000,-1.31833983032,-0.626211419403
-0.640625000,-0.125000000,-1.26301062479,-0.599930046773
-0.625000000,-0.125000000,-1.20236224021,-0.571122064101
-0.609375000,-0.125000000,-1.13741670232,-0.540272933602
-0.593750000,-0.125000000,-1.06910272847,-0.507823796023
-0.578125000,-0.125000000,-0.998260695760,-0.474173830486
-0.562500000,-0.125000000,-0.925647643186,-0.439682630514
-0.546875000,-0.125000000,-0.851942259428,-0.404672573228
-0.531250000,-0.125000000,-0.777749817218,-0.369431163178
-0.515625000,-0.125000000,-0.703607021721,-0.334213335318
-0.500000000,-0.125000000,-0.629986747637,-0.299243705128
-0.484375000,-0.125000000,-0.557302646093,-0.264718756894
-0.468750000,-0.125000000,-0.485913605631,-0.230808962675
-0.453125000,-0.125000000,-0.416128055045,-0.197660826146
-0.437500000,-0.125000000,-0.348208101926,-0.165398848415
-0.421875000,-0.125000000,-0.282373499295,-0.134127412165
-0.406250000,-0.125000000,-0.218805438261,-0.103932583174
-0.390625000,-0.125000000,-0.157650164541,-0.0748838281571
-0.375000000,-0.125000000,-0.0990224192457,-0.0470356491417
-0.359375000,-0.125000000,-0.0430087045676,-0.0204291346696
-0.343750000,-0.125000000,0.0103296235120,0.00490657116821
-0.328125000,-0.125000000,0.0609534319562,0.0289528801792
-0.312500000,-0.125000000,0.108843054936,0.0517004510947
-0.296875000,-0.125000000,0.153995700072,0.0731479575342
-0.281250000,-0.125000000,0.196423013658,0.0933009314876
-0.265625000,-0.125000000,0.236148800696,0.112170680331
-0.250000000,-0.125000000,0.273206893781,0.129773274546
-0.234375000,-0.125000000,0.307639168377,0.146128604979
-0.218750000,-0.125000000,0.339493698588,0.161259506829
-0.203125000,-0.125000000,0.368823048947,0.175190948250
-0.187500000,-0.125000000,0.395682699162,0.187949282102
-0.171875000,-0.125000000,0.420129596485,0.199561558330
-0.156250000,-0.125000000,0.442220831837,0.210054895122
-0.140625000,-0.125000000,0.462012436838,0.219455907498
-0.125000000,-0.125000000,0.479558297653,0.227790191385
-0.109375000,-0.125000000,0.494909181603,0.235081861262
-0.093750000,-0.125000000,0.508091952475,0.241343677426
-0.078125000,-0.125000000,0.519198425500,0.246619252112
-0.062500000,-0.125000000,0.528231106039,0.250909775369
-0.046875000,-0.125000000,0.535222244896,0.254230566325
-0.031250000,-0.125000000,0.540197381262,0.256593756100
-0.015625000,-0.125000000,0.543175000728,0.258008125346
0.000000000,-0.125000000,0.544166291969,0.258478988685
0.015625000,-0.125000000,0.543175000728,0.258008125346
0.031250000,-0.125000000,0.540197381262,0.256593756100
0.046875000,-0.125000000,0.535222244896,0.254230566325
0.062500000,-0.125000000,0.528231106039,0.250909775369
0.078125000,-0.125000000,0.519198425500,0.246619252112
0.093750000,-0.125000000,0.508091952475,0.241343677426
0.109375000,-0.125000000,0.494909181603,0.235081861262
0.125000000,-0.125000000,0.479558297653,0.227790191385
0.140625000,-0.125000000,0.462012436838,0.219455907498
0.156250000,-0.125000000,0.442220831837,0.210054895122
0.171875000,-0.125000000,0.420129596485,0.199561558330
0.187500000,-0.125000000,0.395682699162,0.187949282102
0.203125000,-0.125000000,0.368823048947,0.175190948250
0.218750000,-0.125000000,0.339493698588,0.161259506829
0.234375000,-0.125000000,0.307639168377,0.146128604979
0.250000000,-0.125000000,0.273206893781,0.129773274546
0.265625000,-0.125000000,0.236148800696,0.112170680331
0.281250000,-0.125000000,0.196423013658,0.0933009314876
0.296875000,-0.125000000,0.153995700072,0.0731479575342
0.312500000,-0.125000000,0.108843054936,0.0517004510947
0.328125000,-0.125000000,0.0609534319562,0.0289528801792
0.343750000,-0.125000000,0.0103296235120,0.00490657116821
0.359375000,-0.125000000,-0.0430087045676,-0.0204291346696
0.375000000,-0.125000000,-0.0990224192457,-0.0470356491417
0.390625000,-0.125000000,-0.157650164541,-0.0748838281571
0.406250000,-0.125000000,-0.218805438261,-0.103932583174
0.421875000,-0.125000000,-0.282373499295,-0.134127412165
0.437500000,-0.125000000,-0.348208101926,-0.165398848415
0.453125000,-0.125000000,-0.416128055045,-0.197660826146
0.468750000,-0.125000000,-0.485913605631,-0.230808962675
0.484375000,-0.125000000,-0.557302646093,-0.264718756894
0.500000000,-0.125000000,-0.629986747637,-0.299243705128
0.515625000,-0.125000000,-0.703607021721,-0.334213335318
0.531250000,-0.125000000,-0.777749817218,-0.369431163178
0.546875000,-0.125000000,-0.851942259428,-0.404672573228
0.562500000,-0.125000000,-0.925647643186,-0.439682630514
0.578125000,-0.125000000,-0.998260695760,-0.474173830486
0.593750000,-0.125000000,-1.06910272847,-0.507823796023
0.609375000,-0.125000000,-1.13741670232,-0.540272933602
0.625000000,-0.125000000,-1.20236224021,-0.571122064101
0.640625000,-0.125000000,-1.26301062479,-0.599930046773
0.656250000,-0.125000000,-1.31833983032,-0.626211419403
0.671875000,-0.125000000,-1.36722964957,-0.649434083543
0.687500000,-0.125000000,-1.40845698761,-0.669017069116
0.703125000,-0.125000000,-1.44069141201,-0.684328420706
0.718750000,-0.125000000,-1.46249106569,-0.694683256203
0.734375000,-0.125000000,-1.47229907276,-0.699342059562
0.750000000,-0.125000000,-1.46844059231,-0.697509281349
0.765625000,-0.125000000,-1.44912070709,-0.688332335869
0.781250000,-0.125000000,-1.41242337245,-0.670901101915
0.796875000,-0.125000000,-1.35631169353,-0.644248054428
0.812500000,-0.125000000,-1.27862985470,-0.607349180985
0.828125000,-0.125000000,-1.17710708749,-0.559125866556
0.843750000,-0.125000000,-1.04936414070,-0.498447966831
0.859375000,-0.125000000,-0.892922809122,-0.424138334333
0.875000000,-0.125000000,-0.705219188145,-0.334979114369
0.890625000,-0.125000000,-0.483621455235,-0.229720191237
0.906250000,-0.125000000,-0.225453142318,-0.107090242601
0.921875000,-0.125000000,0.0719769425968,0.0341890477335
0.937500000,-0.125000000,0.411336745452,0.195384954090
0.953125000,-0.125000000,0.795223260912,0.377731048933
0.968750000,-0.125000000,1.22610305179,0.582398949599
0.984375000,-0.125000000,,
1.000000000,-0.125000000,,
-1.000000000,-0.109375000,,
-0.984375000,-0.109375000,,
-0.968750000,-0.109375000,1.27031698989,0.603400570197
-0.953125000,-0.109375000,0.834810957867,0.396535204987
-0.937500000,-0.109375000,0.446839114468,0.212248579372
-0.921875000,-0.109375000,0.103855283384,0.0493312596073
-0.906250000,-0.109375000,-0.196806461550,-0.0934830692360
-0.890625000,-0.109375000,-0.457873659964,-0.217489988483
-0.875000000,-0.109375000,-0.682088927649,-0.323992240633
-0.859375000,-0.109375000,-0.872173004787,-0.414282177274
-0.843750000,-0.109375000,-1.03079572243,-0.489627968154
-0.828125000,-0.109375000,-1.16055350915,-0.551262916844
-0.812500000,-0.109375000,-1.26395229163,-0.600377338523
-0.796875000,-0.109375000,-1.34339484079,-0.638112549374
-0.781250000,-0.109375000,-1.40117177204,-0.665556591720
-0.765625000,-0.109375000,-1.43945554082,-0.683741381888
-0.750000000,-0.109375000,-1.46029688677,-0.693641021216
-0.734375000,-0.109375000,-1.46562326865,-0.696171052608
-0.718750000,-0.109375000,-1.45723890849,-0.692188481534
-0.703125000,-0.109375000,-1.43682612806,-0.682492410827
-0.687500000,-0.109375000,-1.40594771218,-0.667825163287
-0.671875000,-0.109375000,-1.36605007822,-0.648873787156
-0.656250000,-0.109375000,-1.31846706804,-0.626271857317
-0.640625000,-0.109375000,-1.26442420926,-0.600601499400
-0.625000000,-0.109375000,-1.20504331960,-0.572395576811
-0.609375000,-0.109375000,-1.14134734885,-0.542139990704
-0.593750000,-0.109375000,-1.07426537200,-0.510276051700
-0.578125000,-0.109375000,-1.00463766193,-0.477202889416
-0.562500000,-0.109375000,-0.933220783957,-0.443279872380
-0.546875000,-0.109375000,-0.860692663581,-0.408829015201
-0.531250000,-0.109375000,-0.787657591015,-0.374137355732
-0.515625000,-0.109375000,-0.714651129153,-0.339459286348
-0.500000000,-0.109375000,-0.642144902947,-0.305018828900
-0.484375000,-0.109375000,-0.570551250441,-0.271011843960
-0.468750000,-0.109375000,-0.500227720394,-0.237608167187
-0.453125000,-0.109375000,-0.431481407137,-0.204953668390
-0.437500000,-0.109375000,-0.364573114277,-0.173172229281
-0.421875000,-0.109375000,-0.299721341968,-0.142367637435
-0.406250000,-0.109375000,-0.237106096212,-0.112625395701
-0.390625000,-0.109375000,-0.176872517890,-0.0840144459976
-0.375000000,-0.109375000,-0.119134332257,-0.0565888078219
-0.359375000,-0.109375000,-0.0639771209254,-0.0303891324396
-0.343750000,-0.109375000,-0.0114614178788,-0.00544417349245
-0.328125000,-0.109375000,0.0383743664413,0.0182278240596
-0.312500000,-0.109375000,0.0855111899809,0.0406178152409
-0.296875000,-0.109375000,0.129946788277,0.0617247244315
-0.281250000,-0.109375000,0.171693243890,0.0815542908477
-0.265625000,-0.109375000,0.210774711174,0.100117987808
-0.250000000,-0.109375000,0.247225292145,0.117432013769
-0.234375000,-0.109375000,0.281087058190,0.133516352640
-0.218750000,-0.109375000,0.312408213639,0.148393901478
-0.203125000,-0.109375000,0.341241395494,0.162089662860
-0.187500000,-0.109375000,0.367642106057,0.174630000377
-0.171875000,-0.109375000,0.391667273637,0.186041954977
-0.156250000,-0.109375000,0.413373936979,0.196352620065
-0.140625000,-0.109375000,0.432818049917,0.205588573711
-0.125000000,-0.109375000,0.450053402733,0.213775366298
-0.109375000,-0.109375000,0.465130656226,0.220937061707
-0.093750000,-0.109375000,0.478072355705,0.227084368960
-0.078125000,-0.109375000,0.488979775673,0.232265393445
-0.062500000,-0.109375000,0.497849757731,0.236478634922
-0.046875000,-0.109375000,0.504714458409,0.239739367744
-0.031250000,-0.109375000,0.509599339617,0.242059686318
-0.015625000,-0.109375000,0.512522829583,0.243448344052
0.000000000,-0.109375000,0.513496081687,0.243910638802
0.015625000,-0.109375000,0.512522829583,0.243448344052
0.031250000,-0.109375000,0.509599339617,0.242059686318
0.046875000,-0.109375000,0.504714458409,0.239739367744
0.062500000,-0.109375000,0.497849757731,0.236478634922
0.078125000,-0.109375000,0.488979775673,0.232265393445
0.093750000,-0.109375000,0.478072355705,0.227084368960
0.109375000,-0.109375000,0.465130656226,0.220937061707
0.125000000,-0.109375000,0.450053402733,0.213775366298
0.140625000,-0.109375000,0.432818049917,0.205588573711
0.156250000,-0.109375000,0.413373936979,0.196352620065
0.171875000,-0.109375000,0.391667273637,0.186041954977
0.187500000,-0.109375000,0.367642106057,0.174630000377
0.203125000,-0.109375000,0.341241395494,0.162089662860
0.218750000,-0.109375000,0.312408213639,0.148393901478
0.234375000,-0.109375000,0.281087058190,0.133516352640
0.250000000,-0.109375000,0.247225292145,0.117432013769
0.265625000,-0.109375000,0.210774711174,0.100117987808
0.281250000,-0.109375000,0.171693243890,0.0815542908477
0.296875000,-0.109375000,0.129946788277,0.0617247244315
0.312500000,-0.109375000,0.0855111899809,0.0406178152409
0.328125000,-0.109375000,0.0383743664413,0.0182278240596
0.343750000,-0.109375000,-0.0114614178788,-0.00544417349245
0.359375000,-0.109375000,-0.0639771209254,-0.0303891324396
0.375000000,-0.109375000,-0.119134332257,-0.0565888078219
0.390625000,-0.109375000,-0.176872517890,-0.0840144459976
0.406250000,-0.109375000,-0.237106096212,-0.112625395701
0.421875000,-0.109375000,-0.299721341968,-0.142367637435
0.437500000,-0.109375000,-0.364573114277,-0.173172229281
0.453125000,-0.109375000,-0.431481407137,-0.204953668390
0.468750000,-0.109375000,-0.500227720394,-0.237608167187
0.484375000,-0.109375000,-0.570551250441,-0.271011843960
0.500000000,-0.109375000,-0.642144902947,-0.305018828900
0.515625000,-0.109375000,-0.714651129153,-0.339459286348
0.531250000,-0.109375000,-0.787657591015,-0.374137355732
0.546875000,-0.109375000,-0.860692663581,-0.408829015201
0.562500000,-0.109375000,-0.933220783957,-0.443279872380
0.578125000,-0.109375000,-1.00463766193,-0.477202889416
0.593750000,-0.109375000,-1.07426537200,-0.510276051700
0.609375000,-0.109375000,-1.14134734885,-0.542139990704
0.625000000,-0.109375000,-1.20504331960,-0.572395576811
0.640625000,-0.109375000,-1.26442420926,-0.600601499400
0.656250000,-0.109375000,-1.31846706804,-0.626271857317
0.671875000,-0.109375000,-1.36605007822,-0.648873787156
0.687500000,-0.109375000,-1.40594771218,-0.667825163287
0.703125000,-0.109375000,-1.43682612806,-0.682492410827
0.718750000,-0.109375000,-1.45723890849,-0.692188481534
0.734375000,-0.109375000,-1.46562326865,-0.696171052608
0.750000000,-0.109375000,-1.46029688677,-0.693641021216
0.765625000,-0.109375000,-1.43945554082,-0.683741381888
0.781250000,-0.109375000,-1.40117177204,-0.665556591720
0.796875000,-0.109375000,-1.34339484079,-0.638112549374
0.812500000,-0.109375000,-1.26395229163,-0.600377338523
0.828125000,-0.109375000,-1.16055350915,-0.551262916844
0.843750000,-0.109375000,-1.03079572243,-0.489627968154
0.859375000,-0.109375000,-0.872173004787,-0.414282177274
0.875000000,-0.109375000,-0.682088927649,-0.323992240633
0.890625000,-0.109375000,-0.457873659964,-0.217489988483
0.906250000,-0.109375000,-0.196806461550,-0.0934830692360
0.921875000,-0.109375000,0.103855283384,0.0493312596073
0.937500000,-0.109375000,0.446839114468,0.212248579372
0.953125000,-0.109375000,0.834810957867,0.396535204987
0.968750000,-0.109375000,1.27031698989,0.603400570197
0.984375000,-0.109375000,,
1.000000000,-0.109375000,,
-1.000000000,-0.093750000,,
-0.984375000,-0.093750000,,
-0.968750000,-0.093750000,1.32417751400,0.628984319148
-0.953125000,-0.093750000,0.883523285667,0.419673560692
-0.937500000,-0.093750000,0.490939226760,0.233196132711
-0.921875000,-0.093750000,0.143805228028,0.0683074833132
-0.906250000,-0.093750000,-0.160608893266,-0.0762892243013
-0.890625000,-0.093750000,-0.425086443980,-0.201916060890
-0.875000000,-0.093750000,-0.652418355223,-0.309898718731
-0.859375000,-0.093750000,-0.845367137553,-0.401549390338
-0.843750000,-0.093750000,-1.00663864396,-0.478153355883
-0.828125000,-0.093750000,-1.13886027620,-0.540958631193
-0.812500000,-0.093750000,-1.24456450310,-0.591168138974
-0.796875000,-0.093750000,-1.32617675118,-0.629933956812
-0.781250000,-0.093750000,-1.38600688629,-0.658353270990
-0.765625000,-0.093750000,-1.42624363615,-0.677465727173
-0.750000000,-0.093750000,-1.44895141226,-0.688251920825
-0.734375000,-0.093750000,-1.45606907940,-0.691632812713
-0.718750000,-0.093750000,-1.44941029786,-0.688469891484
-0.703125000,-0.093750000,-1.43066512363,-0.679565933722
-0.687500000,-0.093750000,-1.40140260594,-0.665666237823
-0.671875000,-0.093750000,-1.36307416430,-0.647460228041
-0.656250000,-0.093750000,-1.31701756498,-0.625583343365
-0.640625000,-0.093750000,-1.26446134511,-0.600619138925
-0.625000000,-0.093750000,-1.20652956162,-0.573101541770
-0.609375000,-0.093750000,-1.14424676003,-0.543517211016
-0.593750000,-0.093750000,-1.07854308008,-0.512307963039
-0.578125000,-0.093750000,-1.01025942660,-0.479873227635
-0.562500000,-0.093750000,-0.940152650440,-0.446572508959
-0.546875000,-0.093750000,-0.868900691359,-0.412727828395
-0.531250000,-0.093750000,-0.797107647247,-0.378626132442
-0.515625000,-0.093750000,-0.725308738737,-0.344521650900
-0.500000000,-0.093750000,-0.653975146500,-0.310638194588
-0.484375000,-0.093750000,-0.583518702992,-0.277171383921
-0.468750000,-0.093750000,-0.514296424424,-0.244290801602
-0.453125000,-0.093750000,-0.446614874091,-0.212142065193
-0.437500000,-0.093750000,-0.380734348872,-0.180848815714
-0.421875000,-0.093750000,-0.316872885379,-0.150514620555
-0.406250000,-0.093750000,-0.255210083138,-0.121224789491
-0.390625000,-0.093750000,-0.195890744130,-0.0930481034619
-0.375000000,-0.093750000,-0.139028329532,-0.0660384565279
-0.359375000,-0.093750000,-0.0847082359628,-0.0402364120823
-0.343750000,-0.093750000,-0.0329908930010,-0.0156706741755
-0.328125000,-0.093750000,0.0160853130939,0.00764052371960
-0.312500000,-0.093750000,0.0625012867696,0.0296881112155
-0.296875000,-0.093750000,0.106254636220,0.0504709522047
-0.281250000,-0.093750000,0.147357248694,0.0699946931297
-0.265625000,-0.093750000,0.185833021346,0.0882706851393
-0.250000000,-0.093750000,0.221715744861,0.105314978809
-0.234375000,-0.093750000,0.255047133177,0.121147388259
-0.218750000,-0.093750000,0.285874995394,0.135790622812
-0.203125000,-0.093750000,0.314251544844,0.149269483801
-0.187500000,-0.093750000,0.340231840627,0.161610124298
-0.171875000,-0.093750000,0.363872357194,0.172839369667
-0.156250000,-0.093750000,0.385229677840,0.182984096974
-0.140625000,-0.093750000,0.404359308041,0.192070671320
-0.125000000,-0.093750000,0.421314604857,0.200124437307
-0.109375000,-0.093750000,0.436145819144,0.207169264094
-0.093750000,-0.093750000,0.448899246738,0.213227142200
-0.078125000,-0.093750000,0.459597830028,0.218308969263
-0.062500000,-0.093750000,0.468323184701,0.222453512733
-0.046875000,-0.093750000,0.475075672042,0.225660944220
-0.031250000,-0.093750000,0.479880549651,0.227943261084
-0.015625000,-0.093750000,0.482756097432,0.229309146280
0.000000000,-0.093750000,0.483713378810,0.229763854935
0.015625000,-0.093750000,0.482756097432,0.229309146280
0.031250000,-0.093750000,0.479880549651,0.227943261084
0.046875000,-0.093750000,0.475075672042,0.225660944220
0.062500000,-0.093750000,0.468323184701,0.222453512733
0.078125000,-0.093750000,0.459597830028,0.218308969263
0.093750000,-0.093750000,0.448899246738,0.213227142200
0.109375000,-0.093750000,0.436145819144,0.207169264094
0.125000000,-0.093750000,0.421314604857,0.200124437307
0.140625000,-0.093750000,0.404359308041,0.192070671320
0.156250000,-0.093750000,0.385229677840,0.182984096974
0.171875000,-0.093750000,0.363872357194,0.172839369667
0.187500000,-0.093750000,0.340231840627,0.161610124298
0.203125000,-0.093750000,0.314251544844,0.149269483801
0.218750000,-0.093750000,0.285874995394,0.135790622812
0.234375000,-0.093750000,0.255047133177,0.121147388259
0.250000000,-0.093750000,0.221715744861,0.105314978809
0.265625000,-0.093750000,0.185833021346,0.0882706851393
0.281250000,-0.093750000,0.147357248694,0.0699946931297
0.296875000,-0.093750000,0.106254636220,0.0504709522047
0.312500000,-0.093750000,0.0625012867696,0.0296881112155
0.328125000,-0.093750000,0.0160853130939,0.00764052371960
0.343750000,-0.093750000,-0.0329908930010,-0.0156706741755
0.359375000,-0.093750000,-0.0847082359628,-0.0402364120823
0.375000000,-0.093750000,-0.139028329532,-0.0660384565279
0.390625000,-0.093750000,-0.195890744130,-0.0930481034619
0.406250000,-0.093750000,-0.255210083138,-0.121224789491
0.421875000,-0.093750000,-0.316872885379,-0.150514620555
0.437500000,-0.093750000,-0.380734348872,-0.180848815714
0.453125000,-0.093750000,-0.446614874091,-0.212142065193
0.468750000,-0.093750000,-0.514296424424,-0.244290801602
0.484375000,-0.093750000,-0.583518702992,-0.277171383921
0.500000000,-0.093750000,-0.653975146500,-0.310638194588
0.515625000,-0.093750000,-0.725308738737,-0.344521650900
0.531250000,-0.093750000,-0.797107647247,-0.378626132442
0.546875000,-0.093750000,-0.868900691359,-0.412727828395
0.562500000,-0.093750000,-0.940152650440,-0.446572508959
0.578125000,-0.093750000,-1.01025942660,-0.479873227635
0.593750000,-0.093750000,-1.07854308008,-0.512307963039
0.609375000,-0.093750000,-1.14424676003,-0.543517211016
0.625000000,-0.093750000,-1.20652956162,-0.573101541770
0.640625000,-0.093750000,-1.26446134511,-0.600619138925
0.656250000,-0.093750000,-1.31701756498,-0.625583343365
0.671875000,-0.093750000,-1.36307416430,-0.647460228041
0.687500000,-0.093750000,-1.40140260594,-0.665666237823
0.703125000,-0.093750000,-1.43066512363,-0.679565933722
0.718750000,-0.093750000,-1.44941029786,-0.688469891484
0.734375000,-0.093750000,-1.45606907940,-0.691632812713
0.750000000,-0.093750000,-1.44895141226,-0.688251920825
0.765625000,-0.093750000,-1.42624363615,-0.677465727173
0.781250000,-0.093750000,-1.38600688629,-0.658353270990
0.796875000,-0.093750000,-1.32617675118,-0.629933956812
0.812500000,-0.093750000,-1.24456450310,-0.591168138974
0.828125000,-0.093750000,-1.13886027620,-0.540958631193
0.843750000,-0.093750000,-1.00663864396,-0.478153355883
0.859375000,-0.093750000,-0.845367137553,-0.401549390338
0.875000000,-0.093750000,-0.652418355223,-0.309898718731
0.890625000,-0.093750000,-0.425086443980,-0.201916060890
0.906250000,-0.093750000,-0.160608893266,-0.0762892243013
0.921875000,-0.093750000,0.143805228028,0.0683074833132
0.937500000,-0.093750000,0.490939226760,0.233196132711
0.953125000,-0.093750000,0.883523285667,0.419673560692
0.968750000,-0.093750000,1.32417751400,0.628984319148
0.984375000,-0.093750000,,
1.000000000,-0.093750000,,
-1.000000000,-0.078125000,,
-0.984375000,-0.078125000,,
-0.968750000,-0.078125000,1.38800492557,0.659302339648
-0.953125000,-0.078125000,0.941639793007,0.447278901679
-0.937500000,-0.078125000,0.543879370365,0.258342700923
-0.921875000,-0.078125000,0.192035004964,0.0912166273578
-0.906250000,-0.078125000,-0.116683323964,-0.0554245788827
-0.890625000,-0.078125000,-0.385111092263,-0.182927768825
-0.875000000,-0.078125000,-0.616084640109,-0.292640204052
-0.859375000,-0.078125000,-0.812405927958,-0.385892815780
-0.843750000,-0.078125000,-0.976815006334,-0.463987128009
-0.828125000,-0.078125000,-1.11196884721,-0.528185202424
-0.812500000,-0.078125000,-1.22042541542,-0.579702072326
-0.796875000,-0.078125000,-1.30463205068,-0.619700224073
-0.781250000,-0.078125000,-1.36691738543,-0.649285758080
-0.765625000,-0.078125000,-1.40948615493,-0.669505923589
-0.750000000,-0.078125000,-1.43441636480,-0.681347773280
-0.734375000,-0.078125000,-1.44365836753,-0.685737724579
-0.718750000,-0.078125000,-1.43903547887,-0.683541852463
-0.703125000,-0.078125000,-1.42224582058,-0.675566764777
-0.687500000,-0.078125000,-1.39486513573,-0.662560939471
-0.671875000,-0.078125000,-1.35835035862,-0.645216420345
-0.656250000,-0.078125000,-1.31404376178,-0.624170786847
-0.640625000,-0.078125000,-1.26317753298,-0.600009328163
-0.625000000,-0.078125000,-1.20687865795,-0.573267362525
-0.609375000,-0.078125000,-1.14617400873,-0.544432654149
-0.593750000,-0.078125000,-1.08199555375,-0.513947888033
-0.578125000,-0.078125000,-1.01518562080,-0.482213169880
-0.562500000,-0.078125000,-0.946502158472,-0.449588525274
-0.546875000,-0.078125000,-0.876623949188,-0.416396375865
-0.531250000,-0.078125000,-0.806155738955,-0.382923976004
-0.515625000,-0.078125000,-0.735633254124,-0.349425795709
-0.500000000,-0.078125000,-0.665528083454,-0.316125839641
-0.484375000,-0.078125000,-0.596252406821,-0.283219893240
-0.468750000,-0.078125000,-0.528163559283,-0.250877690659
-0.453125000,-0.078125000,-0.461568419301,-0.219244999168
-0.437500000,-0.078125000,-0.396727616334,-0.188445617759
-0.421875000,-0.078125000,-0.333859553013,-0.158583287681
-0.406250000,-0.078125000,-0.273144240207,-0.129743514099
-0.390625000,-0.078125000,-0.214726945056,-0.101995298902
-0.375000000,-0.078125000,-0.158721653293,-0.0753927853143
-0.359375000,-0.078125000,-0.105214347292,-0.0499768149635
-0.343750000,-0.078125000,-0.0542661044288,-0.0257763996037
-0.328125000,-0.078125000,-0.00591601808134,-0.00281010858864
-0.312500000,-0.078125000,0.0398160532813,0.0189126253086
-0.296875000,-0.078125000,0.0829269053009,0.0393902800179
-0.281250000,-0.078125000,0.123427568938,0.0586280952454
-0.265625000,-0.078125000,0.161341049764,0.0766369986381
-0.250000000,-0.078125000,0.196700219896,0.0934326044506
-0.234375000,-0.078125000,0.229545857133,0.109034282138
-0.218750000,-0.078125000,0.259924826632,0.123464292650
-0.203125000,-0.078125000,0.287888399421,0.136746989725
-0.187500000,-0.078125000,0.313490704735,0.148908084749
-0.171875000,-0.078125000,0.336787308639,0.159973971604
-0.156250000,-0.078125000,0.357833918088,0.169971111092
-0.140625000,-0.078125000,0.376685203038,0.178925471443
-0.125000000,-0.078125000,0.393393735143,0.186862024193
-0.109375000,-0.078125000,0.408009038060,0.193804293079
-0.093750000,-0.078125000,0.420576747100,0.199773954873
-0.078125000,-0.078125000,0.431137874242,0.204790490265
-0.062500000,-0.078125000,0.439710370518,0.208862425996
-0.046875000,-0.078125000,0.446366090533,0.212023893003
-0.031250000,-0.078125000,0.451102092260,0.214273493824
-0.015625000,-0.078125000,0.453936412587,0.215619795979
0.000000000,-0.078125000,0.454879967858,0.216067984733
0.015625000,-0.078125000,0.453936412587,0.215619795979
0.031250000,-0.078125000,0.451102092260,0.214273493824
0.046875000,-0.078125000,0.446366090533,0.212023893003
0.062500000,-0.078125000,0.439710370518,0.208862425996
0.078125000,-0.078125000,0.431137874242,0.204790490265
0.093750000,-0.078125000,0.420576747100,0.199773954873
0.109375000,-0.078125000,0.408009038060,0.193804293079
0.125000000,-0.078125000,0.393393735143,0.186862024193
0.140625000,-0.078125000,0.376685203038,0.178925471443
0.156250000,-0.078125000,0.357833918088,0.169971111092
0.171875000,-0.078125000,0.336787308639,0.159973971604
0.187500000,-0.078125000,0.313490704735,0.148908084749
0.203125000,-0.078125000,0.287888399421,0.136746989725
0.218750000,-0.078125000,0.259924826632,0.123464292650
0.234375000,-0.078125000,0.229545857133,0.109034282138
0.250000000,-0.078125000,0.196700219896,0.0934326044506
0.265625000,-0.078125000,0.161341049764,0.0766369986381
0.281250000,-0.078125000,0.123427568938,0.0586280952454
0.296875000,-0.078125000,0.0829269053009,0.0393902800179
0.312500000,-0.078125000,0.0398160532813,0.0189126253086
0.328125000,-0.078125000,-0.00591601808134,-0.00281010858864
0.343750000,-0.078125000,-0.0542661044288,-0.0257763996037
0.359375000,-0.078125000,-0.105214347292,-0.0499768149635
0.375000000,-0.078125000,-0.158721653293,-0.0753927853143
0.390625000,-0.078125000,-0.214726945056,-0.101995298902
0.406250000,-0.078125000,-0.273144240207,-0.129743514099
0.421875000,-0.078125000,-0.333859553013,-0.158583287681
0.437500000,-0.078125000,-0.396727616334,-0.188445617759
0.453125000,-0.078125000,-0.461568419301,-0.219244999168
0.468750000,-0.078125000,-0.528163559283,-0.250877690659
0.484375000,-0.078125000,-0.596252406821,-0.283219893240
0.500000000,-0.078125000,-0.665528083454,-0.316125839641
0.515625000,-0.078125000,-0.735633254124,-0.349425795709
0.531250000,-0.078125000,-0.806155738955,-0.382923976004
0.546875000,-0.078125000,-0.876623949188,-0.416396375865
0.562500000,-0.078125000,-0.946502158472,-0.449588525274
0.578125000,-0.078125000,-1.01518562080,-0.482213169880
0.593750000,-0.078125000,-1.08199555375,-0.513947888033
0.609375000,-0.078125000,-1.14617400873,-0.544432654149
0.625000000,-0.078125000,-1.20687865795,-0.573267362525
0.640625000,-0.078125000,-1.26317753298,-0.600009328163
0.656250000,-0.078125000,-1.31404376178,-0.624170786847
0.671875000,-0.078125000,-1.35835035862,-0.645216420345
0.687500000,-0.078125000,-1.39486513573,-0.662560939471
0.703125000,-0.078125000,-1.42224582058,-0.675566764777
0.718750000,-0.078125000,-1.43903547887,-0.683541852463
0.734375000,-0.078125000,-1.44365836753,-0.685737724579
0.750000000,-0.078125000,-1.43441636480,-0.681347773280
0.765625000,-0.078125000,-1.40948615493,-0.669505923589
0.781250000,-0.078125000,-1.36691738543,-0.649285758080
0.796875000,-0.078125000,-1.30463205068,-0.619700224073
0.812500000,-0.078125000,-1.22042541542,-0.579702072326
0.828125000,-0.078125000,-1.11196884721,-0.528185202424
0.843750000,-0.078125000,-0.976815006334,-0.463987128009
0.859375000,-0.078125000,-0.812405927958,-0.385892815780
0.875000000,-0.078125000,-0.616084640109,-0.292640204052
0.890625000,-0.078125000,-0.385111092263,-0.182927768825
0.906250000,-0.078125000,-0.116683323964,-0.0554245788827
0.921875000,-0.078125000,0.192035004964,0.0912166273578
0.937500000,-0.078125000,0.543879370365,0.258342700923
0.953125000,-0.078125000,0.941639793007,0.447278901679
0.968750000,-0.078125000,1.38800492557,0.659302339648
0.984375000,-0.078125000,,
1.000000000,-0.078125000,,
-1.000000000,-0.062500000,,
-0.984375000,-0.062500000,,
-0.968750000,-0.062500000,1.46211987803,0.694506942065
-0.953125000,-0.062500000,1.00944149094,0.479484708198
-0.937500000,-0.062500000,0.605904159671,0.287804475844
-0.921875000,-0.062500000,0.248755828336,0.118159018460
-0.906250000,-0.062500000,-0.0648491657772,-0.0308033537442
-0.890625000,-0.062500000,-0.337795066135,-0.160452656414
-0.875000000,-0.062500000,-0.572960893231,-0.272156424285
-0.859375000,-0.062500000,-0.773185896909,-0.367263301032
-0.843750000,-0.062500000,-0.941242645932,-0.447090256818
-0.828125000,-0.062500000,-1.07981641088,-0.512912795168
-0.812500000,-0.062500000,-1.19148972753,-0.565957620575
-0.796875000,-0.062500000,-1.27873121773,-0.607397328420
-0.781250000,-0.062500000,-1.34388789895,-0.638346752002
-0.765625000,-0.062500000,-1.38918034545,-0.659860664086
-0.750000000,-0.062500000,-1.41670016873,-0.672932580145
-0.734375000,-0.062500000,-1.42840937468,-0.678494452975
-0.718750000,-0.062500000,-1.42614122993,-0.677417084215
-0.703125000,-0.062500000,-1.41160232957,-0.670511106546
-0.687500000,-0.062500000,-1.38637561130,-0.658528415366
-0.671875000,-0.062500000,-1.35192410429,-0.642163949539
-0.656250000,-0.062500000,-1.30959523484,-0.622057736548
-0.640625000,-0.062500000,-1.26062554463,-0.598797133698
-0.625000000,-0.062500000,-1.20614569845,-0.572919206764
-0.609375000,-0.062500000,-1.14718568373,-0.544913199769
-0.593750000,-0.062500000,-1.08468011771,-0.515223055913
-0.578125000,-0.062500000,-1.01947359675,-0.484249958455
-0.562500000,-0.062500000,-0.952326032160,-0.452354865276
-0.546875000,-0.062500000,-0.883917928842,-0.419861016200
-0.531250000,-0.062500000,-0.814855571016,-0.387056396233
-0.515625000,-0.062500000,-0.745676087495,-0.354196141560
-0.500000000,-0.062500000,-0.676852374460,-0.321504877869
-0.484375000,-0.062500000,-0.608797858544,-0.289178982808
-0.468750000,-0.062500000,-0.541871089227,-0.257388767383
-0.453125000,-0.062500000,-0.476380150134,-0.226280571314
-0.437500000,-0.062500000,-0.412586884697,-0.195978770231
-0.421875000,-0.062500000,-0.350710931983,-0.166587692692
-0.406250000,-0.062500000,-0.290933571949,-0.138193446676
-0.390625000,-0.062500000,-0.233401379605,-0.110865655312
-0.375000000,-0.062500000,-0.178229690920,-0.0846591031868
-0.359375000,-0.062500000,-0.125505881624,-0.0596152937712
-0.343750000,-0.062500000,-0.0752924635169,-0.0357639201705
-0.328125000,-0.062500000,-0.0276300020476,-0.0131242509726
-0.312500000,-0.062500000,0.0174601400701,0.00829356653328
-0.296875000,-0.062500000,0.0599732288599,0.0284872837084
-0.281250000,-0.062500000,0.0999187488369,0.0474614056975
-0.265625000,-0.062500000,0.137318150979,0.0652261217152
-0.250000000,-0.062500000,0.172202754872,0.0817963085640
-0.234375000,-0.062500000,0.204611797928,0.0971906040156
-0.218750000,-0.062500000,0.234590628043,0.111430548320
-0.203125000,-0.062500000,0.262189033298,0.124539790817
-0.187500000,-0.062500000,0.287459704380,0.136543359581
-0.171875000,-0.062500000,0.310456825345,0.147466992039
-0.156250000,-0.062500000,0.331234787230,0.157336523934
-0.140625000,-0.062500000,0.349847020699,0.166177334832
-0.125000000,-0.062500000,0.366344944442,0.174013848610
-0.109375000,-0.062500000,0.380777024592,0.180869086681
-0.093750000,-0.062500000,0.393187942354,0.186764272618
-0.078125000,-0.062500000,0.403617867233,0.191718486936
-0.062500000,-0.062500000,0.412101831720,0.195748370067
-0.046875000,-0.062500000,0.418647949779,0.198857776145
-0.031250000,-0.062500000,0.423327088310,0.201080366947
-0.015625000,-0.062500000,0.426127428354,0.202410528468
0.000000000,-0.062500000,0.427059679829,0.202853347919
0.015625000,-0.062500000,0.426127428354,0.202410528468
0.031250000,-0.062500000,0.423327088310,0.201080366947
0.046875000,-0.062500000,0.418647949779,0.198857776145
0.062500000,-0.062500000,0.412101831720,0.195748370067
0.078125000,-0.062500000,0.403617867233,0.191718486936
0.093750000,-0.062500000,0.393187942354,0.186764272618
0.109375000,-0.062500000,0.380777024592,0.180869086681
0.125000000,-0.062500000,0.366344944442,0.174013848610
0.140625000,-0.062500000,0.349847020699,0.166177334832
0.156250000,-0.062500000,0.331234787230,0.157336523934
0.171875000,-0.062500000,0.310456825345,0.147466992039
0.187500000,-0.062500000,0.287459704380,0.136543359581
0.203125000,-0.062500000,0.262189033298,0.124539790817
0.218750000,-0.062500000,0.234590628043,0.111430548320
0.234375000,-0.062500000,0.204611797928,0.0971906040156
0.250000000,-0.062500000,0.172202754872,0.0817963085640
0.265625000,-0.062500000,0.137318150979,0.0652261217152
0.281250000,-0.062500000,0.0999187488369,0.0474614056975
0.296875000,-0.062500000,0.0599732288599,0.0284872837084
0.312500000,-0.062500000,0.0174601400701,0.00829356653328
0.328125000,-0.062500000,-0.0276300020476,-0.0131242509726
0.343750000,-0.062500000,-0.0752924635169,-0.0357639201705
0.359375000,-0.062500000,-0.125505881624,-0.0596152937712
0.375000000,-0.062500000,-0.178229690920,-0.0846591031868
0.390625000,-0.062500000,-0.233401379605,-0.110865655312
0.406250000,-0.062500000,-0.290933571949,-0.138193446676
0.421875000,-0.062500000,-0.350710931983,-0.166587692692
0.437500000,-0.062500000,-0.412586884697,-0.195978770231
0.453125000,-0.062500000,-0.476380150134,-0.226280571314
0.468750000,-0.062500000,-0.541871089227,-0.257388767383
0.484375000,-0.062500000,-0.608797858544,-0.289178982808
0.500000000,-0.062500000,-0.676852374460,-0.321504877869
0.515625000,-0.062500000,-0.745676087495,-0.354196141560
0.531250000,-0.062500000,-0.814855571016,-0.387056396233
0.546875000,-0.062500000,-0.883917928842,-0.419861016200
0.562500000,-0.062500000,-0.952326032160,-0.452354865276
0.578125000,-0.062500000,-1.01947359675,-0.484249958455
0.593750000,-0.062500000,-1.08468011771,-0.515223055913
0.609375000,-0.062500000,-1.14718568373,-0.544913199769
0.625000000,-0.062500000,-1.20614569845,-0.572919206764
0.640625000,-0.062500000,-1.26062554463,-0.598797133698
0.656250000,-0.062500000,-1.30959523484,-0.622057736548
0.671875000,-0.062500000,-1.35192410429,-0.642163949539
0.687500000,-0.062500000,-1.38637561130,-0.658528415366
0.703125000,-0.062500000,-1.41160232957,-0.670511106546
0.718750000,-0.062500000,-1.42614122993,-0.677417084215
0.734375000,-0.062500000,-1.42840937468,-0.678494452975
0.750000000,-0.062500000,-1.41670016873,-0.672932580145
0.765625000,-0.062500000,-1.38918034545,-0.659860664086
0.781250000,-0.062500000,-1.34388789895,-0.638346752002
0.796875000,-0.062500000,-1.27873121773,-0.607397328420
0.812500000,-0.062500000,-1.19148972753,-0.565957620575
0.828125000,-0.062500000,-1.07981641088,-0.512912795168
0.843750000,-0.062500000,-0.941242645932,-0.447090256818
0.859375000,-0.062500000,-0.773185896909,-0.367263301032
0.875000000,-0.062500000,-0.572960893231,-0.272156424285
0.890625000,-0.062500000,-0.337795066135,-0.160452656414
0.906250000,-0.062500000,-0.0648491657772,-0.0308033537442
0.921875000,-0.062500000,0.248755828336,0.118159018460
0.937500000,-0.062500000,0.605904159671,0.287804475844
0.953125000,-0.062500000,1.00944149094,0.479484708198
0.968750000,-0.062500000,1.46211987803,0.694506942065
0.984375000,-0.062500000,,
1.000000000,-0.062500000,,
-1.000000000,-0.046875000,,
-0.984375000,-0.046875000,,
-0.968750000,-0.046875000,1.54684678785,0.734752224231
-0.953125000,-0.046875000,1.08721411496,0.516426704604
-0.937500000,-0.046875000,0.677263661537,0.321700239230
-0.921875000,-0.046875000,0.314184898258,0.149237826673
-0.906250000,-0.046875000,-0.00491947033095,-0.00233674840720
-0.890625000,-0.046875000,-0.282979224582,-0.134415131676
-0.875000000,-0.046875000,-0.522913489167,-0.248383907354
-0.859375000,-0.046875000,-0.727596782428,-0.345608471653
-0.843750000,-0.046875000,-0.899832639736,-0.427420503874
-0.828125000,-0.046875000,-1.04233347655,-0.495108401360
-0.812500000,-0.046875000,-1.15770558287,-0.549910151862
-0.796875000,-0.046875000,-1.24843833237,-0.593008207878
-0.781250000,-0.046875000,-1.31689684057,-0.625525999272
-0.765625000,-0.046875000,-1.36531744045,-0.648525784213
-0.750000000,-0.046875000,-1.39580544460,-0.663007586186
-0.734375000,-0.046875000,-1.41033475657,-0.669909009369
-0.718750000,-0.046875000,-1.41074896552,-0.670105758623
-0.703125000,-0.046875000,-1.39876361792,-0.664412718512
-0.687500000,-0.046875000,-1.37596941574,-0.653585472474
-0.671875000,-0.046875000,-1.34383612929,-0.638322161411
-0.656250000,-0.046875000,-1.30371704933,-0.619265598433
-0.640625000,-0.046875000,-1.25685383606,-0.597005572127
-0.625000000,-0.046875000,-1.20438164299,-0.572081280419
-0.609375000,-0.046875000,-1.14733441902,-0.544983849034
-0.593750000,-0.046875000,-1.08665030616,-0.516158895424
-0.578125000,-0.046875000,-1.02317706908,-0.486009107812
-0.562500000,-0.046875000,-0.957677499604,-0.454896812312
-0.546875000,-0.046875000,-0.890834756232,-0.423146509210
-0.531250000,-0.046875000,-0.823257601667,-0.391047360792
-0.515625000,-0.046875000,-0.755485512527,-0.358855618450
-0.500000000,-0.046875000,-0.687993639324,-0.326796978679
-0.484375000,-0.046875000,-0.621197600844,-0.295068860401
-0.468750000,-0.046875000,-0.555458102024,-0.263842598461
-0.453125000,-0.046875000,-0.491085365302,-0.233265548518
-0.437500000,-0.046875000,-0.428343372236,-0.203463101812
-0.421875000,-0.046875000,-0.367453910525,-0.174540607499
-0.406250000,-0.046875000,-0.308600426955,-0.146585202804
-0.390625000,-0.046875000,-0.251931686710,-0.119667551187
-0.375000000,-0.046875000,-0.197565239419,-0.0938434887239
-0.359375000,-0.046875000,-0.145590698025,-0.0691555815618
-0.343750000,-0.046875000,-0.0960728312775,-0.0456345948568
-0.328125000,-0.046875000,-0.0490544758346,-0.0233008760214
-0.312500000,-0.046875000,-0.00455927297560,-0.00216565466341
-0.296875000,-0.046875000,0.0374057656839,0.0177677386998
-0.281250000,-0.046875000,0.0768478572853,0.0365027322105
-0.265625000,-0.046875000,0.113786206732,0.0540484481977
-0.250000000,-0.046875000,0.148249919283,0.0704187116595
-0.234375000,-0.046875000,0.180276062027,0.0856311294628
-0.218750000,-0.046875000,0.209907867725,0.0997062371693
-0.203125000,-0.046875000,0.237193076977,0.112666711564
-0.187500000,-0.046875000,0.262182412866,0.124536646111
-0.171875000,-0.046875000,0.284928182779,0.135340886820
-0.156250000,-0.046875000,0.305483003850,0.145104426829
-0.140625000,-0.046875000,0.323898646712,0.153851857188
-0.125000000,-0.046875000,0.340224994114,0.161606872204
-0.109375000,-0.046875000,0.354509110125,0.168391827310
-0.093750000,-0.046875000,0.366794416761,0.174227347961
-0.078125000,-0.046875000,0.377119974854,0.179131988056
-0.062500000,-0.046875000,0.385519866736,0.183121936699
-0.046875000,-0.046875000,0.392022677527,0.186210771825
-0.031250000,-0.046875000,0.396651073900,0.188409260103
-0.015625000,-0.046875000,0.399421478115,0.189725202104
0.000000000,-0.046875000,0.400318630079,0.190151349288
0.015625000,-0.046875000,0.399421478115,0.189725202104
0.031250000,-0.046875000,0.396651073900,0.188409260103
0.046875000,-0.046875000,0.392022677527,0.186210771825
0.062500000,-0.046875000,0.385519866736,0.183121936699
0.078125000,-0.046875000,0.377119974854,0.179131988056
0.093750000,-0.046875000,0.366794416761,0.174227347961
0.109375000,-0.046875000,0.354509110125,0.168391827310
0.125000000,-0.046875000,0.340224994114,0.161606872204
0.140625000,-0.046875000,0.323898646712,0.153851857188
0.156250000,-0.046875000,0.305483003850,0.145104426829
0.171875000,-0.046875000,0.284928182779,0.135340886820
0.187500000,-0.046875000,0.262182412866,0.124536646111
0.203125000,-0.046875000,0.237193076977,0.112666711564
0.218750000,-0.046875000,0.209907867725,0.0997062371693
0.234375000,-0.046875000,0.180276062027,0.0856311294628
0.250000000,-0.046875000,0.148249919283,0.0704187116595
0.265625000,-0.046875000,0.113786206732,0.0540484481977
0.281250000,-0.046875000,0.0768478572853,0.0365027322105
0.296875000,-0.046875000,0.0374057656839,0.0177677386998
0.312500000,-0.046875000,-0.00455927297560,-0.00216565466341
0.328125000,-0.046875000,-0.0490544758346,-0.0233008760214
0.343750000,-0.046875000,-0.0960728312775,-0.0456345948568
0.359375000,-0.046875000,-0.145590698025,-0.0691555815618
0.375000000,-0.046875000,-0.197565239419,-0.0938434887239
0.390625000,-0.046875000,-0.251931686710,-0.119667551187
0.406250000,-0.046875000,-0.308600426955,-0.146585202804
0.421875000,-0.046875000,-0.367453910525,-0.174540607499
0.437500000,-0.046875000,-0.428343372236,-0.203463101812
0.453125000,-0.046875000,-0.491085365302,-0.233265548518
0.468750000,-0.046875000,-0.555458102024,-0.263842598461
0.484375000,-0.046875000,-0.621197600844,-0.295068860401
0.500000000,-0.046875000,-0.687993639324,-0.326796978679
0.515625000,-0.046875000,-0.755485512527,-0.358855618450
0.531250000,-0.046875000,-0.823257601667,-0.391047360792
0.546875000,-0.046875000,-0.890834756232,-0.423146509210
0.562500000,-0.046875000,-0.957677499604,-0.454896812312
0.578125000,-0.046875000,-1.02317706908,-0.486009107812
0.593750000,-0.046875000,-1.08665030616,-0.516158895424
0.609375000,-0.046875000,-1.14733441902,-0.544983849034
0.625000000,-0.046875000,-1.20438164299,-0.572081280419
0.640625000,-0.046875000,-1.25685383606,-0.597005572127
0.656250000,-0.046875000,-1.30371704933,-0.619265598433
0.671875000,-0.046875000,-1.34383612929,-0.638322161411
0.687500000,-0.046875000,-1.37596941574,-0.653585472474
0.703125000,-0.046875000,-1.39876361792,-0.664412718512
0.718750000,-0.046875000,-1.41074896552,-0.670105758623
0.734375000,-0.046875000,-1.41033475657,-0.669909009369
0.750000000,-0.046875000,-1.39580544460,-0.663007586186
0.765625000,-0.046875000,-1.36531744045,-0.648525784213
0.781250000,-0.046875000,-1.31689684057,-0.625525999272
0.796875000,-0.046875000,-1.24843833237,-0.593008207878
0.812500000,-0.046875000,-1.15770558287,-0.549910151862
0.828125000,-0.046875000,-1.04233347655,-0.495108401360
0.843750000,-0.046875000,-0.899832639736,-0.427420503874
0.859375000,-0.046875000,-0.727596782428,-0.345608471653
0.875000000,-0.046875000,-0.522913489167,-0.248383907354
0.890625000,-0.046875000,-0.282979224582,-0.134415131676
0.906250000,-0.046875000,-0.00491947033095,-0.00233674840720
0.921875000,-0.046875000,0.314184898258,0.149237826673
0.937500000,-0.046875000,0.677263661537,0.321700239230
0.953125000,-0.046875000,1.08721411496,0.516426704604
0.968750000,-0.046875000,1.54684678785,0.734752224231
0.984375000,-0.046875000,,
1.000000000,-0.046875000,,
-1.000000000,-0.031250000,,
-0.984375000,-0.031250000,,
-0.968750000,-0.031250000,1.64251720577,0.780195672740
-0.953125000,-0.031250000,1.17525136442,0.558244398100
-0.937500000,-0.031250000,0.758216511941,0.360152843172
-0.921875000,-0.031250000,0.388548404330,0.184560492057
-0.906250000,-0.031250000,0.0633019657423,0.0300684337276
-0.890625000,-0.031250000,-0.220495030655,-0.104735139561
-0.875000000,-0.031250000,-0.465799368911,-0.221254700233
-0.859375000,-0.031250000,-0.675518934513,-0.320871493894
-0.843750000,-0.031250000,-0.852486789039,-0.404931224794
-0.828125000,-0.031250000,-0.999441442307,-0.474734685096
-0.812500000,-0.031250000,-1.11901221913,-0.531530804088
-0.796875000,-0.031250000,-1.21370880547,-0.576511682597
-0.781250000,-0.031250000,-1.28591421438,-0.610809251829
-0.765625000,-0.031250000,-1.33788053823,-0.635493255660
-0.750000000,-0.031250000,-1.37172696369,-0.651570307751
-0.734375000,-0.031250000,-1.38943961095,-0.659983815203
-0.718750000,-0.031250000,-1.39287283343,-0.661614595877
-0.703125000,-0.031250000,-1.38375167620,-0.657282046193
-0.687500000,-0.031250000,-1.36367524105,-0.647745739501
-0.671875000,-0.031250000,-1.33412074898,-0.633707355766
-0.656250000,-0.031250000,-1.29644812799,-0.615812860796
-0.640625000,-0.031250000,-1.25190498133,-0.594654866132
-0.625000000,-0.031250000,-1.20163181895,-0.570775114000
-0.609375000,-0.031250000,-1.14666745402,-0.544667040662
-0.593750000,-0.031250000,-1.08795448502,-0.516778380384
-0.578125000,-0.031250000,-1.02634479795,-0.487513779029
-0.562500000,-0.031250000,-0.962605035906,-0.457237392056
-0.546875000,-0.031250000,-0.897421993393,-0.426275446862
-0.531250000,-0.031250000,-0.831407902032,-0.394918753465
-0.515625000,-0.031250000,-0.765105580380,-0.363425150681
-0.500000000,-0.031250000,-0.698993428050,-0.332021878324
-0.484375000,-0.031250000,-0.633490248181,-0.300907867886
-0.468750000,-0.031250000,-0.568959887391,-0.270255946511
-0.453125000,-0.031250000,-0.505715685323,-0.240214950528
-0.437500000,-0.031250000,-0.444024728649,-0.210911746108
-0.421875000,-0.031250000,-0.384111908119,-0.182453156356
-0.406250000,-0.031250000,-0.326163776294,-0.154927793740
-0.390625000,-0.031250000,-0.270332209558,-0.128407799540
-0.375000000,-0.031250000,-0.216737873898,-0.102950490101
-0.359375000,-0.031250000,-0.165473500442,-0.0785999127099
-0.343750000,-0.031250000,-0.116606972949,-0.0553883121507
-0.328125000,-0.031250000,-0.0701842334020,-0.0333375108660
-0.312500000,-0.031250000,-0.0262320091722,-0.0124602043568
-0.296875000,-0.031250000,0.0152396298683,0.00723882418745
-0.281250000,-0.031250000,0.0542348825556,0.0257615692139
-0.265625000,-0.031250000,0.0907699866839,0.0431157436749
-0.250000000,-0.031250000,0.124871143585,0.0593137932030
-0.234375000,-0.031250000,0.156572593440,0.0743719818839
-0.218750000,-0.031250000,0.185914831106,0.0883095447752
-0.203125000,-0.031250000,0.212942962281,0.101147907084
-0.187500000,-0.031250000,0.237705190292,0.112909965389
-0.171875000,-0.031250000,0.260251431355,0.123619429894
-0.156250000,-0.031250000,0.280632051819,0.133300224614
-0.140625000,-0.031250000,0.298896724328,0.141975944056
-0.125000000,-0.031250000,0.315093396757,0.149669363459
-0.109375000,-0.031250000,0.329267372523,0.156402001948
-0.093750000,-0.031250000,0.341460496427,0.162193735803
-0.078125000,-0.031250000,0.351710444461,0.167062461119
-0.062500000,-0.031250000,0.360050113454,0.171023803890
-0.046875000,-0.031250000,0.366507110027,0.174090877263
-0.031250000,-0.031250000,0.371103333491,0.176274083408
-0.015625000,-0.031250000,0.373854655197,0.177580961219
0.000000000,-0.031250000,0.374770689118,0.178016077331
0.015625000,-0.031250000,0.373854655197,0.177580961219
0.031250000,-0.031250000,0.371103333491,0.176274083408
0.046875000,-0.031250000,0.366507110027,0.174090877263
0.062500000,-0.031250000,0.360050113454,0.171023803890
0.078125000,-0.031250000,0.351710444461,0.167062461119
0.093750000,-0.031250000,0.341460496427,0.162193735803
0.109375000,-0.031250000,0.329267372523,0.156402001948
0.125000000,-0.031250000,0.315093396757,0.149669363459
0.140625000,-0.031250000,0.298896724328,0.141975944056
0.156250000,-0.031250000,0.280632051819,0.133300224614
0.171875000,-0.031250000,0.260251431355,0.123619429894
0.187500000,-0.031250000,0.237705190292,0.112909965389
0.203125000,-0.031250000,0.212942962281,0.101147907084
0.218750000,-0.031250000,0.185914831106,0.0883095447752
0.234375000,-0.031250000,0.156572593440,0.0743719818839
0.250000000,-0.031250000,0.124871143585,0.0593137932030
0.265625000,-0.031250000,0.0907699866839,0.0431157436749
0.281250000,-0.031250000,0.0542348825556,0.0257615692139
0.296875000,-0.031250000,0.0152396298683,0.00723882418745
0.312500000,-0.031250000,-0.0262320091722,-0.0124602043568
0.328125000,-0.031250000,-0.0701842334020,-0.0333375108660
0.343750000,-0.031250000,-0.116606972949,-0.0553883121507
0.359375000,-0.031250000,-0.165473500442,-0.0785999127099
0.375000000,-0.031250000,-0.216737873898,-0.102950490101
0.390625000,-0.031250000,-0.270332209558,-0.128407799540
0.406250000,-0.031250000,-0.326163776294,-0.154927793740
0.421875000,-0.031250000,-0.384111908119,-0.182453156356
0.437500000,-0.031250000,-0.444024728649,-0.210911746108
0.453125000,-0.031250000,-0.505715685323,-0.240214950528
0.468750000,-0.031250000,-0.568959887391,-0.270255946511
0.484375000,-0.031250000,-0.633490248181,-0.300907867886
0.500000000,-0.031250000,-0.698993428050,-0.332021878324
0.515625000,-0.031250000,-0.765105580380,-0.363425150681
0.531250000,-0.031250000,-0.831407902032,-0.394918753465
0.546875000,-0.031250000,-0.897421993393,-0.426275446862
0.562500000,-0.031250000,-0.962605035906,-0.457237392056
0.578125000,-0.031250000,-1.02634479795,-0.487513779029
0.593750000,-0.031250000,-1.08795448502,-0.516778380384
0.609375000,-0.031250000,-1.14666745402,-0.544667040662
0.625000000,-0.031250000,-1.20163181895,-0.570775114000
0.640625000,-0.031250000,-1.25190498133,-0.594654866132
0.656250000,-0.031250000,-1.29644812799,-0.615812860796
0.671875000,-0.031250000,-1.33412074898,-0.633707355766
0.687500000,-0.031250000,-1.36367524105,-0.647745739501
0.703125000,-0.031250000,-1.38375167620,-0.657282046193
0.718750000,-0.031250000,-1.39287283343,-0.661614595877
0.734375000,-0.031250000,-1.38943961095,-0.659983815203
0.750000000,-0.031250000,-1.37172696369,-0.651570307751
0.765625000,-0.031250000,-1.33788053823,-0.635493255660
0.781250000,-0.031250000,-1.28591421438,-0.610809251829
0.796875000,-0.031250000,-1.21370880547,-0.576511682597
0.812500000,-0.031250000,-1.11901221913,-0.531530804088
0.828125000,-0.031250000,-0.999441442307,-0.474734685096
0.843750000,-0.031250000,-0.852486789039,-0.404931224794
0.859375000,-0.031250000,-0.675518934513,-0.320871493894
0.875000000,-0.031250000,-0.465799368911,-0.221254700233
0.890625000,-0.031250000,-0.220495030655,-0.104735139561
0.906250000,-0.031250000,0.0633019657423,0.0300684337276
0.921875000,-0.031250000,0.388548404330,0.184560492057
0.937500000,-0.031250000,0.758216511941,0.360152843172
0.953125000,-0.031250000,1.17525136442,0.558244398100
0.968750000,-0.031250000,1.64251720577,0.780195672740
0.984375000,-0.031250000,,
1.000000000,-0.031250000,,
-1.000000000,-0.015625000,,
-0.984375000,-0.015625000,,
-0.968750000,-0.015625000,1.74947315380,0.830999748056
-0.953125000,-0.015625000,1.27385812365,0.605082608735
-0.937500000,-0.015625000,0.849033027075,0.403290687861
-0.921875000,-0.015625000,0.472084530685,0.224240152076
-0.906250000,-0.015625000,0.140023507322,0.0665111659777
-0.890625000,-0.015625000,-0.150161742079,-0.0713268274873
-0.875000000,-0.015625000,-0.401463322661,-0.190695078264
-0.859375000,-0.015625000,-0.616820687331,-0.292989826482
-0.843750000,-0.015625000,-0.799095078373,-0.379570162227
-0.828125000,-0.015625000,-0.951050139491,-0.451748816258
-0.812500000,-0.015625000,-1.07533759582,-0.510785358013
-0.796875000,-0.015625000,-1.17448708821,-0.557881366902
-0.781250000,-0.015625000,-1.25089940372,-0.594177216768
-0.765625000,-0.015625000,-1.30684247034,-0.620750173411
-0.750000000,-0.015625000,-1.34444959376,-0.638613557036
-0.734375000,-0.015625000,-1.36571949835,-0.648716761716
-0.718750000,-0.015625000,-1.37251781164,-0.651945960528
-0.703125000,-0.015625000,-1.36657968941,-0.649125352471
-0.687500000,-0.015625000,-1.34951333159,-0.641018832505
-0.671875000,-0.015625000,-1.32280418203,-0.628331986466
-0.656250000,-0.015625000,-1.28781963816,-0.611714328126
-0.640625000,-0.015625000,-1.24581412959,-0.591761711555
-0.625000000,-0.015625000,-1.19793444760,-0.569018862609
-0.609375000,-0.015625000,-1.14522522888,-0.543981983719
-0.593750000,-0.015625000,-1.08863451402,-0.517101394161
-0.578125000,-0.015625000,-1.02901931773,-0.488784175920
-0.562500000,-0.015625000,-0.967151157081,-0.459396799613
-0.546875000,-0.015625000,-0.903721496476,-0.429267710826
-0.531250000,-0.015625000,-0.839347076849,-0.398689861504
-0.515625000,-0.015625000,-0.774575102230,-0.367923173559
-0.500000000,-0.015625000,-0.709888264277,-0.337196925532
-0.484375000,-0.015625000,-0.645709589202,-0.306712054871
-0.468750000,-0.015625000,-0.582407097905,-0.276643371505
-0.453125000,-0.015625000,-0.520298269733,-0.247141678123
-0.437500000,-0.015625000,-0.459654307697,-0.218335796156
-0.421875000,-0.015625000,-0.400704201926,-0.190334495915
-0.406250000,-0.015625000,-0.343638591188,-0.163228330814
-0.390625000,-0.015625000,-0.288613424575,-0.137091376673
-0.375000000,-0.015625000,-0.235753425574,-0.111982877148
-0.359375000,-0.015625000,-0.185155362409,-0.0879487971443
-0.343750000,-0.015625000,-0.136891128660,-0.0650232861133
-0.328125000,-0.015625000,-0.0910106401991,-0.0432300540946
-0.312500000,-0.015625000,-0.0475445526744,-0.0225836625204
-0.296875000,-0.015625000,-0.00650680634405,-0.00309073301342
-0.281250000,-0.015625000,0.0321029967208,0.0152489234424
-0.265625000,-0.015625000,0.0682973761148,0.0324412536545
-0.250000000,-0.015625000,0.102098912230,0.0484969833093
-0.234375000,-0.015625000,0.133538334134,0.0634307087138
-0.218750000,-0.015625000,0.162652751249,0.0772600568431
-0.203125000,-0.015625000,0.189484022395,0.0900049106377
-0.187500000,-0.015625000,0.214077257400,0.101686697265
-0.171875000,-0.015625000,0.236479445721,0.112327736717
-0.156250000,-0.015625000,0.256738207203,0.121950648421
-0.140625000,-0.015625000,0.274900660181,0.130577813586
-0.125000000,-0.015625000,0.291012403372,0.138230891602
-0.109375000,-0.015625000,0.305116606515,0.144930388095
-0.093750000,-0.015625000,0.317253206679,0.150695273172
-0.078125000,-0.015625000,0.327458207128,0.155542648386
-0.062500000,-0.015625000,0.335763075400,0.159487460815
-0.046875000,-0.015625000,0.342194238806,0.162542263433
-0.031250000,-0.015625000,0.346772673400,0.164717019865
-0.015625000,-0.015625000,0.349513587788,0.166018954199
0.000000000,-0.015625000,0.350426197061,0.166452443604
0.015625000,-0.015625000,0.349513587788,0.166018954199
0.031250000,-0.015625000,0.346772673400,0.164717019865
0.046875000,-0.015625000,0.342194238806,0.162542263433
0.062500000,-0.015625000,0.335763075400,0.159487460815
0.078125000,-0.015625000,0.327458207128,0.155542648386
0.093750000,-0.015625000,0.317253206679,0.150695273172
0.109375000,-0.015625000,0.305116606515,0.144930388095
0.125000000,-0.015625000,0.291012403372,0.138230891602
0.140625000,-0.015625000,0.274900660181,0.130577813586
0.156250000,-0.015625000,0.256738207203,0.121950648421
0.171875000,-0.015625000,0.236479445721,0.112327736717
0.187500000,-0.015625000,0.214077257400,0.101686697265
0.203125000,-0.015625000,0.189484022395,0.0900049106377
0.218750000,-0.015625000,0.162652751249,0.0772600568431
0.234375000,-0.015625000,0.133538334134,0.0634307087138
0.250000000,-0.015625000,0.102098912230,0.0484969833093
0.265625000,-0.015625000,0.0682973761148,0.0324412536545
0.281250000,-0.015625000,0.0321029967208,0.0152489234424
0.296875000,-0.015625000,-0.00650680634405,-0.00309073301342
0.312500000,-0.015625000,-0.0475445526744,-0.0225836625204
0.328125000,-0.015625000,-0.0910106401991,-0.0432300540946
0.343750000,-0.015625000,-0.136891128660,-0.0650232861133
0.359375000,-0.015625000,-0.185155362409,-0.0879487971443
0.375000000,-0.015625000,-0.235753425574,-0.111982877148
0.390625000,-0.015625000,-0.288613424575,-0.137091376673
0.406250000,-0.015625000,-0.343638591188,-0.163228330814
0.421875000,-0.015625000,-0.400704201926,-0.190334495915
0.437500000,-0.015625000,-0.459654307697,-0.218335796156
0.453125000,-0.015625000,-0.520298269733,-0.247141678123
0.468750000,-0.015625000,-0.582407097905,-0.276643371505
0.484375000,-0.015625000,-0.645709589202,-0.306712054871
0.500000000,-0.015625000,-0.709888264277,-0.337196925532
0.515625000,-0.015625000,-0.774575102230,-0.367923173559
0.531250000,-0.015625000,-0.839347076849,-0.398689861504
0.546875000,-0.015625000,-0.903721496476,-0.429267710826
0.562500000,-0.015625000,-0.967151157081,-0.459396799613
0.578125000,-0.015625000,-1.02901931773,-0.488784175920
0.593750000,-0.015625000,-1.08863451402,-0.517101394161
0.609375000,-0.015625000,-1.14522522888,-0.543981983719
0.625000000,-0.015625000,-1.19793444760,-0.569018862609
0.640625000,-0.015625000,-1.24581412959,-0.591761711555
0.656250000,-0.015625000,-1.28781963816,-0.611714328126
0.671875000,-0.015625000,-1.32280418203,-0.628331986466
0.687500000,-0.015625000,-1.34951333159,-0.641018832505
0.703125000,-0.015625000,-1.36657968941,-0.649125352471
0.718750000,-0.015625000,-1.37251781164,-0.651945960528
0.734375000,-0.015625000,-1.36571949835,-0.648716761716
0.750000000,-0.015625000,-1.34444959376,-0.638613557036
0.765625000,-0.015625000,-1.30684247034,-0.620750173411
0.781250000,-0.015625000,-1.25089940372,-0.594177216768
0.796875000,-0.015625000,-1.17448708821,-0.557881366902
0.812500000,-0.015625000,-1.07533759582,-0.510785358013
0.828125000,-0.015625000,-0.951050139491,-0.451748816258
0.843750000,-0.015625000,-0.799095078373,-0.379570162227
0.859375000,-0.015625000,-0.616820687331,-0.292989826482
0.875000000,-0.015625000,-0.401463322661,-0.190695078264
0.890625000,-0.015625000,-0.150161742079,-0.0713268274873
0.906250000,-0.015625000,0.140023507322,0.0665111659777
0.921875000,-0.015625000,0.472084530685,0.224240152076
0.937500000,-0.015625000,0.849033027075,0.403290687861
0.953125000,-0.015625000,1.27385812365,0.605082608735
0.968750000,-0.015625000,1.74947315380,0.830999748056
0.984375000,-0.015625000,,
1.000000000,-0.015625000,,
-1.000000000,0.000000000,,
-0.984375000,0.000000000,,
-0.968750000,0.000000000,1.86807043297,0.887333455662
-0.953125000,0.000000000,1.38335366649,0.657092991584
-0.937500000,0.000000000,0.949998309596,0.451249197058
-0.921875000,0.000000000,0.565046467341,0.268397071987
-0.906250000,0.000000000,0.225468597954,0.107097584028
-0.890625000,0.000000000,-0.0717835842124,-0.0340972025009
-0.875000000,0.000000000,-0.329735253161,-0.156624245251
-0.859375000,0.000000000,-0.551355710710,-0.261893962587
-0.843750000,0.000000000,-0.739533113761,-0.351278229036
-0.828125000,0.000000000,-0.897055355829,-0.426101294019
-0.812500000,0.000000000,-1.02659600233,-0.487633101107
-0.796875000,0.000000000,-1.13070436300,-0.537084572424
-0.781250000,0.000000000,-1.21179894558,-0.575604499152
-0.765625000,0.000000000,-1.27216365773,-0.604277737423
-0.750000000,0.000000000,-1.31394623511,-0.624124461676
-0.734375000,0.000000000,-1.33915845943,-0.636100268230
-0.718750000,0.000000000,-1.34967780481,-0.641096957284
-0.703125000,0.000000000,-1.34725021170,-0.639943850556
-0.687500000,0.000000000,-1.33349373798,-0.633409525538
-0.671875000,0.000000000,-1.30990288108,-0.622203868514
-0.656250000,0.000000000,-1.27785339895,-0.606980364503
-0.640625000,0.000000000,-1.23860748799,-0.588338556795
-0.625000000,0.000000000,-1.19331920225,-0.566826621069
-0.609375000,0.000000000,-1.14304001551,-0.542944007365
-0.593750000,0.000000000,-1.08872445116,-0.517144114301
-0.578125000,0.000000000,-1.03123571287,-0.489836963615
-0.562500000,0.000000000,-0.971351266455,-0.461391851566
-0.546875000,0.000000000,-0.909768331522,-0.432139957473
-0.531250000,0.000000000,-0.847109249039,-0.402376893293
-0.515625000,0.000000000,-0.783926701196,-0.372365183068
-0.500000000,0.000000000,-0.720708762431,-0.342336662155
-0.484375000,0.000000000,-0.657883768608,-0.312494790089
-0.468750000,0.000000000,-0.595824992914,-0.283016871634
-0.453125000,0.000000000,-0.534855122695,-0.254056183280
-0.437500000,0.000000000,-0.475250531971,-0.225744002686
-0.421875000,0.000000000,-0.417245349974,-0.198191541238
-0.406250000,0.000000000,-0.361035323299,-0.171491778567
-0.390625000,0.000000000,-0.306781476269,-0.145721201228
-0.375000000,0.000000000,-0.254613570245,-0.120941445867
-0.359375000,0.000000000,-0.204633367326,-0.0972008494796
-0.343750000,0.000000000,-0.156917702575,-0.0745359087230
-0.328125000,0.000000000,-0.111521370410,-0.0529726509446
-0.312500000,0.000000000,-0.0684798303022,-0.0325279193936
-0.296875000,0.000000000,-0.0278117388661,-0.0132105759614
-0.281250000,0.000000000,0.0104786871504,0.00497737639646
-0.265625000,0.000000000,0.0463994685515,0.0220397475620
-0.250000000,0.000000000,0.0799688179586,0.0379851885303
-0.234375000,0.000000000,0.111213243061,0.0528262904540
-0.218750000,0.000000000,0.140165793878,0.0665787520920
-0.203125000,0.000000000,0.166864446806,0.0792606122331
-0.187500000,0.000000000,0.191350621360,0.0908915451462
-0.171875000,0.000000000,0.213667823929,0.101492216366
-0.156250000,0.000000000,0.233860412006,0.111083695703
-0.140625000,0.000000000,0.251972476517,0.119686926345
-0.125000000,0.000000000,0.268046835917,0.127322247061
-0.109375000,0.000000000,0.282124138813,0.134008965936
-0.093750000,0.000000000,0.294242071013,0.139764983731
-0.078125000,0.000000000,0.304434664499,0.144606465637
-0.062500000,0.000000000,0.312731703470,0.148547559148
-0.046875000,0.000000000,0.319158227990,0.151600158295
-0.031250000,0.000000000,0.323734128672,0.153773711119
-0.015625000,0.000000000,0.326473835198,0.155075071719
0.000000000,0.000000000,0.327386094009,0.155508394654
0.015625000,0.000000000,0.326473835198,0.155075071719
0.031250000,0.000000000,0.323734128672,0.153773711119
0.046875000,0.000000000,0.319158227990,0.151600158295
0.062500000,0.000000000,0.312731703470,0.148547559148
0.078125000,0.000000000,0.304434664499,0.144606465637
0.093750000,0.000000000,0.294242071013,0.139764983731
0.109375000,0.000000000,0.282124138813,0.134008965936
0.125000000,0.000000000,0.268046835917,0.127322247061
0.140625000,0.000000000,0.251972476517,0.119686926345
0.156250000,0.000000000,0.233860412006,0.111083695703
0.171875000,0.000000000,0.213667823929,0.101492216366
0.187500000,0.000000000,0.191350621360,0.0908915451462
0.203125000,0.000000000,0.166864446806,0.0792606122331
0.218750000,0.000000000,0.140165793878,0.0665787520920
0.234375000,0.000000000,0.111213243061,0.0528262904540
0.250000000,0.000000000,0.0799688179586,0.0379851885303
0.265625000,0.000000000,0.0463994685515,0.0220397475620
0.281250000,0.000000000,0.0104786871504,0.00497737639646
0.296875000,0.000000000,-0.0278117388661,-0.0132105759614
0.312500000,0.000000000,-0.0684798303022,-0.0325279193936
0.328125000,0.000000000,-0.111521370410,-0.0529726509446
0.343750000,0.000000000,-0.156917702575,-0.0745359087230
0.359375000,0.000000000,-0.204633367326,-0.0972008494796
0.375000000,0.000000000,-0.254613570245,-0.120941445867
0.390625000,0.000000000,-0.306781476269,-0.145721201228
0.406250000,0.000000000,-0.361035323299,-0.171491778567
0.421875000,0.000000000,-0.417245349974,-0.198191541238
0.437500000,0.000000000,-0.475250531971,-0.225744002686
0.453125000,0.000000000,-0.534855122695,-0.254056183280
0.468750000,0.000000000,-0.595824992914,-0.283016871634
0.484375000,0.000000000,-0.657883768608,-0.312494790089
0.500000000,0.000000000,-0.720708762431,-0.342336662155
0.515625000,0.000000000,-0.783926701196,-0.372365183068
0.531250000,0.000000000,-0.847109249039,-0.402376893293
0.546875000,0.000000000,-0.909768331522,-0.432139957473
0.562500000,0.000000000,-0.971351266455,-0.461391851566
0.578125000,0.000000000,-1.03123571287,-0.489836963615
0.593750000,0.000000000,-1.08872445116,-0.517144114301
0.609375000,0.000000000,-1.14304001551,-0.542944007365
0.625000000,0.000000000,-1.19331920225,-0.566826621069
0.640625000,0.000000000,-1.23860748799,-0.588338556795
0.656250000,0.000000000,-1.27785339895,-0.606980364503
0.671875000,0.000000000,-1.30990288108,-0.622203868514
0.687500000,0.000000000,-1.33349373798,-0.633409525538
0.703125000,0.000000000,-1.34725021170,-0.639943850556
0.718750000,0.000000000,-1.34967780481,-0.641096957284
0.734375000,0.000000000,-1.33915845943,-0.636100268230
0.750000000,0.000000000,-1.31394623511,-0.624124461676
0.765625000,0.000000000,-1.27216365773,-0.604277737423
0.781250000,0.000000000,-1.21179894558,-0.575604499152
0.796875000,0.000000000,-1.13070436300,-0.537084572424
0.812500000,0.000000000,-1.02659600233,-0.487633101107
0.828125000,0.000000000,-0.897055355829,-0.426101294019
0.843750000,0.000000000,-0.739533113761,-0.351278229036
0.859375000,0.000000000,-0.551355710710,-0.261893962587
0.875000000,0.000000000,-0.329735253161,-0.156624245251
0.890625000,0.000000000,-0.0717835842124,-0.0340972025009
0.906250000,0.000000000,0.225468597954,0.107097584028
0.921875000,0.000000000,0.565046467341,0.268397071987
0.937500000,0.000000000,0.949998309596,0.451249197058
0.953125000,0.000000000,1.38335366649,0.657092991584
0.968750000,0.000000000,1.86807043297,0.887333455662
0.984375000,0.000000000,,
1.000000000,0.000000000,,
-1.000000000,0.015625000,,
-0.984375000,0.015625000,,
-0.968750000,0.015625000,1.99868190084,0.949373902901
-0.953125000,0.015625000,1.50407484723,0.714435552435
-0.937500000,0.015625000,1.06141535194,0.504172292173
-0.921875000,0.015625000,0.667705426544,0.317160077608
-0.906250000,0.015625000,0.319878689764,0.151942377638
-0.890625000,0.015625000,0.0148530922583,0.00705521882270
-0.875000000,0.015625000,-0.250427418716,-0.118953023890
-0.859375000,0.015625000,-0.478960339499,-0.227506161262
-0.843750000,0.015625000,-0.673659538161,-0.319988280627
-0.828125000,0.015625000,-0.837336337623,-0.397734760371
-0.812500000,0.015625000,-0.972685645535,-0.462025681629
-0.796875000,0.015625000,-1.08227621728,-0.514081203206
-0.781250000,0.015625000,-1.16854428952,-0.555058537520
-0.765625000,0.015625000,-1.23378995477,-0.586050228518
-0.750000000,0.015625000,-1.28017575053,-0.608083481500
-0.734375000,0.015625000,-1.30972702861,-0.622120338587
-0.718750000,0.015625000,-1.32433374205,-0.629058527472
-0.703125000,0.015625000,-1.32575334854,-0.629732840555
-0.687500000,0.015625000,-1.31561458130,-0.624916926116
-0.671875000,0.015625000,-1.29542187982,-0.615325392913
-0.656250000,0.015625000,-1.26656030994,-0.601616147221
-0.640625000,0.015625000,-1.23030083155,-0.584392894986
-0.625000000,0.015625000,-1.18780579721,-0.564207753674
-0.609375000,0.015625000,-1.14013458677,-0.541563928716
-0.593750000,0.015625000,-1.08824929987,-0.516918417440
-0.578125000,0.015625000,-1.03302044204,-0.490684709967
-0.562500000,0.015625000,-0.975232555210,-0.463235463725
-0.546875000,0.015625000,-0.915589749903,-0.434905131204
-0.531250000,0.015625000,-0.854721108293,-0.405992526439
-0.515625000,0.015625000,-0.793185932397,-0.376763317889
-0.500000000,0.015625000,-0.731478819165,-0.347452439103
-0.484375000,0.015625000,-0.670034547332,-0.318266409983
-0.468750000,0.015625000,-0.609232767452,-0.289385564540
-0.453125000,0.015625000,-0.549402487744,-0.260966181678
-0.437500000,0.015625000,-0.490826352915,-0.233142517634
-0.421875000,0.015625000,-0.433744713668,-0.206028738992
-0.406250000,0.015625000,-0.378359488516,-0.179720757045
-0.390625000,0.015625000,-0.324837820149,-0.154297964571
-0.375000000,0.015625000,-0.273315527809,-0.129824875709
-0.359375000,0.015625000,-0.223900363137,-0.106352672490
-0.343750000,0.015625000,-0.176675071577,-0.0839206589991
-0.328125000,0.015625000,-0.131700266248,-0.0625576264680
-0.312500000,0.015625000,-0.0890171212660,-0.0422831326013
-0.296875000,0.015625000,-0.0486498879785,-0.0231086967898
-0.281250000,0.015625000,-0.0106082440447,-0.00503891592121
-0.265625000,0.015625000,0.0251105214781,0.0119274977021
-0.250000000,0.015625000,0.0585194780880,0.0277967520918
-0.234375000,0.015625000,0.0896401739967,0.0425790826484
-0.218750000,0.015625000,0.118500899874,0.0562879274399
-0.203125000,0.015625000,0.145135089590,0.0689391675555
-0.187500000,0.015625000,0.169579853018,0.0805504301837
-0.171875000,0.015625000,0.191874635425,0.0911404518270
-0.156250000,0.015625000,0.212059997073,0.100728498610
-0.140625000,0.015625000,0.230176509734,0.109333842124
-0.125000000,0.015625000,0.246263764301,0.116975288043
-0.109375000,0.015625000,0.260359485953,0.123670755828
-0.093750000,0.015625000,0.272498753007,0.129436907678
-0.078125000,0.015625000,0.282713315784,0.134288824997
-0.062500000,0.015625000,0.291031012284,0.138239730835
-0.046875000,0.015625000,0.297475278921,0.141300757488
-0.031250000,0.015625000,0.302064752652,0.143480757510
-0.015625000,0.015625000,0.304812963793,0.144786157802
0.000000000,0.015625000,0.305728117614,0.145220855867
0.015625000,0.015625000,0.304812963793,0.144786157802
0.031250000,0.015625000,0.302064752652,0.143480757510
0.046875000,0.015625000,0.297475278921,0.141300757488
0.062500000,0.015625000,0.291031012284,0.138239730835
0.078125000,0.015625000,0.282713315784,0.134288824997
0.093750000,0.015625000,0.272498753007,0.129436907678
0.109375000,0.015625000,0.260359485953,0.123670755828
0.125000000,0.015625000,0.246263764301,0.116975288043
0.140625000,0.015625000,0.230176509734,0.109333842124
0.156250000,0.015625000,0.212059997073,0.100728498610
0.171875000,0.015625000,0.191874635425,0.0911404518270
0.187500000,0.015625000,0.169579853018,0.0805504301837
0.203125000,0.015625000,0.145135089590,0.0689391675555
0.218750000,0.015625000,0.118500899874,0.0562879274399
0.234375000,0.015625000,0.0896401739967,0.0425790826484
0.250000000,0.015625000,0.0585194780880,0.0277967520918
0.265625000,0.015625000,0.0251105214781,0.0119274977021
0.281250000,0.015625000,-0.0106082440447,-0.00503891592121
0.296875000,0.015625000,-0.0486498879785,-0.0231086967898
0.312500000,0.015625000,-0.0890171212660,-0.0422831326013
0.328125000,0.015625000,-0.131700266248,-0.0625576264680
0.343750000,0.015625000,-0.176675071577,-0.0839206589991
0.359375000,0.015625000,-0.223900363137,-0.106352672490
0.375000000,0.015625000,-0.273315527809,-0.129824875709
0.390625000,0.015625000,-0.324837820149,-0.154297964571
0.406250000,0.015625000,-0.378359488516,-0.179720757045
0.421875000,0.015625000,-0.433744713668,-0.206028738992
0.437500000,0.015625000,-0.490826352915,-0.233142517634
0.453125000,0.015625000,-0.549402487744,-0.260966181678
0.468750000,0.015625000,-0.609232767452,-0.289385564540
0.484375000,0.015625000,-0.670034547332,-0.318266409983
0.500000000,0.015625000,-0.731478819165,-0.347452439103
0.515625000,0.015625000,-0.793185932397,-0.376763317889
0.531250000,0.015625000,-0.854721108293,-0.405992526439
0.546875000,0.015625000,-0.915589749903,-0.434905131204
0.562500000,0.015625000,-0.975232555210,-0.463235463725
0.578125000,0.015625000,-1.03302044204,-0.490684709967
0.593750000,0.015625000,-1.08824929987,-0.516918417440
0.609375000,0.015625000,-1.14013458677,-0.541563928716
0.625000000,0.015625000,-1.18780579721,-0.564207753674
0.640625000,0.015625000,-1.23030083155,-0.584392894986
0.656250000,0.015625000,-1.26656030994,-0.601616147221
0.671875000,0.015625000,-1.29542187982,-0.615325392913
0.687500000,0.015625000,-1.31561458130,-0.624916926116
0.703125000,0.015625000,-1.32575334854,-0.629732840555
0.718750000,0.015625000,-1.32433374205,-0.629058527472
0.734375000,0.015625000,-1.30972702861,-0.622120338587
0.750000000,0.015625000,-1.28017575053,-0.608083481500
0.765625000,0.015625000,-1.23378995477,-0.586050228518
0.781250000,0.015625000,-1.16854428952,-0.555058537520
0.796875000,0.015625000,-1.08227621728,-0.514081203206
0.812500000,0.015625000,-0.972685645535,-0.462025681629
0.828125000,0.015625000,-0.837336337623,-0.397734760371
0.843750000,0.015625000,-0.673659538161,-0.319988280627
0.859375000,0.015625000,-0.478960339499,-0.227506161262
0.875000000,0.015625000,-0.250427418716,-0.118953023890
0.890625000,0.015625000,0.0148530922583,0.00705521882270
0.906250000,0.015625000,0.319878689764,0.151942377638
0.921875000,0.015625000,0.667705426544,0.317160077608
0.937500000,0.015625000,1.06141535194,0.504172292173
0.953125000,0.015625000,1.50407484723,0.714435552435
0.968750000,0.015625000,1.99868190084,0.949373902901
0.984375000,0.015625000,,
1.000000000,0.015625000,,
-1.000000000,0.031250000,,
-0.984375000,0.031250000,,
-0.968750000,0.031250000,2.14170072000,1.01730784200
-0.953125000,0.031250000,1.63637927617,0.777280156183
-0.937500000,0.031250000,1.18360813650,0.562213864839
-0.921875000,0.031250000,0.780353664593,0.370667990682
-0.906250000,0.031250000,0.423516184765,0.201170187763
-0.890625000,0.031250000,0.109982671725,0.0522417690693
-0.875000000,0.031250000,-0.163331657248,-0.0775825371930
-0.859375000,0.031250000,-0.399450881934,-0.189739168919
-0.843750000,0.031250000,-0.601313426257,-0.285623877472
-0.828125000,0.031250000,-0.771753270257,-0.366582803372
-0.812500000,0.031250000,-0.913486217871,-0.433905953489
-0.796875000,0.031250000,-1.02910029889,-0.488822641971
-0.781250000,0.031250000,-1.12104954128,-0.532498532106
-0.765625000,0.031250000,-1.19165048165,-0.566033978784
-0.750000000,0.031250000,-1.24308088601,-0.590463420853
-0.734375000,0.031250000,-1.27738024421,-0.606755616001
-0.718750000,0.031250000,-1.29645167548,-0.615814545852
-0.703125000,0.031250000,-1.30206494309,-0.618480847970
-0.687500000,0.031250000,-1.29586032805,-0.615533655822
-0.671875000,0.031250000,-1.27935315524,-0.607692748738
-0.656250000,0.031250000,-1.25393880076,-0.595620930359
-0.640625000,0.031250000,-1.22089803824,-0.579926568166
-0.625000000,0.031250000,-1.18140260935,-0.561166239439
-0.609375000,0.031250000,-1.13652092171,-0.539847437812
-0.593750000,0.031250000,-1.08722379760,-0.516431303862
-0.578125000,0.031250000,-1.03439020988,-0.491335349694
-0.562500000,0.031250000,-0.978812954954,-0.464936153603
-0.546875000,0.031250000,-0.921204221199,-0.437572005070
-0.531250000,0.031250000,-0.862201022782,-0.409545485821
-0.515625000,0.031250000,-0.802370472973,-0.381125974662
-0.500000000,0.031250000,-0.742214878724,-0.352552067394
-0.484375000,0.031250000,-0.682176642680,-0.324033905273
-0.468750000,0.031250000,-0.622642964132,-0.295755407962
-0.453125000,0.031250000,-0.563950331275,-0.267876407356
-0.437500000,0.031250000,-0.506388802701,-0.240534681283
-0.421875000,0.031250000,-0.450206077088,-0.213847886617
-0.406250000,0.031250000,-0.395611351367,-0.187915391899
-0.390625000,0.031250000,-0.342778970315,-0.162820010900
-0.375000000,0.031250000,-0.291851872025,-0.138629639212
-0.359375000,0.031250000,-0.242944831631,-0.115398795025
-0.343750000,0.031250000,-0.196147510972,-0.0931700677119
-0.328125000,0.031250000,-0.151527319255,-0.0719754766463
-0.312500000,0.031250000,-0.109132089975,-0.0518377427379
-0.296875000,0.031250000,-0.0689925823866,-0.0327714766336
-0.281250000,0.031250000,-0.0311248123822,-0.0147842858816
-0.265625000,0.031250000,0.00446777893388,0.00212219499359
-0.250000000,0.031250000,0.0377923131633,0.0179513487525
-0.234375000,0.031250000,0.0688646132912,0.0327106913133
-0.218750000,0.031250000,0.0977074844972,0.0464110551362
-0.203125000,0.031250000,0.124349133261,0.0590658382991
-0.187500000,0.031250000,0.148821717252,0.0706903156949
-0.171875000,0.031250000,0.171160021183,0.0813010100621
-0.156250000,0.031250000,0.191400253236,0.0909151202869
-0.140625000,0.031250000,0.209578956020,0.0995500041094
-0.125000000,0.031250000,0.225732029005,0.107222713777
-0.109375000,0.031250000,0.239893857071,0.113949582109
-0.093750000,0.031250000,0.252096541265,0.119745857101
-0.078125000,0.031250000,0.262369228758,0.124625383660
-0.062500000,0.031250000,0.270737538274,0.128600330680
-0.046875000,0.031250000,0.277223078826,0.131680962442
-0.031250000,0.031250000,0.281843058848,0.133875452953
-0.015625000,0.031250000,0.284609984546,0.135189742659
0.000000000,0.031250000,0.285531445061,0.135627436404
0.015625000,0.031250000,0.284609984546,0.135189742659
0.031250000,0.031250000,0.281843058848,0.133875452953
0.046875000,0.031250000,0.277223078826,0.131680962442
0.062500000,0.031250000,0.270737538274,0.128600330680
0.078125000,0.031250000,0.262369228758,0.124625383660
0.093750000,0.031250000,0.252096541265,0.119745857101
0.109375000,0.031250000,0.239893857071,0.113949582109
0.125000000,0.031250000,0.225732029005,0.107222713777
0.140625000,0.031250000,0.209578956020,0.0995500041094
0.156250000,0.031250000,0.191400253236,0.0909151202869
0.171875000,0.031250000,0.171160021183,0.0813010100621
0.187500000,0.031250000,0.148821717252,0.0706903156949
0.203125000,0.031250000,0.124349133261,0.0590658382991
0.218750000,0.031250000,0.0977074844972,0.0464110551362
0.234375000,0.031250000,0.0688646132912,0.0327106913133
0.250000000,0.031250000,0.0377923131633,0.0179513487525
0.265625000,0.031250000,0.00446777893388,0.00212219499359
0.281250000,0.031250000,-0.0311248123822,-0.0147842858816
0.296875000,0.031250000,-0.0689925823866,-0.0327714766336
0.312500000,0.031250000,-0.109132089975,-0.0518377427379
0.328125000,0.031250000,-0.151527319255,-0.0719754766463
0.343750000,0.031250000,-0.196147510972,-0.0931700677119
0.359375000,0.031250000,-0.242944831631,-0.115398795025
0.375000000,0.031250000,-0.291851872025,-0.138629639212
0.390625000,0.031250000,-0.342778970315,-0.162820010900
0.406250000,0.031250000,-0.395611351367,-0.187915391899
0.421875000,0.031250000,-0.450206077088,-0.213847886617
0.437500000,0.031250000,-0.506388802701,-0.240534681283
0.453125000,0.031250000,-0.563950331275,-0.267876407356
0.468750000,0.031250000,-0.622642964132,-0.295755407962
0.484375000,0.031250000,-0.682176642680,-0.324033905273
0.500000000,0.031250000,-0.742214878724,-0.352552067394
0.515625000,0.031250000,-0.802370472973,-0.381125974662
0.531250000,0.031250000,-0.862201022782,-0.409545485821
0.546875000,0.031250000,-0.921204221199,-0.437572005070
0.562500000,0.031250000,-0.978812954954,-0.464936153603
0.578125000,0.031250000,-1.03439020988,-0.491335349694
0.593750000,0.031250000,-1.08722379760,-0.516431303862
0.609375000,0.031250000,-1.13652092171,-0.539847437812
0.625000000,0.031250000,-1.18140260935,-0.561166239439
0.640625000,0.031250000,-1.22089803824,-0.579926568166
0.656250000,0.031250000,-1.25393880076,-0.595620930359
0.671875000,0.031250000,-1.27935315524,-0.607692748738
0.687500000,0.031250000,-1.29586032805,-0.615533655822
0.703125000,0.031250000,-1.30206494309,-0.618480847970
0.718750000,0.031250000,-1.29645167548,-0.615814545852
0.734375000,0.031250000,-1.27738024421,-0.606755616001
0.750000000,0.031250000,-1.24308088601,-0.590463420853
0.765625000,0.031250000,-1.19165048165,-0.566033978784
0.781250000,0.031250000,-1.12104954128,-0.532498532106
0.796875000,0.031250000,-1.02910029889,-0.488822641971
0.812500000,0.031250000,-0.913486217871,-0.433905953489
0.828125000,0.031250000,-0.771753270257,-0.366582803372
0.843750000,0.031250000,-0.601313426257,-0.285623877472
0.859375000,0.031250000,-0.399450881934,-0.189739168919
0.875000000,0.031250000,-0.163331657248,-0.0775825371930
0.890625000,0.031250000,0.109982671725,0.0522417690693
0.906250000,0.031250000,0.423516184765,0.201170187763
0.921875000,0.031250000,0.780353664593,0.370667990682
0.937500000,0.031250000,1.18360813650,0.562213864839
0.953125000,0.031250000,1.63637927617,0.777280156183
0.968750000,0.031250000,2.14170072000,1.01730784200
0.984375000,0.031250000,,
1.000000000,0.031250000,,
-1.000000000,0.046875000,,
-0.984375000,0.046875000,,
-0.968750000,0.046875000,,
-0.953125000,0.046875000,1.78064847842,0.845808027249
-0.937500000,0.046875000,1.31692472998,0.625539246739
-0.921875000,0.046875000,0.903307507450,0.429071066039
-0.906250000,0.046875000,0.536667387788,0.254917009199
-0.890625000,0.046875000,0.213863148876,0.101584995716
-0.875000000,0.046875000,-0.0682165903164,-0.0324028804003
-0.859375000,0.046875000,-0.312620907165,-0.148494930904
-0.843750000,0.046875000,-0.522311655529,-0.248098036376
-0.828125000,0.046875000,-0.700144736981,-0.332568750066
-0.812500000,0.046875000,-0.848856444662,-0.403206811214
-0.796875000,0.046875000,-0.971053953915,-0.461250628110
-0.781250000,0.046875000,-1.06920919144,-0.507874365933
-0.765625000,0.046875000,-1.14565544460,-0.544186336186
-0.750000000,0.046875000,-1.20258618312,-0.571228436982
-0.734375000,0.046875000,-1.24205565295,-0.589976435151
-0.718750000,0.046875000,-1.26598087824,-0.601340917163
-0.703125000,0.046875000,-1.27614476713,-0.606168764386
-0.687500000,0.046875000,-1.27420007347,-0.605245034900
-0.671875000,0.046875000,-1.26167400347,-0.599295151650
-0.656250000,0.046875000,-1.23997329813,-0.588987316611
-0.640625000,0.046875000,-1.21038964851,-0.574935083042
-0.625000000,0.046875000,-1.17410532783,-0.557700030718
-0.609375000,0.046875000,-1.13219894547,-0.537794499098
-0.593750000,0.046875000,-1.08565124523,-0.515684341483
-0.578125000,0.046875000,-1.03535088375,-0.491791669779
-0.562500000,0.046875000,-0.982100141348,-0.466497567140
-0.546875000,0.046875000,-0.926620521726,-0.440144747820
-0.531250000,0.046875000,-0.869558212015,-0.413040150707
-0.515625000,0.046875000,-0.811489376568,-0.385457453870
-0.500000000,0.046875000,-0.752925268535,-0.357639502554
-0.484375000,0.046875000,-0.694317143179,-0.329800643010
-0.468750000,0.046875000,-0.636060966289,-0.302128958987
-0.453125000,0.046875000,-0.578501910458,-0.274788407467
-0.437500000,0.046875000,-0.521938636733,-0.247920852448
-0.421875000,0.046875000,-0.466627361426,-0.221647996678
-0.406250000,0.046875000,-0.412785708696,-0.196073211630
-0.390625000,0.046875000,-0.360596351722,-0.171283267068
-0.375000000,0.046875000,-0.310210447467,-0.147349962547
-0.359375000,0.046875000,-0.261750867857,-0.124331662232
-0.343750000,0.046875000,-0.215315235845,-0.102274737026
-0.328125000,0.046875000,-0.170978769539,-0.0812149155312
-0.312500000,0.046875000,-0.128796942614,-0.0611785477415
-0.296875000,0.046875000,-0.0888079682389,-0.0421837849135
-0.281250000,0.046875000,-0.0510351112496,-0.0242416778436
-0.265625000,0.046875000,-0.0154888378859,-0.00735719799581
-0.250000000,0.046875000,0.0178311918642,0.00846981613551
-0.234375000,0.046875000,0.0489342812784,0.0232437836072
-0.218750000,0.046875000,0.0778369978443,0.0369725739761
-0.203125000,0.046875000,0.104561610728,0.0496667650960
-0.187500000,0.046875000,0.129134659555,0.0613389632885
-0.171875000,0.046875000,0.151585647432,0.0720031825301
-0.156250000,0.046875000,0.171945855236,0.0816742812372
-0.140625000,0.046875000,0.190247268157,0.0903674523745
-0.125000000,0.046875000,0.206521613867,0.0980977665867
-0.109375000,0.046875000,0.220799504727,0.104879764746
-0.093750000,0.046875000,0.233109681697,0.110727098806
-0.078125000,0.046875000,0.243478355580,0.115652218901
-0.062500000,0.046875000,0.251928643020,0.119666105435
-0.046875000,0.046875000,0.258480093694,0.122778044505
-0.031250000,0.046875000,0.263148306780,0.124995445720
-0.015625000,0.046875000,0.265944634860,0.126323701559
0.000000000,0.046875000,0.266875973454,0.126766087391
0.015625000,0.046875000,0.265944634860,0.126323701559
0.031250000,0.046875000,0.263148306780,0.124995445720
0.046875000,0.046875000,0.258480093694,0.122778044505
0.062500000,0.046875000,0.251928643020,0.119666105435
0.078125000,0.046875000,0.243478355580,0.115652218901
0.093750000,0.046875000,0.233109681697,0.110727098806
0.109375000,0.046875000,0.220799504727,0.104879764746
0.125000000,0.046875000,0.206521613867,0.0980977665867
0.140625000,0.046875000,0.190247268157,0.0903674523745
0.156250000,0.046875000,0.171945855236,0.0816742812372
0.171875000,0.046875000,0.151585647432,0.0720031825301
0.187500000,0.046875000,0.129134659555,0.0613389632885
0.203125000,0.046875000,0.104561610728,0.0496667650960
0.218750000,0.046875000,0.0778369978443,0.0369725739761
0.234375000,0.046875000,0.0489342812784,0.0232437836072
0.250000000,0.046875000,0.0178311918642,0.00846981613551
0.265625000,0.046875000,-0.0154888378859,-0.00735719799581
0.281250000,0.046875000,-0.0510351112496,-0.0242416778436
0.296875000,0.046875000,-0.0888079682389,-0.0421837849135
0.312500000,0.046875000,-0.128796942614,-0.0611785477415
0.328125000,0.046875000,-0.170978769539,-0.0812149155312
0.343750000,0.046875000,-0.215315235845,-0.102274737026
0.359375000,0.046875000,-0.261750867857,-0.124331662232
0.375000000,0.046875000,-0.310210447467,-0.147349962547
0.390625000,0.046875000,-0.360596351722,-0.171283267068
0.406250000,0.046875000,-0.412785708696,-0.196073211630
0.421875000,0.046875000,-0.466627361426,-0.221647996678
0.437500000,0.046875000,-0.521938636733,-0.247920852448
0.453125000,0.046875000,-0.578501910458,-0.274788407467
0.468750000,0.046875000,-0.636060966289,-0.302128958987
0.484375000,0.046875000,-0.694317143179,-0.329800643010
0.500000000,0.046875000,-0.752925268535,-0.357639502554
0.515625000,0.046875000,-0.811489376568,-0.385457453870
0.531250000,0.046875000,-0.869558212015,-0.413040150707
0.546875000,0.046875000,-0.926620521726,-0.440144747820
0.562500000,0.046875000,-0.982100141348,-0.466497567140
0.578125000,0.046875000,-1.03535088375,-0.491791669779
0.593750000,0.046875000,-1.08565124523,-0.515684341483
0.609375000,0.046875000,-1.13219894547,-0.537794499098
0.625000000,0.046875000,-1.17410532783,-0.557700030718
0.640625000,0.046875000,-1.21038964851,-0.574935083042
0.656250000,0.046875000,-1.23997329813,-0.588987316611
0.671875000,0.046875000,-1.26167400347,-0.599295151650
0.687500000,0.046875000,-1.27420007347,-0.605245034900
0.703125000,0.046875000,-1.27614476713,-0.606168764386
0.718750000,0.046875000,-1.26598087824,-0.601340917163
0.734375000,0.046875000,-1.24205565295,-0.589976435151
0.750000000,0.046875000,-1.20258618312,-0.571228436982
0.765625000,0.046875000,-1.14565544460,-0.544186336186
0.781250000,0.046875000,-1.06920919144,-0.507874365933
0.796875000,0.046875000,-0.971053953915,-0.461250628110
0.812500000,0.046875000,-0.848856444662,-0.403206811214
0.828125000,0.046875000,-0.700144736981,-0.332568750066
0.843750000,0.046875000,-0.522311655529,-0.248098036376
0.859375000,0.046875000,-0.312620907165,-0.148494930904
0.875000000,0.046875000,-0.0682165903164,-0.0324028804003
0.890625000,0.046875000,0.213863148876,0.101584995716
0.906250000,0.046875000,0.536667387788,0.254917009199
0.921875000,0.046875000,0.903307507450,0.429071066039
0.937500000,0.046875000,1.31692472998,0.625539246739
0.953125000,0.046875000,1.78064847842,0.845808027249
0.968750000,0.046875000,,
0.984375000,0.046875000,,
1.000000000,0.046875000,,
-1.000000000,0.062500000,,
-0.984375000,0.062500000,,
-0.968750000,0.062500000,,
-0.953125000,0.062500000,1.93729103339,0.920213240858
-0.937500000,0.062500000,1.46174037155,0.694326676485
-0.921875000,0.062500000,1.03691037926,0.492532430147
-0.906250000,0.062500000,0.659645469014,0.313331597782
-0.890625000,0.062500000,0.326779020189,0.155220034590
-0.875000000,0.062500000,0.0351751916756,0.0167082160459
-0.859375000,0.062500000,-0.218238509787,-0.103663292149
-0.843750000,0.062500000,-0.436446256408,-0.207311971794
-0.828125000,0.062500000,-0.622325155633,-0.295604448926
-0.812500000,0.062500000,-0.778631609894,-0.369850014700
-0.796875000,0.062500000,-0.907991843944,-0.431296125873
-0.781250000,0.062500000,-1.01289582616,-0.481125517424
-0.765625000,0.062500000,-1.09569394108,-0.520454622012
-0.750000000,0.062500000,-1.15859588019,-0.550333043088
-0.734375000,0.062500000,-1.20367130822,-0.571743871405
-0.718750000,0.062500000,-1.23285193870,-0.585604670882
-0.703125000,0.062500000,-1.24793471286,-0.592768988608
-0.687500000,0.062500000,-1.25058583097,-0.594028269712
-0.671875000,0.062500000,-1.24234542640,-0.590114077539
-0.656250000,0.062500000,-1.22463271046,-0.581700537469
-0.640625000,0.062500000,-1.19875144547,-0.569406936600
-0.625000000,0.062500000,-1.16589563010,-0.553800424299
-0.609375000,0.062500000,-1.12715530072,-0.535398767841
-0.593750000,0.062500000,-1.08352237174,-0.514673126578
-0.578125000,0.062500000,-1.03589645152,-0.492050814471
-0.562500000,0.062500000,-0.985090584017,-0.467918027408
-0.546875000,0.062500000,-0.931836875433,-0.442622515831
-0.531250000,0.062500000,-0.876791976047,-0.416476188622
-0.515625000,0.062500000,-0.820542390746,-0.389757635605
-0.500000000,0.062500000,-0.763609602734,-0.362714561299
-0.484375000,0.062500000,-0.706454995801,-0.335566123006
-0.468750000,0.062500000,-0.649484566822,-0.308505169240
-0.453125000,0.062500000,-0.593053422902,-0.281700375878
-0.437500000,0.062500000,-0.537470060835,-0.255298278896
-0.421875000,0.062500000,-0.483000428195,-0.229425203393
-0.406250000,0.062500000,-0.429871767982,-0.204189089791
-0.390625000,0.062500000,-0.378276248978,-0.179681218265
-0.375000000,0.062500000,-0.328374388095,-0.155977834345
-0.359375000,0.062500000,-0.280298267035,-0.133141676842
-0.343750000,0.062500000,-0.234154551576,-0.111223411998
-0.328125000,0.062500000,-0.190027318845,-0.0902629764515
-0.312500000,0.062500000,-0.147980699056,-0.0702908320515
-0.296875000,0.062500000,-0.108061339377,-0.0513291362038
-0.281250000,0.062500000,-0.0703006966298,-0.0333928308992
-0.265625000,0.062500000,-0.0347171663680,-0.0164906540248
-0.250000000,0.062500000,-0.00131805434036,-0.000626075811671
-0.234375000,0.062500000,0.0298986011571,0.0142018355496
-0.218750000,0.062500000,0.0589423505198,0.0279976164969
-0.203125000,0.062500000,0.0858287908081,0.0407686756339
-0.187500000,0.062500000,0.110578153841,0.0525246230744
-0.171875000,0.062500000,0.133214018615,0.0632766588422
-0.156250000,0.062500000,0.153762143027,0.0730370179376
-0.140625000,0.062500000,0.172249408167,0.0818184688792
-0.125000000,0.062500000,0.188702872555,0.0896338644634
-0.109375000,0.062500000,0.203148928655,0.0964957411111
-0.093750000,0.062500000,0.215612561101,0.102415966523
-0.078125000,0.062500000,0.226116699689,0.107405432352
-0.062500000,0.062500000,0.234681666274,0.111473791480
-0.046875000,0.062500000,0.241324711042,0.114629237745
-0.031250000,0.062500000,0.246059636721,0.116878327443
-0.015625000,0.062500000,0.248896508687,0.118225841626
0.000000000,0.062500000,0.249841447924,0.118674687764
0.015625000,0.062500000,0.248896508687,0.118225841626
0.031250000,0.062500000,0.246059636721,0.116878327443
0.046875000,0.062500000,0.241324711042,0.114629237745
0.062500000,0.062500000,0.234681666274,0.111473791480
0.078125000,0.062500000,0.226116699689,0.107405432352
0.093750000,0.062500000,0.215612561101,0.102415966523
0.109375000,0.062500000,0.203148928655,0.0964957411111
0.125000000,0.062500000,0.188702872555,0.0896338644634
0.140625000,0.062500000,0.172249408167,0.0818184688792
0.156250000,0.062500000,0.153762143027,0.0730370179376
0.171875000,0.062500000,0.133214018615,0.0632766588422
0.187500000,0.062500000,0.110578153841,0.0525246230744
0.203125000,0.062500000,0.0858287908081,0.0407686756339
0.218750000,0.062500000,0.0589423505198,0.0279976164969
0.234375000,0.062500000,0.0298986011571,0.0142018355496
0.250000000,0.062500000,-0.00131805434036,-0.000626075811671
0.265625000,0.062500000,-0.0347171663680,-0.0164906540248
0.281250000,0.062500000,-0.0703006966298,-0.0333928308992
0.296875000,0.062500000,-0.108061339377,-0.0513291362038
0.312500000,0.062500000,-0.147980699056,-0.0702908320515
0.328125000,0.062500000,-0.190027318845,-0.0902629764515
0.343750000,0.062500000,-0.234154551576,-0.111223411998
0.359375000,0.062500000,-0.280298267035,-0.133141676842
0.375000000,0.062500000,-0.328374388095,-0.155977834345
0.390625000,0.062500000,-0.378276248978,-0.179681218265
0.406250000,0.062500000,-0.429871767982,-0.204189089791
0.421875000,0.062500000,-0.483000428195,-0.229425203393
0.437500000,0.062500000,-0.537470060835,-0.255298278896
0.453125000,0.062500000,-0.593053422902,-0.281700375878
0.468750000,0.062500000,-0.649484566822,-0.308505169240
0.484375000,0.062500000,-0.706454995801,-0.335566123006
0.500000000,0.062500000,-0.763609602734,-0.362714561299
0.515625000,0.062500000,-0.820542390746,-0.389757635605
0.531250000,0.062500000,-0.876791976047,-0.416476188622
0.546875000,0.062500000,-0.931836875433,-0.442622515831
0.562500000,0.062500000,-0.985090584017,-0.467918027408
0.578125000,0.062500000,-1.03589645152,-0.492050814471
0.593750000,0.062500000,-1.08352237174,-0.514673126578
0.609375000,0.062500000,-1.12715530072,-0.535398767841
0.625000000,0.062500000,-1.16589563010,-0.553800424299
0.640625000,0.062500000,-1.19875144547,-0.569406936600
0.656250000,0.062500000,-1.22463271046,-0.581700537469
0.671875000,0.062500000,-1.24234542640,-0.590114077539
0.687500000,0.062500000,-1.25058583097,-0.594028269712
0.703125000,0.062500000,-1.24793471286,-0.592768988608
0.718750000,0.062500000,-1.23285193870,-0.585604670882
0.734375000,0.062500000,-1.20367130822,-0.571743871405
0.750000000,0.062500000,-1.15859588019,-0.550333043088
0.765625000,0.062500000,-1.09569394108,-0.520454622012
0.781250000,0.062500000,-1.01289582616,-0.481125517424
0.796875000,0.062500000,-0.907991843944,-0.431296125873
0.812500000,0.062500000,-0.778631609894,-0.369850014700
0.828125000,0.062500000,-0.622325155633,-0.295604448926
0.843750000,0.062500000,-0.436446256408,-0.207311971794
0.859375000,0.062500000,-0.218238509787,-0.103663292149
0.875000000,0.062500000,0.0351751916756,0.0167082160459
0.890625000,0.062500000,0.326779020189,0.155220034590
0.906250000,0.062500000,0.659645469014,0.313331597782
0.921875000,0.062500000,1.03691037926,0.492532430147
0.937500000,0.062500000,1.46174037155,0.694326676485
0.953125000,0.062500000,1.93729103339,0.920213240858
0.968750000,0.062500000,,
0.984375000,0.062500000,,
1.000000000,0.062500000,,
-1.000000000,0.078125000,,
-0.984375000,0.078125000,,
-0.968750000,0.078125000,,
-0.953125000,0.078125000,2.10674568991,1.00070420271
-0.937500000,0.078125000,1.61846054969,0.768768761104
-0.921875000,0.078125000,1.18153583085,0.561229519654
-0.906250000,0.078125000,0.792793434652,0.376576881460
-0.890625000,0.078125000,0.449044189314,0.213295989924
-0.875000000,0.078125000,0.147129963264,0.0698867325506
-0.859375000,0.078125000,-0.116043554550,-0.0551206884112
-0.843750000,0.078125000,-0.343481737976,-0.163153825538
-0.828125000,0.078125000,-0.538082190858,-0.255589040658
-0.812500000,0.078125000,-0.702621058978,-0.333745003015
-0.796875000,0.078125000,-0.839743540963,-0.398878181957
-0.781250000,0.078125000,-0.951957817303,-0.452179963219
-0.765625000,0.078125000,-1.04163174773,-0.494775080172
-0.750000000,0.078125000,-1.11099179877,-0.527721104416
-0.734375000,0.078125000,-1.16212375573,-0.552008783970
-0.718750000,0.078125000,-1.19697484826,-0.568563052924
-0.703125000,0.078125000,-1.21735698193,-0.578244566418
-0.687500000,0.078125000,-1.22495082310,-0.581851640973
-0.671875000,0.078125000,-1.22131052488,-0.580122499319
-0.656250000,0.078125000,-1.20786892193,-0.573737737915
-0.640625000,0.078125000,-1.18594305093,-0.563322949193
-0.625000000,0.078125000,-1.15673987889,-0.549451442472
-0.609375000,0.078125000,-1.12136214414,-0.532647018465
-0.593750000,0.078125000,-1.08081423090,-0.513386759677
-0.578125000,0.078125000,-1.03600801632,-0.492103807751
-0.562500000,0.078125000,-0.987768637483,-0.469190102804
-0.546875000,0.078125000,-0.936840140302,-0.444999066643
-0.531250000,0.078125000,-0.883890976791,-0.419848213976
-0.515625000,0.078125000,-0.829519329988,-0.394021681745
-0.500000000,0.078125000,-0.774258245413,-0.367772666571
-0.484375000,0.078125000,-0.718580558394,-0.341325765237
-0.468750000,0.078125000,-0.662903607805,-0.314879213707
-0.453125000,0.078125000,-0.607593731286,-0.288607022361
-0.437500000,0.078125000,-0.552970539299,-0.262661006167
-0.421875000,0.078125000,-0.499310967859,-0.237172709733
-0.406250000,0.078125000,-0.446853113130,-0.212255228737
-0.390625000,0.078125000,-0.395799849022,-0.188004928286
-0.375000000,0.078125000,-0.346322233644,-0.164503060981
-0.359375000,0.078125000,-0.298562710429,-0.141817287454
-0.343750000,0.078125000,-0.252638108792,-0.120003101676
-0.328125000,0.078125000,-0.208642451489,-0.0991051644575
-0.312500000,0.078125000,-0.166649576765,-0.0791585489632
-0.296875000,0.078125000,-0.126715580637,-0.0601899008025
-0.281250000,0.078125000,-0.0888810876876,-0.0422185166516
-0.265625000,0.078125000,-0.0531733583374,-0.0252573452103
-0.250000000,0.078125000,-0.0196082379550,-0.00931391302864
-0.234375000,0.078125000,0.0118080429380,0.00560882039555
-0.218750000,0.078125000,0.0410772116275,0.0195116755231
-0.203125000,0.078125000,0.0682074330080,0.0323985306788
-0.187500000,0.078125000,0.0932119177843,0.0442756609475
-0.171875000,0.078125000,0.116107655952,0.0551511365774
-0.156250000,0.078125000,0.136914266722,0.0650342766929
-0.140625000,0.078125000,0.155652961811,0.0739351568604
-0.125000000,0.078125000,0.172345615739,0.0818641674759
-0.109375000,0.078125000,0.187013938930,0.0888316209917
-0.093750000,0.078125000,0.199678749804,0.0948474061571
-0.078125000,0.078125000,0.210359340789,0.0999206868748
-0.062500000,0.078125000,0.219072936245,0.104059644716
-0.046875000,0.078125000,0.225834238580,0.107271263326
-0.031250000,0.078125000,0.230655060829,0.109561153894
-0.015625000,0.078125000,0.233544042277,0.110933420081
0.000000000,0.078125000,0.234506446722,0.111390562193
0.015625000,0.078125000,0.233544042277,0.110933420081
0.031250000,0.078125000,0.230655060829,0.109561153894
0.046875000,0.078125000,0.225834238580,0.107271263326
0.062500000,0.078125000,0.219072936245,0.104059644716
0.078125000,0.078125000,0.210359340789,0.0999206868748
0.093750000,0.078125000,0.199678749804,0.0948474061571
0.109375000,0.078125000,0.187013938930,0.0888316209917
0.125000000,0.078125000,0.172345615739,0.0818641674759
0.140625000,0.078125000,0.155652961811,0.0739351568604
0.156250000,0.078125000,0.136914266722,0.0650342766929
0.171875000,0.078125000,0.116107655952,0.0551511365774
0.187500000,0.078125000,0.0932119177843,0.0442756609475
0.203125000,0.078125000,0.0682074330080,0.0323985306788
0.218750000,0.078125000,0.0410772116275,0.0195116755231
0.234375000,0.078125000,0.0118080429380,0.00560882039555
0.250000000,0.078125000,-0.0196082379550,-0.00931391302864
0.265625000,0.078125000,-0.0531733583374,-0.0252573452103
0.281250000,0.078125000,-0.0888810876876,-0.0422185166516
0.296875000,0.078125000,-0.126715580637,-0.0601899008025
0.312500000,0.078125000,-0.166649576765,-0.0791585489632
0.328125000,0.078125000,-0.208642451489,-0.0991051644575
0.343750000,0.078125000,-0.252638108792,-0.120003101676
0.359375000,0.078125000,-0.298562710429,-0.141817287454
0.375000000,0.078125000,-0.346322233644,-0.164503060981
0.390625000,0.078125000,-0.395799849022,-0.188004928286
0.406250000,0.078125000,-0.446853113130,-0.212255228737
0.421875000,0.078125000,-0.499310967859,-0.237172709733
0.437500000,0.078125000,-0.552970539299,-0.262661006167
0.453125000,0.078125000,-0.607593731286,-0.288607022361
0.468750000,0.078125000,-0.662903607805,-0.314879213707
0.484375000,0.078125000,-0.718580558394,-0.341325765237
0.500000000,0.078125000,-0.774258245413,-0.367772666571
0.515625000,0.078125000,-0.829519329988,-0.394021681745
0.531250000,0.078125000,-0.883890976791,-0.419848213976
0.546875000,0.078125000,-0.936840140302,-0.444999066643
0.562500000,0.078125000,-0.987768637483,-0.469190102804
0.578125000,0.078125000,-1.03600801632,-0.492103807751
0.593750000,0.078125000,-1.08081423090,-0.513386759677
0.609375000,0.078125000,-1.12136214414,-0.532647018465
0.625000000,0.078125000,-1.15673987889,-0.549451442472
0.640625000,0.078125000,-1.18594305093,-0.563322949193
0.656250000,0.078125000,-1.20786892193,-0.573737737915
0.671875000,0.078125000,-1.22131052488,-0.580122499319
0.687500000,0.078125000,-1.22495082310,-0.581851640973
0.703125000,0.078125000,-1.21735698193,-0.578244566418
0.718750000,0.078125000,-1.19697484826,-0.568563052924
0.734375000,0.078125000,-1.16212375573,-0.552008783970
0.750000000,0.078125000,-1.11099179877,-0.527721104416
0.765625000,0.078125000,-1.04163174773,-0.494775080172
0.781250000,0.078125000,-0.951957817303,-0.452179963219
0.796875000,0.078125000,-0.839743540963,-0.398878181957
0.812500000,0.078125000,-0.702621058978,-0.333745003015
0.828125000,0.078125000,-0.538082190858,-0.255589040658
0.843750000,0.078125000,-0.343481737976,-0.163153825538
0.859375000,0.078125000,-0.116043554550,-0.0551206884112
0.875000000,0.078125000,0.147129963264,0.0698867325506
0.890625000,0.078125000,0.449044189314,0.213295989924
0.906250000,0.078125000,0.792793434652,0.376576881460
0.921875000,0.078125000,1.18153583085,0.561229519654
0.937500000,0.078125000,1.61846054969,0.768768761104
0.953125000,0.078125000,2.10674568991,1.00070420271
0.968750000,0.078125000,,
0.984375000,0.078125000,,
1.000000000,0.078125000,,
-1.000000000,0.093750000,,
-0.984375000,0.093750000,,
-0.968750000,0.093750000,,
-0.953125000,0.093750000,2.28948445073,1.08750511410
-0.937500000,0.093750000,1.78752406335,0.849073930089
-0.921875000,0.093750000,1.33759056426,0.635355518026
-0.906250000,0.093750000,0.936487103498,0.444831374161
-0.890625000,0.093750000,0.581004885658,0.275977320687
-0.875000000,0.093750000,0.267965715865,0.127283715036
-0.859375000,0.093750000,-0.00574489752884,-0.00272882632620
-0.843750000,0.093750000,-0.243152389853,-0.115497385180
-0.828125000,0.093750000,-0.447174141323,-0.212407717128
-0.812500000,0.093750000,-0.620605675208,-0.294787695724
-0.796875000,0.093750000,-0.766111098233,-0.363902771661
-0.781250000,0.093750000,-0.886216990066,-0.420953070281
-0.765625000,0.093750000,-0.983309086620,-0.467071816145
-0.750000000,0.093750000,-1.05963121179,-0.503324825598
-0.734375000,0.093750000,-1.11728600574,-0.530710852727
-0.718750000,0.093750000,-1.15823707718,-0.550162611659
-0.703125000,0.093750000,-1.18431226708,-0.562548326865
-0.687500000,0.093750000,-1.19720776877,-0.568673690163
-0.671875000,0.093750000,-1.19849289161,-0.569284123515
-0.656250000,0.093750000,-1.18961529229,-0.565067263839
-0.640625000,0.093750000,-1.17190653109,-0.556655602267
-0.625000000,0.093750000,-1.14658783383,-0.544629221069
-0.609375000,0.093750000,-1.11477596322,-0.529518582531
-0.593750000,0.093750000,-1.07748912130,-0.511807332619
-0.578125000,0.093750000,-1.03565281977,-0.491935089393
-0.562500000,0.093750000,-0.990105667334,-0.470300191984
-0.546875000,0.093750000,-0.941605034205,-0.447262391248
-0.531250000,0.093750000,-0.890832562181,-0.423145467036
-0.515625000,0.093750000,-0.838399497766,-0.398239761439
-0.500000000,0.093750000,-0.784851828370,-0.372804618476
-0.484375000,0.093750000,-0.730675210988,-0.347070725219
-0.468750000,0.093750000,-0.676299683553,-0.321242349688
-0.453125000,0.093750000,-0.622104155529,-0.295499473876
-0.437500000,0.093750000,-0.568420673417,-0.269999819873
-0.421875000,0.093750000,-0.515538463173,-0.244880770007
-0.406250000,0.093750000,-0.463707751249,-0.220261181843
-0.390625000,0.093750000,-0.413143367015,-0.196243099332
-0.375000000,0.093750000,-0.364028132611,-0.172913362990
-0.359375000,0.093750000,-0.316516044367,-0.150345121074
-0.343750000,0.093750000,-0.270735253620,-0.128599245470
-0.328125000,0.093750000,-0.226790853243,-0.107725655290
-0.312500000,0.093750000,-0.184767476619,-0.0877645513941
-0.296875000,0.093750000,-0.144731717334,-0.0687475657338
-0.281250000,0.093750000,-0.106734376918,-0.0506988290360
-0.265625000,0.093750000,-0.0708125473821,-0.0336359600065
-0.250000000,0.093750000,-0.0369915377880,-0.0175709804493
-0.234375000,0.093750000,-0.00528664992444,-0.00251115871411
-0.218750000,0.093750000,0.0242951875656,0.0115402140937
-0.203125000,0.093750000,0.0517539213427,0.0245831126378
-0.187500000,0.093750000,0.0770950045916,0.0366201271810
-0.171875000,0.093750000,0.100328150822,0.0476558716403
-0.156250000,0.093750000,0.121466204638,0.0576964472029
-0.140625000,0.093750000,0.140524123848,0.0667489588277
-0.125000000,0.093750000,0.157518067878,0.0748210822419
-0.109375000,0.093750000,0.172464587335,0.0819206789840
-0.093750000,0.093750000,0.185379910832,0.0880554576453
-0.078125000,0.093750000,0.196279325157,0.0932326794497
-0.062500000,0.093750000,0.205176644522,0.0974589061481
-0.046875000,0.093750000,0.212083767526,0.100739789575
-0.031250000,0.093750000,0.217010317164,0.103079900653
-0.015625000,0.093750000,0.219963363921,0.104482597863
0.000000000,0.093750000,0.220947228394,0.104949933487
0.015625000,0.093750000,0.219963363921,0.104482597863
0.031250000,0.093750000,0.217010317164,0.103079900653
0.046875000,0.093750000,0.212083767526,0.100739789575
0.062500000,0.093750000,0.205176644522,0.0974589061481
0.078125000,0.093750000,0.196279325157,0.0932326794497
0.093750000,0.093750000,0.185379910832,0.0880554576453
0.109375000,0.093750000,0.172464587335,0.0819206789840
0.125000000,0.093750000,0.157518067878,0.0748210822419
0.140625000,0.093750000,0.140524123848,0.0667489588277
0.156250000,0.093750000,0.121466204638,0.0576964472029
0.171875000,0.093750000,0.100328150822,0.0476558716403
0.187500000,0.093750000,0.0770950045916,0.0366201271810
0.203125000,0.093750000,0.0517539213427,0.0245831126378
0.218750000,0.093750000,0.0242951875656,0.0115402140937
0.234375000,0.093750000,-0.00528664992444,-0.00251115871411
0.250000000,0.093750000,-0.0369915377880,-0.0175709804493
0.265625000,0.093750000,-0.0708125473821,-0.0336359600065
0.281250000,0.093750000,-0.106734376918,-0.0506988290360
0.296875000,0.093750000,-0.144731717334,-0.0687475657338
0.312500000,0.093750000,-0.184767476619,-0.0877645513941
0.328125000,0.093750000,-0.226790853243,-0.107725655290
0.343750000,0.093750000,-0.270735253620,-0.128599245470
0.359375000,0.093750000,-0.316516044367,-0.150345121074
0.375000000,0.093750000,-0.364028132611,-0.172913362990
0.390625000,0.093750000,-0.413143367015,-0.196243099332
0.406250000,0.093750000,-0.463707751249,-0.220261181843
0.421875000,0.093750000,-0.515538463173,-0.244880770007
0.437500000,0.093750000,-0.568420673417,-0.269999819873
0.453125000,0.093750000,-0.622104155529,-0.295499473876
0.468750000,0.093750000,-0.676299683553,-0.321242349688
0.484375000,0.093750000,-0.730675210988,-0.347070725219
0.500000000,0.093750000,-0.784851828370,-0.372804618476
0.515625000,0.093750000,-0.838399497766,-0.398239761439
0.531250000,0.093750000,-0.890832562181,-0.423145467036
0.546875000,0.093750000,-0.941605034205,-0.447262391248
0.562500000,0.093750000,-0.990105667334,-0.470300191984
0.578125000,0.093750000,-1.03565281977,-0.491935089393
0.593750000,0.093750000,-1.07748912130,-0.511807332619
0.609375000,0.093750000,-1.11477596322,-0.529518582531
0.625000000,0.093750000,-1.14658783383,-0.544629221069
0.640625000,0.093750000,-1.17190653109,-0.556655602267
0.656250000,0.093750000,-1.18961529229,-0.565067263839
0.671875000,0.093750000,-1.19849289161,-0.569284123515
0.687500000,0.093750000,-1.19720776877,-0.568673690163
0.703125000,0.093750000,-1.18431226708,-0.562548326865
0.718750000,0.093750000,-1.15823707718,-0.550162611659
0.734375000,0.093750000,-1.11728600574,-0.530710852727
0.750000000,0.093750000,-1.05963121179,-0.503324825598
0.765625000,0.093750000,-0.983309086620,-0.467071816145
0.781250000,0.093750000,-0.886216990066,-0.420953070281
0.796875000,0.093750000,-0.766111098233,-0.363902771661
0.812500000,0.093750000,-0.620605675208,-0.294787695724
0.828125000,0.093750000,-0.447174141323,-0.212407717128
0.843750000,0.093750000,-0.243152389853,-0.115497385180
0.859375000,0.093750000,-0.00574489752884,-0.00272882632620
0.875000000,0.093750000,0.267965715865,0.127283715036
0.890625000,0.093750000,0.581004885658,0.275977320687
0.906250000,0.093750000,0.936487103498,0.444831374161
0.921875000,0.093750000,1.33759056426,0.635355518026
0.937500000,0.093750000,1.78752406335,0.849073930089
0.953125000,0.093750000,2.28948445073,1.08750511410
0.968750000,0.093750000,,
0.984375000,0.093750000,,
1.000000000,0.093750000,,
-1.000000000,0.109375000,,
-0.984375000,0.109375000,,
-0.968750000,0.109375000,,
-0.953125000,0.109375000,2.48601561883,1.18085741894
-0.937500000,0.109375000,1.96940606156,0.935467879241
-0.921875000,0.109375000,1.50551744918,0.715120788361
-0.906250000,0.109375000,1.09113808616,0.518290590924
-0.890625000,0.109375000,0.723042594027,0.343445232163
-0.875000000,0.109375000,0.398035027355,0.189066637994
-0.859375000,0.109375000,0.112982414380,0.0536666468305
-0.843750000,0.109375000,-0.135159558242,-0.0642007901649
-0.828125000,0.109375000,-0.349327298942,-0.165930466998
-0.812500000,0.109375000,-0.532335328491,-0.252859281033
-0.796875000,0.109375000,-0.686866592149,-0.326261631271
-0.781250000,0.109375000,-0.815466262331,-0.387346474607
-0.765625000,0.109375000,-0.920538366495,-0.437255724085
-0.750000000,0.109375000,-1.00434468805,-0.477063726826
-0.734375000,0.109375000,-1.06900548300,-0.507777604423
-0.718750000,0.109375000,-1.11650163258,-0.530338275475
-0.703125000,0.109375000,-1.14867791850,-0.545622011286
-0.687500000,0.109375000,-1.16724715991,-0.554442400957
-0.671875000,0.109375000,-1.17379499891,-0.557552624480
-0.656250000,0.109375000,-1.16978515493,-0.555647948592
-0.640625000,0.109375000,-1.15656500503,-0.549368377389
-0.625000000,0.109375000,-1.13537136926,-0.539301400399
-0.609375000,0.109375000,-1.10733640394,-0.525984791869
-0.593750000,0.109375000,-1.07349352323,-0.509909423536
-0.578125000,0.109375000,-1.03478328660,-0.491522061133
-0.562500000,0.109375000,-0.992059199995,-0.471228119998
-0.546875000,0.109375000,-0.946093390909,-0.449394360682
-0.531250000,0.109375000,-0.897582126229,-0.426351509959
-0.515625000,0.109375000,-0.847151148283,-0.402396795434
-0.500000000,0.109375000,-0.795360813043,-0.377796386195
-0.484375000,0.109375000,-0.742711015388,-0.352787732309
-0.468750000,0.109375000,-0.689645895883,-0.327581800545
-0.453125000,0.109375000,-0.636558321925,-0.302365202914
-0.437500000,0.109375000,-0.583794143114,-0.277302217979
-0.421875000,0.109375000,-0.531656219968,-0.252536704485
-0.406250000,0.109375000,-0.480408228986,-0.228193908768
-0.390625000,0.109375000,-0.430278247599,-0.204382167610
-0.375000000,0.109375000,-0.381462124453,-0.181194509115
-0.359375000,0.109375000,-0.334126639734,-0.158710153874
-0.343750000,0.109375000,-0.288412463977,-0.136995920389
-0.328125000,0.109375000,-0.244436920623,-0.116107537296
-0.312500000,0.109375000,-0.202296561285,-0.0960908666104
-0.296875000,0.109375000,-0.162069560730,-0.0769830413468
-0.281250000,0.109375000,-0.123817938639,-0.0588135208535
-0.265625000,0.109375000,-0.0875896179875,-0.0416050685441
-0.250000000,0.109375000,-0.0534203248917,-0.0253746543235
-0.234375000,0.109375000,-0.0213353404996,-0.0101342867373
-0.218750000,0.109375000,0.00864889059841,0.00410822303425
-0.203125000,0.109375000,0.0365232860229,0.0173485608609
-0.187500000,0.109375000,0.0622847805056,0.0295852707402
-0.171875000,0.109375000,0.0859351017822,0.0408191733465
-0.156250000,0.109375000,0.107479663165,0.0510528400034
-0.140625000,0.109375000,0.126926565388,0.0602901185592
-0.125000000,0.109375000,0.144285704176,0.0685357094838
-0.109375000,0.109375000,0.159567977169,0.0757947891552
-0.093750000,0.109375000,0.172784586350,0.0820726785164
-0.078125000,0.109375000,0.183946432587,0.0873745554788
-0.062500000,0.109375000,0.193063597525,0.0917052088243
-0.046875000,0.109375000,0.200144910922,0.0950688326881
-0.031250000,0.109375000,0.205197599789,0.0974688599000
-0.015625000,0.109375000,0.208227018014,0.0989078335568
0.000000000,0.109375000,0.209236454409,0.0993873158442
0.015625000,0.109375000,0.208227018014,0.0989078335568
0.031250000,0.109375000,0.205197599789,0.0974688599000
0.046875000,0.109375000,0.200144910922,0.0950688326881
0.062500000,0.109375000,0.193063597525,0.0917052088243
0.078125000,0.109375000,0.183946432587,0.0873745554788
0.093750000,0.109375000,0.172784586350,0.0820726785164
0.109375000,0.109375000,0.159567977169,0.0757947891552
0.125000000,0.109375000,0.144285704176,0.0685357094838
0.140625000,0.109375000,0.126926565388,0.0602901185592
0.156250000,0.109375000,0.107479663165,0.0510528400034
0.171875000,0.109375000,0.0859351017822,0.0408191733465
0.187500000,0.109375000,0.0622847805056,0.0295852707402
0.203125000,0.109375000,0.0365232860229,0.0173485608609
0.218750000,0.109375000,0.00864889059841,0.00410822303425
0.234375000,0.109375000,-0.0213353404996,-0.0101342867373
0.250000000,0.109375000,-0.0534203248917,-0.0253746543235
0.265625000,0.109375000,-0.0875896179875,-0.0416050685441
0.281250000,0.109375000,-0.123817938639,-0.0588135208535
0.296875000,0.109375000,-0.162069560730,-0.0769830413468
0.312500000,0.109375000,-0.202296561285,-0.0960908666104
0.328125000,0.109375000,-0.244436920623,-0.116107537296
0.343750000,0.109375000,-0.288412463977,-0.136995920389
0.359375000,0.109375000,-0.334126639734,-0.158710153874
0.375000000,0.109375000,-0.381462124453,-0.181194509115
0.390625000,0.109375000,-0.430278247599,-0.204382167610
0.406250000,0.109375000,-0.480408228986,-0.228193908768
0.421875000,0.109375000,-0.531656219968,-0.252536704485
0.437500000,0.109375000,-0.583794143114,-0.277302217979
0.453125000,0.109375000,-0.636558321925,-0.302365202914
0.468750000,0.109375000,-0.689645895883,-0.327581800545
0.484375000,0.109375000,-0.742711015388,-0.352787732309
0.500000000,0.109375000,-0.795360813043,-0.377796386195
0.515625000,0.109375000,-0.847151148283,-0.402396795434
0.531250000,0.109375000,-0.897582126229,-0.426351509959
0.546875000,0.109375000,-0.946093390909,-0.449394360682
0.562500000,0.109375000,-0.992059199995,-0.471228119998
0.578125000,0.109375000,-1.03478328660,-0.491522061133
0.593750000,0.109375000,-1.07349352323,-0.509909423536
0.609375000,0.109375000,-1.10733640394,-0.525984791869
0.625000000,0.109375000,-1.13537136926,-0.539301400399
0.640625000,0.109375000,-1.15656500503,-0.549368377389
0.656250000,0.109375000,-1.16978515493,-0.555647948592
0.671875000,0.109375000,-1.17379499891,-0.557552624480
0.687500000,0.109375000,-1.16724715991,-0.554442400957
0.703125000,0.109375000,-1.14867791850,-0.545622011286
0.718750000,0.109375000,-1.11650163258,-0.530338275475
0.734375000,0.109375000,-1.06900548300,-0.507777604423
0.750000000,0.109375000,-1.00434468805,-0.477063726826
0.765625000,0.109375000,-0.920538366495,-0.437255724085
0.781250000,0.109375000,-0.815466262331,-0.387346474607
0.796875000,0.109375000,-0.686866592149,-0.326261631271
0.812500000,0.109375000,-0.532335328491,-0.252859281033
0.828125000,0.109375000,-0.349327298942,-0.165930466998
0.843750000,0.109375000,-0.135159558242,-0.0642007901649
0.859375000,0.109375000,0.112982414380,0.0536666468305
0.875000000,0.109375000,0.398035027355,0.189066637994
0.890625000,0.109375000,0.723042594027,0.343445232163
0.906250000,0.109375000,1.09113808616,0.518290590924
0.921875000,0.109375000,1.50551744918,0.715120788361
0.937500000,0.109375000,1.96940606156,0.935467879241
0.953125000,0.109375000,2.48601561883,1.18085741894
0.968750000,0.109375000,,
0.984375000,0.109375000,,
1.000000000,0.109375000,,
-1.000000000,0.125000000,,
-0.984375000,0.125000000,,
-0.968750000,0.125000000,,
-0.953125000,0.125000000,2.69705131139,1.28109937291
-0.937500000,0.125000000,2.16462105318,1.02819500026
-0.921875000,0.125000000,1.68579852520,0.800754299470
-0.906250000,0.125000000,1.25719676263,0.597168462250
-0.890625000,0.125000000,0.875576992848,0.415899071603
-0.875000000,0.125000000,0.537727948408,0.255420775494
-0.859375000,0.125000000,0.240499966452,0.114237484065
-0.843750000,0.125000000,-0.0191688952953,-0.00910522526528
-0.828125000,0.125000000,-0.244233278815,-0.116010807437
-0.812500000,0.125000000,-0.437526291774,-0.207824988592
-0.796875000,0.125000000,-0.601749632195,-0.285831075293
-0.781250000,0.125000000,-0.739467252850,-0.351246945104
-0.765625000,0.125000000,-0.853101891998,-0.405223398699
-0.750000000,0.125000000,-0.944933907409,-0.448843606019
-0.734375000,0.125000000,-1.01710195006,-0.483123426280
-0.718750000,0.125000000,-1.07160509183,-0.509012418619
-0.703125000,0.125000000,-1.11030608948,-0.527395392505
-0.687500000,0.125000000,-1.13493552002,-0.539094372009
-0.671875000,0.125000000,-1.14709657072,-0.544870871090
-0.656250000,0.125000000,-1.14827030320,-0.545428394019
-0.640625000,0.125000000,-1.13982124574,-0.541415091728
-0.625000000,0.125000000,-1.12300319076,-0.533426515610
-0.609375000,0.125000000,-1.09896510074,-0.522008422854
-0.593750000,0.125000000,-1.06875704175,-0.507659594829
-0.578125000,0.125000000,-1.03333607978,-0.490834637897
-0.562500000,0.125000000,-0.993572090122,-0.471946742808
-0.546875000,0.125000000,-0.950253436921,-0.451370382538
-0.531250000,0.125000000,-0.904092493158,-0.429443934250
-0.515625000,0.125000000,-0.855730977102,-0.406472214124
-0.500000000,0.125000000,-0.805745085356,-0.382728915544
-0.484375000,0.125000000,-0.754650413576,-0.358458946449
-0.468750000,0.125000000,-0.702906652794,-0.333880660077
-0.453125000,0.125000000,-0.650922060036,-0.309187978517
-0.437500000,0.125000000,-0.599057698823,-0.284552406941
-0.421875000,0.125000000,-0.547631452226,-0.260124939808
-0.406250000,0.125000000,-0.496921808766,-0.236037859164
-0.390625000,0.125000000,-0.447171428164,-0.212406428378
-0.375000000,0.125000000,-0.398590488255,-0.189330481921
-0.359375000,0.125000000,-0.351359823734,-0.166895916274
-0.343750000,0.125000000,-0.305633859127,-0.145176083085
-0.328125000,0.125000000,-0.261543346408,-0.124233089544
-0.312500000,0.125000000,-0.219197914311,-0.104119009298
-0.296875000,0.125000000,-0.178688435972,-0.0848770070869
-0.281250000,0.125000000,-0.140089224559,-0.0665423816655
-0.265625000,0.125000000,-0.103460063756,-0.0491435302841
-0.250000000,0.125000000,-0.0688480811850,-0.0327028385629
-0.234375000,0.125000000,-0.0362894734384,-0.0172374998833
-0.218750000,0.125000000,-0.00581108842954,-0.00276026700403
-0.203125000,0.125000000,0.0225681261368,0.0107198599150
-0.187500000,0.125000000,0.0488358016354,0.0231970057768
-0.171875000,0.125000000,0.0729849487813,0.0346678506711
-0.156250000,0.125000000,0.0950128718720,0.0451311141392
-0.140625000,0.125000000,0.114920192936,0.0545870916444
-0.125000000,0.125000000,0.132709978220,0.0630372396543
-0.109375000,0.125000000,0.148386963525,0.0704838076746
-0.093750000,0.125000000,0.161956873815,0.0769295150621
-0.078125000,0.125000000,0.173425832084,0.0823772702399
-0.062500000,0.125000000,0.182799854597,0.0868299309338
-0.046875000,0.125000000,0.190084429385,0.0902901039578
-0.031250000,0.125000000,0.195284174616,0.0927599829425
-0.015625000,0.125000000,0.198402575580,0.0942412234004
0.000000000,0.125000000,0.199441797866,0.0947348539865
0.015625000,0.125000000,0.198402575580,0.0942412234004
0.031250000,0.125000000,0.195284174616,0.0927599829425
0.046875000,0.125000000,0.190084429385,0.0902901039578
0.062500000,0.125000000,0.182799854597,0.0868299309338
0.078125000,0.125000000,0.173425832084,0.0823772702399
0.093750000,0.125000000,0.161956873815,0.0769295150621
0.109375000,0.125000000,0.148386963525,0.0704838076746
0.125000000,0.125000000,0.132709978220,0.0630372396543
0.140625000,0.125000000,0.114920192936,0.0545870916444
0.156250000,0.125000000,0.0950128718720,0.0451311141392
0.171875000,0.125000000,0.0729849487813,0.0346678506711
0.187500000,0.125000000,0.0488358016354,0.0231970057768
0.203125000,0.125000000,0.0225681261368,0.0107198599150
0.218750000,0.125000000,-0.00581108842954,-0.00276026700403
0.234375000,0.125000000,-0.0362894734384,-0.0172374998833
0.250000000,0.125000000,-0.0688480811850,-0.0327028385629
0.265625000,0.125000000,-0.103460063756,-0.0491435302841
0.281250000,0.125000000,-0.140089224559,-0.0665423816655
0.296875000,0.125000000,-0.178688435972,-0.0848770070869
0.312500000,0.125000000,-0.219197914311,-0.104119009298
0.328125000,0.125000000,-0.261543346408,-0.124233089544
0.343750000,0.125000000,-0.305633859127,-0.145176083085
0.359375000,0.125000000,-0.351359823734,-0.166895916274
0.375000000,0.125000000,-0.398590488255,-0.189330481921
0.390625000,0.125000000,-0.447171428164,-0.212406428378
0.406250000,0.125000000,-0.496921808766,-0.236037859164
0.421875000,0.125000000,-0.547631452226,-0.260124939808
0.437500000,0.125000000,-0.599057698823,-0.284552406941
0.453125000,0.125000000,-0.650922060036,-0.309187978517
0.468750000,0.125000000,-0.702906652794,-0.333880660077
0.484375000,0.125000000,-0.754650413576,-0.358458946449
0.500000000,0.125000000,-0.805745085356,-0.382728915544
0.515625000,0.125000000,-0.855730977102,-0.406472214124
0.531250000,0.125000000,-0.904092493158,-0.429443934250
0.546875000,0.125000000,-0.950253436921,-0.451370382538
0.562500000,0.125000000,-0.993572090122,-0.471946742808
0.578125000,0.125000000,-1.03333607978,-0.490834637897
0.593750000,0.125000000,-1.06875704175,-0.507659594829
0.609375000,0.125000000,-1.09896510074,-0.522008422854
0.625000000,0.125000000,-1.12300319076,-0.533426515610
0.640625000,0.125000000,-1.13982124574,-0.541415091728
0.656250000,0.125000000,-1.14827030320,-0.545428394019
0.671875000,0.125000000,-1.14709657072,-0.544870871090
0.687500000,0.125000000,-1.13493552002,-0.539094372009
0.703125000,0.125000000,-1.11030608948,-0.527395392505
0.718750000,0.125000000,-1.07160509183,-0.509012418619
0.734375000,0.125000000,-1.01710195006,-0.483123426280
0.750000000,0.125000000,-0.944933907409,-0.448843606019
0.765625000,0.125000000,-0.853101891998,-0.405223398699
0.781250000,0.125000000,-0.739467252850,-0.351246945104
0.796875000,0.125000000,-0.601749632195,-0.285831075293
0.812500000,0.125000000,-0.437526291774,-0.207824988592
0.828125000,0.125000000,-0.244233278815,-0.116010807437
0.843750000,0.125000000,-0.0191688952953,-0.00910522526528
0.859375000,0.125000000,0.240499966452,0.114237484065
0.875000000,0.125000000,0.537727948408,0.255420775494
0.890625000,0.125000000,0.875576992848,0.415899071603
0.906250000,0.125000000,1.25719676263,0.597168462250
0.921875000,0.125000000,1.68579852520,0.800754299470
0.937500000,0.125000000,2.16462105318,1.02819500026
0.953125000,0.125000000,2.69705131139,1.28109937291
0.968750000,0.125000000,,
0.984375000,0.125000000,,
1.000000000,0.125000000,,
-1.000000000,0.140625000,,
-0.984375000,0.140625000,,
-0.968750000,0.140625000,,
-0.953125000,0.140625000,,
-0.937500000,0.140625000,2.37372587678,1.12751979147
-0.921875000,0.140625000,1.87895798228,0.892505041585
-0.906250000,0.140625000,1.43515525274,0.681698745052
-0.890625000,0.140625000,1.03906889696,0.493557726056
-0.875000000,0.140625000,0.687474902849,0.326550578853
-0.859375000,0.140625000,0.377208820980,0.179174189965
-0.843750000,0.140625000,0.105192419425,0.0499663992270
-0.828125000,0.140625000,-0.131546316482,-0.0624845003288
-0.812500000,0.140625000,-0.335858623474,-0.159532846150
-0.796875000,0.140625000,-0.510464833912,-0.242470796108
-0.781250000,0.140625000,-0.657947851023,-0.312525229236
-0.765625000,0.140625000,-0.780749536213,-0.370856029701
-0.750000000,0.140625000,-0.881169438875,-0.418555483466
-0.734375000,0.140625000,-0.961365394996,-0.456648562623
-0.718750000,0.140625000,-1.02335560274,-0.486093911302
-0.703125000,0.140625000,-1.06902185131,-0.507785379373
-0.687500000,0.140625000,-1.10011363519,-0.522553976714
-0.671875000,0.140625000,-1.11825293090,-0.531170142175
-0.656250000,0.140625000,-1.12493945729,-0.534346242211
-0.640625000,0.140625000,-1.12155626513,-0.532739225938
-0.625000000,0.140625000,-1.10937553742,-0.526953380275
-0.609375000,0.140625000,-1.08956449735,-0.517543136240
-0.593750000,0.140625000,-1.06319134470,-0.505015888734
-0.578125000,0.140625000,-1.03123115536,-0.489834798798
-0.562500000,0.140625000,-0.994571690188,-0.472421552839
-0.546875000,0.140625000,-0.954019074426,-0.453159060352
-0.531250000,0.140625000,-0.910303314538,-0.432394074405
-0.515625000,0.140625000,-0.864083628686,-0.410439723626
-0.500000000,0.140625000,-0.815953572905,-0.387577947130
-0.484375000,0.140625000,-0.766445950461,-0.364061826469
-0.468750000,0.140625000,-0.716037496466,-0.340117810821
-0.453125000,0.140625000,-0.665153332739,-0.315947833051
-0.437500000,0.140625000,-0.614171191495,-0.291731315960
-0.421875000,0.140625000,-0.563425408937,-0.267627069245
-0.406250000,0.140625000,-0.513210690269,-0.243775077878
-0.390625000,0.140625000,-0.463785651730,-0.220298184572
-0.375000000,0.140625000,-0.415376144733,-0.197303668748
-0.359375000,0.140625000,-0.368178366985,-0.174884724318
-0.343750000,0.140625000,-0.322361770271,-0.153121840879
-0.328125000,0.140625000,-0.278071769924,-0.132084090714
-0.312500000,0.140625000,-0.235432265871,-0.111830326289
-0.296875000,0.140625000,-0.194547981816,-0.0924102913628
-0.281250000,0.140625000,-0.155506631837,-0.0738656501224
-0.265625000,0.140625000,-0.118380922195,-0.0562309380427
-0.250000000,0.140625000,-0.0832303963394,-0.0395344382612
-0.234375000,0.140625000,-0.0501031309926,-0.0237989872215
-0.218750000,0.140625000,-0.0190372915952,-0.00904271350774
-0.203125000,0.140625000,0.00993744650241,0.00472028708864
-0.187500000,0.140625000,0.0367986029990,0.0174793364245
-0.171875000,0.140625000,0.0615297174824,0.0292266158042
-0.156250000,0.140625000,0.0841192879072,0.0399566617559
-0.140625000,0.140625000,0.104559816174,0.0496659126827
-0.125000000,0.140625000,0.122846956182,0.0583523041863
-0.109375000,0.140625000,0.138978758185,0.0660149101378
-0.093750000,0.140625000,0.152955005572,0.0726536276467
-0.078125000,0.140625000,0.164776639720,0.0782689038668
-0.062500000,0.140625000,0.174445268614,0.0828615025917
-0.046875000,0.140625000,0.181962757520,0.0864323098222
-0.031250000,0.140625000,0.187330896456,0.0889821758166
-0.015625000,0.140625000,0.190551145375,0.0905117940531
0.000000000,0.140625000,0.191624452374,0.0910216148779
0.015625000,0.140625000,0.190551145375,0.0905117940531
0.031250000,0.140625000,0.187330896456,0.0889821758166
0.046875000,0.140625000,0.181962757520,0.0864323098222
0.062500000,0.140625000,0.174445268614,0.0828615025917
0.078125000,0.140625000,0.164776639720,0.0782689038668
0.093750000,0.140625000,0.152955005572,0.0726536276467
0.109375000,0.140625000,0.138978758185,0.0660149101378
0.125000000,0.140625000,0.122846956182,0.0583523041863
0.140625000,0.140625000,0.104559816174,0.0496659126827
0.156250000,0.140625000,0.0841192879072,0.0399566617559
0.171875000,0.140625000,0.0615297174824,0.0292266158042
0.187500000,0.140625000,0.0367986029990,0.0174793364245
0.203125000,0.140625000,0.00993744650241,0.00472028708864
0.218750000,0.140625000,-0.0190372915952,-0.00904271350774
0.234375000,0.140625000,-0.0501031309926,-0.0237989872215
0.250000000,0.140625000,-0.0832303963394,-0.0395344382612
0.265625000,0.140625000,-0.118380922195,-0.0562309380427
0.281250000,0.140625000,-0.155506631837,-0.0738656501224
0.296875000,0.140625000,-0.194547981816,-0.0924102913628
0.312500000,0.140625000,-0.235432265871,-0.111830326289
0.328125000,0.140625000,-0.278071769924,-0.132084090714
0.343750000,0.140625000,-0.322361770271,-0.153121840879
0.359375000,0.140625000,-0.368178366985,-0.174884724318
0.375000000,0.140625000,-0.415376144733,-0.197303668748
0.390625000,0.140625000,-0.463785651730,-0.220298184572
0.406250000,0.140625000,-0.513210690269,-0.243775077878
0.421875000,0.140625000,-0.563425408937,-0.267627069245
0.437500000,0.140625000,-0.614171191495,-0.291731315960
0.453125000,0.140625000,-0.665153332739,-0.315947833051
0.468750000,0.140625000,-0.716037496466,-0.340117810821
0.484375000,0.140625000,-0.766445950461,-0.364061826469
0.500000000,0.140625000,-0.815953572905,-0.387577947130
0.515625000,0.140625000,-0.864083628686,-0.410439723626
0.531250000,0.140625000,-0.910303314538,-0.432394074405
0.546875000,0.140625000,-0.954019074426,-0.453159060352
0.562500000,0.140625000,-0.994571690188,-0.472421552839
0.578125000,0.140625000,-1.03123115536,-0.489834798798
0.593750000,0.140625000,-1.06319134470,-0.505015888734
0.609375000,0.140625000,-1.08956449735,-0.517543136240
0.625000000,0.140625000,-1.10937553742,-0.526953380275
0.640625000,0.140625000,-1.12155626513,-0.532739225938
0.656250000,0.140625000,-1.12493945729,-0.534346242211
0.671875000,0.140625000,-1.11825293090,-0.531170142175
0.687500000,0.140625000,-1.10011363519,-0.522553976714
0.703125000,0.140625000,-1.06902185131,-0.507785379373
0.718750000,0.140625000,-1.02335560274,-0.486093911302
0.734375000,0.140625000,-0.961365394996,-0.456648562623
0.750000000,0.140625000,-0.881169438875,-0.418555483466
0.765625000,0.140625000,-0.780749536213,-0.370856029701
0.781250000,0.140625000,-0.657947851023,-0.312525229236
0.796875000,0.140625000,-0.510464833912,-0.242470796108
0.812500000,0.140625000,-0.335858623474,-0.159532846150
0.828125000,0.140625000,-0.131546316482,-0.0624845003288
0.843750000,0.140625000,0.105192419425,0.0499663992270
0.859375000,0.140625000,0.377208820980,0.179174189965
0.875000000,0.140625000,0.687474902849,0.326550578853
0.890625000,0.140625000,1.03906889696,0.493557726056
0.906250000,0.140625000,1.43515525274,0.681698745052
0.921875000,0.140625000,1.87895798228,0.892505041585
0.937500000,0.140625000,2.37372587678,1.12751979147
0.953125000,0.140625000,,
0.968750000,0.140625000,,
0.984375000,0.140625000,,
1.000000000,0.140625000,,
-1.000000000,0.156250000,,
-0.984375000,0.156250000,,
-0.968750000,0.156250000,,
-0.953125000,0.156250000,,
-0.937500000,0.156250000,2.59749111627,1.23380828023
-0.921875000,0.156250000,2.08556510948,0.990643427004
-0.906250000,0.156250000,1.62555037241,0.772136426892
-0.890625000,0.156250000,1.21402320122,0.576661020582
-0.875000000,0.156250000,0.847749600020,0.402681060010
-0.859375000,0.156250000,0.523552384240,0.248687382514
-0.843750000,0.156250000,0.238338486014,0.113210780857
-0.828125000,0.156250000,-0.0108805319533,-0.00516825267781
-0.812500000,0.156250000,-0.226973510562,-0.107812417517
-0.796875000,0.156250000,-0.412679251252,-0.196022644345
-0.781250000,0.156250000,-0.570599744732,-0.271034878748
-0.765625000,0.156250000,-0.703196369359,-0.334018275445
-0.750000000,0.156250000,-0.812788475871,-0.386074526039
-0.734375000,0.156250000,-0.901553877151,-0.428238091647
-0.718750000,0.156250000,-0.971530842664,-0.461477150265
-0.703125000,0.156250000,-1.02462126836,-0.486695102470
-0.687500000,0.156250000,-1.06259474700,-0.504732504827
-0.671875000,0.156250000,-1.08709331663,-0.516369325401
-0.656250000,0.156250000,-1.09963669771,-0.522327431411
-0.640625000,0.156250000,-1.10162786958,-0.523273238051
-0.625000000,0.156250000,-1.09435885990,-0.519820458451
-0.609375000,0.156250000,-1.07901664571,-0.512532906710
-0.593750000,0.156250000,-1.05668908372,-0.501927314765
-0.578125000,0.156250000,-1.02837080358,-0.488476131698
-0.562500000,0.156250000,-0.994969011289,-0.472610280362
-0.546875000,0.156250000,-0.957309161152,-0.454721851547
-0.531250000,0.156250000,-0.916140463969,-0.435166720385
-0.515625000,0.156250000,-0.872141206947,-0.414267073300
-0.500000000,0.156250000,-0.825923867549,-0.392313837086
-0.484375000,0.156250000,-0.778040008555,-0.369569004064
-0.468750000,0.156250000,-0.728984945937,-0.346267849320
-0.453125000,0.156250000,-0.679202185454,-0.322621038091
-0.437500000,0.156250000,-0.629087625585,-0.298816622153
-0.421875000,0.156250000,-0.578993528723,-0.275021926143
-0.406250000,0.156250000,-0.529232262444,-0.251385324661
-0.390625000,0.156250000,-0.480079815752,-0.228037912482
-0.375000000,0.156250000,-0.431779096016,-0.205095070608
-0.359375000,0.156250000,-0.384543012759,-0.182657931060
-0.343750000,0.156250000,-0.338557355545,-0.160814743884
-0.328125000,0.156250000,-0.293983474478,-0.139642150377
-0.312500000,0.156250000,-0.250960770185,-0.119206365838
-0.296875000,0.156250000,-0.209609002916,-0.0995642763852
-0.281250000,0.156250000,-0.170030428478,-0.0807644535273
-0.265625000,0.156250000,-0.132311768746,-0.0628480901543
-0.250000000,0.156250000,-0.0965260269727,-0.0458498628120
-0.234375000,0.156250000,-0.0627341536973,-0.0297987230062
-0.218750000,0.156250000,-0.0309865728669,-0.0147186221118
-0.203125000,0.156250000,-0.00132457509126,-0.000629173168346
-0.187500000,0.156250000,0.0262184152033,0.0124537472216
-0.171875000,0.156250000,0.0516156906487,0.0245174530581
-0.156250000,0.156250000,0.0748462239919,0.0355519563962
-0.140625000,0.156250000,0.0958937375664,0.0455495253441
-0.125000000,0.156250000,0.114745872828,0.0545042895931
-0.109375000,0.156250000,0.131393454899,0.0624118910768
-0.093750000,0.156250000,0.145829847789,0.0692691776995
-0.078125000,0.156250000,0.158050395229,0.0750739377336
-0.062500000,0.156250000,0.168051944560,0.0798246736658
-0.046875000,0.156250000,0.175832448221,0.0835204129051
-0.031250000,0.156250000,0.181390642869,0.0861605553628
-0.015625000,0.156250000,0.184725801569,0.0877447557451
0.000000000,0.156250000,0.185837557956,0.0882728400291
0.015625000,0.156250000,0.184725801569,0.0877447557451
0.031250000,0.156250000,0.181390642869,0.0861605553628
0.046875000,0.156250000,0.175832448221,0.0835204129051
0.062500000,0.156250000,0.168051944560,0.0798246736658
0.078125000,0.156250000,0.158050395229,0.0750739377336
0.093750000,0.156250000,0.145829847789,0.0692691776995
0.109375000,0.156250000,0.131393454899,0.0624118910768
0.125000000,0.156250000,0.114745872828,0.0545042895931
0.140625000,0.156250000,0.0958937375664,0.0455495253441
0.156250000,0.156250000,0.0748462239919,0.0355519563962
0.171875000,0.156250000,0.0516156906487,0.0245174530581
0.187500000,0.156250000,0.0262184152033,0.0124537472216
0.203125000,0.156250000,-0.00132457509126,-0.000629173168346
0.218750000,0.156250000,-0.0309865728669,-0.0147186221118
0.234375000,0.156250000,-0.0627341536973,-0.0297987230062
0.250000000,0.156250000,-0.0965260269727,-0.0458498628120
0.265625000,0.156250000,-0.132311768746,-0.0628480901543
0.281250000,0.156250000,-0.170030428478,-0.0807644535273
0.296875000,0.156250000,-0.209609002916,-0.0995642763852
0.312500000,0.156250000,-0.250960770185,-0.119206365838
0.328125000,0.156250000,-0.293983474478,-0.139642150377
0.343750000,0.156250000,-0.338557355545,-0.160814743884
0.359375000,0.156250000,-0.384543012759,-0.182657931060
0.375000000,0.156250000,-0.431779096016,-0.205095070608
0.390625000,0.156250000,-0.480079815752,-0.228037912482
0.406250000,0.156250000,-0.529232262444,-0.251385324661
0.421875000,0.156250000,-0.578993528723,-0.275021926143
0.437500000,0.156250000,-0.629087625585,-0.298816622153
0.453125000,0.156250000,-0.679202185454,-0.322621038091
0.468750000,0.156250000,-0.728984945937,-0.346267849320
0.484375000,0.156250000,-0.778040008555,-0.369569004064
0.500000000,0.156250000,-0.825923867549,-0.392313837086
0.515625000,0.156250000,-0.872141206947,-0.414267073300
0.531250000,0.156250000,-0.916140463969,-0.435166720385
0.546875000,0.156250000,-0.957309161152,-0.454721851547
0.562500000,0.156250000,-0.994969011289,-0.472610280362
0.578125000,0.156250000,-1.02837080358,-0.488476131698
0.593750000,0.156250000,-1.05668908372,-0.501927314765
0.609375000,0.156250000,-1.07901664571,-0.512532906710
0.625000000,0.156250000,-1.09435885990,-0.519820458451
0.640625000,0.156250000,-1.10162786958,-0.523273238051
0.656250000,0.156250000,-1.09963669771,-0.522327431411
0.671875000,0.156250000,-1.08709331663,-0.516369325401
0.687500000,0.156250000,-1.06259474700,-0.504732504827
0.703125000,0.156250000,-1.02462126836,-0.486695102470
0.718750000,0.156250000,-0.971530842664,-0.461477150265
0.734375000,0.156250000,-0.901553877151,-0.428238091647
0.750000000,0.156250000,-0.812788475871,-0.386074526039
0.765625000,0.156250000,-0.703196369359,-0.334018275445
0.781250000,0.156250000,-0.570599744732,-0.271034878748
0.796875000,0.156250000,-0.412679251252,-0.196022644345
0.812500000,0.156250000,-0.226973510562,-0.107812417517
0.828125000,0.156250000,-0.0108805319533,-0.00516825267781
0.843750000,0.156250000,0.238338486014,0.113210780857
0.859375000,0.156250000,0.523552384240,0.248687382514
0.875000000,0.156250000,0.847749600020,0.402681060010
0.890625000,0.156250000,1.21402320122,0.576661020582
0.906250000,0.156250000,1.62555037241,0.772136426892
0.921875000,0.156250000,2.08556510948,0.990643427004
0.937500000,0.156250000,2.59749111627,1.23380828023
0.953125000,0.156250000,,
0.968750000,0.156250000,,
0.984375000,0.156250000,,
1.000000000,0.156250000,,
-1.000000000,0.171875000,,
-0.984375000,0.171875000,,
-0.968750000,0.171875000,,
-0.953125000,0.171875000,,
-0.937500000,0.171875000,2.83624177133,1.34721484138
-0.921875000,0.171875000,2.30639968358,1.09553984970
-0.906250000,0.171875000,1.82896656731,0.868759119472
-0.890625000,0.171875000,1.40099181761,0.665471113367
-0.875000000,0.171875000,1.01907195509,0.484059178667
-0.859375000,0.171875000,0.680019291395,0.323009163413
-0.843750000,0.171875000,0.380727519782,0.180845571897
-0.828125000,0.171875000,0.118192843433,0.0561416006309
-0.812500000,0.171875000,-0.110470570822,-0.0524735211406
-0.796875000,0.171875000,-0.308019761890,-0.146309386898
-0.781250000,0.171875000,-0.477075898157,-0.226611051625
-0.765625000,0.171875000,-0.620120236161,-0.294557112177
-0.750000000,0.171875000,-0.739492518768,-0.351258946415
-0.734375000,0.171875000,-0.837391319339,-0.397760876686
-0.718750000,0.171875000,-0.915875925301,-0.435041064518
-0.703125000,0.171875000,-0.976869421888,-0.464012975397
-0.687500000,0.171875000,-1.02216269807,-0.485527281582
-0.671875000,0.171875000,-1.05341914498,-0.500374093868
-0.656250000,0.171875000,-1.07217985600,-0.509285431598
-0.640625000,0.171875000,-1.07986917420,-0.512937857747
-0.625000000,0.171875000,-1.07780045930,-0.511955218169
-0.609375000,0.171875000,-1.06718197068,-0.506911436072
-0.593750000,0.171875000,-1.04912278218,-0.498333321534
-0.578125000,0.171875000,-1.02463866114,-0.486703364041
-0.562500000,0.171875000,-0.994657858655,-0.472462482861
-0.546875000,0.171875000,-0.960026767478,-0.456012714552
-0.531250000,0.171875000,-0.921515415908,-0.437719822556
-0.515625000,0.171875000,-0.879822771935,-0.417915816669
-0.500000000,0.171875000,-0.835581839771,-0.396901373891
-0.484375000,0.171875000,-0.789364536408,-0.374948154794
-0.468750000,0.171875000,-0.741686338676,-0.352301010871
-0.453125000,0.171875000,-0.693010697773,-0.329180081442
-0.437500000,0.171875000,-0.643753218195,-0.305782778642
-0.421875000,0.171875000,-0.594285603402,-0.282285661616
-0.406250000,0.171875000,-0.544939370048,-0.258846200773
-0.390625000,0.171875000,-0.496009335781,-0.235604434496
-0.375000000,0.171875000,-0.447756886759,-0.212684521211
-0.359375000,0.171875000,-0.400413030668,-0.190196189567
-0.343750000,0.171875000,-0.354181243075,-0.168236090460
-0.328125000,0.171875000,-0.309240116302,-0.146889055243
-0.312500000,0.171875000,-0.265745816609,-0.126229262889
-0.296875000,0.171875000,-0.223834360773,-0.106321321367
-0.281250000,0.171875000,-0.183623719030,-0.0872212665390
-0.265625000,0.171875000,-0.145215753646,-0.0689774829819
-0.250000000,0.171875000,-0.108698001510,-0.0516315507173
-0.234375000,0.171875000,-0.0741453088634,-0.0352190217101
-0.218750000,0.171875000,-0.0416213262857,-0.0197701299857
-0.203125000,0.171875000,-0.0111798722627,-0.00531043932477
-0.187500000,0.171875000,0.0171338284194,0.00813856849923
-0.171875000,0.171875000,0.0432820230391,0.0205589609436
-0.156250000,0.171875000,0.0672334202954,0.0319358746403
-0.140625000,0.171875000,0.0889622843592,0.0422570850706
-0.125000000,0.171875000,0.108447626924,0.0515126227887
-0.109375000,0.171875000,0.125672493446,0.0596944343870
-0.093750000,0.171875000,0.140623336676,0.0667960849213
-0.078125000,0.171875000,0.153289475561,0.0728125008915
-0.062500000,0.171875000,0.163662633050,0.0777397506989
-0.046875000,0.171875000,0.171736551715,0.0815748620644
-0.031250000,0.171875000,0.177506682599,0.0843156742345
-0.015625000,0.171875000,0.180969945856,0.0859607242818
0.000000000,0.171875000,0.182124561047,0.0865091664974
0.015625000,0.171875000,0.180969945856,0.0859607242818
0.031250000,0.171875000,0.177506682599,0.0843156742345
0.046875000,0.171875000,0.171736551715,0.0815748620644
0.062500000,0.171875000,0.163662633050,0.0777397506989
0.078125000,0.171875000,0.153289475561,0.0728125008915
0.093750000,0.171875000,0.140623336676,0.0667960849213
0.109375000,0.171875000,0.125672493446,0.0596944343870
0.125000000,0.171875000,0.108447626924,0.0515126227887
0.140625000,0.171875000,0.0889622843592,0.0422570850706
0.156250000,0.171875000,0.0672334202954,0.0319358746403
0.171875000,0.171875000,0.0432820230391,0.0205589609436
0.187500000,0.171875000,0.0171338284194,0.00813856849923
0.203125000,0.171875000,-0.0111798722627,-0.00531043932477
0.218750000,0.171875000,-0.0416213262857,-0.0197701299857
0.234375000,0.171875000,-0.0741453088634,-0.0352190217101
0.250000000,0.171875000,-0.108698001510,-0.0516315507173
0.265625000,0.171875000,-0.145215753646,-0.0689774829819
0.281250000,0.171875000,-0.183623719030,-0.0872212665390
0.296875000,0.171875000,-0.223834360773,-0.106321321367
0.312500000,0.171875000,-0.265745816609,-0.126229262889
0.328125000,0.171875000,-0.309240116302,-0.146889055243
0.343750000,0.171875000,-0.354181243075,-0.168236090460
0.359375000,0.171875000,-0.400413030668,-0.190196189567
0.375000000,0.171875000,-0.447756886759,-0.212684521211
0.390625000,0.171875000,-0.496009335781,-0.235604434496
0.406250000,0.171875000,-0.544939370048,-0.258846200773
0.421875000,0.171875000,-0.594285603402,-0.282285661616
0.437500000,0.171875000,-0.643753218195,-0.305782778642
0.453125000,0.171875000,-0.693010697773,-0.329180081442
0.468750000,0.171875000,-0.741686338676,-0.352301010871
0.484375000,0.171875000,-0.789364536408,-0.374948154794
0.500000000,0.171875000,-0.835581839771,-0.396901373891
0.515625000,0.171875000,-0.879822771935,-0.417915816669
0.531250000,0.171875000,-0.921515415908,-0.437719822556
0.546875000,0.171875000,-0.960026767478,-0.456012714552
0.562500000,0.171875000,-0.994657858655,-0.472462482861
0.578125000,0.171875000,-1.02463866114,-0.486703364041
0.593750000,0.171875000,-1.04912278218,-0.498333321534
0.609375000,0.171875000,-1.06718197068,-0.506911436072
0.625000000,0.171875000,-1.07780045930,-0.511955218169
0.640625000,0.171875000,-1.07986917420,-0.512937857747
0.656250000,0.171875000,-1.07217985600,-0.509285431598
0.671875000,0.171875000,-1.05341914498,-0.500374093868
0.687500000,0.171875000,-1.02216269807,-0.485527281582
0.703125000,0.171875000,-0.976869421888,-0.464012975397
0.718750000,0.171875000,-0.915875925301,-0.435041064518
0.734375000,0.171875000,-0.837391319339,-0.397760876686
0.750000000,0.171875000,-0.739492518768,-0.351258946415
0.765625000,0.171875000,-0.620120236161,-0.294557112177
0.781250000,0.171875000,-0.477075898157,-0.226611051625
0.796875000,0.171875000,-0.308019761890,-0.146309386898
0.812500000,0.171875000,-0.110470570822,-0.0524735211406
0.828125000,0.171875000,0.118192843433,0.0561416006309
0.843750000,0.171875000,0.380727519782,0.180845571897
0.859375000,0.171875000,0.680019291395,0.323009163413
0.875000000,0.171875000,1.01907195509,0.484059178667
0.890625000,0.171875000,1.40099181761,0.665471113367
0.906250000,0.171875000,1.82896656731,0.868759119472
0.921875000,0.171875000,2.30639968358,1.09553984970
0.937500000,0.171875000,2.83624177133,1.34721484138
0.953125000,0.171875000,,
0.968750000,0.171875000,,
0.984375000,0.171875000,,
1.000000000,0.171875000,,
-1.000000000,0.187500000,,
-0.984375000,0.187500000,,
-0.968750000,0.187500000,,
-0.953125000,0.187500000,,
-0.937500000,0.187500000,3.09083660851,1.46814738904
-0.921875000,0.187500000,2.54181672511,1.20736294443
-0.906250000,0.187500000,2.04603881115,0.971868435296
-0.890625000,0.187500000,1.60057659763,0.760273883873
-0.875000000,0.187500000,1.20201101202,0.570955230710
-0.859375000,0.187500000,0.847146309021,0.402394496785
-0.843750000,0.187500000,0.532864715099,0.253110739672
-0.828125000,0.187500000,0.256148276330,0.121670431257
-0.812500000,0.187500000,0.0140948900775,0.00669507278682
-0.796875000,0.187500000,-0.196070403246,-0.0931334415419
-0.781250000,0.187500000,-0.376987975318,-0.179069288276
-0.765625000,0.187500000,-0.531159275521,-0.252300655872
-0.750000000,0.187500000,-0.660944997352,-0.313948873742
-0.734375000,0.187500000,-0.768565239630,-0.365068488824
-0.718750000,0.187500000,-0.856101245713,-0.406648091714
-0.703125000,0.187500000,-0.925498373731,-0.439611727522
-0.687500000,0.187500000,-0.978570014620,-0.464820756945
-0.671875000,0.187500000,-1.01700221964,-0.483076054328
-0.656250000,0.187500000,-1.04235884639,-0.495120452034
-0.640625000,0.187500000,-1.05608706170,-0.501641354307
-0.625000000,0.187500000,-1.05952307336,-0.503273459847
-0.609375000,0.187500000,-1.05389798351,-0.500601542168
-0.593750000,0.187500000,-1.04034367739,-0.494163246761
-0.578125000,0.187500000,-1.01989868053,-0.484451873254
-0.562500000,0.187500000,-0.993513927047,-0.471919115347
-0.546875000,0.187500000,-0.962058397117,-0.456977738631
-0.531250000,0.187500000,-0.926324589900,-0.440004180203
-0.515625000,0.187500000,-0.887033807004,-0.421341058327
-0.500000000,0.187500000,-0.844841226214,-0.401299582452
-0.484375000,0.187500000,-0.800340755031,-0.380161858640
-0.468750000,0.187500000,-0.754069652890,-0.358183085123
-0.453125000,0.187500000,-0.706512919437,-0.335593636733
-0.437500000,0.187500000,-0.658107446373,-0.312601037027
-0.421875000,0.187500000,-0.609245933693,-0.289391818504
-0.406250000,0.187500000,-0.560280574178,-0.266133272735
-0.390625000,0.187500000,-0.511526509872,-0.242975092189
-0.375000000,0.187500000,-0.463265066867,-0.220050906762
-0.359375000,0.187500000,-0.415746775168,-0.197479718205
-0.343750000,0.187500000,-0.369194181979,-0.175367236440
-0.328125000,0.187500000,-0.323804464929,-0.153807120841
-0.312500000,0.187500000,-0.279751855450,-0.132882131339
-0.296875000,0.187500000,-0.237189880374,-0.112665193178
-0.281250000,0.187500000,-0.196253429791,-0.0932203791507
-0.265625000,0.187500000,-0.157060661654,-0.0746038142857
-0.250000000,0.187500000,-0.119714750101,-0.0568645062979
-0.234375000,0.187500000,-0.0843054869304,-0.0400451062919
-0.218750000,0.187500000,-0.0509107442563,-0.0241826035217
-0.203125000,0.187500000,-0.0195978066158,-0.00930895814249
-0.187500000,0.187500000,0.00957542116889,0.00454832505522
-0.171875000,0.187500000,0.0365593208502,0.0173656774039
-0.156250000,0.187500000,0.0613115777342,0.0291229994237
-0.140625000,0.187500000,0.0837963003684,0.0398032426750
-0.125000000,0.187500000,0.103983236644,0.0493920374060
-0.109375000,0.187500000,0.121847081839,0.0578773638736
-0.093750000,0.187500000,0.137366872729,0.0652492645462
-0.078125000,0.187500000,0.150525463532,0.0714995951779
-0.062500000,0.187500000,0.161309080439,0.0766218132084
-0.046875000,0.187500000,0.169706949977,0.0806108012390
-0.031250000,0.187500000,0.175710999036,0.0834627245419
-0.015625000,0.187500000,0.179315624254,0.0851749215208
0.000000000,0.187500000,0.180517528725,0.0857458261442
0.015625000,0.187500000,0.179315624254,0.0851749215208
0.031250000,0.187500000,0.175710999036,0.0834627245419
0.046875000,0.187500000,0.169706949977,0.0806108012390
0.062500000,0.187500000,0.161309080439,0.0766218132084
0.078125000,0.187500000,0.150525463532,0.0714995951779
0.093750000,0.187500000,0.137366872729,0.0652492645462
0.109375000,0.187500000,0.121847081839,0.0578773638736
0.125000000,0.187500000,0.103983236644,0.0493920374060
0.140625000,0.187500000,0.0837963003684,0.0398032426750
0.156250000,0.187500000,0.0613115777342,0.0291229994237
0.171875000,0.187500000,0.0365593208502,0.0173656774039
0.187500000,0.187500000,0.00957542116889,0.00454832505522
0.203125000,0.187500000,-0.0195978066158,-0.00930895814249
0.218750000,0.187500000,-0.0509107442563,-0.0241826035217
0.234375000,0.187500000,-0.0843054869304,-0.0400451062919
0.250000000,0.187500000,-0.119714750101,-0.0568645062979
0.265625000,0.187500000,-0.157060661654,-0.0746038142857
0.281250000,0.187500000,-0.196253429791,-0.0932203791507
0.296875000,0.187500000,-0.237189880374,-0.112665193178
0.312500000,0.187500000,-0.279751855450,-0.132882131339
0.328125000,0.187500000,-0.323804464929,-0.153807120841
0.343750000,0.187500000,-0.369194181979,-0.175367236440
0.359375000,0.187500000,-0.415746775168,-0.197479718205
0.375000000,0.187500000,-0.463265066867,-0.220050906762
0.390625000,0.187500000,-0.511526509872,-0.242975092189
0.406250000,0.187500000,-0.560280574178,-0.266133272735
0.421875000,0.187500000,-0.609245933693,-0.289391818504
0.437500000,0.187500000,-0.658107446373,-0.312601037027
0.453125000,0.187500000,-0.706512919437,-0.335593636733
0.468750000,0.187500000,-0.754069652890,-0.358183085123
0.484375000,0.187500000,-0.800340755031,-0.380161858640
0.500000000,0.187500000,-0.844841226214,-0.401299582452
0.515625000,0.187500000,-0.887033807004,-0.421341058327
0.531250000,0.187500000,-0.926324589900,-0.440004180203
0.546875000,0.187500000,-0.962058397117,-0.456977738631
0.562500000,0.187500000,-0.993513927047,-0.471919115347
0.578125000,0.187500000,-1.01989868053,-0.484451873254
0.593750000,0.187500000,-1.04034367739,-0.494163246761
0.609375000,0.187500000,-1.05389798351,-0.500601542168
0.625000000,0.187500000,-1.05952307336,-0.503273459847
0.640625000,0.187500000,-1.05608706170,-0.501641354307
0.656250000,0.187500000,-1.04235884639,-0.495120452034
0.671875000,0.187500000,-1.01700221964,-0.483076054328
0.687500000,0.187500000,-0.978570014620,-0.464820756945
0.703125000,0.187500000,-0.925498373731,-0.439611727522
0.718750000,0.187500000,-0.856101245713,-0.406648091714
0.734375000,0.187500000,-0.768565239630,-0.365068488824
0.750000000,0.187500000,-0.660944997352,-0.313948873742
0.765625000,0.187500000,-0.531159275521,-0.252300655872
0.781250000,0.187500000,-0.376987975318,-0.179069288276
0.796875000,0.187500000,-0.196070403246,-0.0931334415419
0.812500000,0.187500000,0.0140948900775,0.00669507278682
0.828125000,0.187500000,0.256148276330,0.121670431257
0.843750000,0.187500000,0.532864715099,0.253110739672
0.859375000,0.187500000,0.847146309021,0.402394496785
0.875000000,0.187500000,1.20201101202,0.570955230710
0.890625000,0.187500000,1.60057659763,0.760273883873
0.906250000,0.187500000,2.04603881115,0.971868435296
0.921875000,0.187500000,2.54181672511,1.20736294443
0.937500000,0.187500000,3.09083660851,1.46814738904
0.953125000,0.187500000,,
0.968750000,0.187500000,,
0.984375000,0.187500000,,
1.000000000,0.187500000,,
-1.000000000,0.203125000,,
-0.984375000,0.203125000,,
-0.968750000,0.203125000,,
-0.953125000,0.203125000,,
-0.937500000,0.203125000,,
-0.921875000,0.203125000,2.79268969924,1.32652760714
-0.906250000,0.203125000,2.27762462128,1.08187169511
-0.890625000,0.203125000,1.81343223000,0.861380309249
-0.875000000,0.203125000,1.39718786069,0.663664233827
-0.859375000,0.203125000,1.02552124853,0.487122593052
-0.843750000,0.203125000,0.695305134265,0.330269938776
-0.828125000,0.203125000,0.403508779052,0.191666670050
-0.812500000,0.203125000,0.147214668453,0.0699269675152
-0.796875000,0.203125000,-0.0763696532315,-0.0362755852850
-0.781250000,0.203125000,-0.269903702786,-0.128204258824
-0.765625000,0.203125000,-0.435909374137,-0.207056952715
-0.750000000,0.203125000,-0.576768824325,-0.273965191554
-0.734375000,0.203125000,-0.694724410964,-0.329994095208
-0.718750000,0.203125000,-0.791880252149,-0.376143119771
-0.703125000,0.203125000,-0.870205054480,-0.413347400878
-0.687500000,0.203125000,-0.931535916238,-0.442479560213
-0.671875000,0.203125000,-0.977582864230,-0.464351860509
-0.656250000,0.203125000,-1.00993392534,-0.479718614535
-0.640625000,0.203125000,-1.03006056973,-0.489278770621
-0.625000000,0.203125000,-1.03932339314,-0.493678611742
-0.609375000,0.203125000,-1.03897792805,-0.493514515825
-0.593750000,0.203125000,-1.03018049687,-0.489335736012
-0.578125000,0.203125000,-1.01399403632,-0.481647167254
-0.562500000,0.203125000,-0.991393836789,-0.470912072475
-0.546875000,0.203125000,-0.963273151466,-0.457554746946
-0.531250000,0.203125000,-0.930448642409,-0.441963105144
-0.515625000,0.203125000,-0.893665636175,-0.424491177183
-0.500000000,0.203125000,-0.853603171007,-0.405461506228
-0.484375000,0.203125000,-0.810878820978,-0.385167439965
-0.468750000,0.203125000,-0.766053290354,-0.363875312918
-0.453125000,0.203125000,-0.719634770669,-0.341826516068
-0.437500000,0.203125000,-0.672083061858,-0.319239454383
-0.421875000,0.203125000,-0.623813455950,-0.296311391576
-0.406250000,0.203125000,-0.575200388381,-0.273220184481
-0.390625000,0.203125000,-0.526580859494,-0.250125908260
-0.375000000,0.203125000,-0.478257634745,-0.227172376504
-0.359375000,0.203125000,-0.430502228664,-0.204488558615
-0.343750000,0.203125000,-0.383557680960,-0.182189898456
-0.328125000,0.203125000,-0.337641133542,-0.160379538432
-0.312500000,0.203125000,-0.292946216944,-0.139149453048
-0.296875000,0.203125000,-0.249645254259,-0.118581495773
-0.281250000,0.203125000,-0.207891293112,-0.0987483642281
-0.265625000,0.203125000,-0.167819972884,-0.0797144871198
-0.250000000,0.203125000,-0.129551238053,-0.0615368380753
-0.234375000,0.203125000,-0.0931909037717,-0.0442656792915
-0.218750000,0.203125000,-0.0588320850722,-0.0279452404093
-0.203125000,0.203125000,-0.0265564951921,-0.0126143352162
-0.187500000,0.203125000,0.00356437741550,0.00169307927236
-0.171875000,0.203125000,0.0314682069770,0.0149473983141
-0.156250000,0.203125000,0.0571008758722,0.0271229160393
-0.140625000,0.203125000,0.0804156209659,0.0381974199588
-0.125000000,0.203125000,0.101372275215,0.0481518307271
-0.109375000,0.203125000,0.119936598466,0.0569698842712
-0.093750000,0.203125000,0.136079692572,0.0646378539718
-0.078125000,0.203125000,0.149777496340,0.0711443107613
-0.062500000,0.203125000,0.161010355925,0.0764799190643
-0.046875000,0.203125000,0.169762667679,0.0806372671477
-0.031250000,0.203125000,0.176022589625,0.0836107300719
-0.015625000,0.203125000,0.179781819947,0.0853963644750
0.000000000,0.203125000,0.181035439728,0.0859918338710
0.015625000,0.203125000,0.179781819947,0.0853963644750
0.031250000,0.203125000,0.176022589625,0.0836107300719
0.046875000,0.203125000,0.169762667679,0.0806372671477
0.062500000,0.203125000,0.161010355925,0.0764799190643
0.078125000,0.203125000,0.149777496340,0.0711443107613
0.093750000,0.203125000,0.136079692572,0.0646378539718
0.109375000,0.203125000,0.119936598466,0.0569698842712
0.125000000,0.203125000,0.101372275215,0.0481518307271
0.140625000,0.203125000,0.0804156209659,0.0381974199588
0.156250000,0.203125000,0.0571008758722,0.0271229160393
0.171875000,0.203125000,0.0314682069770,0.0149473983141
0.187500000,0.203125000,0.00356437741550,0.00169307927236
0.203125000,0.203125000,-0.0265564951921,-0.0126143352162
0.218750000,0.203125000,-0.0588320850722,-0.0279452404093
0.234375000,0.203125000,-0.0931909037717,-0.0442656792915
0.250000000,0.203125000,-0.129551238053,-0.0615368380753
0.265625000,0.203125000,-0.167819972884,-0.0797144871198
0.281250000,0.203125000,-0.207891293112,-0.0987483642281
0.296875000,0.203125000,-0.249645254259,-0.118581495773
0.312500000,0.203125000,-0.292946216944,-0.139149453048
0.328125000,0.203125000,-0.337641133542,-0.160379538432
0.343750000,0.203125000,-0.383557680960,-0.182189898456
0.359375000,0.203125000,-0.430502228664,-0.204488558615
0.375000000,0.203125000,-0.478257634745,-0.227172376504
0.390625000,0.203125000,-0.526580859494,-0.250125908260
0.406250000,0.203125000,-0.575200388381,-0.273220184481
0.421875000,0.203125000,-0.623813455950,-0.296311391576
0.437500000,0.203125000,-0.672083061858,-0.319239454383
0.453125000,0.203125000,-0.719634770669,-0.341826516068
0.468750000,0.203125000,-0.766053290354,-0.363875312918
0.484375000,0.203125000,-0.810878820978,-0.385167439965
0.500000000,0.203125000,-0.853603171007,-0.405461506228
0.515625000,0.203125000,-0.893665636175,-0.424491177183
0.531250000,0.203125000,-0.930448642409,-0.441963105144
0.546875000,0.203125000,-0.963273151466,-0.457554746946
0.562500000,0.203125000,-0.991393836789,-0.470912072475
0.578125000,0.203125000,-1.01399403632,-0.481647167254
0.593750000,0.203125000,-1.03018049687,-0.489335736012
0.609375000,0.203125000,-1.03897792805,-0.493514515825
0.625000000,0.203125000,-1.03932339314,-0.493678611742
0.640625000,0.203125000,-1.03006056973,-0.489278770621
0.656250000,0.203125000,-1.00993392534,-0.479718614535
0.671875000,0.203125000,-0.977582864230,-0.464351860509
0.687500000,0.203125000,-0.931535916238,-0.442479560213
0.703125000,0.203125000,-0.870205054480,-0.413347400878
0.718750000,0.203125000,-0.791880252149,-0.376143119771
0.734375000,0.203125000,-0.694724410964,-0.329994095208
0.750000000,0.203125000,-0.576768824325,-0.273965191554
0.765625000,0.203125000,-0.435909374137,-0.207056952715
0.781250000,0.203125000,-0.269903702786,-0.128204258824
0.796875000,0.203125000,-0.0763696532315,-0.0362755852850
0.812500000,0.203125000,0.147214668453,0.0699269675152
0.828125000,0.203125000,0.403508779052,0.191666670050
0.843750000,0.203125000,0.695305134265,0.330269938776
0.859375000,0.203125000,1.02552124853,0.487122593052
0.875000000,0.203125000,1.39718786069,0.663664233827
0.890625000,0.203125000,1.81343223000,0.861380309249
0.906250000,0.203125000,2.27762462128,1.08187169511
0.921875000,0.203125000,2.79268969924,1.32652760714
0.937500000,0.203125000,,
0.953125000,0.203125000,,
0.968750000,0.203125000,,
0.984375000,0.203125000,,
1.000000000,0.203125000,,
-1.000000000,0.218750000,,
-0.984375000,0.218750000,,
-0.968750000,0.218750000,,
-0.953125000,0.218750000,,
-0.937500000,0.218750000,,
-0.921875000,0.218750000,3.05979675959,1.45340346080
-0.906250000,0.218750000,2.52414314849,1.19896799553
-0.890625000,0.218750000,2.04043387961,0.969206092814
-0.875000000,0.218750000,1.60527853899,0.762507306021
-0.859375000,0.218750000,1.21578588489,0.577498295324
-0.843750000,0.218750000,0.868656619142,0.412611894092
-0.828125000,0.218750000,0.560848792264,0.266403176325
-0.812500000,0.218750000,0.289430500358,0.137479487670
-0.796875000,0.218750000,0.0515923476287,0.0245063651236
-0.781250000,0.218750000,-0.155344165525,-0.0737884786242
-0.765625000,0.218750000,-0.333921547667,-0.158612735142
-0.750000000,0.218750000,-0.486543870600,-0.231108338535
-0.734375000,0.218750000,-0.615476438828,-0.292351308443
-0.718750000,0.218750000,-0.722847133511,-0.343352388418
-0.703125000,0.218750000,-0.810649065630,-0.385058306174
-0.687500000,0.218750000,-0.880744238091,-0.418353513093
-0.671875000,0.218750000,-0.934867967897,-0.444062284751
-0.656250000,0.218750000,-0.974633863562,-0.462951085192
-0.640625000,0.218750000,-1.00153919173,-0.475731116070
-0.625000000,0.218750000,-1.01697049409,-0.483060984691
-0.609375000,0.218750000,-1.02220934403,-0.485549438416
-0.593750000,0.218750000,-1.01843815294,-0.483758122646
-0.578125000,0.218750000,-1.00674595162,-0.478204327017
-0.562500000,0.218750000,-0.988134091795,-0.469363693602
-0.546875000,0.218750000,-0.963521819365,-0.457672864198
-0.531250000,0.218750000,-0.933751686169,-0.443532050930
-0.515625000,0.218750000,-0.899594772399,-0.427307516890
-0.500000000,0.218750000,-0.861755700523,-0.409333957749
-0.484375000,0.218750000,-0.820877426463,-0.389916777570
-0.468750000,0.218750000,-0.777545799345,-0.369334254689
-0.453125000,0.218750000,-0.732293885141,-0.347839595442
-0.437500000,0.218750000,-0.685606052021,-0.325662874710
-0.421875000,0.218750000,-0.637921818148,-0.303012863621
-0.406250000,0.218750000,-0.589639465845,-0.280078746276
-0.390625000,0.218750000,-0.541119426207,-0.257031727448
-0.375000000,0.218750000,-0.492687440682,-0.234026534324
-0.359375000,0.218750000,-0.444637505899,-0.211202815302
-0.343750000,0.218750000,-0.397234611521,-0.188686440473
-0.328125000,0.218750000,-0.350717277382,-0.166590706757
-0.312500000,0.218750000,-0.305299900208,-0.145017452599
-0.296875000,0.218750000,-0.261174918973,-0.124058086512
-0.281250000,0.218750000,-0.218514807180,-0.103794533411
-0.265625000,0.218750000,-0.177473902233,-0.0843001035608
-0.250000000,0.218750000,-0.138190080379,-0.0656402881802
-0.234375000,0.218750000,-0.100786285829,-0.0478734857690
-0.218750000,0.218750000,-0.0653719237978,-0.0310516638039
-0.203125000,0.218750000,-0.0320441241648,-0.0152209589783
-0.187500000,0.218750000,-0.000888885230446,-0.000422220484462
-0.171875000,0.218750000,0.0280178958774,0.0133085005418
-0.156250000,0.218750000,0.0546094988126,0.0259395119360
-0.140625000,0.218750000,0.0788275546262,0.0374430884474
-0.125000000,0.218750000,0.100621313249,0.0477951237934
-0.109375000,0.218750000,0.119946998578,0.0569748243247
-0.093750000,0.218750000,0.136767245687,0.0649644417015
-0.078125000,0.218750000,0.151050615005,0.0717490421272
-0.062500000,0.218750000,0.162771180044,0.0773163105210
-0.046875000,0.218750000,0.171908184722,0.0816563877428
-0.031250000,0.218750000,0.178445766841,0.0847617392493
-0.015625000,0.218750000,0.182372746377,0.0866270545289
0.000000000,0.218750000,0.183682475009,0.0872491756293
0.015625000,0.218750000,0.182372746377,0.0866270545289
0.031250000,0.218750000,0.178445766841,0.0847617392493
0.046875000,0.218750000,0.171908184722,0.0816563877428
0.062500000,0.218750000,0.162771180044,0.0773163105210
0.078125000,0.218750000,0.151050615005,0.0717490421272
0.093750000,0.218750000,0.136767245687,0.0649644417015
0.109375000,0.218750000,0.119946998578,0.0569748243247
0.125000000,0.218750000,0.100621313249,0.0477951237934
0.140625000,0.218750000,0.0788275546262,0.0374430884474
0.156250000,0.218750000,0.0546094988126,0.0259395119360
0.171875000,0.218750000,0.0280178958774,0.0133085005418
0.187500000,0.218750000,-0.000888885230446,-0.000422220484462
0.203125000,0.218750000,-0.0320441241648,-0.0152209589783
0.218750000,0.218750000,-0.0653719237978,-0.0310516638039
0.234375000,0.218750000,-0.100786285829,-0.0478734857690
0.250000000,0.218750000,-0.138190080379,-0.0656402881802
0.265625000,0.218750000,-0.177473902233,-0.0843001035608
0.281250000,0.218750000,-0.218514807180,-0.103794533411
0.296875000,0.218750000,-0.261174918973,-0.124058086512
0.312500000,0.218750000,-0.305299900208,-0.145017452599
0.328125000,0.218750000,-0.350717277382,-0.166590706757
0.343750000,0.218750000,-0.397234611521,-0.188686440473
0.359375000,0.218750000,-0.444637505899,-0.211202815302
0.375000000,0.218750000,-0.492687440682,-0.234026534324
0.390625000,0.218750000,-0.541119426207,-0.257031727448
0.406250000,0.218750000,-0.589639465845,-0.280078746276
0.421875000,0.218750000,-0.637921818148,-0.303012863621
0.437500000,0.218750000,-0.685606052021,-0.325662874710
0.453125000,0.218750000,-0.732293885141,-0.347839595442
0.468750000,0.218750000,-0.777545799345,-0.369334254689
0.484375000,0.218750000,-0.820877426463,-0.389916777570
0.500000000,0.218750000,-0.861755700523,-0.409333957749
0.515625000,0.218750000,-0.899594772399,-0.427307516890
0.531250000,0.218750000,-0.933751686169,-0.443532050930
0.546875000,0.218750000,-0.963521819365,-0.457672864198
0.562500000,0.218750000,-0.988134091795,-0.469363693602
0.578125000,0.218750000,-1.00674595162,-0.478204327017
0.593750000,0.218750000,-1.01843815294,-0.483758122646
0.609375000,0.218750000,-1.02220934403,-0.485549438416
0.625000000,0.218750000,-1.01697049409,-0.483060984691
0.640625000,0.218750000,-1.00153919173,-0.475731116070
0.656250000,0.218750000,-0.974633863562,-0.462951085192
0.671875000,0.218750000,-0.934867967897,-0.444062284751
0.687500000,0.218750000,-0.880744238091,-0.418353513093
0.703125000,0.218750000,-0.810649065630,-0.385058306174
0.718750000,0.218750000,-0.722847133511,-0.343352388418
0.734375000,0.218750000,-0.615476438828,-0.292351308443
0.750000000,0.218750000,-0.486543870600,-0.231108338535
0.765625000,0.218750000,-0.333921547667,-0.158612735142
0.781250000,0.218750000,-0.155344165525,-0.0737884786242
0.796875000,0.218750000,0.0515923476287,0.0245063651236
0.812500000,0.218750000,0.289430500358,0.137479487670
0.828125000,0.218750000,0.560848792264,0.266403176325
0.843750000,0.218750000,0.868656619142,0.412611894092
0.859375000,0.218750000,1.21578588489,0.577498295324
0.875000000,0.218750000,1.60527853899,0.762507306021
0.890625000,0.218750000,2.04043387961,0.969206092814
0.906250000,0.218750000,2.52414314849,1.19896799553
0.921875000,0.218750000,3.05979675959,1.45340346080
0.937500000,0.218750000,,
0.953125000,0.218750000,,
0.968750000,0.218750000,,
0.984375000,0.218750000,,
1.000000000,0.218750000,,
-1.000000000,0.234375000,,
-0.984375000,0.234375000,,
-0.968750000,0.234375000,,
-0.953125000,0.234375000,,
-0.937500000,0.234375000,,
-0.921875000,0.234375000,3.34397489942,1.58838807722
-0.906250000,0.234375000,2.78655512830,1.32361368594
-0.890625000,0.234375000,2.28203393476,1.08396611901
-0.875000000,0.234375000,1.82717803081,0.867909564634
-0.859375000,0.234375000,1.41863886982,0.673853463163
-0.843750000,0.234375000,1.05358271783,0.500451790968
-0.828125000,0.234375000,0.728797102318,0.346178623601
-0.812500000,0.234375000,0.441336947893,0.209635050249
-0.796875000,0.234375000,0.188376633610,0.0894789009646
-0.781250000,0.234375000,-0.0327810327022,-0.0155709905335
-0.765625000,0.234375000,-0.224699242774,-0.106732140318
-0.750000000,0.234375000,-0.389804354905,-0.185157068580
-0.734375000,0.234375000,-0.530385248122,-0.251932992858
-0.718750000,0.234375000,-0.648594410428,-0.308082344953
-0.703125000,0.234375000,-0.746450382828,-0.354563931844
-0.687500000,0.234375000,-0.825841250952,-0.392274594202
-0.671875000,0.234375000,-0.888528927252,-0.422051240445
-0.656250000,0.234375000,-0.936154013965,-0.444673156633
-0.640625000,0.234375000,-0.970241072969,-0.460864509660
-0.625000000,0.234375000,-0.992204162577,-0.471296977224
-0.609375000,0.234375000,-1.00335252548,-0.476592449604
-0.593750000,0.234375000,-1.00489633507,-0.477325759157
-0.578125000,0.234375000,-0.997952424316,-0.474027401550
-0.562500000,0.234375000,-0.983549939441,-0.467186221234
-0.546875000,0.234375000,-0.962635869183,-0.457252037862
-0.531250000,0.234375000,-0.936080414927,-0.444638197090
-0.515625000,0.234375000,-0.904682172919,-0.429724032137
-0.500000000,0.234375000,-0.869173109154,-0.412857226848
-0.484375000,0.234375000,-0.830223312076,-0.394356073236
-0.468750000,0.234375000,-0.788445513225,-0.374511618782
-0.453125000,0.234375000,-0.744399372331,-0.353589701857
-0.437500000,0.234375000,-0.698595522818,-0.331832873338
-0.421875000,0.234375000,-0.651499380099,-0.309462205547
-0.406250000,0.234375000,-0.603534715525,-0.286678989874
-0.390625000,0.234375000,-0.555086999355,-0.263666324694
-0.375000000,0.234375000,-0.506506521484,-0.240590597705
-0.359375000,0.234375000,-0.458111294809,-0.217602865034
-0.343750000,0.234375000,-0.410189750567,-0.194840131519
-0.328125000,0.234375000,-0.363003233615,-0.172426535967
-0.312500000,0.234375000,-0.316788307745,-0.150474446179
-0.296875000,0.234375000,-0.271758878728,-0.129085467396
-0.281250000,0.234375000,-0.228108145783,-0.108351369247
-0.265625000,0.234375000,-0.186010390213,-0.0883549353512
-0.250000000,0.234375000,-0.145622610197,-0.0691707398434
-0.234375000,0.234375000,-0.107086011752,-0.0508658555820
-0.218750000,0.234375000,-0.0705273633584,-0.0335004975953
-0.203125000,0.234375000,-0.0360602236922,-0.0171286062538
-0.187500000,0.234375000,-0.00378605021388,-0.00179837385159
-0.171875000,0.234375000,0.0262048036263,0.0124472817225
-0.156250000,0.234375000,0.0538321951395,0.0255702926913
-0.140625000,0.234375000,0.0790253967792,0.0375370634701
-0.125000000,0.234375000,0.101722391114,0.0483181357789
-0.109375000,0.234375000,0.121869250888,0.0578878941717
-0.093750000,0.234375000,0.139419598857,0.0662243094572
-0.078125000,0.234375000,0.154334142840,0.0733087178489
-0.062500000,0.234375000,0.166580281148,0.0791256335453
-0.046875000,0.234375000,0.176131774721,0.0836625929923
-0.031250000,0.234375000,0.182968484342,0.0869100300626
-0.015625000,0.234375000,0.187076167313,0.0888611794735
0.000000000,0.234375000,0.188446335023,0.0895120091360
0.015625000,0.234375000,0.187076167313,0.0888611794735
0.031250000,0.234375000,0.182968484342,0.0869100300626
0.046875000,0.234375000,0.176131774721,0.0836625929923
0.062500000,0.234375000,0.166580281148,0.0791256335453
0.078125000,0.234375000,0.154334142840,0.0733087178489
0.093750000,0.234375000,0.139419598857,0.0662243094572
0.109375000,0.234375000,0.121869250888,0.0578878941717
0.125000000,0.234375000,0.101722391114,0.0483181357789
0.140625000,0.234375000,0.0790253967792,0.0375370634701
0.156250000,0.234375000,0.0538321951395,0.0255702926913
0.171875000,0.234375000,0.0262048036263,0.0124472817225
0.187500000,0.234375000,-0.00378605021388,-0.00179837385159
0.203125000,0.234375000,-0.0360602236922,-0.0171286062538
0.218750000,0.234375000,-0.0705273633584,-0.0335004975953
0.234375000,0.234375000,-0.107086011752,-0.0508658555820
0.250000000,0.234375000,-0.145622610197,-0.0691707398434
0.265625000,0.234375000,-0.186010390213,-0.0883549353512
0.281250000,0.234375000,-0.228108145783,-0.108351369247
0.296875000,0.234375000,-0.271758878728,-0.129085467396
0.312500000,0.234375000,-0.316788307745,-0.150474446179
0.328125000,0.234375000,-0.363003233615,-0.172426535967
0.343750000,0.234375000,-0.410189750567,-0.194840131519
0.359375000,0.234375000,-0.458111294809,-0.217602865034
0.375000000,0.234375000,-0.506506521484,-0.240590597705
0.390625000,0.234375000,-0.555086999355,-0.263666324694
0.406250000,0.234375000,-0.603534715525,-0.286678989874
0.421875000,0.234375000,-0.651499380099,-0.309462205547
0.437500000,0.234375000,-0.698595522818,-0.331832873338
0.453125000,0.234375000,-0.744399372331,-0.353589701857
0.468750000,0.234375000,-0.788445513225,-0.374511618782
0.484375000,0.234375000,-0.830223312076,-0.394356073236
0.500000000,0.234375000,-0.869173109154,-0.412857226848
0.515625000,0.234375000,-0.904682172919,-0.429724032137
0.531250000,0.234375000,-0.936080414927,-0.444638197090
0.546875000,0.234375000,-0.962635869183,-0.457252037862
0.562500000,0.234375000,-0.983549939441,-0.467186221234
0.578125000,0.234375000,-0.997952424316,-0.474027401550
0.593750000,0.234375000,-1.00489633507,-0.477325759157
0.609375000,0.234375000,-1.00335252548,-0.476592449604
0.625000000,0.234375000,-0.992204162577,-0.471296977224
0.640625000,0.234375000,-0.970241072969,-0.460864509660
0.656250000,0.234375000,-0.936154013965,-0.444673156633
0.671875000,0.234375000,-0.888528927252,-0.422051240445
0.687500000,0.234375000,-0.825841250952,-0.392274594202
0.703125000,0.234375000,-0.746450382828,-0.354563931844
0.718750000,0.234375000,-0.648594410428,-0.308082344953
0.734375000,0.234375000,-0.530385248122,-0.251932992858
0.750000000,0.234375000,-0.389804354905,-0.185157068580
0.765625000,0.234375000,-0.224699242774,-0.106732140318
0.781250000,0.234375000,-0.0327810327022,-0.0155709905335
0.796875000,0.234375000,0.188376633610,0.0894789009646
0.812500000,0.234375000,0.441336947893,0.209635050249
0.828125000,0.234375000,0.728797102318,0.346178623601
0.843750000,0.234375000,1.05358271783,0.500451790968
0.859375000,0.234375000,1.41863886982,0.673853463163
0.875000000,0.234375000,1.82717803081,0.867909564634
0.890625000,0.234375000,2.28203393476,1.08396611901
0.906250000,0.234375000,2.78655512830,1.32361368594
0.921875000,0.234375000,3.34397489942,1.58838807722
0.937500000,0.234375000,,
0.953125000,0.234375000,,
0.968750000,0.234375000,,
0.984375000,0.234375000,,
1.000000000,0.234375000,,
-1.000000000,0.250000000,,
-0.984375000,0.250000000,,
-0.968750000,0.250000000,,
-0.953125000,0.250000000,,
-0.937500000,0.250000000,,
-0.921875000,0.250000000,,
-0.906250000,0.250000000,3.06572545816,1.45621959263
-0.890625000,0.250000000,2.53921540529,1.20612731751
-0.875000000,0.250000000,2.06337179401,0.980101602154
-0.859375000,0.250000000,1.63483862783,0.776548348217
-0.843750000,0.250000000,1.25080561812,0.594132668605
-0.828125000,0.250000000,0.908039785291,0.431318898013
-0.812500000,0.250000000,0.603584330672,0.286702557069
-0.796875000,0.250000000,0.334598312343,0.158934198363
-0.781250000,0.250000000,0.0983662904024,0.0467239879411
-0.765625000,0.250000000,-0.107695554220,-0.0511553882543
-0.750000000,0.250000000,-0.286036138890,-0.135867165973
-0.734375000,0.250000000,-0.438968467595,-0.208510022108
-0.718750000,0.250000000,-0.568670419258,-0.270118449148
-0.703125000,0.250000000,-0.677186946402,-0.321663799541
-0.687500000,0.250000000,-0.766433365044,-0.364055848396
-0.671875000,0.250000000,-0.838199469741,-0.398144748127
-0.656250000,0.250000000,-0.894154257990,-0.424723272545
-0.640625000,0.250000000,-0.935851084723,-0.444529265243
-0.625000000,0.250000000,-0.964733100784,-0.458248222872
-0.609375000,0.250000000,-0.982138857482,-0.466515957304
-0.593750000,0.250000000,-0.989307979639,-0.469921290328
-0.578125000,0.250000000,-0.987386831126,-0.469008744785
-0.562500000,0.250000000,-0.977434109416,-0.464281201973
-0.546875000,0.250000000,-0.960426323136,-0.456202503490
-0.531250000,0.250000000,-0.937263111558,-0.445199977990
-0.515625000,0.250000000,-0.908772380630,-0.431666880799
-0.500000000,0.250000000,-0.875715231662,-0.415964735039
-0.484375000,0.250000000,-0.838790669869,-0.398425568188
-0.468750000,0.250000000,-0.798640081234,-0.379354038586
-0.453125000,0.250000000,-0.755851473436,-0.359029449882
-0.437500000,0.250000000,-0.710963478103,-0.337707652099
-0.421875000,0.250000000,-0.664469114572,-0.315622829422
-0.406250000,0.250000000,-0.616819320053,-0.292989177025
-0.390625000,0.250000000,-0.568426248336,-0.270002467960
-0.375000000,0.250000000,-0.519666345456,-0.246841514091
-0.359375000,0.250000000,-0.470883208270,-0.223669523928
-0.343750000,0.250000000,-0.422390235241,-0.200635361739
-0.328125000,0.250000000,-0.374473077050,-0.177874711599
-0.312500000,0.250000000,-0.327391896965,-0.155511151058
-0.296875000,0.250000000,-0.281383449990,-0.133657138745
-0.281250000,0.250000000,-0.236662990940,-0.112414920697
-0.265625000,0.250000000,-0.193426019875,-0.0918773594404
-0.250000000,0.250000000,-0.151849875296,-0.0721286907654
-0.234375000,0.250000000,-0.112095184128,-0.0532452124606
-0.218750000,0.250000000,-0.0743071766276,-0.0352959088981
-0.203125000,0.250000000,-0.0386168762560,-0.0183430162216
-0.187500000,0.250000000,-0.00514217159694,-0.00244253150854
-0.171875000,0.250000000,0.0260112213631,0.0123553301475
-0.156250000,0.250000000,0.0547488988467,0.0260057269522
-0.140625000,0.250000000,0.0809870040665,0.0384688269316
-0.125000000,0.250000000,0.104651551302,0.0497094868685
-0.109375000,0.250000000,0.125677831864,0.0596969701355
-0.093750000,0.250000000,0.144009898136,0.0684047016148
-0.078125000,0.250000000,0.159600119557,0.0758100567897
-0.062500000,0.250000000,0.172408806836,0.0818941832472
-0.046875000,0.250000000,0.182403900226,0.0866418526071
-0.031250000,0.250000000,0.189560719227,0.0900413416329
-0.015625000,0.250000000,0.193861770296,0.0920843408905
0.000000000,0.250000000,0.195296611295,0.0927658903651
0.015625000,0.250000000,0.193861770296,0.0920843408905
0.031250000,0.250000000,0.189560719227,0.0900413416329
0.046875000,0.250000000,0.182403900226,0.0866418526071
0.062500000,0.250000000,0.172408806836,0.0818941832472
0.078125000,0.250000000,0.159600119557,0.0758100567897
0.093750000,0.250000000,0.144009898136,0.0684047016148
0.109375000,0.250000000,0.125677831864,0.0596969701355
0.125000000,0.250000000,0.104651551302,0.0497094868685
0.140625000,0.250000000,0.0809870040665,0.0384688269316
0.156250000,0.250000000,0.0547488988467,0.0260057269522
0.171875000,0.250000000,0.0260112213631,0.0123553301475
0.187500000,0.250000000,-0.00514217159694,-0.00244253150854
0.203125000,0.250000000,-0.0386168762560,-0.0183430162216
0.218750000,0.250000000,-0.0743071766276,-0.0352959088981
0.234375000,0.250000000,-0.112095184128,-0.0532452124606
0.250000000,0.250000000,-0.151849875296,-0.0721286907654
0.265625000,0.250000000,-0.193426019875,-0.0918773594404
0.281250000,0.250000000,-0.236662990940,-0.112414920697
0.296875000,0.250000000,-0.281383449990,-0.133657138745
0.312500000,0.250000000,-0.327391896965,-0.155511151058
0.328125000,0.250000000,-0.374473077050,-0.177874711599
0.343750000,0.250000000,-0.422390235241,-0.200635361739
0.359375000,0.250000000,-0.470883208270,-0.223669523928
0.375000000,0.250000000,-0.519666345456,-0.246841514091
0.390625000,0.250000000,-0.568426248336,-0.270002467960
0.406250000,0.250000000,-0.616819320053,-0.292989177025
0.421875000,0.250000000,-0.664469114572,-0.315622829422
0.437500000,0.250000000,-0.710963478103,-0.337707652099
0.453125000,0.250000000,-0.755851473436,-0.359029449882
0.468750000,0.250000000,-0.798640081234,-0.379354038586
0.484375000,0.250000000,-0.838790669869,-0.398425568188
0.500000000,0.250000000,-0.875715231662,-0.415964735039
0.515625000,0.250000000,-0.908772380630,-0.431666880799
0.531250000,0.250000000,-0.937263111558,-0.445199977990
0.546875000,0.250000000,-0.960426323136,-0.456202503490
0.562500000,0.250000000,-0.977434109416,-0.464281201973
0.578125000,0.250000000,-0.987386831126,-0.469008744785
0.593750000,0.250000000,-0.989307979639,-0.469921290328
0.609375000,0.250000000,-0.982138857482,-0.466515957304
0.625000000,0.250000000,-0.964733100784,-0.458248222872
0.640625000,0.250000000,-0.935851084723,-0.444529265243
0.656250000,0.250000000,-0.894154257990,-0.424723272545
0.671875000,0.250000000,-0.838199469741,-0.398144748127
0.687500000,0.250000000,-0.766433365044,-0.364055848396
0.703125000,0.250000000,-0.677186946402,-0.321663799541
0.718750000,0.250000000,-0.568670419258,-0.270118449148
0.734375000,0.250000000,-0.438968467595,-0.208510022108
0.750000000,0.250000000,-0.286036138890,-0.135867165973
0.765625000,0.250000000,-0.107695554220,-0.0511553882543
0.781250000,0.250000000,0.0983662904024,0.0467239879411
0.796875000,0.250000000,0.334598312343,0.158934198363
0.812500000,0.250000000,0.603584330672,0.286702557069
0.828125000,0.250000000,0.908039785291,0.431318898013
0.843750000,0.250000000,1.25080561812,0.594132668605
0.859375000,0.250000000,1.63483862783,0.776548348217
0.875000000,0.250000000,2.06337179401,0.980101602154
0.890625000,0.250000000,2.53921540529,1.20612731751
0.906250000,0.250000000,3.06572545816,1.45621959263
0.921875000,0.250000000,,
0.937500000,0.250000000,,
0.953125000,0.250000000,,
0.968750000,0.250000000,,
0.984375000,0.250000000,,
1.000000000,0.250000000,,
-1.000000000,0.265625000,,
-0.984375000,0.265625000,,
-0.968750000,0.265625000,,
-0.953125000,0.265625000,,
-0.937500000,0.265625000,,
-0.921875000,0.265625000,,
-0.906250000,0.265625000,3.36258288903,1.59722687229
-0.890625000,0.265625000,2.81287232901,1.33611435628
-0.875000000,0.265625000,2.31486689587,1.09956177554
-0.859375000,0.265625000,1.86537773956,0.886054426289
-0.843750000,0.265625000,1.46110907518,0.694026810711
-0.828125000,0.265625000,1.09932317061,0.522178506038
-0.812500000,0.265625000,0.776881698517,0.369018806795
-0.796875000,0.265625000,0.490929523748,0.233191523780
-0.781250000,0.265625000,0.238733586702,0.113398453683
-0.765625000,0.265625000,0.0176896469965,0.00840258232336
-0.750000000,0.265625000,-0.174673923010,-0.0829701134295
-0.734375000,0.265625000,-0.340694705249,-0.161829984993
-0.718750000,0.265625000,-0.482576677665,-0.229223921891
-0.703125000,0.265625000,-0.602392127625,-0.286136260622
-0.687500000,0.265625000,-0.702084705261,-0.333490234999
-0.671875000,0.265625000,-0.783473342775,-0.372149837818
-0.656250000,0.265625000,-0.848256815404,-0.402921987317
-0.640625000,0.265625000,-0.898018758237,-0.426558910162
-0.625000000,0.265625000,-0.934232988347,-0.443760669465
-0.609375000,0.265625000,-0.958269009204,-0.455177779372
-0.593750000,0.265625000,-0.971397596862,-0.461413858509
-0.578125000,0.265625000,-0.974796388688,-0.463028284627
-0.562500000,0.265625000,-0.969555410126,-0.460538819810
-0.546875000,0.265625000,-0.956682488144,-0.454424181869
-0.531250000,0.265625000,-0.937108514288,-0.445126544287
-0.515625000,0.265625000,-0.911692524627,-0.433053949198
-0.500000000,0.265625000,-0.881226577181,-0.418582624161
-0.484375000,0.265625000,-0.846440409091,-0.402059194318
-0.468750000,0.265625000,-0.808005864373,-0.383802785577
-0.453125000,0.265625000,-0.766541086028,-0.364107015863
-0.437500000,0.265625000,-0.722614469456,-0.343241872992
-0.421875000,0.265625000,-0.676748378912,-0.321455479983
-0.406250000,0.265625000,-0.629422628162,-0.298975748377
-0.390625000,0.265625000,-0.581077732227,-0.276011922808
-0.375000000,0.265625000,-0.532117934264,-0.252756018775
-0.359375000,0.265625000,-0.482914016597,-0.229384157884
-0.343750000,0.265625000,-0.433805903022,-0.206057803936
-0.328125000,0.265625000,-0.385105062417,-0.182924904648
-0.312500000,0.265625000,-0.337096721367,-0.160120942649
-0.296875000,0.265625000,-0.290041896994,-0.137769901072
-0.281250000,0.265625000,-0.244179258726,-0.115985147895
-0.265625000,0.265625000,-0.199726828966,-0.0948702437591
-0.250000000,0.265625000,-0.156883531893,-0.0745196776492
-0.234375000,0.265625000,-0.115830600445,-0.0550195352113
-0.218750000,0.265625000,-0.0767328500108,-0.0364481037551
-0.203125000,0.265625000,-0.0397398284010,-0.0188764184905
-0.187500000,0.265625000,-0.00498684905997,-0.00236875330349
-0.171875000,0.265625000,0.0274040826120,0.0130169392407
-0.156250000,0.265625000,0.0573234434241,0.0272286356264
-0.140625000,0.265625000,0.0846734592959,0.0402198931656
-0.125000000,0.265625000,0.109367459259,0.0519495431478
-0.109375000,0.265625000,0.131329308618,0.0623814215934
-0.093750000,0.265625000,0.150492918210,0.0714841361496
-0.078125000,0.265625000,0.166801822238,0.0792308655631
-0.062500000,0.265625000,0.180208822068,0.0855991904825
-0.046875000,0.265625000,0.190675691169,0.0905709533051
-0.031250000,0.265625000,0.198172938231,0.0941321456596
-0.015625000,0.265625000,0.202679625906,0.0962728223054
0.000000000,0.265625000,0.204183242511,0.0969870401926
0.015625000,0.265625000,0.202679625906,0.0962728223054
0.031250000,0.265625000,0.198172938231,0.0941321456596
0.046875000,0.265625000,0.190675691169,0.0905709533051
0.062500000,0.265625000,0.180208822068,0.0855991904825
0.078125000,0.265625000,0.166801822238,0.0792308655631
0.093750000,0.265625000,0.150492918210,0.0714841361496
0.109375000,0.265625000,0.131329308618,0.0623814215934
0.125000000,0.265625000,0.109367459259,0.0519495431478
0.140625000,0.265625000,0.0846734592959,0.0402198931656
0.156250000,0.265625000,0.0573234434241,0.0272286356264
0.171875000,0.265625000,0.0274040826120,0.0130169392407
0.187500000,0.265625000,-0.00498684905997,-0.00236875330349
0.203125000,0.265625000,-0.0397398284010,-0.0188764184905
0.218750000,0.265625000,-0.0767328500108,-0.0364481037551
0.234375000,0.265625000,-0.115830600445,-0.0550195352113
0.250000000,0.265625000,-0.156883531893,-0.0745196776492
0.265625000,0.265625000,-0.199726828966,-0.0948702437591
0.281250000,0.265625000,-0.244179258726,-0.115985147895
0.296875000,0.265625000,-0.290041896994,-0.137769901072
0.312500000,0.265625000,-0.337096721367,-0.160120942649
0.328125000,0.265625000,-0.385105062417,-0.182924904648
0.343750000,0.265625000,-0.433805903022,-0.206057803936
0.359375000,0.265625000,-0.482914016597,-0.229384157884
0.375000000,0.265625000,-0.532117934264,-0.252756018775
0.390625000,0.265625000,-0.581077732227,-0.276011922808
0.406250000,0.265625000,-0.629422628162,-0.298975748377
0.421875000,0.265625000,-0.676748378912,-0.321455479983
0.437500000,0.265625000,-0.722614469456,-0.343241872992
0.453125000,0.265625000,-0.766541086028,-0.364107015863
0.468750000,0.265625000,-0.808005864373,-0.383802785577
0.484375000,0.265625000,-0.846440409091,-0.402059194318
0.500000000,0.265625000,-0.881226577181,-0.418582624161
0.515625000,0.265625000,-0.911692524627,-0.433053949198
0.531250000,0.265625000,-0.937108514288,-0.445126544287
0.546875000,0.265625000,-0.956682488144,-0.454424181869
0.562500000,0.265625000,-0.969555410126,-0.460538819810
0.578125000,0.265625000,-0.974796388688,-0.463028284627
0.593750000,0.265625000,-0.971397596862,-0.461413858509
0.609375000,0.265625000,-0.958269009204,-0.455177779372
0.625000000,0.265625000,-0.934232988347,-0.443760669465
0.640625000,0.265625000,-0.898018758237,-0.426558910162
0.656250000,0.265625000,-0.848256815404,-0.402921987317
0.671875000,0.265625000,-0.783473342775,-0.372149837818
0.687500000,0.265625000,-0.702084705261,-0.333490234999
0.703125000,0.265625000,-0.602392127625,-0.286136260622
0.718750000,0.265625000,-0.482576677665,-0.229223921891
0.734375000,0.265625000,-0.340694705249,-0.161829984993
0.750000000,0.265625000,-0.174673923010,-0.0829701134295
0.765625000,0.265625000,0.0176896469965,0.00840258232336
0.781250000,0.265625000,0.238733586702,0.113398453683
0.796875000,0.265625000,0.490929523748,0.233191523780
0.812500000,0.265625000,0.776881698517,0.369018806795
0.828125000,0.265625000,1.09932317061,0.522178506038
0.843750000,0.265625000,1.46110907518,0.694026810711
0.859375000,0.265625000,1.86537773956,0.886054426289
0.875000000,0.265625000,2.31486689587,1.09956177554
0.890625000,0.265625000,2.81287232901,1.33611435628
0.906250000,0.265625000,3.36258288903,1.59722687229
0.921875000,0.265625000,,
0.937500000,0.265625000,,
0.953125000,0.265625000,,
0.968750000,0.265625000,,
0.984375000,0.265625000,,
1.000000000,0.265625000,,
-1.000000000,0.281250000,,
-0.984375000,0.281250000,,
-0.968750000,0.281250000,,
-0.953125000,0.281250000,,
-0.937500000,0.281250000,,
-0.921875000,0.281250000,,
-0.906250000,0.281250000,3.67812224745,1.74710806754
-0.890625000,0.281250000,3.10396505063,1.47438339905
-0.875000000,0.281250000,2.58258742759,1.22672902811
-0.859375000,0.281250000,2.11081428106,1.00263678350
-0.843750000,0.281250000,1.68551073054,0.800617597008
-0.828125000,0.281250000,1.30345681091,0.619141985183
-0.812500000,0.281250000,0.961999836241,0.456949922214
-0.796875000,0.281250000,0.658102452335,0.312598664859
-0.781250000,0.281250000,0.389014824810,0.184782041785
-0.765625000,0.281250000,0.152112676328,0.0722535212560
-0.750000000,0.281250000,-0.0550983356563,-0.0261717094368
-0.734375000,0.281250000,-0.234980705506,-0.111615835115
-0.718750000,0.281250000,-0.389765123055,-0.185138433451
-0.703125000,0.281250000,-0.521552058049,-0.247737227573
-0.687500000,0.281250000,-0.632314540618,-0.300349406794
-0.671875000,0.281250000,-0.723901852837,-0.343853380097
-0.656250000,0.281250000,-0.798043898790,-0.379070851925
-0.640625000,0.281250000,-0.856356060606,-0.406769128788
-0.625000000,0.281250000,-0.900344383698,-0.427663582257
-0.609375000,0.281250000,-0.931410963830,-0.442420207819
-0.593750000,0.281250000,-0.950859430836,-0.451658229647
-0.578125000,0.281250000,-0.959900447919,-0.455952712762
-0.562500000,0.281250000,-0.959657157031,-0.455837149590
-0.546875000,0.281250000,-0.951170520723,-0.451805997344
-0.531250000,0.281250000,-0.935404516677,-0.444317145422
-0.515625000,0.281250000,-0.913251155759,-0.433794298985
-0.500000000,0.281250000,-0.885535299101,-0.420629267073
-0.484375000,0.281250000,-0.853019258680,-0.405184147873
-0.468750000,0.281250000,-0.816407169419,-0.387793405474
-0.453125000,0.281250000,-0.776349126809,-0.368765835234
-0.437500000,0.281250000,-0.733445087158,-0.348386416400
-0.421875000,0.281250000,-0.688248530949,-0.326918052201
-0.406250000,0.281250000,-0.641269891927,-0.304603198665
-0.390625000,0.281250000,-0.592979755722,-0.281665383968
-0.375000000,0.281250000,-0.543811835844,-0.258310622026
-0.359375000,0.281250000,-0.494165732516,-0.234728722945
-0.343750000,0.281250000,-0.444409484812,-0.211094505286
-0.328125000,0.281250000,-0.394881922492,-0.187568913184
-0.312500000,0.281250000,-0.345894829652,-0.164300044085
-0.296875000,0.281250000,-0.297734927624,-0.141424090622
-0.281250000,0.281250000,-0.250665688096,-0.119066201845
-0.265625000,0.281250000,-0.204928986598,-0.0973412686340
-0.250000000,0.281250000,-0.160746604691,-0.0763546372280
-0.234375000,0.281250000,-0.118321592126,-0.0562027562598
-0.218750000,0.281250000,-0.0778394971472,-0.0369737611449
-0.203125000,0.281250000,-0.0394694737305,-0.0187480000220
-0.187500000,0.281250000,-0.00336527582465,-0.00159850601671
-0.171875000,0.281250000,0.0303338547703,0.0144085810159
-0.156250000,0.281250000,0.0615023985252,0.0292136392995
-0.140625000,0.281250000,0.0900278587110,0.0427632328877
-0.125000000,0.281250000,0.115810146302,0.0550098194935
-0.109375000,0.281250000,0.138761041979,0.0659114949402
-0.093750000,0.281250000,0.158803731209,0.0754317723244
-0.078125000,0.281250000,0.175872405125,0.0835393924343
-0.062500000,0.281250000,0.189911924694,0.0902081642295
-0.046875000,0.281250000,0.200877542935,0.0954168328942
-0.031250000,0.281250000,0.208734682038,0.0991489739681
-0.015625000,0.281250000,0.213458763659,0.101392912738
0.000000000,0.281250000,0.215035088167,0.102141666879
0.015625000,0.281250000,0.213458763659,0.101392912738
0.031250000,0.281250000,0.208734682038,0.0991489739681
0.046875000,0.281250000,0.200877542935,0.0954168328942
0.062500000,0.281250000,0.189911924694,0.0902081642295
0.078125000,0.281250000,0.175872405125,0.0835393924343
0.093750000,0.281250000,0.158803731209,0.0754317723244
0.109375000,0.281250000,0.138761041979,0.0659114949402
0.125000000,0.281250000,0.115810146302,0.0550098194935
0.140625000,0.281250000,0.0900278587110,0.0427632328877
0.156250000,0.281250000,0.0615023985252,0.0292136392995
0.171875000,0.281250000,0.0303338547703,0.0144085810159
0.187500000,0.281250000,-0.00336527582465,-0.00159850601671
0.203125000,0.281250000,-0.0394694737305,-0.0187480000220
0.218750000,0.281250000,-0.0778394971472,-0.0369737611449
0.234375000,0.281250000,-0.118321592126,-0.0562027562598
0.250000000,0.281250000,-0.160746604691,-0.0763546372280
0.265625000,0.281250000,-0.204928986598,-0.0973412686340
0.281250000,0.281250000,-0.250665688096,-0.119066201845
0.296875000,0.281250000,-0.297734927624,-0.141424090622
0.312500000,0.281250000,-0.345894829652,-0.164300044085
0.328125000,0.281250000,-0.394881922492,-0.187568913184
0.343750000,0.281250000,-0.444409484812,-0.211094505286
0.359375000,0.281250000,-0.494165732516,-0.234728722945
0.375000000,0.281250000,-0.543811835844,-0.258310622026
0.390625000,0.281250000,-0.592979755722,-0.281665383968
0.406250000,0.281250000,-0.641269891927,-0.304603198665
0.421875000,0.281250000,-0.688248530949,-0.326918052201
0.437500000,0.281250000,-0.733445087158,-0.348386416400
0.453125000,0.281250000,-0.776349126809,-0.368765835234
0.468750000,0.281250000,-0.816407169419,-0.387793405474
0.484375000,0.281250000,-0.853019258680,-0.405184147873
0.500000000,0.281250000,-0.885535299101,-0.420629267073
0.515625000,0.281250000,-0.913251155759,-0.433794298985
0.531250000,0.281250000,-0.935404516677,-0.444317145422
0.546875000,0.281250000,-0.951170520723,-0.451805997344
0.562500000,0.281250000,-0.959657157031,-0.455837149590
0.578125000,0.281250000,-0.959900447919,-0.455952712762
0.593750000,0.281250000,-0.950859430836,-0.451658229647
0.609375000,0.281250000,-0.931410963830,-0.442420207819
0.625000000,0.281250000,-0.900344383698,-0.427663582257
0.640625000,0.281250000,-0.856356060606,-0.406769128788
0.656250000,0.281250000,-0.798043898790,-0.379070851925
0.671875000,0.281250000,-0.723901852837,-0.343853380097
0.687500000,0.281250000,-0.632314540618,-0.300349406794
0.703125000,0.281250000,-0.521552058049,-0.247737227573
0.718750000,0.281250000,-0.389765123055,-0.185138433451
0.734375000,0.281250000,-0.234980705506,-0.111615835115
0.750000000,0.281250000,-0.0550983356563,-0.0261717094368
0.765625000,0.281250000,0.152112676328,0.0722535212560
0.781250000,0.281250000,0.389014824810,0.184782041785
0.796875000,0.281250000,0.658102452335,0.312598664859
0.812500000,0.281250000,0.961999836241,0.456949922214
0.828125000,0.281250000,1.30345681091,0.619141985183
0.843750000,0.281250000,1.68551073054,0.800617597008
0.859375000,0.281250000,2.11081428106,1.00263678350
0.875000000,0.281250000,2.58258742759,1.22672902811
0.890625000,0.281250000,3.10396505063,1.47438339905
0.906250000,0.281250000,3.67812224745,1.74710806754
0.921875000,0.281250000,,
0.937500000,0.281250000,,
0.953125000,0.281250000,,
0.968750000,0.281250000,,
0.984375000,0.281250000,,
1.000000000,0.281250000,,
-1.000000000,0.296875000,,
-0.984375000,0.296875000,,
-0.968750000,0.296875000,,
-0.953125000,0.296875000,,
-0.937500000,0.296875000,,
-0.921875000,0.296875000,,
-0.906250000,0.296875000,,
-0.890625000,0.296875000,3.41352250147,1.62142318820
-0.875000000,0.296875000,2.86752607871,1.36207488739
-0.859375000,0.296875000,2.37226117536,1.12682405830
-0.843750000,0.296875000,1.92460217422,0.914186032753
-0.828125000,0.296875000,1.52148442029,0.722705099637
-0.812500000,0.296875000,1.15977428929,0.550892787411
-0.796875000,0.296875000,0.836912388264,0.397533384426
-0.781250000,0.296875000,0.549965227776,0.261233483194
-0.765625000,0.296875000,0.296289089256,0.140737317397
-0.750000000,0.296875000,0.0733670845063,0.0348493651405
-0.734375000,0.296875000,-0.121188384027,-0.0575644824128
-0.718750000,0.296875000,-0.289635214106,-0.137576726700
-0.703125000,0.296875000,-0.434102811853,-0.206198835630
-0.687500000,0.296875000,-0.556594558409,-0.264382415244
-0.671875000,0.296875000,-0.658991239923,-0.313020838963
-0.656250000,0.296875000,-0.743055196514,-0.352951218344
-0.640625000,0.296875000,-0.810434992594,-0.384956621482
-0.625000000,0.296875000,-0.862670442828,-0.409768460343
-0.609375000,0.296875000,-0.901197862737,-0.428068984800
-0.593750000,0.296875000,-0.927355433904,-0.440493831104
-0.578125000,0.296875000,-0.942388598317,-0.447634584201
-0.562500000,0.296875000,-0.947455411282,-0.450041320359
-0.546875000,0.296875000,-0.943631798733,-0.448225104398
-0.531250000,0.296875000,-0.931916674696,-0.442660420481
-0.515625000,0.296875000,-0.913236887798,-0.433787521704
-0.500000000,0.296875000,-0.888451971042,-0.422014686245
-0.484375000,0.296875000,-0.858358677717,-0.407720371915
-0.468750000,0.296875000,-0.823695291780,-0.391255263596
-0.453125000,0.296875000,-0.785145705571,-0.372944210146
-0.437500000,0.296875000,-0.743343261407,-0.353088049168
-0.421875000,0.296875000,-0.698874357447,-0.331965319787
-0.406250000,0.296875000,-0.652281819074,-0.309833864060
-0.390625000,0.296875000,-0.604068042510,-0.286932320192
-0.375000000,0.296875000,-0.554697914192,-0.263481509241
-0.359375000,0.296875000,-0.504601515499,-0.239685719862
-0.343750000,0.296875000,-0.454176619462,-0.215733894244
-0.328125000,0.296875000,-0.403790989543,-0.191800720033
-0.312500000,0.296875000,-0.353784489983,-0.168047632742
-0.296875000,0.296875000,-0.304471016308,-0.144623732746
-0.281250000,0.296875000,-0.256140257648,-0.121666622383
-0.265625000,0.296875000,-0.209059300148,-0.0993031675704
-0.250000000,0.296875000,-0.163474079985,-0.0776501879927
-0.234375000,0.296875000,-0.119610698970,-0.0568150820105
-0.218750000,0.296875000,-0.0776766085977,-0.0368963890839
-0.203125000,0.296875000,-0.0378616740307,-0.0179842951646
-0.187500000,0.296875000,-0.000339125976854,-0.000161084839006
-0.171875000,0.296875000,0.0347335909318,0.0164984556926
-0.156250000,0.296875000,0.0672140656203,0.0319266811697
-0.140625000,0.296875000,0.0969742564482,0.0460627718129
-0.125000000,0.296875000,0.123899908233,0.0588524564105
-0.109375000,0.296875000,0.147890044652,0.0702477712097
-0.093750000,0.296875000,0.168856529492,0.0802068515086
-0.078125000,0.296875000,0.186723692449,0.0886937539130
-0.062500000,0.296875000,0.201428013910,0.0956783066071
-0.046875000,0.296875000,0.212917865135,0.101135985939
-0.031250000,0.296875000,0.221153300642,0.105047817805
-0.015625000,0.296875000,0.226105899401,0.107400302216
0.000000000,0.296875000,0.227758653055,0.108185360201
0.015625000,0.296875000,0.226105899401,0.107400302216
0.031250000,0.296875000,0.221153300642,0.105047817805
0.046875000,0.296875000,0.212917865135,0.101135985939
0.062500000,0.296875000,0.201428013910,0.0956783066071
0.078125000,0.296875000,0.186723692449,0.0886937539130
0.093750000,0.296875000,0.168856529492,0.0802068515086
0.109375000,0.296875000,0.147890044652,0.0702477712097
0.125000000,0.296875000,0.123899908233,0.0588524564105
0.140625000,0.296875000,0.0969742564482,0.0460627718129
0.156250000,0.296875000,0.0672140656203,0.0319266811697
0.171875000,0.296875000,0.0347335909318,0.0164984556926
0.187500000,0.296875000,-0.000339125976854,-0.000161084839006
0.203125000,0.296875000,-0.0378616740307,-0.0179842951646
0.218750000,0.296875000,-0.0776766085977,-0.0368963890839
0.234375000,0.296875000,-0.119610698970,-0.0568150820105
0.250000000,0.296875000,-0.163474079985,-0.0776501879927
0.265625000,0.296875000,-0.209059300148,-0.0993031675704
0.281250000,0.296875000,-0.256140257648,-0.121666622383
0.296875000,0.296875000,-0.304471016308,-0.144623732746
0.312500000,0.296875000,-0.353784489983,-0.168047632742
0.328125000,0.296875000,-0.403790989543,-0.191800720033
0.343750000,0.296875000,-0.454176619462,-0.215733894244
0.359375000,0.296875000,-0.504601515499,-0.239685719862
0.375000000,0.296875000,-0.554697914192,-0.263481509241
0.390625000,0.296875000,-0.604068042510,-0.286932320192
0.406250000,0.296875000,-0.652281819074,-0.309833864060
0.421875000,0.296875000,-0.698874357447,-0.331965319787
0.437500000,0.296875000,-0.743343261407,-0.353088049168
0.453125000,0.296875000,-0.785145705571,-0.372944210146
0.468750000,0.296875000,-0.823695291780,-0.391255263596
0.484375000,0.296875000,-0.858358677717,-0.407720371915
0.500000000,0.296875000,-0.888451971042,-0.422014686245
0.515625000,0.296875000,-0.913236887798,-0.433787521704
0.531250000,0.296875000,-0.931916674696,-0.442660420481
0.546875000,0.296875000,-0.943631798733,-0.448225104398
0.562500000,0.296875000,-0.947455411282,-0.450041320359
0.578125000,0.296875000,-0.942388598317,-0.447634584201
0.593750000,0.296875000,-0.927355433904,-0.440493831104
0.609375000,0.296875000,-0.901197862737,-0.428068984800
0.625000000,0.296875000,-0.862670442828,-0.409768460343
0.640625000,0.296875000,-0.810434992594,-0.384956621482
0.656250000,0.296875000,-0.743055196514,-0.352951218344
0.671875000,0.296875000,-0.658991239923,-0.313020838963
0.687500000,0.296875000,-0.556594558409,-0.264382415244
0.703125000,0.296875000,-0.434102811853,-0.206198835630
0.718750000,0.296875000,-0.289635214106,-0.137576726700
0.734375000,0.296875000,-0.121188384027,-0.0575644824128
0.750000000,0.296875000,0.0733670845063,0.0348493651405
0.765625000,0.296875000,0.296289089256,0.140737317397
0.781250000,0.296875000,0.549965227776,0.261233483194
0.796875000,0.296875000,0.836912388264,0.397533384426
0.812500000,0.296875000,1.15977428929,0.550892787411
0.828125000,0.296875000,1.52148442029,0.722705099637
0.843750000,0.296875000,1.92460217422,0.914186032753
0.859375000,0.296875000,2.37226117536,1.12682405830
0.875000000,0.296875000,2.86752607871,1.36207488739
0.890625000,0.296875000,3.41352250147,1.62142318820
0.906250000,0.296875000,,
0.921875000,0.296875000,,
0.937500000,0.296875000,,
0.953125000,0.296875000,,
0.968750000,0.296875000,,
0.984375000,0.296875000,,
1.000000000,0.296875000,,
-1.000000000,0.312500000,,
-0.984375000,0.312500000,,
-0.968750000,0.312500000,,
-0.953125000,0.312500000,,
-0.937500000,0.312500000,,
-0.921875000,0.312500000,,
-0.906250000,0.312500000,,
-0.890625000,0.312500000,3.74264423644,1.77775601231
-0.875000000,0.312500000,3.17074648263,1.50610457925
-0.859375000,0.312500000,2.65074393722,1.25910337018
-0.843750000,0.312500000,2.17952505110,1.03527439927
-0.828125000,0.312500000,1.75403002243,0.833164260656
-0.812500000,0.312500000,1.37127559118,0.651355905808
-0.796875000,0.312500000,1.02822082116,0.488404890052
-0.781250000,0.312500000,0.722404403835,0.343142091821
-0.765625000,0.312500000,0.450996821378,0.214223490155
-0.750000000,0.312500000,0.211459015487,0.100443032356
-0.734375000,0.312500000,0.00137826528106,0.000654676008503
-0.718750000,0.312500000,-0.181530890207,-0.0862271728485
-0.703125000,0.312500000,-0.339427431806,-0.161228030108
-0.687500000,0.312500000,-0.474345969884,-0.225314335695
-0.671875000,0.312500000,-0.588199873969,-0.279394940136
-0.656250000,0.312500000,-0.682785169432,-0.324322955480
-0.640625000,0.312500000,-0.759784993467,-0.360897871897
-0.625000000,0.312500000,-0.820774438420,-0.389867858249
-0.609375000,0.312500000,-0.867225644455,-0.411932181116
-0.593750000,0.312500000,-0.900513028615,-0.427743688592
-0.578125000,0.312500000,-0.921918558939,-0.437911315496
-0.562500000,0.312500000,-0.932637000211,-0.443002575100
-0.546875000,0.312500000,-0.933781075002,-0.443546010626
-0.531250000,0.312500000,-0.926386493785,-0.440033584548
-0.515625000,0.312500000,-0.911416819776,-0.432922989394
-0.500000000,0.312500000,-0.889768142955,-0.422639867904
-0.484375000,0.312500000,-0.862273544066,-0.409579933431
-0.468750000,0.312500000,-0.829707336470,-0.394110984823
-0.453125000,0.312500000,-0.792789077477,-0.376574811802
-0.437500000,0.312500000,-0.752187345494,-0.357288989110
-0.421875000,0.312500000,-0.708523282856,-0.336548559357
-0.406250000,0.312500000,-0.662373906631,-0.314627605650
-0.390625000,0.312500000,-0.614275190314,-0.291780715399
-0.375000000,0.312500000,-0.564724924420,-0.268244339099
-0.359375000,0.312500000,-0.514185361753,-0.244238046833
-0.343750000,0.312500000,-0.463085656604,-0.219965686887
-0.328125000,0.312500000,-0.411824106268,-0.195616450477
-0.312500000,0.312500000,-0.360770204987,-0.171365847369
-0.296875000,0.312500000,-0.310266519529,-0.147376596776
-0.281250000,0.312500000,-0.260630397745,-0.123799438929
-0.265625000,0.312500000,-0.212155518741,-0.100773871402
-0.250000000,0.312500000,-0.165113295632,-0.0784288154252
-0.234375000,0.312500000,-0.119754140713,-0.0568832168386
-0.218750000,0.312500000,-0.0763086021987,-0.0362465860444
-0.203125000,0.312500000,-0.0349883821196,-0.0166194815068
-0.187500000,0.312500000,0.00401275529633,0.00190605876576
-0.171875000,0.312500000,0.0405181769707,0.0192461340611
-0.156250000,0.312500000,0.0743676676661,0.0353246421414
-0.140625000,0.312500000,0.105416802138,0.0500729810153
-0.125000000,0.312500000,0.133536396287,0.0634297882362
-0.109375000,0.312500000,0.158612030521,0.0753407144973
-0.093750000,0.312500000,0.180543639176,0.0857582286088
-0.078125000,0.312500000,0.199245161619,0.0946414517691
-0.062500000,0.312500000,0.214644248398,0.101956017989
-0.046875000,0.312500000,0.226682020824,0.107673959891
-0.031250000,0.312500000,0.235312878301,0.111773617193
-0.015625000,0.312500000,0.240504351829,0.114239567119
0.000000000,0.312500000,0.242237000789,0.115062575375
0.015625000,0.312500000,0.240504351829,0.114239567119
0.031250000,0.312500000,0.235312878301,0.111773617193
0.046875000,0.312500000,0.226682020824,0.107673959891
0.062500000,0.312500000,0.214644248398,0.101956017989
0.078125000,0.312500000,0.199245161619,0.0946414517691
0.093750000,0.312500000,0.180543639176,0.0857582286088
0.109375000,0.312500000,0.158612030521,0.0753407144973
0.125000000,0.312500000,0.133536396287,0.0634297882362
0.140625000,0.312500000,0.105416802138,0.0500729810153
0.156250000,0.312500000,0.0743676676661,0.0353246421414
0.171875000,0.312500000,0.0405181769707,0.0192461340611
0.187500000,0.312500000,0.00401275529633,0.00190605876576
0.203125000,0.312500000,-0.0349883821196,-0.0166194815068
0.218750000,0.312500000,-0.0763086021987,-0.0362465860444
0.234375000,0.312500000,-0.119754140713,-0.0568832168386
0.250000000,0.312500000,-0.165113295632,-0.0784288154252
0.265625000,0.312500000,-0.212155518741,-0.100773871402
0.281250000,0.312500000,-0.260630397745,-0.123799438929
0.296875000,0.312500000,-0.310266519529,-0.147376596776
0.312500000,0.312500000,-0.360770204987,-0.171365847369
0.328125000,0.312500000,-0.411824106268,-0.195616450477
0.343750000,0.312500000,-0.463085656604,-0.219965686887
0.359375000,0.312500000,-0.514185361753,-0.244238046833
0.375000000,0.312500000,-0.564724924420,-0.268244339099
0.390625000,0.312500000,-0.614275190314,-0.291780715399
0.406250000,0.312500000,-0.662373906631,-0.314627605650
0.421875000,0.312500000,-0.708523282856,-0.336548559357
0.437500000,0.312500000,-0.752187345494,-0.357288989110
0.453125000,0.312500000,-0.792789077477,-0.376574811802
0.468750000,0.312500000,-0.829707336470,-0.394110984823
0.484375000,0.312500000,-0.862273544066,-0.409579933431
0.500000000,0.312500000,-0.889768142955,-0.422639867904
0.515625000,0.312500000,-0.911416819776,-0.432922989394
0.531250000,0.312500000,-0.926386493785,-0.440033584548
0.546875000,0.312500000,-0.933781075002,-0.443546010626
0.562500000,0.312500000,-0.932637000211,-0.443002575100
0.578125000,0.312500000,-0.921918558939,-0.437911315496
0.593750000,0.312500000,-0.900513028615,-0.427743688592
0.609375000,0.312500000,-0.867225644455,-0.411932181116
0.625000000,0.312500000,-0.820774438420,-0.389867858249
0.640625000,0.312500000,-0.759784993467,-0.360897871897
0.656250000,0.312500000,-0.682785169432,-0.324322955480
0.671875000,0.312500000,-0.588199873969,-0.279394940136
0.687500000,0.312500000,-0.474345969884,-0.225314335695
0.703125000,0.312500000,-0.339427431806,-0.161228030108
0.718750000,0.312500000,-0.181530890207,-0.0862271728485
0.734375000,0.312500000,0.00137826528106,0.000654676008503
0.750000000,0.312500000,0.211459015487,0.100443032356
0.765625000,0.312500000,0.450996821378,0.214223490155
0.781250000,0.312500000,0.722404403835,0.343142091821
0.796875000,0.312500000,1.02822082116,0.488404890052
0.812500000,0.312500000,1.37127559118,0.651355905808
0.828125000,0.312500000,1.75403002243,0.833164260656
0.843750000,0.312500000,2.17952505110,1.03527439927
0.859375000,0.312500000,2.65074393722,1.25910337018
0.875000000,0.312500000,3.17074648263,1.50610457925
0.890625000,0.312500000,3.74264423644,1.77775601231
0.906250000,0.312500000,,
0.921875000,0.312500000,,
0.937500000,0.312500000,,
0.953125000,0.312500000,,
0.968750000,0.312500000,,
0.984375000,0.312500000,,
1.000000000,0.312500000,,
-1.000000000,0.328125000,,
-0.984375000,0.328125000,,
-0.968750000,0.328125000,,
-0.953125000,0.328125000,,
-0.937500000,0.328125000,,
-0.921875000,0.328125000,,
-0.906250000,0.328125000,,
-0.890625000,0.328125000,,
-0.875000000,0.328125000,3.49338532501,1.65935802938
-0.859375000,0.328125000,2.94736125113,1.39999659429
-0.843750000,0.328125000,2.45133793998,1.16438552149
-0.828125000,0.328125000,2.00226474088,0.951075751917
-0.812500000,0.328125000,1.59715892422,0.758650489004
-0.796875000,0.328125000,1.23312562234,0.585734670610
-0.781250000,0.328125000,0.907219526029,0.430929274864
-0.765625000,0.328125000,0.617079406555,0.293112718114
-0.750000000,0.328125000,0.359977581221,0.170989351080
-0.734375000,0.328125000,0.133476387616,0.0634012841176
-0.718750000,0.328125000,-0.0647373852552,-0.0307502579962
-0.703125000,0.328125000,-0.236852792583,-0.112505076477
-0.687500000,0.328125000,-0.384936437679,-0.182844807898
-0.671875000,0.328125000,-0.510935260096,-0.242694248546
-0.656250000,0.328125000,-0.616680144872,-0.292923068814
-0.640625000,0.328125000,-0.703890133592,-0.334347813456
-0.625000000,0.328125000,-0.774177058695,-0.367734102880
-0.609375000,0.328125000,-0.829050456440,-0.393798966809
-0.593750000,0.328125000,-0.869922639200,-0.413213253620
-0.578125000,0.328125000,-0.898113832263,-0.426604070325
-0.562500000,0.328125000,-0.914857297929,-0.434557216516
-0.546875000,0.328125000,-0.921304387011,-0.437619583830
-0.531250000,0.328125000,-0.918529469317,-0.436301497926
-0.515625000,0.328125000,-0.907534707414,-0.431078986022
-0.500000000,0.328125000,-0.889254645221,-0.422395956480
-0.484375000,0.328125000,-0.864560591918,-0.410666281161
-0.468750000,0.328125000,-0.834264787974,-0.396275774288
-0.453125000,0.328125000,-0.799124343212,-0.379584063026
-0.437500000,0.328125000,-0.759844943712,-0.360926348263
-0.421875000,0.328125000,-0.717084326571,-0.340615055121
-0.406250000,0.328125000,-0.671455523153,-0.318941373498
-0.390625000,0.328125000,-0.623529876336,-0.296176691260
-0.375000000,0.328125000,-0.573839836862,-0.272573922509
-0.359375000,0.328125000,-0.522881545533,-0.248368734128
-0.343750000,0.328125000,-0.471117210786,-0.223780675123
-0.328125000,0.328125000,-0.418977289491,-0.199014212508
-0.312500000,0.328125000,-0.366862481544,-0.174259678734
-0.296875000,0.328125000,-0.315145547167,-0.149694134904
-0.281250000,0.328125000,-0.264172958624,-0.125482155346
-0.265625000,0.328125000,-0.214266395022,-0.101776537636
-0.250000000,0.328125000,-0.165724091330,-0.0787189433820
-0.234375000,0.328125000,-0.118822051502,-0.0564404744634
-0.218750000,0.328125000,-0.0738151353987,-0.0350621893144
-0.203125000,0.328125000,-0.0309380282134,-0.0146955634014
-0.187500000,0.328125000,0.00959389609936,0.00455710064720
-0.171875000,0.328125000,0.0475838124883,0.0226023109319
-0.156250000,0.328125000,0.0828527715273,0.0393550664755
-0.140625000,0.328125000,0.115239110249,0.0547385773683
-0.125000000,0.328125000,0.144597938461,0.0686840207690
-0.109375000,0.328125000,0.170800694252,0.0811303297699
-0.093750000,0.328125000,0.193734763103,0.0920240124737
-0.078125000,0.328125000,0.213303154644,0.101318998456
-0.062500000,0.328125000,0.229424232316,0.108976510350
-0.046875000,0.328125000,0.242031491934,0.114964958669
-0.031250000,0.328125000,0.251026834063,0.119237746180
-0.015625000,0.328125000,0.256475724674,0.121825969220
0.000000000,0.328125000,0.258294244274,0.122689766030
0.015625000,0.328125000,0.256475724674,0.121825969220
0.031250000,0.328125000,0.251026834063,0.119237746180
0.046875000,0.328125000,0.242031491934,0.114964958669
0.062500000,0.328125000,0.229424232316,0.108976510350
0.078125000,0.328125000,0.213303154644,0.101318998456
0.093750000,0.328125000,0.193734763103,0.0920240124737
0.109375000,0.328125000,0.170800694252,0.0811303297699
0.125000000,0.328125000,0.144597938461,0.0686840207690
0.140625000,0.328125000,0.115239110249,0.0547385773683
0.156250000,0.328125000,0.0828527715273,0.0393550664755
0.171875000,0.328125000,0.0475838124883,0.0226023109319
0.187500000,0.328125000,0.00959389609936,0.00455710064720
0.203125000,0.328125000,-0.0309380282134,-0.0146955634014
0.218750000,0.328125000,-0.0738151353987,-0.0350621893144
0.234375000,0.328125000,-0.118822051502,-0.0564404744634
0.250000000,0.328125000,-0.165724091330,-0.0787189433820
0.265625000,0.328125000,-0.214266395022,-0.101776537636
0.281250000,0.328125000,-0.264172958624,-0.125482155346
0.296875000,0.328125000,-0.315145547167,-0.149694134904
0.312500000,0.328125000,-0.366862481544,-0.174259678734
0.328125000,0.328125000,-0.418977289491,-0.199014212508
0.343750000,0.328125000,-0.471117210786,-0.223780675123
0.359375000,0.328125000,-0.522881545533,-0.248368734128
0.375000000,0.328125000,-0.573839836862,-0.272573922509
0.390625000,0.328125000,-0.623529876336,-0.296176691260
0.406250000,0.328125000,-0.671455523153,-0.318941373498
0.421875000,0.328125000,-0.717084326571,-0.340615055121
0.437500000,0.328125000,-0.759844943712,-0.360926348263
0.453125000,0.328125000,-0.799124343212,-0.379584063026
0.468750000,0.328125000,-0.834264787974,-0.396275774288
0.484375000,0.328125000,-0.864560591918,-0.410666281161
0.500000000,0.328125000,-0.889254645221,-0.422395956480
0.515625000,0.328125000,-0.907534707414,-0.431078986022
0.531250000,0.328125000,-0.918529469317,-0.436301497926
0.546875000,0.328125000,-0.921304387011,-0.437619583830
0.562500000,0.328125000,-0.914857297929,-0.434557216516
0.578125000,0.328125000,-0.898113832263,-0.426604070325
0.593750000,0.328125000,-0.869922639200,-0.413213253620
0.609375000,0.328125000,-0.829050456440,-0.393798966809
0.625000000,0.328125000,-0.774177058695,-0.367734102880
0.640625000,0.328125000,-0.703890133592,-0.334347813456
0.656250000,0.328125000,-0.616680144872,-0.292923068814
0.671875000,0.328125000,-0.510935260096,-0.242694248546
0.687500000,0.328125000,-0.384936437679,-0.182844807898
0.703125000,0.328125000,-0.236852792583,-0.112505076477
0.718750000,0.328125000,-0.0647373852552,-0.0307502579962
0.734375000,0.328125000,0.133476387616,0.0634012841176
0.750000000,0.328125000,0.359977581221,0.170989351080
0.765625000,0.328125000,0.617079406555,0.293112718114
0.781250000,0.328125000,0.907219526029,0.430929274864
0.796875000,0.328125000,1.23312562234,0.585734670610
0.812500000,0.328125000,1.59715892422,0.758650489004
0.828125000,0.328125000,2.00226474088,0.951075751917
0.843750000,0.328125000,2.45133793998,1.16438552149
0.859375000,0.328125000,2.94736125113,1.39999659429
0.875000000,0.328125000,3.49338532501,1.65935802938
0.890625000,0.328125000,,
0.906250000,0.328125000,,
0.921875000,0.328125000,,
0.937500000,0.328125000,,
0.953125000,0.328125000,,
0.968750000,0.328125000,,
0.984375000,0.328125000,,
1.000000000,0.328125000,,
-1.000000000,0.343750000,,
-0.984375000,0.343750000,,
-0.968750000,0.343750000,,
-0.953125000,0.343750000,,
-0.937500000,0.343750000,,
-0.921875000,0.343750000,,
-0.906250000,0.343750000,,
-0.890625000,0.343750000,,
-0.875000000,0.343750000,3.83665414729,1.82241071996
-0.859375000,0.343750000,3.26328716030,1.55006140114
-0.843750000,0.343750000,2.74117470960,1.30205798706
-0.828125000,0.343750000,2.26728024747,1.07695811755
-0.812500000,0.343750000,1.83862542702,0.873347077834
-0.796875000,0.343750000,1.45231168228,0.689848049084
-0.781250000,0.343750000,1.10553613098,0.525129662213
-0.765625000,0.343750000,0.795449260163,0.377838398577
-0.750000000,0.343750000,0.519789677479,0.246900096802
-0.734375000,0.343750000,0.275927608718,0.131065614141
-0.718750000,0.343750000,0.0615221047664,0.0292229997640
-0.703125000,0.343750000,-0.125646297486,-0.0596819913061
-0.687500000,0.343750000,-0.287676819497,-0.136646489261
-0.671875000,0.343750000,-0.426550844195,-0.202611650993
-0.656250000,0.343750000,-0.544135197151,-0.258464218647
-0.640625000,0.343750000,-0.642186080700,-0.305038388333
-0.625000000,0.343750000,-0.722353470179,-0.343117898335
-0.609375000,0.343750000,-0.786185822082,-0.373438265489
-0.593750000,0.343750000,-0.835134968555,-0.396689110064
-0.578125000,0.343750000,-0.870561097621,-0.413516521370
-0.562500000,0.343750000,-0.893737739746,-0.424525426379
-0.546875000,0.343750000,-0.905856694987,-0.430281930119
-0.531250000,0.343750000,-0.908032851848,-0.431315604628
-0.515625000,0.343750000,-0.901308857781,-0.428121707446
-0.500000000,0.343750000,-0.886659613212,-0.421163316276
-0.484375000,0.343750000,-0.864996566241,-0.410873368964
-0.468750000,0.343750000,-0.837171794632,-0.397656602450
-0.453125000,0.343750000,-0.803981863557,-0.381891385190
-0.437500000,0.343750000,-0.766171456114,-0.363931441654
-0.421875000,0.343750000,-0.724436772783,-0.344107467072
-0.406250000,0.343750000,-0.679428703719,-0.322728634266
-0.390625000,0.343750000,-0.631755774881,-0.300083993068
-0.375000000,0.343750000,-0.581986875615,-0.276443765917
-0.359375000,0.343750000,-0.530653774601,-0.252060542935
-0.343750000,0.343750000,-0.478253430725,-0.227170379594
-0.328125000,0.343750000,-0.425250110062,-0.201993802279
-0.312500000,0.343750000,-0.372077317157,-0.176736725650
-0.296875000,0.343750000,-0.319139551466,-0.151591286946
-0.281250000,0.343750000,-0.266813898355,-0.126736601718
-0.265625000,0.343750000,-0.215451466249,-0.102339446468
-0.250000000,0.343750000,-0.165378679240,-0.0785548726388
-0.234375000,0.343750000,-0.116898435337,-0.0555267567848
-0.218750000,0.343750000,-0.0702911409504,-0.0333882919514
-0.203125000,0.343750000,-0.0258156308385,-0.0122624246483
-0.187500000,0.343750000,0.0162900174639,0.00773775829533
-0.171875000,0.343750000,0.0558077653879,0.0265086885593
-0.156250000,0.343750000,0.0925389835505,0.0439560171865
-0.140625000,0.343750000,0.126303901930,0.0599943534167
-0.125000000,0.343750000,0.156941133093,0.0745470382190
-0.109375000,0.343750000,0.184307261537,0.0875459492303
-0.093750000,0.343750000,0.208276493207,0.0989313342732
-0.078125000,0.343750000,0.228740359447,0.108651670738
-0.062500000,0.343750000,0.245607470660,0.116663548564
-0.046875000,0.343750000,0.258770771897,0.122916116651
-0.031250000,0.343750000,0.268249579502,0.127418550263
-0.015625000,0.343750000,0.273951993157,0.130127196749
0.000000000,0.343750000,0.275855317747,0.131031275930
0.015625000,0.343750000,0.273951993157,0.130127196749
0.031250000,0.343750000,0.268249579502,0.127418550263
0.046875000,0.343750000,0.258770771897,0.122916116651
0.062500000,0.343750000,0.245607470660,0.116663548564
0.078125000,0.343750000,0.228740359447,0.108651670738
0.093750000,0.343750000,0.208276493207,0.0989313342732
0.109375000,0.343750000,0.184307261537,0.0875459492303
0.125000000,0.343750000,0.156941133093,0.0745470382190
0.140625000,0.343750000,0.126303901930,0.0599943534167
0.156250000,0.343750000,0.0925389835505,0.0439560171865
0.171875000,0.343750000,0.0558077653879,0.0265086885593
0.187500000,0.343750000,0.0162900174639,0.00773775829533
0.203125000,0.343750000,-0.0258156308385,-0.0122624246483
0.218750000,0.343750000,-0.0702911409504,-0.0333882919514
0.234375000,0.343750000,-0.116898435337,-0.0555267567848
0.250000000,0.343750000,-0.165378679240,-0.0785548726388
0.265625000,0.343750000,-0.215451466249,-0.102339446468
0.281250000,0.343750000,-0.266813898355,-0.126736601718
0.296875000,0.343750000,-0.319139551466,-0.151591286946
0.312500000,0.343750000,-0.372077317157,-0.176736725650
0.328125000,0.343750000,-0.425250110062,-0.201993802279
0.343750000,0.343750000,-0.478253430725,-0.227170379594
0.359375000,0.343750000,-0.530653774601,-0.252060542935
0.375000000,0.343750000,-0.581986875615,-0.276443765917
0.390625000,0.343750000,-0.631755774881,-0.300083993068
0.406250000,0.343750000,-0.679428703719,-0.322728634266
0.421875000,0.343750000,-0.724436772783,-0.344107467072
0.437500000,0.343750000,-0.766171456114,-0.363931441654
0.453125000,0.343750000,-0.803981863557,-0.381891385190
0.468750000,0.343750000,-0.837171794632,-0.397656602450
0.484375000,0.343750000,-0.864996566241,-0.410873368964
0.500000000,0.343750000,-0.886659613212,-0.421163316276
0.515625000,0.343750000,-0.901308857781,-0.428121707446
0.531250000,0.343750000,-0.908032851848,-0.431315604628
0.546875000,0.343750000,-0.905856694987,-0.430281930119
0.562500000,0.343750000,-0.893737739746,-0.424525426379
0.578125000,0.343750000,-0.870561097621,-0.413516521370
0.593750000,0.343750000,-0.835134968555,-0.396689110064
0.609375000,0.343750000,-0.786185822082,-0.373438265489
0.625000000,0.343750000,-0.722353470179,-0.343117898335
0.640625000,0.343750000,-0.642186080700,-0.305038388333
0.656250000,0.343750000,-0.544135197151,-0.258464218647
0.671875000,0.343750000,-0.426550844195,-0.202611650993
0.687500000,0.343750000,-0.287676819497,-0.136646489261
0.703125000,0.343750000,-0.125646297486,-0.0596819913061
0.718750000,0.343750000,0.0615221047664,0.0292229997640
0.734375000,0.343750000,0.275927608718,0.131065614141
0.750000000,0.343750000,0.519789677479,0.246900096802
0.765625000,0.343750000,0.795449260163,0.377838398577
0.781250000,0.343750000,1.10553613098,0.525129662213
0.796875000,0.343750000,1.45231168228,0.689848049084
0.812500000,0.343750000,1.83862542702,0.873347077834
0.828125000,0.343750000,2.26728024747,1.07695811755
0.843750000,0.343750000,2.74117470960,1.30205798706
0.859375000,0.343750000,3.26328716030,1.55006140114
0.875000000,0.343750000,3.83665414729,1.82241071996
0.890625000,0.343750000,,
0.906250000,0.343750000,,
0.921875000,0.343750000,,
0.937500000,0.343750000,,
0.953125000,0.343750000,,
0.968750000,0.343750000,,
0.984375000,0.343750000,,
1.000000000,0.343750000,,
-1.000000000,0.359375000,,
-0.984375000,0.359375000,,
-0.968750000,0.359375000,,
-0.953125000,0.359375000,,
-0.937500000,0.359375000,,
-0.921875000,0.359375000,,
-0.906250000,0.359375000,,
-0.890625000,0.359375000,,
-0.875000000,0.359375000,,
-0.859375000,0.359375000,3.59977295341,1.70989215287
-0.843750000,0.359375000,3.05024679606,1.44886722813
-0.828125000,0.359375000,2.55024554320,1.21136663302
-0.812500000,0.359375000,2.09679971606,0.995979865130
-0.796875000,0.359375000,1.68701051006,0.801329992277
-0.781250000,0.359375000,1.31806721431,0.626081926799
-0.765625000,0.359375000,0.987259763379,0.468948387605
-0.750000000,0.359375000,0.691832376983,0.328620379067
-0.734375000,0.359375000,0.429621487005,0.204070206327
-0.718750000,0.359375000,0.198089894134,0.0940926997138
-0.703125000,0.359375000,-0.00501240907896,-0.00238089431251
-0.687500000,0.359375000,-0.181817723557,-0.0863634186896
-0.671875000,0.359375000,-0.334342610295,-0.158812739890
-0.656250000,0.359375000,-0.464490803124,-0.220633131484
-0.640625000,0.359375000,-0.574056827296,-0.272676992966
-0.625000000,0.359375000,-0.664730127362,-0.315746810497
-0.609375000,0.359375000,-0.738099542809,-0.350597282834
-0.593750000,0.359375000,-0.795658001133,-0.377937550538
-0.578125000,0.359375000,-0.838807321666,-0.398433477792
-0.562500000,0.359375000,-0.868863045645,-0.412709946681
-0.546875000,0.359375000,-0.887059224058,-0.421353131428
-0.531250000,0.359375000,-0.894553110373,-0.424912727427
-0.515625000,0.359375000,-0.892429716476,-0.423904115326
-0.500000000,0.359375000,-0.881706200551,-0.418810445262
-0.484375000,0.359375000,-0.863336063376,-0.410084630104
-0.468750000,0.359375000,-0.838213137004,-0.398151240077
-0.453125000,0.359375000,-0.807175355347,-0.383408293790
-0.437500000,0.359375000,-0.771008299924,-0.366228942464
-0.421875000,0.359375000,-0.730448519469,-0.346963046748
-0.406250000,0.359375000,-0.686186623353,-0.325938646093
-0.390625000,0.359375000,-0.638870152357,-0.303463322369
-0.375000000,0.359375000,-0.589106233285,-0.279825460811
-0.359375000,0.359375000,-0.537464021970,-0.255295410436
-0.343750000,0.359375000,-0.484476945242,-0.230126548990
-0.328125000,0.359375000,-0.430644748996,-0.204556255773
-0.312500000,0.359375000,-0.376435363269,-0.178806797553
-0.296875000,0.359375000,-0.322286593251,-0.153086131794
-0.281250000,0.359375000,-0.268607647847,-0.127588632728
-0.265625000,0.359375000,-0.215780514966,-0.102495744609
-0.250000000,0.359375000,-0.164161195014,-0.0779765676317
-0.234375000,0.359375000,-0.114080802219,-0.0541883810542
-0.218750000,0.359375000,-0.0658465442330,-0.0312771085107
-0.203125000,0.359375000,-0.0197425889508,-0.00937772975164
-0.187500000,0.359375000,0.0239691700572,0.0113853557772
-0.171875000,0.359375000,0.0650484436559,0.0308980107366
-0.156250000,0.359375000,0.103275960861,0.0490560814092
-0.140625000,0.359375000,0.138452961191,0.0657651565658
-0.125000000,0.359375000,0.170400755910,0.0809403590573
-0.109375000,0.359375000,0.198960352618,0.0945061674936
-0.093750000,0.359375000,0.223992136774,0.106396264968
-0.078125000,0.359375000,0.245375603599,0.116553411709
-0.062500000,0.359375000,0.262977472920,0.124914299637
-0.046875000,0.359375000,0.276794021378,0.131477160155
-0.031250000,0.359375000,0.286705512799,0.136185118580
-0.015625000,0.359375000,0.292669405268,0.139017967502
0.000000000,0.359375000,0.294660201024,0.139963595487
0.015625000,0.359375000,0.292669405268,0.139017967502
0.031250000,0.359375000,0.286705512799,0.136185118580
0.046875000,0.359375000,0.276794021378,0.131477160155
0.062500000,0.359375000,0.262977472920,0.124914299637
0.078125000,0.359375000,0.245375603599,0.116553411709
0.093750000,0.359375000,0.223992136774,0.106396264968
0.109375000,0.359375000,0.198960352618,0.0945061674936
0.125000000,0.359375000,0.170400755910,0.0809403590573
0.140625000,0.359375000,0.138452961191,0.0657651565658
0.156250000,0.359375000,0.103275960861,0.0490560814092
0.171875000,0.359375000,0.0650484436559,0.0308980107366
0.187500000,0.359375000,0.0239691700572,0.0113853557772
0.203125000,0.359375000,-0.0197425889508,-0.00937772975164
0.218750000,0.359375000,-0.0658465442330,-0.0312771085107
0.234375000,0.359375000,-0.114080802219,-0.0541883810542
0.250000000,0.359375000,-0.164161195014,-0.0779765676317
0.265625000,0.359375000,-0.215780514966,-0.102495744609
0.281250000,0.359375000,-0.268607647847,-0.127588632728
0.296875000,0.359375000,-0.322286593251,-0.153086131794
0.312500000,0.359375000,-0.376435363269,-0.178806797553
0.328125000,0.359375000,-0.430644748996,-0.204556255773
0.343750000,0.359375000,-0.484476945242,-0.230126548990
0.359375000,0.359375000,-0.537464021970,-0.255295410436
0.375000000,0.359375000,-0.589106233285,-0.279825460811
0.390625000,0.359375000,-0.638870152357,-0.303463322369
0.406250000,0.359375000,-0.686186623353,-0.325938646093
0.421875000,0.359375000,-0.730448519469,-0.346963046748
0.437500000,0.359375000,-0.771008299924,-0.366228942464
0.453125000,0.359375000,-0.807175355347,-0.383408293790
0.468750000,0.359375000,-0.838213137004,-0.398151240077
0.484375000,0.359375000,-0.863336063376,-0.410084630104
0.500000000,0.359375000,-0.881706200551,-0.418810445262
0.515625000,0.359375000,-0.892429716476,-0.423904115326
0.531250000,0.359375000,-0.894553110373,-0.424912727427
0.546875000,0.359375000,-0.887059224058,-0.421353131428
0.562500000,0.359375000,-0.868863045645,-0.412709946681
0.578125000,0.359375000,-0.838807321666,-0.398433477792
0.593750000,0.359375000,-0.795658001133,-0.377937550538
0.609375000,0.359375000,-0.738099542809,-0.350597282834
0.625000000,0.359375000,-0.664730127362,-0.315746810497
0.640625000,0.359375000,-0.574056827296,-0.272676992966
0.656250000,0.359375000,-0.464490803124,-0.220633131484
0.671875000,0.359375000,-0.334342610295,-0.158812739890
0.687500000,0.359375000,-0.181817723557,-0.0863634186896
0.703125000,0.359375000,-0.00501240907896,-0.00238089431251
0.718750000,0.359375000,0.198089894134,0.0940926997138
0.734375000,0.359375000,0.429621487005,0.204070206327
0.750000000,0.359375000,0.691832376983,0.328620379067
0.765625000,0.359375000,0.987259763379,0.468948387605
0.781250000,0.359375000,1.31806721431,0.626081926799
0.796875000,0.359375000,1.68701051006,0.801329992277
0.812500000,0.359375000,2.09679971606,0.995979865130
0.828125000,0.359375000,2.55024554320,1.21136663302
0.843750000,0.359375000,3.05024679606,1.44886722813
0.859375000,0.359375000,3.59977295341,1.70989215287
0.875000000,0.359375000,,
0.890625000,0.359375000,,
0.906250000,0.359375000,,
0.921875000,0.359375000,,
0.937500000,0.359375000,,
0.953125000,0.359375000,,
0.968750000,0.359375000,,
0.984375000,0.359375000,,
1.000000000,0.359375000,,
-1.000000000,0.375000000,,
-0.984375000,0.375000000,,
-0.968750000,0.375000000,,
-0.953125000,0.375000000,,
-0.937500000,0.375000000,,
-0.921875000,0.375000000,,
-0.906250000,0.375000000,,
-0.890625000,0.375000000,,
-0.875000000,0.375000000,,
-0.859375000,0.375000000,3.95814865906,1.88012061305
-0.843750000,0.375000000,3.37984518001,1.60542646050
-0.828125000,0.375000000,2.85240933424,1.35489443376
-0.812500000,0.375000000,2.37288572247,1.12712071817
-0.796875000,0.375000000,1.93837937694,0.920730204044
-0.781250000,0.375000000,1.54607487230,0.734385564343
-0.765625000,0.375000000,1.19325028528,0.566793885509
-0.750000000,0.375000000,0.877286979897,0.416711315451
-0.734375000,0.375000000,0.595519063345,0.282871555089
-0.718750000,0.375000000,0.345877411050,0.164291770249
-0.703125000,0.375000000,0.125910979532,0.0598077152776
-0.687500000,0.375000000,-0.0665458769465,-0.0316092915496
-0.671875000,0.375000000,-0.233545468885,-0.110934097720
-0.656250000,0.375000000,-0.377029267357,-0.179088901995
-0.640625000,0.375000000,-0.498831168538,-0.236944805056
-0.625000000,0.375000000,-0.600681317098,-0.285323625621
-0.609375000,0.375000000,-0.684210320540,-0.324999902257
-0.593750000,0.375000000,-0.750953714318,-0.356703014301
-0.578125000,0.375000000,-0.802356566529,-0.381119369101
-0.562500000,0.375000000,-0.839778132207,-0.398894612798
-0.546875000,0.375000000,-0.864496484767,-0.410635830264
-0.531250000,0.375000000,-0.877713067212,-0.416913706926
-0.515625000,0.375000000,-0.880557120310,-0.418264632147
-0.500000000,0.375000000,-0.874089952436,-0.415192727407
-0.484375000,0.375000000,-0.859309026579,-0.408171787625
-0.468750000,0.375000000,-0.837151847364,-0.397647127498
-0.453125000,0.375000000,-0.808499634697,-0.384037326481
-0.437500000,0.375000000,-0.774180778340,-0.367735869711
-0.421875000,0.375000000,-0.734974069464,-0.349112682996
-0.406250000,0.375000000,-0.691611710042,-0.328515562270
-0.390625000,0.375000000,-0.644782102262,-0.306271498574
-0.375000000,0.375000000,-0.595132423874,-0.282687901340
-0.359375000,0.375000000,-0.543270995100,-0.258053722672
-0.343750000,0.375000000,-0.489769445807,-0.232640486758
-0.328125000,0.375000000,-0.435164690895,-0.206703228175
-0.312500000,0.375000000,-0.379960725073,-0.180481344410
-0.296875000,0.375000000,-0.324630245613,-0.154199366666
-0.281250000,0.375000000,-0.269616113675,-0.128067653996
-0.265625000,0.375000000,-0.215332665915,-0.102283016310
-0.250000000,0.375000000,-0.162166885252,-0.0770292704948
-0.234375000,0.375000000,-0.110479442333,-0.0524777351082
-0.218750000,0.375000000,-0.0606056178619,-0.0287876684844
-0.203125000,0.375000000,-0.0128561142523,-0.00610665426985
-0.187500000,0.375000000,0.0324822313290,0.0154290598813
-0.171875000,0.375000000,0.0751458259130,0.0356942673087
-0.156250000,0.375000000,0.114893781540,0.0545745462315
-0.140625000,0.375000000,0.151507450260,0.0719660388733
-0.125000000,0.375000000,0.184790025700,0.0877752622074
-0.109375000,0.375000000,0.214566204483,0.101918947130
-0.093750000,0.375000000,0.240681900110,0.114323902552
-0.078125000,0.375000000,0.262960413913,0.124906196609
-0.062500000,0.375000000,0.281400212013,0.133665100706
-0.046875000,0.375000000,0.295830860026,0.140519658512
-0.031250000,0.375000000,0.306185879324,0.145438292679
-0.015625000,0.375000000,0.312417844582,0.148398476177
0.000000000,0.375000000,0.314498324136,0.149386703965
0.015625000,0.375000000,0.312417844582,0.148398476177
0.031250000,0.375000000,0.306185879324,0.145438292679
0.046875000,0.375000000,0.295830860026,0.140519658512
0.062500000,0.375000000,0.281400212013,0.133665100706
0.078125000,0.375000000,0.262960413913,0.124906196609
0.093750000,0.375000000,0.240681900110,0.114323902552
0.109375000,0.375000000,0.214566204483,0.101918947130
0.125000000,0.375000000,0.184790025700,0.0877752622074
0.140625000,0.375000000,0.151507450260,0.0719660388733
0.156250000,0.375000000,0.114893781540,0.0545745462315
0.171875000,0.375000000,0.0751458259130,0.0356942673087
0.187500000,0.375000000,0.0324822313290,0.0154290598813
0.203125000,0.375000000,-0.0128561142523,-0.00610665426985
0.218750000,0.375000000,-0.0606056178619,-0.0287876684844
0.234375000,0.375000000,-0.110479442333,-0.0524777351082
0.250000000,0.375000000,-0.162166885252,-0.0770292704948
0.265625000,0.375000000,-0.215332665915,-0.102283016310
0.281250000,0.375000000,-0.269616113675,-0.128067653996
0.296875000,0.375000000,-0.324630245613,-0.154199366666
0.312500000,0.375000000,-0.379960725073,-0.180481344410
0.328125000,0.375000000,-0.435164690895,-0.206703228175
0.343750000,0.375000000,-0.489769445807,-0.232640486758
0.359375000,0.375000000,-0.543270995100,-0.258053722672
0.375000000,0.375000000,-0.595132423874,-0.282687901340
0.390625000,0.375000000,-0.644782102262,-0.306271498574
0.406250000,0.375000000,-0.691611710042,-0.328515562270
0.421875000,0.375000000,-0.734974069464,-0.349112682996
0.437500000,0.375000000,-0.774180778340,-0.367735869711
0.453125000,0.375000000,-0.808499634697,-0.384037326481
0.468750000,0.375000000,-0.837151847364,-0.397647127498
0.484375000,0.375000000,-0.859309026579,-0.408171787625
0.500000000,0.375000000,-0.874089952436,-0.415192727407
0.515625000,0.375000000,-0.880557120310,-0.418264632147
0.531250000,0.375000000,-0.877713067212,-0.416913706926
0.546875000,0.375000000,-0.864496484767,-0.410635830264
0.562500000,0.375000000,-0.839778132207,-0.398894612798
0.578125000,0.375000000,-0.802356566529,-0.381119369101
0.593750000,0.375000000,-0.750953714318,-0.356703014301
0.609375000,0.375000000,-0.684210320540,-0.324999902257
0.625000000,0.375000000,-0.600681317098,-0.285323625621
0.640625000,0.375000000,-0.498831168538,-0.236944805056
0.656250000,0.375000000,-0.377029267357,-0.179088901995
0.671875000,0.375000000,-0.233545468885,-0.110934097720
0.687500000,0.375000000,-0.0665458769465,-0.0316092915496
0.703125000,0.375000000,0.125910979532,0.0598077152776
0.718750000,0.375000000,0.345877411050,0.164291770249
0.734375000,0.375000000,0.595519063345,0.282871555089
0.750000000,0.375000000,0.877286979897,0.416711315451
0.765625000,0.375000000,1.19325028528,0.566793885509
0.781250000,0.375000000,1.54607487230,0.734385564343
0.796875000,0.375000000,1.93837937694,0.920730204044
0.812500000,0.375000000,2.37288572247,1.12712071817
0.828125000,0.375000000,2.85240933424,1.35489443376
0.843750000,0.375000000,3.37984518001,1.60542646050
0.859375000,0.375000000,3.95814865906,1.88012061305
0.875000000,0.375000000,,
0.890625000,0.375000000,,
0.906250000,0.375000000,,
0.921875000,0.375000000,,
0.937500000,0.375000000,,
0.953125000,0.375000000,,
0.968750000,0.375000000,,
0.984375000,0.375000000,,
1.000000000,0.375000000,,
-1.000000000,0.390625000,,
-0.984375000,0.390625000,,
-0.968750000,0.390625000,,
-0.953125000,0.390625000,,
-0.937500000,0.390625000,,
-0.921875000,0.390625000,,
-0.906250000,0.390625000,,
-0.890625000,0.390625000,,
-0.875000000,0.390625000,,
-0.859375000,0.390625000,,
-0.843750000,0.390625000,3.73134196912,1.77238743533
-0.828125000,0.390625000,3.17510210730,1.50817350097
-0.812500000,0.390625000,2.66816917631,1.26738035875
-0.796875000,0.390625000,2.20765682709,1.04863699287
-0.781250000,0.390625000,1.79074863553,0.850605601879
-0.765625000,0.390625000,1.41471363192,0.671988975160
-0.750000000,0.390625000,1.07691739716,0.511535763651
-0.734375000,0.390625000,0.774829574376,0.368044047829
-0.718750000,0.390625000,0.506028499153,0.240363537098
-0.703125000,0.390625000,0.268056322557,0.127326753214
-0.687500000,0.390625000,0.0590196849487,0.0280343503506
-0.671875000,0.390625000,-0.123329436080,-0.0585814821381
-0.656250000,0.390625000,-0.280970913977,-0.133461184139
-0.640625000,0.390625000,-0.415778924564,-0.197494989168
-0.625000000,0.390625000,-0.529525428365,-0.251524578473
-0.609375000,0.390625000,-0.623884088589,-0.296344942080
-0.593750000,0.390625000,-0.700434481081,-0.332706378513
-0.578125000,0.390625000,-0.760666474947,-0.361316575600
-0.562500000,0.390625000,-0.805984689361,-0.382842727446
-0.546875000,0.390625000,-0.837712949118,-0.397913650831
-0.531250000,0.390625000,-0.857098678945,-0.407121872499
-0.515625000,0.390625000,-0.865317187798,-0.411025664204
-0.500000000,0.390625000,-0.863475809116,-0.410151009330
-0.484375000,0.390625000,-0.852617866379,-0.404993486530
-0.468750000,0.390625000,-0.833726447955,-0.396020062779
-0.453125000,0.390625000,-0.807727975439,-0.383670788334
-0.437500000,0.390625000,-0.775495557871,-0.368360389989
-0.421875000,0.390625000,-0.737852128361,-0.350479760972
-0.406250000,0.390625000,-0.695573362464,-0.330397347170
-0.390625000,0.390625000,-0.649390379964,-0.308460430483
-0.375000000,0.390625000,-0.599992235399,-0.284996311815
-0.359375000,0.390625000,-0.548028203319,-0.260313396577
-0.343750000,0.390625000,-0.494109865929,-0.234702186316
-0.328125000,0.390625000,-0.438813011954,-0.208436180678
-0.312500000,0.390625000,-0.382679356335,-0.181772694259
-0.296875000,0.390625000,-0.326218090378,-0.154953592930
-0.281250000,0.390625000,-0.269907273734,-0.128205955023
-0.265625000,0.390625000,-0.214195077265,-0.101742661701
-0.250000000,0.390625000,-0.159500889261,-0.0757629223989
-0.234375000,0.390625000,-0.106216293425,-0.0504527393767
-0.218750000,0.390625000,-0.0547059310398,-0.0259853172439
-0.203125000,0.390625000,-0.00530825578944,-0.00252142149998
-0.187500000,0.390625000,0.0416638087880,0.0197903091743
-0.171875000,0.390625000,0.0859222990753,0.0408130920608
-0.156250000,0.390625000,0.127203721242,0.0604217675898
-0.140625000,0.390625000,0.165268630507,0.0785025994908
-0.125000000,0.390625000,0.199901275546,0.0949531058842
-0.109375000,0.390625000,0.230909296945,0.109681916049
-0.093750000,0.390625000,0.258123476410,0.122608651295
-0.078125000,0.390625000,0.281361210899,0.133646575177
-0.062500000,0.390625000,0.300592833131,0.142781595737
-0.046875000,0.390625000,0.315648864199,0.149933210495
-0.031250000,0.390625000,0.326455692949,0.155066454151
-0.015625000,0.390625000,0.332960788925,0.158156374740
0.000000000,0.390625000,0.335132653184,0.159188010262
0.015625000,0.390625000,0.332960788925,0.158156374740
0.031250000,0.390625000,0.326455692949,0.155066454151
0.046875000,0.390625000,0.315648864199,0.149933210495
0.062500000,0.390625000,0.300592833131,0.142781595737
0.078125000,0.390625000,0.281361210899,0.133646575177
0.093750000,0.390625000,0.258123476410,0.122608651295
0.109375000,0.390625000,0.230909296945,0.109681916049
0.125000000,0.390625000,0.199901275546,0.0949531058842
0.140625000,0.390625000,0.165268630507,0.0785025994908
0.156250000,0.390625000,0.127203721242,0.0604217675898
0.171875000,0.390625000,0.0859222990753,0.0408130920608
0.187500000,0.390625000,0.0416638087880,0.0197903091743
0.203125000,0.390625000,-0.00530825578944,-0.00252142149998
0.218750000,0.390625000,-0.0547059310398,-0.0259853172439
0.234375000,0.390625000,-0.106216293425,-0.0504527393767
0.250000000,0.390625000,-0.159500889261,-0.0757629223989
0.265625000,0.390625000,-0.214195077265,-0.101742661701
0.281250000,0.390625000,-0.269907273734,-0.128205955023
0.296875000,0.390625000,-0.326218090378,-0.154953592930
0.312500000,0.390625000,-0.382679356335,-0.181772694259
0.328125000,0.390625000,-0.438813011954,-0.208436180678
0.343750000,0.390625000,-0.494109865929,-0.234702186316
0.359375000,0.390625000,-0.548028203319,-0.260313396577
0.375000000,0.390625000,-0.599992235399,-0.284996311815
0.390625000,0.390625000,-0.649390379964,-0.308460430483
0.406250000,0.390625000,-0.695573362464,-0.330397347170
0.421875000,0.390625000,-0.737852128361,-0.350479760972
0.437500000,0.390625000,-0.775495557871,-0.368360389989
0.453125000,0.390625000,-0.807727975439,-0.383670788334
0.468750000,0.390625000,-0.833726447955,-0.396020062779
0.484375000,0.390625000,-0.852617866379,-0.404993486530
0.500000000,0.390625000,-0.863475809116,-0.410151009330
0.515625000,0.390625000,-0.865317187798,-0.411025664204
0.531250000,0.390625000,-0.857098678945,-0.407121872499
0.546875000,0.390625000,-0.837712949118,-0.397913650831
0.562500000,0.390625000,-0.805984689361,-0.382842727446
0.578125000,0.390625000,-0.760666474947,-0.361316575600
0.593750000,0.390625000,-0.700434481081,-0.332706378513
0.609375000,0.390625000,-0.623884088589,-0.296344942080
0.625000000,0.390625000,-0.529525428365,-0.251524578473
0.640625000,0.390625000,-0.415778924564,-0.197494989168
0.656250000,0.390625000,-0.280970913977,-0.133461184139
0.671875000,0.390625000,-0.123329436080,-0.0585814821381
0.687500000,0.390625000,0.0590196849487,0.0280343503506
0.703125000,0.390625000,0.268056322557,0.127326753214
0.718750000,0.390625000,0.506028499153,0.240363537098
0.734375000,0.390625000,0.774829574376,0.368044047829
0.750000000,0.390625000,1.07691739716,0.511535763651
0.765625000,0.390625000,1.41471363192,0.671988975160
0.781250000,0.390625000,1.79074863553,0.850605601879
0.796875000,0.390625000,2.20765682709,1.04863699287
0.812500000,0.390625000,2.66816917631,1.26738035875
0.828125000,0.390625000,3.17510210730,1.50817350097
0.843750000,0.390625000,3.73134196912,1.77238743533
0.859375000,0.390625000,,
0.875000000,0.390625000,,
0.890625000,0.390625000,,
0.906250000,0.390625000,,
0.921875000,0.390625000,,
0.937500000,0.390625000,,
0.953125000,0.390625000,,
0.968750000,0.390625000,,
0.984375000,0.390625000,,
1.000000000,0.390625000,,
-1.000000000,0.406250000,,
-0.984375000,0.406250000,,
-0.968750000,0.406250000,,
-0.953125000,0.406250000,,
-0.937500000,0.406250000,,
-0.921875000,0.406250000,,
-0.906250000,0.406250000,,
-0.890625000,0.406250000,,
-0.875000000,0.406250000,,
-0.859375000,0.406250000,,
-0.843750000,0.406250000,4.10619147072,1.95044094859
-0.828125000,0.406250000,3.51973780426,1.67187545702
-0.812500000,0.406250000,2.98401978857,1.41740939957
-0.796875000,0.406250000,2.49616528290,1.18567850938
-0.781250000,0.406250000,2.05336126968,0.975346603100
-0.765625000,0.406250000,1.65287113388,0.785113788593
-0.750000000,0.406250000,1.29204722069,0.613722429826
-0.734375000,0.406250000,0.968339572018,0.459961296709
-0.718750000,0.406250000,0.679301584818,0.322668252789
-0.703125000,0.406250000,0.422593203539,0.200731771681
-0.687500000,0.406250000,0.195831595110,0.0930200076772
-0.671875000,0.406250000,-0.00279561467869,-0.00132791697238
-0.656250000,0.406250000,-0.175470049063,-0.0833482733050
-0.640625000,0.406250000,-0.324106907832,-0.153950781220
-0.625000000,0.406250000,-0.450520941627,-0.213997447273
-0.609375000,0.406250000,-0.556430039997,-0.264304268998
-0.593750000,0.406250000,-0.643459152690,-0.305643097528
-0.578125000,0.406250000,-0.713144419591,-0.338743599306
-0.562500000,0.406250000,-0.766937405885,-0.364295267795
-0.546875000,0.406250000,-0.806209361589,-0.382949446755
-0.531250000,0.406250000,-0.832255439624,-0.395321333821
-0.515625000,0.406250000,-0.846298821621,-0.401991940270
-0.500000000,0.406250000,-0.849494712774,-0.403509988568
-0.484375000,0.406250000,-0.842934174810,-0.400393733035
-0.468750000,0.406250000,-0.827647776825,-0.393132693992
-0.453125000,0.406250000,-0.804609047662,-0.382189297640
-0.437500000,0.406250000,-0.774737722155,-0.368000418023
-0.421875000,0.406250000,-0.738902773740,-0.350978817526
-0.406250000,0.406250000,-0.697925234466,-0.331514486372
-0.390625000,0.406250000,-0.652580802642,-0.309975881255
-0.375000000,0.406250000,-0.603602242392,-0.286711065136
-0.359375000,0.406250000,-0.551681581846,-0.262048751377
-0.343750000,0.406250000,-0.497472115611,-0.236299254915
-0.328125000,0.406250000,-0.441590222442,-0.209755355660
-0.312500000,0.406250000,-0.384617005690,-0.182693077703
-0.296875000,0.406250000,-0.327099766802,-0.155372389231
-0.281250000,0.406250000,-0.269553323196,-0.128037828518
-0.265625000,0.406250000,-0.212461180407,-0.100919060693
-0.250000000,0.406250000,-0.156276568603,-0.0742313700865
-0.234375000,0.406250000,-0.101423355626,-0.0481760939225
-0.218750000,0.406250000,-0.0482968455243,-0.0229410016240
-0.203125000,0.406250000,0.00273552719296,0.00129937541665
-0.187500000,0.406250000,0.0513335962406,0.0243834582143
-0.171875000,0.406250000,0.0971839481569,0.0461623753745
-0.156250000,0.406250000,0.139999481962,0.0664997539321
-0.140625000,0.406250000,0.179519036286,0.0852715422360
-0.125000000,0.406250000,0.215507076289,0.102365861238
-0.109375000,0.406250000,0.247753432655,0.117682880511
-0.093750000,0.406250000,0.276073086460,0.131134716069
-0.078125000,0.406250000,0.300269634288,0.142628076287
-0.062500000,0.406250000,0.320301881438,0.152143393683
-0.046875000,0.406250000,0.335990560249,0.159595516118
-0.031250000,0.406250000,0.347254612689,0.164945941027
-0.015625000,0.406250000,0.354036178174,0.168167184633
0.000000000,0.406250000,0.356300554910,0.169242763582
0.015625000,0.406250000,0.354036178174,0.168167184633
0.031250000,0.406250000,0.347254612689,0.164945941027
0.046875000,0.406250000,0.335990560249,0.159595516118
0.062500000,0.406250000,0.320301881438,0.152143393683
0.078125000,0.406250000,0.300269634288,0.142628076287
0.093750000,0.406250000,0.276073086460,0.131134716069
0.109375000,0.406250000,0.247753432655,0.117682880511
0.125000000,0.406250000,0.215507076289,0.102365861238
0.140625000,0.406250000,0.179519036286,0.0852715422360
0.156250000,0.406250000,0.139999481962,0.0664997539321
0.171875000,0.406250000,0.0971839481569,0.0461623753745
0.187500000,0.406250000,0.0513335962406,0.0243834582143
0.203125000,0.406250000,0.00273552719296,0.00129937541665
0.218750000,0.406250000,-0.0482968455243,-0.0229410016240
0.234375000,0.406250000,-0.101423355626,-0.0481760939225
0.250000000,0.406250000,-0.156276568603,-0.0742313700865
0.265625000,0.406250000,-0.212461180407,-0.100919060693
0.281250000,0.406250000,-0.269553323196,-0.128037828518
0.296875000,0.406250000,-0.327099766802,-0.155372389231
0.312500000,0.406250000,-0.384617005690,-0.182693077703
0.328125000,0.406250000,-0.441590222442,-0.209755355660
0.343750000,0.406250000,-0.497472115611,-0.236299254915
0.359375000,0.406250000,-0.551681581846,-0.262048751377
0.375000000,0.406250000,-0.603602242392,-0.286711065136
0.390625000,0.406250000,-0.652580802642,-0.309975881255
0.406250000,0.406250000,-0.697925234466,-0.331514486372
0.421875000,0.406250000,-0.738902773740,-0.350978817526
0.437500000,0.406250000,-0.774737722155,-0.368000418023
0.453125000,0.406250000,-0.804609047662,-0.382189297640
0.468750000,0.406250000,-0.827647776825,-0.393132693992
0.484375000,0.406250000,-0.842934174810,-0.400393733035
0.500000000,0.406250000,-0.849494712774,-0.403509988568
0.515625000,0.406250000,-0.846298821621,-0.401991940270
0.531250000,0.406250000,-0.832255439624,-0.395321333821
0.546875000,0.406250000,-0.806209361589,-0.382949446755
0.562500000,0.406250000,-0.766937405885,-0.364295267795
0.578125000,0.406250000,-0.713144419591,-0.338743599306
0.593750000,0.406250000,-0.643459152690,-0.305643097528
0.609375000,0.406250000,-0.556430039997,-0.264304268998
0.625000000,0.406250000,-0.450520941627,-0.213997447273
0.640625000,0.406250000,-0.324106907832,-0.153950781220
0.656250000,0.406250000,-0.175470049063,-0.0833482733050
0.671875000,0.406250000,-0.00279561467869,-0.00132791697238
0.687500000,0.406250000,0.195831595110,0.0930200076772
0.703125000,0.406250000,0.422593203539,0.200731771681
0.718750000,0.406250000,0.679301584818,0.322668252789
0.734375000,0.406250000,0.968339572018,0.459961296709
0.750000000,0.406250000,1.29204722069,0.613722429826
0.765625000,0.406250000,1.65287113388,0.785113788593
0.781250000,0.406250000,2.05336126968,0.975346603100
0.796875000,0.406250000,2.49616528290,1.18567850938
0.812500000,0.406250000,2.98401978857,1.41740939957
0.828125000,0.406250000,3.51973780426,1.67187545702
0.843750000,0.406250000,4.10619147072,1.95044094859
0.859375000,0.406250000,,
0.875000000,0.406250000,,
0.890625000,0.406250000,,
0.906250000,0.406250000,,
0.921875000,0.406250000,,
0.937500000,0.406250000,,
0.953125000,0.406250000,,
0.968750000,0.406250000,,
0.984375000,0.406250000,,
1.000000000,0.406250000,,
-1.000000000,0.421875000,,
-0.984375000,0.421875000,,
-0.968750000,0.421875000,,
-0.953125000,0.421875000,,
-0.937500000,0.421875000,,
-0.921875000,0.421875000,,
-0.906250000,0.421875000,,
-0.890625000,0.421875000,,
-0.875000000,0.421875000,,
-0.859375000,0.421875000,,
-0.843750000,0.421875000,,
-0.828125000,0.421875000,3.88781497464,1.84671211296
-0.812500000,0.421875000,3.32189302315,1.57789918600
-0.796875000,0.421875000,2.80531334064,1.33252383681
-0.781250000,0.421875000,2.33527151160,1.10925396801
-0.765625000,0.421875000,1.90902935280,0.906788942578
-0.750000000,0.421875000,1.52392910064,0.723866322802
-0.734375000,0.421875000,1.17740351457,0.559266669420
-0.718750000,0.421875000,0.866982683447,0.411816774637
-0.703125000,0.421875000,0.590298185197,0.280391637969
-0.687500000,0.421875000,0.345085137985,0.163915440543
-0.671875000,0.421875000,0.129028008251,0.0612883039194
-0.656250000,0.421875000,-0.0596107055132,-0.0283150851188
-0.640625000,0.421875000,-0.222954638168,-0.105903453130
-0.625000000,0.421875000,-0.362862139086,-0.172359516066
-0.609375000,0.421875000,-0.481096351783,-0.228520767097
-0.593750000,0.421875000,-0.579328813515,-0.275181186419
-0.578125000,0.421875000,-0.659143302718,-0.313093068791
-0.562500000,0.421875000,-0.722039827666,-0.342968918141
-0.546875000,0.421875000,-0.769438665921,-0.365483366312
-0.531250000,0.421875000,-0.802684386669,-0.381275083668
-0.515625000,0.421875000,-0.823049800163,-0.390948655078
-0.500000000,0.421875000,-0.831739791623,-0.395076401021
-0.484375000,0.421875000,-0.829895007791,-0.394200128701
-0.468750000,0.421875000,-0.818595371192,-0.388832801316
-0.453125000,0.421875000,-0.798863406784,-0.379460118223
-0.437500000,0.421875000,-0.771667368475,-0.366542000025
-0.421875000,0.421875000,-0.737924160270,-0.350513976128
-0.406250000,0.421875000,-0.698502049578,-0.331788473549
-0.390625000,0.421875000,-0.654223173279,-0.310756007308
-0.375000000,0.421875000,-0.605865839979,-0.287786273990
-0.359375000,0.421875000,-0.554166634315,-0.263229151300
-0.343750000,0.421875000,-0.499822329928,-0.237415606716
-0.328125000,0.421875000,-0.443491619684,-0.210658519350
-0.312500000,0.421875000,-0.385796672307,-0.183253419346
-0.296875000,0.421875000,-0.327324525470,-0.155479149598
-0.281250000,0.421875000,-0.268628325200,-0.127598454470
-0.265625000,0.421875000,-0.210228422638,-0.0998585007533
-0.250000000,0.421875000,-0.152613338888,-0.0724913359718
-0.234375000,0.421875000,-0.0962406085731,-0.0457142890722
-0.218750000,0.421875000,-0.0415375119610,-0.0197303181815
-0.203125000,0.421875000,0.0110982933804,0.00527168935567
-0.187500000,0.421875000,0.0612982313297,0.0291166598816
-0.171875000,0.421875000,0.108722347849,0.0516431152282
-0.156250000,0.421875000,0.153058923636,0.0727029887271
-0.140625000,0.421875000,0.194024150228,0.0921614713585
-0.125000000,0.421875000,0.231361862404,0.109896884642
-0.109375000,0.421875000,0.264843318369,0.125800576225
-0.093750000,0.421875000,0.294267022252,0.139776835570
-0.078125000,0.421875000,0.319414765675,0.151722013696
-0.062500000,0.421875000,0.340250689678,0.161619077597
-0.046875000,0.421875000,0.356574814352,0.169373036817
-0.031250000,0.421875000,0.368298316846,0.174941700502
-0.015625000,0.421875000,0.375357778642,0.178294944855
0.000000000,0.421875000,0.377715158786,0.179414700423
0.015625000,0.421875000,0.375357778642,0.178294944855
0.031250000,0.421875000,0.368298316846,0.174941700502
0.046875000,0.421875000,0.356574814352,0.169373036817
0.062500000,0.421875000,0.340250689678,0.161619077597
0.078125000,0.421875000,0.319414765675,0.151722013696
0.093750000,0.421875000,0.294267022252,0.139776835570
0.109375000,0.421875000,0.264843318369,0.125800576225
0.125000000,0.421875000,0.231361862404,0.109896884642
0.140625000,0.421875000,0.194024150228,0.0921614713585
0.156250000,0.421875000,0.153058923636,0.0727029887271
0.171875000,0.421875000,0.108722347849,0.0516431152282
0.187500000,0.421875000,0.0612982313297,0.0291166598816
0.203125000,0.421875000,0.0110982933804,0.00527168935567
0.218750000,0.421875000,-0.0415375119610,-0.0197303181815
0.234375000,0.421875000,-0.0962406085731,-0.0457142890722
0.250000000,0.421875000,-0.152613338888,-0.0724913359718
0.265625000,0.421875000,-0.210228422638,-0.0998585007533
0.281250000,0.421875000,-0.268628325200,-0.127598454470
0.296875000,0.421875000,-0.327324525470,-0.155479149598
0.312500000,0.421875000,-0.385796672307,-0.183253419346
0.328125000,0.421875000,-0.443491619684,-0.210658519350
0.343750000,0.421875000,-0.499822329928,-0.237415606716
0.359375000,0.421875000,-0.554166634315,-0.263229151300
0.375000000,0.421875000,-0.605865839979,-0.287786273990
0.390625000,0.421875000,-0.654223173279,-0.310756007308
0.406250000,0.421875000,-0.698502049578,-0.331788473549
0.421875000,0.421875000,-0.737924160270,-0.350513976128
0.437500000,0.421875000,-0.771667368475,-0.366542000025
0.453125000,0.421875000,-0.798863406784,-0.379460118223
0.468750000,0.421875000,-0.818595371192,-0.388832801316
0.484375000,0.421875000,-0.829895007791,-0.394200128701
0.500000000,0.421875000,-0.831739791623,-0.395076401021
0.515625000,0.421875000,-0.823049800163,-0.390948655078
0.531250000,0.421875000,-0.802684386669,-0.381275083668
0.546875000,0.421875000,-0.769438665921,-0.365483366312
0.562500000,0.421875000,-0.722039827666,-0.342968918141
0.578125000,0.421875000,-0.659143302718,-0.313093068791
0.593750000,0.421875000,-0.579328813515,-0.275181186419
0.609375000,0.421875000,-0.481096351783,-0.228520767097
0.625000000,0.421875000,-0.362862139086,-0.172359516066
0.640625000,0.421875000,-0.222954638168,-0.105903453130
0.656250000,0.421875000,-0.0596107055132,-0.0283150851188
0.671875000,0.421875000,0.129028008251,0.0612883039194
0.687500000,0.421875000,0.345085137985,0.163915440543
0.703125000,0.421875000,0.590298185197,0.280391637969
0.718750000,0.421875000,0.866982683447,0.411816774637
0.734375000,0.421875000,1.17740351457,0.559266669420
0.750000000,0.421875000,1.52392910064,0.723866322802
0.765625000,0.421875000,1.90902935280,0.906788942578
0.781250000,0.421875000,2.33527151160,1.10925396801
0.796875000,0.421875000,2.80531334064,1.33252383681
0.812500000,0.421875000,3.32189302315,1.57789918600
0.828125000,0.421875000,3.88781497464,1.84671211296
0.843750000,0.421875000,,
0.859375000,0.421875000,,
0.875000000,0.421875000,,
0.890625000,0.421875000,,
0.906250000,0.421875000,,
0.921875000,0.421875000,,
0.937500000,0.421875000,,
0.953125000,0.421875000,,
0.968750000,0.421875000,,
0.984375000,0.421875000,,
1.000000000,0.421875000,,
-1.000000000,0.437500000,,
-0.984375000,0.437500000,,
-0.968750000,0.437500000,,
-0.953125000,0.437500000,,
-0.937500000,0.437500000,,
-0.921875000,0.437500000,,
-0.906250000,0.437500000,,
-0.890625000,0.437500000,,
-0.875000000,0.437500000,,
-0.859375000,0.437500000,,
-0.843750000,0.437500000,,
-0.828125000,0.437500000,,
-0.812500000,0.437500000,3.68333132868,1.74958238112
-0.796875000,0.437500000,3.13659764342,1.48988388062
-0.781250000,0.437500000,2.63792648644,1.25301508106
-0.765625000,0.437500000,2.18458295816,1.03767690513
-0.750000000,0.437500000,1.77390297879,0.842603914925
-0.734375000,0.437500000,1.40330491572,0.666569834966
-0.718750000,0.437500000,1.07029767166,0.508391394039
-0.703125000,0.437500000,0.772485925414,0.366930814572
-0.687500000,0.437500000,0.507573096121,0.241097220658
-0.671875000,0.437500000,0.273362503046,0.129847188947
-0.656250000,0.437500000,0.0677571091581,0.0321846268501
-0.640625000,0.437500000,-0.111389822731,-0.0529101657971
-0.625000000,0.437500000,-0.265674543901,-0.126195408353
-0.609375000,0.437500000,-0.397065607336,-0.188606163485
-0.593750000,0.437500000,-0.507282206198,-0.240959047944
-0.578125000,0.437500000,-0.597957002512,-0.284029576193
-0.562500000,0.437500000,-0.670639839542,-0.318553923782
-0.546875000,0.437500000,-0.726801536271,-0.345230729729
-0.531250000,0.437500000,-0.767837691829,-0.364722903619
-0.515625000,0.437500000,-0.795072438558,-0.377659408315
-0.500000000,0.437500000,-0.809762098705,-0.384636996885
-0.484375000,0.437500000,-0.813098708225,-0.386221886407
-0.468750000,0.437500000,-0.806213382253,-0.382951356570
-0.453125000,0.437500000,-0.790179502359,-0.375335263621
-0.437500000,0.437500000,-0.766015714358,-0.363857464320
-0.421875000,0.437500000,-0.734688727219,-0.348977145429
-0.406250000,0.437500000,-0.697115911193,-0.331130057817
-0.390625000,0.437500000,-0.654167694381,-0.310729654831
-0.375000000,0.437500000,-0.606669760444,-0.288168136211
-0.359375000,0.437500000,-0.555405052771,-0.263817400066
-0.343750000,0.437500000,-0.501115591377,-0.238029905904
-0.328125000,0.437500000,-0.444504110687,-0.211139452576
-0.312500000,0.437500000,-0.386235527181,-0.183461875411
-0.296875000,0.437500000,-0.326938246746,-0.155295667205
-0.281250000,0.437500000,-0.267205321734,-0.126922527824
-0.265625000,0.437500000,-0.207595468775,-0.0986078476682
-0.250000000,0.437500000,-0.148633957479,-0.0706011298027
-0.234375000,0.437500000,-0.0908133811046,-0.0431363560247
-0.218750000,0.437500000,-0.0345943192240,-0.0164323016314
-0.203125000,0.437500000,0.0195940961511,0.00930719567176
-0.187500000,0.437500000,0.0713537022893,0.0338930085874
-0.171875000,0.437500000,0.120316904927,0.0571505298403
-0.156250000,0.437500000,0.166146346087,0.0789195143915
-0.140625000,0.437500000,0.208534631748,0.0990539500804
-0.125000000,0.437500000,0.247204111155,0.117421952799
-0.109375000,0.437500000,0.281906700453,0.133905682715
-0.093750000,0.437500000,0.312423743701,0.148401278258
-0.078125000,0.437500000,0.338565905454,0.160818805091
-0.062500000,0.437500000,0.360141336754,0.171067134958
-0.046875000,0.437500000,0.377098770040,0.179121915769
-0.031250000,0.437500000,0.389280426038,0.184908202368
-0.015625000,0.437500000,0.396617098248,0.188393121668
0.000000000,0.437500000,0.399067268546,0.189556952559
0.015625000,0.437500000,0.396617098248,0.188393121668
0.031250000,0.437500000,0.389280426038,0.184908202368
0.046875000,0.437500000,0.377098770040,0.179121915769
0.062500000,0.437500000,0.360141336754,0.171067134958
0.078125000,0.437500000,0.338565905454,0.160818805091
0.093750000,0.437500000,0.312423743701,0.148401278258
0.109375000,0.437500000,0.281906700453,0.133905682715
0.125000000,0.437500000,0.247204111155,0.117421952799
0.140625000,0.437500000,0.208534631748,0.0990539500804
0.156250000,0.437500000,0.166146346087,0.0789195143915
0.171875000,0.437500000,0.120316904927,0.0571505298403
0.187500000,0.437500000,0.0713537022893,0.0338930085874
0.203125000,0.437500000,0.0195940961511,0.00930719567176
0.218750000,0.437500000,-0.0345943192240,-0.0164323016314
0.234375000,0.437500000,-0.0908133811046,-0.0431363560247
0.250000000,0.437500000,-0.148633957479,-0.0706011298027
0.265625000,0.437500000,-0.207595468775,-0.0986078476682
0.281250000,0.437500000,-0.267205321734,-0.126922527824
0.296875000,0.437500000,-0.326938246746,-0.155295667205
0.312500000,0.437500000,-0.386235527181,-0.183461875411
0.328125000,0.437500000,-0.444504110687,-0.211139452576
0.343750000,0.437500000,-0.501115591377,-0.238029905904
0.359375000,0.437500000,-0.555405052771,-0.263817400066
0.375000000,0.437500000,-0.606669760444,-0.288168136211
0.390625000,0.437500000,-0.654167694381,-0.310729654831
0.406250000,0.437500000,-0.697115911193,-0.331130057817
0.421875000,0.437500000,-0.734688727219,-0.348977145429
0.437500000,0.437500000,-0.766015714358,-0.363857464320
0.453125000,0.437500000,-0.790179502359,-0.375335263621
0.468750000,0.437500000,-0.806213382253,-0.382951356570
0.484375000,0.437500000,-0.813098708225,-0.386221886407
0.500000000,0.437500000,-0.809762098705,-0.384636996885
0.515625000,0.437500000,-0.795072438558,-0.377659408315
0.531250000,0.437500000,-0.767837691829,-0.364722903619
0.546875000,0.437500000,-0.726801536271,-0.345230729729
0.562500000,0.437500000,-0.670639839542,-0.318553923782
0.578125000,0.437500000,-0.597957002512,-0.284029576193
0.593750000,0.437500000,-0.507282206198,-0.240959047944
0.609375000,0.437500000,-0.397065607336,-0.188606163485
0.625000000,0.437500000,-0.265674543901,-0.126195408353
0.640625000,0.437500000,-0.111389822731,-0.0529101657971
0.656250000,0.437500000,0.0677571091581,0.0321846268501
0.671875000,0.437500000,0.273362503046,0.129847188947
0.687500000,0.437500000,0.507573096121,0.241097220658
0.703125000,0.437500000,0.772485925414,0.366930814572
0.718750000,0.437500000,1.07029767166,0.508391394039
0.734375000,0.437500000,1.40330491572,0.666569834966
0.750000000,0.437500000,1.77390297879,0.842603914925
0.765625000,0.437500000,2.18458295816,1.03767690513
0.781250000,0.437500000,2.63792648644,1.25301508106
0.796875000,0.437500000,3.13659764342,1.48988388062
0.812500000,0.437500000,3.68333132868,1.74958238112
0.828125000,0.437500000,,
0.843750000,0.437500000,,
0.859375000,0.437500000,,
0.875000000,0.437500000,,
0.890625000,0.437500000,,
0.906250000,0.437500000,,
0.921875000,0.437500000,,
0.937500000,0.437500000,,
0.953125000,0.437500000,,
0.968750000,0.437500000,,
0.984375000,0.437500000,,
1.000000000,0.437500000,,
-1.000000000,0.453125000,,
-0.984375000,0.453125000,,
-0.968750000,0.453125000,,
-0.953125000,0.453125000,,
-0.937500000,0.453125000,,
-0.921875000,0.453125000,,
-0.906250000,0.453125000,,
-0.890625000,0.453125000,,
-0.875000000,0.453125000,,
-0.859375000,0.453125000,,
-0.843750000,0.453125000,,
-0.828125000,0.453125000,,
-0.812500000,0.453125000,4.06996467237,1.93323321938
-0.796875000,0.453125000,3.49160419250,1.65851199144
-0.781250000,0.453125000,2.96286368491,1.40736025033
-0.765625000,0.453125000,2.48101727323,1.17848320478
-0.750000000,0.453125000,2.04339911710,0.970614580623
-0.734375000,0.453125000,1.64741673917,0.782522951104
-0.718750000,0.453125000,1.29056054431,0.613016258545
-0.703125000,0.453125000,0.970410267290,0.460944876963
-0.687500000,0.453125000,0.684638958398,0.325203505239
-0.671875000,0.453125000,0.431015008986,0.204732129268
-0.656250000,0.453125000,0.207402632843,0.0985162506005
-0.640625000,0.453125000,0.0117611442537,0.00558654352053
-0.625000000,0.453125000,-0.158010105066,-0.0750547999066
-0.609375000,0.453125000,-0.303449927448,-0.144138715538
-0.593750000,0.453125000,-0.426490833110,-0.202583145727
-0.578125000,0.453125000,-0.528815464955,-0.251187345854
-0.562500000,0.453125000,-0.612024766174,-0.290711763932
-0.546875000,0.453125000,-0.677641502858,-0.321879713857
-0.531250000,0.453125000,-0.727113825229,-0.345379066984
-0.515625000,0.453125000,-0.761818803356,-0.361863931594
-0.500000000,0.453125000,-0.783065886991,-0.371956296321
-0.484375000,0.453125000,-0.792100250581,-0.376247619026
-0.468750000,0.453125000,-0.790105994314,-0.375300347299
-0.453125000,0.453125000,-0.778209179762,-0.369649360387
-0.437500000,0.453125000,-0.757480686333,-0.359803326008
-0.421875000,0.453125000,-0.728938877429,-0.346245966779
-0.406250000,0.453125000,-0.693552074423,-0.329437235351
-0.390625000,0.453125000,-0.652240834438,-0.309814396358
-0.375000000,0.453125000,-0.605880036157,-0.287793017174
-0.359375000,0.453125000,-0.555300776527,-0.263767868850
-0.343750000,0.453125000,-0.501292085051,-0.238113740399
-0.328125000,0.453125000,-0.444602463248,-0.211186170043
-0.312500000,0.453125000,-0.385941257508,-0.183322097316
-0.296875000,0.453125000,-0.325979876345,-0.154840441264
-0.281250000,0.453125000,-0.265352859886,-0.126042608446
-0.265625000,0.453125000,-0.204658814313,-0.0972129367988
-0.250000000,0.453125000,-0.144461220635,-0.0686190798015
-0.234375000,0.453125000,-0.0852891287567,-0.0405123361594
-0.218750000,0.453125000,-0.0276377478155,-0.0131279302124
-0.203125000,0.453125000,0.0280310577608,0.0133147524364
-0.187500000,0.453125000,0.0812883543432,0.0386119683130
-0.171875000,0.453125000,0.131737800994,0.0625754554723
-0.156250000,0.453125000,0.179015373882,0.0850323025940
-0.140625000,0.453125000,0.222789147921,0.105824845262
-0.125000000,0.453125000,0.262759125351,0.124810584542
-0.109375000,0.453125000,0.298657104505,0.141862124640
-0.093750000,0.453125000,0.330246581282,0.156867126109
-0.078125000,0.453125000,0.357322677943,0.169728272023
-0.062500000,0.453125000,0.379712092317,0.180363243851
-0.046875000,0.453125000,0.397240388612,0.188689184591
-0.031250000,0.453125000,0.409875028798,0.194690638679
-0.015625000,0.453125000,0.417600194573,0.198360092422
0.000000000,0.453125000,0.420141968358,0.199567434970
0.015625000,0.453125000,0.417600194573,0.198360092422
0.031250000,0.453125000,0.409875028798,0.194690638679
0.046875000,0.453125000,0.397240388612,0.188689184591
0.062500000,0.453125000,0.379712092317,0.180363243851
0.078125000,0.453125000,0.357322677943,0.169728272023
0.093750000,0.453125000,0.330246581282,0.156867126109
0.109375000,0.453125000,0.298657104505,0.141862124640
0.125000000,0.453125000,0.262759125351,0.124810584542
0.140625000,0.453125000,0.222789147921,0.105824845262
0.156250000,0.453125000,0.179015373882,0.0850323025940
0.171875000,0.453125000,0.131737800994,0.0625754554723
0.187500000,0.453125000,0.0812883543432,0.0386119683130
0.203125000,0.453125000,0.0280310577608,0.0133147524364
0.218750000,0.453125000,-0.0276377478155,-0.0131279302124
0.234375000,0.453125000,-0.0852891287567,-0.0405123361594
0.250000000,0.453125000,-0.144461220635,-0.0686190798015
0.265625000,0.453125000,-0.204658814313,-0.0972129367988
0.281250000,0.453125000,-0.265352859886,-0.126042608446
0.296875000,0.453125000,-0.325979876345,-0.154840441264
0.312500000,0.453125000,-0.385941257508,-0.183322097316
0.328125000,0.453125000,-0.444602463248,-0.211186170043
0.343750000,0.453125000,-0.501292085051,-0.238113740399
0.359375000,0.453125000,-0.555300776527,-0.263767868850
0.375000000,0.453125000,-0.605880036157,-0.287793017174
0.390625000,0.453125000,-0.652240834438,-0.309814396358
0.406250000,0.453125000,-0.693552074423,-0.329437235351
0.421875000,0.453125000,-0.728938877429,-0.346245966779
0.437500000,0.453125000,-0.757480686333,-0.359803326008
0.453125000,0.453125000,-0.778209179762,-0.369649360387
0.468750000,0.453125000,-0.790105994314,-0.375300347299
0.484375000,0.453125000,-0.792100250581,-0.376247619026
0.500000000,0.453125000,-0.783065886991,-0.371956296321
0.515625000,0.453125000,-0.761818803356,-0.361863931594
0.531250000,0.453125000,-0.727113825229,-0.345379066984
0.546875000,0.453125000,-0.677641502858,-0.321879713857
0.562500000,0.453125000,-0.612024766174,-0.290711763932
0.578125000,0.453125000,-0.528815464955,-0.251187345854
0.593750000,0.453125000,-0.426490833110,-0.202583145727
0.609375000,0.453125000,-0.303449927448,-0.144138715538
0.625000000,0.453125000,-0.158010105066,-0.0750547999066
0.640625000,0.453125000,0.0117611442537,0.00558654352053
0.656250000,0.453125000,0.207402632843,0.0985162506005
0.671875000,0.453125000,0.431015008986,0.204732129268
0.687500000,0.453125000,0.684638958398,0.325203505239
0.703125000,0.453125000,0.970410267290,0.460944876963
0.718750000,0.453125000,1.29056054431,0.613016258545
0.734375000,0.453125000,1.64741673917,0.782522951104
0.750000000,0.453125000,2.04339911710,0.970614580623
0.765625000,0.453125000,2.48101727323,1.17848320478
0.781250000,0.453125000,2.96286368491,1.40736025033
0.796875000,0.453125000,3.49160419250,1.65851199144
0.812500000,0.453125000,4.06996467237,1.93323321938
0.828125000,0.453125000,,
0.843750000,0.453125000,,
0.859375000,0.453125000,,
0.875000000,0.453125000,,
0.890625000,0.453125000,,
0.906250000,0.453125000,,
0.921875000,0.453125000,,
0.937500000,0.453125000,,
0.953125000,0.453125000,,
0.968750000,0.453125000,,
0.984375000,0.453125000,,
1.000000000,0.453125000,,
-1.000000000,0.468750000,,
-0.984375000,0.468750000,,
-0.968750000,0.468750000,,
-0.953125000,0.468750000,,
-0.937500000,0.468750000,,
-0.921875000,0.468750000,,
-0.906250000,0.468750000,,
-0.890625000,0.468750000,,
-0.875000000,0.468750000,,
-0.859375000,0.468750000,,
-0.843750000,0.468750000,,
-0.828125000,0.468750000,,
-0.812500000,0.468750000,,
-0.796875000,0.468750000,3.87200892527,1.83920423950
-0.781250000,0.468750000,3.31171234980,1.57306336616
-0.765625000,0.468750000,2.79991035679,1.32995741947
-0.750000000,0.468750000,2.33394077560,1.10862186841
-0.734375000,0.468750000,1.91120458593,0.907822178316
-0.718750000,0.468750000,1.52917703399,0.726359091144
-0.703125000,0.468750000,1.18541542857,0.563072328571
-0.687500000,0.468750000,0.877564266956,0.416843026804
-0.671875000,0.468750000,0.603358229587,0.286595159054
-0.656250000,0.468750000,0.360623486095,0.171296155895
-0.640625000,0.468750000,0.147277678049,0.0699568970731
-0.625000000,0.468750000,-0.0386711188381,-0.0183687814481
-0.609375000,0.468750000,-0.199126207394,-0.0945849485123
-0.593750000,0.468750000,-0.336053748824,-0.159625530691
-0.578125000,0.468750000,-0.450879451596,-0.214167739508
-0.562500000,0.468750000,-0.545416096924,-0.259072646039
-0.546875000,0.468750000,-0.621239672519,-0.295088844447
-0.531250000,0.468750000,-0.679852288507,-0.322929837041
-0.515625000,0.468750000,-0.722685471583,-0.343275599002
-0.500000000,0.468750000,-0.751103407365,-0.356774118498
-0.484375000,0.468750000,-0.766406087628,-0.364042891623
-0.468750000,0.468750000,-0.769832331018,-0.365670357233
-0.453125000,0.468750000,-0.762562652264,-0.362217259826
-0.437500000,0.468750000,-0.745721963839,-0.354217932823
-0.421875000,0.468750000,-0.720382098751,-0.342181496907
-0.406250000,0.468750000,-0.687564148886,-0.326592970721
-0.390625000,0.468750000,-0.648240615458,-0.307914292343
-0.375000000,0.468750000,-0.603337373625,-0.286585252472
-0.359375000,0.468750000,-0.553735454514,-0.263024340894
-0.343750000,0.468750000,-0.500272649220,-0.237629508379
-0.328125000,0.468750000,-0.443744944328,-0.210778848556
-0.312500000,0.468750000,-0.384907793604,-0.182831201962
-0.296875000,0.468750000,-0.324477239247,-0.154126688642
-0.281250000,0.468750000,-0.263130889551,-0.124987172537
-0.265625000,0.468750000,-0.201508765079,-0.0957166634124
-0.250000000,0.468750000,-0.140214022846,-0.0666016608519
-0.234375000,0.468750000,-0.0798135705987,-0.0379114460344
-0.218750000,0.468750000,-0.0208385798859,-0.00989832544580
-0.203125000,0.468750000,0.0362150893945,0.0172021674624
-0.187500000,0.468750000,0.0908865448822,0.0431711088191
-0.171875000,0.468750000,0.142749586751,0.0678060537065
-0.156250000,0.468750000,0.191412493475,0.0909209344006
-0.140625000,0.468750000,0.236631269547,0.112399853035
-0.125000000,0.468750000,0.277852495313,0.131979935274
-0.109375000,0.468750000,0.314904333979,0.149579558640
-0.093750000,0.468750000,0.347531715314,0.165077564774
-0.078125000,0.468750000,0.375513594060,0.178368957179
-0.062500000,0.468750000,0.398662932439,0.189364892909
-0.046875000,0.468750000,0.416826693225,0.197992679282
-0.031250000,0.468750000,0.429838561598,0.204173316759
-0.015625000,0.468750000,0.437717546753,0.207915834708
0.000000000,0.468750000,0.440349308338,0.209165921460
0.015625000,0.468750000,0.437717546753,0.207915834708
0.031250000,0.468750000,0.429838561598,0.204173316759
0.046875000,0.468750000,0.416826693225,0.197992679282
0.062500000,0.468750000,0.398662932439,0.189364892909
0.078125000,0.468750000,0.375513594060,0.178368957179
0.093750000,0.468750000,0.347531715314,0.165077564774
0.109375000,0.468750000,0.314904333979,0.149579558640
0.125000000,0.468750000,0.277852495313,0.131979935274
0.140625000,0.468750000,0.236631269547,0.112399853035
0.156250000,0.468750000,0.191412493475,0.0909209344006
0.171875000,0.468750000,0.142749586751,0.0678060537065
0.187500000,0.468750000,0.0908865448822,0.0431711088191
0.203125000,0.468750000,0.0362150893945,0.0172021674624
0.218750000,0.468750000,-0.0208385798859,-0.00989832544580
0.234375000,0.468750000,-0.0798135705987,-0.0379114460344
0.250000000,0.468750000,-0.140214022846,-0.0666016608519
0.265625000,0.468750000,-0.201508765079,-0.0957166634124
0.281250000,0.468750000,-0.263130889551,-0.124987172537
0.296875000,0.468750000,-0.324477239247,-0.154126688642
0.312500000,0.468750000,-0.384907793604,-0.182831201962
0.328125000,0.468750000,-0.443744944328,-0.210778848556
0.343750000,0.468750000,-0.500272649220,-0.237629508379
0.359375000,0.468750000,-0.553735454514,-0.263024340894
0.375000000,0.468750000,-0.603337373625,-0.286585252472
0.390625000,0.468750000,-0.648240615458,-0.307914292343
0.406250000,0.468750000,-0.687564148886,-0.326592970721
0.421875000,0.468750000,-0.720382098751,-0.342181496907
0.437500000,0.468750000,-0.745721963839,-0.354217932823
0.453125000,0.468750000,-0.762562652264,-0.362217259826
0.468750000,0.468750000,-0.769832331018,-0.365670357233
0.484375000,0.468750000,-0.766406087628,-0.364042891623
0.500000000,0.468750000,-0.751103407365,-0.356774118498
0.515625000,0.468750000,-0.722685471583,-0.343275599002
0.531250000,0.468750000,-0.679852288507,-0.322929837041
0.546875000,0.468750000,-0.621239672519,-0.295088844447
0.562500000,0.468750000,-0.545416096924,-0.259072646039
0.578125000,0.468750000,-0.450879451596,-0.214167739508
0.593750000,0.468750000,-0.336053748824,-0.159625530691
0.609375000,0.468750000,-0.199126207394,-0.0945849485123
0.625000000,0.468750000,-0.0386711188381,-0.0183687814481
0.640625000,0.468750000,0.147277678049,0.0699568970731
0.656250000,0.468750000,0.360623486095,0.171296155895
0.671875000,0.468750000,0.603358229587,0.286595159054
0.687500000,0.468750000,0.877564266956,0.416843026804
0.703125000,0.468750000,1.18541542857,0.563072328571
0.718750000,0.468750000,1.52917703399,0.726359091144
0.734375000,0.468750000,1.91120458593,0.907822178316
0.750000000,0.468750000,2.33394077560,1.10862186841
0.765625000,0.468750000,2.79991035679,1.32995741947
0.781250000,0.468750000,3.31171234980,1.57306336616
0.796875000,0.468750000,3.87200892527,1.83920423950
0.812500000,0.468750000,,
0.828125000,0.468750000,,
0.843750000,0.468750000,,
0.859375000,0.468750000,,
0.875000000,0.468750000,,
0.890625000,0.468750000,,
0.906250000,0.468750000,,
0.921875000,0.468750000,,
0.937500000,0.468750000,,
0.953125000,0.468750000,,
0.968750000,0.468750000,,
0.984375000,0.468750000,,
1.000000000,0.468750000,,
-1.000000000,0.484375000,,
-0.984375000,0.484375000,,
-0.968750000,0.484375000,,
-0.953125000,0.484375000,,
-0.937500000,0.484375000,,
-0.921875000,0.484375000,,
-0.906250000,0.484375000,,
-0.890625000,0.484375000,,
-0.875000000,0.484375000,,
-0.859375000,0.484375000,,
-0.843750000,0.484375000,,
-0.828125000,0.484375000,,
-0.812500000,0.484375000,,
-0.796875000,0.484375000,,
-0.781250000,0.484375000,3.68619408744,1.75094219153
-0.765625000,0.484375000,3.14293445909,1.49289386807
-0.750000000,0.484375000,2.64714639786,1.25739453898
-0.734375000,0.484375000,2.19622950781,1.04320901621
-0.718750000,0.484375000,1.78764796420,0.849132782996
-0.703125000,0.484375000,1.41893981461,0.673996411942
-0.687500000,0.484375000,1.08772338087,0.516668605913
-0.671875000,0.484375000,0.791701335629,0.376058134424
-0.656250000,0.484375000,0.528662931213,0.251114892326
-0.640625000,0.484375000,0.296484770540,0.140830266006
-0.625000000,0.484375000,0.0931304461575,0.0442369619248
-0.609375000,0.484375000,-0.0833506893143,-0.0395915774243
-0.593750000,0.484375000,-0.234825400937,-0.111542065445
-0.578125000,0.484375000,-0.363234962804,-0.172536607332
-0.562500000,0.484375000,-0.469963847307,-0.223232827471
-0.546875000,0.484375000,-0.556809051196,-0.264484299318
-0.531250000,0.484375000,-0.625327917659,-0.297030760888
-0.515625000,0.484375000,-0.677007832004,-0.321578720202
-0.500000000,0.484375000,-0.713269222869,-0.338802880863
-0.484375000,0.484375000,-0.735468491337,-0.349347533385
-0.468750000,0.484375000,-0.744900833138,-0.353827895740
-0.453125000,0.484375000,-0.742802925112,-0.352831389428
-0.437500000,0.484375000,-0.730355458412,-0.346918842746
-0.421875000,0.484375000,-0.708685504510,-0.336625614642
-0.406250000,0.484375000,-0.678868706400,-0.322462635540
-0.390625000,0.484375000,-0.641931291839,-0.304917363624
-0.375000000,0.484375000,-0.598851907051,-0.284454655849
-0.359375000,0.484375000,-0.550563275483,-0.261517555855
-0.343750000,0.484375000,-0.497953684909,-0.236528000332
-0.328125000,0.484375000,-0.441868309875,-0.209887447191
-0.312500000,0.484375000,-0.383110378004,-0.181977429552
-0.296875000,0.484375000,-0.322442188067,-0.153160039332
-0.281250000,0.484375000,-0.260585990881,-0.123778345669
-0.265625000,0.484375000,-0.198224741641,-0.0941567522796
-0.250000000,0.484375000,-0.136002736104,-0.0646012996494
-0.234375000,0.484375000,-0.0745261392459,-0.0353999161418
-0.218750000,0.484375000,-0.0143634189896,-0.00682262402008
-0.203125000,0.484375000,0.0439543063757,0.0208782955285
-0.187500000,0.484375000,0.100042534954,0.0475202041033
-0.171875000,0.484375000,0.153220499048,0.0727797370478
-0.156250000,0.484375000,0.203182322134,0.0965116030139
-0.140625000,0.484375000,0.249544126092,0.118533459894
-0.125000000,0.484375000,0.291958585227,0.138680327983
-0.109375000,0.484375000,0.330114890155,0.156804572824
-0.093750000,0.484375000,0.363738736216,0.172775899703
-0.078125000,0.484375000,0.392592328394,0.186481355987
-0.062500000,0.484375000,0.416474397271,0.197825338704
-0.046875000,0.484375000,0.435220221833,0.206729605371
-0.031250000,0.484375000,0.448701653577,0.213133285449
-0.015625000,0.484375000,0.456827139418,0.216992891223
0.000000000,0.484375000,0.459541739526,0.218282326275
0.015625000,0.484375000,0.456827139418,0.216992891223
0.031250000,0.484375000,0.448701653577,0.213133285449
0.046875000,0.484375000,0.435220221833,0.206729605371
0.062500000,0.484375000,0.416474397271,0.197825338704
0.078125000,0.484375000,0.392592328394,0.186481355987
0.093750000,0.484375000,0.363738736216,0.172775899703
0.109375000,0.484375000,0.330114890155,0.156804572824
0.125000000,0.484375000,0.291958585227,0.138680327983
0.140625000,0.484375000,0.249544126092,0.118533459894
0.156250000,0.484375000,0.203182322134,0.0965116030139
0.171875000,0.484375000,0.153220499048,0.0727797370478
0.187500000,0.484375000,0.100042534954,0.0475202041033
0.203125000,0.484375000,0.0439543063757,0.0208782955285
0.218750000,0.484375000,-0.0143634189896,-0.00682262402008
0.234375000,0.484375000,-0.0745261392459,-0.0353999161418
0.250000000,0.484375000,-0.136002736104,-0.0646012996494
0.265625000,0.484375000,-0.198224741641,-0.0941567522796
0.281250000,0.484375000,-0.260585990881,-0.123778345669
0.296875000,0.484375000,-0.322442188067,-0.153160039332
0.312500000,0.484375000,-0.383110378004,-0.181977429552
0.328125000,0.484375000,-0.441868309875,-0.209887447191
0.343750000,0.484375000,-0.497953684909,-0.236528000332
0.359375000,0.484375000,-0.550563275483,-0.261517555855
0.375000000,0.484375000,-0.598851907051,-0.284454655849
0.390625000,0.484375000,-0.641931291839,-0.304917363624
0.406250000,0.484375000,-0.678868706400,-0.322462635540
0.421875000,0.484375000,-0.708685504510,-0.336625614642
0.437500000,0.484375000,-0.730355458412,-0.346918842746
0.453125000,0.484375000,-0.742802925112,-0.352831389428
0.468750000,0.484375000,-0.744900833138,-0.353827895740
0.484375000,0.484375000,-0.735468491337,-0.349347533385
0.500000000,0.484375000,-0.713269222869,-0.338802880863
0.515625000,0.484375000,-0.677007832004,-0.321578720202
0.531250000,0.484375000,-0.625327917659,-0.297030760888
0.546875000,0.484375000,-0.556809051196,-0.264484299318
0.562500000,0.484375000,-0.469963847307,-0.223232827471
0.578125000,0.484375000,-0.363234962804,-0.172536607332
0.593750000,0.484375000,-0.234825400937,-0.111542065445
0.609375000,0.484375000,-0.0833506893143,-0.0395915774243
0.625000000,0.484375000,0.0931304461575,0.0442369619248
0.640625000,0.484375000,0.296484770540,0.140830266006
0.656250000,0.484375000,0.528662931213,0.251114892326
0.671875000,0.484375000,0.791701335629,0.376058134424
0.687500000,0.484375000,1.08772338087,0.516668605913
0.703125000,0.484375000,1.41893981461,0.673996411942
0.718750000,0.484375000,1.78764796420,0.849132782996
0.734375000,0.484375000,2.19622950781,1.04320901621
0.750000000,0.484375000,2.64714639786,1.25739453898
0.765625000,0.484375000,3.14293445909,1.49289386807
0.781250000,0.484375000,3.68619408744,1.75094219153
0.796875000,0.484375000,,
0.812500000,0.484375000,,
0.828125000,0.484375000,,
0.843750000,0.484375000,,
0.859375000,0.484375000,,
0.875000000,0.484375000,,
0.890625000,0.484375000,,
0.906250000,0.484375000,,
0.921875000,0.484375000,,
0.937500000,0.484375000,,
0.953125000,0.484375000,,
0.968750000,0.484375000,,
0.984375000,0.484375000,,
1.000000000,0.484375000,,
-1.000000000,0.500000000,,
-0.984375000,0.500000000,,
-0.968750000,0.500000000,,
-0.953125000,0.500000000,,
-0.937500000,0.500000000,,
-0.921875000,0.500000000,,
-0.906250000,0.500000000,,
-0.890625000,0.500000000,,
-0.875000000,0.500000000,,
-0.859375000,0.500000000,,
-0.843750000,0.500000000,,
-0.828125000,0.500000000,,
-0.812500000,0.500000000,,
-0.796875000,0.500000000,,
-0.781250000,0.500000000,,
-0.765625000,0.500000000,3.51185665072,1.66813190909
-0.750000000,0.500000000,2.98473112509,1.41774728442
-0.734375000,0.500000000,2.50415028991,1.18947138771
-0.718750000,0.500000000,2.06757219579,0.982096792999
-0.703125000,0.500000000,1.67251953956,0.794446781292
-0.687500000,0.500000000,1.31658749049,0.625379057982
-0.671875000,0.500000000,0.997448978245,0.473788264666
-0.656250000,0.500000000,0.712857952421,0.338607527400
-0.640625000,0.500000000,0.460651036346,0.218809242264
-0.625000000,0.500000000,0.238747921873,0.113405262890
-0.609375000,0.500000000,0.0451507927272,0.0214466265454
-0.593750000,0.500000000,-0.122056989244,-0.0579770698909
-0.578125000,0.500000000,-0.264712741714,-0.125738552314
-0.562500000,0.500000000,-0.384576705860,-0.182673935284
-0.546875000,0.500000000,-0.483488487527,-0.229657031575
-0.531250000,0.500000000,-0.562744770229,-0.267303765859
-0.515625000,0.500000000,-0.624053936036,-0.296425619617
-0.500000000,0.500000000,-0.668894041392,-0.317724669661
-0.484375000,0.500000000,-0.698679382890,-0.331872706873
-0.468750000,0.500000000,-0.714763099869,-0.339512472438
-0.453125000,0.500000000,-0.718439660884,-0.341258838920
-0.437500000,0.500000000,-0.710947212573,-0.337699925972
-0.421875000,0.500000000,-0.693469774667,-0.329398142967
-0.406250000,0.500000000,-0.667139271624,-0.316891154021
-0.390625000,0.500000000,-0.633037396539,-0.300692763356
-0.375000000,0.500000000,-0.592197304705,-0.281293719735
-0.359375000,0.500000000,-0.545605139515,-0.259162441270
-0.343750000,0.500000000,-0.494201393343,-0.234745661838
-0.328125000,0.500000000,-0.438882111004,-0.208469002727
-0.312500000,0.500000000,-0.380499941889,-0.180737472397
-0.296875000,0.500000000,-0.319865050015,-0.151935898757
-0.281250000,0.500000000,-0.257745890725,-0.122429298094
-0.265625000,0.500000000,-0.194869865500,-0.0925631861123
-0.250000000,0.500000000,-0.131923863657,-0.0626638352370
-0.234375000,0.500000000,-0.0694449770736,-0.0329863641100
-0.218750000,0.500000000,-0.00826552352253,-0.00392612367320
-0.203125000,0.500000000,0.0511629737678,0.0243024125397
-0.187500000,0.500000000,0.108312083612,0.0514482397157
-0.171875000,0.500000000,0.162692502517,0.0772789386957
-0.156250000,0.500000000,0.213853968906,0.101580635230
-0.140625000,0.500000000,0.261385219222,0.124157979131
-0.125000000,0.500000000,0.304913977428,0.144834139278
-0.109375000,0.500000000,0.344106971010,0.163450811230
-0.093750000,0.500000000,0.378669964687,0.179868233226
-0.078125000,0.500000000,0.408347806606,0.193965208138
-0.062500000,0.500000000,0.432924479856,0.205639127932
-0.046875000,0.500000000,0.452223155966,0.214805999084
-0.031250000,0.500000000,0.466106243430,0.221400465629
-0.015625000,0.500000000,0.474475430063,0.225375829280
0.000000000,0.500000000,0.477271715390,0.226704064810
0.015625000,0.500000000,0.474475430063,0.225375829280
0.031250000,0.500000000,0.466106243430,0.221400465629
0.046875000,0.500000000,0.452223155966,0.214805999084
0.062500000,0.500000000,0.432924479856,0.205639127932
0.078125000,0.500000000,0.408347806606,0.193965208138
0.093750000,0.500000000,0.378669964687,0.179868233226
0.109375000,0.500000000,0.344106971010,0.163450811230
0.125000000,0.500000000,0.304913977428,0.144834139278
0.140625000,0.500000000,0.261385219222,0.124157979131
0.156250000,0.500000000,0.213853968906,0.101580635230
0.171875000,0.500000000,0.162692502517,0.0772789386957
0.187500000,0.500000000,0.108312083612,0.0514482397157
0.203125000,0.500000000,0.0511629737678,0.0243024125397
0.218750000,0.500000000,-0.00826552352253,-0.00392612367320
0.234375000,0.500000000,-0.0694449770736,-0.0329863641100
0.250000000,0.500000000,-0.131923863657,-0.0626638352370
0.265625000,0.500000000,-0.194869865500,-0.0925631861123
0.281250000,0.500000000,-0.257745890725,-0.122429298094
0.296875000,0.500000000,-0.319865050015,-0.151935898757
0.312500000,0.500000000,-0.380499941889,-0.180737472397
0.328125000,0.500000000,-0.438882111004,-0.208469002727
0.343750000,0.500000000,-0.494201393343,-0.234745661838
0.359375000,0.500000000,-0.545605139515,-0.259162441270
0.375000000,0.500000000,-0.592197304705,-0.281293719735
0.390625000,0.500000000,-0.633037396539,-0.300692763356
0.406250000,0.500000000,-0.667139271624,-0.316891154021
0.421875000,0.500000000,-0.693469774667,-0.329398142967
0.437500000,0.500000000,-0.710947212573,-0.337699925972
0.453125000,0.500000000,-0.718439660884,-0.341258838920
0.468750000,0.500000000,-0.714763099869,-0.339512472438
0.484375000,0.500000000,-0.698679382890,-0.331872706873
0.500000000,0.500000000,-0.668894041392,-0.317724669661
0.515625000,0.500000000,-0.624053936036,-0.296425619617
0.531250000,0.500000000,-0.562744770229,-0.267303765859
0.546875000,0.500000000,-0.483488487527,-0.229657031575
0.562500000,0.500000000,-0.384576705860,-0.182673935284
0.578125000,0.500000000,-0.264712741714,-0.125738552314
0.593750000,0.500000000,-0.122056989244,-0.0579770698909
0.609375000,0.500000000,0.0451507927272,0.0214466265454
0.625000000,0.500000000,0.238747921873,0.113405262890
0.640625000,0.500000000,0.460651036346,0.218809242264
0.656250000,0.500000000,0.712857952421,0.338607527400
0.671875000,0.500000000,0.997448978245,0.473788264666
0.687500000,0.500000000,1.31658749049,0.625379057982
0.703125000,0.500000000,1.67251953956,0.794446781292
0.718750000,0.500000000,2.06757219579,0.982096792999
0.734375000,0.500000000,2.50415028991,1.18947138771
0.750000000,0.500000000,2.98473112509,1.41774728442
0.765625000,0.500000000,3.51185665072,1.66813190909
0.781250000,0.500000000,,
0.796875000,0.500000000,,
0.812500000,0.500000000,,
0.828125000,0.500000000,,
0.843750000,0.500000000,,
0.859375000,0.500000000,,
0.875000000,0.500000000,,
0.890625000,0.500000000,,
0.906250000,0.500000000,,
0.921875000,0.500000000,,
0.937500000,0.500000000,,
0.953125000,0.500000000,,
0.968750000,0.500000000,,
0.984375000,0.500000000,,
1.000000000,0.500000000,,
-1.000000000,0.515625000,,
-0.984375000,0.515625000,,
-0.968750000,0.515625000,,
-0.953125000,0.515625000,,
-0.937500000,0.515625000,,
-0.921875000,0.515625000,,
-0.906250000,0.515625000,,
-0.890625000,0.515625000,,
-0.875000000,0.515625000,,
-0.859375000,0.515625000,,
-0.843750000,0.515625000,,
-0.828125000,0.515625000,,
-0.812500000,0.515625000,,
-0.796875000,0.515625000,,
-0.781250000,0.515625000,,
-0.765625000,0.515625000,3.90853838137,1.85655573115
-0.750000000,0.515625000,3.34850742278,1.59054102582
-0.734375000,0.515625000,2.83672500827,1.34744437893
-0.718750000,0.515625000,2.37064899726,1.12605827370
-0.703125000,0.515625000,1.94779150140,0.925200963164
-0.687500000,0.515625000,1.56572830481,0.743720944784
-0.671875000,0.515625000,1.22210550541,0.580500115068
-0.656250000,0.515625000,0.914643928994,0.434455866272
-0.640625000,0.515625000,0.641141769013,0.304542340281
-0.625000000,0.515625000,0.399475828352,0.189751018467
-0.609375000,0.515625000,0.187601671874,0.0891107941400
-0.593750000,0.515625000,0.00355294383043,0.00168764831946
-0.578125000,0.515625000,-0.154559941947,-0.0734159724246
-0.562500000,0.515625000,-0.288551566186,-0.137061993938
-0.546875000,0.515625000,-0.400163586187,-0.190077703439
-0.531250000,0.515625000,-0.491067020783,-0.233256834872
-0.515625000,0.515625000,-0.563017916287,-0.267433510237
-0.500000000,0.515625000,-0.617238079680,-0.293188087848
-0.484375000,0.515625000,-0.655363660787,-0.311297738874
-0.468750000,0.515625000,-0.678807197724,-0.322433418919
-0.453125000,0.515625000,-0.688922483287,-0.327238179561
-0.437500000,0.515625000,-0.687006711633,-0.326328188026
-0.421875000,0.515625000,-0.674302486653,-0.320293681160
-0.406250000,0.515625000,-0.651999680539,-0.309699848256
-0.390625000,0.515625000,-0.621237135649,-0.295087639433
-0.375000000,0.515625000,-0.583104206454,-0.276974498065
-0.359375000,0.515625000,-0.538642142255,-0.255855017571
-0.343750000,0.515625000,-0.488845313440,-0.232201523884
-0.328125000,0.515625000,-0.434662286657,-0.206464586162
-0.312500000,0.515625000,-0.376996755897,-0.179073459051
-0.296875000,0.515625000,-0.316708336552,-0.150436459862
-0.281250000,0.515625000,-0.254613233245,-0.120941285792
-0.265625000,0.515625000,-0.191377857548,-0.0909044823355
-0.250000000,0.515625000,-0.127953526923,-0.0607779252885
-0.234375000,0.515625000,-0.0649149502119,-0.0308346013507
-0.218750000,0.515625000,-0.00290923026239,-0.00138188437463
-0.203125000,0.515625000,0.0574581662292,0.0272926289589
-0.187500000,0.515625000,0.115623289869,0.0549210626876
-0.171875000,0.515625000,0.171063645409,0.0812552315691
-0.156250000,0.515625000,0.223298175238,0.106066633238
-0.140625000,0.515625000,0.271887279096,0.129146457571
-0.125000000,0.515625000,0.316432862909,0.150305609882
-0.109375000,0.515625000,0.356578408007,0.169374743804
-0.093750000,0.515625000,0.392009053148,0.186204300245
-0.078125000,0.515625000,0.422451683142,0.200664549492
-0.062500000,0.515625000,0.447675018343,0.212645633713
-0.046875000,0.515625000,0.467489698727,0.222057606895
-0.031250000,0.515625000,0.481748359163,0.228830470603
-0.015625000,0.515625000,0.490345692073,0.232914203735
0.000000000,0.515625000,0.493218493407,0.234278784368
0.015625000,0.515625000,0.490345692073,0.232914203735
0.031250000,0.515625000,0.481748359163,0.228830470603
0.046875000,0.515625000,0.467489698727,0.222057606895
0.062500000,0.515625000,0.447675018343,0.212645633713
0.078125000,0.515625000,0.422451683142,0.200664549492
0.093750000,0.515625000,0.392009053148,0.186204300245
0.109375000,0.515625000,0.356578408007,0.169374743804
0.125000000,0.515625000,0.316432862909,0.150305609882
0.140625000,0.515625000,0.271887279096,0.129146457571
0.156250000,0.515625000,0.223298175238,0.106066633238
0.171875000,0.515625000,0.171063645409,0.0812552315691
0.187500000,0.515625000,0.115623289869,0.0549210626876
0.203125000,0.515625000,0.0574581662292,0.0272926289589
0.218750000,0.515625000,-0.00290923026239,-0.00138188437463
0.234375000,0.515625000,-0.0649149502119,-0.0308346013507
0.250000000,0.515625000,-0.127953526923,-0.0607779252885
0.265625000,0.515625000,-0.191377857548,-0.0909044823355
0.281250000,0.515625000,-0.254613233245,-0.120941285792
0.296875000,0.515625000,-0.316708336552,-0.150436459862
0.312500000,0.515625000,-0.376996755897,-0.179073459051
0.328125000,0.515625000,-0.434662286657,-0.206464586162
0.343750000,0.515625000,-0.488845313440,-0.232201523884
0.359375000,0.515625000,-0.538642142255,-0.255855017571
0.375000000,0.515625000,-0.583104206454,-0.276974498065
0.390625000,0.515625000,-0.621237135649,-0.295087639433
0.406250000,0.515625000,-0.651999680539,-0.309699848256
0.421875000,0.515625000,-0.674302486653,-0.320293681160
0.437500000,0.515625000,-0.687006711633,-0.326328188026
0.453125000,0.515625000,-0.688922483287,-0.327238179561
0.468750000,0.515625000,-0.678807197724,-0.322433418919
0.484375000,0.515625000,-0.655363660787,-0.311297738874
0.500000000,0.515625000,-0.617238079680,-0.293188087848
0.515625000,0.515625000,-0.563017916287,-0.267433510237
0.531250000,0.515625000,-0.491067020783,-0.233256834872
0.546875000,0.515625000,-0.400163586187,-0.190077703439
0.562500000,0.515625000,-0.288551566186,-0.137061993938
0.578125000,0.515625000,-0.154559941947,-0.0734159724246
0.593750000,0.515625000,0.00355294383043,0.00168764831946
0.609375000,0.515625000,0.187601671874,0.0891107941400
0.625000000,0.515625000,0.399475828352,0.189751018467
0.640625000,0.515625000,0.641141769013,0.304542340281
0.656250000,0.515625000,0.914643928994,0.434455866272
0.671875000,0.515625000,1.22210550541,0.580500115068
0.687500000,0.515625000,1.56572830481,0.743720944784
0.703125000,0.515625000,1.94779150140,0.925200963164
0.718750000,0.515625000,2.37064899726,1.12605827370
0.734375000,0.515625000,2.83672500827,1.34744437893
0.750000000,0.515625000,3.34850742278,1.59054102582
0.765625000,0.515625000,3.90853838137,1.85655573115
0.781250000,0.515625000,,
0.796875000,0.515625000,,
0.812500000,0.515625000,,
0.828125000,0.515625000,,
0.843750000,0.515625000,,
0.859375000,0.515625000,,
0.875000000,0.515625000,,
0.890625000,0.515625000,,
0.906250000,0.515625000,,
0.921875000,0.515625000,,
0.937500000,0.515625000,,
0.953125000,0.515625000,,
0.968750000,0.515625000,,
0.984375000,0.515625000,,
1.000000000,0.515625000,,
-1.000000000,0.531250000,,
-0.984375000,0.531250000,,
-0.968750000,0.531250000,,
-0.953125000,0.531250000,,
-0.937500000,0.531250000,,
-0.921875000,0.531250000,,
-0.906250000,0.531250000,,
-0.890625000,0.531250000,,
-0.875000000,0.531250000,,
-0.859375000,0.531250000,,
-0.843750000,0.531250000,,
-0.828125000,0.531250000,,
-0.812500000,0.531250000,,
-0.796875000,0.531250000,,
-0.781250000,0.531250000,,
-0.765625000,0.531250000,,
-0.750000000,0.531250000,3.74038455177,1.77668266209
-0.734375000,0.531250000,3.19581162548,1.51801052211
-0.718750000,0.531250000,2.69867962393,1.28187282137
-0.703125000,0.531250000,2.24649582309,1.06708551597
-0.687500000,0.531250000,1.83682124446,0.872490091121
-0.671875000,0.531250000,1.46727881141,0.696957435419
-0.656250000,0.531250000,1.13555905425,0.539390550770
-0.640625000,0.531250000,0.839423854541,0.398726330907
-0.625000000,0.531250000,0.576708634408,0.273936601344
-0.609375000,0.531250000,0.345323324416,0.164028579098
-0.593750000,0.531250000,0.143252386676,0.0680448836711
-0.578125000,0.531250000,-0.0314458812366,-0.0149367935874
-0.562500000,0.531250000,-0.180640577002,-0.0858042740757
-0.546875000,0.531250000,-0.306129805087,-0.145411657416
-0.531250000,0.531250000,-0.409642548550,-0.194580210561
-0.515625000,0.531250000,-0.492840700243,-0.234099332615
-0.500000000,0.531250000,-0.557321174326,-0.264727557805
-0.484375000,0.531250000,-0.604772046067,-0.287266721882
-0.468750000,0.531250000,-0.636350450031,-0.302266463764
-0.453125000,0.531250000,-0.653633728527,-0.310476021050
-0.437500000,0.531250000,-0.657979611918,-0.312540315661
-0.421875000,0.531250000,-0.650690834222,-0.309078146255
-0.406250000,0.531250000,-0.633016802453,-0.300682981165
-0.390625000,0.531250000,-0.606155122751,-0.287923683307
-0.375000000,0.531250000,-0.571252978713,-0.271345164889
-0.359375000,0.531250000,-0.529408359145,-0.251468970594
-0.343750000,0.531250000,-0.481671139754,-0.228793791383
-0.328125000,0.531250000,-0.429044021157,-0.203795910049
-0.312500000,0.531250000,-0.372483329876,-0.176929581691
-0.296875000,0.531250000,-0.312793453029,-0.148576890189
-0.281250000,0.531250000,-0.251059718915,-0.119253366484
-0.265625000,0.531250000,-0.187988494219,-0.0892945347539
-0.250000000,0.531250000,-0.124356239691,-0.0590692138530
-0.234375000,0.531250000,-0.0608952795906,-0.0289252578055
-0.218750000,0.531250000,0.00170603180794,0.000810365108770
-0.203125000,0.531250000,0.0628032146533,0.0298315269603
-0.187500000,0.531250000,0.121795627664,0.0578529231406
-0.171875000,0.531250000,0.178126483106,0.0846100794753
-0.156250000,0.531250000,0.231282902218,0.109859378554
-0.140625000,0.531250000,0.280796002740,0.133378101302
-0.125000000,0.531250000,0.326241008921,0.154964479238
-0.109375000,0.531250000,0.367237376643,0.174437753906
-0.093750000,0.531250000,0.403448925999,0.191638239850
-0.078125000,0.531250000,0.434583974643,0.206427387956
-0.062500000,0.531250000,0.460395466006,0.218687846353
-0.046875000,0.531250000,0.480681086318,0.228323516001
-0.031250000,0.531250000,0.495283367267,0.235259599452
-0.015625000,0.531250000,0.504089769341,0.239442640437
0.000000000,0.531250000,0.507032743530,0.240840553177
0.015625000,0.531250000,0.504089769341,0.239442640437
0.031250000,0.531250000,0.495283367267,0.235259599452
0.046875000,0.531250000,0.480681086318,0.228323516001
0.062500000,0.531250000,0.460395466006,0.218687846353
0.078125000,0.531250000,0.434583974643,0.206427387956
0.093750000,0.531250000,0.403448925999,0.191638239850
0.109375000,0.531250000,0.367237376643,0.174437753906
0.125000000,0.531250000,0.326241008921,0.154964479238
0.140625000,0.531250000,0.280796002740,0.133378101302
0.156250000,0.531250000,0.231282902218,0.109859378554
0.171875000,0.531250000,0.178126483106,0.0846100794753
0.187500000,0.531250000,0.121795627664,0.0578529231406
0.203125000,0.531250000,0.0628032146533,0.0298315269603
0.218750000,0.531250000,0.00170603180794,0.000810365108770
0.234375000,0.531250000,-0.0608952795906,-0.0289252578055
0.250000000,0.531250000,-0.124356239691,-0.0590692138530
0.265625000,0.531250000,-0.187988494219,-0.0892945347539
0.281250000,0.531250000,-0.251059718915,-0.119253366484
0.296875000,0.531250000,-0.312793453029,-0.148576890189
0.312500000,0.531250000,-0.372483329876,-0.176929581691
0.328125000,0.531250000,-0.429044021157,-0.203795910049
0.343750000,0.531250000,-0.481671139754,-0.228793791383
0.359375000,0.531250000,-0.529408359145,-0.251468970594
0.375000000,0.531250000,-0.571252978713,-0.271345164889
0.390625000,0.531250000,-0.606155122751,-0.287923683307
0.406250000,0.531250000,-0.633016802453,-0.300682981165
0.421875000,0.531250000,-0.650690834222,-0.309078146255
0.437500000,0.531250000,-0.657979611918,-0.312540315661
0.453125000,0.531250000,-0.653633728527,-0.310476021050
0.468750000,0.531250000,-0.636350450031,-0.302266463764
0.484375000,0.531250000,-0.604772046067,-0.287266721882
0.500000000,0.531250000,-0.557321174326,-0.264727557805
0.515625000,0.531250000,-0.492840700243,-0.234099332615
0.531250000,0.531250000,-0.409642548550,-0.194580210561
0.546875000,0.531250000,-0.306129805087,-0.145411657416
0.562500000,0.531250000,-0.180640577002,-0.0858042740757
0.578125000,0.531250000,-0.0314458812366,-0.0149367935874
0.593750000,0.531250000,0.143252386676,0.0680448836711
0.609375000,0.531250000,0.345323324416,0.164028579098
0.625000000,0.531250000,0.576708634408,0.273936601344
0.640625000,0.531250000,0.839423854541,0.398726330907
0.656250000,0.531250000,1.13555905425,0.539390550770
0.671875000,0.531250000,1.46727881141,0.696957435419
0.687500000,0.531250000,1.83682124446,0.872490091121
0.703125000,0.531250000,2.24649582309,1.06708551597
0.718750000,0.531250000,2.69867962393,1.28187282137
0.734375000,0.531250000,3.19581162548,1.51801052211
0.750000000,0.531250000,3.74038455177,1.77668266209
0.765625000,0.531250000,,
0.781250000,0.531250000,,
0.796875000,0.531250000,,
0.812500000,0.531250000,,
0.828125000,0.531250000,,
0.843750000,0.531250000,,
0.859375000,0.531250000,,
0.875000000,0.531250000,,
0.890625000,0.531250000,,
0.906250000,0.531250000,,
0.921875000,0.531250000,,
0.937500000,0.531250000,,
0.953125000,0.531250000,,
0.968750000,0.531250000,,
0.984375000,0.531250000,,
1.000000000,0.531250000,,
-1.000000000,0.546875000,,
-0.984375000,0.546875000,,
-0.968750000,0.546875000,,
-0.953125000,0.546875000,,
-0.937500000,0.546875000,,
-0.921875000,0.546875000,,
-0.906250000,0.546875000,,
-0.890625000,0.546875000,,
-0.875000000,0.546875000,,
-0.859375000,0.546875000,,
-0.843750000,0.546875000,,
-0.828125000,0.546875000,,
-0.812500000,0.546875000,,
-0.796875000,0.546875000,,
-0.781250000,0.546875000,,
-0.765625000,0.546875000,,
-0.750000000,0.546875000,,
-0.734375000,0.546875000,3.58336733162,1.70209948252
-0.718750000,0.546875000,3.05356784561,1.45044472666
-0.703125000,0.546875000,2.57047742309,1.22097677597
-0.687500000,0.546875000,2.13164792912,1.01253276633
-0.671875000,0.546875000,1.73468362761,0.823974723116
-0.656250000,0.546875000,1.37724833144,0.654192957432
-0.640625000,0.546875000,1.05707038356,0.502108432193
-0.625000000,0.546875000,0.771945907075,0.366674305861
-0.609375000,0.546875000,0.519740686011,0.246876825855
-0.593750000,0.546875000,0.298390978260,0.141735714674
-0.578125000,0.546875000,0.105903503959,0.0503041643807
-0.562500000,0.546875000,-0.0596451868209,-0.0283314637399
-0.546875000,0.546875000,-0.200109802695,-0.0950521562800
-0.531250000,0.546875000,-0.317277721491,-0.150706917708
-0.515625000,0.546875000,-0.412870612842,-0.196113541100
-0.500000000,0.546875000,-0.488546185849,-0.232059438278
-0.484375000,0.546875000,-0.545899991022,-0.259302495735
-0.468750000,0.546875000,-0.586467222479,-0.278571930678
-0.453125000,0.546875000,-0.611880664639,-0.290643315704
-0.437500000,0.546875000,-0.623239901068,-0.296038953007
-0.421875000,0.546875000,-0.622073744920,-0.295485028837
-0.406250000,0.546875000,-0.609692628679,-0.289603998622
-0.390625000,0.546875000,-0.587354452545,-0.278993364959
-0.375000000,0.546875000,-0.556265783729,-0.264226247271
-0.359375000,0.546875000,-0.517582918896,-0.245851886475
-0.343750000,0.546875000,-0.472412808902,-0.224396084228
-0.328125000,0.546875000,-0.421706120501,-0.200310407238
-0.312500000,0.546875000,-0.366697197783,-0.174181168947
-0.296875000,0.546875000,-0.308232189190,-0.146410289865
-0.281250000,0.546875000,-0.247227411255,-0.117433020346
-0.265625000,0.546875000,-0.184552565887,-0.0876624687965
-0.250000000,0.546875000,-0.121030968567,-0.0574897100695
-0.234375000,0.546875000,-0.0574396904046,-0.0272838529422
-0.218750000,0.546875000,0.00549037482017,0.00260792803958
-0.203125000,0.546875000,0.0670745078492,0.0318603912284
-0.187500000,0.546875000,0.126674216124,0.0601702526588
-0.171875000,0.546875000,0.183697330488,0.0872562319816
-0.156250000,0.546875000,0.237598137134,0.112859115139
-0.140625000,0.546875000,0.287877534923,0.136741829089
-0.125000000,0.546875000,0.334083210274,0.158689524880
-0.109375000,0.546875000,0.375809820513,0.178509664743
-0.093750000,0.546875000,0.412699179877,0.196032110441
-0.078125000,0.546875000,0.444440439058,0.211109208552
-0.062500000,0.546875000,0.470770253978,0.223615870639
-0.046875000,0.546875000,0.491472937419,0.233449645274
-0.031250000,0.546875000,0.506380590256,0.240530780372
-0.015625000,0.546875000,0.515373206469,0.244802273073
0.000000000,0.546875000,0.518378750877,0.246229906667
0.015625000,0.546875000,0.515373206469,0.244802273073
0.031250000,0.546875000,0.506380590256,0.240530780372
0.046875000,0.546875000,0.491472937419,0.233449645274
0.062500000,0.546875000,0.470770253978,0.223615870639
0.078125000,0.546875000,0.444440439058,0.211109208552
0.093750000,0.546875000,0.412699179877,0.196032110441
0.109375000,0.546875000,0.375809820513,0.178509664743
0.125000000,0.546875000,0.334083210274,0.158689524880
0.140625000,0.546875000,0.287877534923,0.136741829089
0.156250000,0.546875000,0.237598137134,0.112859115139
0.171875000,0.546875000,0.183697330488,0.0872562319816
0.187500000,0.546875000,0.126674216124,0.0601702526588
0.203125000,0.546875000,0.0670745078492,0.0318603912284
0.218750000,0.546875000,0.00549037482017,0.00260792803958
0.234375000,0.546875000,-0.0574396904046,-0.0272838529422
0.250000000,0.546875000,-0.121030968567,-0.0574897100695
0.265625000,0.546875000,-0.184552565887,-0.0876624687965
0.281250000,0.546875000,-0.247227411255,-0.117433020346
0.296875000,0.546875000,-0.308232189190,-0.146410289865
0.312500000,0.546875000,-0.366697197783,-0.174181168947
0.328125000,0.546875000,-0.421706120501,-0.200310407238
0.343750000,0.546875000,-0.472412808902,-0.224396084228
0.359375000,0.546875000,-0.517582918896,-0.245851886475
0.375000000,0.546875000,-0.556265783729,-0.264226247271
0.390625000,0.546875000,-0.587354452545,-0.278993364959
0.406250000,0.546875000,-0.609692628679,-0.289603998622
0.421875000,0.546875000,-0.622073744920,-0.295485028837
0.437500000,0.546875000,-0.623239901068,-0.296038953007
0.453125000,0.546875000,-0.611880664639,-0.290643315704
0.468750000,0.546875000,-0.586467222479,-0.278571930678
0.484375000,0.546875000,-0.545899991022,-0.259302495735
0.500000000,0.546875000,-0.488546185849,-0.232059438278
0.515625000,0.546875000,-0.412870612842,-0.196113541100
0.531250000,0.546875000,-0.317277721491,-0.150706917708
0.546875000,0.546875000,-0.200109802695,-0.0950521562800
0.562500000,0.546875000,-0.0596451868209,-0.0283314637399
0.578125000,0.546875000,0.105903503959,0.0503041643807
0.593750000,0.546875000,0.298390978260,0.141735714674
0.609375000,0.546875000,0.519740686011,0.246876825855
0.625000000,0.546875000,0.771945907075,0.366674305861
0.640625000,0.546875000,1.05707038356,0.502108432193
0.656250000,0.546875000,1.37724833144,0.654192957432
0.671875000,0.546875000,1.73468362761,0.823974723116
0.687500000,0.546875000,2.13164792912,1.01253276633
0.703125000,0.546875000,2.57047742309,1.22097677597
0.718750000,0.546875000,3.05356784561,1.45044472666
0.734375000,0.546875000,3.58336733162,1.70209948252
0.750000000,0.546875000,,
0.765625000,0.546875000,,
0.781250000,0.546875000,,
0.796875000,0.546875000,,
0.812500000,0.546875000,,
0.828125000,0.546875000,,
0.843750000,0.546875000,,
0.859375000,0.546875000,,
0.875000000,0.546875000,,
0.890625000,0.546875000,,
0.906250000,0.546875000,,
0.921875000,0.546875000,,
0.937500000,0.546875000,,
0.953125000,0.546875000,,
0.968750000,0.546875000,,
0.984375000,0.546875000,,
1.000000000,0.546875000,,
-1.000000000,0.562500000,,
-0.984375000,0.562500000,,
-0.968750000,0.562500000,,
-0.953125000,0.562500000,,
-0.937500000,0.562500000,,
-0.921875000,0.562500000,,
-0.906250000,0.562500000,,
-0.890625000,0.562500000,,
-0.875000000,0.562500000,,
-0.859375000,0.562500000,,
-0.843750000,0.562500000,,
-0.828125000,0.562500000,,
-0.812500000,0.562500000,,
-0.796875000,0.562500000,,
-0.781250000,0.562500000,,
-0.765625000,0.562500000,,
-0.750000000,0.562500000,,
-0.734375000,0.562500000,,
-0.718750000,0.562500000,3.43731910319,1.63272657402
-0.703125000,0.562500000,2.92168642862,1.38780105360
-0.687500000,0.562500000,2.45209770001,1.16474640750
-0.671875000,0.562500000,2.02614402381,0.962418411310
-0.656250000,0.562500000,1.64146693686,0.779696795009
-0.640625000,0.562500000,1.29576477297,0.615488267160
-0.625000000,0.562500000,0.986797100401,0.468728622690
-0.609375000,0.562500000,0.712387626631,0.338384122650
-0.593750000,0.562500000,0.470425894008,0.223452299654
-0.578125000,0.562500000,0.258868035213,0.122962316726
-0.562500000,0.562500000,0.0757368086569,0.0359749841120
-0.546875000,0.562500000,-0.0808789055663,-0.0384174801440
-0.531250000,0.562500000,-0.212825001870,-0.101091875888
-0.515625000,0.562500000,-0.321883317269,-0.152894575703
-0.500000000,0.562500000,-0.409772974098,-0.194642162696
-0.484375000,0.562500000,-0.478151821576,-0.227122115249
-0.468750000,0.562500000,-0.528617911665,-0.251093508041
-0.453125000,0.562500000,-0.562710963280,-0.267287707558
-0.437500000,0.562500000,-0.581913776683,-0.276409043925
-0.421875000,0.562500000,-0.587653570728,-0.279135446096
-0.406250000,0.562500000,-0.581455749373,-0.276191480952
-0.390625000,0.562500000,-0.564328127414,-0.268055860522
-0.375000000,0.562500000,-0.537697970851,-0.255406536154
-0.359375000,0.562500000,-0.502669764469,-0.238768138123
-0.343750000,0.562500000,-0.460641834475,-0.218804871376
-0.328125000,0.562500000,-0.412607536886,-0.195988580021
-0.312500000,0.562500000,-0.359633150984,-0.170825746718
-0.296875000,0.562500000,-0.302735921923,-0.143799562914
-0.281250000,0.562500000,-0.242884356575,-0.115370069373
-0.265625000,0.562500000,-0.180998420960,-0.0859742499562
-0.250000000,0.562500000,-0.117949649841,-0.0560260836745
-0.234375000,0.562500000,-0.0545611776463,-0.0259165593820
-0.218750000,0.562500000,0.00839229944049,0.00398634223423
-0.203125000,0.562500000,0.0701846192331,0.0333376941357
-0.187500000,0.562500000,0.130138298348,0.0618156917151
-0.171875000,0.562500000,0.187624714763,0.0891217395124
-0.156250000,0.562500000,0.242064319723,0.114980551868
-0.140625000,0.562500000,0.292926869402,0.139140262966
-0.125000000,0.562500000,0.339731666973,0.161372541812
-0.109375000,0.562500000,0.382047808132,0.181472708863
-0.093750000,0.562500000,0.419494421289,0.199259850112
-0.078125000,0.562500000,0.451740896774,0.214576925967
-0.062500000,0.562500000,0.478507097808,0.227290871459
-0.046875000,0.562500000,0.499563548759,0.237292685661
-0.031250000,0.562500000,0.514731594838,0.244497507548
-0.015625000,0.562500000,0.523883531187,0.248844677314
0.000000000,0.562500000,0.526942696651,0.250297780909
0.015625000,0.562500000,0.523883531187,0.248844677314
0.031250000,0.562500000,0.514731594838,0.244497507548
0.046875000,0.562500000,0.499563548759,0.237292685661
0.062500000,0.562500000,0.478507097808,0.227290871459
0.078125000,0.562500000,0.451740896774,0.214576925967
0.093750000,0.562500000,0.419494421289,0.199259850112
0.109375000,0.562500000,0.382047808132,0.181472708863
0.125000000,0.562500000,0.339731666973,0.161372541812
0.140625000,0.562500000,0.292926869402,0.139140262966
0.156250000,0.562500000,0.242064319723,0.114980551868
0.171875000,0.562500000,0.187624714763,0.0891217395124
0.187500000,0.562500000,0.130138298348,0.0618156917151
0.203125000,0.562500000,0.0701846192331,0.0333376941357
0.218750000,0.562500000,0.00839229944049,0.00398634223423
0.234375000,0.562500000,-0.0545611776463,-0.0259165593820
0.250000000,0.562500000,-0.117949649841,-0.0560260836745
0.265625000,0.562500000,-0.180998420960,-0.0859742499562
0.281250000,0.562500000,-0.242884356575,-0.115370069373
0.296875000,0.562500000,-0.302735921923,-0.143799562914
0.312500000,0.562500000,-0.359633150984,-0.170825746718
0.328125000,0.562500000,-0.412607536886,-0.195988580021
0.343750000,0.562500000,-0.460641834475,-0.218804871376
0.359375000,0.562500000,-0.502669764469,-0.238768138123
0.375000000,0.562500000,-0.537697970851,-0.255406536154
0.390625000,0.562500000,-0.564328127414,-0.268055860522
0.406250000,0.562500000,-0.581455749373,-0.276191480952
0.421875000,0.562500000,-0.587653570728,-0.279135446096
0.437500000,0.562500000,-0.581913776683,-0.276409043925
0.453125000,0.562500000,-0.562710963280,-0.267287707558
0.468750000,0.562500000,-0.528617911665,-0.251093508041
0.484375000,0.562500000,-0.478151821576,-0.227122115249
0.500000000,0.562500000,-0.409772974098,-0.194642162696
0.515625000,0.562500000,-0.321883317269,-0.152894575703
0.531250000,0.562500000,-0.212825001870,-0.101091875888
0.546875000,0.562500000,-0.0808789055663,-0.0384174801440
0.562500000,0.562500000,0.0757368086569,0.0359749841120
0.578125000,0.562500000,0.258868035213,0.122962316726
0.593750000,0.562500000,0.470425894008,0.223452299654
0.609375000,0.562500000,0.712387626631,0.338384122650
0.625000000,0.562500000,0.986797100401,0.468728622690
0.640625000,0.562500000,1.29576477297,0.615488267160
0.656250000,0.562500000,1.64146693686,0.779696795009
0.671875000,0.562500000,2.02614402381,0.962418411310
0.687500000,0.562500000,2.45209770001,1.16474640750
0.703125000,0.562500000,2.92168642862,1.38780105360
0.718750000,0.562500000,3.43731910319,1.63272657402
0.734375000,0.562500000,,
0.750000000,0.562500000,,
0.765625000,0.562500000,,
0.781250000,0.562500000,,
0.796875000,0.562500000,,
0.812500000,0.562500000,,
0.828125000,0.562500000,,
0.843750000,0.562500000,,
0.859375000,0.562500000,,
0.875000000,0.562500000,,
0.890625000,0.562500000,,
0.906250000,0.562500000,,
0.921875000,0.562500000,,
0.937500000,0.562500000,,
0.953125000,0.562500000,,
0.968750000,0.562500000,,
0.984375000,0.562500000,,
1.000000000,0.562500000,,
-1.000000000,0.578125000,,
-0.984375000,0.578125000,,
-0.968750000,0.578125000,,
-0.953125000,0.578125000,,
-0.937500000,0.578125000,,
-0.921875000,0.578125000,,
-0.906250000,0.578125000,,
-0.890625000,0.578125000,,
-0.875000000,0.578125000,,
-0.859375000,0.578125000,,
-0.843750000,0.578125000,,
-0.828125000,0.578125000,,
-0.812500000,0.578125000,,
-0.796875000,0.578125000,,
-0.781250000,0.578125000,,
-0.765625000,0.578125000,,
-0.750000000,0.578125000,,
-0.734375000,0.578125000,,
-0.718750000,0.578125000,,
-0.703125000,0.578125000,3.30217707918,1.56853411261
-0.687500000,0.578125000,2.80016785852,1.33007973280
-0.671875000,0.578125000,2.34359482974,1.11320754413
-0.656250000,0.578125000,1.93008268946,0.916789277496
-0.640625000,0.578125000,1.55730416245,0.739719477165
-0.625000000,0.578125000,1.22298577180,0.580918241604
-0.609375000,0.578125000,0.924911890036,0.439333147767
-0.593750000,0.578125000,0.660927424822,0.313940526790
-0.578125000,0.578125000,0.428939432555,0.203746230463
-0.562500000,0.578125000,0.226917901058,0.107786003003
-0.546875000,0.578125000,0.0528958984858,0.0251255517807
-0.531250000,0.578125000,-0.0950307483293,-0.0451396054564
-0.515625000,0.578125000,-0.218704115880,-0.103884455043
-0.500000000,0.578125000,-0.319905076893,-0.151954911524
-0.484375000,0.578125000,-0.400354340071,-0.190168311534
-0.468750000,0.578125000,-0.461713566550,-0.219313944111
-0.453125000,0.578125000,-0.505586509572,-0.240153592046
-0.437500000,0.578125000,-0.533520133185,-0.253422063263
-0.421875000,0.578125000,-0.547005681548,-0.259827698735
-0.406250000,0.578125000,-0.547479670863,-0.260052843660
-0.390625000,0.578125000,-0.536324789510,-0.254754275017
-0.375000000,0.578125000,-0.514763557643,-0.244512689880
-0.359375000,0.578125000,-0.484449070479,-0.230113308477
-0.343750000,0.578125000,-0.446179489481,-0.211935257504
-0.328125000,0.578125000,-0.401287258943,-0.190611447998
-0.312500000,0.578125000,-0.350895739068,-0.166675476057
-0.296875000,0.578125000,-0.296077575499,-0.140636848362
-0.281250000,0.578125000,-0.237854853303,-0.112981055319
-0.265625000,0.578125000,-0.177199161208,-0.0841696015737
-0.250000000,0.578125000,-0.115031575759,-0.0546399984855
-0.234375000,0.578125000,-0.0522225736606,-0.0248057224888
-0.218750000,0.578125000,0.0104081168907,0.00494385552307
-0.203125000,0.578125000,0.0720917166523,0.0342435654099
-0.187500000,0.578125000,0.132110637003,0.0627525525766
-0.171875000,0.578125000,0.189798754314,0.0901544082993
-0.156250000,0.578125000,0.244541705112,0.116157309928
-0.140625000,0.578125000,0.295777195906,0.140494168055
-0.125000000,0.578125000,0.342995316472,0.162922775324
-0.109375000,0.578125000,0.385738849603,0.183225953562
-0.093750000,0.578125000,0.423603569448,0.201211695488
-0.078125000,0.578125000,0.456238521803,0.216713297856
-0.062500000,0.578125000,0.483346279624,0.229589482821
-0.046875000,0.578125000,0.504683168920,0.239724505237
-0.031250000,0.578125000,0.520059459785,0.247028243398
-0.015625000,0.578125000,0.529339519133,0.251436271588
0.000000000,0.578125000,0.532441921962,0.252909912932
0.015625000,0.578125000,0.529339519133,0.251436271588
0.031250000,0.578125000,0.520059459785,0.247028243398
0.046875000,0.578125000,0.504683168920,0.239724505237
0.062500000,0.578125000,0.483346279624,0.229589482821
0.078125000,0.578125000,0.456238521803,0.216713297856
0.093750000,0.578125000,0.423603569448,0.201211695488
0.109375000,0.578125000,0.385738849603,0.183225953562
0.125000000,0.578125000,0.342995316472,0.162922775324
0.140625000,0.578125000,0.295777195906,0.140494168055
0.156250000,0.578125000,0.244541705112,0.116157309928
0.171875000,0.578125000,0.189798754314,0.0901544082993
0.187500000,0.578125000,0.132110637003,0.0627525525766
0.203125000,0.578125000,0.0720917166523,0.0342435654099
0.218750000,0.578125000,0.0104081168907,0.00494385552307
0.234375000,0.578125000,-0.0522225736606,-0.0248057224888
0.250000000,0.578125000,-0.115031575759,-0.0546399984855
0.265625000,0.578125000,-0.177199161208,-0.0841696015737
0.281250000,0.578125000,-0.237854853303,-0.112981055319
0.296875000,0.578125000,-0.296077575499,-0.140636848362
0.312500000,0.578125000,-0.350895739068,-0.166675476057
0.328125000,0.578125000,-0.401287258943,-0.190611447998
0.343750000,0.578125000,-0.446179489481,-0.211935257504
0.359375000,0.578125000,-0.484449070479,-0.230113308477
0.375000000,0.578125000,-0.514763557643,-0.244512689880
0.390625000,0.578125000,-0.536324789510,-0.254754275017
0.406250000,0.578125000,-0.547479670863,-0.260052843660
0.421875000,0.578125000,-0.547005681548,-0.259827698735
0.437500000,0.578125000,-0.533520133185,-0.253422063263
0.453125000,0.578125000,-0.505586509572,-0.240153592046
0.468750000,0.578125000,-0.461713566550,-0.219313944111
0.484375000,0.578125000,-0.400354340071,-0.190168311534
0.500000000,0.578125000,-0.319905076893,-0.151954911524
0.515625000,0.578125000,-0.218704115880,-0.103884455043
0.531250000,0.578125000,-0.0950307483293,-0.0451396054564
0.546875000,0.578125000,0.0528958984858,0.0251255517807
0.562500000,0.578125000,0.226917901058,0.107786003003
0.578125000,0.578125000,0.428939432555,0.203746230463
0.593750000,0.578125000,0.660927424822,0.313940526790
0.609375000,0.578125000,0.924911890036,0.439333147767
0.625000000,0.578125000,1.22298577180,0.580918241604
0.640625000,0.578125000,1.55730416245,0.739719477165
0.656250000,0.578125000,1.93008268946,0.916789277496
0.671875000,0.578125000,2.34359482974,1.11320754413
0.687500000,0.578125000,2.80016785852,1.33007973280
0.703125000,0.578125000,3.30217707918,1.56853411261
0.718750000,0.578125000,,
0.734375000,0.578125000,,
0.750000000,0.578125000,,
0.765625000,0.578125000,,
0.781250000,0.578125000,,
0.796875000,0.578125000,,
0.812500000,0.578125000,,
0.828125000,0.578125000,,
0.843750000,0.578125000,,
0.859375000,0.578125000,,
0.875000000,0.578125000,,
0.890625000,0.578125000,,
0.906250000,0.578125000,,
0.921875000,0.578125000,,
0.937500000,0.578125000,,
0.953125000,0.578125000,,
0.968750000,0.578125000,,
0.984375000,0.578125000,,
1.000000000,0.578125000,,
-1.000000000,0.593750000,,
-0.984375000,0.593750000,,
-0.968750000,0.593750000,,
-0.953125000,0.593750000,,
-0.937500000,0.593750000,,
-0.921875000,0.593750000,,
-0.906250000,0.593750000,,
-0.890625000,0.593750000,,
-0.875000000,0.593750000,,
-0.859375000,0.593750000,,
-0.843750000,0.593750000,,
-0.828125000,0.593750000,,
-0.812500000,0.593750000,,
-0.796875000,0.593750000,,
-0.781250000,0.593750000,,
-0.765625000,0.593750000,,
-0.750000000,0.593750000,,
-0.734375000,0.593750000,,
-0.718750000,0.593750000,,
-0.703125000,0.593750000,,
-0.687500000,0.593750000,3.17796223269,1.50953206053
-0.671875000,0.593750000,2.68908162522,1.27731377198
-0.656250000,0.593750000,2.24507730526,1.06641172000
-0.640625000,0.593750000,1.84360179336,0.875710851846
-0.625000000,0.593750000,1.48235295923,0.704117655636
-0.609375000,0.593750000,1.15907935836,0.550562695223
-0.593750000,0.593750000,0.871584028525,0.414002413550
-0.578125000,0.593750000,0.617727064309,0.293420355547
-0.562500000,0.593750000,0.395427237041,0.187827937594
-0.546875000,0.593750000,0.202662874722,0.0962648654931
-0.531250000,0.593750000,0.0374721804813,0.0177992857286
-0.515625000,0.593750000,-0.102046862811,-0.0484722598351
-0.500000000,0.593750000,-0.217736885917,-0.103425020810
-0.484375000,0.593750000,-0.311381726263,-0.147906319975
-0.468750000,0.593750000,-0.384707145429,-0.182735894079
-0.453125000,0.593750000,-0.439381609025,-0.208706264287
-0.437500000,0.593750000,-0.477017081779,-0.226583113845
-0.421875000,0.593750000,-0.499169799270,-0.237105654653
-0.406250000,0.593750000,-0.507340990783,-0.240986970622
-0.390625000,0.593750000,-0.502873864818,-0.238865085789
-0.375000000,0.593750000,-0.487378984388,-0.231505017584
-0.359375000,0.593750000,-0.462081159748,-0.219488550880
-0.343750000,0.593750000,-0.428267361461,-0.203426996694
-0.328125000,0.593750000,-0.387171887820,-0.183906646715
-0.312500000,0.593750000,-0.340130117550,-0.161561805836
-0.296875000,0.593750000,-0.287959073645,-0.136780559981
-0.281250000,0.593750000,-0.231894985358,-0.110150118045
-0.265625000,0.593750000,-0.172962364246,-0.0821571230171
-0.250000000,0.593750000,-0.112133098280,-0.0532632216831
-0.234375000,0.593750000,-0.0503262389327,-0.0239049634930
-0.218750000,0.593750000,0.0115922657004,0.00550632620768
-0.203125000,0.593750000,0.0728098816249,0.0345846937718
-0.187500000,0.593750000,0.132567833961,0.0629697211314
-0.171875000,0.593750000,0.190161476507,0.0903267013410
-0.156250000,0.593750000,0.244940677105,0.116346821625
-0.140625000,0.593750000,0.296310207944,0.140747348774
-0.125000000,0.593750000,0.343730134154,0.163271813723
-0.109375000,0.593750000,0.386716191568,0.183690190995
-0.093750000,0.593750000,0.424840145474,0.201799069100
-0.078125000,0.593750000,0.457730124959,0.217421809356
-0.062500000,0.593750000,0.485070924956,0.230408689354
-0.046875000,0.593750000,0.506604271590,0.240637029005
-0.031250000,0.593750000,0.522129045805,0.248011296758
-0.015625000,0.593750000,0.531501461503,0.252463194214
0.000000000,0.593750000,0.534635194552,0.253951717412
0.015625000,0.593750000,0.531501461503,0.252463194214
0.031250000,0.593750000,0.522129045805,0.248011296758
0.046875000,0.593750000,0.506604271590,0.240637029005
0.062500000,0.593750000,0.485070924956,0.230408689354
0.078125000,0.593750000,0.457730124959,0.217421809356
0.093750000,0.593750000,0.424840145474,0.201799069100
0.109375000,0.593750000,0.386716191568,0.183690190995
0.125000000,0.593750000,0.343730134154,0.163271813723
0.140625000,0.593750000,0.296310207944,0.140747348774
0.156250000,0.593750000,0.244940677105,0.116346821625
0.171875000,0.593750000,0.190161476507,0.0903267013410
0.187500000,0.593750000,0.132567833961,0.0629697211314
0.203125000,0.593750000,0.0728098816249,0.0345846937718
0.218750000,0.593750000,0.0115922657004,0.00550632620768
0.234375000,0.593750000,-0.0503262389327,-0.0239049634930
0.250000000,0.593750000,-0.112133098280,-0.0532632216831
0.265625000,0.593750000,-0.172962364246,-0.0821571230171
0.281250000,0.593750000,-0.231894985358,-0.110150118045
0.296875000,0.593750000,-0.287959073645,-0.136780559981
0.312500000,0.593750000,-0.340130117550,-0.161561805836
0.328125000,0.593750000,-0.387171887820,-0.183906646715
0.343750000,0.593750000,-0.428267361461,-0.203426996694
0.359375000,0.593750000,-0.462081159748,-0.219488550880
0.375000000,0.593750000,-0.487378984388,-0.231505017584
0.390625000,0.593750000,-0.502873864818,-0.238865085789
0.406250000,0.593750000,-0.507340990783,-0.240986970622
0.421875000,0.593750000,-0.499169799270,-0.237105654653
0.437500000,0.593750000,-0.477017081779,-0.226583113845
0.453125000,0.593750000,-0.439381609025,-0.208706264287
0.468750000,0.593750000,-0.384707145429,-0.182735894079
0.484375000,0.593750000,-0.311381726263,-0.147906319975
0.500000000,0.593750000,-0.217736885917,-0.103425020810
0.515625000,0.593750000,-0.102046862811,-0.0484722598351
0.531250000,0.593750000,0.0374721804813,0.0177992857286
0.546875000,0.593750000,0.202662874722,0.0962648654931
0.562500000,0.593750000,0.395427237041,0.187827937594
0.578125000,0.593750000,0.617727064309,0.293420355547
0.593750000,0.593750000,0.871584028525,0.414002413550
0.609375000,0.593750000,1.15907935836,0.550562695223
0.625000000,0.593750000,1.48235295923,0.704117655636
0.640625000,0.593750000,1.84360179336,0.875710851846
0.656250000,0.593750000,2.24507730526,1.06641172000
0.671875000,0.593750000,2.68908162522,1.27731377198
0.687500000,0.593750000,3.17796223269,1.50953206053
0.703125000,0.593750000,,
0.718750000,0.593750000,,
0.734375000,0.593750000,,
0.750000000,0.593750000,,
0.765625000,0.593750000,,
0.781250000,0.593750000,,
0.796875000,0.593750000,,
0.812500000,0.593750000,,
0.828125000,0.593750000,,
0.843750000,0.593750000,,
0.859375000,0.593750000,,
0.875000000,0.593750000,,
0.890625000,0.593750000,,
0.906250000,0.593750000,,
0.921875000,0.593750000,,
0.937500000,0.593750000,,
0.953125000,0.593750000,,
0.968750000,0.593750000,,
0.984375000,0.593750000,,
1.000000000,0.593750000,,
-1.000000000,0.609375000,,
-0.984375000,0.609375000,,
-0.968750000,0.609375000,,
-0.953125000,0.609375000,,
-0.937500000,0.609375000,,
-0.921875000,0.609375000,,
-0.906250000,0.609375000,,
-0.890625000,0.609375000,,
-0.875000000,0.609375000,,
-0.859375000,0.609375000,,
-0.843750000,0.609375000,,
-0.828125000,0.609375000,,
-0.812500000,0.609375000,,
-0.796875000,0.609375000,,
-0.781250000,0.609375000,,
-0.765625000,0.609375000,,
-0.750000000,0.609375000,,
-0.734375000,0.609375000,,
-0.718750000,0.609375000,,
-0.703125000,0.609375000,,
-0.687500000,0.609375000,,
-0.671875000,0.609375000,3.06475886412,1.45576046046
-0.656250000,0.609375000,2.58854604313,1.22955937049
-0.640625000,0.609375000,2.15668801121,1.02442680532
-0.625000000,0.609375000,1.76685939395,0.839258212127
-0.609375000,0.609375000,1.41677734379,0.672969238301
-0.593750000,0.609375000,1.10420658273,0.524498126796
-0.578125000,0.609375000,0.826963056614,0.392807451892
-0.562500000,0.609375000,0.582916491897,0.276885333651
-0.546875000,0.609375000,0.369992093941,0.175746244622
-0.531250000,0.609375000,0.186171583064,0.0884315019553
-0.515625000,0.609375000,0.0294937302886,0.0140095218871
-0.500000000,0.609375000,-0.101945477772,-0.0484241019415
-0.484375000,0.609375000,-0.209992935352,-0.0997466442924
-0.468750000,0.609375000,-0.296438691987,-0.140808378694
-0.453125000,0.609375000,-0.363016333980,-0.172432758640
-0.437500000,0.609375000,-0.411403420166,-0.195416624579
-0.421875000,0.609375000,-0.443221928634,-0.210530416101
-0.406250000,0.609375000,-0.459937501246,-0.218470313092
-0.390625000,0.609375000,-0.463275052341,-0.220055649862
-0.375000000,0.609375000,-0.454579251700,-0.215925144558
-0.359375000,0.609375000,-0.435253615170,-0.206745467206
-0.343750000,0.609375000,-0.406647589948,-0.193157605226
-0.328125000,0.609375000,-0.370056634361,-0.175776901322
-0.312500000,0.609375000,-0.326722215159,-0.155193052200
-0.296875000,0.609375000,-0.277831723512,-0.131970068668
-0.281250000,0.609375000,-0.224518314123,-0.106646199208
-0.265625000,0.609375000,-0.167860675357,-0.0797338207944
-0.250000000,0.609375000,-0.109036499269,-0.0517923371528
-0.234375000,0.609375000,-0.0487028956100,-0.0231338754147
-0.218750000,0.609375000,0.0120685074745,0.00573254105038
-0.203125000,0.609375000,0.0724203292893,0.0343996564124
-0.187500000,0.609375000,0.131551567492,0.0624869945588
-0.171875000,0.609375000,0.188718069444,0.0896410829859
-0.156250000,0.609375000,0.243233010807,0.115535680133
-0.140625000,0.609375000,0.294467372821,0.139872002090
-0.125000000,0.609375000,0.341850409369,0.162378944450
-0.109375000,0.609375000,0.384870095943,0.182813295573
-0.093750000,0.609375000,0.423073552994,0.200959937672
-0.078125000,0.609375000,0.456067435508,0.216632031866
-0.062500000,0.609375000,0.483518285501,0.229671185613
-0.046875000,0.609375000,0.505152837664,0.239947597890
-0.031250000,0.609375000,0.520758278040,0.247360182069
-0.015625000,0.609375000,0.530182447677,0.251836662646
0.000000000,0.609375000,0.533333991530,0.253333645977
0.015625000,0.609375000,0.530182447677,0.251836662646
0.031250000,0.609375000,0.520758278040,0.247360182069
0.046875000,0.609375000,0.505152837664,0.239947597890
0.062500000,0.609375000,0.483518285501,0.229671185613
0.078125000,0.609375000,0.456067435508,0.216632031866
0.093750000,0.609375000,0.423073552994,0.200959937672
0.109375000,0.609375000,0.384870095943,0.182813295573
0.125000000,0.609375000,0.341850409369,0.162378944450
0.140625000,0.609375000,0.294467372821,0.139872002090
0.156250000,0.609375000,0.243233010807,0.115535680133
0.171875000,0.609375000,0.188718069444,0.0896410829859
0.187500000,0.609375000,0.131551567492,0.0624869945588
0.203125000,0.609375000,0.0724203292893,0.0343996564124
0.218750000,0.609375000,0.0120685074745,0.00573254105038
0.234375000,0.609375000,-0.0487028956100,-0.0231338754147
0.250000000,0.609375000,-0.109036499269,-0.0517923371528
0.265625000,0.609375000,-0.167860675357,-0.0797338207944
0.281250000,0.609375000,-0.224518314123,-0.106646199208
0.296875000,0.609375000,-0.277831723512,-0.131970068668
0.312500000,0.609375000,-0.326722215159,-0.155193052200
0.328125000,0.609375000,-0.370056634361,-0.175776901322
0.343750000,0.609375000,-0.406647589948,-0.193157605226
0.359375000,0.609375000,-0.435253615170,-0.206745467206
0.375000000,0.609375000,-0.454579251700,-0.215925144558
0.390625000,0.609375000,-0.463275052341,-0.220055649862
0.406250000,0.609375000,-0.459937501246,-0.218470313092
0.421875000,0.609375000,-0.443221928634,-0.210530416101
0.437500000,0.609375000,-0.411403420166,-0.195416624579
0.453125000,0.609375000,-0.363016333980,-0.172432758640
0.468750000,0.609375000,-0.296438691987,-0.140808378694
0.484375000,0.609375000,-0.209992935352,-0.0997466442924
0.500000000,0.609375000,-0.101945477772,-0.0484241019415
0.515625000,0.609375000,0.0294937302886,0.0140095218871
0.531250000,0.609375000,0.186171583064,0.0884315019553
0.546875000,0.609375000,0.369992093941,0.175746244622
0.562500000,0.609375000,0.582916491897,0.276885333651
0.578125000,0.609375000,0.826963056614,0.392807451892
0.593750000,0.609375000,1.10420658273,0.524498126796
0.609375000,0.609375000,1.41677734379,0.672969238301
0.625000000,0.609375000,1.76685939395,0.839258212127
0.640625000,0.609375000,2.15668801121,1.02442680532
0.656250000,0.609375000,2.58854604313,1.22955937049
0.671875000,0.609375000,3.06475886412,1.45576046046
0.687500000,0.609375000,,
0.703125000,0.609375000,,
0.718750000,0.609375000,,
0.734375000,0.609375000,,
0.750000000,0.609375000,,
0.765625000,0.609375000,,
0.781250000,0.609375000,,
0.796875000,0.609375000,,
0.812500000,0.609375000,,
0.828125000,0.609375000,,
0.843750000,0.609375000,,
0.859375000,0.609375000,,
0.875000000,0.609375000,,
0.890625000,0.609375000,,
0.906250000,0.609375000,,
0.921875000,0.609375000,,
0.937500000,0.609375000,,
0.953125000,0.609375000,,
0.968750000,0.609375000,,
0.984375000,0.609375000,,
1.000000000,0.609375000,,
-1.000000000,0.625000000,,
-0.984375000,0.625000000,,
-0.968750000,0.625000000,,
-0.953125000,0.625000000,,
-0.937500000,0.625000000,,
-0.921875000,0.625000000,,
-0.906250000,0.625000000,,
-0.890625000,0.625000000,,
-0.875000000,0.625000000,,
-0.859375000,0.625000000,,
-0.843750000,0.625000000,,
-0.828125000,0.625000000,,
-0.812500000,0.625000000,,
-0.796875000,0.625000000,,
-0.781250000,0.625000000,,
-0.765625000,0.625000000,,
-0.750000000,0.625000000,,
-0.734375000,0.625000000,,
-0.718750000,0.625000000,,
-0.703125000,0.625000000,,
-0.687500000,0.625000000,,
-0.671875000,0.625000000,,
-0.656250000,0.625000000,2.96269526095,1.40728024895
-0.640625000,0.625000000,2.49870945166,1.18688698954
-0.625000000,0.625000000,2.07858614413,0.987328418464
-0.609375000,0.625000000,1.70001653596,0.807507854583
-0.593750000,0.625000000,1.36073150111,0.646347463027
-0.578125000,0.625000000,1.05850645514,0.502790566189
-0.562500000,0.625000000,0.791164965078,0.375803358412
-0.546875000,0.625000000,0.556581364920,0.264376148337
-0.531250000,0.625000000,0.352682594613,0.167524232441
-0.515625000,0.625000000,0.177449441776,0.0842884848438
-0.500000000,0.625000000,0.0289173307832,0.0137357321220
-0.484375000,0.625000000,-0.0948232211833,-0.0450410300620
-0.468750000,0.625000000,-0.195626385216,-0.0929225329774
-0.453125000,0.625000000,-0.275290960226,-0.130763206107
-0.437500000,0.625000000,-0.335560411178,-0.159391195310
-0.421875000,0.625000000,-0.378023273477,-0.179561054902
-0.406250000,0.625000000,-0.404522927442,-0.192148390535
-0.390625000,0.625000000,-0.416525426011,-0.197849577355
-0.375000000,0.625000000,-0.415553902093,-0.197388103494
-0.359375000,0.625000000,-0.403076436794,-0.191461307477
-0.343750000,0.625000000,-0.380505990920,-0.180740345687
-0.328125000,0.625000000,-0.349200269222,-0.165870127880
-0.312500000,0.625000000,-0.310461516005,-0.147469220103
-0.296875000,0.625000000,-0.265536244016,-0.126129715908
-0.281250000,0.625000000,-0.215614898581,-0.102417076826
-0.265625000,0.625000000,-0.161831463757,-0.0768699452845
-0.250000000,0.625000000,-0.105263017011,-0.0499999330801
-0.234375000,0.625000000,-0.0469292390088,-0.0222913885292
-0.218750000,0.625000000,0.0122081119730,0.00579885318719
-0.203125000,0.625000000,0.0712457520963,0.0338417322457
-0.187500000,0.625000000,0.129339442448,0.0614362351626
-0.171875000,0.625000000,0.185549047336,0.0881357974847
-0.156250000,0.625000000,0.239464065515,0.113745431120
-0.140625000,0.625000000,0.290262147855,0.137874520231
-0.125000000,0.625000000,0.337340980161,0.160236965577
-0.109375000,0.625000000,0.380160090676,0.180576043071
-0.093750000,0.625000000,0.418241340611,0.198664636790
-0.078125000,0.625000000,0.451169373539,0.214305452431
-0.062500000,0.625000000,0.478592018507,0.227331208791
-0.046875000,0.625000000,0.500220640764,0.237604804363
-0.031250000,0.625000000,0.515830434571,0.245019456421
-0.015625000,0.625000000,0.525260656032,0.249498811615
0.000000000,0.625000000,0.528414790760,0.250997025611
0.015625000,0.625000000,0.525260656032,0.249498811615
0.031250000,0.625000000,0.515830434571,0.245019456421
0.046875000,0.625000000,0.500220640764,0.237604804363
0.062500000,0.625000000,0.478592018507,0.227331208791
0.078125000,0.625000000,0.451169373539,0.214305452431
0.093750000,0.625000000,0.418241340611,0.198664636790
0.109375000,0.625000000,0.380160090676,0.180576043071
0.125000000,0.625000000,0.337340980161,0.160236965577
0.140625000,0.625000000,0.290262147855,0.137874520231
0.156250000,0.625000000,0.239464065515,0.113745431120
0.171875000,0.625000000,0.185549047336,0.0881357974847
0.187500000,0.625000000,0.129339442448,0.0614362351626
0.203125000,0.625000000,0.0712457520963,0.0338417322457
0.218750000,0.625000000,0.0122081119730,0.00579885318719
0.234375000,0.625000000,-0.0469292390088,-0.0222913885292
0.250000000,0.625000000,-0.105263017011,-0.0499999330801
0.265625000,0.625000000,-0.161831463757,-0.0768699452845
0.281250000,0.625000000,-0.215614898581,-0.102417076826
0.296875000,0.625000000,-0.265536244016,-0.126129715908
0.312500000,0.625000000,-0.310461516005,-0.147469220103
0.328125000,0.625000000,-0.349200269222,-0.165870127880
0.343750000,0.625000000,-0.380505990920,-0.180740345687
0.359375000,0.625000000,-0.403076436794,-0.191461307477
0.375000000,0.625000000,-0.415553902093,-0.197388103494
0.390625000,0.625000000,-0.416525426011,-0.197849577355
0.406250000,0.625000000,-0.404522927442,-0.192148390535
0.421875000,0.625000000,-0.378023273477,-0.179561054902
0.437500000,0.625000000,-0.335560411178,-0.159391195310
0.453125000,0.625000000,-0.275290960226,-0.130763206107
0.468750000,0.625000000,-0.195626385216,-0.0929225329774
0.484375000,0.625000000,-0.0948232211833,-0.0450410300620
0.500000000,0.625000000,0.0289173307832,0.0137357321220
0.515625000,0.625000000,0.177449441776,0.0842884848438
0.531250000,0.625000000,0.352682594613,0.167524232441
0.546875000,0.625000000,0.556581364920,0.264376148337
0.562500000,0.625000000,0.791164965078,0.375803358412
0.578125000,0.625000000,1.05850645514,0.502790566189
0.593750000,0.625000000,1.36073150111,0.646347463027
0.609375000,0.625000000,1.70001653596,0.807507854583
0.625000000,0.625000000,2.07858614413,0.987328418464
0.640625000,0.625000000,2.49870945166,1.18688698954
0.656250000,0.625000000,2.96269526095,1.40728024895
0.671875000,0.625000000,,
0.687500000,0.625000000,,
0.703125000,0.625000000,,
0.718750000,0.625000000,,
0.734375000,0.625000000,,
0.750000000,0.625000000,,
0.765625000,0.625000000,,
0.781250000,0.625000000,,
0.796875000,0.625000000,,
0.812500000,0.625000000,,
0.828125000,0.625000000,,
0.843750000,0.625000000,,
0.859375000,0.625000000,,
0.875000000,0.625000000,,
0.890625000,0.625000000,,
0.906250000,0.625000000,,
0.921875000,0.625000000,,
0.937500000,0.625000000,,
0.953125000,0.625000000,,
0.968750000,0.625000000,,
0.984375000,0.625000000,,
1.000000000,0.625000000,,
-1.000000000,0.640625000,,
-0.984375000,0.640625000,,
-0.968750000,0.640625000,,
-0.953125000,0.640625000,,
-0.937500000,0.640625000,,
-0.921875000,0.640625000,,
-0.906250000,0.640625000,,
-0.890625000,0.640625000,,
-0.875000000,0.640625000,,
-0.859375000,0.640625000,,
-0.843750000,0.640625000,,
-0.828125000,0.640625000,,
-0.812500000,0.640625000,,
-0.796875000,0.640625000,,
-0.781250000,0.640625000,,
-0.765625000,0.640625000,,
-0.750000000,0.640625000,,
-0.734375000,0.640625000,,
-0.718750000,0.640625000,,
-0.703125000,0.640625000,,
-0.687500000,0.640625000,,
-0.671875000,0.640625000,,
-0.656250000,0.640625000,,
-0.640625000,0.640625000,2.87192587162,1.36416478902
-0.625000000,0.640625000,2.41973319714,1.14937326864
-0.609375000,0.640625000,2.01093115663,0.955192299398
-0.593750000,0.640625000,1.64322229663,0.780530590897
-0.578125000,0.640625000,1.31434605380,0.624314375557
-0.562500000,0.640625000,1.02208354686,0.485489684760
-0.546875000,0.640625000,0.764261221496,0.363024080211
-0.531250000,0.640625000,0.538753590862,0.255907955659
-0.515625000,0.640625000,0.343485267292,0.163155501964
-0.500000000,0.640625000,0.176432448891,0.0838054132233
-0.484375000,0.640625000,0.0356239927533,0.0169213965578
-0.468750000,0.640625000,-0.0808578156129,-0.0384074624161
-0.453125000,0.640625000,-0.174876712009,-0.0830664382045
-0.437500000,0.640625000,-0.248142853971,-0.117867855636
-0.421875000,0.640625000,-0.302620771008,-0.143744866229
-0.406250000,0.640625000,-0.339898071701,-0.161451584058
-0.390625000,0.640625000,-0.361619427770,-0.171769228191
-0.375000000,0.640625000,-0.369374029667,-0.175452664092
-0.359375000,0.640625000,-0.364695303453,-0.173230269140
-0.343750000,0.640625000,-0.349060588557,-0.165803779565
-0.328125000,0.640625000,-0.323890766211,-0.153848113950
-0.312500000,0.640625000,-0.290549837935,-0.138011173019
-0.296875000,0.640625000,-0.250344450731,-0.118913614097
-0.281250000,0.640625000,-0.204523373553,-0.0971486024379
-0.265625000,0.640625000,-0.154276926848,-0.0732815402526
-0.250000000,0.640625000,-0.100736373672,-0.0478497774944
-0.234375000,0.640625000,-0.0449732763466,-0.0213623062646
-0.218750000,0.640625000,0.0120011720934,0.00570055674434
-0.203125000,0.640625000,0.0692368322028,0.0328874952963
-0.187500000,0.640625000,0.125845312097,0.0597765232461
-0.171875000,0.640625000,0.181000659805,0.0859753134073
-0.156250000,0.640625000,0.233940046732,0.111121522198
-0.140625000,0.640625000,0.283964431838,0.134883105123
-0.125000000,0.640625000,0.330439200411,0.156958620195
-0.109375000,0.640625000,0.372794767339,0.177077514486
-0.093750000,0.640625000,0.410527138466,0.195000390772
-0.078125000,0.640625000,0.443198422906,0.210519250880
-0.062500000,0.640625000,0.470437290414,0.223457712947
-0.046875000,0.640625000,0.491939367496,0.233671199561
-0.031250000,0.640625000,0.507467568423,0.241047095001
-0.015625000,0.640625000,0.516852356926,0.245504869540
0.000000000,0.640625000,0.519991934845,0.246996169051
0.015625000,0.640625000,0.516852356926,0.245504869540
0.031250000,0.640625000,0.507467568423,0.241047095001
0.046875000,0.640625000,0.491939367496,0.233671199561
0.062500000,0.640625000,0.470437290414,0.223457712947
0.078125000,0.640625000,0.443198422906,0.210519250880
0.093750000,0.640625000,0.410527138466,0.195000390772
0.109375000,0.640625000,0.372794767339,0.177077514486
0.125000000,0.640625000,0.330439200411,0.156958620195
0.140625000,0.640625000,0.283964431838,0.134883105123
0.156250000,0.640625000,0.233940046732,0.111121522198
0.171875000,0.640625000,0.181000659805,0.0859753134073
0.187500000,0.640625000,0.125845312097,0.0597765232461
0.203125000,0.640625000,0.0692368322028,0.0328874952963
0.218750000,0.640625000,0.0120011720934,0.00570055674434
0.234375000,0.640625000,-0.0449732763466,-0.0213623062646
0.250000000,0.640625000,-0.100736373672,-0.0478497774944
0.265625000,0.640625000,-0.154276926848,-0.0732815402526
0.281250000,0.640625000,-0.204523373553,-0.0971486024379
0.296875000,0.640625000,-0.250344450731,-0.118913614097
0.312500000,0.640625000,-0.290549837935,-0.138011173019
0.328125000,0.640625000,-0.323890766211,-0.153848113950
0.343750000,0.640625000,-0.349060588557,-0.165803779565
0.359375000,0.640625000,-0.364695303453,-0.173230269140
0.375000000,0.640625000,-0.369374029667,-0.175452664092
0.390625000,0.640625000,-0.361619427770,-0.171769228191
0.406250000,0.640625000,-0.339898071701,-0.161451584058
0.421875000,0.640625000,-0.302620771008,-0.143744866229
0.437500000,0.640625000,-0.248142853971,-0.117867855636
0.453125000,0.640625000,-0.174876712009,-0.0830664382045
0.468750000,0.640625000,-0.0808578156129,-0.0384074624161
0.484375000,0.640625000,0.0356239927533,0.0169213965578
0.500000000,0.640625000,0.176432448891,0.0838054132233
0.515625000,0.640625000,0.343485267292,0.163155501964
0.531250000,0.640625000,0.538753590862,0.255907955659
0.546875000,0.640625000,0.764261221496,0.363024080211
0.562500000,0.640625000,1.02208354686,0.485489684760
0.578125000,0.640625000,1.31434605380,0.624314375557
0.593750000,0.640625000,1.64322229663,0.780530590897
0.609375000,0.640625000,2.01093115663,0.955192299398
0.625000000,0.640625000,2.41973319714,1.14937326864
0.640625000,0.640625000,2.87192587162,1.36416478902
0.656250000,0.640625000,,
0.671875000,0.640625000,,
0.687500000,0.640625000,,
0.703125000,0.640625000,,
0.718750000,0.640625000,,
0.734375000,0.640625000,,
0.750000000,0.640625000,,
0.765625000,0.640625000,,
0.781250000,0.640625000,,
0.796875000,0.640625000,,
0.812500000,0.640625000,,
0.828125000,0.640625000,,
0.843750000,0.640625000,,
0.859375000,0.640625000,,
0.875000000,0.640625000,,
0.890625000,0.640625000,,
0.906250000,0.640625000,,
0.921875000,0.640625000,,
0.937500000,0.640625000,,
0.953125000,0.640625000,,
0.968750000,0.640625000,,
0.984375000,0.640625000,,
1.000000000,0.640625000,,
-1.000000000,0.656250000,,
-0.984375000,0.656250000,,
-0.968750000,0.656250000,,
-0.953125000,0.656250000,,
-0.937500000,0.656250000,,
-0.921875000,0.656250000,,
-0.906250000,0.656250000,,
-0.890625000,0.656250000,,
-0.875000000,0.656250000,,
-0.859375000,0.656250000,,
-0.843750000,0.656250000,,
-0.828125000,0.656250000,,
-0.812500000,0.656250000,,
-0.796875000,0.656250000,,
-0.781250000,0.656250000,,
-0.765625000,0.656250000,,
-0.750000000,0.656250000,,
-0.734375000,0.656250000,,
-0.718750000,0.656250000,,
-0.703125000,0.656250000,,
-0.687500000,0.656250000,,
-0.671875000,0.656250000,,
-0.656250000,0.656250000,,
-0.640625000,0.656250000,,
-0.625000000,0.656250000,2.79261537853,1.32649230480
-0.609375000,0.656250000,2.35177676143,1.11709396168
-0.593750000,0.656250000,1.95386908004,0.928087813019
-0.578125000,0.656250000,1.59660142035,0.758385674667
-0.562500000,0.656250000,1.27771711812,0.606915631109
-0.546875000,0.656250000,0.994998561886,0.472624316896
-0.531250000,0.656250000,0.746270944676,0.354478698721
-0.515625000,0.656250000,0.529405182101,0.251467461498
-0.500000000,0.656250000,0.342320180132,0.162602085563
-0.484375000,0.656250000,0.182984599351,0.0869176846916
-0.468750000,0.656250000,0.0494182367234,0.0234736624436
-0.453125000,0.656250000,-0.0602071089128,-0.0285983767336
-0.437500000,0.656250000,-0.147977932570,-0.0702895179708
-0.421875000,0.656250000,-0.215601767200,-0.102410839420
-0.406250000,0.656250000,-0.264845220575,-0.125801479773
-0.390625000,0.656250000,-0.297419725059,-0.141274369403
-0.375000000,0.656250000,-0.314980952454,-0.149615952416
-0.359375000,0.656250000,-0.319128229046,-0.151585908797
-0.343750000,0.656250000,-0.311403934290,-0.147916868788
-0.328125000,0.656250000,-0.293292874047,-0.139314115172
-0.312500000,0.656250000,-0.266221621091,-0.126455270018
-0.296875000,0.656250000,-0.231557821115,-0.109989965029
-0.281250000,0.656250000,-0.190609465319,-0.0905394960264
-0.265625000,0.656250000,-0.144624130776,-0.0686964621188
-0.250000000,0.656250000,-0.0947881939938,-0.0450243921470
-0.234375000,0.656250000,-0.0422260243907,-0.0200573615856
-0.218750000,0.656250000,0.0120008367717,0.00570039746656
-0.203125000,0.656250000,0.0668945033100,0.0317748890723
-0.187500000,0.656250000,0.121521568842,0.0577227451999
-0.171875000,0.656250000,0.175013920926,0.0831316124397
-0.156250000,0.656250000,0.226569535781,0.107620529496
-0.140625000,0.656250000,0.275453245623,0.130840291671
-0.125000000,0.656250000,0.320997470069,0.152473798283
-0.109375000,0.656250000,0.362602903388,0.172236379109
-0.093750000,0.656250000,0.399739151366,0.189876096899
-0.078125000,0.656250000,0.431945309182,0.205174021861
-0.062500000,0.656250000,0.458830476648,0.217944476408
-0.046875000,0.656250000,0.480074202308,0.228035246096
-0.031250000,0.656250000,0.495426854485,0.235327755880
-0.015625000,0.656250000,0.504709913248,0.239737208793
0.000000000,0.656250000,0.507816181753,0.241212686333
0.015625000,0.656250000,0.504709913248,0.239737208793
0.031250000,0.656250000,0.495426854485,0.235327755880
0.046875000,0.656250000,0.480074202308,0.228035246096
0.062500000,0.656250000,0.458830476648,0.217944476408
0.078125000,0.656250000,0.431945309182,0.205174021861
0.093750000,0.656250000,0.399739151366,0.189876096899
0.109375000,0.656250000,0.362602903388,0.172236379109
0.125000000,0.656250000,0.320997470069,0.152473798283
0.140625000,0.656250000,0.275453245623,0.130840291671
0.156250000,0.656250000,0.226569535781,0.107620529496
0.171875000,0.656250000,0.175013920926,0.0831316124397
0.187500000,0.656250000,0.121521568842,0.0577227451999
0.203125000,0.656250000,0.0668945033100,0.0317748890723
0.218750000,0.656250000,0.0120008367717,0.00570039746656
0.234375000,0.656250000,-0.0422260243907,-0.0200573615856
0.250000000,0.656250000,-0.0947881939938,-0.0450243921470
0.265625000,0.656250000,-0.144624130776,-0.0686964621188
0.281250000,0.656250000,-0.190609465319,-0.0905394960264
0.296875000,0.656250000,-0.231557821115,-0.109989965029
0.312500000,0.656250000,-0.266221621091,-0.126455270018
0.328125000,0.656250000,-0.293292874047,-0.139314115172
0.343750000,0.656250000,-0.311403934290,-0.147916868788
0.359375000,0.656250000,-0.319128229046,-0.151585908797
0.375000000,0.656250000,-0.314980952454,-0.149615952416
0.390625000,0.656250000,-0.297419725059,-0.141274369403
0.406250000,0.656250000,-0.264845220575,-0.125801479773
0.421875000,0.656250000,-0.215601767200,-0.102410839420
0.437500000,0.656250000,-0.147977932570,-0.0702895179708
0.453125000,0.656250000,-0.0602071089128,-0.0285983767336
0.468750000,0.656250000,0.0494182367234,0.0234736624436
0.484375000,0.656250000,0.182984599351,0.0869176846916
0.500000000,0.656250000,0.342320180132,0.162602085563
0.515625000,0.656250000,0.529405182101,0.251467461498
0.531250000,0.656250000,0.746270944676,0.354478698721
0.546875000,0.656250000,0.994998561886,0.472624316896
0.562500000,0.656250000,1.27771711812,0.606915631109
0.578125000,0.656250000,1.59660142035,0.758385674667
0.593750000,0.656250000,1.95386908004,0.928087813019
0.609375000,0.656250000,2.35177676143,1.11709396168
0.625000000,0.656250000,2.79261537853,1.32649230480
0.640625000,0.656250000,,
0.656250000,0.656250000,,
0.671875000,0.656250000,,
0.687500000,0.656250000,,
0.703125000,0.656250000,,
0.718750000,0.656250000,,
0.734375000,0.656250000,,
0.750000000,0.656250000,,
0.765625000,0.656250000,,
0.781250000,0.656250000,,
0.796875000,0.656250000,,
0.812500000,0.656250000,,
0.828125000,0.656250000,,
0.843750000,0.656250000,,
0.859375000,0.656250000,,
0.875000000,0.656250000,,
0.890625000,0.656250000,,
0.906250000,0.656250000,,
0.921875000,0.656250000,,
0.937500000,0.656250000,,
0.953125000,0.656250000,,
0.968750000,0.656250000,,
0.984375000,0.656250000,,
1.000000000,0.656250000,,
-1.000000000,0.671875000,,
-0.984375000,0.671875000,,
-0.968750000,0.671875000,,
-0.953125000,0.671875000,,
-0.937500000,0.671875000,,
-0.921875000,0.671875000,,
-0.906250000,0.671875000,,
-0.890625000,0.671875000,,
-0.875000000,0.671875000,,
-0.859375000,0.671875000,,
-0.843750000,0.671875000,,
-0.828125000,0.671875000,,
-0.812500000,0.671875000,,
-0.796875000,0.671875000,,
-0.781250000,0.671875000,,
-0.765625000,0.671875000,,
-0.750000000,0.671875000,,
-0.734375000,0.671875000,,
-0.718750000,0.671875000,,
-0.703125000,0.671875000,,
-0.687500000,0.671875000,,
-0.671875000,0.671875000,,
-0.656250000,0.671875000,,
-0.640625000,0.671875000,,
-0.625000000,0.671875000,,
-0.609375000,0.671875000,,
-0.593750000,0.671875000,2.29498536934,1.09011805044
-0.578125000,0.671875000,1.90752153984,0.906072731422
-0.562500000,0.671875000,1.56024485076,0.741116304112
-0.546875000,0.671875000,1.25089844474,0.594176761253
-0.531250000,0.671875000,0.977262172818,0.464199532089
-0.515625000,0.671875000,0.737156509690,0.350149342103
-0.500000000,0.671875000,0.528445697084,0.251011706115
-0.484375000,0.671875000,0.349040280791,0.165794133376
-0.468750000,0.671875000,0.197000651588,0.0935753095041
-0.453125000,0.671875000,0.0701199708365,0.0333069861473
-0.437500000,0.671875000,-0.0334251980632,-0.0158769690800
-0.421875000,0.671875000,-0.115521785132,-0.0548728479377
-0.406250000,0.671875000,-0.178002827134,-0.0845513428886
-0.390625000,0.671875000,-0.222646460188,-0.105757068589
-0.375000000,0.671875000,-0.251174970293,-0.119308110889
-0.359375000,0.671875000,-0.265253875345,-0.125995590789
-0.343750000,0.671875000,-0.266491020082,-0.126583234539
-0.328125000,0.671875000,-0.256435667993,-0.121806942297
-0.312500000,0.671875000,-0.236577584603,-0.112374352686
-0.296875000,0.671875000,-0.208346104189,-0.0989643994899
-0.281250000,0.671875000,-0.173109181554,-0.0822268612379
-0.265625000,0.671875000,-0.132172427230,-0.0627819029343
-0.250000000,0.671875000,-0.0867781316340,-0.0412196125261
-0.234375000,0.671875000,-0.0381042812721,-0.0180995336042
-0.218750000,0.671875000,0.0127364260773,0.00604980238670
-0.203125000,0.671875000,0.0646975595706,0.0307313407960
-0.187500000,0.671875000,0.116799920832,0.0554799623953
-0.171875000,0.671875000,0.168132487553,0.0798629315877
-0.156250000,0.671875000,0.217853327219,0.103480330429
-0.140625000,0.671875000,0.265190473322,0.125965474828
-0.125000000,0.671875000,0.309442755425,0.146985308827
-0.109375000,0.671875000,0.349980575868,0.166240773537
-0.093750000,0.671875000,0.386246625771,0.183467147241
-0.078125000,0.671875000,0.417756533630,0.198434353474
-0.062500000,0.671875000,0.444099439929,0.210947233966
-0.046875000,0.671875000,0.464938493680,0.220845784498
-0.031250000,0.671875000,0.480011264215,0.228005350502
-0.015625000,0.671875000,0.489130066594,0.232336781632
0.000000000,0.671875000,0.492182195466,0.233786542847
0.015625000,0.671875000,0.489130066594,0.232336781632
0.031250000,0.671875000,0.480011264215,0.228005350502
0.046875000,0.671875000,0.464938493680,0.220845784498
0.062500000,0.671875000,0.444099439929,0.210947233966
0.078125000,0.671875000,0.417756533630,0.198434353474
0.093750000,0.671875000,0.386246625771,0.183467147241
0.109375000,0.671875000,0.349980575868,0.166240773537
0.125000000,0.671875000,0.309442755425,0.146985308827
0.140625000,0.671875000,0.265190473322,0.125965474828
0.156250000,0.671875000,0.217853327219,0.103480330429
0.171875000,0.671875000,0.168132487553,0.0798629315877
0.187500000,0.671875000,0.116799920832,0.0554799623953
0.203125000,0.671875000,0.0646975595706,0.0307313407960
0.218750000,0.671875000,0.0127364260773,0.00604980238670
0.234375000,0.671875000,-0.0381042812721,-0.0180995336042
0.250000000,0.671875000,-0.0867781316340,-0.0412196125261
0.265625000,0.671875000,-0.132172427230,-0.0627819029343
0.281250000,0.671875000,-0.173109181554,-0.0822268612379
0.296875000,0.671875000,-0.208346104189,-0.0989643994899
0.312500000,0.671875000,-0.236577584603,-0.112374352686
0.328125000,0.671875000,-0.256435667993,-0.121806942297
0.343750000,0.671875000,-0.266491020082,-0.126583234539
0.359375000,0.671875000,-0.265253875345,-0.125995590789
0.375000000,0.671875000,-0.251174970293,-0.119308110889
0.390625000,0.671875000,-0.222646460188,-0.105757068589
0.406250000,0.671875000,-0.178002827134,-0.0845513428886
0.421875000,0.671875000,-0.115521785132,-0.0548728479377
0.437500000,0.671875000,-0.0334251980632,-0.0158769690800
0.453125000,0.671875000,0.0701199708365,0.0333069861473
0.468750000,0.671875000,0.197000651588,0.0935753095041
0.484375000,0.671875000,0.349040280791,0.165794133376
0.500000000,0.671875000,0.528445697084,0.251011706115
0.515625000,0.671875000,0.737156509690,0.350149342103
0.531250000,0.671875000,0.977262172818,0.464199532089
0.546875000,0.671875000,1.25089844474,0.594176761253
0.562500000,0.671875000,1.56024485076,0.741116304112
0.578125000,0.671875000,1.90752153984,0.906072731422
0.593750000,0.671875000,2.29498536934,1.09011805044
0.609375000,0.671875000,,
0.625000000,0.671875000,,
0.640625000,0.671875000,,
0.656250000,0.671875000,,
0.671875000,0.671875000,,
0.687500000,0.671875000,,
0.703125000,0.671875000,,
0.718750000,0.671875000,,
0.734375000,0.671875000,,
0.750000000,0.671875000,,
0.765625000,0.671875000,,
0.781250000,0.671875000,,
0.796875000,0.671875000,,
0.812500000,0.671875000,,
0.828125000,0.671875000,,
0.843750000,0.671875000,,
0.859375000,0.671875000,,
0.875000000,0.671875000,,
0.890625000,0.671875000,,
0.906250000,0.671875000,,
0.921875000,0.671875000,,
0.937500000,0.671875000,,
0.953125000,0.671875000,,
0.968750000,0.671875000,,
0.984375000,0.671875000,,
1.000000000,0.671875000,,
-1.000000000,0.687500000,,
-0.984375000,0.687500000,,
-0.968750000,0.687500000,,
-0.953125000,0.687500000,,
-0.937500000,0.687500000,,
-0.921875000,0.687500000,,
-0.906250000,0.687500000,,
-0.890625000,0.687500000,,
-0.875000000,0.687500000,,
-0.859375000,0.687500000,,
-0.843750000,0.687500000,,
-0.828125000,0.687500000,,
-0.812500000,0.687500000,,
-0.796875000,0.687500000,,
-0.781250000,0.687500000,,
-0.765625000,0.687500000,,
-0.750000000,0.687500000,,
-0.734375000,0.687500000,,
-0.718750000,0.687500000,,
-0.703125000,0.687500000,,
-0.687500000,0.687500000,,
-0.671875000,0.687500000,,
-0.656250000,0.687500000,,
-0.640625000,0.687500000,,
-0.625000000,0.687500000,,
-0.609375000,0.687500000,,
-0.593750000,0.687500000,,
-0.578125000,0.687500000,2.24948036985,1.06850317568
-0.562500000,0.687500000,1.87197775013,0.889189431310
-0.546875000,0.687500000,1.53420343037,0.728746629428
-0.531250000,0.687500000,1.23389690796,0.586101031280
-0.515625000,0.687500000,0.968832371482,0.460195376454
-0.500000000,0.687500000,0.736822828448,0.349990843513
-0.484375000,0.687500000,0.535827928815,0.254518266187
-0.468750000,0.687500000,0.363525304173,0.172674519482
-0.453125000,0.687500000,0.217982782650,0.103541821759
-0.437500000,0.687500000,0.0971973688660,0.0461687502113
-0.421875000,0.687500000,-0.000782614545365,-0.000371741909048
-0.406250000,0.687500000,-0.0778559349785,-0.0369815691148
-0.390625000,0.687500000,-0.135866998662,-0.0645368243645
-0.375000000,0.687500000,-0.176604498547,-0.0838871368098
-0.359375000,0.687500000,-0.201800130431,-0.0958550619546
-0.343750000,0.687500000,-0.213127351892,-0.101235492149
-0.328125000,0.687500000,-0.212200168182,-0.100795079886
-0.312500000,0.687500000,-0.200571932593,-0.0952716679818
-0.296875000,0.687500000,-0.179734153758,-0.0853737230352
-0.281250000,0.687500000,-0.151115306730,-0.0717797706966
-0.265625000,0.687500000,-0.116079646525,-0.0551378320993
-0.250000000,0.687500000,-0.0759260264564,-0.0360648625668
-0.234375000,0.687500000,-0.0318867237397,-0.0151461937764
-0.218750000,0.687500000,0.0148737205849,0.00706501727784
-0.203125000,0.687500000,0.0632596440050,0.0300483309024
-0.187500000,0.687500000,0.112245377556,0.0533165543391
-0.171875000,0.687500000,0.160876328510,0.0764162560424
-0.156250000,0.687500000,0.208270020734,0.0989282598486
-0.140625000,0.687500000,0.253617087338,0.120468116485
-0.125000000,0.687500000,0.296182205335,0.140686547534
-0.109375000,0.687500000,0.335304967749,0.159269859681
-0.093750000,0.687500000,0.370400683547,0.175940324685
-0.078125000,0.687500000,0.400961100501,0.190456522738
-0.062500000,0.687500000,0.426555044488,0.202613646132
-0.046875000,0.687500000,0.446828969240,0.212243760389
-0.031250000,0.687500000,0.461507413485,0.219216021405
-0.015625000,0.687500000,0.470393359873,0.223436845940
0.000000000,0.687500000,0.473368493795,0.224850034552
0.015625000,0.687500000,0.470393359873,0.223436845940
0.031250000,0.687500000,0.461507413485,0.219216021405
0.046875000,0.687500000,0.446828969240,0.212243760389
0.062500000,0.687500000,0.426555044488,0.202613646132
0.078125000,0.687500000,0.400961100501,0.190456522738
0.093750000,0.687500000,0.370400683547,0.175940324685
0.109375000,0.687500000,0.335304967749,0.159269859681
0.125000000,0.687500000,0.296182205335,0.140686547534
0.140625000,0.687500000,0.253617087338,0.120468116485
0.156250000,0.687500000,0.208270020734,0.0989282598486
0.171875000,0.687500000,0.160876328510,0.0764162560424
0.187500000,0.687500000,0.112245377556,0.0533165543391
0.203125000,0.687500000,0.0632596440050,0.0300483309024
0.218750000,0.687500000,0.0148737205849,0.00706501727784
0.234375000,0.687500000,-0.0318867237397,-0.0151461937764
0.250000000,0.687500000,-0.0759260264564,-0.0360648625668
0.265625000,0.687500000,-0.116079646525,-0.0551378320993
0.281250000,0.687500000,-0.151115306730,-0.0717797706966
0.296875000,0.687500000,-0.179734153758,-0.0853737230352
0.312500000,0.687500000,-0.200571932593,-0.0952716679818
0.328125000,0.687500000,-0.212200168182,-0.100795079886
0.343750000,0.687500000,-0.213127351892,-0.101235492149
0.359375000,0.687500000,-0.201800130431,-0.0958550619546
0.375000000,0.687500000,-0.176604498547,-0.0838871368098
0.390625000,0.687500000,-0.135866998662,-0.0645368243645
0.406250000,0.687500000,-0.0778559349785,-0.0369815691148
0.421875000,0.687500000,-0.000782614545365,-0.000371741909048
0.437500000,0.687500000,0.0971973688660,0.0461687502113
0.453125000,0.687500000,0.217982782650,0.103541821759
0.468750000,0.687500000,0.363525304173,0.172674519482
0.484375000,0.687500000,0.535827928815,0.254518266187
0.500000000,0.687500000,0.736822828448,0.349990843513
0.515625000,0.687500000,0.968832371482,0.460195376454
0.531250000,0.687500000,1.23389690796,0.586101031280
0.546875000,0.687500000,1.53420343037,0.728746629428
0.562500000,0.687500000,1.87197775013,0.889189431310
0.578125000,0.687500000,2.24948036985,1.06850317568
0.593750000,0.687500000,,
0.609375000,0.687500000,,
0.625000000,0.687500000,,
0.640625000,0.687500000,,
0.656250000,0.687500000,,
0.671875000,0.687500000,,
0.687500000,0.687500000,,
0.703125000,0.687500000,,
0.718750000,0.687500000,,
0.734375000,0.687500000,,
0.750000000,0.687500000,,
0.765625000,0.687500000,,
0.781250000,0.687500000,,
0.796875000,0.687500000,,
0.812500000,0.687500000,,
0.828125000,0.687500000,,
0.843750000,0.687500000,,
0.859375000,0.687500000,,
0.875000000,0.687500000,,
0.890625000,0.687500000,,
0.906250000,0.687500000,,
0.921875000,0.687500000,,
0.937500000,0.687500000,,
0.953125000,0.687500000,,
0.968750000,0.687500000,,
0.984375000,0.687500000,,
1.000000000,0.687500000,,
-1.000000000,0.703125000,,
-0.984375000,0.703125000,,
-0.968750000,0.703125000,,
-0.953125000,0.703125000,,
-0.937500000,0.703125000,,
-0.921875000,0.703125000,,
-0.906250000,0.703125000,,
-0.890625000,0.703125000,,
-0.875000000,0.703125000,,
-0.859375000,0.703125000,,
-0.843750000,0.703125000,,
-0.828125000,0.703125000,,
-0.812500000,0.703125000,,
-0.796875000,0.703125000,,
-0.781250000,0.703125000,,
-0.765625000,0.703125000,,
-0.750000000,0.703125000,,
-0.734375000,0.703125000,,
-0.718750000,0.703125000,,
-0.703125000,0.703125000,,
-0.687500000,0.703125000,,
-0.671875000,0.703125000,,
-0.656250000,0.703125000,,
-0.640625000,0.703125000,,
-0.625000000,0.703125000,,
-0.609375000,0.703125000,,
-0.593750000,0.703125000,,
-0.578125000,0.703125000,,
-0.562500000,0.703125000,,
-0.546875000,0.703125000,1.84728972494,0.877462619344
-0.531250000,0.703125000,1.51848500013,0.721280375060
-0.515625000,0.703125000,1.22667156503,0.582668993390
-0.500000000,0.703125000,0.969615553264,0.460567387801
-0.484375000,0.703125000,0.745214323696,0.353976803755
-0.468750000,0.703125000,0.551112013721,0.261778206517
-0.453125000,0.703125000,0.385306039936,0.183020368969
-0.437500000,0.703125000,0.245732097464,0.116722746296
-0.421875000,0.703125000,0.130375307355,0.0619282709936
-0.406250000,0.703125000,0.0372723555520,0.0177043688872
-0.390625000,0.703125000,-0.0354865631786,-0.0168561175098
-0.375000000,0.703125000,-0.0897559472684,-0.0426340749525
-0.359375000,0.703125000,-0.127333299266,-0.0604833171512
-0.343750000,0.703125000,-0.149957515944,-0.0712298200732
-0.328125000,0.703125000,-0.159307336802,-0.0756709849810
-0.312500000,0.703125000,-0.156999835060,-0.0745749216535
-0.296875000,0.703125000,-0.144588941139,-0.0686797470411
-0.281250000,0.703125000,-0.123563991732,-0.0586928960726
-0.265625000,0.703125000,-0.0953483017819,-0.0452904433464
-0.250000000,0.703125000,-0.0612977605163,-0.0291164362453
-0.234375000,0.703125000,-0.0226994511824,-0.0107822393116
-0.218750000,0.703125000,0.0192297000313,0.00913410751485
-0.203125000,0.703125000,0.0633442403610,0.0300885141715
-0.187500000,0.703125000,0.108571468444,0.0515714475107
-0.171875000,0.703125000,0.153912664324,0.0731085155539
-0.156250000,0.703125000,0.198444266652,0.0942610266597
-0.140625000,0.703125000,0.241318988576,0.114626519573
-0.125000000,0.703125000,0.281766865189,0.133839260965
-0.109375000,0.703125000,0.319096226182,0.151570707436
-0.093750000,0.703125000,0.352694585754,0.167529928233
-0.078125000,0.703125000,0.382029444375,0.181463986078
-0.062500000,0.703125000,0.406648996140,0.193158273167
-0.046875000,0.703125000,0.426182736005,0.202436799602
-0.031250000,0.703125000,0.440341964236,0.209162433012
-0.015625000,0.703125000,0.448920181141,0.213237086042
0.000000000,0.703125000,0.451793372520,0.214601851947
0.015625000,0.703125000,0.448920181141,0.213237086042
0.031250000,0.703125000,0.440341964236,0.209162433012
0.046875000,0.703125000,0.426182736005,0.202436799602
0.062500000,0.703125000,0.406648996140,0.193158273167
0.078125000,0.703125000,0.382029444375,0.181463986078
0.093750000,0.703125000,0.352694585754,0.167529928233
0.109375000,0.703125000,0.319096226182,0.151570707436
0.125000000,0.703125000,0.281766865189,0.133839260965
0.140625000,0.703125000,0.241318988576,0.114626519573
0.156250000,0.703125000,0.198444266652,0.0942610266597
0.171875000,0.703125000,0.153912664324,0.0731085155539
0.187500000,0.703125000,0.108571468444,0.0515714475107
0.203125000,0.703125000,0.0633442403610,0.0300885141715
0.218750000,0.703125000,0.0192297000313,0.00913410751485
0.234375000,0.703125000,-0.0226994511824,-0.0107822393116
0.250000000,0.703125000,-0.0612977605163,-0.0291164362453
0.265625000,0.703125000,-0.0953483017819,-0.0452904433464
0.281250000,0.703125000,-0.123563991732,-0.0586928960726
0.296875000,0.703125000,-0.144588941139,-0.0686797470411
0.312500000,0.703125000,-0.156999835060,-0.0745749216535
0.328125000,0.703125000,-0.159307336802,-0.0756709849810
0.343750000,0.703125000,-0.149957515944,-0.0712298200732
0.359375000,0.703125000,-0.127333299266,-0.0604833171512
0.375000000,0.703125000,-0.0897559472684,-0.0426340749525
0.390625000,0.703125000,-0.0354865631786,-0.0168561175098
0.406250000,0.703125000,0.0372723555520,0.0177043688872
0.421875000,0.703125000,0.130375307355,0.0619282709936
0.437500000,0.703125000,0.245732097464,0.116722746296
0.453125000,0.703125000,0.385306039936,0.183020368969
0.468750000,0.703125000,0.551112013721,0.261778206517
0.484375000,0.703125000,0.745214323696,0.353976803755
0.500000000,0.703125000,0.969615553264,0.460567387801
0.515625000,0.703125000,1.22667156503,0.582668993390
0.531250000,0.703125000,1.51848500013,0.721280375060
0.546875000,0.703125000,1.84728972494,0.877462619344
0.562500000,0.703125000,,
0.578125000,0.703125000,,
0.593750000,0.703125000,,
0.609375000,0.703125000,,
0.625000000,0.703125000,,
0.640625000,0.703125000,,
0.656250000,0.703125000,,
0.671875000,0.703125000,,
0.687500000,0.703125000,,
0.703125000,0.703125000,,
0.718750000,0.703125000,,
0.734375000,0.703125000,,
0.750000000,0.703125000,,
0.765625000,0.703125000,,
0.781250000,0.703125000,,
0.796875000,0.703125000,,
0.812500000,0.703125000,,
0.828125000,0.703125000,,
0.843750000,0.703125000,,
0.859375000,0.703125000,,
0.875000000,0.703125000,,
0.890625000,0.703125000,,
0.906250000,0.703125000,,
0.921875000,0.703125000,,
0.937500000,0.703125000,,
0.953125000,0.703125000,,
0.968750000,0.703125000,,
0.984375000,0.703125000,,
1.000000000,0.703125000,,
-1.000000000,0.718750000,,
-0.984375000,0.718750000,,
-0.968750000,0.718750000,,
-0.953125000,0.718750000,,
-0.937500000,0.718750000,,
-0.921875000,0.718750000,,
-0.906250000,0.718750000,,
-0.890625000,0.718750000,,
-0.875000000,0.718750000,,
-0.859375000,0.718750000,,
-0.843750000,0.718750000,,
-0.828125000,0.718750000,,
-0.812500000,0.718750000,,
-0.796875000,0.718750000,,
-0.781250000,0.718750000,,
-0.765625000,0.718750000,,
-0.750000000,0.718750000,,
-0.734375000,0.718750000,,
-0.718750000,0.718750000,,
-0.703125000,0.718750000,,
-0.687500000,0.718750000,,
-0.671875000,0.718750000,,
-0.656250000,0.718750000,,
-0.640625000,0.718750000,,
-0.625000000,0.718750000,,
-0.609375000,0.718750000,,
-0.593750000,0.718750000,,
-0.578125000,0.718750000,,
-0.562500000,0.718750000,,
-0.546875000,0.718750000,,
-0.531250000,0.718750000,1.83347089608,0.870898675637
-0.515625000,0.718750000,1.51305507791,0.718701162007
-0.500000000,0.718750000,1.22923483695,0.583886547551
-0.484375000,0.718750000,0.979555849685,0.465289028601
-0.468750000,0.718750000,0.761925381908,0.361914556406
-0.453125000,0.718750000,0.574176506359,0.272733840521
-0.437500000,0.718750000,0.414186267700,0.196738477158
-0.421875000,0.718750000,0.279878757067,0.132942409607
-0.406250000,0.718750000,0.169227860873,0.0803832339145
-0.390625000,0.718750000,0.0802597543199,0.0381233833020
-0.375000000,0.718750000,0.0110551935640,0.00525121694289
-0.359375000,0.718750000,-0.0402483456311,-0.0191179641748
-0.343750000,0.718750000,-0.0754546507593,-0.0358409591107
-0.328125000,0.718750000,-0.0963068496824,-0.0457457535991
-0.312500000,0.718750000,-0.104485561346,-0.0496306416394
-0.296875000,0.718750000,-0.101607107641,-0.0482633761294
-0.281250000,0.718750000,-0.0892217769879,-0.0423803440693
-0.265625000,0.718750000,-0.0688121332212,-0.0326857632801
-0.250000000,0.718750000,-0.0417913687345,-0.0198509001489
-0.234375000,0.718750000,-0.00950170138909,-0.00451330815982
-0.218750000,0.718750000,0.0267871820914,0.0127239114934
-0.203125000,0.718750000,0.0658796324292,0.0312928254039
-0.187500000,0.718750000,0.106655489068,0.0506613573074
-0.171875000,0.718750000,0.148071470411,0.0703339484454
-0.156250000,0.718750000,0.189162496642,0.0898521859048
-0.140625000,0.718750000,0.229042938384,0.108795395732
-0.125000000,0.718750000,0.266907784561,0.126781197666
-0.109375000,0.718750000,0.302033722092,0.143466017994
-0.093750000,0.718750000,0.333780122410,0.158545558145
-0.078125000,0.718750000,0.361589926901,0.171755215278
-0.062500000,0.718750000,0.384990426628,0.182870452648
-0.046875000,0.718750000,0.403593931554,0.191707117488
-0.031250000,0.718750000,0.417098323468,0.198121703647
-0.015625000,0.718750000,0.425287491242,0.202011558340
0.000000000,0.718750000,0.428031642163,0.203315030027
0.015625000,0.718750000,0.425287491242,0.202011558340
0.031250000,0.718750000,0.417098323468,0.198121703647
0.046875000,0.718750000,0.403593931554,0.191707117488
0.062500000,0.718750000,0.384990426628,0.182870452648
0.078125000,0.718750000,0.361589926901,0.171755215278
0.093750000,0.718750000,0.333780122410,0.158545558145
0.109375000,0.718750000,0.302033722092,0.143466017994
0.125000000,0.718750000,0.266907784561,0.126781197666
0.140625000,0.718750000,0.229042938384,0.108795395732
0.156250000,0.718750000,0.189162496642,0.0898521859048
0.171875000,0.718750000,0.148071470411,0.0703339484454
0.187500000,0.718750000,0.106655489068,0.0506613573074
0.203125000,0.718750000,0.0658796324292,0.0312928254039
0.218750000,0.718750000,0.0267871820914,0.0127239114934
0.234375000,0.718750000,-0.00950170138909,-0.00451330815982
0.250000000,0.718750000,-0.0417913687345,-0.0198509001489
0.265625000,0.718750000,-0.0688121332212,-0.0326857632801
0.281250000,0.718750000,-0.0892217769879,-0.0423803440693
0.296875000,0.718750000,-0.101607107641,-0.0482633761294
0.312500000,0.718750000,-0.104485561346,-0.0496306416394
0.328125000,0.718750000,-0.0963068496824,-0.0457457535991
0.343750000,0.718750000,-0.0754546507593,-0.0358409591107
0.359375000,0.718750000,-0.0402483456311,-0.0191179641748
0.375000000,0.718750000,0.0110551935640,0.00525121694289
0.390625000,0.718750000,0.0802597543199,0.0381233833020
0.406250000,0.718750000,0.169227860873,0.0803832339145
0.421875000,0.718750000,0.279878757067,0.132942409607
0.437500000,0.718750000,0.414186267700,0.196738477158
0.453125000,0.718750000,0.574176506359,0.272733840521
0.468750000,0.718750000,0.761925381908,0.361914556406
0.484375000,0.718750000,0.979555849685,0.465289028601
0.500000000,0.718750000,1.22923483695,0.583886547551
0.515625000,0.718750000,1.51305507791,0.718701162007
0.531250000,0.718750000,1.83347089608,0.870898675637
0.546875000,0.718750000,,
0.562500000,0.718750000,,
0.578125000,0.718750000,,
0.593750000,0.718750000,,
0.609375000,0.718750000,,
0.625000000,0.718750000,,
0.640625000,0.718750000,,
0.656250000,0.718750000,,
0.671875000,0.718750000,,
0.687500000,0.718750000,,
0.703125000,0.718750000,,
0.718750000,0.718750000,,
0.734375000,0.718750000,,
0.750000000,0.718750000,,
0.765625000,0.718750000,,
0.781250000,0.718750000,,
0.796875000,0.718750000,,
0.812500000,0.718750000,,
0.828125000,0.718750000,,
0.843750000,0.718750000,,
0.859375000,0.718750000,,
0.875000000,0.718750000,,
0.890625000,0.718750000,,
0.906250000,0.718750000,,
0.921875000,0.718750000,,
0.937500000,0.718750000,,
0.953125000,0.718750000,,
0.968750000,0.718750000,,
0.984375000,0.718750000,,
1.000000000,0.718750000,,
-1.000000000,0.734375000,,
-0.984375000,0.734375000,,
-0.968750000,0.734375000,,
-0.953125000,0.734375000,,
-0.937500000,0.734375000,,
-0.921875000,0.734375000,,
-0.906250000,0.734375000,,
-0.890625000,0.734375000,,
-0.875000000,0.734375000,,
-0.859375000,0.734375000,,
-0.843750000,0.734375000,,
-0.828125000,0.734375000,,
-0.812500000,0.734375000,,
-0.796875000,0.734375000,,
-0.781250000,0.734375000,,
-0.765625000,0.734375000,,
-0.750000000,0.734375000,,
-0.734375000,0.734375000,,
-0.718750000,0.734375000,,
-0.703125000,0.734375000,,
-0.687500000,0.734375000,,
-0.671875000,0.734375000,,
-0.656250000,0.734375000,,
-0.640625000,0.734375000,,
-0.625000000,0.734375000,,
-0.609375000,0.734375000,,
-0.593750000,0.734375000,,
-0.578125000,0.734375000,,
-0.562500000,0.734375000,,
-0.546875000,0.734375000,,
-0.531250000,0.734375000,,
-0.515625000,0.734375000,,
-0.500000000,0.734375000,1.51793037107,0.721016926257
-0.484375000,0.734375000,1.24124321652,0.589590527845
-0.468750000,0.734375000,0.998287003511,0.474186326668
-0.453125000,0.734375000,0.786843331654,0.373750582536
-0.437500000,0.734375000,0.604734060961,0.287248678957
-0.421875000,0.734375000,0.449825150021,0.213666946260
-0.406250000,0.734375000,0.320030087709,0.152014291662
-0.390625000,0.734375000,0.213312998008,0.101323674054
-0.375000000,0.734375000,0.127691484751,0.0606534552569
-0.359375000,0.734375000,0.0612392678995,0.0290886522523
-0.343750000,0.734375000,0.0120886521536,0.00574210977297
-0.328125000,0.734375000,-0.0215671386525,-0.0102443908599
-0.312500000,0.734375000,-0.0414717383640,-0.0196990757229
-0.296875000,0.734375000,-0.0493035082632,-0.0234191664250
-0.281250000,0.734375000,-0.0466734863871,-0.0221699060339
-0.265625000,0.734375000,-0.0351234090756,-0.0166836193109
-0.250000000,0.734375000,-0.0161238000671,-0.00765880503185
-0.234375000,0.734375000,0.00892787561106,0.00424074091525
-0.218750000,0.734375000,0.0387089916319,0.0183867710252
-0.203125000,0.734375000,0.0719734712781,0.0341873988571
-0.187500000,0.734375000,0.107553427204,0.0510878779219
-0.171875000,0.734375000,0.144360723809,0.0685713438093
-0.156250000,0.734375000,0.181388456770,0.0861595169659
-0.140625000,0.734375000,0.217712344418,0.103413363599
-0.125000000,0.734375000,0.252492024389,0.119933711585
-0.109375000,0.734375000,0.284972249294,0.135361818415
-0.093750000,0.734375000,0.314483974881,0.149379888069
-0.078125000,0.734375000,0.340445335940,0.161711534572
-0.062500000,0.734375000,0.362362503227,0.172122189033
-0.046875000,0.734375000,0.379830417805,0.180419448457
-0.031250000,0.734375000,0.392533397727,0.186453363920
-0.015625000,0.734375000,0.400245613541,0.190116666432
0.000000000,0.734375000,0.402831430338,0.191344929411
0.015625000,0.734375000,0.400245613541,0.190116666432
0.031250000,0.734375000,0.392533397727,0.186453363920
0.046875000,0.734375000,0.379830417805,0.180419448457
0.062500000,0.734375000,0.362362503227,0.172122189033
0.078125000,0.734375000,0.340445335940,0.161711534572
0.093750000,0.734375000,0.314483974881,0.149379888069
0.109375000,0.734375000,0.284972249294,0.135361818415
0.125000000,0.734375000,0.252492024389,0.119933711585
0.140625000,0.734375000,0.217712344418,0.103413363599
0.156250000,0.734375000,0.181388456770,0.0861595169659
0.171875000,0.734375000,0.144360723809,0.0685713438093
0.187500000,0.734375000,0.107553427204,0.0510878779219
0.203125000,0.734375000,0.0719734712781,0.0341873988571
0.218750000,0.734375000,0.0387089916319,0.0183867710252
0.234375000,0.734375000,0.00892787561106,0.00424074091525
0.250000000,0.734375000,-0.0161238000671,-0.00765880503185
0.265625000,0.734375000,-0.0351234090756,-0.0166836193109
0.281250000,0.734375000,-0.0466734863871,-0.0221699060339
0.296875000,0.734375000,-0.0493035082632,-0.0234191664250
0.312500000,0.734375000,-0.0414717383640,-0.0196990757229
0.328125000,0.734375000,-0.0215671386525,-0.0102443908599
0.343750000,0.734375000,0.0120886521536,0.00574210977297
0.359375000,0.734375000,0.0612392678995,0.0290886522523
0.375000000,0.734375000,0.127691484751,0.0606534552569
0.390625000,0.734375000,0.213312998008,0.101323674054
0.406250000,0.734375000,0.320030087709,0.152014291662
0.421875000,0.734375000,0.449825150021,0.213666946260
0.437500000,0.734375000,0.604734060961,0.287248678957
0.453125000,0.734375000,0.786843331654,0.373750582536
0.468750000,0.734375000,0.998287003511,0.474186326668
0.484375000,0.734375000,1.24124321652,0.589590527845
0.500000000,0.734375000,1.51793037107,0.721016926257
0.515625000,0.734375000,,
0.531250000,0.734375000,,
0.546875000,0.734375000,,
0.562500000,0.734375000,,
0.578125000,0.734375000,,
0.593750000,0.734375000,,
0.609375000,0.734375000,,
0.625000000,0.734375000,,
0.640625000,0.734375000,,
0.656250000,0.734375000,,
0.671875000,0.734375000,,
0.687500000,0.734375000,,
0.703125000,0.734375000,,
0.718750000,0.734375000,,
0.734375000,0.734375000,,
0.750000000,0.734375000,,
0.765625000,0.734375000,,
0.781250000,0.734375000,,
0.796875000,0.734375000,,
0.812500000,0.734375000,,
0.828125000,0.734375000,,
0.843750000,0.734375000,,
0.859375000,0.734375000,,
0.875000000,0.734375000,,
0.890625000,0.734375000,,
0.906250000,0.734375000,,
0.921875000,0.734375000,,
0.937500000,0.734375000,,
0.953125000,0.734375000,,
0.968750000,0.734375000,,
0.984375000,0.734375000,,
1.000000000,0.734375000,,
-1.000000000,0.750000000,,
-0.984375000,0.750000000,,
-0.968750000,0.750000000,,
-0.953125000,0.750000000,,
-0.937500000,0.750000000,,
-0.921875000,0.750000000,,
-0.906250000,0.750000000,,
-0.890625000,0.750000000,,
-0.875000000,0.750000000,,
-0.859375000,0.750000000,,
-0.843750000,0.750000000,,
-0.828125000,0.750000000,,
-0.812500000,0.750000000,,
-0.796875000,0.750000000,,
-0.781250000,0.750000000,,
-0.765625000,0.750000000,,
-0.750000000,0.750000000,,
-0.734375000,0.750000000,,
-0.718750000,0.750000000,,
-0.703125000,0.750000000,,
-0.687500000,0.750000000,,
-0.671875000,0.750000000,,
-0.656250000,0.750000000,,
-0.640625000,0.750000000,,
-0.625000000,0.750000000,,
-0.609375000,0.750000000,,
-0.593750000,0.750000000,,
-0.578125000,0.750000000,,
-0.562500000,0.750000000,,
-0.546875000,0.750000000,,
-0.531250000,0.750000000,,
-0.515625000,0.750000000,,
-0.500000000,0.750000000,,
-0.484375000,0.750000000,,
-0.468750000,0.750000000,1.26266977835,0.599768144717
-0.453125000,0.750000000,1.02571448772,0.487214381668
-0.437500000,0.750000000,0.819714938732,0.389364595898
-0.421875000,0.750000000,0.642482697822,0.305179281466
-0.406250000,0.750000000,0.491874016316,0.233640157750
-0.390625000,0.750000000,0.365793620639,0.173751969804
-0.375000000,0.750000000,0.262198172976,0.124544132164
-0.359375000,0.750000000,0.179099461607,0.0850722442633
-0.343750000,0.750000000,0.114567372168,0.0544195017797
-0.328125000,0.750000000,0.0667326768050,0.0316980214824
-0.312500000,0.750000000,0.0337896712201,0.0160500938295
-0.296875000,0.750000000,0.0139986825992,0.00664937423461
-0.281250000,0.750000000,0.00568846477933,0.00270202077018
-0.265625000,0.750000000,0.00725849245034,0.00344778391391
-0.250000000,0.750000000,0.0171811610076,0.00816105147860
-0.234375000,0.750000000,0.0340038977173,0.0161518514157
-0.218750000,0.750000000,0.0563511845917,0.0267668126811
-0.203125000,0.750000000,0.0829264923913,0.0393900838859
-0.187500000,0.750000000,0.112514123929,0.0534442088664
-0.171875000,0.750000000,0.143980962550,0.0683909572115
-0.156250000,0.750000000,0.176278121127,0.0837321075355
-0.140625000,0.750000000,0.208442487765,0.0990101816884
-0.125000000,0.750000000,0.239598160435,0.113809126207
-0.109375000,0.750000000,0.268957766621,0.127754939145
-0.093750000,0.750000000,0.295823662055,0.140516239476
-0.078125000,0.750000000,0.319589002027,0.151804775963
-0.062500000,0.750000000,0.339738682128,0.161375874011
-0.046875000,0.750000000,0.355850141859,0.169028817383
-0.031250000,0.750000000,0.367594028147,0.174607163370
-0.015625000,0.750000000,0.374734715188,0.177998989715
0.000000000,0.750000000,0.377130677566,0.179137071844
0.015625000,0.750000000,0.374734715188,0.177998989715
0.031250000,0.750000000,0.367594028147,0.174607163370
0.046875000,0.750000000,0.355850141859,0.169028817383
0.062500000,0.750000000,0.339738682128,0.161375874011
0.078125000,0.750000000,0.319589002027,0.151804775963
0.093750000,0.750000000,0.295823662055,0.140516239476
0.109375000,0.750000000,0.268957766621,0.127754939145
0.125000000,0.750000000,0.239598160435,0.113809126207
0.140625000,0.750000000,0.208442487765,0.0990101816884
0.156250000,0.750000000,0.176278121127,0.0837321075355
0.171875000,0.750000000,0.143980962550,0.0683909572115
0.187500000,0.750000000,0.112514123929,0.0534442088664
0.203125000,0.750000000,0.0829264923913,0.0393900838859
0.218750000,0.750000000,0.0563511845917,0.0267668126811
0.234375000,0.750000000,0.0340038977173,0.0161518514157
0.250000000,0.750000000,0.0171811610076,0.00816105147860
0.265625000,0.750000000,0.00725849245034,0.00344778391391
0.281250000,0.750000000,0.00568846477933,0.00270202077018
0.296875000,0.750000000,0.0139986825992,0.00664937423461
0.312500000,0.750000000,0.0337896712201,0.0160500938295
0.328125000,0.750000000,0.0667326768050,0.0316980214824
0.343750000,0.750000000,0.114567372168,0.0544195017797
0.359375000,0.750000000,0.179099461607,0.0850722442633
0.375000000,0.750000000,0.262198172976,0.124544132164
0.390625000,0.750000000,0.365793620639,0.173751969804
0.406250000,0.750000000,0.491874016316,0.233640157750
0.421875000,0.750000000,0.642482697822,0.305179281466
0.437500000,0.750000000,0.819714938732,0.389364595898
0.453125000,0.750000000,1.02571448772,0.487214381668
0.468750000,0.750000000,1.26266977835,0.599768144717
0.484375000,0.750000000,,
0.500000000,0.750000000,,
0.515625000,0.750000000,,
0.531250000,0.750000000,,
0.546875000,0.750000000,,
0.562500000,0.750000000,,
0.578125000,0.750000000,,
0.593750000,0.750000000,,
0.609375000,0.750000000,,
0.625000000,0.750000000,,
0.640625000,0.750000000,,
0.656250000,0.750000000,,
0.671875000,0.750000000,,
0.687500000,0.750000000,,
0.703125000,0.750000000,,
0.718750000,0.750000000,,
0.734375000,0.750000000,,
0.750000000,0.750000000,,
0.765625000,0.750000000,,
0.781250000,0.750000000,,
0.796875000,0.750000000,,
0.812500000,0.750000000,,
0.828125000,0.750000000,,
0.843750000,0.750000000,,
0.859375000,0.750000000,,
0.875000000,0.750000000,,
0.890625000,0.750000000,,
0.906250000,0.750000000,,
0.921875000,0.750000000,,
0.937500000,0.750000000,,
0.953125000,0.750000000,,
0.968750000,0.750000000,,
0.984375000,0.750000000,,
1.000000000,0.750000000,,
-1.000000000,0.765625000,,
-0.984375000,0.765625000,,
-0.968750000,0.765625000,,
-0.953125000,0.765625000,,
-0.937500000,0.765625000,,
-0.921875000,0.765625000,,
-0.906250000,0.765625000,,
-0.890625000,0.765625000,,
-0.875000000,0.765625000,,
-0.859375000,0.765625000,,
-0.843750000,0.765625000,,
-0.828125000,0.765625000,,
-0.812500000,0.765625000,,
-0.796875000,0.765625000,,
-0.781250000,0.765625000,,
-0.765625000,0.765625000,,
-0.750000000,0.765625000,,
-0.734375000,0.765625000,,
-0.718750000,0.765625000,,
-0.703125000,0.765625000,,
-0.687500000,0.765625000,,
-0.671875000,0.765625000,,
-0.656250000,0.765625000,,
-0.640625000,0.765625000,,
-0.625000000,0.765625000,,
-0.609375000,0.765625000,,
-0.593750000,0.765625000,,
-0.578125000,0.765625000,,
-0.562500000,0.765625000,,
-0.546875000,0.765625000,,
-0.531250000,0.765625000,,
-0.515625000,0.765625000,,
-0.500000000,0.765625000,,
-0.484375000,0.765625000,,
-0.468750000,0.765625000,,
-0.453125000,0.765625000,1.29334816684,0.614340379248
-0.437500000,0.765625000,1.06162737297,0.504273002160
-0.421875000,0.765625000,0.860286273122,0.408635979733
-0.406250000,0.765625000,0.687127922558,0.326385763215
-0.390625000,0.765625000,0.540001098501,0.256500521788
-0.375000000,0.765625000,0.416804449120,0.197982113332
-0.359375000,0.765625000,0.315490304099,0.149857894447
-0.343750000,0.765625000,0.234068204979,0.111182397365
-0.328125000,0.765625000,0.170608199534,0.0810388947786
-0.312500000,0.765625000,0.123243938357,0.0585408707194
-0.296875000,0.765625000,0.0901756001972,0.0428334100937
-0.281250000,0.765625000,0.0696726669576,0.0330945168049
-0.265625000,0.765625000,0.0600765651292,0.0285363684364
-0.250000000,0.765625000,0.0598031833538,0.0284065120930
-0.234375000,0.765625000,0.0673452731981,0.0319890047691
-0.218750000,0.765625000,0.0812747378794,0.0386055004927
-0.203125000,0.765625000,0.100244808571,0.0476162840710
-0.187500000,0.765625000,0.122992109925,0.0584212522145
-0.171875000,0.765625000,0.148338609823,0.0704608396657
-0.156250000,0.765625000,0.175193452909,0.0832168901318
-0.140625000,0.765625000,0.202554671454,0.0962134689406
-0.125000000,0.765625000,0.229510770369,0.109017615925
-0.109375000,0.765625000,0.255242180075,0.121240035536
-0.093750000,0.765625000,0.279022573684,0.132535722500
-0.078125000,0.765625000,0.300220042134,0.142604520014
-0.062500000,0.765625000,0.318298123463,0.151191608645
-0.046875000,0.765625000,0.332816681474,0.158087923700
-0.031250000,0.765625000,0.343432630291,0.163130499388
-0.015625000,0.765625000,0.349900501277,0.166202738107
0.000000000,0.765625000,0.352072850088,0.167234603792
0.015625000,0.765625000,0.349900501277,0.166202738107
0.031250000,0.765625000,0.343432630291,0.163130499388
0.046875000,0.765625000,0.332816681474,0.158087923700
0.062500000,0.765625000,0.318298123463,0.151191608645
0.078125000,0.765625000,0.300220042134,0.142604520014
0.093750000,0.765625000,0.279022573684,0.132535722500
0.109375000,0.765625000,0.255242180075,0.121240035536
0.125000000,0.765625000,0.229510770369,0.109017615925
0.140625000,0.765625000,0.202554671454,0.0962134689406
0.156250000,0.765625000,0.175193452909,0.0832168901318
0.171875000,0.765625000,0.148338609823,0.0704608396657
0.187500000,0.765625000,0.122992109925,0.0584212522145
0.203125000,0.765625000,0.100244808571,0.0476162840710
0.218750000,0.765625000,0.0812747378794,0.0386055004927
0.234375000,0.765625000,0.0673452731981,0.0319890047691
0.250000000,0.765625000,0.0598031833538,0.0284065120930
0.265625000,0.765625000,0.0600765651292,0.0285363684364
0.281250000,0.765625000,0.0696726669576,0.0330945168049
0.296875000,0.765625000,0.0901756001972,0.0428334100937
0.312500000,0.765625000,0.123243938357,0.0585408707194
0.328125000,0.765625000,0.170608199534,0.0810388947786
0.343750000,0.765625000,0.234068204979,0.111182397365
0.359375000,0.765625000,0.315490304099,0.149857894447
0.375000000,0.765625000,0.416804449120,0.197982113332
0.390625000,0.765625000,0.540001098501,0.256500521788
0.406250000,0.765625000,0.687127922558,0.326385763215
0.421875000,0.765625000,0.860286273122,0.408635979733
0.437500000,0.765625000,1.06162737297,0.504273002160
0.453125000,0.765625000,1.29334816684,0.614340379248
0.468750000,0.765625000,,
0.484375000,0.765625000,,
0.500000000,0.765625000,,
0.515625000,0.765625000,,
0.531250000,0.765625000,,
0.546875000,0.765625000,,
0.562500000,0.765625000,,
0.578125000,0.765625000,,
0.593750000,0.765625000,,
0.609375000,0.765625000,,
0.625000000,0.765625000,,
0.640625000,0.765625000,,
0.656250000,0.765625000,,
0.671875000,0.765625000,,
0.687500000,0.765625000,,
0.703125000,0.765625000,,
0.718750000,0.765625000,,
0.734375000,0.765625000,,
0.750000000,0.765625000,,
0.765625000,0.765625000,,
0.781250000,0.765625000,,
0.796875000,0.765625000,,
0.812500000,0.765625000,,
0.828125000,0.765625000,,
0.843750000,0.765625000,,
0.859375000,0.765625000,,
0.875000000,0.765625000,,
0.890625000,0.765625000,,
0.906250000,0.765625000,,
0.921875000,0.765625000,,
0.937500000,0.765625000,,
0.953125000,0.765625000,,
0.968750000,0.765625000,,
0.984375000,0.765625000,,
1.000000000,0.765625000,,
-1.000000000,0.781250000,,
-0.984375000,0.781250000,,
-0.968750000,0.781250000,,
-0.953125000,0.781250000,,
-0.937500000,0.781250000,,
-0.921875000,0.781250000,,
-0.906250000,0.781250000,,
-0.890625000,0.781250000,,
-0.875000000,0.781250000,,
-0.859375000,0.781250000,,
-0.843750000,0.781250000,,
-0.828125000,0.781250000,,
-0.812500000,0.781250000,,
-0.796875000,0.781250000,,
-0.781250000,0.781250000,,
-0.765625000,0.781250000,,
-0.750000000,0.781250000,,
-0.734375000,0.781250000,,
-0.718750000,0.781250000,,
-0.703125000,0.781250000,,
-0.687500000,0.781250000,,
-0.671875000,0.781250000,,
-0.656250000,0.781250000,,
-0.640625000,0.781250000,,
-0.625000000,0.781250000,,
-0.609375000,0.781250000,,
-0.593750000,0.781250000,,
-0.578125000,0.781250000,,
-0.562500000,0.781250000,,
-0.546875000,0.781250000,,
-0.531250000,0.781250000,,
-0.515625000,0.781250000,,
-0.500000000,0.781250000,,
-0.484375000,0.781250000,,
-0.468750000,0.781250000,,
-0.453125000,0.781250000,,
-0.437500000,0.781250000,,
-0.421875000,0.781250000,,
-0.406250000,0.781250000,0.908326049062,0.431454873305
-0.390625000,0.781250000,0.738408756755,0.350744159459
-0.375000000,0.781250000,0.593920250916,0.282112119185
-0.359375000,0.781250000,0.472756628500,0.224559398538
-0.343750000,0.781250000,0.372869842482,0.177113175179
-0.328125000,0.781250000,0.292271560676,0.138828991321
-0.312500000,0.781250000,0.229036772447,0.108792466912
-0.296875000,0.781250000,0.181307176180,0.0861209086853
-0.281250000,0.781250000,0.147294376365,0.0699648287733
-0.265625000,0.781250000,0.125282907511,0.0595093810678
-0.250000000,0.781250000,0.113633100874,0.0539757229151
-0.234375000,0.781250000,0.110783804842,0.0526223072998
-0.218750000,0.781250000,0.115254963378,0.0547461076045
-0.203125000,0.781250000,0.125650058812,0.0596837779355
-0.187500000,0.781250000,0.140658418209,0.0668127486490
-0.171875000,0.781250000,0.159057383910,0.0755522573572
-0.156250000,0.781250000,0.179714346144,0.0853643144182
-0.140625000,0.781250000,0.201588634322,0.0957546013031
-0.125000000,0.781250000,0.223733263566,0.106273300194
-0.109375000,0.781250000,0.245296533030,0.116515853189
-0.093750000,0.781250000,0.265523469959,0.126123648230
-0.078125000,0.781250000,0.283757116842,0.134784630500
-0.062500000,0.781250000,0.299439656594,0.142233836882
-0.046875000,0.781250000,0.312113371819,0.148253851614
-0.031250000,0.781250000,0.321421434712,0.152675181488
-0.015625000,0.781250000,0.327108524882,0.155376549319
0.000000000,0.781250000,0.329021272632,0.156285104500
0.015625000,0.781250000,0.327108524882,0.155376549319
0.031250000,0.781250000,0.321421434712,0.152675181488
0.046875000,0.781250000,0.312113371819,0.148253851614
0.062500000,0.781250000,0.299439656594,0.142233836882
0.078125000,0.781250000,0.283757116842,0.134784630500
0.093750000,0.781250000,0.265523469959,0.126123648230
0.109375000,0.781250000,0.245296533030,0.116515853189
0.125000000,0.781250000,0.223733263566,0.106273300194
0.140625000,0.781250000,0.201588634322,0.0957546013031
0.156250000,0.781250000,0.179714346144,0.0853643144182
0.171875000,0.781250000,0.159057383910,0.0755522573572
0.187500000,0.781250000,0.140658418209,0.0668127486490
0.203125000,0.781250000,0.125650058812,0.0596837779355
0.218750000,0.781250000,0.115254963378,0.0547461076045
0.234375000,0.781250000,0.110783804842,0.0526223072998
0.250000000,0.781250000,0.113633100874,0.0539757229151
0.265625000,0.781250000,0.125282907511,0.0595093810678
0.281250000,0.781250000,0.147294376365,0.0699648287733
0.296875000,0.781250000,0.181307176180,0.0861209086853
0.312500000,0.781250000,0.229036772447,0.108792466912
0.328125000,0.781250000,0.292271560676,0.138828991321
0.343750000,0.781250000,0.372869842482,0.177113175179
0.359375000,0.781250000,0.472756628500,0.224559398538
0.375000000,0.781250000,0.593920250916,0.282112119185
0.390625000,0.781250000,0.738408756755,0.350744159459
0.406250000,0.781250000,0.908326049062,0.431454873305
0.421875000,0.781250000,,
0.437500000,0.781250000,,
0.453125000,0.781250000,,
0.468750000,0.781250000,,
0.484375000,0.781250000,,
0.500000000,0.781250000,,
0.515625000,0.781250000,,
0.531250000,0.781250000,,
0.546875000,0.781250000,,
0.562500000,0.781250000,,
0.578125000,0.781250000,,
0.593750000,0.781250000,,
0.609375000,0.781250000,,
0.625000000,0.781250000,,
0.640625000,0.781250000,,
0.656250000,0.781250000,,
0.671875000,0.781250000,,
0.687500000,0.781250000,,
0.703125000,0.781250000,,
0.718750000,0.781250000,,
0.734375000,0.781250000,,
0.750000000,0.781250000,,
0.765625000,0.781250000,,
0.781250000,0.781250000,,
0.796875000,0.781250000,,
0.812500000,0.781250000,,
0.828125000,0.781250000,,
0.843750000,0.781250000,,
0.859375000,0.781250000,,
0.875000000,0.781250000,,
0.890625000,0.781250000,,
0.906250000,0.781250000,,
0.921875000,0.781250000,,
0.937500000,0.781250000,,
0.953125000,0.781250000,,
0.968750000,0.781250000,,
0.984375000,0.781250000,,
1.000000000,0.781250000,,
-1.000000000,0.796875000,,
-0.984375000,0.796875000,,
-0.968750000,0.796875000,,
-0.953125000,0.796875000,,
-0.937500000,0.796875000,,
-0.921875000,0.796875000,,
-0.906250000,0.796875000,,
-0.890625000,0.796875000,,
-0.875000000,0.796875000,,
-0.859375000,0.796875000,,
-0.843750000,0.796875000,,
-0.828125000,0.796875000,,
-0.812500000,0.796875000,,
-0.796875000,0.796875000,,
-0.781250000,0.796875000,,
-0.765625000,0.796875000,,
-0.750000000,0.796875000,,
-0.734375000,0.796875000,,
-0.718750000,0.796875000,,
-0.703125000,0.796875000,,
-0.687500000,0.796875000,,
-0.671875000,0.796875000,,
-0.656250000,0.796875000,,
-0.640625000,0.796875000,,
-0.625000000,0.796875000,,
-0.609375000,0.796875000,,
-0.593750000,0.796875000,,
-0.578125000,0.796875000,,
-0.562500000,0.796875000,,
-0.546875000,0.796875000,,
-0.531250000,0.796875000,,
-0.515625000,0.796875000,,
-0.500000000,0.796875000,,
-0.484375000,0.796875000,,
-0.468750000,0.796875000,,
-0.453125000,0.796875000,,
-0.437500000,0.796875000,,
-0.421875000,0.796875000,,
-0.406250000,0.796875000,,
-0.390625000,0.796875000,,
-0.375000000,0.796875000,0.796127282777,0.378160459319
-0.359375000,0.796875000,0.653423230575,0.310376034523
-0.343750000,0.796875000,0.533438172618,0.253383131993
-0.328125000,0.796875000,0.434128456796,0.206211016978
-0.312500000,0.796875000,0.353513042837,0.167918695348
-0.296875000,0.796875000,0.289677405475,0.137596767601
-0.281250000,0.796875000,0.240777198037,0.114369169068
-0.265625000,0.796875000,0.205041700961,0.0973948079563
-0.250000000,0.796875000,0.180777074779,0.0858691105201
-0.234375000,0.796875000,0.166369431106,0.0790254797754
-0.218750000,0.796875000,0.160287731772,0.0761366725918
-0.203125000,0.796875000,0.161086522180,0.0765160980353
-0.187500000,0.796875000,0.167408502809,0.0795190388343
-0.171875000,0.796875000,0.177986939917,0.0845437964607
-0.156250000,0.796875000,0.191647915554,0.0910327598881
-0.140625000,0.796875000,0.207312415444,0.0984733973361
-0.125000000,0.796875000,0.223998251403,0.106399169416
-0.109375000,0.796875000,0.240821816081,0.114390362639
-0.093750000,0.796875000,0.256999666009,0.122074841354
-0.078125000,0.796875000,0.271849929287,0.129128716411
-0.062500000,0.796875000,0.284793534331,0.135276928807
-0.046875000,0.796875000,0.295355256201,0.140293746695
-0.031250000,0.796875000,0.303164577552,0.144003174337
-0.015625000,0.796875000,0.307956360688,0.146279271327
0.000000000,0.796875000,0.309571329739,0.147046381626
0.015625000,0.796875000,0.307956360688,0.146279271327
0.031250000,0.796875000,0.303164577552,0.144003174337
0.046875000,0.796875000,0.295355256201,0.140293746695
0.062500000,0.796875000,0.284793534331,0.135276928807
0.078125000,0.796875000,0.271849929287,0.129128716411
0.093750000,0.796875000,0.256999666009,0.122074841354
0.109375000,0.796875000,0.240821816081,0.114390362639
0.125000000,0.796875000,0.223998251403,0.106399169416
0.140625000,0.796875000,0.207312415444,0.0984733973361
0.156250000,0.796875000,0.191647915554,0.0910327598881
0.171875000,0.796875000,0.177986939917,0.0845437964607
0.187500000,0.796875000,0.167408502809,0.0795190388343
0.203125000,0.796875000,0.161086522180,0.0765160980353
0.218750000,0.796875000,0.160287731772,0.0761366725918
0.234375000,0.796875000,0.166369431106,0.0790254797754
0.250000000,0.796875000,0.180777074779,0.0858691105201
0.265625000,0.796875000,0.205041700961,0.0973948079563
0.281250000,0.796875000,0.240777198037,0.114369169068
0.296875000,0.796875000,0.289677405475,0.137596767601
0.312500000,0.796875000,0.353513042837,0.167918695348
0.328125000,0.796875000,0.434128456796,0.206211016978
0.343750000,0.796875000,0.533438172618,0.253383131993
0.359375000,0.796875000,0.653423230575,0.310376034523
0.375000000,0.796875000,0.796127282777,0.378160459319
0.390625000,0.796875000,,
0.406250000,0.796875000,,
0.421875000,0.796875000,,
0.437500000,0.796875000,,
0.453125000,0.796875000,,
0.468750000,0.796875000,,
0.484375000,0.796875000,,
0.500000000,0.796875000,,
0.515625000,0.796875000,,
0.531250000,0.796875000,,
0.546875000,0.796875000,,
0.562500000,0.796875000,,
0.578125000,0.796875000,,
0.593750000,0.796875000,,
0.609375000,0.796875000,,
0.625000000,0.796875000,,
0.640625000,0.796875000,,
0.656250000,0.796875000,,
0.671875000,0.796875000,,
0.687500000,0.796875000,,
0.703125000,0.796875000,,
0.718750000,0.796875000,,
0.734375000,0.796875000,,
0.750000000,0.796875000,,
0.765625000,0.796875000,,
0.781250000,0.796875000,,
0.796875000,0.796875000,,
0.812500000,0.796875000,,
0.828125000,0.796875000,,
0.843750000,0.796875000,,
0.859375000,0.796875000,,
0.875000000,0.796875000,,
0.890625000,0.796875000,,
0.906250000,0.796875000,,
0.921875000,0.796875000,,
0.937500000,0.796875000,,
0.953125000,0.796875000,,
0.968750000,0.796875000,,
0.984375000,0.796875000,,
1.000000000,0.796875000,,
-1.000000000,0.812500000,,
-0.984375000,0.812500000,,
-0.968750000,0.812500000,,
-0.953125000,0.812500000,,
-0.937500000,0.812500000,,
-0.921875000,0.812500000,,
-0.906250000,0.812500000,,
-0.890625000,0.812500000,,
-0.875000000,0.812500000,,
-0.859375000,0.812500000,,
-0.843750000,0.812500000,,
-0.828125000,0.812500000,,
-0.812500000,0.812500000,,
-0.796875000,0.812500000,,
-0.781250000,0.812500000,,
-0.765625000,0.812500000,,
-0.750000000,0.812500000,,
-0.734375000,0.812500000,,
-0.718750000,0.812500000,,
-0.703125000,0.812500000,,
-0.687500000,0.812500000,,
-0.671875000,0.812500000,,
-0.656250000,0.812500000,,
-0.640625000,0.812500000,,
-0.625000000,0.812500000,,
-0.609375000,0.812500000,,
-0.593750000,0.812500000,,
-0.578125000,0.812500000,,
-0.562500000,0.812500000,,
-0.546875000,0.812500000,,
-0.531250000,0.812500000,,
-0.515625000,0.812500000,,
-0.500000000,0.812500000,,
-0.484375000,0.812500000,,
-0.468750000,0.812500000,,
-0.453125000,0.812500000,,
-0.437500000,0.812500000,,
-0.421875000,0.812500000,,
-0.406250000,0.812500000,,
-0.390625000,0.812500000,,
-0.375000000,0.812500000,,
-0.359375000,0.812500000,,
-0.343750000,0.812500000,,
-0.328125000,0.812500000,0.598768987068,0.284415268858
-0.312500000,0.812500000,0.499209642748,0.237124580305
-0.296875000,0.812500000,0.417769068682,0.198440307624
-0.281250000,0.812500000,0.352549511879,0.167461018142
-0.265625000,0.812500000,0.301727196861,0.143320418509
-0.250000000,0.812500000,0.263556006619,0.125189103144
-0.234375000,0.812500000,0.236370941624,0.112276197271
-0.218750000,0.812500000,0.218591372817,0.103830902088
-0.203125000,0.812500000,0.208724094602,0.0991439449361
-0.187500000,0.812500000,0.205366187894,0.0975489392496
-0.171875000,0.812500000,0.207207694363,0.0984236548223
-0.156250000,0.812500000,0.213034104179,0.101191199485
-0.140625000,0.812500000,0.221728658231,0.105321112660
-0.125000000,0.812500000,0.232274462993,0.110330369922
-0.109375000,0.812500000,0.243756415219,0.115784297229
-0.093750000,0.812500000,0.255362936392,0.121297394786
-0.078125000,0.812500000,0.266387510734,0.126534067599
-0.062500000,0.812500000,0.276230027158,0.131209262900
-0.046875000,0.812500000,0.284397919312,0.135089011673
-0.031250000,0.812500000,0.290507103048,0.137990873948
-0.015625000,0.812500000,0.294282708403,0.139784286491
0.000000000,0.812500000,0.295559603152,0.140390811497
0.015625000,0.812500000,0.294282708403,0.139784286491
0.031250000,0.812500000,0.290507103048,0.137990873948
0.046875000,0.812500000,0.284397919312,0.135089011673
0.062500000,0.812500000,0.276230027158,0.131209262900
0.078125000,0.812500000,0.266387510734,0.126534067599
0.093750000,0.812500000,0.255362936392,0.121297394786
0.109375000,0.812500000,0.243756415219,0.115784297229
0.125000000,0.812500000,0.232274462993,0.110330369922
0.140625000,0.812500000,0.221728658231,0.105321112660
0.156250000,0.812500000,0.213034104179,0.101191199485
0.171875000,0.812500000,0.207207694363,0.0984236548223
0.187500000,0.812500000,0.205366187894,0.0975489392496
0.203125000,0.812500000,0.208724094602,0.0991439449361
0.218750000,0.812500000,0.218591372817,0.103830902088
0.234375000,0.812500000,0.236370941624,0.112276197271
0.250000000,0.812500000,0.263556006619,0.125189103144
0.265625000,0.812500000,0.301727196861,0.143320418509
0.281250000,0.812500000,0.352549511879,0.167461018142
0.296875000,0.812500000,0.417769068682,0.198440307624
0.312500000,0.812500000,0.499209642748,0.237124580305
0.328125000,0.812500000,0.598768987068,0.284415268858
0.343750000,0.812500000,,
0.359375000,0.812500000,,
0.375000000,0.812500000,,
0.390625000,0.812500000,,
0.406250000,0.812500000,,
0.421875000,0.812500000,,
0.437500000,0.812500000,,
0.453125000,0.812500000,,
0.468750000,0.812500000,,
0.484375000,0.812500000,,
0.500000000,0.812500000,,
0.515625000,0.812500000,,
0.531250000,0.812500000,,
0.546875000,0.812500000,,
0.562500000,0.812500000,,
0.578125000,0.812500000,,
0.593750000,0.812500000,,
0.609375000,0.812500000,,
0.625000000,0.812500000,,
0.640625000,0.812500000,,
0.656250000,0.812500000,,
0.671875000,0.812500000,,
0.687500000,0.812500000,,
0.703125000,0.812500000,,
0.718750000,0.812500000,,
0.734375000,0.812500000,,
0.750000000,0.812500000,,
0.765625000,0.812500000,,
0.781250000,0.812500000,,
0.796875000,0.812500000,,
0.812500000,0.812500000,,
0.828125000,0.812500000,,
0.843750000,0.812500000,,
0.859375000,0.812500000,,
0.875000000,0.812500000,,
0.890625000,0.812500000,,
0.906250000,0.812500000,,
0.921875000,0.812500000,,
0.937500000,0.812500000,,
0.953125000,0.812500000,,
0.968750000,0.812500000,,
0.984375000,0.812500000,,
1.000000000,0.812500000,,
-1.000000000,0.828125000,,
-0.984375000,0.828125000,,
-0.968750000,0.828125000,,
-0.953125000,0.828125000,,
-0.937500000,0.828125000,,
-0.921875000,0.828125000,,
-0.906250000,0.828125000,,
-0.890625000,0.828125000,,
-0.875000000,0.828125000,,
-0.859375000,0.828125000,,
-0.843750000,0.828125000,,
-0.828125000,0.828125000,,
-0.812500000,0.828125000,,
-0.796875000,0.828125000,,
-0.781250000,0.828125000,,
-0.765625000,0.828125000,,
-0.750000000,0.828125000,,
-0.734375000,0.828125000,,
-0.718750000,0.828125000,,
-0.703125000,0.828125000,,
-0.687500000,0.828125000,,
-0.671875000,0.828125000,,
-0.656250000,0.828125000,,
-0.640625000,0.828125000,,
-0.625000000,0.828125000,,
-0.609375000,0.828125000,,
-0.593750000,0.828125000,,
-0.578125000,0.828125000,,
-0.562500000,0.828125000,,
-0.546875000,0.828125000,,
-0.531250000,0.828125000,,
-0.515625000,0.828125000,,
-0.500000000,0.828125000,,
-0.484375000,0.828125000,,
-0.468750000,0.828125000,,
-0.453125000,0.828125000,,
-0.437500000,0.828125000,,
-0.421875000,0.828125000,,
-0.406250000,0.828125000,,
-0.390625000,0.828125000,,
-0.375000000,0.828125000,,
-0.359375000,0.828125000,,
-0.343750000,0.828125000,,
-0.328125000,0.828125000,,
-0.312500000,0.828125000,,
-0.296875000,0.828125000,,
-0.281250000,0.828125000,0.485234071589,0.230486184005
-0.265625000,0.828125000,0.417915190622,0.198509715545
-0.250000000,0.828125000,0.364498728671,0.173136896119
-0.234375000,0.828125000,0.323270734093,0.153553598694
-0.218750000,0.828125000,0.292602859165,0.138986358103
-0.203125000,0.828125000,0.270955768002,0.128703989801
-0.187500000,0.828125000,0.256882319970,0.122019101986
-0.171875000,0.828125000,0.249030533612,0.118289503466
-0.156250000,0.828125000,0.246146336859,0.116919510008
-0.140625000,0.828125000,0.247076103535,0.117361149179
-0.125000000,0.828125000,0.250768978246,0.119115264667
-0.109375000,0.828125000,0.256278988184,0.121732519387
-0.093750000,0.828125000,0.262766941410,0.124814297170
-0.078125000,0.828125000,0.269502108051,0.128013501324
-0.062500000,0.828125000,0.275863684407,0.131035250093
-0.046875000,0.828125000,0.281342035790,0.133637467000
-0.031250000,0.828125000,0.285539717379,0.135631365755
-0.015625000,0.828125000,0.288172269819,0.136881828164
0.000000000,0.828125000,0.289068789304,0.137307674920
0.015625000,0.828125000,0.288172269819,0.136881828164
0.031250000,0.828125000,0.285539717379,0.135631365755
0.046875000,0.828125000,0.281342035790,0.133637467000
0.062500000,0.828125000,0.275863684407,0.131035250093
0.078125000,0.828125000,0.269502108051,0.128013501324
0.093750000,0.828125000,0.262766941410,0.124814297170
0.109375000,0.828125000,0.256278988184,0.121732519387
0.125000000,0.828125000,0.250768978246,0.119115264667
0.140625000,0.828125000,0.247076103535,0.117361149179
0.156250000,0.828125000,0.246146336859,0.116919510008
0.171875000,0.828125000,0.249030533612,0.118289503466
0.187500000,0.828125000,0.256882319970,0.122019101986
0.203125000,0.828125000,0.270955768002,0.128703989801
0.218750000,0.828125000,0.292602859165,0.138986358103
0.234375000,0.828125000,0.323270734093,0.153553598694
0.250000000,0.828125000,0.364498728671,0.173136896119
0.265625000,0.828125000,0.417915190622,0.198509715545
0.281250000,0.828125000,0.485234071589,0.230486184005
0.296875000,0.828125000,,
0.312500000,0.828125000,,
0.328125000,0.828125000,,
0.343750000,0.828125000,,
0.359375000,0.828125000,,
0.375000000,0.828125000,,
0.390625000,0.828125000,,
0.406250000,0.828125000,,
0.421875000,0.828125000,,
0.437500000,0.828125000,,
0.453125000,0.828125000,,
0.468750000,0.828125000,,
0.484375000,0.828125000,,
0.500000000,0.828125000,,
0.515625000,0.828125000,,
0.531250000,0.828125000,,
0.546875000,0.828125000,,
0.562500000,0.828125000,,
0.578125000,0.828125000,,
0.593750000,0.828125000,,
0.609375000,0.828125000,,
0.625000000,0.828125000,,
0.640625000,0.828125000,,
0.656250000,0.828125000,,
0.671875000,0.828125000,,
0.687500000,0.828125000,,
0.703125000,0.828125000,,
0.718750000,0.828125000,,
0.734375000,0.828125000,,
0.750000000,0.828125000,,
0.765625000,0.828125000,,
0.781250000,0.828125000,,
0.796875000,0.828125000,,
0.812500000,0.828125000,,
0.828125000,0.828125000,,
0.843750000,0.828125000,,
0.859375000,0.828125000,,
0.875000000,0.828125000,,
0.890625000,0.828125000,,
0.906250000,0.828125000,,
0.921875000,0.828125000,,
0.937500000,0.828125000,,
0.953125000,0.828125000,,
0.968750000,0.828125000,,
0.984375000,0.828125000,,
1.000000000,0.828125000,,
-1.000000000,0.843750000,,
-0.984375000,0.843750000,,
-0.968750000,0.843750000,,
-0.953125000,0.843750000,,
-0.937500000,0.843750000,,
-0.921875000,0.843750000,,
-0.906250000,0.843750000,,
-0.890625000,0.843750000,,
-0.875000000,0.843750000,,
-0.859375000,0.843750000,,
-0.843750000,0.843750000,,
-0.828125000,0.843750000,,
-0.812500000,0.843750000,,
-0.796875000,0.843750000,,
-0.781250000,0.843750000,,
-0.765625000,0.843750000,,
-0.750000000,0.843750000,,
-0.734375000,0.843750000,,
-0.718750000,0.843750000,,
-0.703125000,0.843750000,,
-0.687500000,0.843750000,,
-0.671875000,0.843750000,,
-0.656250000,0.843750000,,
-0.640625000,0.843750000,,
-0.625000000,0.843750000,,
-0.609375000,0.843750000,,
-0.593750000,0.843750000,,
-0.578125000,0.843750000,,
-0.562500000,0.843750000,,
-0.546875000,0.843750000,,
-0.531250000,0.843750000,,
-0.515625000,0.843750000,,
-0.500000000,0.843750000,,
-0.484375000,0.843750000,,
-0.468750000,0.843750000,,
-0.453125000,0.843750000,,
-0.437500000,0.843750000,,
-0.421875000,0.843750000,,
-0.406250000,0.843750000,,
-0.390625000,0.843750000,,
-0.375000000,0.843750000,,
-0.359375000,0.843750000,,
-0.343750000,0.843750000,,
-0.328125000,0.843750000,,
-0.312500000,0.843750000,,
-0.296875000,0.843750000,,
-0.281250000,0.843750000,,
-0.265625000,0.843750000,,
-0.250000000,0.843750000,,
-0.234375000,0.843750000,0.429751856303,0.204132131744
-0.218750000,0.843750000,0.384966564109,0.182859117952
-0.203125000,0.843750000,0.350387946552,0.166434274612
-0.187500000,0.843750000,0.324526493187,0.154150084264
-0.171875000,0.843750000,0.305989809299,0.145345159417
-0.156250000,0.843750000,0.293485653779,0.139405685545
-0.140625000,0.843750000,0.285824734340,0.135766748812
-0.125000000,0.843750000,0.281923263469,0.133913550148
-0.109375000,0.843750000,0.280805274849,0.133382505553
-0.093750000,0.843750000,0.281604701270,0.133762233103
-0.078125000,0.843750000,0.283567212643,0.134694426005
-0.062500000,0.843750000,0.286051813769,0.135874611540
-0.046875000,0.843750000,0.288532199208,0.137052794624
-0.031250000,0.843750000,0.290597864325,0.138033985554
-0.015625000,0.843750000,0.291954971980,0.138678611691
0.000000000,0.843750000,0.292426971697,0.138902811556
0.015625000,0.843750000,0.291954971980,0.138678611691
0.031250000,0.843750000,0.290597864325,0.138033985554
0.046875000,0.843750000,0.288532199208,0.137052794624
0.062500000,0.843750000,0.286051813769,0.135874611540
0.078125000,0.843750000,0.283567212643,0.134694426005
0.093750000,0.843750000,0.281604701270,0.133762233103
0.109375000,0.843750000,0.280805274849,0.133382505553
0.125000000,0.843750000,0.281923263469,0.133913550148
0.140625000,0.843750000,0.285824734340,0.135766748812
0.156250000,0.843750000,0.293485653779,0.139405685545
0.171875000,0.843750000,0.305989809299,0.145345159417
0.187500000,0.843750000,0.324526493187,0.154150084264
0.203125000,0.843750000,0.350387946552,0.166434274612
0.218750000,0.843750000,0.384966564109,0.182859117952
0.234375000,0.843750000,0.429751856303,0.204132131744
0.250000000,0.843750000,,
0.265625000,0.843750000,,
0.281250000,0.843750000,,
0.296875000,0.843750000,,
0.312500000,0.843750000,,
0.328125000,0.843750000,,
0.343750000,0.843750000,,
0.359375000,0.843750000,,
0.375000000,0.843750000,,
0.390625000,0.843750000,,
0.406250000,0.843750000,,
0.421875000,0.843750000,,
0.437500000,0.843750000,,
0.453125000,0.843750000,,
0.468750000,0.843750000,,
0.484375000,0.843750000,,
0.500000000,0.843750000,,
0.515625000,0.843750000,,
0.531250000,0.843750000,,
0.546875000,0.843750000,,
0.562500000,0.843750000,,
0.578125000,0.843750000,,
0.593750000,0.843750000,,
0.609375000,0.843750000,,
0.625000000,0.843750000,,
0.640625000,0.843750000,,
0.656250000,0.843750000,,
0.671875000,0.843750000,,
0.687500000,0.843750000,,
0.703125000,0.843750000,,
0.718750000,0.843750000,,
0.734375000,0.843750000,,
0.750000000,0.843750000,,
0.765625000,0.843750000,,
0.781250000,0.843750000,,
0.796875000,0.843750000,,
0.812500000,0.843750000,,
0.828125000,0.843750000,,
0.843750000,0.843750000,,
0.859375000,0.843750000,,
0.875000000,0.843750000,,
0.890625000,0.843750000,,
0.906250000,0.843750000,,
0.921875000,0.843750000,,
0.937500000,0.843750000,,
0.953125000,0.843750000,,
0.968750000,0.843750000,,
0.984375000,0.843750000,,
1.000000000,0.843750000,,
-1.000000000,0.859375000,,
-0.984375000,0.859375000,,
-0.968750000,0.859375000,,
-0.953125000,0.859375000,,
-0.937500000,0.859375000,,
-0.921875000,0.859375000,,
-0.906250000,0.859375000,,
-0.890625000,0.859375000,,
-0.875000000,0.859375000,,
-0.859375000,0.859375000,,
-0.843750000,0.859375000,,
-0.828125000,0.859375000,,
-0.812500000,0.859375000,,
-0.796875000,0.859375000,,
-0.781250000,0.859375000,,
-0.765625000,0.859375000,,
-0.750000000,0.859375000,,
-0.734375000,0.859375000,,
-0.718750000,0.859375000,,
-0.703125000,0.859375000,,
-0.687500000,0.859375000,,
-0.671875000,0.859375000,,
-0.656250000,0.859375000,,
-0.640625000,0.859375000,,
-0.625000000,0.859375000,,
-0.609375000,0.859375000,,
-0.593750000,0.859375000,,
-0.578125000,0.859375000,,
-0.562500000,0.859375000,,
-0.546875000,0.859375000,,
-0.531250000,0.859375000,,
-0.515625000,0.859375000,,
-0.500000000,0.859375000,,
-0.484375000,0.859375000,,
-0.468750000,0.859375000,,
-0.453125000,0.859375000,,
-0.437500000,0.859375000,,
-0.421875000,0.859375000,,
-0.406250000,0.859375000,,
-0.390625000,0.859375000,,
-0.375000000,0.859375000,,
-0.359375000,0.859375000,,
-0.343750000,0.859375000,,
-0.328125000,0.859375000,,
-0.312500000,0.859375000,,
-0.296875000,0.859375000,,
-0.281250000,0.859375000,,
-0.265625000,0.859375000,,
-0.250000000,0.859375000,,
-0.234375000,0.859375000,,
-0.218750000,0.859375000,,
-0.203125000,0.859375000,,
-0.187500000,0.859375000,,
-0.171875000,0.859375000,,
-0.156250000,0.859375000,,
-0.140625000,0.859375000,0.340662682795,0.161814774327
-0.125000000,0.859375000,0.328401149192,0.155990545866
-0.109375000,0.859375000,0.319977006966,0.151989078309
-0.093750000,0.859375000,0.314498303511,0.149386694168
-0.078125000,0.859375000,0.311187936893,0.147814270024
-0.062500000,0.859375000,0.309385399862,0.146958064934
-0.046875000,0.859375000,0.308548257632,0.146560422375
-0.031250000,0.859375000,0.308253358976,0.146420345514
-0.015625000,0.859375000,0.308197778793,0.146393944927
0.000000000,0.859375000,0.308199492041,0.146394758720
0.015625000,0.859375000,0.308197778793,0.146393944927
0.031250000,0.859375000,0.308253358976,0.146420345514
0.046875000,0.859375000,0.308548257632,0.146560422375
0.062500000,0.859375000,0.309385399862,0.146958064934
0.078125000,0.859375000,0.311187936893,0.147814270024
0.093750000,0.859375000,0.314498303511,0.149386694168
0.109375000,0.859375000,0.319977006966,0.151989078309
0.125000000,0.859375000,0.328401149192,0.155990545866
0.140625000,0.859375000,0.340662682795,0.161814774327
0.156250000,0.859375000,,
0.171875000,0.859375000,,
0.187500000,0.859375000,,
0.203125000,0.859375000,,
0.218750000,0.859375000,,
0.234375000,0.859375000,,
0.250000000,0.859375000,,
0.265625000,0.859375000,,
0.281250000,0.859375000,,
0.296875000,0.859375000,,
0.312500000,0.859375000,,
0.328125000,0.859375000,,
0.343750000,0.859375000,,
0.359375000,0.859375000,,
0.375000000,0.859375000,,
0.390625000,0.859375000,,
0.406250000,0.859375000,,
0.421875000,0.859375000,,
0.437500000,0.859375000,,
0.453125000,0.859375000,,
0.468750000,0.859375000,,
0.484375000,0.859375000,,
0.500000000,0.859375000,,
0.515625000,0.859375000,,
0.531250000,0.859375000,,
0.546875000,0.859375000,,
0.562500000,0.859375000,,
0.578125000,0.859375000,,
0.593750000,0.859375000,,
0.609375000,0.859375000,,
0.625000000,0.859375000,,
0.640625000,0.859375000,,
0.656250000,0.859375000,,
0.671875000,0.859375000,,
0.687500000,0.859375000,,
0.703125000,0.859375000,,
0.718750000,0.859375000,,
0.734375000,0.859375000,,
0.750000000,0.859375000,,
0.765625000,0.859375000,,
0.781250000,0.859375000,,
0.796875000,0.859375000,,
0.812500000,0.859375000,,
0.828125000,0.859375000,,
0.843750000,0.859375000,,
0.859375000,0.859375000,,
0.875000000,0.859375000,,
0.890625000,0.859375000,,
0.906250000,0.859375000,,
0.921875000,0.859375000,,
0.937500000,0.859375000,,
0.953125000,0.859375000,,
0.968750000,0.859375000,,
0.984375000,0.859375000,,
1.000000000,0.859375000,,
-1.000000000,0.875000000,,
-0.984375000,0.875000000,,
-0.968750000,0.875000000,,
-0.953125000,0.875000000,,
-0.937500000,0.875000000,,
-0.921875000,0.875000000,,
-0.906250000,0.875000000,,
-0.890625000,0.875000000,,
-0.875000000,0.875000000,,
-0.859375000,0.875000000,,
-0.843750000,0.875000000,,
-0.828125000,0.875000000,,
-0.812500000,0.875000000,,
-0.796875000,0.875000000,,
-0.781250000,0.875000000,,
-0.765625000,0.875000000,,
-0.750000000,0.875000000,,
-0.734375000,0.875000000,,
-0.718750000,0.875000000,,
-0.703125000,0.875000000,,
-0.687500000,0.875000000,,
-0.671875000,0.875000000,,
-0.656250000,0.875000000,,
-0.640625000,0.875000000,,
-0.625000000,0.875000000,,
-0.609375000,0.875000000,,
-0.593750000,0.875000000,,
-0.578125000,0.875000000,,
-0.562500000,0.875000000,,
-0.546875000,0.875000000,,
-0.531250000,0.875000000,,
-0.515625000,0.875000000,,
-0.500000000,0.875000000,,
-0.484375000,0.875000000,,
-0.468750000,0.875000000,,
-0.453125000,0.875000000,,
-0.437500000,0.875000000,,
-0.421875000,0.875000000,,
-0.406250000,0.875000000,,
-0.390625000,0.875000000,,
-0.375000000,0.875000000,,
-0.359375000,0.875000000,,
-0.343750000,0.875000000,,
-0.328125000,0.875000000,,
-0.312500000,0.875000000,,
-0.296875000,0.875000000,,
-0.281250000,0.875000000,,
-0.265625000,0.875000000,,
-0.250000000,0.875000000,,
-0.234375000,0.875000000,,
-0.218750000,0.875000000,,
-0.203125000,0.875000000,,
-0.187500000,0.875000000,,
-0.171875000,0.875000000,,
-0.156250000,0.875000000,,
-0.140625000,0.875000000,,
-0.125000000,0.875000000,,
-0.109375000,0.875000000,,
-0.093750000,0.875000000,,
-0.078125000,0.875000000,,
-0.062500000,0.875000000,,
-0.046875000,0.875000000,,
-0.031250000,0.875000000,,
-0.015625000,0.875000000,,
0.000000000,0.875000000,,
0.015625000,0.875000000,,
0.031250000,0.875000000,,
0.046875000,0.875000000,,
0.062500000,0.875000000,,
0.078125000,0.875000000,,
0.093750000,0.875000000,,
0.109375000,0.875000000,,
0.125000000,0.875000000,,
0.140625000,0.875000000,,
0.156250000,0.875000000,,
0.171875000,0.875000000,,
0.187500000,0.875000000,,
0.203125000,0.875000000,,
0.218750000,0.875000000,,
0.234375000,0.875000000,,
0.250000000,0.875000000,,
0.265625000,0.875000000,,
0.281250000,0.875000000,,
0.296875000,0.875000000,,
0.312500000,0.875000000,,
0.328125000,0.875000000,,
0.343750000,0.875000000,,
0.359375000,0.875000000,,
0.375000000,0.875000000,,
0.390625000,0.875000000,,
0.406250000,0.875000000,,
0.421875000,0.875000000,,
0.437500000,0.875000000,,
0.453125000,0.875000000,,
0.468750000,0.875000000,,
0.484375000,0.875000000,,
0.500000000,0.875000000,,
0.515625000,0.875000000,,
0.531250000,0.875000000,,
0.546875000,0.875000000,,
0.562500000,0.875000000,,
0.578125000,0.875000000,,
0.593750000,0.875000000,,
0.609375000,0.875000000,,
0.625000000,0.875000000,,
0.640625000,0.875000000,,
0.656250000,0.875000000,,
0.671875000,0.875000000,,
0.687500000,0.875000000,,
0.703125000,0.875000000,,
0.718750000,0.875000000,,
0.734375000,0.875000000,,
0.750000000,0.875000000,,
0.765625000,0.875000000,,
0.781250000,0.875000000,,
0.796875000,0.875000000,,
0.812500000,0.875000000,,
0.828125000,0.875000000,,
0.843750000,0.875000000,,
0.859375000,0.875000000,,
0.875000000,0.875000000,,
0.890625000,0.875000000,,
0.906250000,0.875000000,,
0.921875000,0.875000000,,
0.937500000,0.875000000,,
0.953125000,0.875000000,,
0.968750000,0.875000000,,
0.984375000,0.875000000,,
1.000000000,0.875000000,,
-1.000000000,0.890625000,,
-0.984375000,0.890625000,,
-0.968750000,0.890625000,,
-0.953125000,0.890625000,,
-0.937500000,0.890625000,,
-0.921875000,0.890625000,,
-0.906250000,0.890625000,,
-0.890625000,0.890625000,,
-0.875000000,0.890625000,,
-0.859375000,0.890625000,,
-0.843750000,0.890625000,,
-0.828125000,0.890625000,,
-0.812500000,0.890625000,,
-0.796875000,0.890625000,,
-0.781250000,0.890625000,,
-0.765625000,0.890625000,,
-0.750000000,0.890625000,,
-0.734375000,0.890625000,,
-0.718750000,0.890625000,,
-0.703125000,0.890625000,,
-0.687500000,0.890625000,,
-0.671875000,0.890625000,,
-0.656250000,0.890625000,,
-0.640625000,0.890625000,,
-0.625000000,0.890625000,,
-0.609375000,0.890625000,,
-0.593750000,0.890625000,,
-0.578125000,0.890625000,,
-0.562500000,0.890625000,,
-0.546875000,0.890625000,,
-0.531250000,0.890625000,,
-0.515625000,0.890625000,,
-0.500000000,0.890625000,,
-0.484375000,0.890625000,,
-0.468750000,0.890625000,,
-0.453125000,0.890625000,,
-0.437500000,0.890625000,,
-0.421875000,0.890625000,,
-0.406250000,0.890625000,,
-0.390625000,0.890625000,,
-0.375000000,0.890625000,,
-0.359375000,0.890625000,,
-0.343750000,0.890625000,,
-0.328125000,0.890625000,,
-0.312500000,0.890625000,,
-0.296875000,0.890625000,,
-0.281250000,0.890625000,,
-0.265625000,0.890625000,,
-0.250000000,0.890625000,,
-0.234375000,0.890625000,,
-0.218750000,0.890625000,,
-0.203125000,0.890625000,,
-0.187500000,0.890625000,,
-0.171875000,0.890625000,,
-0.156250000,0.890625000,,
-0.140625000,0.890625000,,
-0.125000000,0.890625000,,
-0.109375000,0.890625000,,
-0.093750000,0.890625000,,
-0.078125000,0.890625000,,
-0.062500000,0.890625000,,
-0.046875000,0.890625000,,
-0.031250000,0.890625000,,
-0.015625000,0.890625000,,
0.000000000,0.890625000,,
0.015625000,0.890625000,,
0.031250000,0.890625000,,
0.046875000,0.890625000,,
0.062500000,0.890625000,,
0.078125000,0.890625000,,
0.093750000,0.890625000,,
0.109375000,0.890625000,,
0.125000000,0.890625000,,
0.140625000,0.890625000,,
0.156250000,0.890625000,,
0.171875000,0.890625000,,
0.187500000,0.890625000,,
0.203125000,0.890625000,,
0.218750000,0.890625000,,
0.234375000,0.890625000,,
0.250000000,0.890625000,,
0.265625000,0.890625000,,
0.281250000,0.890625000,,
0.296875000,0.890625000,,
0.312500000,0.890625000,,
0.328125000,0.890625000,,
0.343750000,0.890625000,,
0.359375000,0.890625000,,
0.375000000,0.890625000,,
0.390625000,0.890625000,,
0.406250000,0.890625000,,
0.421875000,0.890625000,,
0.437500000,0.890625000,,
0.453125000,0.890625000,,
0.468750000,0.890625000,,
0.484375000,0.890625000,,
0.500000000,0.890625000,,
0.515625000,0.890625000,,
0.531250000,0.890625000,,
0.546875000,0.890625000,,
0.562500000,0.890625000,,
0.578125000,0.890625000,,
0.593750000,0.890625000,,
0.609375000,0.890625000,,
0.625000000,0.890625000,,
0.640625000,0.890625000,,
0.656250000,0.890625000,,
0.671875000,0.890625000,,
0.687500000,0.890625000,,
0.703125000,0.890625000,,
0.718750000,0.890625000,,
0.734375000,0.890625000,,
0.750000000,0.890625000,,
0.765625000,0.890625000,,
0.781250000,0.890625000,,
0.796875000,0.890625000,,
0.812500000,0.890625000,,
0.828125000,0.890625000,,
0.843750000,0.890625000,,
0.859375000,0.890625000,,
0.875000000,0.890625000,,
0.890625000,0.890625000,,
0.906250000,0.890625000,,
0.921875000,0.890625000,,
0.937500000,0.890625000,,
0.953125000,0.890625000,,
0.968750000,0.890625000,,
0.984375000,0.890625000,,
1.000000000,0.890625000,,
-1.000000000,0.906250000,,
-0.984375000,0.906250000,,
-0.968750000,0.906250000,,
-0.953125000,0.906250000,,
-0.937500000,0.906250000,,
-0.921875000,0.906250000,,
-0.906250000,0.906250000,,
-0.890625000,0.906250000,,
-0.875000000,0.906250000,,
-0.859375000,0.906250000,,
-0.843750000,0.906250000,,
-0.828125000,0.906250000,,
-0.812500000,0.906250000,,
-0.796875000,0.906250000,,
-0.781250000,0.906250000,,
-0.765625000,0.906250000,,
-0.750000000,0.906250000,,
-0.734375000,0.906250000,,
-0.718750000,0.906250000,,
-0.703125000,0.906250000,,
-0.687500000,0.906250000,,
-0.671875000,0.906250000,,
-0.656250000,0.906250000,,
-0.640625000,0.906250000,,
-0.625000000,0.906250000,,
-0.609375000,0.906250000,,
-0.593750000,0.906250000,,
-0.578125000,0.906250000,,
-0.562500000,0.906250000,,
-0.546875000,0.906250000,,
-0.531250000,0.906250000,,
-0.515625000,0.906250000,,
-0.500000000,0.906250000,,
-0.484375000,0.906250000,,
-0.468750000,0.906250000,,
-0.453125000,0.906250000,,
-0.437500000,0.906250000,,
-0.421875000,0.906250000,,
-0.406250000,0.906250000,,
-0.390625000,0.906250000,,
-0.375000000,0.906250000,,
-0.359375000,0.906250000,,
-0.343750000,0.906250000,,
-0.328125000,0.906250000,,
-0.312500000,0.906250000,,
-0.296875000,0.906250000,,
-0.281250000,0.906250000,,
-0.265625000,0.906250000,,
-0.250000000,0.906250000,,
-0.234375000,0.906250000,,
-0.218750000,0.906250000,,
-0.203125000,0.906250000,,
-0.187500000,0.906250000,,
-0.171875000,0.906250000,,
-0.156250000,0.906250000,,
-0.140625000,0.906250000,,
-0.125000000,0.906250000,,
-0.109375000,0.906250000,,
-0.093750000,0.906250000,,
-0.078125000,0.906250000,,
-0.062500000,0.906250000,,
-0.046875000,0.906250000,,
-0.031250000,0.906250000,,
-0.015625000,0.906250000,,
0.000000000,0.906250000,,
0.015625000,0.906250000,,
0.031250000,0.906250000,,
0.046875000,0.906250000,,
0.062500000,0.906250000,,
0.078125000,0.906250000,,
0.093750000,0.906250000,,
0.109375000,0.906250000,,
0.125000000,0.906250000,,
0.140625000,0.906250000,,
0.156250000,0.906250000,,
0.171875000,0.906250000,,
0.187500000,0.906250000,,
0.203125000,0.906250000,,
0.218750000,0.906250000,,
0.234375000,0.906250000,,
0.250000000,0.906250000,,
0.265625000,0.906250000,,
0.281250000,0.906250000,,
0.296875000,0.906250000,,
0.312500000,0.906250000,,
0.328125000,0.906250000,,
0.343750000,0.906250000,,
0.359375000,0.906250000,,
0.375000000,0.906250000,,
0.390625000,0.906250000,,
0.406250000,0.906250000,,
0.421875000,0.906250000,,
0.437500000,0.906250000,,
0.453125000,0.906250000,,
0.468750000,0.906250000,,
0.484375000,0.906250000,,
0.500000000,0.906250000,,
0.515625000,0.906250000,,
0.531250000,0.906250000,,
0.546875000,0.906250000,,
0.562500000,0.906250000,,
0.578125000,0.906250000,,
0.593750000,0.906250000,,
0.609375000,0.906250000,,
0.625000000,0.906250000,,
0.640625000,0.906250000,,
0.656250000,0.906250000,,
0.671875000,0.906250000,,
0.687500000,0.906250000,,
0.703125000,0.906250000,,
0.718750000,0.906250000,,
0.734375000,0.906250000,,
0.750000000,0.906250000,,
0.765625000,0.906250000,,
0.781250000,0.906250000,,
0.796875000,0.906250000,,
0.812500000,0.906250000,,
0.828125000,0.906250000,,
0.843750000,0.906250000,,
0.859375000,0.906250000,,
0.875000000,0.906250000,,
0.890625000,0.906250000,,
0.906250000,0.906250000,,
0.921875000,0.906250000,,
0.937500000,0.906250000,,
0.953125000,0.906250000,,
0.968750000,0.906250000,,
0.984375000,0.906250000,,
1.000000000,0.906250000,,
-1.000000000,0.921875000,,
-0.984375000,0.921875000,,
-0.968750000,0.921875000,,
-0.953125000,0.921875000,,
-0.937500000,0.921875000,,
-0.921875000,0.921875000,,
-0.906250000,0.921875000,,
-0.890625000,0.921875000,,
-0.875000000,0.921875000,,
-0.859375000,0.921875000,,
-0.843750000,0.921875000,,
-0.828125000,0.921875000,,
-0.812500000,0.921875000,,
-0.796875000,0.921875000,,
-0.781250000,0.921875000,,
-0.765625000,0.921875000,,
-0.750000000,0.921875000,,
-0.734375000,0.921875000,,
-0.718750000,0.921875000,,
-0.703125000,0.921875000,,
-0.687500000,0.921875000,,
-0.671875000,0.921875000,,
-0.656250000,0.921875000,,
-0.640625000,0.921875000,,
-0.625000000,0.921875000,,
-0.609375000,0.921875000,,
-0.593750000,0.921875000,,
-0.578125000,0.921875000,,
-0.562500000,0.921875000,,
-0.546875000,0.921875000,,
-0.531250000,0.921875000,,
-0.515625000,0.921875000,,
-0.500000000,0.921875000,,
-0.484375000,0.921875000,,
-0.468750000,0.921875000,,
-0.453125000,0.921875000,,
-0.437500000,0.921875000,,
-0.421875000,0.921875000,,
-0.406250000,0.921875000,,
-0.390625000,0.921875000,,
-0.375000000,0.921875000,,
-0.359375000,0.921875000,,
-0.343750000,0.921875000,,
-0.328125000,0.921875000,,
-0.312500000,0.921875000,,
-0.296875000,0.921875000,,
-0.281250000,0.921875000,,
-0.265625000,0.921875000,,
-0.250000000,0.921875000,,
-0.234375000,0.921875000,,
-0.218750000,0.921875000,,
-0.203125000,0.921875000,,
-0.187500000,0.921875000,,
-0.171875000,0.921875000,,
-0.156250000,0.921875000,,
-0.140625000,0.921875000,,
-0.125000000,0.921875000,,
-0.109375000,0.921875000,,
-0.093750000,0.921875000,,
-0.078125000,0.921875000,,
-0.062500000,0.921875000,,
-0.046875000,0.921875000,,
-0.031250000,0.921875000,,
-0.015625000,0.921875000,,
0.000000000,0.921875000,,
0.015625000,0.921875000,,
0.031250000,0.921875000,,
0.046875000,0.921875000,,
0.062500000,0.921875000,,
0.078125000,0.921875000,,
0.093750000,0.921875000,,
0.109375000,0.921875000,,
0.125000000,0.921875000,,
0.140625000,0.921875000,,
0.156250000,0.921875000,,
0.171875000,0.921875000,,
0.187500000,0.921875000,,
0.203125000,0.921875000,,
0.218750000,0.921875000,,
0.234375000,0.921875000,,
0.250000000,0.921875000,,
0.265625000,0.921875000,,
0.281250000,0.921875000,,
0.296875000,0.921875000,,
0.312500000,0.921875000,,
0.328125000,0.921875000,,
0.343750000,0.921875000,,
0.359375000,0.921875000,,
0.375000000,0.921875000,,
0.390625000,0.921875000,,
0.406250000,0.921875000,,
0.421875000,0.921875000,,
0.437500000,0.921875000,,
0.453125000,0.921875000,,
0.468750000,0.921875000,,
0.484375000,0.921875000,,
0.500000000,0.921875000,,
0.515625000,0.921875000,,
0.531250000,0.921875000,,
0.546875000,0.921875000,,
0.562500000,0.921875000,,
0.578125000,0.921875000,,
0.593750000,0.921875000,,
0.609375000,0.921875000,,
0.625000000,0.921875000,,
0.640625000,0.921875000,,
0.656250000,0.921875000,,
0.671875000,0.921875000,,
0.687500000,0.921875000,,
0.703125000,0.921875000,,
0.718750000,0.921875000,,
0.734375000,0.921875000,,
0.750000000,0.921875000,,
0.765625000,0.921875000,,
0.781250000,0.921875000,,
0.796875000,0.921875000,,
0.812500000,0.921875000,,
0.828125000,0.921875000,,
0.843750000,0.921875000,,
0.859375000,0.921875000,,
0.875000000,0.921875000,,
0.890625000,0.921875000,,
0.906250000,0.921875000,,
0.921875000,0.921875000,,
0.937500000,0.921875000,,
0.953125000,0.921875000,,
0.968750000,0.921875000,,
0.984375000,0.921875000,,
1.000000000,0.921875000,,
-1.000000000,0.937500000,,
-0.984375000,0.937500000,,
-0.968750000,0.937500000,,
-0.953125000,0.937500000,,
-0.937500000,0.937500000,,
-0.921875000,0.937500000,,
-0.906250000,0.937500000,,
-0.890625000,0.937500000,,
-0.875000000,0.937500000,,
-0.859375000,0.937500000,,
-0.843750000,0.937500000,,
-0.828125000,0.937500000,,
-0.812500000,0.937500000,,
-0.796875000,0.937500000,,
-0.781250000,0.937500000,,
-0.765625000,0.937500000,,
-0.750000000,0.937500000,,
-0.734375000,0.937500000,,
-0.718750000,0.937500000,,
-0.703125000,0.937500000,,
-0.687500000,0.937500000,,
-0.671875000,0.937500000,,
-0.656250000,0.937500000,,
-0.640625000,0.937500000,,
-0.625000000,0.937500000,,
-0.609375000,0.937500000,,
-0.593750000,0.937500000,,
-0.578125000,0.937500000,,
-0.562500000,0.937500000,,
-0.546875000,0.937500000,,
-0.531250000,0.937500000,,
-0.515625000,0.937500000,,
-0.500000000,0.937500000,,
-0.484375000,0.937500000,,
-0.468750000,0.937500000,,
-0.453125000,0.937500000,,
-0.437500000,0.937500000,,
-0.421875000,0.937500000,,
-0.406250000,0.937500000,,
-0.390625000,0.937500000,,
-0.375000000,0.937500000,,
-0.359375000,0.937500000,,
-0.343750000,0.937500000,,
-0.328125000,0.937500000,,
-0.312500000,0.937500000,,
-0.296875000,0.937500000,,
-0.281250000,0.937500000,,
-0.265625000,0.937500000,,
-0.250000000,0.937500000,,
-0.234375000,0.937500000,,
-0.218750000,0.937500000,,
-0.203125000,0.937500000,,
-0.187500000,0.937500000,,
-0.171875000,0.937500000,,
-0.156250000,0.937500000,,
-0.140625000,0.937500000,,
-0.125000000,0.937500000,,
-0.109375000,0.937500000,,
-0.093750000,0.937500000,,
-0.078125000,0.937500000,,
-0.062500000,0.937500000,,
-0.046875000,0.937500000,,
-0.031250000,0.937500000,,
-0.015625000,0.937500000,,
0.000000000,0.937500000,,
0.015625000,0.937500000,,
0.031250000,0.937500000,,
0.046875000,0.937500000,,
0.062500000,0.937500000,,
0.078125000,0.937500000,,
0.093750000,0.937500000,,
0.109375000,0.937500000,,
0.125000000,0.937500000,,
0.140625000,0.937500000,,
0.156250000,0.937500000,,
0.171875000,0.937500000,,
0.187500000,0.937500000,,
0.203125000,0.937500000,,
0.218750000,0.937500000,,
0.234375000,0.937500000,,
0.250000000,0.937500000,,
0.265625000,0.937500000,,
0.281250000,0.937500000,,
0.296875000,0.937500000,,
0.312500000,0.937500000,,
0.328125000,0.937500000,,
0.343750000,0.937500000,,
0.359375000,0.937500000,,
0.375000000,0.937500000,,
0.390625000,0.937500000,,
0.406250000,0.937500000,,
0.421875000,0.937500000,,
0.437500000,0.937500000,,
0.453125000,0.937500000,,
0.468750000,0.937500000,,
0.484375000,0.937500000,,
0.500000000,0.937500000,,
0.515625000,0.937500000,,
0.531250000,0.937500000,,
0.546875000,0.937500000,,
0.562500000,0.937500000,,
0.578125000,0.937500000,,
0.593750000,0.937500000,,
0.609375000,0.937500000,,
0.625000000,0.937500000,,
0.640625000,0.937500000,,
0.656250000,0.937500000,,
0.671875000,0.937500000,,
0.687500000,0.937500000,,
0.703125000,0.937500000,,
0.718750000,0.937500000,,
0.734375000,0.937500000,,
0.750000000,0.937500000,,
0.765625000,0.937500000,,
0.781250000,0.937500000,,
0.796875000,0.937500000,,
0.812500000,0.937500000,,
0.828125000,0.937500000,,
0.843750000,0.937500000,,
0.859375000,0.937500000,,
0.875000000,0.937500000,,
0.890625000,0.937500000,,
0.906250000,0.937500000,,
0.921875000,0.937500000,,
0.937500000,0.937500000,,
0.953125000,0.937500000,,
0.968750000,0.937500000,,
0.984375000,0.937500000,,
1.000000000,0.937500000,,
-1.000000000,0.953125000,,
-0.984375000,0.953125000,,
-0.968750000,0.953125000,,
-0.953125000,0.953125000,,
-0.937500000,0.953125000,,
-0.921875000,0.953125000,,
-0.906250000,0.953125000,,
-0.890625000,0.953125000,,
-0.875000000,0.953125000,,
-0.859375000,0.953125000,,
-0.843750000,0.953125000,,
-0.828125000,0.953125000,,
-0.812500000,0.953125000,,
-0.796875000,0.953125000,,
-0.781250000,0.953125000,,
-0.765625000,0.953125000,,
-0.750000000,0.953125000,,
-0.734375000,0.953125000,,
-0.718750000,0.953125000,,
-0.703125000,0.953125000,,
-0.687500000,0.953125000,,
-0.671875000,0.953125000,,
-0.656250000,0.953125000,,
-0.640625000,0.953125000,,
-0.625000000,0.953125000,,
-0.609375000,0.953125000,,
-0.593750000,0.953125000,,
-0.578125000,0.953125000,,
-0.562500000,0.953125000,,
-0.546875000,0.953125000,,
-0.531250000,0.953125000,,
-0.515625000,0.953125000,,
-0.500000000,0.953125000,,
-0.484375000,0.953125000,,
-0.468750000,0.953125000,,
-0.453125000,0.953125000,,
-0.437500000,0.953125000,,
-0.421875000,0.953125000,,
-0.406250000,0.953125000,,
-0.390625000,0.953125000,,
-0.375000000,0.953125000,,
-0.359375000,0.953125000,,
-0.343750000,0.953125000,,
-0.328125000,0.953125000,,
-0.312500000,0.953125000,,
-0.296875000,0.953125000,,
-0.281250000,0.953125000,,
-0.265625000,0.953125000,,
-0.250000000,0.953125000,,
-0.234375000,0.953125000,,
-0.218750000,0.953125000,,
-0.203125000,0.953125000,,
-0.187500000,0.953125000,,
-0.171875000,0.953125000,,
-0.156250000,0.953125000,,
-0.140625000,0.953125000,,
-0.125000000,0.953125000,,
-0.109375000,0.953125000,,
-0.093750000,0.953125000,,
-0.078125000,0.953125000,,
-0.062500000,0.953125000,,
-0.046875000,0.953125000,,
-0.031250000,0.953125000,,
-0.015625000,0.953125000,,
0.000000000,0.953125000,,
0.015625000,0.953125000,,
0.031250000,0.953125000,,
0.046875000,0.953125000,,
0.062500000,0.953125000,,
0.078125000,0.953125000,,
0.093750000,0.953125000,,
0.109375000,0.953125000,,
0.125000000,0.953125000,,
0.140625000,0.953125000,,
0.156250000,0.953125000,,
0.171875000,0.953125000,,
0.187500000,0.953125000,,
0.203125000,0.953125000,,
0.218750000,0.953125000,,
0.234375000,0.953125000,,
0.250000000,0.953125000,,
0.265625000,0.953125000,,
0.281250000,0.953125000,,
0.296875000,0.953125000,,
0.312500000,0.953125000,,
0.328125000,0.953125000,,
0.343750000,0.953125000,,
0.359375000,0.953125000,,
0.375000000,0.953125000,,
0.390625000,0.953125000,,
0.406250000,0.953125000,,
0.421875000,0.953125000,,
0.437500000,0.953125000,,
0.453125000,0.953125000,,
0.468750000,0.953125000,,
0.484375000,0.953125000,,
0.500000000,0.953125000,,
0.515625000,0.953125000,,
0.531250000,0.953125000,,
0.546875000,0.953125000,,
0.562500000,0.953125000,,
0.578125000,0.953125000,,
0.593750000,0.953125000,,
0.609375000,0.953125000,,
0.625000000,0.953125000,,
0.640625000,0.953125000,,
0.656250000,0.953125000,,
0.671875000,0.953125000,,
0.687500000,0.953125000,,
0.703125000,0.953125000,,
0.718750000,0.953125000,,
0.734375000,0.953125000,,
0.750000000,0.953125000,,
0.765625000,0.953125000,,
0.781250000,0.953125000,,
0.796875000,0.953125000,,
0.812500000,0.953125000,,
0.828125000,0.953125000,,
0.843750000,0.953125000,,
0.859375000,0.953125000,,
0.875000000,0.953125000,,
0.890625000,0.953125000,,
0.906250000,0.953125000,,
0.921875000,0.953125000,,
0.937500000,0.953125000,,
0.953125000,0.953125000,,
0.968750000,0.953125000,,
0.984375000,0.953125000,,
1.000000000,0.953125000,,
-1.000000000,0.968750000,,
-0.984375000,0.968750000,,
-0.968750000,0.968750000,,
-0.953125000,0.968750000,,
-0.937500000,0.968750000,,
-0.921875000,0.968750000,,
-0.906250000,0.968750000,,
-0.890625000,0.968750000,,
-0.875000000,0.968750000,,
-0.859375000,0.968750000,,
-0.843750000,0.968750000,,
-0.828125000,0.968750000,,
-0.812500000,0.968750000,,
-0.796875000,0.968750000,,
-0.781250000,0.968750000,,
-0.765625000,0.968750000,,
-0.750000000,0.968750000,,
-0.734375000,0.968750000,,
-0.718750000,0.968750000,,
-0.703125000,0.968750000,,
-0.687500000,0.968750000,,
-0.671875000,0.968750000,,
-0.656250000,0.968750000,,
-0.640625000,0.968750000,,
-0.625000000,0.968750000,,
-0.609375000,0.968750000,,
-0.593750000,0.968750000,,
-0.578125000,0.968750000,,
-0.562500000,0.968750000,,
-0.546875000,0.968750000,,
-0.531250000,0.968750000,,
-0.515625000,0.968750000,,
-0.500000000,0.968750000,,
-0.484375000,0.968750000,,
-0.468750000,0.968750000,,
-0.453125000,0.968750000,,
-0.437500000,0.968750000,,
-0.421875000,0.968750000,,
-0.406250000,0.968750000,,
-0.390625000,0.968750000,,
-0.375000000,0.968750000,,
-0.359375000,0.968750000,,
-0.343750000,0.968750000,,
-0.328125000,0.968750000,,
-0.312500000,0.968750000,,
-0.296875000,0.968750000,,
-0.281250000,0.968750000,,
-0.265625000,0.968750000,,
-0.250000000,0.968750000,,
-0.234375000,0.968750000,,
-0.218750000,0.968750000,,
-0.203125000,0.968750000,,
-0.187500000,0.968750000,,
-0.171875000,0.968750000,,
-0.156250000,0.968750000,,
-0.140625000,0.968750000,,
-0.125000000,0.968750000,,
-0.109375000,0.968750000,,
-0.093750000,0.968750000,,
-0.078125000,0.968750000,,
-0.062500000,0.968750000,,
-0.046875000,0.968750000,,
-0.031250000,0.968750000,,
-0.015625000,0.968750000,,
0.000000000,0.968750000,,
0.015625000,0.968750000,,
0.031250000,0.968750000,,
0.046875000,0.968750000,,
0.062500000,0.968750000,,
0.078125000,0.968750000,,
0.093750000,0.968750000,,
0.109375000,0.968750000,,
0.125000000,0.968750000,,
0.140625000,0.968750000,,
0.156250000,0.968750000,,
0.171875000,0.968750000,,
0.187500000,0.968750000,,
0.203125000,0.968750000,,
0.218750000,0.968750000,,
0.234375000,0.968750000,,
0.250000000,0.968750000,,
0.265625000,0.968750000,,
0.281250000,0.968750000,,
0.296875000,0.968750000,,
0.312500000,0.968750000,,
0.328125000,0.968750000,,
0.343750000,0.968750000,,
0.359375000,0.968750000,,
0.375000000,0.968750000,,
0.390625000,0.968750000,,
0.406250000,0.968750000,,
0.421875000,0.968750000,,
0.437500000,0.968750000,,
0.453125000,0.968750000,,
0.468750000,0.968750000,,
0.484375000,0.968750000,,
0.500000000,0.968750000,,
0.515625000,0.968750000,,
0.531250000,0.968750000,,
0.546875000,0.968750000,,
0.562500000,0.968750000,,
0.578125000,0.968750000,,
0.593750000,0.968750000,,
0.609375000,0.968750000,,
0.625000000,0.968750000,,
0.640625000,0.968750000,,
0.656250000,0.968750000,,
0.671875000,0.968750000,,
0.687500000,0.968750000,,
0.703125000,0.968750000,,
0.718750000,0.968750000,,
0.734375000,0.968750000,,
0.750000000,0.968750000,,
0.765625000,0.968750000,,
0.781250000,0.968750000,,
0.796875000,0.968750000,,
0.812500000,0.968750000,,
0.828125000,0.968750000,,
0.843750000,0.968750000,,
0.859375000,0.968750000,,
0.875000000,0.968750000,,
0.890625000,0.968750000,,
0.906250000,0.968750000,,
0.921875000,0.968750000,,
0.937500000,0.968750000,,
0.953125000,0.968750000,,
0.968750000,0.968750000,,
0.984375000,0.968750000,,
1.000000000,0.968750000,,
-1.000000000,0.984375000,,
-0.984375000,0.984375000,,
-0.968750000,0.984375000,,
-0.953125000,0.984375000,,
-0.937500000,0.984375000,,
-0.921875000,0.984375000,,
-0.906250000,0.984375000,,
-0.890625000,0.984375000,,
-0.875000000,0.984375000,,
-0.859375000,0.984375000,,
-0.843750000,0.984375000,,
-0.828125000,0.984375000,,
-0.812500000,0.984375000,,
-0.796875000,0.984375000,,
-0.781250000,0.984375000,,
-0.765625000,0.984375000,,
-0.750000000,0.984375000,,
-0.734375000,0.984375000,,
-0.718750000,0.984375000,,
-0.703125000,0.984375000,,
-0.687500000,0.984375000,,
-0.671875000,0.984375000,,
-0.656250000,0.984375000,,
-0.640625000,0.984375000,,
-0.625000000,0.984375000,,
-0.609375000,0.984375000,,
-0.593750000,0.984375000,,
-0.578125000,0.984375000,,
-0.562500000,0.984375000,,
-0.546875000,0.984375000,,
-0.531250000,0.984375000,,
-0.515625000,0.984375000,,
-0.500000000,0.984375000,,
-0.484375000,0.984375000,,
-0.468750000,0.984375000,,
-0.453125000,0.984375000,,
-0.437500000,0.984375000,,
-0.421875000,0.984375000,,
-0.406250000,0.984375000,,
-0.390625000,0.984375000,,
-0.375000000,0.984375000,,
-0.359375000,0.984375000,,
-0.343750000,0.984375000,,
-0.328125000,0.984375000,,
-0.312500000,0.984375000,,
-0.296875000,0.984375000,,
-0.281250000,0.984375000,,
-0.265625000,0.984375000,,
-0.250000000,0.984375000,,
-0.234375000,0.984375000,,
-0.218750000,0.984375000,,
-0.203125000,0.984375000,,
-0.187500000,0.984375000,,
-0.171875000,0.984375000,,
-0.156250000,0.984375000,,
-0.140625000,0.984375000,,
-0.125000000,0.984375000,,
-0.109375000,0.984375000,,
-0.093750000,0.984375000,,
-0.078125000,0.984375000,,
-0.062500000,0.984375000,,
-0.046875000,0.984375000,,
-0.031250000,0.984375000,,
-0.015625000,0.984375000,,
0.000000000,0.984375000,,
0.015625000,0.984375000,,
0.031250000,0.984375000,,
0.046875000,0.984375000,,
0.062500000,0.984375000,,
0.078125000,0.984375000,,
0.093750000,0.984375000,,
0.109375000,0.984375000,,
0.125000000,0.984375000,,
0.140625000,0.984375000,,
0.156250000,0.984375000,,
0.171875000,0.984375000,,
0.187500000,0.984375000,,
0.203125000,0.984375000,,
0.218750000,0.984375000,,
0.234375000,0.984375000,,
0.250000000,0.984375000,,
0.265625000,0.984375000,,
0.281250000,0.984375000,,
0.296875000,0.984375000,,
0.312500000,0.984375000,,
0.328125000,0.984375000,,
0.343750000,0.984375000,,
0.359375000,0.984375000,,
0.375000000,0.984375000,,
0.390625000,0.984375000,,
0.406250000,0.984375000,,
0.421875000,0.984375000,,
0.437500000,0.984375000,,
0.453125000,0.984375000,,
0.468750000,0.984375000,,
0.484375000,0.984375000,,
0.500000000,0.984375000,,
0.515625000,0.984375000,,
0.531250000,0.984375000,,
0.546875000,0.984375000,,
0.562500000,0.984375000,,
0.578125000,0.984375000,,
0.593750000,0.984375000,,
0.609375000,0.984375000,,
0.625000000,0.984375000,,
0.640625000,0.984375000,,
0.656250000,0.984375000,,
0.671875000,0.984375000,,
0.687500000,0.984375000,,
0.703125000,0.984375000,,
0.718750000,0.984375000,,
0.734375000,0.984375000,,
0.750000000,0.984375000,,
0.765625000,0.984375000,,
0.781250000,0.984375000,,
0.796875000,0.984375000,,
0.812500000,0.984375000,,
0.828125000,0.984375000,,
0.843750000,0.984375000,,
0.859375000,0.984375000,,
0.875000000,0.984375000,,
0.890625000,0.984375000,,
0.906250000,0.984375000,,
0.921875000,0.984375000,,
0.937500000,0.984375000,,
0.953125000,0.984375000,,
0.968750000,0.984375000,,
0.984375000,0.984375000,,
1.000000000,0.984375000,,
-1.000000000,1.000000000,,
-0.984375000,1.000000000,,
-0.968750000,1.000000000,,
-0.953125000,1.000000000,,
-0.937500000,1.000000000,,
-0.921875000,1.000000000,,
-0.906250000,1.000000000,,
-0.890625000,1.000000000,,
-0.875000000,1.000000000,,
-0.859375000,1.000000000,,
-0.843750000,1.000000000,,
-0.828125000,1.000000000,,
-0.812500000,1.000000000,,
-0.796875000,1.000000000,,
-0.781250000,1.000000000,,
-0.765625000,1.000000000,,
-0.750000000,1.000000000,,
-0.734375000,1.000000000,,
-0.718750000,1.000000000,,
-0.703125000,1.000000000,,
-0.687500000,1.000000000,,
-0.671875000,1.000000000,,
-0.656250000,1.000000000,,
-0.640625000,1.000000000,,
-0.625000000,1.000000000,,
-0.609375000,1.000000000,,
-0.593750000,1.000000000,,
-0.578125000,1.000000000,,
-0.562500000,1.000000000,,
-0.546875000,1.000000000,,
-0.531250000,1.000000000,,
-0.515625000,1.000000000,,
-0.500000000,1.000000000,,
-0.484375000,1.000000000,,
-0.468750000,1.000000000,,
-0.453125000,1.000000000,,
-0.437500000,1.000000000,,
-0.421875000,1.000000000,,
-0.406250000,1.000000000,,
-0.390625000,1.000000000,,
-0.375000000,1.000000000,,
-0.359375000,1.000000000,,
-0.343750000,1.000000000,,
-0.328125000,1.000000000,,
-0.312500000,1.000000000,,
-0.296875000,1.000000000,,
-0.281250000,1.000000000,,
-0.265625000,1.000000000,,
-0.250000000,1.000000000,,
-0.234375000,1.000000000,,
-0.218750000,1.000000000,,
-0.203125000,1.000000000,,
-0.187500000,1.000000000,,
-0.171875000,1.000000000,,
-0.156250000,1.000000000,,
-0.140625000,1.000000000,,
-0.125000000,1.000000000,,
-0.109375000,1.000000000,,
-0.093750000,1.000000000,,
-0.078125000,1.000000000,,
-0.062500000,1.000000000,,
-0.046875000,1.000000000,,
-0.031250000,1.000000000,,
-0.015625000,1.000000000,,
0.000000000,1.000000000,,
0.015625000,1.000000000,,
0.031250000,1.000000000,,
0.046875000,1.000000000,,
0.062500000,1.000000000,,
0.078125000,1.000000000,,
0.093750000,1.000000000,,
0.109375000,1.000000000,,
0.125000000,1.000000000,,
0.140625000,1.000000000,,
0.156250000,1.000000000,,
0.171875000,1.000000000,,
0.187500000,1.000000000,,
0.203125000,1.000000000,,
0.218750000,1.000000000,,
0.234375000,1.000000000,,
0.250000000,1.000000000,,
0.265625000,1.000000000,,
0.281250000,1.000000000,,
0.296875000,1.000000000,,
0.312500000,1.000000000,,
0.328125000,1.000000000,,
0.343750000,1.000000000,,
0.359375000,1.000000000,,
0.375000000,1.000000000,,
0.390625000,1.000000000,,
0.406250000,1.000000000,,
0.421875000,1.000000000,,
0.437500000,1.000000000,,
0.453125000,1.000000000,,
0.468750000,1.000000000,,
0.484375000,1.000000000,,
0.500000000,1.000000000,,
0.515625000,1.000000000,,
0.531250000,1.000000000,,
0.546875000,1.000000000,,
0.562500000,1.000000000,,
0.578125000,1.000000000,,
0.593750000,1.000000000,,
0.609375000,1.000000000,,
0.625000000,1.000000000,,
0.640625000,1.000000000,,
0.656250000,1.000000000,,
0.671875000,1.000000000,,
0.687500000,1.000000000,,
0.703125000,1.000000000,,
0.718750000,1.000000000,,
0.734375000,1.000000000,,
0.750000000,1.000000000,,
0.765625000,1.000000000,,
0.781250000,1.000000000,,
0.796875000,1.000000000,,
0.812500000,1.000000000,,
0.828125000,1.000000000,,
0.843750000,1.000000000,,
0.859375000,1.000000000,,
0.875000000,1.000000000,,
0.890625000,1.000000000,,
0.906250000,1.000000000,,
0.921875000,1.000000000,,
0.937500000,1.000000000,,
0.953125000,1.000000000,,
0.968750000,1.000000000,,
0.984375000,1.000000000,,
1.000000000,1.000000000,,
