xNormalized,yNormalized,displayWaves,displayMicron
-1.000000000,-1.000000000,,
-0.984375000,-1.000000000,,
-0.968750000,-1.000000000,,
-0.953125000,-1.000000000,,
-0.937500000,-1.000000000,,
-0.921875000,-1.000000000,,
-0.906250000,-1.000000000,,
-0.890625000,-1.000000000,,
-0.875000000,-1.000000000,,
-0.859375000,-1.000000000,,
-0.843750000,-1.000000000,,
-0.828125000,-1.000000000,,
-0.812500000,-1.000000000,,
-0.796875000,-1.000000000,,
-0.781250000,-1.000000000,,
-0.765625000,-1.000000000,,
-0.750000000,-1.000000000,,
-0.734375000,-1.000000000,,
-0.718750000,-1.000000000,,
-0.703125000,-1.000000000,,
-0.687500000,-1.000000000,,
-0.671875000,-1.000000000,,
-0.656250000,-1.000000000,,
-0.640625000,-1.000000000,,
-0.625000000,-1.000000000,,
-0.609375000,-1.000000000,,
-0.593750000,-1.000000000,,
-0.578125000,-1.000000000,,
-0.562500000,-1.000000000,,
-0.546875000,-1.000000000,,
-0.531250000,-1.000000000,,
-0.515625000,-1.000000000,,
-0.500000000,-1.000000000,,
-0.484375000,-1.000000000,,
-0.468750000,-1.000000000,,
-0.453125000,-1.000000000,,
-0.437500000,-1.000000000,,
-0.421875000,-1.000000000,,
-0.406250000,-1.000000000,,
-0.390625000,-1.000000000,,
-0.375000000,-1.000000000,,
-0.359375000,-1.000000000,,
-0.343750000,-1.000000000,,
-0.328125000,-1.000000000,,
-0.312500000,-1.000000000,,
-0.296875000,-1.000000000,,
-0.281250000,-1.000000000,,
-0.265625000,-1.000000000,,
-0.250000000,-1.000000000,,
-0.234375000,-1.000000000,,
-0.218750000,-1.000000000,,
-0.203125000,-1.000000000,,
-0.187500000,-1.000000000,,
-0.171875000,-1.000000000,,
-0.156250000,-1.000000000,,
-0.140625000,-1.000000000,,
-0.125000000,-1.000000000,,
-0.109375000,-1.000000000,,
-0.093750000,-1.000000000,,
-0.078125000,-1.000000000,,
-0.062500000,-1.000000000,,
-0.046875000,-1.000000000,,
-0.031250000,-1.000000000,,
-0.015625000,-1.000000000,,
0.000000000,-1.000000000,,
0.015625000,-1.000000000,,
0.031250000,-1.000000000,,
0.046875000,-1.000000000,,
0.062500000,-1.000000000,,
0.078125000,-1.000000000,,
0.093750000,-1.000000000,,
0.109375000,-1.000000000,,
0.125000000,-1.000000000,,
0.140625000,-1.000000000,,
0.156250000,-1.000000000,,
0.171875000,-1.000000000,,
0.187500000,-1.000000000,,
0.203125000,-1.000000000,,
0.218750000,-1.000000000,,
0.234375000,-1.000000000,,
0.250000000,-1.000000000,,
0.265625000,-1.000000000,,
0.281250000,-1.000000000,,
0.296875000,-1.000000000,,
0.312500000,-1.000000000,,
0.328125000,-1.000000000,,
0.343750000,-1.000000000,,
0.359375000,-1.000000000,,
0.375000000,-1.000000000,,
0.390625000,-1.000000000,,
0.406250000,-1.000000000,,
0.421875000,-1.000000000,,
0.437500000,-1.000000000,,
0.453125000,-1.000000000,,
0.468750000,-1.000000000,,
0.484375000,-1.000000000,,
0.500000000,-1.000000000,,
0.515625000,-1.000000000,,
0.531250000,-1.000000000,,
0.546875000,-1.000000000,,
0.562500000,-1.000000000,,
0.578125000,-1.000000000,,
0.593750000,-1.000000000,,
0.609375000,-1.000000000,,
0.625000000,-1.000000000,,
0.640625000,-1.000000000,,
0.656250000,-1.000000000,,
0.671875000,-1.000000000,,
0.687500000,-1.000000000,,
0.703125000,-1.000000000,,
0.718750000,-1.000000000,,
0.734375000,-1.000000000,,
0.750000000,-1.000000000,,
0.765625000,-1.000000000,,
0.781250000,-1.000000000,,
0.796875000,-1.000000000,,
0.812500000,-1.000000000,,
0.828125000,-1.000000000,,
0.843750000,-1.000000000,,
0.859375000,-1.000000000,,
0.875000000,-1.000000000,,
0.890625000,-1.000000000,,
0.906250000,-1.000000000,,
0.921875000,-1.000000000,,
0.937500000,-1.000000000,,
0.953125000,-1.000000000,,
0.968750000,-1.000000000,,
0.984375000,-1.000000000,,
1.000000000,-1.000000000,,
-1.000000000,-0.984375000,,
-0.984375000,-0.984375000,,
-0.968750000,-0.984375000,,
-0.953125000,-0.984375000,,
-0.937500000,-0.984375000,,
-0.921875000,-0.984375000,,
-0.906250000,-0.984375000,,
-0.890625000,-0.984375000,,
-0.875000000,-0.984375000,,
-0.859375000,-0.984375000,,
-0.843750000,-0.984375000,,
-0.828125000,-0.984375000,,
-0.812500000,-0.984375000,,
-0.796875000,-0.984375000,,
-0.781250000,-0.984375000,,
-0.765625000,-0.984375000,,
-0.750000000,-0.984375000,,
-0.734375000,-0.984375000,,
-0.718750000,-0.984375000,,
-0.703125000,-0.984375000,,
-0.687500000,-0.984375000,,
-0.671875000,-0.984375000,,
-0.656250000,-0.984375000,,
-0.640625000,-0.984375000,,
-0.625000000,-0.984375000,,
-0.609375000,-0.984375000,,
-0.593750000,-0.984375000,,
-0.578125000,-0.984375000,,
-0.562500000,-0.984375000,,
-0.546875000,-0.984375000,,
-0.531250000,-0.984375000,,
-0.515625000,-0.984375000,,
-0.500000000,-0.984375000,,
-0.484375000,-0.984375000,,
-0.468750000,-0.984375000,,
-0.453125000,-0.984375000,,
-0.437500000,-0.984375000,,
-0.421875000,-0.984375000,,
-0.406250000,-0.984375000,,
-0.390625000,-0.984375000,,
-0.375000000,-0.984375000,,
-0.359375000,-0.984375000,,
-0.343750000,-0.984375000,,
-0.328125000,-0.984375000,,
-0.312500000,-0.984375000,,
-0.296875000,-0.984375000,,
-0.281250000,-0.984375000,,
-0.265625000,-0.984375000,,
-0.250000000,-0.984375000,,
-0.234375000,-0.984375000,,
-0.218750000,-0.984375000,,
-0.203125000,-0.984375000,,
-0.187500000,-0.984375000,,
-0.171875000,-0.984375000,,
-0.156250000,-0.984375000,,
-0.140625000,-0.984375000,,
-0.125000000,-0.984375000,,
-0.109375000,-0.984375000,,
-0.093750000,-0.984375000,,
-0.078125000,-0.984375000,,
-0.062500000,-0.984375000,,
-0.046875000,-0.984375000,,
-0.031250000,-0.984375000,,
-0.015625000,-0.984375000,,
0.000000000,-0.984375000,,
0.015625000,-0.984375000,,
0.031250000,-0.984375000,,
0.046875000,-0.984375000,,
0.062500000,-0.984375000,,
0.078125000,-0.984375000,,
0.093750000,-0.984375000,,
0.109375000,-0.984375000,,
0.125000000,-0.984375000,,
0.140625000,-0.984375000,,
0.156250000,-0.984375000,,
0.171875000,-0.984375000,,
0.187500000,-0.984375000,,
0.203125000,-0.984375000,,
0.218750000,-0.984375000,,
0.234375000,-0.984375000,,
0.250000000,-0.984375000,,
0.265625000,-0.984375000,,
0.281250000,-0.984375000,,
0.296875000,-0.984375000,,
0.312500000,-0.984375000,,
0.328125000,-0.984375000,,
0.343750000,-0.984375000,,
0.359375000,-0.984375000,,
0.375000000,-0.984375000,,
0.390625000,-0.984375000,,
0.406250000,-0.984375000,,
0.421875000,-0.984375000,,
0.437500000,-0.984375000,,
0.453125000,-0.984375000,,
0.468750000,-0.984375000,,
0.484375000,-0.984375000,,
0.500000000,-0.984375000,,
0.515625000,-0.984375000,,
0.531250000,-0.984375000,,
0.546875000,-0.984375000,,
0.562500000,-0.984375000,,
0.578125000,-0.984375000,,
0.593750000,-0.984375000,,
0.609375000,-0.984375000,,
0.625000000,-0.984375000,,
0.640625000,-0.984375000,,
0.656250000,-0.984375000,,
0.671875000,-0.984375000,,
0.687500000,-0.984375000,,
0.703125000,-0.984375000,,
0.718750000,-0.984375000,,
0.734375000,-0.984375000,,
0.750000000,-0.984375000,,
0.765625000,-0.984375000,,
0.781250000,-0.984375000,,
0.796875000,-0.984375000,,
0.812500000,-0.984375000,,
0.828125000,-0.984375000,,
0.843750000,-0.984375000,,
0.859375000,-0.984375000,,
0.875000000,-0.984375000,,
0.890625000,-0.984375000,,
0.906250000,-0.984375000,,
0.921875000,-0.984375000,,
0.937500000,-0.984375000,,
0.953125000,-0.984375000,,
0.968750000,-0.984375000,,
0.984375000,-0.984375000,,
1.000000000,-0.984375000,,
-1.000000000,-0.968750000,,
-0.984375000,-0.968750000,,
-0.968750000,-0.968750000,,
-0.953125000,-0.968750000,,
-0.937500000,-0.968750000,,
-0.921875000,-0.968750000,,
-0.906250000,-0.968750000,,
-0.890625000,-0.968750000,,
-0.875000000,-0.968750000,,
-0.859375000,-0.968750000,,
-0.843750000,-0.968750000,,
-0.828125000,-0.968750000,,
-0.812500000,-0.968750000,,
-0.796875000,-0.968750000,,
-0.781250000,-0.968750000,,
-0.765625000,-0.968750000,,
-0.750000000,-0.968750000,,
-0.734375000,-0.968750000,,
-0.718750000,-0.968750000,,
-0.703125000,-0.968750000,,
-0.687500000,-0.968750000,,
-0.671875000,-0.968750000,,
-0.656250000,-0.968750000,,
-0.640625000,-0.968750000,,
-0.625000000,-0.968750000,,
-0.609375000,-0.968750000,,
-0.593750000,-0.968750000,,
-0.578125000,-0.968750000,,
-0.562500000,-0.968750000,,
-0.546875000,-0.968750000,,
-0.531250000,-0.968750000,,
-0.515625000,-0.968750000,,
-0.500000000,-0.968750000,,
-0.484375000,-0.968750000,,
-0.468750000,-0.968750000,,
-0.453125000,-0.968750000,,
-0.437500000,-0.968750000,,
-0.421875000,-0.968750000,,
-0.406250000,-0.968750000,,
-0.390625000,-0.968750000,,
-0.375000000,-0.968750000,,
-0.359375000,-0.968750000,,
-0.343750000,-0.968750000,,
-0.328125000,-0.968750000,,
-0.312500000,-0.968750000,,
-0.296875000,-0.968750000,,
-0.281250000,-0.968750000,,
-0.265625000,-0.968750000,,
-0.250000000,-0.968750000,,
-0.234375000,-0.968750000,,
-0.218750000,-0.968750000,,
-0.203125000,-0.968750000,,
-0.187500000,-0.968750000,,
-0.171875000,-0.968750000,,
-0.156250000,-0.968750000,,
-0.140625000,-0.968750000,,
-0.125000000,-0.968750000,,
-0.109375000,-0.968750000,-1.68693363920,-0.801293478622
-0.093750000,-0.968750000,-1.66569058181,-0.791203026361
-0.078125000,-0.968750000,-1.64763807767,-0.782628086894
-0.062500000,-0.968750000,-1.63281429979,-0.775586792398
-0.046875000,-0.968750000,-1.62125106293,-0.770094254892
-0.031250000,-0.968750000,-1.61297346297,-0.766162394909
-0.015625000,-0.968750000,-1.60799960899,-0.763799814269
0.000000000,-0.968750000,-1.60634043839,-0.763011708238
0.015625000,-0.968750000,-1.60799960899,-0.763799814269
0.031250000,-0.968750000,-1.61297346297,-0.766162394909
0.046875000,-0.968750000,-1.62125106293,-0.770094254892
0.062500000,-0.968750000,-1.63281429979,-0.775586792398
0.078125000,-0.968750000,-1.64763807767,-0.782628086894
0.093750000,-0.968750000,-1.66569058181,-0.791203026361
0.109375000,-0.968750000,-1.68693363920,-0.801293478622
0.125000000,-0.968750000,,
0.140625000,-0.968750000,,
0.156250000,-0.968750000,,
0.171875000,-0.968750000,,
0.187500000,-0.968750000,,
0.203125000,-0.968750000,,
0.218750000,-0.968750000,,
0.234375000,-0.968750000,,
0.250000000,-0.968750000,,
0.265625000,-0.968750000,,
0.281250000,-0.968750000,,
0.296875000,-0.968750000,,
0.312500000,-0.968750000,,
0.328125000,-0.968750000,,
0.343750000,-0.968750000,,
0.359375000,-0.968750000,,
0.375000000,-0.968750000,,
0.390625000,-0.968750000,,
0.406250000,-0.968750000,,
0.421875000,-0.968750000,,
0.437500000,-0.968750000,,
0.453125000,-0.968750000,,
0.468750000,-0.968750000,,
0.484375000,-0.968750000,,
0.500000000,-0.968750000,,
0.515625000,-0.968750000,,
0.531250000,-0.968750000,,
0.546875000,-0.968750000,,
0.562500000,-0.968750000,,
0.578125000,-0.968750000,,
0.593750000,-0.968750000,,
0.609375000,-0.968750000,,
0.625000000,-0.968750000,,
0.640625000,-0.968750000,,
0.656250000,-0.968750000,,
0.671875000,-0.968750000,,
0.687500000,-0.968750000,,
0.703125000,-0.968750000,,
0.718750000,-0.968750000,,
0.734375000,-0.968750000,,
0.750000000,-0.968750000,,
0.765625000,-0.968750000,,
0.781250000,-0.968750000,,
0.796875000,-0.968750000,,
0.812500000,-0.968750000,,
0.828125000,-0.968750000,,
0.843750000,-0.968750000,,
0.859375000,-0.968750000,,
0.875000000,-0.968750000,,
0.890625000,-0.968750000,,
0.906250000,-0.968750000,,
0.921875000,-0.968750000,,
0.937500000,-0.968750000,,
0.953125000,-0.968750000,,
0.968750000,-0.968750000,,
0.984375000,-0.968750000,,
1.000000000,-0.968750000,,
-1.000000000,-0.953125000,,
-0.984375000,-0.953125000,,
-0.968750000,-0.953125000,,
-0.953125000,-0.953125000,,
-0.937500000,-0.953125000,,
-0.921875000,-0.953125000,,
-0.906250000,-0.953125000,,
-0.890625000,-0.953125000,,
-0.875000000,-0.953125000,,
-0.859375000,-0.953125000,,
-0.843750000,-0.953125000,,
-0.828125000,-0.953125000,,
-0.812500000,-0.953125000,,
-0.796875000,-0.953125000,,
-0.781250000,-0.953125000,,
-0.765625000,-0.953125000,,
-0.750000000,-0.953125000,,
-0.734375000,-0.953125000,,
-0.718750000,-0.953125000,,
-0.703125000,-0.953125000,,
-0.687500000,-0.953125000,,
-0.671875000,-0.953125000,,
-0.656250000,-0.953125000,,
-0.640625000,-0.953125000,,
-0.625000000,-0.953125000,,
-0.609375000,-0.953125000,,
-0.593750000,-0.953125000,,
-0.578125000,-0.953125000,,
-0.562500000,-0.953125000,,
-0.546875000,-0.953125000,,
-0.531250000,-0.953125000,,
-0.515625000,-0.953125000,,
-0.500000000,-0.953125000,,
-0.484375000,-0.953125000,,
-0.468750000,-0.953125000,,
-0.453125000,-0.953125000,,
-0.437500000,-0.953125000,,
-0.421875000,-0.953125000,,
-0.406250000,-0.953125000,,
-0.390625000,-0.953125000,,
-0.375000000,-0.953125000,,
-0.359375000,-0.953125000,,
-0.343750000,-0.953125000,,
-0.328125000,-0.953125000,,
-0.312500000,-0.953125000,,
-0.296875000,-0.953125000,,
-0.281250000,-0.953125000,,
-0.265625000,-0.953125000,,
-0.250000000,-0.953125000,,
-0.234375000,-0.953125000,,
-0.218750000,-0.953125000,,
-0.203125000,-0.953125000,-1.67806544348,-0.797081085655
-0.187500000,-0.953125000,-1.63948920410,-0.778757371946
-0.171875000,-0.953125000,-1.60365450459,-0.761735889681
-0.156250000,-0.953125000,-1.57064116733,-0.746054554481
-0.140625000,-0.953125000,-1.54052509216,-0.731749418778
-0.125000000,-0.953125000,-1.51337725638,-0.718854196780
-0.109375000,-0.953125000,-1.48926289706,-0.707399876103
-0.093750000,-0.953125000,-1.46824084892,-0.697414403236
-0.078125000,-0.953125000,-1.45036300956,-0.688922429542
-0.062500000,-0.953125000,-1.43567391698,-0.681945110566
-0.046875000,-0.953125000,-1.42421041657,-0.676499947871
-0.031250000,-0.953125000,-1.41600140859,-0.672600669082
-0.015625000,-0.953125000,-1.41106766192,-0.670257139410
0.000000000,-0.953125000,-1.40942168692,-0.669475301287
0.015625000,-0.953125000,-1.41106766192,-0.670257139410
0.031250000,-0.953125000,-1.41600140859,-0.672600669082
0.046875000,-0.953125000,-1.42421041657,-0.676499947871
0.062500000,-0.953125000,-1.43567391698,-0.681945110566
0.078125000,-0.953125000,-1.45036300956,-0.688922429542
0.093750000,-0.953125000,-1.46824084892,-0.697414403236
0.109375000,-0.953125000,-1.48926289706,-0.707399876103
0.125000000,-0.953125000,-1.51337725638,-0.718854196780
0.140625000,-0.953125000,-1.54052509216,-0.731749418778
0.156250000,-0.953125000,-1.57064116733,-0.746054554481
0.171875000,-0.953125000,-1.60365450459,-0.761735889681
0.187500000,-0.953125000,-1.63948920410,-0.778757371946
0.203125000,-0.953125000,-1.67806544348,-0.797081085655
0.218750000,-0.953125000,,
0.234375000,-0.953125000,,
0.250000000,-0.953125000,,
0.265625000,-0.953125000,,
0.281250000,-0.953125000,,
0.296875000,-0.953125000,,
0.312500000,-0.953125000,,
0.328125000,-0.953125000,,
0.343750000,-0.953125000,,
0.359375000,-0.953125000,,
0.375000000,-0.953125000,,
0.390625000,-0.953125000,,
0.406250000,-0.953125000,,
0.421875000,-0.953125000,,
0.437500000,-0.953125000,,
0.453125000,-0.953125000,,
0.468750000,-0.953125000,,
0.484375000,-0.953125000,,
0.500000000,-0.953125000,,
0.515625000,-0.953125000,,
0.531250000,-0.953125000,,
0.546875000,-0.953125000,,
0.562500000,-0.953125000,,
0.578125000,-0.953125000,,
0.593750000,-0.953125000,,
0.609375000,-0.953125000,,
0.625000000,-0.953125000,,
0.640625000,-0.953125000,,
0.656250000,-0.953125000,,
0.671875000,-0.953125000,,
0.687500000,-0.953125000,,
0.703125000,-0.953125000,,
0.718750000,-0.953125000,,
0.734375000,-0.953125000,,
0.750000000,-0.953125000,,
0.765625000,-0.953125000,,
0.781250000,-0.953125000,,
0.796875000,-0.953125000,,
0.812500000,-0.953125000,,
0.828125000,-0.953125000,,
0.843750000,-0.953125000,,
0.859375000,-0.953125000,,
0.875000000,-0.953125000,,
0.890625000,-0.953125000,,
0.906250000,-0.953125000,,
0.921875000,-0.953125000,,
0.937500000,-0.953125000,,
0.953125000,-0.953125000,,
0.968750000,-0.953125000,,
0.984375000,-0.953125000,,
1.000000000,-0.953125000,,
-1.000000000,-0.937500000,,
-0.984375000,-0.937500000,,
-0.968750000,-0.937500000,,
-0.953125000,-0.937500000,,
-0.937500000,-0.937500000,,
-0.921875000,-0.937500000,,
-0.906250000,-0.937500000,,
-0.890625000,-0.937500000,,
-0.875000000,-0.937500000,,
-0.859375000,-0.937500000,,
-0.843750000,-0.937500000,,
-0.828125000,-0.937500000,,
-0.812500000,-0.937500000,,
-0.796875000,-0.937500000,,
-0.781250000,-0.937500000,,
-0.765625000,-0.937500000,,
-0.750000000,-0.937500000,,
-0.734375000,-0.937500000,,
-0.718750000,-0.937500000,,
-0.703125000,-0.937500000,,
-0.687500000,-0.937500000,,
-0.671875000,-0.937500000,,
-0.656250000,-0.937500000,,
-0.640625000,-0.937500000,,
-0.625000000,-0.937500000,,
-0.609375000,-0.937500000,,
-0.593750000,-0.937500000,,
-0.578125000,-0.937500000,,
-0.562500000,-0.937500000,,
-0.546875000,-0.937500000,,
-0.531250000,-0.937500000,,
-0.515625000,-0.937500000,,
-0.500000000,-0.937500000,,
-0.484375000,-0.937500000,,
-0.468750000,-0.937500000,,
-0.453125000,-0.937500000,,
-0.437500000,-0.937500000,,
-0.421875000,-0.937500000,,
-0.406250000,-0.937500000,,
-0.390625000,-0.937500000,,
-0.375000000,-0.937500000,,
-0.359375000,-0.937500000,,
-0.343750000,-0.937500000,,
-0.328125000,-0.937500000,,
-0.312500000,-0.937500000,,
-0.296875000,-0.937500000,,
-0.281250000,-0.937500000,,
-0.265625000,-0.937500000,-1.66907159038,-0.792809005432
-0.250000000,-0.937500000,-1.62127248731,-0.770104431472
-0.234375000,-0.937500000,-1.57571849609,-0.748466285642
-0.218750000,-0.937500000,-1.53251661110,-0.727945390274
-0.203125000,-0.937500000,-1.49177282866,-0.708592093615
-0.187500000,-0.937500000,-1.45359048004,-0.690455478019
-0.171875000,-0.937500000,-1.41806885986,-0.673582708433
-0.156250000,-0.937500000,-1.38530210660,-0.658018500635
-0.140625000,-0.937500000,-1.35537829250,-0.643804688939
-0.125000000,-0.937500000,-1.32837869017,-0.630979877832
-0.109375000,-0.937500000,-1.30437718601,-0.619579163354
-0.093750000,-0.937500000,-1.28343981483,-0.609633912043
-0.078125000,-0.937500000,-1.26562439557,-0.601171587895
-0.062500000,-0.937500000,-1.25098024790,-0.594215617752
-0.046875000,-0.937500000,-1.23954797733,-0.588785289231
-0.031250000,-0.937500000,-1.23135931431,-0.584895674295
-0.015625000,-0.937500000,-1.22643699964,-0.582557574828
0.000000000,-0.937500000,-1.22479470710,-0.581777485871
0.015625000,-0.937500000,-1.22643699964,-0.582557574828
0.031250000,-0.937500000,-1.23135931431,-0.584895674295
0.046875000,-0.937500000,-1.23954797733,-0.588785289231
0.062500000,-0.937500000,-1.25098024790,-0.594215617752
0.078125000,-0.937500000,-1.26562439557,-0.601171587895
0.093750000,-0.937500000,-1.28343981483,-0.609633912043
0.109375000,-0.937500000,-1.30437718601,-0.619579163354
0.125000000,-0.937500000,-1.32837869017,-0.630979877832
0.140625000,-0.937500000,-1.35537829250,-0.643804688939
0.156250000,-0.937500000,-1.38530210660,-0.658018500635
0.171875000,-0.937500000,-1.41806885986,-0.673582708433
0.187500000,-0.937500000,-1.45359048004,-0.690455478019
0.203125000,-0.937500000,-1.49177282866,-0.708592093615
0.218750000,-0.937500000,-1.53251661110,-0.727945390274
0.234375000,-0.937500000,-1.57571849609,-0.748466285642
0.250000000,-0.937500000,-1.62127248731,-0.770104431472
0.265625000,-0.937500000,-1.66907159038,-0.792809005432
0.281250000,-0.937500000,,
0.296875000,-0.937500000,,
0.312500000,-0.937500000,,
0.328125000,-0.937500000,,
0.343750000,-0.937500000,,
0.359375000,-0.937500000,,
0.375000000,-0.937500000,,
0.390625000,-0.937500000,,
0.406250000,-0.937500000,,
0.421875000,-0.937500000,,
0.437500000,-0.937500000,,
0.453125000,-0.937500000,,
0.468750000,-0.937500000,,
0.484375000,-0.937500000,,
0.500000000,-0.937500000,,
0.515625000,-0.937500000,,
0.531250000,-0.937500000,,
0.546875000,-0.937500000,,
0.562500000,-0.937500000,,
0.578125000,-0.937500000,,
0.593750000,-0.937500000,,
0.609375000,-0.937500000,,
0.625000000,-0.937500000,,
0.640625000,-0.937500000,,
0.656250000,-0.937500000,,
0.671875000,-0.937500000,,
0.687500000,-0.937500000,,
0.703125000,-0.937500000,,
0.718750000,-0.937500000,,
0.734375000,-0.937500000,,
0.750000000,-0.937500000,,
0.765625000,-0.937500000,,
0.781250000,-0.937500000,,
0.796875000,-0.937500000,,
0.812500000,-0.937500000,,
0.828125000,-0.937500000,,
0.843750000,-0.937500000,,
0.859375000,-0.937500000,,
0.875000000,-0.937500000,,
0.890625000,-0.937500000,,
0.906250000,-0.937500000,,
0.921875000,-0.937500000,,
0.937500000,-0.937500000,,
0.953125000,-0.937500000,,
0.968750000,-0.937500000,,
0.984375000,-0.937500000,,
1.000000000,-0.937500000,,
-1.000000000,-0.921875000,,
-0.984375000,-0.921875000,,
-0.968750000,-0.921875000,,
-0.953125000,-0.921875000,,
-0.937500000,-0.921875000,,
-0.921875000,-0.921875000,,
-0.906250000,-0.921875000,,
-0.890625000,-0.921875000,,
-0.875000000,-0.921875000,,
-0.859375000,-0.921875000,,
-0.843750000,-0.921875000,,
-0.828125000,-0.921875000,,
-0.812500000,-0.921875000,,
-0.796875000,-0.921875000,,
-0.781250000,-0.921875000,,
-0.765625000,-0.921875000,,
-0.750000000,-0.921875000,,
-0.734375000,-0.921875000,,
-0.718750000,-0.921875000,,
-0.703125000,-0.921875000,,
-0.687500000,-0.921875000,,
-0.671875000,-0.921875000,,
-0.656250000,-0.921875000,,
-0.640625000,-0.921875000,,
-0.625000000,-0.921875000,,
-0.609375000,-0.921875000,,
-0.593750000,-0.921875000,,
-0.578125000,-0.921875000,,
-0.562500000,-0.921875000,,
-0.546875000,-0.921875000,,
-0.531250000,-0.921875000,,
-0.515625000,-0.921875000,,
-0.500000000,-0.921875000,,
-0.484375000,-0.921875000,,
-0.468750000,-0.921875000,,
-0.453125000,-0.921875000,,
-0.437500000,-0.921875000,,
-0.421875000,-0.921875000,,
-0.406250000,-0.921875000,,
-0.390625000,-0.921875000,,
-0.375000000,-0.921875000,,
-0.359375000,-0.921875000,,
-0.343750000,-0.921875000,,
-0.328125000,-0.921875000,-1.70207354586,-0.808484934286
-0.312500000,-0.921875000,-1.64754279468,-0.782582827475
-0.296875000,-0.921875000,-1.59462640415,-0.757447541971
-0.281250000,-0.921875000,-1.54344905145,-0.733138299437
-0.265625000,-0.921875000,-1.49413998571,-0.709716493211
-0.250000000,-0.921875000,-1.44683021521,-0.687244352223
-0.234375000,-0.921875000,-1.40165017995,-0.665783835475
-0.218750000,-0.921875000,-1.35872783765,-0.645395722884
-0.203125000,-0.921875000,-1.31818709851,-0.626138871791
-0.187500000,-0.921875000,-1.28014655536,-0.608069613797
-0.171875000,-0.921875000,-1.24471846135,-0.591241269139
-0.156250000,-0.921875000,-1.21200791494,-0.575703759596
-0.140625000,-0.921875000,-1.18211221570,-0.561503302456
-0.125000000,-0.921875000,-1.15512036279,-0.548682172326
-0.109375000,-0.921875000,-1.13111266777,-0.537278517189
-0.093750000,-0.921875000,-1.11016046159,-0.527326219257
-0.078125000,-0.921875000,-1.09232587564,-0.518854790928
-0.062500000,-0.921875000,-1.07766168152,-0.511889298720
-0.046875000,-0.921875000,-1.06621117634,-0.506450308760
-0.031250000,-0.921875000,-1.05800810303,-0.502553848938
-0.015625000,-0.921875000,-1.05307659650,-0.500211383336
0.000000000,-0.921875000,-1.05143114997,-0.499429796238
0.015625000,-0.921875000,-1.05307659650,-0.500211383336
0.031250000,-0.921875000,-1.05800810303,-0.502553848938
0.046875000,-0.921875000,-1.06621117634,-0.506450308760
0.062500000,-0.921875000,-1.07766168152,-0.511889298720
0.078125000,-0.921875000,-1.09232587564,-0.518854790928
0.093750000,-0.921875000,-1.11016046159,-0.527326219257
0.109375000,-0.921875000,-1.13111266777,-0.537278517189
0.125000000,-0.921875000,-1.15512036279,-0.548682172326
0.140625000,-0.921875000,-1.18211221570,-0.561503302456
0.156250000,-0.921875000,-1.21200791494,-0.575703759596
0.171875000,-0.921875000,-1.24471846135,-0.591241269139
0.187500000,-0.921875000,-1.28014655536,-0.608069613797
0.203125000,-0.921875000,-1.31818709851,-0.626138871791
0.218750000,-0.921875000,-1.35872783765,-0.645395722884
0.234375000,-0.921875000,-1.40165017995,-0.665783835475
0.250000000,-0.921875000,-1.44683021521,-0.687244352223
0.265625000,-0.921875000,-1.49413998571,-0.709716493211
0.281250000,-0.921875000,-1.54344905145,-0.733138299437
0.296875000,-0.921875000,-1.59462640415,-0.757447541971
0.312500000,-0.921875000,-1.64754279468,-0.782582827475
0.328125000,-0.921875000,-1.70207354586,-0.808484934286
0.343750000,-0.921875000,,
0.359375000,-0.921875000,,
0.375000000,-0.921875000,,
0.390625000,-0.921875000,,
0.406250000,-0.921875000,,
0.421875000,-0.921875000,,
0.437500000,-0.921875000,,
0.453125000,-0.921875000,,
0.468750000,-0.921875000,,
0.484375000,-0.921875000,,
0.500000000,-0.921875000,,
0.515625000,-0.921875000,,
0.531250000,-0.921875000,,
0.546875000,-0.921875000,,
0.562500000,-0.921875000,,
0.578125000,-0.921875000,,
0.593750000,-0.921875000,,
0.609375000,-0.921875000,,
0.625000000,-0.921875000,,
0.640625000,-0.921875000,,
0.656250000,-0.921875000,,
0.671875000,-0.921875000,,
0.687500000,-0.921875000,,
0.703125000,-0.921875000,,
0.718750000,-0.921875000,,
0.734375000,-0.921875000,,
0.750000000,-0.921875000,,
0.765625000,-0.921875000,,
0.781250000,-0.921875000,,
0.796875000,-0.921875000,,
0.812500000,-0.921875000,,
0.828125000,-0.921875000,,
0.843750000,-0.921875000,,
0.859375000,-0.921875000,,
0.875000000,-0.921875000,,
0.890625000,-0.921875000,,
0.906250000,-0.921875000,,
0.921875000,-0.921875000,,
0.937500000,-0.921875000,,
0.953125000,-0.921875000,,
0.968750000,-0.921875000,,
0.984375000,-0.921875000,,
1.000000000,-0.921875000,,
-1.000000000,-0.906250000,,
-0.984375000,-0.906250000,,
-0.968750000,-0.906250000,,
-0.953125000,-0.906250000,,
-0.937500000,-0.906250000,,
-0.921875000,-0.906250000,,
-0.906250000,-0.906250000,,
-0.890625000,-0.906250000,,
-0.875000000,-0.906250000,,
-0.859375000,-0.906250000,,
-0.843750000,-0.906250000,,
-0.828125000,-0.906250000,,
-0.812500000,-0.906250000,,
-0.796875000,-0.906250000,,
-0.781250000,-0.906250000,,
-0.765625000,-0.906250000,,
-0.750000000,-0.906250000,,
-0.734375000,-0.906250000,,
-0.718750000,-0.906250000,,
-0.703125000,-0.906250000,,
-0.687500000,-0.906250000,,
-0.671875000,-0.906250000,,
-0.656250000,-0.906250000,,
-0.640625000,-0.906250000,,
-0.625000000,-0.906250000,,
-0.609375000,-0.906250000,,
-0.593750000,-0.906250000,,
-0.578125000,-0.906250000,,
-0.562500000,-0.906250000,,
-0.546875000,-0.906250000,,
-0.531250000,-0.906250000,,
-0.515625000,-0.906250000,,
-0.500000000,-0.906250000,,
-0.484375000,-0.906250000,,
-0.468750000,-0.906250000,,
-0.453125000,-0.906250000,,
-0.437500000,-0.906250000,,
-0.421875000,-0.906250000,,
-0.406250000,-0.906250000,,
-0.390625000,-0.906250000,,
-0.375000000,-0.906250000,,
-0.359375000,-0.906250000,-1.64929589616,-0.783415550677
-0.343750000,-0.906250000,-1.59303020435,-0.756689347067
-0.328125000,-0.906250000,-1.53790541303,-0.730505071187
-0.312500000,-0.906250000,-1.48406821441,-0.704932401843
-0.296875000,-0.906250000,-1.43167143197,-0.680043930184
-0.281250000,-0.906250000,-1.38087072096,-0.655913592454
-0.265625000,-0.906250000,-1.33182184611,-0.632615376901
-0.250000000,-0.906250000,-1.28467844884,-0.610222263200
-0.234375000,-0.906250000,-1.23959023075,-0.588805359604
-0.218750000,-0.906250000,-1.19670148789,-0.568433206750
-0.203125000,-0.906250000,-1.15614993930,-0.549171221167
-0.187500000,-0.906250000,-1.11806580362,-0.531081256717
-0.171875000,-0.906250000,-1.08257107921,-0.514221262624
-0.156250000,-0.906250000,-1.04977899472,-0.498645022490
-0.140625000,-0.906250000,-1.01979359604,-0.484401958120
-0.125000000,-0.906250000,-0.992709445656,-0.471536986687
-0.109375000,-0.906250000,-0.968611409588,-0.460090419555
-0.093750000,-0.906250000,-0.947574512990,-0.450097893670
-0.078125000,-0.906250000,-0.929663848456,-0.441590328017
-0.062500000,-0.906250000,-0.914934521946,-0.434593897924
-0.046875000,-0.906250000,-0.903431625771,-0.429130022241
-0.031250000,-0.906250000,-0.895190228247,-0.425215358418
-0.015625000,-0.906250000,-0.890235373883,-0.422861802594
0.000000000,-0.906250000,-0.888582086577,-0.422076491124
0.015625000,-0.906250000,-0.890235373883,-0.422861802594
0.031250000,-0.906250000,-0.895190228247,-0.425215358418
0.046875000,-0.906250000,-0.903431625771,-0.429130022241
0.062500000,-0.906250000,-0.914934521946,-0.434593897924
0.078125000,-0.906250000,-0.929663848456,-0.441590328017
0.093750000,-0.906250000,-0.947574512990,-0.450097893670
0.109375000,-0.906250000,-0.968611409588,-0.460090419555
0.125000000,-0.906250000,-0.992709445656,-0.471536986687
0.140625000,-0.906250000,-1.01979359604,-0.484401958120
0.156250000,-0.906250000,-1.04977899472,-0.498645022490
0.171875000,-0.906250000,-1.08257107921,-0.514221262624
0.187500000,-0.906250000,-1.11806580362,-0.531081256717
0.203125000,-0.906250000,-1.15614993930,-0.549171221167
0.218750000,-0.906250000,-1.19670148789,-0.568433206750
0.234375000,-0.906250000,-1.23959023075,-0.588805359604
0.250000000,-0.906250000,-1.28467844884,-0.610222263200
0.265625000,-0.906250000,-1.33182184611,-0.632615376901
0.281250000,-0.906250000,-1.38087072096,-0.655913592454
0.296875000,-0.906250000,-1.43167143197,-0.680043930184
0.312500000,-0.906250000,-1.48406821441,-0.704932401843
0.328125000,-0.906250000,-1.53790541303,-0.730505071187
0.343750000,-0.906250000,-1.59303020435,-0.756689347067
0.359375000,-0.906250000,-1.64929589616,-0.783415550677
0.375000000,-0.906250000,,
0.390625000,-0.906250000,,
0.406250000,-0.906250000,,
0.421875000,-0.906250000,,
0.437500000,-0.906250000,,
0.453125000,-0.906250000,,
0.468750000,-0.906250000,,
0.484375000,-0.906250000,,
0.500000000,-0.906250000,,
0.515625000,-0.906250000,,
0.531250000,-0.906250000,,
0.546875000,-0.906250000,,
0.562500000,-0.906250000,,
0.578125000,-0.906250000,,
0.593750000,-0.906250000,,
0.609375000,-0.906250000,,
0.625000000,-0.906250000,,
0.640625000,-0.906250000,,
0.656250000,-0.906250000,,
0.671875000,-0.906250000,,
0.687500000,-0.906250000,,
0.703125000,-0.906250000,,
0.718750000,-0.906250000,,
0.734375000,-0.906250000,,
0.750000000,-0.906250000,,
0.765625000,-0.906250000,,
0.781250000,-0.906250000,,
0.796875000,-0.906250000,,
0.812500000,-0.906250000,,
0.828125000,-0.906250000,,
0.843750000,-0.906250000,,
0.859375000,-0.906250000,,
0.875000000,-0.906250000,,
0.890625000,-0.906250000,,
0.906250000,-0.906250000,,
0.921875000,-0.906250000,,
0.937500000,-0.906250000,,
0.953125000,-0.906250000,,
0.968750000,-0.906250000,,
0.984375000,-0.906250000,,
1.000000000,-0.906250000,,
-1.000000000,-0.890625000,,
-0.984375000,-0.890625000,,
-0.968750000,-0.890625000,,
-0.953125000,-0.890625000,,
-0.937500000,-0.890625000,,
-0.921875000,-0.890625000,,
-0.906250000,-0.890625000,,
-0.890625000,-0.890625000,,
-0.875000000,-0.890625000,,
-0.859375000,-0.890625000,,
-0.843750000,-0.890625000,,
-0.828125000,-0.890625000,,
-0.812500000,-0.890625000,,
-0.796875000,-0.890625000,,
-0.781250000,-0.890625000,,
-0.765625000,-0.890625000,,
-0.750000000,-0.890625000,,
-0.734375000,-0.890625000,,
-0.718750000,-0.890625000,,
-0.703125000,-0.890625000,,
-0.687500000,-0.890625000,,
-0.671875000,-0.890625000,,
-0.656250000,-0.890625000,,
-0.640625000,-0.890625000,,
-0.625000000,-0.890625000,,
-0.609375000,-0.890625000,,
-0.593750000,-0.890625000,,
-0.578125000,-0.890625000,,
-0.562500000,-0.890625000,,
-0.546875000,-0.890625000,,
-0.531250000,-0.890625000,,
-0.515625000,-0.890625000,,
-0.500000000,-0.890625000,,
-0.484375000,-0.890625000,,
-0.468750000,-0.890625000,,
-0.453125000,-0.890625000,,
-0.437500000,-0.890625000,,
-0.421875000,-0.890625000,,
-0.406250000,-0.890625000,-1.66793467112,-0.792268968784
-0.390625000,-0.890625000,-1.61042422814,-0.764951508366
-0.375000000,-0.890625000,-1.55337159987,-0.737851509939
-0.359375000,-0.890625000,-1.49693191167,-0.711042658045
-0.343750000,-0.890625000,-1.44127328999,-0.684604812747
-0.328125000,-0.890625000,-1.38657213670,-0.658621764931
-0.312500000,-0.890625000,-1.33300921043,-0.633179374955
-0.296875000,-0.890625000,-1.28076639742,-0.608364038772
-0.281250000,-0.890625000,-1.23002406744,-0.584261432036
-0.265625000,-0.890625000,-1.18095892766,-0.560955490636
-0.250000000,-0.890625000,-1.13374229637,-0.538527590775
-0.234375000,-0.890625000,-1.08853873125,-0.517055897342
-0.218750000,-0.890625000,-1.04550495491,-0.496614853581
-0.203125000,-0.890625000,-1.00478902703,-0.477274787839
-0.187500000,-0.890625000,-0.966529721979,-0.459101617940
-0.171875000,-0.890625000,-0.930856073414,-0.442156634872
-0.156250000,-0.890625000,-0.897887055201,-0.426496351221
-0.140625000,-0.890625000,-0.867731370490,-0.412172400983
-0.125000000,-0.890625000,-0.840487325274,-0.399231479505
-0.109375000,-0.890625000,-0.816242766951,-0.387715314302
-0.093750000,-0.890625000,-0.795075069510,-0.377660658017
-0.078125000,-0.890625000,-0.777051152103,-0.369099297249
-0.062500000,-0.890625000,-0.762227517647,-0.362058070882
-0.046875000,-0.890625000,-0.750650301163,-0.356558893052
-0.031250000,-0.890625000,-0.742355321027,-0.352618777488
-0.015625000,-0.890625000,-0.737368124872,-0.350249859314
0.000000000,-0.890625000,-0.735704025573,-0.349459412147
0.015625000,-0.890625000,-0.737368124872,-0.350249859314
0.031250000,-0.890625000,-0.742355321027,-0.352618777488
0.046875000,-0.890625000,-0.750650301163,-0.356558893052
0.062500000,-0.890625000,-0.762227517647,-0.362058070882
0.078125000,-0.890625000,-0.777051152103,-0.369099297249
0.093750000,-0.890625000,-0.795075069510,-0.377660658017
0.109375000,-0.890625000,-0.816242766951,-0.387715314302
0.125000000,-0.890625000,-0.840487325274,-0.399231479505
0.140625000,-0.890625000,-0.867731370490,-0.412172400983
0.156250000,-0.890625000,-0.897887055201,-0.426496351221
0.171875000,-0.890625000,-0.930856073414,-0.442156634872
0.187500000,-0.890625000,-0.966529721979,-0.459101617940
0.203125000,-0.890625000,-1.00478902703,-0.477274787839
0.218750000,-0.890625000,-1.04550495491,-0.496614853581
0.234375000,-0.890625000,-1.08853873125,-0.517055897342
0.250000000,-0.890625000,-1.13374229637,-0.538527590775
0.265625000,-0.890625000,-1.18095892766,-0.560955490636
0.281250000,-0.890625000,-1.23002406744,-0.584261432036
0.296875000,-0.890625000,-1.28076639742,-0.608364038772
0.312500000,-0.890625000,-1.33300921043,-0.633179374955
0.328125000,-0.890625000,-1.38657213670,-0.658621764931
0.343750000,-0.890625000,-1.44127328999,-0.684604812747
0.359375000,-0.890625000,-1.49693191167,-0.711042658045
0.375000000,-0.890625000,-1.55337159987,-0.737851509939
0.390625000,-0.890625000,-1.61042422814,-0.764951508366
0.406250000,-0.890625000,-1.66793467112,-0.792268968784
0.421875000,-0.890625000,,
0.437500000,-0.890625000,,
0.453125000,-0.890625000,,
0.468750000,-0.890625000,,
0.484375000,-0.890625000,,
0.500000000,-0.890625000,,
0.515625000,-0.890625000,,
0.531250000,-0.890625000,,
0.546875000,-0.890625000,,
0.562500000,-0.890625000,,
0.578125000,-0.890625000,,
0.593750000,-0.890625000,,
0.609375000,-0.890625000,,
0.625000000,-0.890625000,,
0.640625000,-0.890625000,,
0.656250000,-0.890625000,,
0.671875000,-0.890625000,,
0.687500000,-0.890625000,,
0.703125000,-0.890625000,,
0.718750000,-0.890625000,,
0.734375000,-0.890625000,,
0.750000000,-0.890625000,,
0.765625000,-0.890625000,,
0.781250000,-0.890625000,,
0.796875000,-0.890625000,,
0.812500000,-0.890625000,,
0.828125000,-0.890625000,,
0.843750000,-0.890625000,,
0.859375000,-0.890625000,,
0.875000000,-0.890625000,,
0.890625000,-0.890625000,,
0.906250000,-0.890625000,,
0.921875000,-0.890625000,,
0.937500000,-0.890625000,,
0.953125000,-0.890625000,,
0.968750000,-0.890625000,,
0.984375000,-0.890625000,,
1.000000000,-0.890625000,,
-1.000000000,-0.875000000,,
-0.984375000,-0.875000000,,
-0.968750000,-0.875000000,,
-0.953125000,-0.875000000,,
-0.937500000,-0.875000000,,
-0.921875000,-0.875000000,,
-0.906250000,-0.875000000,,
-0.890625000,-0.875000000,,
-0.875000000,-0.875000000,,
-0.859375000,-0.875000000,,
-0.843750000,-0.875000000,,
-0.828125000,-0.875000000,,
-0.812500000,-0.875000000,,
-0.796875000,-0.875000000,,
-0.781250000,-0.875000000,,
-0.765625000,-0.875000000,,
-0.750000000,-0.875000000,,
-0.734375000,-0.875000000,,
-0.718750000,-0.875000000,,
-0.703125000,-0.875000000,,
-0.687500000,-0.875000000,,
-0.671875000,-0.875000000,,
-0.656250000,-0.875000000,,
-0.640625000,-0.875000000,,
-0.625000000,-0.875000000,,
-0.609375000,-0.875000000,,
-0.593750000,-0.875000000,,
-0.578125000,-0.875000000,,
-0.562500000,-0.875000000,,
-0.546875000,-0.875000000,,
-0.531250000,-0.875000000,,
-0.515625000,-0.875000000,,
-0.500000000,-0.875000000,,
-0.484375000,-0.875000000,,
-0.468750000,-0.875000000,,
-0.453125000,-0.875000000,,
-0.437500000,-0.875000000,-1.63964766781,-0.778832642209
-0.421875000,-0.875000000,-1.58303655407,-0.751942363181
-0.406250000,-0.875000000,-1.52628171554,-0.724983814880
-0.390625000,-0.875000000,-1.46955459643,-0.698038433306
-0.375000000,-0.875000000,-1.41304352134,-0.671195672638
-0.359375000,-0.875000000,-1.35694802068,-0.644550309822
-0.343750000,-0.875000000,-1.30147412517,-0.618200209454
-0.328125000,-0.875000000,-1.24683048704,-0.592244481345
-0.312500000,-0.875000000,-1.19322520476,-0.566781972259
-0.296875000,-0.875000000,-1.14086324666,-0.541910042165
-0.281250000,-0.875000000,-1.08994437958,-0.517723580300
-0.265625000,-0.875000000,-1.04066152650,-0.494314225085
-0.250000000,-0.875000000,-0.993199482873,-0.471769754365
-0.234375000,-0.875000000,-0.947733934038,-0.450173618668
-0.218750000,-0.875000000,-0.904430721475,-0.429604592700
-0.203125000,-0.875000000,-0.863445315727,-0.410136524970
-0.187500000,-0.875000000,-0.824922456733,-0.391838166948
-0.171875000,-0.875000000,-0.788995928902,-0.374773066228
-0.156250000,-0.875000000,-0.755788443374,-0.358999510602
-0.140625000,-0.875000000,-0.725411602862,-0.344570511359
-0.125000000,-0.875000000,-0.697965927393,-0.331533815512
-0.109375000,-0.875000000,-0.673540924686,-0.319931939226
-0.093750000,-0.875000000,-0.652215188842,-0.309802214700
-0.078125000,-0.875000000,-0.634056514297,-0.301176844291
-0.062500000,-0.875000000,-0.619122014937,-0.294082957095
-0.046875000,-0.875000000,-0.607458239190,-0.288542663615
-0.031250000,-0.875000000,-0.599101273398,-0.284573104864
-0.015625000,-0.875000000,-0.594076828415,-0.282186493497
0.000000000,-0.875000000,-0.592400303844,-0.281390144326
0.015625000,-0.875000000,-0.594076828415,-0.282186493497
0.031250000,-0.875000000,-0.599101273398,-0.284573104864
0.046875000,-0.875000000,-0.607458239190,-0.288542663615
0.062500000,-0.875000000,-0.619122014937,-0.294082957095
0.078125000,-0.875000000,-0.634056514297,-0.301176844291
0.093750000,-0.875000000,-0.652215188842,-0.309802214700
0.109375000,-0.875000000,-0.673540924686,-0.319931939226
0.125000000,-0.875000000,-0.697965927393,-0.331533815512
0.140625000,-0.875000000,-0.725411602862,-0.344570511359
0.156250000,-0.875000000,-0.755788443374,-0.358999510602
0.171875000,-0.875000000,-0.788995928902,-0.374773066228
0.187500000,-0.875000000,-0.824922456733,-0.391838166948
0.203125000,-0.875000000,-0.863445315727,-0.410136524970
0.218750000,-0.875000000,-0.904430721475,-0.429604592700
0.234375000,-0.875000000,-0.947733934038,-0.450173618668
0.250000000,-0.875000000,-0.993199482873,-0.471769754365
0.265625000,-0.875000000,-1.04066152650,-0.494314225085
0.281250000,-0.875000000,-1.08994437958,-0.517723580300
0.296875000,-0.875000000,-1.14086324666,-0.541910042165
0.312500000,-0.875000000,-1.19322520476,-0.566781972259
0.328125000,-0.875000000,-1.24683048704,-0.592244481345
0.343750000,-0.875000000,-1.30147412517,-0.618200209454
0.359375000,-0.875000000,-1.35694802068,-0.644550309822
0.375000000,-0.875000000,-1.41304352134,-0.671195672638
0.390625000,-0.875000000,-1.46955459643,-0.698038433306
0.406250000,-0.875000000,-1.52628171554,-0.724983814880
0.421875000,-0.875000000,-1.58303655407,-0.751942363181
0.437500000,-0.875000000,-1.63964766781,-0.778832642209
0.453125000,-0.875000000,,
0.468750000,-0.875000000,,
0.484375000,-0.875000000,,
0.500000000,-0.875000000,,
0.515625000,-0.875000000,,
0.531250000,-0.875000000,,
0.546875000,-0.875000000,,
0.562500000,-0.875000000,,
0.578125000,-0.875000000,,
0.593750000,-0.875000000,,
0.609375000,-0.875000000,,
0.625000000,-0.875000000,,
0.640625000,-0.875000000,,
0.656250000,-0.875000000,,
0.671875000,-0.875000000,,
0.687500000,-0.875000000,,
0.703125000,-0.875000000,,
0.718750000,-0.875000000,,
0.734375000,-0.875000000,,
0.750000000,-0.875000000,,
0.765625000,-0.875000000,,
0.781250000,-0.875000000,,
0.796875000,-0.875000000,,
0.812500000,-0.875000000,,
0.828125000,-0.875000000,,
0.843750000,-0.875000000,,
0.859375000,-0.875000000,,
0.875000000,-0.875000000,,
0.890625000,-0.875000000,,
0.906250000,-0.875000000,,
0.921875000,-0.875000000,,
0.937500000,-0.875000000,,
0.953125000,-0.875000000,,
0.968750000,-0.875000000,,
0.984375000,-0.875000000,,
1.000000000,-0.875000000,,
-1.000000000,-0.859375000,,
-0.984375000,-0.859375000,,
-0.968750000,-0.859375000,,
-0.953125000,-0.859375000,,
-0.937500000,-0.859375000,,
-0.921875000,-0.859375000,,
-0.906250000,-0.859375000,,
-0.890625000,-0.859375000,,
-0.875000000,-0.859375000,,
-0.859375000,-0.859375000,,
-0.843750000,-0.859375000,,
-0.828125000,-0.859375000,,
-0.812500000,-0.859375000,,
-0.796875000,-0.859375000,,
-0.781250000,-0.859375000,,
-0.765625000,-0.859375000,,
-0.750000000,-0.859375000,,
-0.734375000,-0.859375000,,
-0.718750000,-0.859375000,,
-0.703125000,-0.859375000,,
-0.687500000,-0.859375000,,
-0.671875000,-0.859375000,,
-0.656250000,-0.859375000,,
-0.640625000,-0.859375000,,
-0.625000000,-0.859375000,,
-0.609375000,-0.859375000,,
-0.593750000,-0.859375000,,
-0.578125000,-0.859375000,,
-0.562500000,-0.859375000,,
-0.546875000,-0.859375000,,
-0.531250000,-0.859375000,,
-0.515625000,-0.859375000,,
-0.500000000,-0.859375000,,
-0.484375000,-0.859375000,,
-0.468750000,-0.859375000,-1.61889007645,-0.768972786314
-0.453125000,-0.859375000,-1.56446434717,-0.743120564905
-0.437500000,-0.859375000,-1.50923761714,-0.716887868144
-0.421875000,-0.859375000,-1.45339413743,-0.690362215281
-0.406250000,-0.859375000,-1.39714022232,-0.663641605600
-0.390625000,-0.859375000,-1.34069737501,-0.636831253128
-0.375000000,-0.859375000,-1.28429658259,-0.610040876728
-0.359375000,-0.859375000,-1.22817360740,-0.583382463516
-0.343750000,-0.859375000,-1.17256512855,-0.556968436063
-0.328125000,-0.859375000,-1.11770560536,-0.530910162546
-0.312500000,-0.859375000,-1.06382475351,-0.505316757917
-0.296875000,-0.859375000,-1.01114554001,-0.480294131505
-0.281250000,-0.859375000,-0.959882614427,-0.455944241853
-0.265625000,-0.859375000,-0.910241107301,-0.432364525968
-0.250000000,-0.859375000,-0.862415733920,-0.409647473612
-0.234375000,-0.859375000,-0.816590151891,-0.387880322148
-0.218750000,-0.859375000,-0.772936526562,-0.367144850117
-0.203125000,-0.859375000,-0.731615266501,-0.347517251588
-0.187500000,-0.859375000,-0.692774893077,-0.329068074212
-0.171875000,-0.859375000,-0.656552017688,-0.311862208402
-0.156250000,-0.859375000,-0.623071399696,-0.295958914856
-0.140625000,-0.859375000,-0.592446064303,-0.281411880544
-0.125000000,-0.859375000,-0.564777462013,-0.268269294456
-0.109375000,-0.859375000,-0.540155653543,-0.256573935433
-0.093750000,-0.859375000,-0.518659507072,-0.246363265859
-0.078125000,-0.859375000,-0.500356896067,-0.237669525632
-0.062500000,-0.859375000,-0.485304888510,-0.230519822042
-0.046875000,-0.859375000,-0.473549919773,-0.224936211892
-0.031250000,-0.859375000,-0.465127941792,-0.220935772351
-0.015625000,-0.859375000,-0.460064544533,-0.218530658653
0.000000000,-0.859375000,-0.458375045527,-0.217728146625
0.015625000,-0.859375000,-0.460064544533,-0.218530658653
0.031250000,-0.859375000,-0.465127941792,-0.220935772351
0.046875000,-0.859375000,-0.473549919773,-0.224936211892
0.062500000,-0.859375000,-0.485304888510,-0.230519822042
0.078125000,-0.859375000,-0.500356896067,-0.237669525632
0.093750000,-0.859375000,-0.518659507072,-0.246363265859
0.109375000,-0.859375000,-0.540155653543,-0.256573935433
0.125000000,-0.859375000,-0.564777462013,-0.268269294456
0.140625000,-0.859375000,-0.592446064303,-0.281411880544
0.156250000,-0.859375000,-0.623071399696,-0.295958914856
0.171875000,-0.859375000,-0.656552017688,-0.311862208402
0.187500000,-0.859375000,-0.692774893077,-0.329068074212
0.203125000,-0.859375000,-0.731615266501,-0.347517251588
0.218750000,-0.859375000,-0.772936526562,-0.367144850117
0.234375000,-0.859375000,-0.816590151891,-0.387880322148
0.250000000,-0.859375000,-0.862415733920,-0.409647473612
0.265625000,-0.859375000,-0.910241107301,-0.432364525968
0.281250000,-0.859375000,-0.959882614427,-0.455944241853
0.296875000,-0.859375000,-1.01114554001,-0.480294131505
0.312500000,-0.859375000,-1.06382475351,-0.505316757917
0.328125000,-0.859375000,-1.11770560536,-0.530910162546
0.343750000,-0.859375000,-1.17256512855,-0.556968436063
0.359375000,-0.859375000,-1.22817360740,-0.583382463516
0.375000000,-0.859375000,-1.28429658259,-0.610040876728
0.390625000,-0.859375000,-1.34069737501,-0.636831253128
0.406250000,-0.859375000,-1.39714022232,-0.663641605600
0.421875000,-0.859375000,-1.45339413743,-0.690362215281
0.437500000,-0.859375000,-1.50923761714,-0.716887868144
0.453125000,-0.859375000,-1.56446434717,-0.743120564905
0.468750000,-0.859375000,-1.61889007645,-0.768972786314
0.484375000,-0.859375000,,
0.500000000,-0.859375000,,
0.515625000,-0.859375000,,
0.531250000,-0.859375000,,
0.546875000,-0.859375000,,
0.562500000,-0.859375000,,
0.578125000,-0.859375000,,
0.593750000,-0.859375000,,
0.609375000,-0.859375000,,
0.625000000,-0.859375000,,
0.640625000,-0.859375000,,
0.656250000,-0.859375000,,
0.671875000,-0.859375000,,
0.687500000,-0.859375000,,
0.703125000,-0.859375000,,
0.718750000,-0.859375000,,
0.734375000,-0.859375000,,
0.750000000,-0.859375000,,
0.765625000,-0.859375000,,
0.781250000,-0.859375000,,
0.796875000,-0.859375000,,
0.812500000,-0.859375000,,
0.828125000,-0.859375000,,
0.843750000,-0.859375000,,
0.859375000,-0.859375000,,
0.875000000,-0.859375000,,
0.890625000,-0.859375000,,
0.906250000,-0.859375000,,
0.921875000,-0.859375000,,
0.937500000,-0.859375000,,
0.953125000,-0.859375000,,
0.968750000,-0.859375000,,
0.984375000,-0.859375000,,
1.000000000,-0.859375000,,
-1.000000000,-0.843750000,,
-0.984375000,-0.843750000,,
-0.968750000,-0.843750000,,
-0.953125000,-0.843750000,,
-0.937500000,-0.843750000,,
-0.921875000,-0.843750000,,
-0.906250000,-0.843750000,,
-0.890625000,-0.843750000,,
-0.875000000,-0.843750000,,
-0.859375000,-0.843750000,,
-0.843750000,-0.843750000,,
-0.828125000,-0.843750000,,
-0.812500000,-0.843750000,,
-0.796875000,-0.843750000,,
-0.781250000,-0.843750000,,
-0.765625000,-0.843750000,,
-0.750000000,-0.843750000,,
-0.734375000,-0.843750000,,
-0.718750000,-0.843750000,,
-0.703125000,-0.843750000,,
-0.687500000,-0.843750000,,
-0.671875000,-0.843750000,,
-0.656250000,-0.843750000,,
-0.640625000,-0.843750000,,
-0.625000000,-0.843750000,,
-0.609375000,-0.843750000,,
-0.593750000,-0.843750000,,
-0.578125000,-0.843750000,,
-0.562500000,-0.843750000,,
-0.546875000,-0.843750000,,
-0.531250000,-0.843750000,,
-0.515625000,-0.843750000,,
-0.500000000,-0.843750000,-1.60255083275,-0.761211645554
-0.484375000,-0.843750000,-1.55174911956,-0.737080831789
-0.468750000,-0.843750000,-1.49943447383,-0.712231375072
-0.453125000,-0.843750000,-1.44579861439,-0.686754341835
-0.437500000,-0.843750000,-1.39106222200,-0.660754555449
-0.421875000,-0.843750000,-1.33546654960,-0.634346611061
-0.406250000,-0.843750000,-1.27926644826,-0.607651562923
-0.390625000,-0.843750000,-1.22272460181,-0.580794185861
-0.375000000,-0.843750000,-1.16610679083,-0.553900725645
-0.359375000,-0.843750000,-1.10967803334,-0.527097065838
-0.343750000,-0.843750000,-1.05369946929,-0.500507247912
-0.328125000,-0.843750000,-0.998425876532,-0.474252291353
-0.312500000,-0.843750000,-0.944103718299,-0.448449266192
-0.296875000,-0.843750000,-0.890969640452,-0.423210579215
-0.281250000,-0.843750000,-0.839249342855,-0.398643437856
-0.265625000,-0.843750000,-0.789156765143,-0.374849463443
-0.250000000,-0.843750000,-0.740893530243,-0.351924426865
-0.234375000,-0.843750000,-0.694648600275,-0.329958085130
-0.218750000,-0.843750000,-0.650598104187,-0.309034099489
-0.203125000,-0.843750000,-0.608905302615,-0.289230018742
-0.187500000,-0.843750000,-0.569720659346,-0.270617313189
-0.171875000,-0.843750000,-0.533181994564,-0.253261447418
-0.156250000,-0.843750000,-0.499414696910,-0.237221981032
-0.140625000,-0.843750000,-0.468531975337,-0.222552688285
-0.125000000,-0.843750000,-0.440635135067,-0.209301689157
-0.109375000,-0.843750000,-0.415813863018,-0.197511584934
-0.093750000,-0.843750000,-0.394146510778,-0.187219592620
-0.078125000,-0.843750000,-0.375700365926,-0.178457673815
-0.062500000,-0.843750000,-0.360531902354,-0.171252653618
-0.046875000,-0.843750000,-0.348687003204,-0.165626326522
-0.031250000,-0.843750000,-0.340201150570,-0.161595546521
-0.015625000,-0.843750000,-0.335099577341,-0.159172299237
0.000000000,-0.843750000,-0.333397378270,-0.158363754678
0.015625000,-0.843750000,-0.335099577341,-0.159172299237
0.031250000,-0.843750000,-0.340201150570,-0.161595546521
0.046875000,-0.843750000,-0.348687003204,-0.165626326522
0.062500000,-0.843750000,-0.360531902354,-0.171252653618
0.078125000,-0.843750000,-0.375700365926,-0.178457673815
0.093750000,-0.843750000,-0.394146510778,-0.187219592620
0.109375000,-0.843750000,-0.415813863018,-0.197511584934
0.125000000,-0.843750000,-0.440635135067,-0.209301689157
0.140625000,-0.843750000,-0.468531975337,-0.222552688285
0.156250000,-0.843750000,-0.499414696910,-0.237221981032
0.171875000,-0.843750000,-0.533181994564,-0.253261447418
0.187500000,-0.843750000,-0.569720659346,-0.270617313189
0.203125000,-0.843750000,-0.608905302615,-0.289230018742
0.218750000,-0.843750000,-0.650598104187,-0.309034099489
0.234375000,-0.843750000,-0.694648600275,-0.329958085130
0.250000000,-0.843750000,-0.740893530243,-0.351924426865
0.265625000,-0.843750000,-0.789156765143,-0.374849463443
0.281250000,-0.843750000,-0.839249342855,-0.398643437856
0.296875000,-0.843750000,-0.890969640452,-0.423210579215
0.312500000,-0.843750000,-0.944103718299,-0.448449266192
0.328125000,-0.843750000,-0.998425876532,-0.474252291353
0.343750000,-0.843750000,-1.05369946929,-0.500507247912
0.359375000,-0.843750000,-1.10967803334,-0.527097065838
0.375000000,-0.843750000,-1.16610679083,-0.553900725645
0.390625000,-0.843750000,-1.22272460181,-0.580794185861
0.406250000,-0.843750000,-1.27926644826,-0.607651562923
0.421875000,-0.843750000,-1.33546654960,-0.634346611061
0.437500000,-0.843750000,-1.39106222200,-0.660754555449
0.453125000,-0.843750000,-1.44579861439,-0.686754341835
0.468750000,-0.843750000,-1.49943447383,-0.712231375072
0.484375000,-0.843750000,-1.55174911956,-0.737080831789
0.500000000,-0.843750000,-1.60255083275,-0.761211645554
0.515625000,-0.843750000,,
0.531250000,-0.843750000,,
0.546875000,-0.843750000,,
0.562500000,-0.843750000,,
0.578125000,-0.843750000,,
0.593750000,-0.843750000,,
0.609375000,-0.843750000,,
0.625000000,-0.843750000,,
0.640625000,-0.843750000,,
0.656250000,-0.843750000,,
0.671875000,-0.843750000,,
0.687500000,-0.843750000,,
0.703125000,-0.843750000,,
0.718750000,-0.843750000,,
0.734375000,-0.843750000,,
0.750000000,-0.843750000,,
0.765625000,-0.843750000,,
0.781250000,-0.843750000,,
0.796875000,-0.843750000,,
0.812500000,-0.843750000,,
0.828125000,-0.843750000,,
0.843750000,-0.843750000,,
0.859375000,-0.843750000,,
0.875000000,-0.843750000,,
0.890625000,-0.843750000,,
0.906250000,-0.843750000,,
0.921875000,-0.843750000,,
0.937500000,-0.843750000,,
0.953125000,-0.843750000,,
0.968750000,-0.843750000,,
0.984375000,-0.843750000,,
1.000000000,-0.843750000,,
-1.000000000,-0.828125000,,
-0.984375000,-0.828125000,,
-0.968750000,-0.828125000,,
-0.953125000,-0.828125000,,
-0.937500000,-0.828125000,,
-0.921875000,-0.828125000,,
-0.906250000,-0.828125000,,
-0.890625000,-0.828125000,,
-0.875000000,-0.828125000,,
-0.859375000,-0.828125000,,
-0.843750000,-0.828125000,,
-0.828125000,-0.828125000,,
-0.812500000,-0.828125000,,
-0.796875000,-0.828125000,,
-0.781250000,-0.828125000,,
-0.765625000,-0.828125000,,
-0.750000000,-0.828125000,,
-0.734375000,-0.828125000,,
-0.718750000,-0.828125000,,
-0.703125000,-0.828125000,,
-0.687500000,-0.828125000,,
-0.671875000,-0.828125000,,
-0.656250000,-0.828125000,,
-0.640625000,-0.828125000,,
-0.625000000,-0.828125000,,
-0.609375000,-0.828125000,,
-0.593750000,-0.828125000,,
-0.578125000,-0.828125000,,
-0.562500000,-0.828125000,,
-0.546875000,-0.828125000,,
-0.531250000,-0.828125000,,
-0.515625000,-0.828125000,-1.54160495532,-0.732262353776
-0.500000000,-0.828125000,-1.49374672712,-0.709529695383
-0.484375000,-0.828125000,-1.44380405013,-0.685806923813
-0.468750000,-0.828125000,-1.39200633781,-0.661203010460
-0.453125000,-0.828125000,-1.33861080811,-0.635840133855
-0.437500000,-0.828125000,-1.28389390119,-0.609849603063
-0.421875000,-0.828125000,-1.22814416767,-0.583368479641
-0.406250000,-0.828125000,-1.17165641118,-0.556536795310
-0.390625000,-0.828125000,-1.11472689875,-0.529495276904
-0.375000000,-0.828125000,-1.05764947812,-0.502383502106
-0.359375000,-0.828125000,-1.00071246541,-0.475338421070
-0.343750000,-0.828125000,-0.944196184168,-0.448493187480
-0.328125000,-0.828125000,-0.888371054379,-0.421976250830
-0.312500000,-0.828125000,-0.833496143788,-0.395910668300
-0.296875000,-0.828125000,-0.779818105667,-0.370413600192
-0.281250000,-0.828125000,-0.727570438565,-0.345595958319
-0.265625000,-0.828125000,-0.676973011418,-0.321562180424
-0.250000000,-0.828125000,-0.628231806135,-0.298410107914
-0.234375000,-0.828125000,-0.581538835239,-0.276230946738
-0.218750000,-0.828125000,-0.537072199936,-0.255109294970
-0.203125000,-0.828125000,-0.494996256252,-0.235123221720
-0.187500000,-0.828125000,-0.455461863627,-0.216344385223
-0.171875000,-0.828125000,-0.418606692308,-0.198838178846
-0.156250000,-0.828125000,-0.384555570501,-0.182663895988
-0.140625000,-0.828125000,-0.353420853809,-0.167874905559
-0.125000000,-0.828125000,-0.325302802917,-0.154518831385
-0.109375000,-0.828125000,-0.300289956835,-0.142637729497
-0.093750000,-0.828125000,-0.278459491357,-0.132268258395
-0.078125000,-0.828125000,-0.259877554382,-0.123441838331
-0.062500000,-0.828125000,-0.244599569392,-0.116184795461
-0.046875000,-0.828125000,-0.232670502415,-0.110518488647
-0.031250000,-0.828125000,-0.224125087045,-0.106459416347
-0.015625000,-0.828125000,-0.218988002698,-0.104019301281
0.000000000,-0.828125000,-0.217274004775,-0.103205152268
0.015625000,-0.828125000,-0.218988002698,-0.104019301281
0.031250000,-0.828125000,-0.224125087045,-0.106459416347
0.046875000,-0.828125000,-0.232670502415,-0.110518488647
0.062500000,-0.828125000,-0.244599569392,-0.116184795461
0.078125000,-0.828125000,-0.259877554382,-0.123441838331
0.093750000,-0.828125000,-0.278459491357,-0.132268258395
0.109375000,-0.828125000,-0.300289956835,-0.142637729497
0.125000000,-0.828125000,-0.325302802917,-0.154518831385
0.140625000,-0.828125000,-0.353420853809,-0.167874905559
0.156250000,-0.828125000,-0.384555570501,-0.182663895988
0.171875000,-0.828125000,-0.418606692308,-0.198838178846
0.187500000,-0.828125000,-0.455461863627,-0.216344385223
0.203125000,-0.828125000,-0.494996256252,-0.235123221720
0.218750000,-0.828125000,-0.537072199936,-0.255109294970
0.234375000,-0.828125000,-0.581538835239,-0.276230946738
0.250000000,-0.828125000,-0.628231806135,-0.298410107914
0.265625000,-0.828125000,-0.676973011418,-0.321562180424
0.281250000,-0.828125000,-0.727570438565,-0.345595958319
0.296875000,-0.828125000,-0.779818105667,-0.370413600192
0.312500000,-0.828125000,-0.833496143788,-0.395910668300
0.328125000,-0.828125000,-0.888371054379,-0.421976250830
0.343750000,-0.828125000,-0.944196184168,-0.448493187480
0.359375000,-0.828125000,-1.00071246541,-0.475338421070
0.375000000,-0.828125000,-1.05764947812,-0.502383502106
0.390625000,-0.828125000,-1.11472689875,-0.529495276904
0.406250000,-0.828125000,-1.17165641118,-0.556536795310
0.421875000,-0.828125000,-1.22814416767,-0.583368479641
0.437500000,-0.828125000,-1.28389390119,-0.609849603063
0.453125000,-0.828125000,-1.33861080811,-0.635840133855
0.468750000,-0.828125000,-1.39200633781,-0.661203010460
0.484375000,-0.828125000,-1.44380405013,-0.685806923813
0.500000000,-0.828125000,-1.49374672712,-0.709529695383
0.515625000,-0.828125000,-1.54160495532,-0.732262353776
0.531250000,-0.828125000,,
0.546875000,-0.828125000,,
0.562500000,-0.828125000,,
0.578125000,-0.828125000,,
0.593750000,-0.828125000,,
0.609375000,-0.828125000,,
0.625000000,-0.828125000,,
0.640625000,-0.828125000,,
0.656250000,-0.828125000,,
0.671875000,-0.828125000,,
0.687500000,-0.828125000,,
0.703125000,-0.828125000,,
0.718750000,-0.828125000,,
0.734375000,-0.828125000,,
0.750000000,-0.828125000,,
0.765625000,-0.828125000,,
0.781250000,-0.828125000,,
0.796875000,-0.828125000,,
0.812500000,-0.828125000,,
0.828125000,-0.828125000,,
0.843750000,-0.828125000,,
0.859375000,-0.828125000,,
0.875000000,-0.828125000,,
0.890625000,-0.828125000,,
0.906250000,-0.828125000,,
0.921875000,-0.828125000,,
0.937500000,-0.828125000,,
0.953125000,-0.828125000,,
0.968750000,-0.828125000,,
0.984375000,-0.828125000,,
1.000000000,-0.828125000,,
-1.000000000,-0.812500000,,
-0.984375000,-0.812500000,,
-0.968750000,-0.812500000,,
-0.953125000,-0.812500000,,
-0.937500000,-0.812500000,,
-0.921875000,-0.812500000,,
-0.906250000,-0.812500000,,
-0.890625000,-0.812500000,,
-0.875000000,-0.812500000,,
-0.859375000,-0.812500000,,
-0.843750000,-0.812500000,,
-0.828125000,-0.812500000,,
-0.812500000,-0.812500000,,
-0.796875000,-0.812500000,,
-0.781250000,-0.812500000,,
-0.765625000,-0.812500000,,
-0.750000000,-0.812500000,,
-0.734375000,-0.812500000,,
-0.718750000,-0.812500000,,
-0.703125000,-0.812500000,,
-0.687500000,-0.812500000,,
-0.671875000,-0.812500000,,
-0.656250000,-0.812500000,,
-0.640625000,-0.812500000,,
-0.625000000,-0.812500000,,
-0.609375000,-0.812500000,,
-0.593750000,-0.812500000,,
-0.578125000,-0.812500000,,
-0.562500000,-0.812500000,,
-0.546875000,-0.812500000,-1.53038606116,-0.726933379053
-0.531250000,-0.812500000,-1.48869312293,-0.707129233393
-0.515625000,-0.812500000,-1.44409797098,-0.685946536215
-0.500000000,-0.812500000,-1.39683031141,-0.663494397921
-0.484375000,-0.812500000,-1.34715731988,-0.639899726945
-0.468750000,-0.812500000,-1.29537301742,-0.615302183273
-0.453125000,-0.812500000,-1.24178944689,-0.589849987274
-0.437500000,-0.812500000,-1.18672938329,-0.563696457061
-0.421875000,-0.812500000,-1.13052035029,-0.536997166385
-0.406250000,-0.812500000,-1.07348974735,-0.509907629993
-0.390625000,-0.812500000,-1.01596092043,-0.482581437205
-0.375000000,-0.812500000,-0.958250032311,-0.455168765348
-0.359375000,-0.812500000,-0.900663608663,-0.427815214115
-0.343750000,-0.812500000,-0.843496654671,-0.400660910969
-0.328125000,-0.812500000,-0.787031249078,-0.373839843312
-0.312500000,-0.812500000,-0.731535539418,-0.347479381223
-0.296875000,-0.812500000,-0.677263068418,-0.321699957499
-0.281250000,-0.812500000,-0.624452375122,-0.296614878183
-0.265625000,-0.812500000,-0.573326819442,-0.272330239235
-0.250000000,-0.812500000,-0.524094587614,-0.248944929117
-0.234375000,-0.812500000,-0.476948840675,-0.226550699321
-0.218750000,-0.812500000,-0.432067974443,-0.205232287860
-0.203125000,-0.812500000,-0.389615963074,-0.185067582460
-0.187500000,-0.812500000,-0.349742762995,-0.166127812423
-0.171875000,-0.812500000,-0.312584756001,-0.148477759101
-0.156250000,-0.812500000,-0.278265214646,-0.132175976957
-0.140625000,-0.812500000,-0.246894774892,-0.117275018074
-0.125000000,-0.812500000,-0.218571903121,-0.103821653982
-0.109375000,-0.812500000,-0.193383346262,-0.0918570894744
-0.093750000,-0.812500000,-0.171404556392,-0.0814171642864
-0.078125000,-0.812500000,-0.152700081469,-0.0725325386980
-0.062500000,-0.812500000,-0.137323916427,-0.0652288603031
-0.046875000,-0.812500000,-0.125319808160,-0.0595269088760
-0.031250000,-0.812500000,-0.116721510840,-0.0554427176489
-0.015625000,-0.812500000,-0.111552988296,-0.0529876694407
0.000000000,-0.812500000,-0.109828559746,-0.0521685658794
0.015625000,-0.812500000,-0.111552988296,-0.0529876694407
0.031250000,-0.812500000,-0.116721510840,-0.0554427176489
0.046875000,-0.812500000,-0.125319808160,-0.0595269088760
0.062500000,-0.812500000,-0.137323916427,-0.0652288603031
0.078125000,-0.812500000,-0.152700081469,-0.0725325386980
0.093750000,-0.812500000,-0.171404556392,-0.0814171642864
0.109375000,-0.812500000,-0.193383346262,-0.0918570894744
0.125000000,-0.812500000,-0.218571903121,-0.103821653982
0.140625000,-0.812500000,-0.246894774892,-0.117275018074
0.156250000,-0.812500000,-0.278265214646,-0.132175976957
0.171875000,-0.812500000,-0.312584756001,-0.148477759101
0.187500000,-0.812500000,-0.349742762995,-0.166127812423
0.203125000,-0.812500000,-0.389615963074,-0.185067582460
0.218750000,-0.812500000,-0.432067974443,-0.205232287860
0.234375000,-0.812500000,-0.476948840675,-0.226550699321
0.250000000,-0.812500000,-0.524094587614,-0.248944929117
0.265625000,-0.812500000,-0.573326819442,-0.272330239235
0.281250000,-0.812500000,-0.624452375122,-0.296614878183
0.296875000,-0.812500000,-0.677263068418,-0.321699957499
0.312500000,-0.812500000,-0.731535539418,-0.347479381223
0.328125000,-0.812500000,-0.787031249078,-0.373839843312
0.343750000,-0.812500000,-0.843496654671,-0.400660910969
0.359375000,-0.812500000,-0.900663608663,-0.427815214115
0.375000000,-0.812500000,-0.958250032311,-0.455168765348
0.390625000,-0.812500000,-1.01596092043,-0.482581437205
0.406250000,-0.812500000,-1.07348974735,-0.509907629993
0.421875000,-0.812500000,-1.13052035029,-0.536997166385
0.437500000,-0.812500000,-1.18672938329,-0.563696457061
0.453125000,-0.812500000,-1.24178944689,-0.589849987274
0.468750000,-0.812500000,-1.29537301742,-0.615302183273
0.484375000,-0.812500000,-1.34715731988,-0.639899726945
0.500000000,-0.812500000,-1.39683031141,-0.663494397921
0.515625000,-0.812500000,-1.44409797098,-0.685946536215
0.531250000,-0.812500000,-1.48869312293,-0.707129233393
0.546875000,-0.812500000,-1.53038606116,-0.726933379053
0.562500000,-0.812500000,,
0.578125000,-0.812500000,,
0.593750000,-0.812500000,,
0.609375000,-0.812500000,,
0.625000000,-0.812500000,,
0.640625000,-0.812500000,,
0.656250000,-0.812500000,,
0.671875000,-0.812500000,,
0.687500000,-0.812500000,,
0.703125000,-0.812500000,,
0.718750000,-0.812500000,,
0.734375000,-0.812500000,,
0.750000000,-0.812500000,,
0.765625000,-0.812500000,,
0.781250000,-0.812500000,,
0.796875000,-0.812500000,,
0.812500000,-0.812500000,,
0.828125000,-0.812500000,,
0.843750000,-0.812500000,,
0.859375000,-0.812500000,,
0.875000000,-0.812500000,,
0.890625000,-0.812500000,,
0.906250000,-0.812500000,,
0.921875000,-0.812500000,,
0.937500000,-0.812500000,,
0.953125000,-0.812500000,,
0.968750000,-0.812500000,,
0.984375000,-0.812500000,,
1.000000000,-0.812500000,,
-1.000000000,-0.796875000,,
-0.984375000,-0.796875000,,
-0.968750000,-0.796875000,,
-0.953125000,-0.796875000,,
-0.937500000,-0.796875000,,
-0.921875000,-0.796875000,,
-0.906250000,-0.796875000,,
-0.890625000,-0.796875000,,
-0.875000000,-0.796875000,,
-0.859375000,-0.796875000,,
-0.843750000,-0.796875000,,
-0.828125000,-0.796875000,,
-0.812500000,-0.796875000,,
-0.796875000,-0.796875000,,
-0.781250000,-0.796875000,,
-0.765625000,-0.796875000,,
-0.750000000,-0.796875000,,
-0.734375000,-0.796875000,,
-0.718750000,-0.796875000,,
-0.703125000,-0.796875000,,
-0.687500000,-0.796875000,,
-0.671875000,-0.796875000,,
-0.656250000,-0.796875000,,
-0.640625000,-0.796875000,,
-0.625000000,-0.796875000,,
-0.609375000,-0.796875000,,
-0.593750000,-0.796875000,,
-0.578125000,-0.796875000,,
-0.562500000,-0.796875000,-1.48040565462,-0.703192685946
-0.546875000,-0.796875000,-1.44298543444,-0.685418081359
-0.531250000,-0.796875000,-1.40201711015,-0.665958127321
-0.515625000,-0.796875000,-1.35776870539,-0.644940135059
-0.500000000,-0.796875000,-1.31054534865,-0.622509040609
-0.484375000,-0.796875000,-1.26067827005,-0.598822178274
-0.468750000,-0.796875000,-1.20851568428,-0.574044950032
-0.453125000,-0.796875000,-1.15441527841,-0.548347257243
-0.437500000,-0.796875000,-1.09873806427,-0.521900580527
-0.421875000,-0.796875000,-1.04184339283,-0.494875611594
-0.406250000,-0.796875000,-0.984084951067,-0.467440351757
-0.390625000,-0.796875000,-0.925807593653,-0.439758606985
-0.375000000,-0.796875000,-0.867344878107,-0.411988817101
-0.359375000,-0.796875000,-0.809017193682,-0.384283166999
-0.343750000,-0.796875000,-0.751130386765,-0.356786933713
-0.328125000,-0.796875000,-0.693974802539,-0.329638031206
-0.312500000,-0.796875000,-0.637824671184,-0.302966718812
-0.296875000,-0.796875000,-0.582937777816,-0.276895444463
-0.281250000,-0.796875000,-0.529555365038,-0.251538798393
-0.265625000,-0.796875000,-0.477902221206,-0.227003555073
-0.250000000,-0.796875000,-0.428186918073,-0.203388786085
-0.234375000,-0.796875000,-0.380602162129,-0.180786027011
-0.218750000,-0.796875000,-0.335325233139,-0.159279485741
-0.203125000,-0.796875000,-0.292518483621,-0.138946279720
-0.187500000,-0.796875000,-0.252329879273,-0.119856692655
-0.171875000,-0.796875000,-0.214893561662,-0.102074441789
-0.156250000,-0.796875000,-0.180330417594,-0.0856569483573
-0.140625000,-0.796875000,-0.148748642281,-0.0706556050833
-0.125000000,-0.796875000,-0.120244284473,-0.0571160351246
-0.109375000,-0.796875000,-0.0949017647523,-0.0450783382573
-0.093750000,-0.796875000,-0.0727943575155,-0.0345773198199
-0.078125000,-0.796875000,-0.0539846308652,-0.0256426996610
-0.062500000,-0.796875000,-0.0385248387974,-0.0182992984288
-0.046875000,-0.796875000,-0.0264572595470,-0.0125671982848
-0.031250000,-0.796875000,-0.0178144781596,-0.00846187712583
-0.015625000,-0.796875000,-0.0126196088709,-0.00599431421366
0.000000000,-0.796875000,-0.0108864557069,-0.00517106646076
0.015625000,-0.796875000,-0.0126196088709,-0.00599431421366
0.031250000,-0.796875000,-0.0178144781596,-0.00846187712583
0.046875000,-0.796875000,-0.0264572595470,-0.0125671982848
0.062500000,-0.796875000,-0.0385248387974,-0.0182992984288
0.078125000,-0.796875000,-0.0539846308652,-0.0256426996610
0.093750000,-0.796875000,-0.0727943575155,-0.0345773198199
0.109375000,-0.796875000,-0.0949017647523,-0.0450783382573
0.125000000,-0.796875000,-0.120244284473,-0.0571160351246
0.140625000,-0.796875000,-0.148748642281,-0.0706556050833
0.156250000,-0.796875000,-0.180330417594,-0.0856569483573
0.171875000,-0.796875000,-0.214893561662,-0.102074441789
0.187500000,-0.796875000,-0.252329879273,-0.119856692655
0.203125000,-0.796875000,-0.292518483621,-0.138946279720
0.218750000,-0.796875000,-0.335325233139,-0.159279485741
0.234375000,-0.796875000,-0.380602162129,-0.180786027011
0.250000000,-0.796875000,-0.428186918073,-0.203388786085
0.265625000,-0.796875000,-0.477902221206,-0.227003555073
0.281250000,-0.796875000,-0.529555365038,-0.251538798393
0.296875000,-0.796875000,-0.582937777816,-0.276895444463
0.312500000,-0.796875000,-0.637824671184,-0.302966718812
0.328125000,-0.796875000,-0.693974802539,-0.329638031206
0.343750000,-0.796875000,-0.751130386765,-0.356786933713
0.359375000,-0.796875000,-0.809017193682,-0.384283166999
0.375000000,-0.796875000,-0.867344878107,-0.411988817101
0.390625000,-0.796875000,-0.925807593653,-0.439758606985
0.406250000,-0.796875000,-0.984084951067,-0.467440351757
0.421875000,-0.796875000,-1.04184339283,-0.494875611594
0.437500000,-0.796875000,-1.09873806427,-0.521900580527
0.453125000,-0.796875000,-1.15441527841,-0.548347257243
0.468750000,-0.796875000,-1.20851568428,-0.574044950032
0.484375000,-0.796875000,-1.26067827005,-0.598822178274
0.500000000,-0.796875000,-1.31054534865,-0.622509040609
0.515625000,-0.796875000,-1.35776870539,-0.644940135059
0.531250000,-0.796875000,-1.40201711015,-0.665958127321
0.546875000,-0.796875000,-1.44298543444,-0.685418081359
0.562500000,-0.796875000,-1.48040565462,-0.703192685946
0.578125000,-0.796875000,,
0.593750000,-0.796875000,,
0.609375000,-0.796875000,,
0.625000000,-0.796875000,,
0.640625000,-0.796875000,,
0.656250000,-0.796875000,,
0.671875000,-0.796875000,,
0.687500000,-0.796875000,,
0.703125000,-0.796875000,,
0.718750000,-0.796875000,,
0.734375000,-0.796875000,,
0.750000000,-0.796875000,,
0.765625000,-0.796875000,,
0.781250000,-0.796875000,,
0.796875000,-0.796875000,,
0.812500000,-0.796875000,,
0.828125000,-0.796875000,,
0.843750000,-0.796875000,,
0.859375000,-0.796875000,,
0.875000000,-0.796875000,,
0.890625000,-0.796875000,,
0.906250000,-0.796875000,,
0.921875000,-0.796875000,,
0.937500000,-0.796875000,,
0.953125000,-0.796875000,,
0.968750000,-0.796875000,,
0.984375000,-0.796875000,,
1.000000000,-0.796875000,,
-1.000000000,-0.781250000,,
-0.984375000,-0.781250000,,
-0.968750000,-0.781250000,,
-0.953125000,-0.781250000,,
-0.937500000,-0.781250000,,
-0.921875000,-0.781250000,,
-0.906250000,-0.781250000,,
-0.890625000,-0.781250000,,
-0.875000000,-0.781250000,,
-0.859375000,-0.781250000,,
-0.843750000,-0.781250000,,
-0.828125000,-0.781250000,,
-0.812500000,-0.781250000,,
-0.796875000,-0.781250000,,
-0.781250000,-0.781250000,,
-0.765625000,-0.781250000,,
-0.750000000,-0.781250000,,
-0.734375000,-0.781250000,,
-0.718750000,-0.781250000,,
-0.703125000,-0.781250000,,
-0.687500000,-0.781250000,,
-0.671875000,-0.781250000,,
-0.656250000,-0.781250000,,
-0.640625000,-0.781250000,,
-0.625000000,-0.781250000,,
-0.609375000,-0.781250000,,
-0.593750000,-0.781250000,-1.46460406773,-0.695686932170
-0.578125000,-0.781250000,-1.43635844479,-0.682270261276
-0.562500000,-0.781250000,-1.40364087999,-0.666729417997
-0.546875000,-0.781250000,-1.36670687097,-0.649185763709
-0.531250000,-0.781250000,-1.32586274161,-0.629784802266
-0.515625000,-0.781250000,-1.28145186225,-0.608689634571
-0.500000000,-0.781250000,-1.23384319898,-0.586075519516
-0.484375000,-0.781250000,-1.18342184489,-0.562125376323
-0.468750000,-0.781250000,-1.13058123599,-0.537026087094
-0.453125000,-0.781250000,-1.07571680126,-0.510965480596
-0.437500000,-0.781250000,-1.01922082741,-0.484129893022
-0.421875000,-0.781250000,-0.961478355496,-0.456702218860
-0.406250000,-0.781250000,-0.902863949204,-0.428860375872
-0.390625000,-0.781250000,-0.843739200297,-0.400776120141
-0.375000000,-0.781250000,-0.784450852631,-0.372614155000
-0.359375000,-0.781250000,-0.725329446320,-0.344531487002
-0.343750000,-0.781250000,-0.666688394719,-0.316676987491
-0.328125000,-0.781250000,-0.608823421505,-0.289191125215
-0.312500000,-0.781250000,-0.552012292711,-0.262205839038
-0.296875000,-0.781250000,-0.496514791191,-0.235844525816
-0.281250000,-0.781250000,-0.442572884550,-0.210222120161
-0.265625000,-0.781250000,-0.390411047697,-0.185445247656
-0.250000000,-0.781250000,-0.340236704452,-0.161612434615
-0.234375000,-0.781250000,-0.292240759034,-0.138814360541
-0.218750000,-0.781250000,-0.246598191188,-0.117134140814
-0.203125000,-0.781250000,-0.203468693948,-0.0966476296252
-0.187500000,-0.781250000,-0.162997333769,-0.0774237335405
-0.171875000,-0.781250000,-0.125315219176,-0.0595247291085
-0.156250000,-0.781250000,-0.0905401608057,-0.0430065763827
-0.140625000,-0.781250000,-0.0587773149524,-0.0279192246024
-0.125000000,-0.781250000,-0.0301197974695,-0.0143069037980
-0.109375000,-0.781250000,-0.00464926100534,-0.00220839897753
-0.093750000,-0.781250000,0.0175635717881,0.00834269659935
-0.078125000,-0.781250000,0.0364584250524,0.0173177518999
-0.062500000,-0.781250000,0.0519850427428,0.0246928953028
-0.046875000,-0.781250000,0.0641028192216,0.0304488391302
-0.031250000,-0.781250000,0.0727804944084,0.0345707348440
-0.015625000,-0.781250000,0.0779959129329,0.0370480586431
0.000000000,-0.781250000,0.0797358511523,0.0378745292973
0.015625000,-0.781250000,0.0779959129329,0.0370480586431
0.031250000,-0.781250000,0.0727804944084,0.0345707348440
0.046875000,-0.781250000,0.0641028192216,0.0304488391302
0.062500000,-0.781250000,0.0519850427428,0.0246928953028
0.078125000,-0.781250000,0.0364584250524,0.0173177518999
0.093750000,-0.781250000,0.0175635717881,0.00834269659935
0.109375000,-0.781250000,-0.00464926100534,-0.00220839897753
0.125000000,-0.781250000,-0.0301197974695,-0.0143069037980
0.140625000,-0.781250000,-0.0587773149524,-0.0279192246024
0.156250000,-0.781250000,-0.0905401608057,-0.0430065763827
0.171875000,-0.781250000,-0.125315219176,-0.0595247291085
0.187500000,-0.781250000,-0.162997333769,-0.0774237335405
0.203125000,-0.781250000,-0.203468693948,-0.0966476296252
0.218750000,-0.781250000,-0.246598191188,-0.117134140814
0.234375000,-0.781250000,-0.292240759034,-0.138814360541
0.250000000,-0.781250000,-0.340236704452,-0.161612434615
0.265625000,-0.781250000,-0.390411047697,-0.185445247656
0.281250000,-0.781250000,-0.442572884550,-0.210222120161
0.296875000,-0.781250000,-0.496514791191,-0.235844525816
0.312500000,-0.781250000,-0.552012292711,-0.262205839038
0.328125000,-0.781250000,-0.608823421505,-0.289191125215
0.343750000,-0.781250000,-0.666688394719,-0.316676987491
0.359375000,-0.781250000,-0.725329446320,-0.344531487002
0.375000000,-0.781250000,-0.784450852631,-0.372614155000
0.390625000,-0.781250000,-0.843739200297,-0.400776120141
0.406250000,-0.781250000,-0.902863949204,-0.428860375872
0.421875000,-0.781250000,-0.961478355496,-0.456702218860
0.437500000,-0.781250000,-1.01922082741,-0.484129893022
0.453125000,-0.781250000,-1.07571680126,-0.510965480596
0.468750000,-0.781250000,-1.13058123599,-0.537026087094
0.484375000,-0.781250000,-1.18342184489,-0.562125376323
0.500000000,-0.781250000,-1.23384319898,-0.586075519516
0.515625000,-0.781250000,-1.28145186225,-0.608689634571
0.531250000,-0.781250000,-1.32586274161,-0.629784802266
0.546875000,-0.781250000,-1.36670687097,-0.649185763709
0.562500000,-0.781250000,-1.40364087999,-0.666729417997
0.578125000,-0.781250000,-1.43635844479,-0.682270261276
0.593750000,-0.781250000,-1.46460406773,-0.695686932170
0.609375000,-0.781250000,,
0.625000000,-0.781250000,,
0.640625000,-0.781250000,,
0.656250000,-0.781250000,,
0.671875000,-0.781250000,,
0.687500000,-0.781250000,,
0.703125000,-0.781250000,,
0.718750000,-0.781250000,,
0.734375000,-0.781250000,,
0.750000000,-0.781250000,,
0.765625000,-0.781250000,,
0.781250000,-0.781250000,,
0.796875000,-0.781250000,,
0.812500000,-0.781250000,,
0.828125000,-0.781250000,,
0.843750000,-0.781250000,,
0.859375000,-0.781250000,,
0.875000000,-0.781250000,,
0.890625000,-0.781250000,,
0.906250000,-0.781250000,,
0.921875000,-0.781250000,,
0.937500000,-0.781250000,,
0.953125000,-0.781250000,,
0.968750000,-0.781250000,,
0.984375000,-0.781250000,,
1.000000000,-0.781250000,,
-1.000000000,-0.765625000,,
-0.984375000,-0.765625000,,
-0.968750000,-0.765625000,,
-0.953125000,-0.765625000,,
-0.937500000,-0.765625000,,
-0.921875000,-0.765625000,,
-0.906250000,-0.765625000,,
-0.890625000,-0.765625000,,
-0.875000000,-0.765625000,,
-0.859375000,-0.765625000,,
-0.843750000,-0.765625000,,
-0.828125000,-0.765625000,,
-0.812500000,-0.765625000,,
-0.796875000,-0.765625000,,
-0.781250000,-0.765625000,,
-0.765625000,-0.765625000,,
-0.750000000,-0.765625000,,
-0.734375000,-0.765625000,,
-0.718750000,-0.765625000,,
-0.703125000,-0.765625000,,
-0.687500000,-0.765625000,,
-0.671875000,-0.765625000,,
-0.656250000,-0.765625000,,
-0.640625000,-0.765625000,,
-0.625000000,-0.765625000,,
-0.609375000,-0.765625000,-1.41967127550,-0.674343855861
-0.593750000,-0.765625000,-1.39733627696,-0.663734731555
-0.578125000,-0.765625000,-1.36979817883,-0.650654134944
-0.562500000,-0.765625000,-1.33734986198,-0.635241184441
-0.546875000,-0.765625000,-1.30033596963,-0.617659585576
-0.531250000,-0.765625000,-1.25913847403,-0.598090775165
-0.515625000,-0.765625000,-1.21416470193,-0.576728233419
-0.500000000,-0.765625000,-1.16583745053,-0.553772789004
-0.484375000,-0.765625000,-1.11458687939,-0.529428767712
-0.468750000,-0.765625000,-1.06084391083,-0.503900857645
-0.453125000,-0.765625000,-1.00503491014,-0.477391582318
-0.437500000,-0.765625000,-0.947577449460,-0.450099288493
-0.421875000,-0.765625000,-0.888876987470,-0.422216569048
-0.406250000,-0.765625000,-0.829324322791,-0.393929053326
-0.390625000,-0.765625000,-0.769293696233,-0.365414505711
-0.375000000,-0.765625000,-0.709141438401,-0.336842183240
-0.359375000,-0.765625000,-0.649205070677,-0.308372408572
-0.343750000,-0.765625000,-0.589802782567,-0.280156321720
-0.328125000,-0.765625000,-0.531233219350,-0.252335779191
-0.312500000,-0.765625000,-0.473775521420,-0.225043372674
-0.296875000,-0.765625000,-0.417689567144,-0.198402544393
-0.281250000,-0.765625000,-0.363216377487,-0.172527779306
-0.265625000,-0.765625000,-0.310578644588,-0.147524856179
-0.250000000,-0.765625000,-0.259981355085,-0.123491143665
-0.234375000,-0.765625000,-0.211612479613,-0.100515927816
-0.218750000,-0.765625000,-0.165643707595,-0.0786807611077
-0.203125000,-0.765625000,-0.122231206057,-0.0580598228771
-0.187500000,-0.765625000,-0.0815163865427,-0.0387202836078
-0.171875000,-0.765625000,-0.0436266657804,-0.0207226662457
-0.156250000,-0.765625000,-0.00867620738177,-0.00412119850634
-0.140625000,-0.765625000,0.0232333650623,0.0110358484046
-0.125000000,-0.765625000,0.0520122933808,0.0247058393559
-0.109375000,-0.765625000,0.0775820548571,0.0368514760571
-0.093750000,-0.765625000,0.0998747849940,0.0474405228721
-0.078125000,-0.765625000,0.118832756317,0.0564455592508
-0.062500000,-0.765625000,0.134407919250,0.0638437616437
-0.046875000,-0.765625000,0.146561507675,0.0696167161454
-0.031250000,-0.765625000,0.155263712998,0.0737502636743
-0.015625000,-0.765625000,0.160493427430,0.0762343780294
0.000000000,-0.765625000,0.162238060415,0.0770630786972
0.015625000,-0.765625000,0.160493427430,0.0762343780294
0.031250000,-0.765625000,0.155263712998,0.0737502636743
0.046875000,-0.765625000,0.146561507675,0.0696167161454
0.062500000,-0.765625000,0.134407919250,0.0638437616437
0.078125000,-0.765625000,0.118832756317,0.0564455592508
0.093750000,-0.765625000,0.0998747849940,0.0474405228721
0.109375000,-0.765625000,0.0775820548571,0.0368514760571
0.125000000,-0.765625000,0.0520122933808,0.0247058393559
0.140625000,-0.765625000,0.0232333650623,0.0110358484046
0.156250000,-0.765625000,-0.00867620738177,-0.00412119850634
0.171875000,-0.765625000,-0.0436266657804,-0.0207226662457
0.187500000,-0.765625000,-0.0815163865427,-0.0387202836078
0.203125000,-0.765625000,-0.122231206057,-0.0580598228771
0.218750000,-0.765625000,-0.165643707595,-0.0786807611077
0.234375000,-0.765625000,-0.211612479613,-0.100515927816
0.250000000,-0.765625000,-0.259981355085,-0.123491143665
0.265625000,-0.765625000,-0.310578644588,-0.147524856179
0.281250000,-0.765625000,-0.363216377487,-0.172527779306
0.296875000,-0.765625000,-0.417689567144,-0.198402544393
0.312500000,-0.765625000,-0.473775521420,-0.225043372674
0.328125000,-0.765625000,-0.531233219350,-0.252335779191
0.343750000,-0.765625000,-0.589802782567,-0.280156321720
0.359375000,-0.765625000,-0.649205070677,-0.308372408572
0.375000000,-0.765625000,-0.709141438401,-0.336842183240
0.390625000,-0.765625000,-0.769293696233,-0.365414505711
0.406250000,-0.765625000,-0.829324322791,-0.393929053326
0.421875000,-0.765625000,-0.888876987470,-0.422216569048
0.437500000,-0.765625000,-0.947577449460,-0.450099288493
0.453125000,-0.765625000,-1.00503491014,-0.477391582318
0.468750000,-0.765625000,-1.06084391083,-0.503900857645
0.484375000,-0.765625000,-1.11458687939,-0.529428767712
0.500000000,-0.765625000,-1.16583745053,-0.553772789004
0.515625000,-0.765625000,-1.21416470193,-0.576728233419
0.531250000,-0.765625000,-1.25913847403,-0.598090775165
0.546875000,-0.765625000,-1.30033596963,-0.617659585576
0.562500000,-0.765625000,-1.33734986198,-0.635241184441
0.578125000,-0.765625000,-1.36979817883,-0.650654134944
0.593750000,-0.765625000,-1.39733627696,-0.663734731555
0.609375000,-0.765625000,-1.41967127550,-0.674343855861
0.625000000,-0.765625000,,
0.640625000,-0.765625000,,
0.656250000,-0.765625000,,
0.671875000,-0.765625000,,
0.687500000,-0.765625000,,
0.703125000,-0.765625000,,
0.718750000,-0.765625000,,
0.734375000,-0.765625000,,
0.750000000,-0.765625000,,
0.765625000,-0.765625000,,
0.781250000,-0.765625000,,
0.796875000,-0.765625000,,
0.812500000,-0.765625000,,
0.828125000,-0.765625000,,
0.843750000,-0.765625000,,
0.859375000,-0.765625000,,
0.875000000,-0.765625000,,
0.890625000,-0.765625000,,
0.906250000,-0.765625000,,
0.921875000,-0.765625000,,
0.937500000,-0.765625000,,
0.953125000,-0.765625000,,
0.968750000,-0.765625000,,
0.984375000,-0.765625000,,
1.000000000,-0.765625000,,
-1.000000000,-0.750000000,,
-0.984375000,-0.750000000,,
-0.968750000,-0.750000000,,
-0.953125000,-0.750000000,,
-0.937500000,-0.750000000,,
-0.921875000,-0.750000000,,
-0.906250000,-0.750000000,,
-0.890625000,-0.750000000,,
-0.875000000,-0.750000000,,
-0.859375000,-0.750000000,,
-0.843750000,-0.750000000,,
-0.828125000,-0.750000000,,
-0.812500000,-0.750000000,,
-0.796875000,-0.750000000,,
-0.781250000,-0.750000000,,
-0.765625000,-0.750000000,,
-0.750000000,-0.750000000,,
-0.734375000,-0.750000000,,
-0.718750000,-0.750000000,,
-0.703125000,-0.750000000,,
-0.687500000,-0.750000000,,
-0.671875000,-0.750000000,,
-0.656250000,-0.750000000,,
-0.640625000,-0.750000000,,
-0.625000000,-0.750000000,-1.37827454756,-0.654680410089
-0.609375000,-0.750000000,-1.36240245212,-0.647141164756
-0.593750000,-0.750000000,-1.34056818107,-0.636769886006
-0.578125000,-0.750000000,-1.31310153316,-0.623723228251
-0.562500000,-0.750000000,-1.28038548856,-0.608183107066
-0.546875000,-0.750000000,-1.24284102121,-0.590349485076
-0.531250000,-0.750000000,-1.20091451657,-0.570434395370
-0.515625000,-0.750000000,-1.15506740146,-0.548657015694
-0.500000000,-0.750000000,-1.10576765274,-0.525239635050
-0.484375000,-0.750000000,-1.05348289939,-0.500404377211
-0.468750000,-0.750000000,-0.998674876523,-0.474370566349
-0.453125000,-0.750000000,-0.941795021746,-0.447352635329
-0.437500000,-0.750000000,-0.883281038175,-0.419558493133
-0.421875000,-0.750000000,-0.823554272096,-0.391188279246
-0.406250000,-0.750000000,-0.763017773488,-0.362433442407
-0.390625000,-0.750000000,-0.702054931291,-0.333476092363
-0.375000000,-0.750000000,-0.641028584811,-0.304488577785
-0.359375000,-0.750000000,-0.580280531681,-0.275633252549
-0.343750000,-0.750000000,-0.520131360808,-0.247062396384
-0.328125000,-0.750000000,-0.460880551372,-0.218918261902
-0.312500000,-0.750000000,-0.402806784723,-0.191333222743
-0.296875000,-0.750000000,-0.346168426781,-0.164430002721
-0.281250000,-0.750000000,-0.291204141099,-0.138321967022
-0.265625000,-0.750000000,-0.238133601274,-0.113113460605
-0.250000000,-0.750000000,-0.187158274366,-0.0889001803237
-0.234375000,-0.750000000,-0.138462251864,-0.0657695696354
-0.218750000,-0.750000000,-0.0922131066398,-0.0438012256539
-0.203125000,-0.750000000,-0.0485627594977,-0.0230673107614
-0.187500000,-0.750000000,-0.00764834049015,-0.00363296173282
-0.171875000,-0.750000000,0.0304069689496,0.0144433102511
-0.156250000,-0.750000000,0.0654931225819,0.0311092332264
-0.140625000,-0.750000000,0.0975124347494,0.0463184065059
-0.125000000,-0.750000000,0.126378851907,0.0600299546560
-0.109375000,-0.750000000,0.152017277284,0.0722082067097
-0.093750000,-0.750000000,0.174362953268,0.0828224028021
-0.078125000,-0.750000000,0.193360908015,0.0918464313073
-0.062500000,-0.750000000,0.208965467827,0.0992585972181
-0.046875000,-0.750000000,0.221139840488,0.105041424232
-0.031250000,-0.750000000,0.229855770464,0.109181490970
-0.015625000,-0.750000000,0.235093269297,0.111669302916
0.000000000,-0.750000000,0.236840421854,0.112499200380
0.015625000,-0.750000000,0.235093269297,0.111669302916
0.031250000,-0.750000000,0.229855770464,0.109181490970
0.046875000,-0.750000000,0.221139840488,0.105041424232
0.062500000,-0.750000000,0.208965467827,0.0992585972181
0.078125000,-0.750000000,0.193360908015,0.0918464313073
0.093750000,-0.750000000,0.174362953268,0.0828224028021
0.109375000,-0.750000000,0.152017277284,0.0722082067097
0.125000000,-0.750000000,0.126378851907,0.0600299546560
0.140625000,-0.750000000,0.0975124347494,0.0463184065059
0.156250000,-0.750000000,0.0654931225819,0.0311092332264
0.171875000,-0.750000000,0.0304069689496,0.0144433102511
0.187500000,-0.750000000,-0.00764834049015,-0.00363296173282
0.203125000,-0.750000000,-0.0485627594977,-0.0230673107614
0.218750000,-0.750000000,-0.0922131066398,-0.0438012256539
0.234375000,-0.750000000,-0.138462251864,-0.0657695696354
0.250000000,-0.750000000,-0.187158274366,-0.0889001803237
0.265625000,-0.750000000,-0.238133601274,-0.113113460605
0.281250000,-0.750000000,-0.291204141099,-0.138321967022
0.296875000,-0.750000000,-0.346168426781,-0.164430002721
0.312500000,-0.750000000,-0.402806784723,-0.191333222743
0.328125000,-0.750000000,-0.460880551372,-0.218918261902
0.343750000,-0.750000000,-0.520131360808,-0.247062396384
0.359375000,-0.750000000,-0.580280531681,-0.275633252549
0.375000000,-0.750000000,-0.641028584811,-0.304488577785
0.390625000,-0.750000000,-0.702054931291,-0.333476092363
0.406250000,-0.750000000,-0.763017773488,-0.362433442407
0.421875000,-0.750000000,-0.823554272096,-0.391188279246
0.437500000,-0.750000000,-0.883281038175,-0.419558493133
0.453125000,-0.750000000,-0.941795021746,-0.447352635329
0.468750000,-0.750000000,-0.998674876523,-0.474370566349
0.484375000,-0.750000000,-1.05348289939,-0.500404377211
0.500000000,-0.750000000,-1.10576765274,-0.525239635050
0.515625000,-0.750000000,-1.15506740146,-0.548657015694
0.531250000,-0.750000000,-1.20091451657,-0.570434395370
0.546875000,-0.750000000,-1.24284102121,-0.590349485076
0.562500000,-0.750000000,-1.28038548856,-0.608183107066
0.578125000,-0.750000000,-1.31310153316,-0.623723228251
0.593750000,-0.750000000,-1.34056818107,-0.636769886006
0.609375000,-0.750000000,-1.36240245212,-0.647141164756
0.625000000,-0.750000000,-1.37827454756,-0.654680410089
0.640625000,-0.750000000,,
0.656250000,-0.750000000,,
0.671875000,-0.750000000,,
0.687500000,-0.750000000,,
0.703125000,-0.750000000,,
0.718750000,-0.750000000,,
0.734375000,-0.750000000,,
0.750000000,-0.750000000,,
0.765625000,-0.750000000,,
0.781250000,-0.750000000,,
0.796875000,-0.750000000,,
0.812500000,-0.750000000,,
0.828125000,-0.750000000,,
0.843750000,-0.750000000,,
0.859375000,-0.750000000,,
0.875000000,-0.750000000,,
0.890625000,-0.750000000,,
0.906250000,-0.750000000,,
0.921875000,-0.750000000,,
0.937500000,-0.750000000,,
0.953125000,-0.750000000,,
0.968750000,-0.750000000,,
0.984375000,-0.750000000,,
1.000000000,-0.750000000,,
-1.000000000,-0.734375000,,
-0.984375000,-0.734375000,,
-0.968750000,-0.734375000,,
-0.953125000,-0.734375000,,
-0.937500000,-0.734375000,,
-0.921875000,-0.734375000,,
-0.906250000,-0.734375000,,
-0.890625000,-0.734375000,,
-0.875000000,-0.734375000,,
-0.859375000,-0.734375000,,
-0.843750000,-0.734375000,,
-0.828125000,-0.734375000,,
-0.812500000,-0.734375000,,
-0.796875000,-0.734375000,,
-0.781250000,-0.734375000,,
-0.765625000,-0.734375000,,
-0.750000000,-0.734375000,,
-0.734375000,-0.734375000,,
-0.718750000,-0.734375000,,
-0.703125000,-0.734375000,,
-0.687500000,-0.734375000,,
-0.671875000,-0.734375000,,
-0.656250000,-0.734375000,,
-0.640625000,-0.734375000,-1.33939005356,-0.636210275442
-0.625000000,-0.734375000,-1.33058469422,-0.632027729753
-0.609375000,-0.734375000,-1.31502736186,-0.624637996886
-0.593750000,-0.734375000,-1.29308420248,-0.614214996179
-0.578125000,-0.734375000,-1.26517650589,-0.600958840300
-0.562500000,-0.734375000,-1.23176465247,-0.585088209925
-0.546875000,-0.734375000,-1.19333482874,-0.566834043654
-0.531250000,-0.734375000,-1.15038809358,-0.546434344451
-0.515625000,-0.734375000,-1.10343143698,-0.524129932566
-0.500000000,-0.734375000,-1.05297053003,-0.500161001766
-0.484375000,-0.734375000,-0.999503905957,-0.474764355330
-0.468750000,-0.734375000,-0.943518351899,-0.448171217152
-0.453125000,-0.734375000,-0.885485322689,-0.420605528277
-0.437500000,-0.734375000,-0.825858216582,-0.392282652876
-0.421875000,-0.734375000,-0.765070373316,-0.363408427325
-0.406250000,-0.734375000,-0.703533677945,-0.334178497024
-0.390625000,-0.734375000,-0.641637668917,-0.304777892736
-0.375000000,-0.734375000,-0.579749064204,-0.275380805497
-0.359375000,-0.734375000,-0.518211630818,-0.246150524639
-0.343750000,-0.734375000,-0.457346335008,-0.217239509129
-0.328125000,-0.734375000,-0.397451717807,-0.188789565959
-0.312500000,-0.734375000,-0.338804450257,-0.160932113872
-0.296875000,-0.734375000,-0.281660027793,-0.133788513202
-0.281250000,-0.734375000,-0.226253569415,-0.107470445472
-0.265625000,-0.734375000,-0.172800693363,-0.0820803293476
-0.250000000,-0.734375000,-0.121498442572,-0.0577117602215
-0.234375000,-0.734375000,-0.0725262405142,-0.0344499642443
-0.218750000,-0.734375000,-0.0260468576125,-0.0123722573659
-0.203125000,-0.734375000,0.0177926270159,0.00845149783256
-0.187500000,-0.734375000,0.0588598813760,0.0279584436536
-0.171875000,-0.734375000,0.0970364055444,0.0460922926336
-0.156250000,-0.734375000,0.132216655168,0.0628029112048
-0.140625000,-0.734375000,0.164307212613,0.0780459259910
-0.125000000,-0.734375000,0.193226010686,0.0917823550759
-0.109375000,-0.734375000,0.218901616973,0.103978268062
-0.093750000,-0.734375000,0.241272581672,0.114604476294
-0.078125000,-0.734375000,0.260286854779,0.123636256020
-0.062500000,-0.734375000,0.275901273831,0.131053105070
-0.046875000,-0.734375000,0.288081127510,0.136838535567
-0.031250000,-0.734375000,0.296799794939,0.140979902596
-0.015625000,-0.734375000,0.302038463535,0.143468270179
0.000000000,-0.734375000,0.303785927000,0.144298315325
0.015625000,-0.734375000,0.302038463535,0.143468270179
0.031250000,-0.734375000,0.296799794939,0.140979902596
0.046875000,-0.734375000,0.288081127510,0.136838535567
0.062500000,-0.734375000,0.275901273831,0.131053105070
0.078125000,-0.734375000,0.260286854779,0.123636256020
0.093750000,-0.734375000,0.241272581672,0.114604476294
0.109375000,-0.734375000,0.218901616973,0.103978268062
0.125000000,-0.734375000,0.193226010686,0.0917823550759
0.140625000,-0.734375000,0.164307212613,0.0780459259910
0.156250000,-0.734375000,0.132216655168,0.0628029112048
0.171875000,-0.734375000,0.0970364055444,0.0460922926336
0.187500000,-0.734375000,0.0588598813760,0.0279584436536
0.203125000,-0.734375000,0.0177926270159,0.00845149783256
0.218750000,-0.734375000,-0.0260468576125,-0.0123722573659
0.234375000,-0.734375000,-0.0725262405142,-0.0344499642443
0.250000000,-0.734375000,-0.121498442572,-0.0577117602215
0.265625000,-0.734375000,-0.172800693363,-0.0820803293476
0.281250000,-0.734375000,-0.226253569415,-0.107470445472
0.296875000,-0.734375000,-0.281660027793,-0.133788513202
0.312500000,-0.734375000,-0.338804450257,-0.160932113872
0.328125000,-0.734375000,-0.397451717807,-0.188789565959
0.343750000,-0.734375000,-0.457346335008,-0.217239509129
0.359375000,-0.734375000,-0.518211630818,-0.246150524639
0.375000000,-0.734375000,-0.579749064204,-0.275380805497
0.390625000,-0.734375000,-0.641637668917,-0.304777892736
0.406250000,-0.734375000,-0.703533677945,-0.334178497024
0.421875000,-0.734375000,-0.765070373316,-0.363408427325
0.437500000,-0.734375000,-0.825858216582,-0.392282652876
0.453125000,-0.734375000,-0.885485322689,-0.420605528277
0.468750000,-0.734375000,-0.943518351899,-0.448171217152
0.484375000,-0.734375000,-0.999503905957,-0.474764355330
0.500000000,-0.734375000,-1.05297053003,-0.500161001766
0.515625000,-0.734375000,-1.10343143698,-0.524129932566
0.531250000,-0.734375000,-1.15038809358,-0.546434344451
0.546875000,-0.734375000,-1.19333482874,-0.566834043654
0.562500000,-0.734375000,-1.23176465247,-0.585088209925
0.578125000,-0.734375000,-1.26517650589,-0.600958840300
0.593750000,-0.734375000,-1.29308420248,-0.614214996179
0.609375000,-0.734375000,-1.31502736186,-0.624637996886
0.625000000,-0.734375000,-1.33058469422,-0.632027729753
0.640625000,-0.734375000,-1.33939005356,-0.636210275442
0.656250000,-0.734375000,,
0.671875000,-0.734375000,,
0.687500000,-0.734375000,,
0.703125000,-0.734375000,,
0.718750000,-0.734375000,,
0.734375000,-0.734375000,,
0.750000000,-0.734375000,,
0.765625000,-0.734375000,,
0.781250000,-0.734375000,,
0.796875000,-0.734375000,,
0.812500000,-0.734375000,,
0.828125000,-0.734375000,,
0.843750000,-0.734375000,,
0.859375000,-0.734375000,,
0.875000000,-0.734375000,,
0.890625000,-0.734375000,,
0.906250000,-0.734375000,,
0.921875000,-0.734375000,,
0.937500000,-0.734375000,,
0.953125000,-0.734375000,,
0.968750000,-0.734375000,,
0.984375000,-0.734375000,,
1.000000000,-0.734375000,,
-1.000000000,-0.718750000,,
-0.984375000,-0.718750000,,
-0.968750000,-0.718750000,,
-0.953125000,-0.718750000,,
-0.937500000,-0.718750000,,
-0.921875000,-0.718750000,,
-0.906250000,-0.718750000,,
-0.890625000,-0.718750000,,
-0.875000000,-0.718750000,,
-0.859375000,-0.718750000,,
-0.843750000,-0.718750000,,
-0.828125000,-0.718750000,,
-0.812500000,-0.718750000,,
-0.796875000,-0.718750000,,
-0.781250000,-0.718750000,,
-0.765625000,-0.718750000,,
-0.750000000,-0.718750000,,
-0.734375000,-0.718750000,,
-0.718750000,-0.718750000,,
-0.703125000,-0.718750000,,
-0.687500000,-0.718750000,,
-0.671875000,-0.718750000,-1.29513349378,-0.615188409547
-0.656250000,-0.718750000,-1.30195052520,-0.618426499470
-0.640625000,-0.718750000,-1.30086886824,-0.617912712416
-0.625000000,-0.718750000,-1.29221203011,-0.613800714303
-0.609375000,-0.718750000,-1.27638176765,-0.606281339632
-0.593750000,-0.718750000,-1.25383755950,-0.595572840763
-0.578125000,-0.718750000,-1.22507956146,-0.581912791694
-0.562500000,-0.718750000,-1.19063451629,-0.565551395238
-0.546875000,-0.718750000,-1.15104416722,-0.546745979428
-0.531250000,-0.718750000,-1.10685579499,-0.525756502622
-0.515625000,-0.718750000,-1.05861455358,-0.502841912949
-0.500000000,-0.718750000,-1.00685732771,-0.478257230660
-0.484375000,-0.718750000,-0.952107877213,-0.452251241676
-0.468750000,-0.718750000,-0.894873066976,-0.425064706814
-0.453125000,-0.718750000,-0.835640010954,-0.396929005203
-0.437500000,-0.718750000,-0.774873983459,-0.368065142143
-0.421875000,-0.718750000,-0.713016972300,-0.338683061842
-0.406250000,-0.718750000,-0.650486766877,-0.308981214267
-0.390625000,-0.718750000,-0.587676489405,-0.279146332467
-0.375000000,-0.718750000,-0.524954490448,-0.249353382963
-0.359375000,-0.718750000,-0.462664541569,-0.219765657245
-0.343750000,-0.718750000,-0.401126268097,-0.190534977346
-0.328125000,-0.718750000,-0.340635771823,-0.161801991616
-0.312500000,-0.718750000,-0.281466402879,-0.133696541368
-0.296875000,-0.718750000,-0.223869642915,-0.106338080385
-0.281250000,-0.718750000,-0.168076070386,-0.0798361334336
-0.265625000,-0.718750000,-0.114296381099,-0.0542907810221
-0.250000000,-0.718750000,-0.0627224402557,-0.0297931591215
-0.234375000,-0.718750000,-0.0135283495630,-0.00642596604244
-0.218750000,-0.718750000,0.0331284896322,0.0157360325753
-0.203125000,-0.718750000,0.0771063299019,0.0366255067034
-0.187500000,-0.718750000,0.118278059684,0.0561820783501
-0.171875000,-0.718750000,0.156530224073,0.0743518564348
-0.156250000,-0.718750000,0.191762092541,0.0910869939572
-0.140625000,-0.718750000,0.223884781144,0.106345271044
-0.125000000,-0.718750000,0.252820435468,0.120089706847
-0.109375000,-0.718750000,0.278501478086,0.132288202091
-0.093750000,-0.718750000,0.300869926521,0.142913215097
-0.078125000,-0.718750000,0.319876783998,0.151941472399
-0.062500000,-0.718750000,0.335481506289,0.159353715487
-0.046875000,-0.718750000,0.347651546950,0.165134484801
-0.031250000,-0.718750000,0.356361983261,0.169271942049
-0.015625000,-0.718750000,0.361595223066,0.171757730956
0.000000000,-0.718750000,0.363340795046,0.172586877647
0.015625000,-0.718750000,0.361595223066,0.171757730956
0.031250000,-0.718750000,0.356361983261,0.169271942049
0.046875000,-0.718750000,0.347651546950,0.165134484801
0.062500000,-0.718750000,0.335481506289,0.159353715487
0.078125000,-0.718750000,0.319876783998,0.151941472399
0.093750000,-0.718750000,0.300869926521,0.142913215097
0.109375000,-0.718750000,0.278501478086,0.132288202091
0.125000000,-0.718750000,0.252820435468,0.120089706847
0.140625000,-0.718750000,0.223884781144,0.106345271044
0.156250000,-0.718750000,0.191762092541,0.0910869939572
0.171875000,-0.718750000,0.156530224073,0.0743518564348
0.187500000,-0.718750000,0.118278059684,0.0561820783501
0.203125000,-0.718750000,0.0771063299019,0.0366255067034
0.218750000,-0.718750000,0.0331284896322,0.0157360325753
0.234375000,-0.718750000,-0.0135283495630,-0.00642596604244
0.250000000,-0.718750000,-0.0627224402557,-0.0297931591215
0.265625000,-0.718750000,-0.114296381099,-0.0542907810221
0.281250000,-0.718750000,-0.168076070386,-0.0798361334336
0.296875000,-0.718750000,-0.223869642915,-0.106338080385
0.312500000,-0.718750000,-0.281466402879,-0.133696541368
0.328125000,-0.718750000,-0.340635771823,-0.161801991616
0.343750000,-0.718750000,-0.401126268097,-0.190534977346
0.359375000,-0.718750000,-0.462664541569,-0.219765657245
0.375000000,-0.718750000,-0.524954490448,-0.249353382963
0.390625000,-0.718750000,-0.587676489405,-0.279146332467
0.406250000,-0.718750000,-0.650486766877,-0.308981214267
0.421875000,-0.718750000,-0.713016972300,-0.338683061842
0.437500000,-0.718750000,-0.774873983459,-0.368065142143
0.453125000,-0.718750000,-0.835640010954,-0.396929005203
0.468750000,-0.718750000,-0.894873066976,-0.425064706814
0.484375000,-0.718750000,-0.952107877213,-0.452251241676
0.500000000,-0.718750000,-1.00685732771,-0.478257230660
0.515625000,-0.718750000,-1.05861455358,-0.502841912949
0.531250000,-0.718750000,-1.10685579499,-0.525756502622
0.546875000,-0.718750000,-1.15104416722,-0.546745979428
0.562500000,-0.718750000,-1.19063451629,-0.565551395238
0.578125000,-0.718750000,-1.22507956146,-0.581912791694
0.593750000,-0.718750000,-1.25383755950,-0.595572840763
0.609375000,-0.718750000,-1.27638176765,-0.606281339632
0.625000000,-0.718750000,-1.29221203011,-0.613800714303
0.640625000,-0.718750000,-1.30086886824,-0.617912712416
0.656250000,-0.718750000,-1.30195052520,-0.618426499470
0.671875000,-0.718750000,-1.29513349378,-0.615188409547
0.687500000,-0.718750000,,
0.703125000,-0.718750000,,
0.718750000,-0.718750000,,
0.734375000,-0.718750000,,
0.750000000,-0.718750000,,
0.765625000,-0.718750000,,
0.781250000,-0.718750000,,
0.796875000,-0.718750000,,
0.812500000,-0.718750000,,
0.828125000,-0.718750000,,
0.843750000,-0.718750000,,
0.859375000,-0.718750000,,
0.875000000,-0.718750000,,
0.890625000,-0.718750000,,
0.906250000,-0.718750000,,
0.921875000,-0.718750000,,
0.937500000,-0.718750000,,
0.953125000,-0.718750000,,
0.968750000,-0.718750000,,
0.984375000,-0.718750000,,
1.000000000,-0.718750000,,
-1.000000000,-0.703125000,,
-0.984375000,-0.703125000,,
-0.968750000,-0.703125000,,
-0.953125000,-0.703125000,,
-0.937500000,-0.703125000,,
-0.921875000,-0.703125000,,
-0.906250000,-0.703125000,,
-0.890625000,-0.703125000,,
-0.875000000,-0.703125000,,
-0.859375000,-0.703125000,,
-0.843750000,-0.703125000,,
-0.828125000,-0.703125000,,
-0.812500000,-0.703125000,,
-0.796875000,-0.703125000,,
-0.781250000,-0.703125000,,
-0.765625000,-0.703125000,,
-0.750000000,-0.703125000,,
-0.734375000,-0.703125000,,
-0.718750000,-0.703125000,,
-0.703125000,-0.703125000,,
-0.687500000,-0.703125000,-1.24869703435,-0.593131091318
-0.671875000,-0.703125000,-1.26483901143,-0.600798530431
-0.656250000,-0.703125000,-1.27219315354,-0.604291747932
-0.640625000,-0.703125000,-1.27111295016,-0.603778651326
-0.625000000,-0.703125000,-1.26203479778,-0.599466528946
-0.609375000,-0.703125000,-1.24545609269,-0.591591644029
-0.593750000,-0.703125000,-1.22191705458,-0.580410600928
-0.578125000,-0.703125000,-1.19198571173,-0.566193213071
-0.562500000,-0.703125000,-1.15624556518,-0.549216643460
-0.546875000,-0.703125000,-1.11528552097,-0.529760622462
-0.531250000,-0.703125000,-1.06969174338,-0.508103578104
-0.515625000,-0.703125000,-1.02004113183,-0.484519537617
-0.500000000,-0.703125000,-0.966896170708,-0.459275681086
-0.484375000,-0.703125000,-0.910800935283,-0.432630444259
-0.468750000,-0.703125000,-0.852278071980,-0.404832084190
-0.453125000,-0.703125000,-0.791826595208,-0.376117632724
-0.437500000,-0.703125000,-0.729920368561,-0.346712175067
-0.421875000,-0.703125000,-0.667007154074,-0.316828398185
-0.406250000,-0.703125000,-0.603508133888,-0.286666363597
-0.390625000,-0.703125000,-0.539817819525,-0.256413464275
-0.375000000,-0.703125000,-0.476304278427,-0.226244532253
-0.359375000,-0.703125000,-0.413309615165,-0.196322067203
-0.343750000,-0.703125000,-0.351150656974,-0.166796562063
-0.328125000,-0.703125000,-0.290119797738,-0.137806903925
-0.312500000,-0.703125000,-0.230485962113,-0.109480832004
-0.296875000,-0.703125000,-0.172495658725,-0.0819354378943
-0.281250000,-0.703125000,-0.116374092827,-0.0552776940928
-0.265625000,-0.703125000,-0.0623263158543,-0.0296050000308
-0.250000000,-0.703125000,-0.0105383912141,-0.00500573582672
-0.234375000,-0.703125000,0.0388214403161,0.0184401841502
-0.218750000,-0.703125000,0.0856016112792,0.0406607653576
-0.203125000,-0.703125000,0.129666105532,0.0615914001276
-0.187500000,-0.703125000,0.170893374763,0.0811743530122
-0.171875000,-0.703125000,0.209175302104,0.0993582684995
-0.156250000,-0.703125000,0.244416220461,0.116097704719
-0.140625000,-0.703125000,0.276531991825,0.131352696117
-0.125000000,-0.703125000,0.305449153045,0.145088347697
-0.109375000,-0.703125000,0.331104131807,0.157274462608
-0.093750000,-0.703125000,0.353442537443,0.167885205285
-0.078125000,-0.703125000,0.372418528773,0.176898801167
-0.062500000,-0.703125000,0.387994262141,0.184297274517
-0.046875000,-0.703125000,0.400139420879,0.190066224918
-0.031250000,-0.703125000,0.408830828894,0.194194643724
-0.015625000,-0.703125000,0.414052148140,0.196674770367
0.000000000,-0.703125000,0.415793662597,0.197501989733
0.015625000,-0.703125000,0.414052148140,0.196674770367
0.031250000,-0.703125000,0.408830828894,0.194194643724
0.046875000,-0.703125000,0.400139420879,0.190066224918
0.062500000,-0.703125000,0.387994262141,0.184297274517
0.078125000,-0.703125000,0.372418528773,0.176898801167
0.093750000,-0.703125000,0.353442537443,0.167885205285
0.109375000,-0.703125000,0.331104131807,0.157274462608
0.125000000,-0.703125000,0.305449153045,0.145088347697
0.140625000,-0.703125000,0.276531991825,0.131352696117
0.156250000,-0.703125000,0.244416220461,0.116097704719
0.171875000,-0.703125000,0.209175302104,0.0993582684995
0.187500000,-0.703125000,0.170893374763,0.0811743530122
0.203125000,-0.703125000,0.129666105532,0.0615914001276
0.218750000,-0.703125000,0.0856016112792,0.0406607653576
0.234375000,-0.703125000,0.0388214403161,0.0184401841502
0.250000000,-0.703125000,-0.0105383912141,-0.00500573582672
0.265625000,-0.703125000,-0.0623263158543,-0.0296050000308
0.281250000,-0.703125000,-0.116374092827,-0.0552776940928
0.296875000,-0.703125000,-0.172495658725,-0.0819354378943
0.312500000,-0.703125000,-0.230485962113,-0.109480832004
0.328125000,-0.703125000,-0.290119797738,-0.137806903925
0.343750000,-0.703125000,-0.351150656974,-0.166796562063
0.359375000,-0.703125000,-0.413309615165,-0.196322067203
0.375000000,-0.703125000,-0.476304278427,-0.226244532253
0.390625000,-0.703125000,-0.539817819525,-0.256413464275
0.406250000,-0.703125000,-0.603508133888,-0.286666363597
0.421875000,-0.703125000,-0.667007154074,-0.316828398185
0.437500000,-0.703125000,-0.729920368561,-0.346712175067
0.453125000,-0.703125000,-0.791826595208,-0.376117632724
0.468750000,-0.703125000,-0.852278071980,-0.404832084190
0.484375000,-0.703125000,-0.910800935283,-0.432630444259
0.500000000,-0.703125000,-0.966896170708,-0.459275681086
0.515625000,-0.703125000,-1.02004113183,-0.484519537617
0.531250000,-0.703125000,-1.06969174338,-0.508103578104
0.546875000,-0.703125000,-1.11528552097,-0.529760622462
0.562500000,-0.703125000,-1.15624556518,-0.549216643460
0.578125000,-0.703125000,-1.19198571173,-0.566193213071
0.593750000,-0.703125000,-1.22191705458,-0.580410600928
0.609375000,-0.703125000,-1.24545609269,-0.591591644029
0.625000000,-0.703125000,-1.26203479778,-0.599466528946
0.640625000,-0.703125000,-1.27111295016,-0.603778651326
0.656250000,-0.703125000,-1.27219315354,-0.604291747932
0.671875000,-0.703125000,-1.26483901143,-0.600798530431
0.687500000,-0.703125000,-1.24869703435,-0.593131091318
0.703125000,-0.703125000,,
0.718750000,-0.703125000,,
0.734375000,-0.703125000,,
0.750000000,-0.703125000,,
0.765625000,-0.703125000,,
0.781250000,-0.703125000,,
0.796875000,-0.703125000,,
0.812500000,-0.703125000,,
0.828125000,-0.703125000,,
0.843750000,-0.703125000,,
0.859375000,-0.703125000,,
0.875000000,-0.703125000,,
0.890625000,-0.703125000,,
0.906250000,-0.703125000,,
0.921875000,-0.703125000,,
0.937500000,-0.703125000,,
0.953125000,-0.703125000,,
0.968750000,-0.703125000,,
0.984375000,-0.703125000,,
1.000000000,-0.703125000,,
-1.000000000,-0.687500000,,
-0.984375000,-0.687500000,,
-0.968750000,-0.687500000,,
-0.953125000,-0.687500000,,
-0.937500000,-0.687500000,,
-0.921875000,-0.687500000,,
-0.906250000,-0.687500000,,
-0.890625000,-0.687500000,,
-0.875000000,-0.687500000,,
-0.859375000,-0.687500000,,
-0.843750000,-0.687500000,,
-0.828125000,-0.687500000,,
-0.812500000,-0.687500000,,
-0.796875000,-0.687500000,,
-0.781250000,-0.687500000,,
-0.765625000,-0.687500000,,
-0.750000000,-0.687500000,,
-0.734375000,-0.687500000,,
-0.718750000,-0.687500000,,
-0.703125000,-0.687500000,-1.20061036525,-0.570289923495
-0.687500000,-0.687500000,-1.22688291491,-0.582769384583
-0.671875000,-0.687500000,-1.24344243994,-0.590635158971
-0.656250000,-0.687500000,-1.25067013820,-0.594068315647
-0.640625000,-0.687500000,-1.24903576133,-0.593291986631
-0.625000000,-0.687500000,-1.23907413667,-0.588560214918
-0.609375000,-0.687500000,-1.22136570142,-0.580148708175
-0.593750000,-0.687500000,-1.19652043131,-0.568347204870
-0.578125000,-0.687500000,-1.16516464388,-0.553453205843
-0.562500000,-0.687500000,-1.12793023450,-0.535766861386
-0.546875000,-0.687500000,-1.08544596959,-0.515586835555
-0.531250000,-0.687500000,-1.03833051954,-0.493206996783
-0.515625000,-0.687500000,-0.987186959488,-0.468913805757
-0.500000000,-0.687500000,-0.932598507962,-0.442984291282
-0.484375000,-0.687500000,-0.875125306150,-0.415684520421
-0.468750000,-0.687500000,-0.815302070341,-0.387268483412
-0.453125000,-0.687500000,-0.753636475450,-0.357977325839
-0.437500000,-0.687500000,-0.690608145831,-0.328038869270
-0.421875000,-0.687500000,-0.626668150428,-0.297667371453
-0.406250000,-0.687500000,-0.562238912978,-0.267063483664
-0.390625000,-0.687500000,-0.497714460054,-0.236414368526
-0.375000000,-0.687500000,-0.433460944197,-0.205893948494
-0.359375000,-0.687500000,-0.369817384048,-0.175663257423
-0.343750000,-0.687500000,-0.307096575908,-0.145870873556
-0.328125000,-0.687500000,-0.245586135684,-0.116653414450
-0.312500000,-0.687500000,-0.185549635891,-0.0881360770484
-0.296875000,-0.687500000,-0.127227809923,-0.0604332097136
-0.281250000,-0.687500000,-0.0708397969496,-0.0336489035511
-0.265625000,-0.687500000,-0.0165844070351,-0.00787759334166
-0.250000000,-0.687500000,0.0353586121293,0.0167953407614
-0.234375000,-0.687500000,0.0848273221212,0.0402929780075
-0.218750000,-0.687500000,0.131676367167,0.0625462744042
-0.203125000,-0.687500000,0.175775784666,0.0834934977166
-0.187500000,-0.687500000,0.217009864538,0.103079685655
-0.171875000,-0.687500000,0.255276061074,0.121256129010
-0.156250000,-0.687500000,0.290483967617,0.137979884618
-0.140625000,-0.687500000,0.322554357907,0.153213320006
-0.125000000,-0.687500000,0.351418298884,0.166923691970
-0.109375000,-0.687500000,0.377016338648,0.179082760858
-0.093750000,-0.687500000,0.399297773244,0.189666442291
-0.078125000,-0.687500000,0.418219994560,0.198654497416
-0.062500000,-0.687500000,0.433747921314,0.206030262624
-0.046875000,-0.687500000,0.445853514771,0.211780419516
-0.031250000,-0.687500000,0.454515381498,0.215894806211
-0.015625000,-0.687500000,0.459718462723,0.218366269794
0.000000000,-0.687500000,0.461453812248,0.219190560818
0.015625000,-0.687500000,0.459718462723,0.218366269794
0.031250000,-0.687500000,0.454515381498,0.215894806211
0.046875000,-0.687500000,0.445853514771,0.211780419516
0.062500000,-0.687500000,0.433747921314,0.206030262624
0.078125000,-0.687500000,0.418219994560,0.198654497416
0.093750000,-0.687500000,0.399297773244,0.189666442291
0.109375000,-0.687500000,0.377016338648,0.179082760858
0.125000000,-0.687500000,0.351418298884,0.166923691970
0.140625000,-0.687500000,0.322554357907,0.153213320006
0.156250000,-0.687500000,0.290483967617,0.137979884618
0.171875000,-0.687500000,0.255276061074,0.121256129010
0.187500000,-0.687500000,0.217009864538,0.103079685655
0.203125000,-0.687500000,0.175775784666,0.0834934977166
0.218750000,-0.687500000,0.131676367167,0.0625462744042
0.234375000,-0.687500000,0.0848273221212,0.0402929780075
0.250000000,-0.687500000,0.0353586121293,0.0167953407614
0.265625000,-0.687500000,-0.0165844070351,-0.00787759334166
0.281250000,-0.687500000,-0.0708397969496,-0.0336489035511
0.296875000,-0.687500000,-0.127227809923,-0.0604332097136
0.312500000,-0.687500000,-0.185549635891,-0.0881360770484
0.328125000,-0.687500000,-0.245586135684,-0.116653414450
0.343750000,-0.687500000,-0.307096575908,-0.145870873556
0.359375000,-0.687500000,-0.369817384048,-0.175663257423
0.375000000,-0.687500000,-0.433460944197,-0.205893948494
0.390625000,-0.687500000,-0.497714460054,-0.236414368526
0.406250000,-0.687500000,-0.562238912978,-0.267063483664
0.421875000,-0.687500000,-0.626668150428,-0.297667371453
0.437500000,-0.687500000,-0.690608145831,-0.328038869270
0.453125000,-0.687500000,-0.753636475450,-0.357977325839
0.468750000,-0.687500000,-0.815302070341,-0.387268483412
0.484375000,-0.687500000,-0.875125306150,-0.415684520421
0.500000000,-0.687500000,-0.932598507962,-0.442984291282
0.515625000,-0.687500000,-0.987186959488,-0.468913805757
0.531250000,-0.687500000,-1.03833051954,-0.493206996783
0.546875000,-0.687500000,-1.08544596959,-0.515586835555
0.562500000,-0.687500000,-1.12793023450,-0.535766861386
0.578125000,-0.687500000,-1.16516464388,-0.553453205843
0.593750000,-0.687500000,-1.19652043131,-0.568347204870
0.609375000,-0.687500000,-1.22136570142,-0.580148708175
0.625000000,-0.687500000,-1.23907413667,-0.588560214918
0.640625000,-0.687500000,-1.24903576133,-0.593291986631
0.656250000,-0.687500000,-1.25067013820,-0.594068315647
0.671875000,-0.687500000,-1.24344243994,-0.590635158971
0.687500000,-0.687500000,-1.22688291491,-0.582769384583
0.703125000,-0.687500000,-1.20061036525,-0.570289923495
0.718750000,-0.687500000,,
0.734375000,-0.687500000,,
0.750000000,-0.687500000,,
0.765625000,-0.687500000,,
0.781250000,-0.687500000,,
0.796875000,-0.687500000,,
0.812500000,-0.687500000,,
0.828125000,-0.687500000,,
0.843750000,-0.687500000,,
0.859375000,-0.687500000,,
0.875000000,-0.687500000,,
0.890625000,-0.687500000,,
0.906250000,-0.687500000,,
0.921875000,-0.687500000,,
0.937500000,-0.687500000,,
0.953125000,-0.687500000,,
0.968750000,-0.687500000,,
0.984375000,-0.687500000,,
1.000000000,-0.687500000,,
-1.000000000,-0.671875000,,
-0.984375000,-0.671875000,,
-0.968750000,-0.671875000,,
-0.953125000,-0.671875000,,
-0.937500000,-0.671875000,,
-0.921875000,-0.671875000,,
-0.906250000,-0.671875000,,
-0.890625000,-0.671875000,,
-0.875000000,-0.671875000,,
-0.859375000,-0.671875000,,
-0.843750000,-0.671875000,,
-0.828125000,-0.671875000,,
-0.812500000,-0.671875000,,
-0.796875000,-0.671875000,,
-0.781250000,-0.671875000,,
-0.765625000,-0.671875000,,
-0.750000000,-0.671875000,,
-0.734375000,-0.671875000,,
-0.718750000,-0.671875000,-1.14957768203,-0.546049398966
-0.703125000,-0.671875000,-1.18684814093,-0.563752866944
-0.687500000,-0.671875000,-1.21344276797,-0.576385314788
-0.671875000,-0.671875000,-1.22976765012,-0.584139633805
-0.656250000,-0.671875000,-1.23632420196,-0.587253995931
-0.640625000,-0.671875000,-1.23368390510,-0.585999854925
-0.625000000,-0.671875000,-1.22246737191,-0.580672001656
-0.609375000,-0.671875000,-1.20332706881,-0.571580357686
-0.593750000,-0.671875000,-1.17693313416,-0.559043238728
-0.578125000,-0.671875000,-1.14396181338,-0.543381861354
-0.562500000,-0.671875000,-1.10508610578,-0.524915900245
-0.546875000,-0.671875000,-1.06096828089,-0.503959933421
-0.531250000,-0.671875000,-1.01225397030,-0.480820635891
-0.515625000,-0.671875000,-0.959567588699,-0.455794604632
-0.500000000,-0.671875000,-0.903508870951,-0.429166713702
-0.484375000,-0.671875000,-0.844650346362,-0.401208914522
-0.468750000,-0.671875000,-0.783535595903,-0.372179408054
-0.453125000,-0.671875000,-0.720678161506,-0.342322126715
-0.437500000,-0.671875000,-0.656560996418,-0.311866473299
-0.421875000,-0.671875000,-0.591636360038,-0.281027271018
-0.406250000,-0.671875000,-0.526326077092,-0.250004886619
-0.390625000,-0.671875000,-0.461022091087,-0.218985493266
-0.375000000,-0.671875000,-0.396087252469,-0.188141444923
-0.359375000,-0.671875000,-0.331856292064,-0.157631738730
-0.343750000,-0.671875000,-0.268636935414,-0.127602544322
-0.328125000,-0.671875000,-0.206711121564,-0.0981877827431
-0.312500000,-0.671875000,-0.146336296172,-0.0695097406819
-0.296875000,-0.671875000,-0.0877467503651,-0.0416797064234
-0.281250000,-0.671875000,-0.0311549846228,-0.0147986176958
-0.265625000,-0.671875000,0.0232469233668,0.0110422885993
-0.250000000,-0.671875000,0.0752859609626,0.0357608314572
-0.234375000,-0.671875000,0.124806849228,0.0592832533832
-0.218750000,-0.671875000,0.171670747440,0.0815436050338
-0.203125000,-0.671875000,0.215754004138,0.102483151966
-0.187500000,-0.671875000,0.256946963630,0.122049807724
-0.171875000,-0.671875000,0.295152833508,0.140197595917
-0.156250000,-0.671875000,0.330286619951,0.156886144477
-0.140625000,-0.671875000,0.362274134729,0.172080213996
-0.125000000,-0.671875000,0.391051079727,0.185749262870
-0.109375000,-0.671875000,0.416562209314,0.197867049424
-0.093750000,-0.671875000,0.438760576208,0.208411273699
-0.078125000,-0.671875000,0.457606861582,0.217363259251
-0.062500000,-0.671875000,0.473068790559,0.224707675515
-0.046875000,-0.671875000,0.485120637046,0.230432302597
-0.031250000,-0.671875000,0.493742815408,0.234527837319
-0.015625000,-0.671875000,0.498921563609,0.236987742714
0.000000000,-0.671875000,0.500648715272,0.237808139754
0.015625000,-0.671875000,0.498921563609,0.236987742714
0.031250000,-0.671875000,0.493742815408,0.234527837319
0.046875000,-0.671875000,0.485120637046,0.230432302597
0.062500000,-0.671875000,0.473068790559,0.224707675515
0.078125000,-0.671875000,0.457606861582,0.217363259251
0.093750000,-0.671875000,0.438760576208,0.208411273699
0.109375000,-0.671875000,0.416562209314,0.197867049424
0.125000000,-0.671875000,0.391051079727,0.185749262870
0.140625000,-0.671875000,0.362274134729,0.172080213996
0.156250000,-0.671875000,0.330286619951,0.156886144477
0.171875000,-0.671875000,0.295152833508,0.140197595917
0.187500000,-0.671875000,0.256946963630,0.122049807724
0.203125000,-0.671875000,0.215754004138,0.102483151966
0.218750000,-0.671875000,0.171670747440,0.0815436050338
0.234375000,-0.671875000,0.124806849228,0.0592832533832
0.250000000,-0.671875000,0.0752859609626,0.0357608314572
0.265625000,-0.671875000,0.0232469233668,0.0110422885993
0.281250000,-0.671875000,-0.0311549846228,-0.0147986176958
0.296875000,-0.671875000,-0.0877467503651,-0.0416797064234
0.312500000,-0.671875000,-0.146336296172,-0.0695097406819
0.328125000,-0.671875000,-0.206711121564,-0.0981877827431
0.343750000,-0.671875000,-0.268636935414,-0.127602544322
0.359375000,-0.671875000,-0.331856292064,-0.157631738730
0.375000000,-0.671875000,-0.396087252469,-0.188141444923
0.390625000,-0.671875000,-0.461022091087,-0.218985493266
0.406250000,-0.671875000,-0.526326077092,-0.250004886619
0.421875000,-0.671875000,-0.591636360038,-0.281027271018
0.437500000,-0.671875000,-0.656560996418,-0.311866473299
0.453125000,-0.671875000,-0.720678161506,-0.342322126715
0.468750000,-0.671875000,-0.783535595903,-0.372179408054
0.484375000,-0.671875000,-0.844650346362,-0.401208914522
0.500000000,-0.671875000,-0.903508870951,-0.429166713702
0.515625000,-0.671875000,-0.959567588699,-0.455794604632
0.531250000,-0.671875000,-1.01225397030,-0.480820635891
0.546875000,-0.671875000,-1.06096828089,-0.503959933421
0.562500000,-0.671875000,-1.10508610578,-0.524915900245
0.578125000,-0.671875000,-1.14396181338,-0.543381861354
0.593750000,-0.671875000,-1.17693313416,-0.559043238728
0.609375000,-0.671875000,-1.20332706881,-0.571580357686
0.625000000,-0.671875000,-1.22246737191,-0.580672001656
0.640625000,-0.671875000,-1.23368390510,-0.585999854925
0.656250000,-0.671875000,-1.23632420196,-0.587253995931
0.671875000,-0.671875000,-1.22976765012,-0.584139633805
0.687500000,-0.671875000,-1.21344276797,-0.576385314788
0.703125000,-0.671875000,-1.18684814093,-0.563752866944
0.718750000,-0.671875000,-1.14957768203,-0.546049398966
0.734375000,-0.671875000,,
0.750000000,-0.671875000,,
0.765625000,-0.671875000,,
0.781250000,-0.671875000,,
0.796875000,-0.671875000,,
0.812500000,-0.671875000,,
0.828125000,-0.671875000,,
0.843750000,-0.671875000,,
0.859375000,-0.671875000,,
0.875000000,-0.671875000,,
0.890625000,-0.671875000,,
0.906250000,-0.671875000,,
0.921875000,-0.671875000,,
0.937500000,-0.671875000,,
0.953125000,-0.671875000,,
0.968750000,-0.671875000,,
0.984375000,-0.671875000,,
1.000000000,-0.671875000,,
-1.000000000,-0.656250000,,
-0.984375000,-0.656250000,,
-0.968750000,-0.656250000,,
-0.953125000,-0.656250000,,
-0.937500000,-0.656250000,,
-0.921875000,-0.656250000,,
-0.906250000,-0.656250000,,
-0.890625000,-0.656250000,,
-0.875000000,-0.656250000,,
-0.859375000,-0.656250000,,
-0.843750000,-0.656250000,,
-0.828125000,-0.656250000,,
-0.812500000,-0.656250000,,
-0.796875000,-0.656250000,,
-0.781250000,-0.656250000,,
-0.765625000,-0.656250000,,
-0.750000000,-0.656250000,,
-0.734375000,-0.656250000,-1.09423339580,-0.519760863003
-0.718750000,-0.656250000,-1.14343323534,-0.543130786788
-0.703125000,-0.656250000,-1.18095568447,-0.560953950123
-0.687500000,-0.656250000,-1.20722822045,-0.573433404713
-0.671875000,-0.656250000,-1.22278171649,-0.580821315333
-0.656250000,-0.656250000,-1.22822315158,-0.583405997000
-0.640625000,-0.656250000,-1.22421300349,-0.581501176657
-0.625000000,-0.656250000,-1.21144659594,-0.575437133071
-0.609375000,-0.656250000,-1.19063879015,-0.565553425320
-0.593750000,-0.656250000,-1.16251150105,-0.552192962998
-0.578125000,-0.656250000,-1.12778360008,-0.535697210038
-0.562500000,-0.656250000,-1.08716283202,-0.516402345210
-0.546875000,-0.656250000,-1.04133943109,-0.494636229769
-0.531250000,-0.656250000,-0.990981166746,-0.470716054204
-0.515625000,-0.656250000,-0.936729592947,-0.444946556650
-0.500000000,-0.656250000,-0.879197304157,-0.417618719475
-0.484375000,-0.656250000,-0.818966035678,-0.389008866947
-0.468750000,-0.656250000,-0.756585464754,-0.359378095758
-0.453125000,-0.656250000,-0.692572594688,-0.328971982477
-0.437500000,-0.656250000,-0.627411617547,-0.298020518335
-0.421875000,-0.656250000,-0.561554169825,-0.266738230667
-0.406250000,-0.656250000,-0.495419905898,-0.235324455302
-0.390625000,-0.656250000,-0.429397325153,-0.203963729448
-0.375000000,-0.656250000,-0.363844800437,-0.172826280207
-0.359375000,-0.656250000,-0.299091759779,-0.142068585895
-0.343750000,-0.656250000,-0.235439983655,-0.111833992236
-0.328125000,-0.656250000,-0.173164983582,-0.0822533672013
-0.312500000,-0.656250000,-0.112517433814,-0.0534457810618
-0.296875000,-0.656250000,-0.0537246326495,-0.0255192005085
-0.281250000,-0.656250000,0.00300802833437,0.00142881345882
-0.265625000,-0.656250000,0.0574956027082,0.0273104112864
-0.250000000,-0.656250000,0.109572151622,0.0520467720207
-0.234375000,-0.656250000,0.159089341055,0.0755674370013
-0.218750000,-0.656250000,0.205915085336,0.0978096655346
-0.203125000,-0.656250000,0.249932244881,0.118717816318
-0.187500000,-0.656250000,0.291037385575,0.138242758148
-0.171875000,-0.656250000,0.329139606765,0.156341313213
-0.156250000,-0.656250000,0.364159441208,0.172975734574
-0.140625000,-0.656250000,0.396027832102,0.188113220249
-0.125000000,-0.656250000,0.424685191657,0.201725466037
-0.109375000,-0.656250000,0.450080541471,0.213788257199
-0.093750000,-0.656250000,0.472170739534,0.224281101278
-0.078125000,-0.656250000,0.490919794116,0.233186902205
-0.062500000,-0.656250000,0.506298267013,0.240491676831
-0.046875000,-0.656250000,0.518282766575,0.246184314123
-0.031250000,-0.656250000,0.526855531501,0.250256377463
-0.015625000,-0.656250000,0.532004107258,0.252701950948
0.000000000,-0.656250000,0.533721114120,0.253517529207
0.015625000,-0.656250000,0.532004107258,0.252701950948
0.031250000,-0.656250000,0.526855531501,0.250256377463
0.046875000,-0.656250000,0.518282766575,0.246184314123
0.062500000,-0.656250000,0.506298267013,0.240491676831
0.078125000,-0.656250000,0.490919794116,0.233186902205
0.093750000,-0.656250000,0.472170739534,0.224281101278
0.109375000,-0.656250000,0.450080541471,0.213788257199
0.125000000,-0.656250000,0.424685191657,0.201725466037
0.140625000,-0.656250000,0.396027832102,0.188113220249
0.156250000,-0.656250000,0.364159441208,0.172975734574
0.171875000,-0.656250000,0.329139606765,0.156341313213
0.187500000,-0.656250000,0.291037385575,0.138242758148
0.203125000,-0.656250000,0.249932244881,0.118717816318
0.218750000,-0.656250000,0.205915085336,0.0978096655346
0.234375000,-0.656250000,0.159089341055,0.0755674370013
0.250000000,-0.656250000,0.109572151622,0.0520467720207
0.265625000,-0.656250000,0.0574956027082,0.0273104112864
0.281250000,-0.656250000,0.00300802833437,0.00142881345882
0.296875000,-0.656250000,-0.0537246326495,-0.0255192005085
0.312500000,-0.656250000,-0.112517433814,-0.0534457810618
0.328125000,-0.656250000,-0.173164983582,-0.0822533672013
0.343750000,-0.656250000,-0.235439983655,-0.111833992236
0.359375000,-0.656250000,-0.299091759779,-0.142068585895
0.375000000,-0.656250000,-0.363844800437,-0.172826280207
0.390625000,-0.656250000,-0.429397325153,-0.203963729448
0.406250000,-0.656250000,-0.495419905898,-0.235324455302
0.421875000,-0.656250000,-0.561554169825,-0.266738230667
0.437500000,-0.656250000,-0.627411617547,-0.298020518335
0.453125000,-0.656250000,-0.692572594688,-0.328971982477
0.468750000,-0.656250000,-0.756585464754,-0.359378095758
0.484375000,-0.656250000,-0.818966035678,-0.389008866947
0.500000000,-0.656250000,-0.879197304157,-0.417618719475
0.515625000,-0.656250000,-0.936729592947,-0.444946556650
0.531250000,-0.656250000,-0.990981166746,-0.470716054204
0.546875000,-0.656250000,-1.04133943109,-0.494636229769
0.562500000,-0.656250000,-1.08716283202,-0.516402345210
0.578125000,-0.656250000,-1.12778360008,-0.535697210038
0.593750000,-0.656250000,-1.16251150105,-0.552192962998
0.609375000,-0.656250000,-1.19063879015,-0.565553425320
0.625000000,-0.656250000,-1.21144659594,-0.575437133071
0.640625000,-0.656250000,-1.22421300349,-0.581501176657
0.656250000,-0.656250000,-1.22822315158,-0.583405997000
0.671875000,-0.656250000,-1.22278171649,-0.580821315333
0.687500000,-0.656250000,-1.20722822045,-0.573433404713
0.703125000,-0.656250000,-1.18095568447,-0.560953950123
0.718750000,-0.656250000,-1.14343323534,-0.543130786788
0.734375000,-0.656250000,-1.09423339580,-0.519760863003
0.750000000,-0.656250000,,
0.765625000,-0.656250000,,
0.781250000,-0.656250000,,
0.796875000,-0.656250000,,
0.812500000,-0.656250000,,
0.828125000,-0.656250000,,
0.843750000,-0.656250000,,
0.859375000,-0.656250000,,
0.875000000,-0.656250000,,
0.890625000,-0.656250000,,
0.906250000,-0.656250000,,
0.921875000,-0.656250000,,
0.937500000,-0.656250000,,
0.953125000,-0.656250000,,
0.968750000,-0.656250000,,
0.984375000,-0.656250000,,
1.000000000,-0.656250000,,
-1.000000000,-0.640625000,,
-0.984375000,-0.640625000,,
-0.968750000,-0.640625000,,
-0.953125000,-0.640625000,,
-0.937500000,-0.640625000,,
-0.921875000,-0.640625000,,
-0.906250000,-0.640625000,,
-0.890625000,-0.640625000,,
-0.875000000,-0.640625000,,
-0.859375000,-0.640625000,,
-0.843750000,-0.640625000,,
-0.828125000,-0.640625000,,
-0.812500000,-0.640625000,,
-0.796875000,-0.640625000,,
-0.781250000,-0.640625000,,
-0.765625000,-0.640625000,,
-0.750000000,-0.640625000,,
-0.734375000,-0.640625000,-1.09526343833,-0.520250133205
-0.718750000,-0.640625000,-1.14467242091,-0.543719399932
-0.703125000,-0.640625000,-1.18180765497,-0.561358636113
-0.687500000,-0.640625000,-1.20722662686,-0.573432647757
-0.671875000,-0.640625000,-1.22157017531,-0.580245833270
-0.656250000,-0.640625000,-1.22553798096,-0.582130540955
-0.640625000,-0.640625000,-1.21986834648,-0.579437464578
-0.625000000,-0.640625000,-1.20532160007,-0.572527760035
-0.609375000,-0.640625000,-1.18266656004,-0.561766616017
-0.593750000,-0.640625000,-1.15266958086,-0.547518050909
-0.578125000,-0.640625000,-1.11608577913,-0.530140745088
-0.562500000,-0.640625000,-1.07365209508,-0.509984745164
-0.546875000,-0.640625000,-1.02608190090,-0.487388902929
-0.531250000,-0.640625000,-0.974060907101,-0.462678930873
-0.515625000,-0.640625000,-0.918244158087,-0.436165975091
-0.500000000,-0.640625000,-0.859253938072,-0.408145620584
-0.484375000,-0.640625000,-0.797678435233,-0.378897256736
-0.468750000,-0.640625000,-0.734071034643,-0.348683741455
-0.453125000,-0.640625000,-0.668950129788,-0.317751311649
-0.437500000,-0.640625000,-0.602799358307,-0.286329695196
-0.421875000,-0.640625000,-0.536068182903,-0.254632386879
-0.406250000,-0.640625000,-0.469172747634,-0.222857055126
-0.390625000,-0.640625000,-0.402496953295,-0.191186052815
-0.375000000,-0.640625000,-0.336393701002,-0.159787007976
-0.359375000,-0.640625000,-0.271186262927,-0.128813474890
-0.343750000,-0.640625000,-0.207169743788,-0.0984056282994
-0.328125000,-0.640625000,-0.144612603007,-0.0686909864284
-0.312500000,-0.640625000,-0.0837582122375,-0.0397851508128
-0.296875000,-0.640625000,-0.0248264255186,-0.0117925521213
-0.281250000,-0.640625000,0.0319848552564,0.0151928062468
-0.265625000,-0.640625000,0.0864981362499,0.0410866147187
-0.250000000,-0.640625000,0.138554820900,0.0658135399277
-0.234375000,-0.640625000,0.188013744253,0.0893065285202
-0.218750000,-0.640625000,0.234749761133,0.111506136538
-0.203125000,-0.640625000,0.278652396285,0.132359888235
-0.187500000,-0.640625000,0.319624562160,0.151821667026
-0.171875000,-0.640625000,0.357581350927,0.169851141690
-0.156250000,-0.640625000,0.392448902990,0.186413228920
-0.140625000,-0.640625000,0.424163357587,0.201477594854
-0.125000000,-0.640625000,0.452669888234,0.215018196911
-0.109375000,-0.640625000,0.477921823076,0.227012865961
-0.093750000,-0.640625000,0.499879855617,0.237442931418
-0.078125000,-0.640625000,0.518511344378,0.246292888579
-0.062500000,-0.640625000,0.533789704516,0.253550109645
-0.046875000,-0.640625000,0.545693890946,0.259204598199
-0.031250000,-0.640625000,0.554310007986,0.263297253793
-0.015625000,-0.640625000,0.559384325558,0.265707554640
0.000000000,-0.640625000,0.561076508810,0.266511341685
0.015625000,-0.640625000,0.559384325558,0.265707554640
0.031250000,-0.640625000,0.554310007986,0.263297253793
0.046875000,-0.640625000,0.545693890946,0.259204598199
0.062500000,-0.640625000,0.533789704516,0.253550109645
0.078125000,-0.640625000,0.518511344378,0.246292888579
0.093750000,-0.640625000,0.499879855617,0.237442931418
0.109375000,-0.640625000,0.477921823076,0.227012865961
0.125000000,-0.640625000,0.452669888234,0.215018196911
0.140625000,-0.640625000,0.424163357587,0.201477594854
0.156250000,-0.640625000,0.392448902990,0.186413228920
0.171875000,-0.640625000,0.357581350927,0.169851141690
0.187500000,-0.640625000,0.319624562160,0.151821667026
0.203125000,-0.640625000,0.278652396285,0.132359888235
0.218750000,-0.640625000,0.234749761133,0.111506136538
0.234375000,-0.640625000,0.188013744253,0.0893065285202
0.250000000,-0.640625000,0.138554820900,0.0658135399277
0.265625000,-0.640625000,0.0864981362499,0.0410866147187
0.281250000,-0.640625000,0.0319848552564,0.0151928062468
0.296875000,-0.640625000,-0.0248264255186,-0.0117925521213
0.312500000,-0.640625000,-0.0837582122375,-0.0397851508128
0.328125000,-0.640625000,-0.144612603007,-0.0686909864284
0.343750000,-0.640625000,-0.207169743788,-0.0984056282994
0.359375000,-0.640625000,-0.271186262927,-0.128813474890
0.375000000,-0.640625000,-0.336393701002,-0.159787007976
0.390625000,-0.640625000,-0.402496953295,-0.191186052815
0.406250000,-0.640625000,-0.469172747634,-0.222857055126
0.421875000,-0.640625000,-0.536068182903,-0.254632386879
0.437500000,-0.640625000,-0.602799358307,-0.286329695196
0.453125000,-0.640625000,-0.668950129788,-0.317751311649
0.468750000,-0.640625000,-0.734071034643,-0.348683741455
0.484375000,-0.640625000,-0.797678435233,-0.378897256736
0.500000000,-0.640625000,-0.859253938072,-0.408145620584
0.515625000,-0.640625000,-0.918244158087,-0.436165975091
0.531250000,-0.640625000,-0.974060907101,-0.462678930873
0.546875000,-0.640625000,-1.02608190090,-0.487388902929
0.562500000,-0.640625000,-1.07365209508,-0.509984745164
0.578125000,-0.640625000,-1.11608577913,-0.530140745088
0.593750000,-0.640625000,-1.15266958086,-0.547518050909
0.609375000,-0.640625000,-1.18266656004,-0.561766616017
0.625000000,-0.640625000,-1.20532160007,-0.572527760035
0.640625000,-0.640625000,-1.21986834648,-0.579437464578
0.656250000,-0.640625000,-1.22553798096,-0.582130540955
0.671875000,-0.640625000,-1.22157017531,-0.580245833270
0.687500000,-0.640625000,-1.20722662686,-0.573432647757
0.703125000,-0.640625000,-1.18180765497,-0.561358636113
0.718750000,-0.640625000,-1.14467242091,-0.543719399932
0.734375000,-0.640625000,-1.09526343833,-0.520250133205
0.750000000,-0.640625000,,
0.765625000,-0.640625000,,
0.781250000,-0.640625000,,
0.796875000,-0.640625000,,
0.812500000,-0.640625000,,
0.828125000,-0.640625000,,
0.843750000,-0.640625000,,
0.859375000,-0.640625000,,
0.875000000,-0.640625000,,
0.890625000,-0.640625000,,
0.906250000,-0.640625000,,
0.921875000,-0.640625000,,
0.937500000,-0.640625000,,
0.953125000,-0.640625000,,
0.968750000,-0.640625000,,
0.984375000,-0.640625000,,
1.000000000,-0.640625000,,
-1.000000000,-0.625000000,,
-0.984375000,-0.625000000,,
-0.968750000,-0.625000000,,
-0.953125000,-0.625000000,,
-0.937500000,-0.625000000,,
-0.921875000,-0.625000000,,
-0.906250000,-0.625000000,,
-0.890625000,-0.625000000,,
-0.875000000,-0.625000000,,
-0.859375000,-0.625000000,,
-0.843750000,-0.625000000,,
-0.828125000,-0.625000000,,
-0.812500000,-0.625000000,,
-0.796875000,-0.625000000,,
-0.781250000,-0.625000000,,
-0.765625000,-0.625000000,,
-0.750000000,-0.625000000,-1.04088461462,-0.494420191946
-0.734375000,-0.625000000,-1.10320784652,-0.524023727099
-0.718750000,-0.625000000,-1.15218891043,-0.547289732456
-0.703125000,-0.625000000,-1.18840827344,-0.564493929884
-0.687500000,-0.625000000,-1.21253839320,-0.575955736768
-0.671875000,-0.625000000,-1.22531704011,-0.582025594053
-0.656250000,-0.625000000,-1.22752529093,-0.583074513193
-0.640625000,-0.625000000,-1.21996946252,-0.579485494699
-0.625000000,-0.625000000,-1.20346637074,-0.571646526100
-0.609375000,-0.625000000,-1.17883139457,-0.559944912422
-0.593750000,-0.625000000,-1.14686890400,-0.544762729401
-0.578125000,-0.625000000,-1.10836468078,-0.526473223372
-0.562500000,-0.625000000,-1.06408001481,-0.505438007036
-0.546875000,-0.625000000,-1.01474720810,-0.482004923847
-0.531250000,-0.625000000,-0.961066259283,-0.456506473160
-0.515625000,-0.625000000,-0.903702534605,-0.429258703937
-0.500000000,-0.625000000,-0.843285260492,-0.400560498733
-0.484375000,-0.625000000,-0.780406698095,-0.370693181595
-0.468750000,-0.625000000,-0.715621880613,-0.339920393291
-0.453125000,-0.625000000,-0.649448811539,-0.308488185481
-0.437500000,-0.625000000,-0.582369037906,-0.276625293005
-0.421875000,-0.625000000,-0.514828524452,-0.244543549115
-0.406250000,-0.625000000,-0.447238766879,-0.212438414267
-0.390625000,-0.625000000,-0.379978090004,-0.180489592752
-0.375000000,-0.625000000,-0.313393087455,-0.148861716541
-0.359375000,-0.625000000,-0.247800161685,-0.117705076800
-0.343750000,-0.625000000,-0.183487134336,-0.0871563888095
-0.328125000,-0.625000000,-0.120714898547,-0.0573395768099
-0.312500000,-0.625000000,-0.0597190886140,-0.0283665670917
-0.296875000,-0.625000000,-0.000711749753485,-0.000338081132905
-0.281250000,-0.625000000,0.0561170112054,0.0266555803226
-0.265625000,-0.625000000,0.110597405929,0.0525337678162
-0.250000000,-0.625000000,0.162578389347,0.0772247349397
-0.234375000,-0.625000000,0.211926136305,0.100664914745
-0.218750000,-0.625000000,0.258522581057,0.122798226002
-0.203125000,-0.625000000,0.302264023956,0.143575411379
-0.187500000,-0.625000000,0.343059812443,0.162953410910
-0.171875000,-0.625000000,0.380831100221,0.180894772605
-0.156250000,-0.625000000,0.415509688627,0.197367102098
-0.140625000,-0.625000000,0.447036953286,0.212342552811
-0.125000000,-0.625000000,0.475362858100,0.225797357598
-0.109375000,-0.625000000,0.500445059324,0.237711403179
-0.093750000,-0.625000000,0.522248100527,0.248067847750
-0.078125000,-0.625000000,0.540742700267,0.256852782627
-0.062500000,-0.625000000,0.555905132837,0.264054938098
-0.046875000,-0.625000000,0.567829086007,0.269718815853
-0.031250000,-0.625000000,0.576215932093,0.273702567744
-0.015625000,-0.625000000,0.581251999427,0.276094699728
0.000000000,-0.625000000,0.582931343683,0.276892388249
0.015625000,-0.625000000,0.581251999427,0.276094699728
0.031250000,-0.625000000,0.576215932093,0.273702567744
0.046875000,-0.625000000,0.567829086007,0.269718815853
0.062500000,-0.625000000,0.555905132837,0.264054938098
0.078125000,-0.625000000,0.540742700267,0.256852782627
0.093750000,-0.625000000,0.522248100527,0.248067847750
0.109375000,-0.625000000,0.500445059324,0.237711403179
0.125000000,-0.625000000,0.475362858100,0.225797357598
0.140625000,-0.625000000,0.447036953286,0.212342552811
0.156250000,-0.625000000,0.415509688627,0.197367102098
0.171875000,-0.625000000,0.380831100221,0.180894772605
0.187500000,-0.625000000,0.343059812443,0.162953410910
0.203125000,-0.625000000,0.302264023956,0.143575411379
0.218750000,-0.625000000,0.258522581057,0.122798226002
0.234375000,-0.625000000,0.211926136305,0.100664914745
0.250000000,-0.625000000,0.162578389347,0.0772247349397
0.265625000,-0.625000000,0.110597405929,0.0525337678162
0.281250000,-0.625000000,0.0561170112054,0.0266555803226
0.296875000,-0.625000000,-0.000711749753485,-0.000338081132905
0.312500000,-0.625000000,-0.0597190886140,-0.0283665670917
0.328125000,-0.625000000,-0.120714898547,-0.0573395768099
0.343750000,-0.625000000,-0.183487134336,-0.0871563888095
0.359375000,-0.625000000,-0.247800161685,-0.117705076800
0.375000000,-0.625000000,-0.313393087455,-0.148861716541
0.390625000,-0.625000000,-0.379978090004,-0.180489592752
0.406250000,-0.625000000,-0.447238766879,-0.212438414267
0.421875000,-0.625000000,-0.514828524452,-0.244543549115
0.437500000,-0.625000000,-0.582369037906,-0.276625293005
0.453125000,-0.625000000,-0.649448811539,-0.308488185481
0.468750000,-0.625000000,-0.715621880613,-0.339920393291
0.484375000,-0.625000000,-0.780406698095,-0.370693181595
0.500000000,-0.625000000,-0.843285260492,-0.400560498733
0.515625000,-0.625000000,-0.903702534605,-0.429258703937
0.531250000,-0.625000000,-0.961066259283,-0.456506473160
0.546875000,-0.625000000,-1.01474720810,-0.482004923847
0.562500000,-0.625000000,-1.06408001481,-0.505438007036
0.578125000,-0.625000000,-1.10836468078,-0.526473223372
0.593750000,-0.625000000,-1.14686890400,-0.544762729401
0.609375000,-0.625000000,-1.17883139457,-0.559944912422
0.625000000,-0.625000000,-1.20346637074,-0.571646526100
0.640625000,-0.625000000,-1.21996946252,-0.579485494699
0.656250000,-0.625000000,-1.22752529093,-0.583074513193
0.671875000,-0.625000000,-1.22531704011,-0.582025594053
0.687500000,-0.625000000,-1.21253839320,-0.575955736768
0.703125000,-0.625000000,-1.18840827344,-0.564493929884
0.718750000,-0.625000000,-1.15218891043,-0.547289732456
0.734375000,-0.625000000,-1.10320784652,-0.524023727099
0.750000000,-0.625000000,-1.04088461462,-0.494420191946
0.765625000,-0.625000000,,
0.781250000,-0.625000000,,
0.796875000,-0.625000000,,
0.812500000,-0.625000000,,
0.828125000,-0.625000000,,
0.843750000,-0.625000000,,
0.859375000,-0.625000000,,
0.875000000,-0.625000000,,
0.890625000,-0.625000000,,
0.906250000,-0.625000000,,
0.921875000,-0.625000000,,
0.937500000,-0.625000000,,
0.953125000,-0.625000000,,
0.968750000,-0.625000000,,
0.984375000,-0.625000000,,
1.000000000,-0.625000000,,
-1.000000000,-0.609375000,,
-0.984375000,-0.609375000,,
-0.968750000,-0.609375000,,
-0.953125000,-0.609375000,,
-0.937500000,-0.609375000,,
-0.921875000,-0.609375000,,
-0.906250000,-0.609375000,,
-0.890625000,-0.609375000,,
-0.875000000,-0.609375000,,
-0.859375000,-0.609375000,,
-0.843750000,-0.609375000,,
-0.828125000,-0.609375000,,
-0.812500000,-0.609375000,,
-0.796875000,-0.609375000,,
-0.781250000,-0.609375000,,
-0.765625000,-0.609375000,-0.978757067275,-0.464909606956
-0.750000000,-0.609375000,-1.05509417913,-0.501169735087
-0.734375000,-0.609375000,-1.11697583353,-0.530563520929
-0.718750000,-0.609375000,-1.16500088551,-0.553375420616
-0.703125000,-0.609375000,-1.19987042553,-0.569938452127
-0.687500000,-0.609375000,-1.22235863332,-0.580620350829
-0.671875000,-0.609375000,-1.23328873444,-0.585812148860
-0.656250000,-0.609375000,-1.23351325447,-0.585918795875
-0.640625000,-0.609375000,-1.22389790025,-0.581351502618
-0.625000000,-0.609375000,-1.20530849532,-0.572521535278
-0.609375000,-0.609375000,-1.17860049096,-0.559835233208
-0.593750000,-0.609375000,-1.14461064463,-0.543690056200
-0.578125000,-0.609375000,-1.10415052150,-0.524471497714
-0.562500000,-0.609375000,-1.05800152784,-0.502550725723
-0.546875000,-0.609375000,-1.00691122637,-0.478282832526
-0.531250000,-0.609375000,-0.951590725436,-0.452005594582
-0.515625000,-0.609375000,-0.892712961315,-0.424038656625
-0.500000000,-0.609375000,-0.830911722992,-0.394683068421
-0.484375000,-0.609375000,-0.766781288961,-0.364221112257
-0.468750000,-0.609375000,-0.700876566984,-0.332916369317
-0.453125000,-0.609375000,-0.633713643193,-0.301013980517
-0.437500000,-0.609375000,-0.565770660637,-0.268741063803
-0.421875000,-0.609375000,-0.497488959696,-0.236307255855
-0.406250000,-0.609375000,-0.429274423341,-0.203905351087
-0.390625000,-0.609375000,-0.361498978391,-0.171712014736
-0.375000000,-0.609375000,-0.294502210749,-0.139888550106
-0.359375000,-0.609375000,-0.228593060854,-0.108581703905
-0.343750000,-0.609375000,-0.164051567218,-0.0779244944287
-0.328125000,-0.609375000,-0.101130636679,-0.0480370524226
-0.312500000,-0.609375000,-0.0400578160528,-0.0190274626251
-0.296875000,-0.609375000,0.0189629489603,0.00900740075615
-0.281250000,-0.609375000,0.0757495853525,0.0359810530424
-0.265625000,-0.609375000,0.130140205607,0.0618165976632
-0.250000000,-0.609375000,0.181991473041,0.0864459496943
-0.234375000,-0.609375000,0.231177027791,0.109809088201
-0.218750000,-0.609375000,0.277585981910,0.131853341407
-0.203125000,-0.609375000,0.321121486819,0.152532706239
-0.187500000,-0.609375000,0.361699381886,0.171807206396
-0.171875000,-0.609375000,0.399246923993,0.189642288897
-0.156250000,-0.609375000,0.433701604381,0.206008262081
-0.140625000,-0.609375000,0.465010053743,0.220879775528
-0.125000000,-0.609375000,0.493127038007,0.234235343053
-0.109375000,-0.609375000,0.518014546749,0.246056909706
-0.093750000,-0.609375000,0.539640974876,0.256329463066
-0.078125000,-0.609375000,0.557980399316,0.265040689675
-0.062500000,-0.609375000,0.573011950611,0.272180676540
-0.046875000,-0.609375000,0.584824647298,0.277791707467
-0.031250000,-0.609375000,0.593139952173,0.281741477282
-0.015625000,-0.609375000,0.598132563599,0.284112967709
0.000000000,-0.609375000,0.599797334006,0.284903733653
0.015625000,-0.609375000,0.598132563599,0.284112967709
0.031250000,-0.609375000,0.593139952173,0.281741477282
0.046875000,-0.609375000,0.584824647298,0.277791707467
0.062500000,-0.609375000,0.573011950611,0.272180676540
0.078125000,-0.609375000,0.557980399316,0.265040689675
0.093750000,-0.609375000,0.539640974876,0.256329463066
0.109375000,-0.609375000,0.518014546749,0.246056909706
0.125000000,-0.609375000,0.493127038007,0.234235343053
0.140625000,-0.609375000,0.465010053743,0.220879775528
0.156250000,-0.609375000,0.433701604381,0.206008262081
0.171875000,-0.609375000,0.399246923993,0.189642288897
0.187500000,-0.609375000,0.361699381886,0.171807206396
0.203125000,-0.609375000,0.321121486819,0.152532706239
0.218750000,-0.609375000,0.277585981910,0.131853341407
0.234375000,-0.609375000,0.231177027791,0.109809088201
0.250000000,-0.609375000,0.181991473041,0.0864459496943
0.265625000,-0.609375000,0.130140205607,0.0618165976632
0.281250000,-0.609375000,0.0757495853525,0.0359810530424
0.296875000,-0.609375000,0.0189629489603,0.00900740075615
0.312500000,-0.609375000,-0.0400578160528,-0.0190274626251
0.328125000,-0.609375000,-0.101130636679,-0.0480370524226
0.343750000,-0.609375000,-0.164051567218,-0.0779244944287
0.359375000,-0.609375000,-0.228593060854,-0.108581703905
0.375000000,-0.609375000,-0.294502210749,-0.139888550106
0.390625000,-0.609375000,-0.361498978391,-0.171712014736
0.406250000,-0.609375000,-0.429274423341,-0.203905351087
0.421875000,-0.609375000,-0.497488959696,-0.236307255855
0.437500000,-0.609375000,-0.565770660637,-0.268741063803
0.453125000,-0.609375000,-0.633713643193,-0.301013980517
0.468750000,-0.609375000,-0.700876566984,-0.332916369317
0.484375000,-0.609375000,-0.766781288961,-0.364221112257
0.500000000,-0.609375000,-0.830911722992,-0.394683068421
0.515625000,-0.609375000,-0.892712961315,-0.424038656625
0.531250000,-0.609375000,-0.951590725436,-0.452005594582
0.546875000,-0.609375000,-1.00691122637,-0.478282832526
0.562500000,-0.609375000,-1.05800152784,-0.502550725723
0.578125000,-0.609375000,-1.10415052150,-0.524471497714
0.593750000,-0.609375000,-1.14461064463,-0.543690056200
0.609375000,-0.609375000,-1.17860049096,-0.559835233208
0.625000000,-0.609375000,-1.20530849532,-0.572521535278
0.640625000,-0.609375000,-1.22389790025,-0.581351502618
0.656250000,-0.609375000,-1.23351325447,-0.585918795875
0.671875000,-0.609375000,-1.23328873444,-0.585812148860
0.687500000,-0.609375000,-1.22235863332,-0.580620350829
0.703125000,-0.609375000,-1.19987042553,-0.569938452127
0.718750000,-0.609375000,-1.16500088551,-0.553375420616
0.734375000,-0.609375000,-1.11697583353,-0.530563520929
0.750000000,-0.609375000,-1.05509417913,-0.501169735087
0.765625000,-0.609375000,-0.978757067275,-0.464909606956
0.781250000,-0.609375000,,
0.796875000,-0.609375000,,
0.812500000,-0.609375000,,
0.828125000,-0.609375000,,
0.843750000,-0.609375000,,
0.859375000,-0.609375000,,
0.875000000,-0.609375000,,
0.890625000,-0.609375000,,
0.906250000,-0.609375000,,
0.921875000,-0.609375000,,
0.937500000,-0.609375000,,
0.953125000,-0.609375000,,
0.968750000,-0.609375000,,
0.984375000,-0.609375000,,
1.000000000,-0.609375000,,
-1.000000000,-0.593750000,,
-0.984375000,-0.593750000,,
-0.968750000,-0.593750000,,
-0.953125000,-0.593750000,,
-0.937500000,-0.593750000,,
-0.921875000,-0.593750000,,
-0.906250000,-0.593750000,,
-0.890625000,-0.593750000,,
-0.875000000,-0.593750000,,
-0.859375000,-0.593750000,,
-0.843750000,-0.593750000,,
-0.828125000,-0.593750000,,
-0.812500000,-0.593750000,,
-0.796875000,-0.593750000,,
-0.781250000,-0.593750000,-0.907249278913,-0.430943407484
-0.765625000,-0.593750000,-0.998774474790,-0.474417875525
-0.750000000,-0.593750000,-1.07468655801,-0.510476115055
-0.734375000,-0.593750000,-1.13559701442,-0.539408581848
-0.718750000,-0.593750000,-1.18223166785,-0.561560042230
-0.703125000,-0.593750000,-1.21539872222,-0.577314393052
-0.687500000,-0.593750000,-1.23596239231,-0.587082136347
-0.671875000,-0.593750000,-1.24482124157,-0.591290089747
-0.656250000,-0.593750000,-1.24289048429,-0.590372980039
-0.640625000,-0.593750000,-1.23108762876,-0.584766623660
-0.625000000,-0.593750000,-1.21032093193,-0.574902442667
-0.609375000,-0.593750000,-1.18148022219,-0.561203105539
-0.593750000,-0.593750000,-1.14542971044,-0.544079112458
-0.578125000,-0.593750000,-1.10300247327,-0.523926174805
-0.562500000,-0.593750000,-1.05499633503,-0.501123259139
-0.546875000,-0.593750000,-1.00217091984,-0.476031186923
-0.531250000,-0.593750000,-0.945245680575,-0.448991698273
-0.515625000,-0.593750000,-0.884898735990,-0.420326899595
-0.500000000,-0.593750000,-0.821766378234,-0.390339029661
-0.484375000,-0.593750000,-0.756443130062,-0.359310486779
-0.468750000,-0.593750000,-0.689482249550,-0.327504068536
-0.453125000,-0.593750000,-0.621396597758,-0.295163383935
-0.437500000,-0.593750000,-0.552659794601,-0.262513402435
-0.421875000,-0.593750000,-0.483707600989,-0.229761110470
-0.406250000,-0.593750000,-0.414939475172,-0.197096250706
-0.390625000,-0.593750000,-0.346720257079,-0.164692122112
-0.375000000,-0.593750000,-0.279381944582,-0.132706423677
-0.359375000,-0.593750000,-0.213225527591,-0.101282125606
-0.343750000,-0.593750000,-0.148522854906,-0.0705483560803
-0.328125000,-0.593750000,-0.0855185094019,-0.0406212919659
-0.312500000,-0.593750000,-0.0244316730587,-0.0116050447029
-0.296875000,-0.593750000,0.0345420339975,0.0164074661488
-0.281250000,-0.593750000,0.0912287544262,0.0433336583524
-0.265625000,-0.593750000,0.145474645724,0.0691004567187
-0.250000000,-0.593750000,0.197144192068,0.0936434912323
-0.234375000,-0.593750000,0.246118585035,0.116906327892
-0.218750000,-0.593750000,0.292294177128,0.138839734136
-0.203125000,-0.593750000,0.335581016210,0.159400982700
-0.187500000,-0.593750000,0.375901463000,0.178553194925
-0.171875000,-0.593750000,0.413188895231,0.196264725235
-0.156250000,-0.593750000,0.447386501934,0.212508588419
-0.140625000,-0.593750000,0.478446169822,0.227261930666
-0.125000000,-0.593750000,0.506327462112,0.240505544503
-0.109375000,-0.593750000,0.530996693290,0.252223429313
-0.093750000,-0.593750000,0.552426099597,0.262402397309
-0.078125000,-0.593750000,0.570593104744,0.271031724753
-0.062500000,-0.593750000,0.585479684303,0.278102850044
-0.046875000,-0.593750000,0.597071826422,0.283609117550
-0.031250000,-0.593750000,0.605444060559,0.287585928766
-0.015625000,-0.593750000,0.610388323590,0.289934453705
0.000000000,-0.593750000,0.612036889751,0.290717522632
0.015625000,-0.593750000,0.610388323590,0.289934453705
0.031250000,-0.593750000,0.605444060559,0.287585928766
0.046875000,-0.593750000,0.597071826422,0.283609117550
0.062500000,-0.593750000,0.585479684303,0.278102850044
0.078125000,-0.593750000,0.570593104744,0.271031724753
0.093750000,-0.593750000,0.552426099597,0.262402397309
0.109375000,-0.593750000,0.530996693290,0.252223429313
0.125000000,-0.593750000,0.506327462112,0.240505544503
0.140625000,-0.593750000,0.478446169822,0.227261930666
0.156250000,-0.593750000,0.447386501934,0.212508588419
0.171875000,-0.593750000,0.413188895231,0.196264725235
0.187500000,-0.593750000,0.375901463000,0.178553194925
0.203125000,-0.593750000,0.335581016210,0.159400982700
0.218750000,-0.593750000,0.292294177128,0.138839734136
0.234375000,-0.593750000,0.246118585035,0.116906327892
0.250000000,-0.593750000,0.197144192068,0.0936434912323
0.265625000,-0.593750000,0.145474645724,0.0691004567187
0.281250000,-0.593750000,0.0912287544262,0.0433336583524
0.296875000,-0.593750000,0.0345420339975,0.0164074661488
0.312500000,-0.593750000,-0.0244316730587,-0.0116050447029
0.328125000,-0.593750000,-0.0855185094019,-0.0406212919659
0.343750000,-0.593750000,-0.148522854906,-0.0705483560803
0.359375000,-0.593750000,-0.213225527591,-0.101282125606
0.375000000,-0.593750000,-0.279381944582,-0.132706423677
0.390625000,-0.593750000,-0.346720257079,-0.164692122112
0.406250000,-0.593750000,-0.414939475172,-0.197096250706
0.421875000,-0.593750000,-0.483707600989,-0.229761110470
0.437500000,-0.593750000,-0.552659794601,-0.262513402435
0.453125000,-0.593750000,-0.621396597758,-0.295163383935
0.468750000,-0.593750000,-0.689482249550,-0.327504068536
0.484375000,-0.593750000,-0.756443130062,-0.359310486779
0.500000000,-0.593750000,-0.821766378234,-0.390339029661
0.515625000,-0.593750000,-0.884898735990,-0.420326899595
0.531250000,-0.593750000,-0.945245680575,-0.448991698273
0.546875000,-0.593750000,-1.00217091984,-0.476031186923
0.562500000,-0.593750000,-1.05499633503,-0.501123259139
0.578125000,-0.593750000,-1.10300247327,-0.523926174805
0.593750000,-0.593750000,-1.14542971044,-0.544079112458
0.609375000,-0.593750000,-1.18148022219,-0.561203105539
0.625000000,-0.593750000,-1.21032093193,-0.574902442667
0.640625000,-0.593750000,-1.23108762876,-0.584766623660
0.656250000,-0.593750000,-1.24289048429,-0.590372980039
0.671875000,-0.593750000,-1.24482124157,-0.591290089747
0.687500000,-0.593750000,-1.23596239231,-0.587082136347
0.703125000,-0.593750000,-1.21539872222,-0.577314393052
0.718750000,-0.593750000,-1.18223166785,-0.561560042230
0.734375000,-0.593750000,-1.13559701442,-0.539408581848
0.750000000,-0.593750000,-1.07468655801,-0.510476115055
0.765625000,-0.593750000,-0.998774474790,-0.474417875525
0.781250000,-0.593750000,-0.907249278913,-0.430943407484
0.796875000,-0.593750000,,
0.812500000,-0.593750000,,
0.828125000,-0.593750000,,
0.843750000,-0.593750000,,
0.859375000,-0.593750000,,
0.875000000,-0.593750000,,
0.890625000,-0.593750000,,
0.906250000,-0.593750000,,
0.921875000,-0.593750000,,
0.937500000,-0.593750000,,
0.953125000,-0.593750000,,
0.968750000,-0.593750000,,
0.984375000,-0.593750000,,
1.000000000,-0.593750000,,
-1.000000000,-0.578125000,,
-0.984375000,-0.578125000,,
-0.968750000,-0.578125000,,
-0.953125000,-0.578125000,,
-0.937500000,-0.578125000,,
-0.921875000,-0.578125000,,
-0.906250000,-0.578125000,,
-0.890625000,-0.578125000,,
-0.875000000,-0.578125000,,
-0.859375000,-0.578125000,,
-0.843750000,-0.578125000,,
-0.828125000,-0.578125000,,
-0.812500000,-0.578125000,,
-0.796875000,-0.578125000,-0.824631669191,-0.391700042866
-0.781250000,-0.578125000,-0.932595955360,-0.442983078796
-0.765625000,-0.578125000,-1.02374659687,-0.486279633514
-0.750000000,-0.578125000,-1.09870054556,-0.521882759141
-0.734375000,-0.578125000,-1.15820334838,-0.550146590479
-0.718750000,-0.578125000,-1.20309398033,-0.571469640657
-0.703125000,-0.578125000,-1.23427582043,-0.586281014704
-0.687500000,-0.578125000,-1.25269279710,-0.595029078621
-0.671875000,-0.578125000,-1.25930988495,-0.598172195351
-0.656250000,-0.578125000,-1.25509726436,-0.596171200571
-0.640625000,-0.578125000,-1.24101756248,-0.589483342180
-0.625000000,-0.578125000,-1.21801568822,-0.578557451907
-0.609375000,-0.578125000,-1.18701084450,-0.563830151139
-0.593750000,-0.578125000,-1.14889036996,-0.545722925731
-0.578125000,-0.578125000,-1.10450511257,-0.524639928470
-0.562500000,-0.578125000,-1.05466608382,-0.500966389815
-0.546875000,-0.578125000,-1.00014218149,-0.475067536208
-0.531250000,-0.578125000,-0.941658798340,-0.447287929212
-0.515625000,-0.578125000,-0.879897165796,-0.417951153753
-0.500000000,-0.578125000,-0.815494299926,-0.387359792465
-0.484375000,-0.578125000,-0.749043440723,-0.355795634344
-0.468750000,-0.578125000,-0.681094889764,-0.323520072638
-0.453125000,-0.578125000,-0.612157167350,-0.290774654491
-0.437500000,-0.578125000,-0.542698420421,-0.257781749700
-0.421875000,-0.578125000,-0.473148025170,-0.224745311956
-0.406250000,-0.578125000,-0.403898334727,-0.191851708995
-0.390625000,-0.578125000,-0.335306530535,-0.159270602004
-0.375000000,-0.578125000,-0.267696544655,-0.127155858711
-0.359375000,-0.578125000,-0.201361020733,-0.0956464848484
-0.343750000,-0.578125000,-0.136563291313,-0.0648675633736
-0.328125000,-0.578125000,-0.0735393496179,-0.0349311910685
-0.312500000,-0.578125000,-0.0124997986913,-0.00593740437837
-0.296875000,-0.578125000,0.0463682364045,0.0220249122921
-0.281250000,-0.578125000,0.102899246419,0.0488771420491
-0.265625000,-0.578125000,0.156947533979,0.0745500786399
-0.250000000,-0.578125000,0.208385477914,0.0989831020092
-0.234375000,-0.578125000,0.257101871748,0.122123389080
-0.218750000,-0.578125000,0.303000341955,0.143925162429
-0.203125000,-0.578125000,0.345997850493,0.164348978984
-0.187500000,-0.578125000,0.386023285433,0.183361060581
-0.171875000,-0.578125000,0.423016142159,0.200932667525
-0.156250000,-0.578125000,0.456925297227,0.217039516183
-0.140625000,-0.578125000,0.487707877943,0.231661242023
-0.125000000,-0.578125000,0.515328226559,0.244780907616
-0.109375000,-0.578125000,0.539756962626,0.256384557247
-0.093750000,-0.578125000,0.560970142422,0.266460817650
-0.078125000,-0.578125000,0.578948517176,0.275000545659
-0.062500000,-0.578125000,0.593676888763,0.281996522162
-0.046875000,-0.578125000,0.605143565697,0.287443193706
-0.031250000,-0.578125000,0.613339917053,0.291336460600
-0.015625000,-0.578125000,0.618260025386,0.293673512058
0.000000000,-0.578125000,0.620012505372,0.294505940052
0.015625000,-0.578125000,0.618260025386,0.293673512058
0.031250000,-0.578125000,0.613339917053,0.291336460600
0.046875000,-0.578125000,0.605143565697,0.287443193706
0.062500000,-0.578125000,0.593676888763,0.281996522162
0.078125000,-0.578125000,0.578948517176,0.275000545659
0.093750000,-0.578125000,0.560970142422,0.266460817650
0.109375000,-0.578125000,0.539756962626,0.256384557247
0.125000000,-0.578125000,0.515328226559,0.244780907616
0.140625000,-0.578125000,0.487707877943,0.231661242023
0.156250000,-0.578125000,0.456925297227,0.217039516183
0.171875000,-0.578125000,0.423016142159,0.200932667525
0.187500000,-0.578125000,0.386023285433,0.183361060581
0.203125000,-0.578125000,0.345997850493,0.164348978984
0.218750000,-0.578125000,0.303000341955,0.143925162429
0.234375000,-0.578125000,0.257101871748,0.122123389080
0.250000000,-0.578125000,0.208385477914,0.0989831020092
0.265625000,-0.578125000,0.156947533979,0.0745500786399
0.281250000,-0.578125000,0.102899246419,0.0488771420491
0.296875000,-0.578125000,0.0463682364045,0.0220249122921
0.312500000,-0.578125000,-0.0124997986913,-0.00593740437837
0.328125000,-0.578125000,-0.0735393496179,-0.0349311910685
0.343750000,-0.578125000,-0.136563291313,-0.0648675633736
0.359375000,-0.578125000,-0.201361020733,-0.0956464848484
0.375000000,-0.578125000,-0.267696544655,-0.127155858711
0.390625000,-0.578125000,-0.335306530535,-0.159270602004
0.406250000,-0.578125000,-0.403898334727,-0.191851708995
0.421875000,-0.578125000,-0.473148025170,-0.224745311956
0.437500000,-0.578125000,-0.542698420421,-0.257781749700
0.453125000,-0.578125000,-0.612157167350,-0.290774654491
0.468750000,-0.578125000,-0.681094889764,-0.323520072638
0.484375000,-0.578125000,-0.749043440723,-0.355795634344
0.500000000,-0.578125000,-0.815494299926,-0.387359792465
0.515625000,-0.578125000,-0.879897165796,-0.417951153753
0.531250000,-0.578125000,-0.941658798340,-0.447287929212
0.546875000,-0.578125000,-1.00014218149,-0.475067536208
0.562500000,-0.578125000,-1.05466608382,-0.500966389815
0.578125000,-0.578125000,-1.10450511257,-0.524639928470
0.593750000,-0.578125000,-1.14889036996,-0.545722925731
0.609375000,-0.578125000,-1.18701084450,-0.563830151139
0.625000000,-0.578125000,-1.21801568822,-0.578557451907
0.640625000,-0.578125000,-1.24101756248,-0.589483342180
0.656250000,-0.578125000,-1.25509726436,-0.596171200571
0.671875000,-0.578125000,-1.25930988495,-0.598172195351
0.687500000,-0.578125000,-1.25269279710,-0.595029078621
0.703125000,-0.578125000,-1.23427582043,-0.586281014704
0.718750000,-0.578125000,-1.20309398033,-0.571469640657
0.734375000,-0.578125000,-1.15820334838,-0.550146590479
0.750000000,-0.578125000,-1.09870054556,-0.521882759141
0.765625000,-0.578125000,-1.02374659687,-0.486279633514
0.781250000,-0.578125000,-0.932595955360,-0.442983078796
0.796875000,-0.578125000,-0.824631669191,-0.391700042866
0.812500000,-0.578125000,,
0.828125000,-0.578125000,,
0.843750000,-0.578125000,,
0.859375000,-0.578125000,,
0.875000000,-0.578125000,,
0.890625000,-0.578125000,,
0.906250000,-0.578125000,,
0.921875000,-0.578125000,,
0.937500000,-0.578125000,,
0.953125000,-0.578125000,,
0.968750000,-0.578125000,,
0.984375000,-0.578125000,,
1.000000000,-0.578125000,,
-1.000000000,-0.562500000,,
-0.984375000,-0.562500000,,
-0.968750000,-0.562500000,,
-0.953125000,-0.562500000,,
-0.937500000,-0.562500000,,
-0.921875000,-0.562500000,,
-0.906250000,-0.562500000,,
-0.890625000,-0.562500000,,
-0.875000000,-0.562500000,,
-0.859375000,-0.562500000,,
-0.843750000,-0.562500000,,
-0.828125000,-0.562500000,,
-0.812500000,-0.562500000,,
-0.796875000,-0.562500000,-0.854803272890,-0.406031554623
-0.781250000,-0.562500000,-0.962481694808,-0.457178805034
-0.765625000,-0.562500000,-1.05271933069,-0.500041682078
-0.750000000,-0.562500000,-1.12627509419,-0.534980669740
-0.734375000,-0.562500000,-1.18401441789,-0.562406848500
-0.718750000,-0.562500000,-1.22687719495,-0.582766667602
-0.703125000,-0.562500000,-1.25585141683,-0.596529422994
-0.687500000,-0.562500000,-1.27195160141,-0.604177010669
-0.671875000,-0.562500000,-1.27620125093,-0.606195594190
-0.656250000,-0.562500000,-1.26961869762,-0.603068881368
-0.640625000,-0.562500000,-1.25320579991,-0.595272754959
-0.625000000,-0.562500000,-1.22793903051,-0.583271039493
-0.609375000,-0.562500000,-1.19476257231,-0.567512221846
-0.593750000,-0.562500000,-1.15458309743,-0.548426971280
-0.578125000,-0.562500000,-1.10826595183,-0.526426327117
-0.562500000,-0.562500000,-1.05663251313,-0.501900443736
-0.546875000,-0.562500000,-1.00045852333,-0.475217798583
-0.531250000,-0.562500000,-0.940473227459,-0.446724783043
-0.515625000,-0.562500000,-0.877359177589,-0.416745609355
-0.500000000,-0.562500000,-0.811752579012,-0.385582475031
-0.484375000,-0.562500000,-0.744244078011,-0.353515937055
-0.468750000,-0.562500000,-0.675379902792,-0.320805453826
-0.453125000,-0.562500000,-0.605663284671,-0.287690060219
-0.437500000,-0.562500000,-0.535556096118,-0.254389145656
-0.421875000,-0.562500000,-0.465480653769,-0.221103310540
-0.406250000,-0.562500000,-0.395821640811,-0.188015279385
-0.390625000,-0.562500000,-0.326928111123,-0.155290852783
-0.375000000,-0.562500000,-0.259115543480,-0.123079883153
-0.359375000,-0.562500000,-0.192667918827,-0.0915172614428
-0.343750000,-0.562500000,-0.127839798208,-0.0607239041486
-0.328125000,-0.562500000,-0.0648583821036,-0.0308077314992
-0.312500000,-0.562500000,-0.00392553616461,-0.00186462967819
-0.296875000,-0.562500000,0.0547802305245,0.0260206094991
-0.281250000,-0.562500000,0.111101845014,0.0527733763817
-0.265625000,-0.562500000,0.164901816787,0.0783283629740
-0.250000000,-0.562500000,0.216060458696,0.102628717881
-0.234375000,-0.562500000,0.264474187457,0.125625239042
-0.218750000,-0.562500000,0.310053909259,0.147275606898
-0.203125000,-0.562500000,0.352723494594,0.167543659932
-0.187500000,-0.562500000,0.392418344097,0.186398713446
-0.171875000,-0.562500000,0.429084048951,0.203814923252
-0.156250000,-0.562500000,0.462675147227,0.219770694933
-0.140625000,-0.562500000,0.493153977350,0.234248139241
-0.125000000,-0.562500000,0.520489630127,0.247232574310
-0.109375000,-0.562500000,0.544656999350,0.258712074691
-0.093750000,-0.562500000,0.565635932098,0.268677067747
-0.078125000,-0.562500000,0.583410479076,0.277119977561
-0.062500000,-0.562500000,0.597968244458,0.284034916118
-0.046875000,-0.562500000,0.609299835831,0.289417422020
-0.031250000,-0.562500000,0.617398414641,0.293264246954
-0.015625000,-0.562500000,0.622259345918,0.295573189311
0.000000000,-0.562500000,0.623879948722,0.296342975643
0.015625000,-0.562500000,0.622259345918,0.295573189311
0.031250000,-0.562500000,0.617398414641,0.293264246954
0.046875000,-0.562500000,0.609299835831,0.289417422020
0.062500000,-0.562500000,0.597968244458,0.284034916118
0.078125000,-0.562500000,0.583410479076,0.277119977561
0.093750000,-0.562500000,0.565635932098,0.268677067747
0.109375000,-0.562500000,0.544656999350,0.258712074691
0.125000000,-0.562500000,0.520489630127,0.247232574310
0.140625000,-0.562500000,0.493153977350,0.234248139241
0.156250000,-0.562500000,0.462675147227,0.219770694933
0.171875000,-0.562500000,0.429084048951,0.203814923252
0.187500000,-0.562500000,0.392418344097,0.186398713446
0.203125000,-0.562500000,0.352723494594,0.167543659932
0.218750000,-0.562500000,0.310053909259,0.147275606898
0.234375000,-0.562500000,0.264474187457,0.125625239042
0.250000000,-0.562500000,0.216060458696,0.102628717881
0.265625000,-0.562500000,0.164901816787,0.0783283629740
0.281250000,-0.562500000,0.111101845014,0.0527733763817
0.296875000,-0.562500000,0.0547802305245,0.0260206094991
0.312500000,-0.562500000,-0.00392553616461,-0.00186462967819
0.328125000,-0.562500000,-0.0648583821036,-0.0308077314992
0.343750000,-0.562500000,-0.127839798208,-0.0607239041486
0.359375000,-0.562500000,-0.192667918827,-0.0915172614428
0.375000000,-0.562500000,-0.259115543480,-0.123079883153
0.390625000,-0.562500000,-0.326928111123,-0.155290852783
0.406250000,-0.562500000,-0.395821640811,-0.188015279385
0.421875000,-0.562500000,-0.465480653769,-0.221103310540
0.437500000,-0.562500000,-0.535556096118,-0.254389145656
0.453125000,-0.562500000,-0.605663284671,-0.287690060219
0.468750000,-0.562500000,-0.675379902792,-0.320805453826
0.484375000,-0.562500000,-0.744244078011,-0.353515937055
0.500000000,-0.562500000,-0.811752579012,-0.385582475031
0.515625000,-0.562500000,-0.877359177589,-0.416745609355
0.531250000,-0.562500000,-0.940473227459,-0.446724783043
0.546875000,-0.562500000,-1.00045852333,-0.475217798583
0.562500000,-0.562500000,-1.05663251313,-0.501900443736
0.578125000,-0.562500000,-1.10826595183,-0.526426327117
0.593750000,-0.562500000,-1.15458309743,-0.548426971280
0.609375000,-0.562500000,-1.19476257231,-0.567512221846
0.625000000,-0.562500000,-1.22793903051,-0.583271039493
0.640625000,-0.562500000,-1.25320579991,-0.595272754959
0.656250000,-0.562500000,-1.26961869762,-0.603068881368
0.671875000,-0.562500000,-1.27620125093,-0.606195594190
0.687500000,-0.562500000,-1.27195160141,-0.604177010669
0.703125000,-0.562500000,-1.25585141683,-0.596529422994
0.718750000,-0.562500000,-1.22687719495,-0.582766667602
0.734375000,-0.562500000,-1.18401441789,-0.562406848500
0.750000000,-0.562500000,-1.12627509419,-0.534980669740
0.765625000,-0.562500000,-1.05271933069,-0.500041682078
0.781250000,-0.562500000,-0.962481694808,-0.457178805034
0.796875000,-0.562500000,-0.854803272890,-0.406031554623
0.812500000,-0.562500000,,
0.828125000,-0.562500000,,
0.843750000,-0.562500000,,
0.859375000,-0.562500000,,
0.875000000,-0.562500000,,
0.890625000,-0.562500000,,
0.906250000,-0.562500000,,
0.921875000,-0.562500000,,
0.937500000,-0.562500000,,
0.953125000,-0.562500000,,
0.968750000,-0.562500000,,
0.984375000,-0.562500000,,
1.000000000,-0.562500000,,
-1.000000000,-0.546875000,,
-0.984375000,-0.546875000,,
-0.968750000,-0.546875000,,
-0.953125000,-0.546875000,,
-0.937500000,-0.546875000,,
-0.921875000,-0.546875000,,
-0.906250000,-0.546875000,,
-0.890625000,-0.546875000,,
-0.875000000,-0.546875000,,
-0.859375000,-0.546875000,,
-0.843750000,-0.546875000,,
-0.828125000,-0.546875000,,
-0.812500000,-0.546875000,-0.763531854551,-0.362677630912
-0.796875000,-0.546875000,-0.889110552085,-0.422327512241
-0.781250000,-0.546875000,-0.995957521487,-0.473079822706
-0.765625000,-0.546875000,-1.08483706130,-0.515297604120
-0.750000000,-0.546875000,-1.15663545916,-0.549401843103
-0.734375000,-0.546875000,-1.21232546056,-0.575854593768
-0.718750000,-0.546875000,-1.25293703411,-0.595145091203
-0.703125000,-0.546875000,-1.27953342909,-0.607778378820
-0.687500000,-0.546875000,-1.29319167932,-0.614266047677
-0.671875000,-0.546875000,-1.29498684555,-0.615118751636
-0.656250000,-0.546875000,-1.28597939723,-0.610840213684
-0.640625000,-0.546875000,-1.26720523250,-0.601922485437
-0.625000000,-0.546875000,-1.23966790892,-0.588842256739
-0.609375000,-0.546875000,-1.20433272783,-0.572058045720
-0.593750000,-0.546875000,-1.16212236716,-0.552008124403
-0.578125000,-0.546875000,-1.11391380701,-0.529109058328
-0.562500000,-0.546875000,-1.06053632892,-0.503754756235
-0.546875000,-0.546875000,-1.00277040542,-0.476315942574
-0.531250000,-0.546875000,-0.941347323013,-0.447139978431
-0.515625000,-0.546875000,-0.876949406107,-0.416550967901
-0.500000000,-0.546875000,-0.810210729378,-0.384850096455
-0.484375000,-0.546875000,-0.741718223531,-0.352316156177
-0.468750000,-0.546875000,-0.672013093105,-0.319206219225
-0.453125000,-0.546875000,-0.601592479333,-0.285756427683
-0.437500000,-0.546875000,-0.530911308502,-0.252182871538
-0.421875000,-0.546875000,-0.460384277388,-0.218682531759
-0.406250000,-0.546875000,-0.390387936085,-0.185434269641
-0.390625000,-0.546875000,-0.321262830790,-0.152599844625
-0.375000000,-0.546875000,-0.253315679257,-0.120324947647
-0.359375000,-0.546875000,-0.186821553509,-0.0887402379168
-0.343750000,-0.546875000,-0.122026049817,-0.0579623736631
-0.328125000,-0.546875000,-0.0591474279131,-0.0280950282587
-0.312500000,-0.546875000,0.00162129369444,0.000770114504860
-0.296875000,-0.546875000,0.0601102989966,0.0285523920234
-0.281250000,-0.546875000,0.116171001721,0.0551812258173
-0.265625000,-0.546875000,0.169674145935,0.0805952193190
-0.250000000,-0.546875000,0.220507987482,0.104741294054
-0.234375000,-0.546875000,0.268576560556,0.127573866264
-0.218750000,-0.546875000,0.313798033758,0.149054066035
-0.203125000,-0.546875000,0.356103159232,0.169149000635
-0.187500000,-0.546875000,0.395433816921,0.187831063037
-0.171875000,-0.546875000,0.431741655996,0.205077286598
-0.156250000,-0.546875000,0.464986835350,0.220868746791
-0.140625000,-0.546875000,0.495136862858,0.235190009858
-0.125000000,-0.546875000,0.522165536078,0.248028629637
-0.109375000,-0.546875000,0.546051983065,0.259374691956
-0.093750000,-0.546875000,0.566779804286,0.269220407036
-0.078125000,-0.546875000,0.584336315658,0.277559749937
-0.062500000,-0.546875000,0.598711893310,0.284388149322
-0.046875000,-0.546875000,0.609899418685,0.289702223876
-0.031250000,-0.546875000,0.617893825123,0.293499566933
-0.015625000,-0.546875000,0.622691745416,0.295778579073
0.000000000,-0.546875000,0.624291259823,0.296538348416
0.015625000,-0.546875000,0.622691745416,0.295778579073
0.031250000,-0.546875000,0.617893825123,0.293499566933
0.046875000,-0.546875000,0.609899418685,0.289702223876
0.062500000,-0.546875000,0.598711893310,0.284388149322
0.078125000,-0.546875000,0.584336315658,0.277559749937
0.093750000,-0.546875000,0.566779804286,0.269220407036
0.109375000,-0.546875000,0.546051983065,0.259374691956
0.125000000,-0.546875000,0.522165536078,0.248028629637
0.140625000,-0.546875000,0.495136862858,0.235190009858
0.156250000,-0.546875000,0.464986835350,0.220868746791
0.171875000,-0.546875000,0.431741655996,0.205077286598
0.187500000,-0.546875000,0.395433816921,0.187831063037
0.203125000,-0.546875000,0.356103159232,0.169149000635
0.218750000,-0.546875000,0.313798033758,0.149054066035
0.234375000,-0.546875000,0.268576560556,0.127573866264
0.250000000,-0.546875000,0.220507987482,0.104741294054
0.265625000,-0.546875000,0.169674145935,0.0805952193190
0.281250000,-0.546875000,0.116171001721,0.0551812258173
0.296875000,-0.546875000,0.0601102989966,0.0285523920234
0.312500000,-0.546875000,0.00162129369444,0.000770114504860
0.328125000,-0.546875000,-0.0591474279131,-0.0280950282587
0.343750000,-0.546875000,-0.122026049817,-0.0579623736631
0.359375000,-0.546875000,-0.186821553509,-0.0887402379168
0.375000000,-0.546875000,-0.253315679257,-0.120324947647
0.390625000,-0.546875000,-0.321262830790,-0.152599844625
0.406250000,-0.546875000,-0.390387936085,-0.185434269641
0.421875000,-0.546875000,-0.460384277388,-0.218682531759
0.437500000,-0.546875000,-0.530911308502,-0.252182871538
0.453125000,-0.546875000,-0.601592479333,-0.285756427683
0.468750000,-0.546875000,-0.672013093105,-0.319206219225
0.484375000,-0.546875000,-0.741718223531,-0.352316156177
0.500000000,-0.546875000,-0.810210729378,-0.384850096455
0.515625000,-0.546875000,-0.876949406107,-0.416550967901
0.531250000,-0.546875000,-0.941347323013,-0.447139978431
0.546875000,-0.546875000,-1.00277040542,-0.476315942574
0.562500000,-0.546875000,-1.06053632892,-0.503754756235
0.578125000,-0.546875000,-1.11391380701,-0.529109058328
0.593750000,-0.546875000,-1.16212236716,-0.552008124403
0.609375000,-0.546875000,-1.20433272783,-0.572058045720
0.625000000,-0.546875000,-1.23966790892,-0.588842256739
0.640625000,-0.546875000,-1.26720523250,-0.601922485437
0.656250000,-0.546875000,-1.28597939723,-0.610840213684
0.671875000,-0.546875000,-1.29498684555,-0.615118751636
0.687500000,-0.546875000,-1.29319167932,-0.614266047677
0.703125000,-0.546875000,-1.27953342909,-0.607778378820
0.718750000,-0.546875000,-1.25293703411,-0.595145091203
0.734375000,-0.546875000,-1.21232546056,-0.575854593768
0.750000000,-0.546875000,-1.15663545916,-0.549401843103
0.765625000,-0.546875000,-1.08483706130,-0.515297604120
0.781250000,-0.546875000,-0.995957521487,-0.473079822706
0.796875000,-0.546875000,-0.889110552085,-0.422327512241
0.812500000,-0.546875000,-0.763531854551,-0.362677630912
0.828125000,-0.546875000,,
0.843750000,-0.546875000,,
0.859375000,-0.546875000,,
0.875000000,-0.546875000,,
0.890625000,-0.546875000,,
0.906250000,-0.546875000,,
0.921875000,-0.546875000,,
0.937500000,-0.546875000,,
0.953125000,-0.546875000,,
0.968750000,-0.546875000,,
0.984375000,-0.546875000,,
1.000000000,-0.546875000,,
-1.000000000,-0.531250000,,
-0.984375000,-0.531250000,,
-0.968750000,-0.531250000,,
-0.953125000,-0.531250000,,
-0.937500000,-0.531250000,,
-0.921875000,-0.531250000,,
-0.906250000,-0.531250000,,
-0.890625000,-0.531250000,,
-0.875000000,-0.531250000,,
-0.859375000,-0.531250000,,
-0.843750000,-0.531250000,,
-0.828125000,-0.531250000,-0.656801527549,-0.311980725586
-0.812500000,-0.531250000,-0.801737569527,-0.380825345525
-0.796875000,-0.531250000,-0.926607715154,-0.440138664698
-0.781250000,-0.531250000,-1.03217171021,-0.490281562351
-0.765625000,-0.531250000,-1.11932953317,-0.531681528255
-0.750000000,-0.531250000,-1.18908188415,-0.564813894971
-0.734375000,-0.531250000,-1.24249765694,-0.590186387047
-0.718750000,-0.531250000,-1.28068727563,-0.608326455922
-0.703125000,-0.531250000,-1.30478095431,-0.619770953296
-0.687500000,-0.531250000,-1.31591109321,-0.625057769275
-0.671875000,-0.531250000,-1.31519814729,-0.624719119962
-0.656250000,-0.531250000,-1.30373940977,-0.619276219642
-0.640625000,-0.531250000,-1.28260023981,-0.609235113911
-0.625000000,-0.531250000,-1.25280733683,-0.595083484996
-0.609375000,-0.531250000,-1.21534372714,-0.577288270390
-0.593750000,-0.531250000,-1.17114517766,-0.556293959389
-0.578125000,-0.531250000,-1.12109779802,-0.532521454059
-0.562500000,-0.531250000,-1.06603662720,-0.506367397918
-0.546875000,-0.531250000,-1.00674503199,-0.478203890193
-0.531250000,-0.531250000,-0.943954772988,-0.448378517169
-0.515625000,-0.531250000,-0.878346613323,-0.417214641329
-0.500000000,-0.531250000,-0.810551365606,-0.385011898663
-0.484375000,-0.531250000,-0.741151288952,-0.352046862252
-0.468750000,-0.531250000,-0.670681761183,-0.318573836562
-0.453125000,-0.531250000,-0.599633161520,-0.284825751722
-0.437500000,-0.531250000,-0.528452912039,-0.251015133219
-0.421875000,-0.531250000,-0.457547630770,-0.217335124616
-0.406250000,-0.531250000,-0.387285360678,-0.183960546322
-0.390625000,-0.531250000,-0.317997839156,-0.151048973599
-0.375000000,-0.531250000,-0.249982784947,-0.118741822850
-0.359375000,-0.531250000,-0.183506177058,-0.0871654341027
-0.343750000,-0.531250000,-0.118804508614,-0.0564321415915
-0.328125000,-0.531250000,-0.0560869993504,-0.0266413246915
-0.312500000,-0.531250000,0.00446224603831,0.00211956686820
-0.296875000,-0.531250000,0.0626821435659,0.0297740181938
-0.281250000,-0.531250000,0.118432609723,0.0562554896184
-0.265625000,-0.531250000,0.171592620570,0.0815064947706
-0.250000000,-0.531250000,0.222058357346,0.105477719739
-0.234375000,-0.531250000,0.269741441957,0.128127184929
-0.218750000,-0.531250000,0.314567266760,0.149419451711
-0.203125000,-0.531250000,0.356473420258,0.169324874623
-0.187500000,-0.531250000,0.395408211693,0.187818900554
-0.171875000,-0.531250000,0.431329295945,0.204881415574
-0.156250000,-0.531250000,0.464202398807,0.220496139433
-0.140625000,-0.531250000,0.494000144873,0.234650068815
-0.125000000,-0.531250000,0.520700987229,0.247332968934
-0.109375000,-0.531250000,0.544288239324,0.258536913679
-0.093750000,-0.531250000,0.564749209984,0.268255874743
-0.078125000,-0.531250000,0.582074440280,0.276485359133
-0.062500000,-0.531250000,0.596257042842,0.283222095350
-0.046875000,-0.531250000,0.607292143466,0.288463768146
-0.031250000,-0.531250000,0.615176424052,0.292208801425
-0.015625000,-0.531250000,0.619907768037,0.294456189817
0.000000000,-0.531250000,0.621485006954,0.295205378303
0.015625000,-0.531250000,0.619907768037,0.294456189817
0.031250000,-0.531250000,0.615176424052,0.292208801425
0.046875000,-0.531250000,0.607292143466,0.288463768146
0.062500000,-0.531250000,0.596257042842,0.283222095350
0.078125000,-0.531250000,0.582074440280,0.276485359133
0.093750000,-0.531250000,0.564749209984,0.268255874743
0.109375000,-0.531250000,0.544288239324,0.258536913679
0.125000000,-0.531250000,0.520700987229,0.247332968934
0.140625000,-0.531250000,0.494000144873,0.234650068815
0.156250000,-0.531250000,0.464202398807,0.220496139433
0.171875000,-0.531250000,0.431329295945,0.204881415574
0.187500000,-0.531250000,0.395408211693,0.187818900554
0.203125000,-0.531250000,0.356473420258,0.169324874623
0.218750000,-0.531250000,0.314567266760,0.149419451711
0.234375000,-0.531250000,0.269741441957,0.128127184929
0.250000000,-0.531250000,0.222058357346,0.105477719739
0.265625000,-0.531250000,0.171592620570,0.0815064947706
0.281250000,-0.531250000,0.118432609723,0.0562554896184
0.296875000,-0.531250000,0.0626821435659,0.0297740181938
0.312500000,-0.531250000,0.00446224603831,0.00211956686820
0.328125000,-0.531250000,-0.0560869993504,-0.0266413246915
0.343750000,-0.531250000,-0.118804508614,-0.0564321415915
0.359375000,-0.531250000,-0.183506177058,-0.0871654341027
0.375000000,-0.531250000,-0.249982784947,-0.118741822850
0.390625000,-0.531250000,-0.317997839156,-0.151048973599
0.406250000,-0.531250000,-0.387285360678,-0.183960546322
0.421875000,-0.531250000,-0.457547630770,-0.217335124616
0.437500000,-0.531250000,-0.528452912039,-0.251015133219
0.453125000,-0.531250000,-0.599633161520,-0.284825751722
0.468750000,-0.531250000,-0.670681761183,-0.318573836562
0.484375000,-0.531250000,-0.741151288952,-0.352046862252
0.500000000,-0.531250000,-0.810551365606,-0.385011898663
0.515625000,-0.531250000,-0.878346613323,-0.417214641329
0.531250000,-0.531250000,-0.943954772988,-0.448378517169
0.546875000,-0.531250000,-1.00674503199,-0.478203890193
0.562500000,-0.531250000,-1.06603662720,-0.506367397918
0.578125000,-0.531250000,-1.12109779802,-0.532521454059
0.593750000,-0.531250000,-1.17114517766,-0.556293959389
0.609375000,-0.531250000,-1.21534372714,-0.577288270390
0.625000000,-0.531250000,-1.25280733683,-0.595083484996
0.640625000,-0.531250000,-1.28260023981,-0.609235113911
0.656250000,-0.531250000,-1.30373940977,-0.619276219642
0.671875000,-0.531250000,-1.31519814729,-0.624719119962
0.687500000,-0.531250000,-1.31591109321,-0.625057769275
0.703125000,-0.531250000,-1.30478095431,-0.619770953296
0.718750000,-0.531250000,-1.28068727563,-0.608326455922
0.734375000,-0.531250000,-1.24249765694,-0.590186387047
0.750000000,-0.531250000,-1.18908188415,-0.564813894971
0.765625000,-0.531250000,-1.11932953317,-0.531681528255
0.781250000,-0.531250000,-1.03217171021,-0.490281562351
0.796875000,-0.531250000,-0.926607715154,-0.440138664698
0.812500000,-0.531250000,-0.801737569527,-0.380825345525
0.828125000,-0.531250000,-0.656801527549,-0.311980725586
0.843750000,-0.531250000,,
0.859375000,-0.531250000,,
0.875000000,-0.531250000,,
0.890625000,-0.531250000,,
0.906250000,-0.531250000,,
0.921875000,-0.531250000,,
0.937500000,-0.531250000,,
0.953125000,-0.531250000,,
0.968750000,-0.531250000,,
0.984375000,-0.531250000,,
1.000000000,-0.531250000,,
-1.000000000,-0.515625000,,
-0.984375000,-0.515625000,,
-0.968750000,-0.515625000,,
-0.953125000,-0.515625000,,
-0.937500000,-0.515625000,,
-0.921875000,-0.515625000,,
-0.906250000,-0.515625000,,
-0.890625000,-0.515625000,,
-0.875000000,-0.515625000,,
-0.859375000,-0.515625000,,
-0.843750000,-0.515625000,,
-0.828125000,-0.515625000,-0.698345818556,-0.331714263814
-0.812500000,-0.515625000,-0.842743072274,-0.400302959330
-0.796875000,-0.515625000,-0.966445347912,-0.459061540258
-0.781250000,-0.515625000,-1.07035726507,-0.508419700907
-0.765625000,-0.515625000,-1.15550107928,-0.548863012656
-0.750000000,-0.515625000,-1.22298037236,-0.580915676872
-0.734375000,-0.515625000,-1.27395026340,-0.605126375113
-0.718750000,-0.515625000,-1.30959308729,-0.622056716462
-0.703125000,-0.515625000,-1.33109866541,-0.632271866068
-0.687500000,-0.515625000,-1.33964842828,-0.636333003431
-0.671875000,-0.515625000,-1.33640276982,-0.634791315665
-0.656250000,-0.515625000,-1.32249111152,-0.628183277972
-0.640625000,-0.515625000,-1.29900423446,-0.617027011367
-0.625000000,-0.515625000,-1.26698850852,-0.601819541546
-0.609375000,-0.515625000,-1.22744170445,-0.583034809612
-0.593750000,-0.515625000,-1.18131012266,-0.561122308262
-0.578125000,-0.515625000,-1.12948681482,-0.536506237039
-0.562500000,-0.515625000,-1.07281070866,-0.509585086616
-0.546875000,-0.515625000,-1.01206647325,-0.480731574795
-0.531250000,-0.515625000,-0.947984990882,-0.450292870669
-0.515625000,-0.515625000,-0.881244318202,-0.418591051146
-0.500000000,-0.515625000,-0.812471040998,-0.385923744474
-0.484375000,-0.515625000,-0.742241937871,-0.352564920489
-0.468750000,-0.515625000,-0.671085885295,-0.318765795515
-0.453125000,-0.515625000,-0.599485942933,-0.284755822893
-0.437500000,-0.515625000,-0.527881572194,-0.250743746792
-0.421875000,-0.515625000,-0.456670942294,-0.216918697590
-0.406250000,-0.515625000,-0.386213293505,-0.183451314415
-0.390625000,-0.515625000,-0.316831323861,-0.150494878834
-0.375000000,-0.515625000,-0.248813576833,-0.118186448996
-0.359375000,-0.515625000,-0.182416809298,-0.0866479844166
-0.343750000,-0.515625000,-0.117868321642,-0.0559874527800
-0.328125000,-0.515625000,-0.0553682375183,-0.0262999128212
-0.312500000,-0.515625000,0.00490827981748,0.00233143291330
-0.296875000,-0.515625000,0.0628088832956,0.0298342195654
-0.281250000,-0.515625000,0.118201977671,0.0561459393939
-0.265625000,-0.515625000,0.170974741284,0.0812130021101
-0.250000000,-0.515625000,0.221031238967,0.104989838509
-0.234375000,-0.515625000,0.268290629432,0.127438048980
-0.218750000,-0.515625000,0.312685470770,0.148525598616
-0.203125000,-0.515625000,0.354160125481,0.168226059603
-0.187500000,-0.515625000,0.392669267257,0.186517901947
-0.171875000,-0.515625000,0.428176490515,0.203383832995
-0.156250000,-0.515625000,0.460653023261,0.218810186049
-0.140625000,-0.515625000,0.490076542856,0.232786357857
-0.125000000,-0.515625000,0.516430097616,0.245304296368
-0.109375000,-0.515625000,0.539701130191,0.256358036841
-0.093750000,-0.515625000,0.559880606116,0.265943287905
-0.078125000,-0.515625000,0.576962245314,0.274057066524
-0.062500000,-0.515625000,0.590941857258,0.280697382197
-0.046875000,-0.515625000,0.601816778443,0.285862969760
-0.031250000,-0.515625000,0.609585413185,0.289553071263
-0.015625000,-0.515625000,0.614246876677,0.291767266422
0.000000000,-0.515625000,0.615800739900,0.292505351453
0.015625000,-0.515625000,0.614246876677,0.291767266422
0.031250000,-0.515625000,0.609585413185,0.289553071263
0.046875000,-0.515625000,0.601816778443,0.285862969760
0.062500000,-0.515625000,0.590941857258,0.280697382197
0.078125000,-0.515625000,0.576962245314,0.274057066524
0.093750000,-0.515625000,0.559880606116,0.265943287905
0.109375000,-0.515625000,0.539701130191,0.256358036841
0.125000000,-0.515625000,0.516430097616,0.245304296368
0.140625000,-0.515625000,0.490076542856,0.232786357857
0.156250000,-0.515625000,0.460653023261,0.218810186049
0.171875000,-0.515625000,0.428176490515,0.203383832995
0.187500000,-0.515625000,0.392669267257,0.186517901947
0.203125000,-0.515625000,0.354160125481,0.168226059603
0.218750000,-0.515625000,0.312685470770,0.148525598616
0.234375000,-0.515625000,0.268290629432,0.127438048980
0.250000000,-0.515625000,0.221031238967,0.104989838509
0.265625000,-0.515625000,0.170974741284,0.0812130021101
0.281250000,-0.515625000,0.118201977671,0.0561459393939
0.296875000,-0.515625000,0.0628088832956,0.0298342195654
0.312500000,-0.515625000,0.00490827981748,0.00233143291330
0.328125000,-0.515625000,-0.0553682375183,-0.0262999128212
0.343750000,-0.515625000,-0.117868321642,-0.0559874527800
0.359375000,-0.515625000,-0.182416809298,-0.0866479844166
0.375000000,-0.515625000,-0.248813576833,-0.118186448996
0.390625000,-0.515625000,-0.316831323861,-0.150494878834
0.406250000,-0.515625000,-0.386213293505,-0.183451314415
0.421875000,-0.515625000,-0.456670942294,-0.216918697590
0.437500000,-0.515625000,-0.527881572194,-0.250743746792
0.453125000,-0.515625000,-0.599485942933,-0.284755822893
0.468750000,-0.515625000,-0.671085885295,-0.318765795515
0.484375000,-0.515625000,-0.742241937871,-0.352564920489
0.500000000,-0.515625000,-0.812471040998,-0.385923744474
0.515625000,-0.515625000,-0.881244318202,-0.418591051146
0.531250000,-0.515625000,-0.947984990882,-0.450292870669
0.546875000,-0.515625000,-1.01206647325,-0.480731574795
0.562500000,-0.515625000,-1.07281070866,-0.509585086616
0.578125000,-0.515625000,-1.12948681482,-0.536506237039
0.593750000,-0.515625000,-1.18131012266,-0.561122308262
0.609375000,-0.515625000,-1.22744170445,-0.583034809612
0.625000000,-0.515625000,-1.26698850852,-0.601819541546
0.640625000,-0.515625000,-1.29900423446,-0.617027011367
0.656250000,-0.515625000,-1.32249111152,-0.628183277972
0.671875000,-0.515625000,-1.33640276982,-0.634791315665
0.687500000,-0.515625000,-1.33964842828,-0.636333003431
0.703125000,-0.515625000,-1.33109866541,-0.632271866068
0.718750000,-0.515625000,-1.30959308729,-0.622056716462
0.734375000,-0.515625000,-1.27395026340,-0.605126375113
0.750000000,-0.515625000,-1.22298037236,-0.580915676872
0.765625000,-0.515625000,-1.15550107928,-0.548863012656
0.781250000,-0.515625000,-1.07035726507,-0.508419700907
0.796875000,-0.515625000,-0.966445347912,-0.459061540258
0.812500000,-0.515625000,-0.842743072274,-0.400302959330
0.828125000,-0.515625000,-0.698345818556,-0.331714263814
0.843750000,-0.515625000,,
0.859375000,-0.515625000,,
0.875000000,-0.515625000,,
0.890625000,-0.515625000,,
0.906250000,-0.515625000,,
0.921875000,-0.515625000,,
0.937500000,-0.515625000,,
0.953125000,-0.515625000,,
0.968750000,-0.515625000,,
0.984375000,-0.515625000,,
1.000000000,-0.515625000,,
-1.000000000,-0.500000000,,
-0.984375000,-0.500000000,,
-0.968750000,-0.500000000,,
-0.953125000,-0.500000000,,
-0.937500000,-0.500000000,,
-0.921875000,-0.500000000,,
-0.906250000,-0.500000000,,
-0.890625000,-0.500000000,,
-0.875000000,-0.500000000,,
-0.859375000,-0.500000000,,
-0.843750000,-0.500000000,-0.576790502415,-0.273975488647
-0.828125000,-0.500000000,-0.742309613165,-0.352597066253
-0.812500000,-0.500000000,-0.885699597572,-0.420707308847
-0.796875000,-0.500000000,-1.00785839379,-0.478732737049
-0.781250000,-0.500000000,-1.10982159352,-0.527165256921
-0.765625000,-0.500000000,-1.19272178457,-0.566542847672
-0.750000000,-0.500000000,-1.25775516346,-0.597433702645
-0.734375000,-0.500000000,-1.30615424420,-0.620423265997
-0.718750000,-0.500000000,-1.33916567784,-0.636103696972
-0.703125000,-0.500000000,-1.35803236048,-0.645065371227
-0.687500000,-0.500000000,-1.36397913430,-0.647890088790
-0.671875000,-0.500000000,-1.35820150244,-0.645145713659
-0.656250000,-0.500000000,-1.34185686451,-0.637382010640
-0.640625000,-0.500000000,-1.31605786081,-0.625127483882
-0.625000000,-0.500000000,-1.28186747657,-0.608887051371
-0.609375000,-0.500000000,-1.24029561067,-0.589140415070
-0.593750000,-0.500000000,-1.19229686042,-0.566341008698
-0.578125000,-0.500000000,-1.13876931236,-0.540915423370
-0.562500000,-0.500000000,-1.08055415980,-0.513263225904
-0.546875000,-0.500000000,-1.01843599777,-0.483757098940
-0.531250000,-0.500000000,-0.953143667279,-0.452743241958
-0.515625000,-0.500000000,-0.885351541017,-0.420541981983
-0.500000000,-0.500000000,-0.815681159855,-0.387448550931
-0.484375000,-0.500000000,-0.744703142623,-0.353733992746
-0.468750000,-0.500000000,-0.672939304648,-0.319646169708
-0.453125000,-0.500000000,-0.600864930215,-0.285410841852
-0.437500000,-0.500000000,-0.528911152038,-0.251232797218
-0.421875000,-0.500000000,-0.457467400165,-0.217297015078
-0.406250000,-0.500000000,-0.386883887469,-0.183769846548
-0.390625000,-0.500000000,-0.317474103585,-0.150800199203
-0.375000000,-0.500000000,-0.249517296328,-0.118520715756
-0.359375000,-0.500000000,-0.183260919929,-0.0870489369663
-0.343750000,-0.500000000,-0.118923036745,-0.0564884424537
-0.328125000,-0.500000000,-0.0566946571450,-0.0269299621439
-0.312500000,-0.500000000,0.00325799051651,0.00154754549534
-0.296875000,-0.500000000,0.0607912694440,0.0288758529859
-0.281250000,-0.500000000,0.115782030959,0.0549964647057
-0.265625000,-0.500000000,0.168125601337,0.0798596606352
-0.250000000,-0.500000000,0.217733864921,0.103423585837
-0.234375000,-0.500000000,0.264533446747,0.125653387205
-0.218750000,-0.500000000,0.308463995181,0.146520397711
-0.203125000,-0.500000000,0.349476568877,0.166001370217
-0.187500000,-0.500000000,0.387532127112,0.184077760378
-0.171875000,-0.500000000,0.422600125865,0.200735059786
-0.156250000,-0.500000000,0.454657218439,0.215962178759
-0.140625000,-0.500000000,0.483686062868,0.229750879862
-0.125000000,-0.500000000,0.509674233271,0.242095260804
-0.109375000,-0.500000000,0.532613237892,0.252991287999
-0.093750000,-0.500000000,0.552497641034,0.262436379491
-0.078125000,-0.500000000,0.569324290143,0.270429037818
-0.062500000,-0.500000000,0.583091646978,0.276968532315
-0.046875000,-0.500000000,0.593799222011,0.282054630455
-0.031250000,-0.500000000,0.601447112925,0.285687378639
-0.015625000,-0.500000000,0.606035645472,0.287866931599
0.000000000,-0.500000000,0.607565117489,0.288593430807
0.015625000,-0.500000000,0.606035645472,0.287866931599
0.031250000,-0.500000000,0.601447112925,0.285687378639
0.046875000,-0.500000000,0.593799222011,0.282054630455
0.062500000,-0.500000000,0.583091646978,0.276968532315
0.078125000,-0.500000000,0.569324290143,0.270429037818
0.093750000,-0.500000000,0.552497641034,0.262436379491
0.109375000,-0.500000000,0.532613237892,0.252991287999
0.125000000,-0.500000000,0.509674233271,0.242095260804
0.140625000,-0.500000000,0.483686062868,0.229750879862
0.156250000,-0.500000000,0.454657218439,0.215962178759
0.171875000,-0.500000000,0.422600125865,0.200735059786
0.187500000,-0.500000000,0.387532127112,0.184077760378
0.203125000,-0.500000000,0.349476568877,0.166001370217
0.218750000,-0.500000000,0.308463995181,0.146520397711
0.234375000,-0.500000000,0.264533446747,0.125653387205
0.250000000,-0.500000000,0.217733864921,0.103423585837
0.265625000,-0.500000000,0.168125601337,0.0798596606352
0.281250000,-0.500000000,0.115782030959,0.0549964647057
0.296875000,-0.500000000,0.0607912694440,0.0288758529859
0.312500000,-0.500000000,0.00325799051651,0.00154754549534
0.328125000,-0.500000000,-0.0566946571450,-0.0269299621439
0.343750000,-0.500000000,-0.118923036745,-0.0564884424537
0.359375000,-0.500000000,-0.183260919929,-0.0870489369663
0.375000000,-0.500000000,-0.249517296328,-0.118520715756
0.390625000,-0.500000000,-0.317474103585,-0.150800199203
0.406250000,-0.500000000,-0.386883887469,-0.183769846548
0.421875000,-0.500000000,-0.457467400165,-0.217297015078
0.437500000,-0.500000000,-0.528911152038,-0.251232797218
0.453125000,-0.500000000,-0.600864930215,-0.285410841852
0.468750000,-0.500000000,-0.672939304648,-0.319646169708
0.484375000,-0.500000000,-0.744703142623,-0.353733992746
0.500000000,-0.500000000,-0.815681159855,-0.387448550931
0.515625000,-0.500000000,-0.885351541017,-0.420541981983
0.531250000,-0.500000000,-0.953143667279,-0.452743241958
0.546875000,-0.500000000,-1.01843599777,-0.483757098940
0.562500000,-0.500000000,-1.08055415980,-0.513263225904
0.578125000,-0.500000000,-1.13876931236,-0.540915423370
0.593750000,-0.500000000,-1.19229686042,-0.566341008698
0.609375000,-0.500000000,-1.24029561067,-0.589140415070
0.625000000,-0.500000000,-1.28186747657,-0.608887051371
0.640625000,-0.500000000,-1.31605786081,-0.625127483882
0.656250000,-0.500000000,-1.34185686451,-0.637382010640
0.671875000,-0.500000000,-1.35820150244,-0.645145713659
0.687500000,-0.500000000,-1.36397913430,-0.647890088790
0.703125000,-0.500000000,-1.35803236048,-0.645065371227
0.718750000,-0.500000000,-1.33916567784,-0.636103696972
0.734375000,-0.500000000,-1.30615424420,-0.620423265997
0.750000000,-0.500000000,-1.25775516346,-0.597433702645
0.765625000,-0.500000000,-1.19272178457,-0.566542847672
0.781250000,-0.500000000,-1.10982159352,-0.527165256921
0.796875000,-0.500000000,-1.00785839379,-0.478732737049
0.812500000,-0.500000000,-0.885699597572,-0.420707308847
0.828125000,-0.500000000,-0.742309613165,-0.352597066253
0.843750000,-0.500000000,-0.576790502415,-0.273975488647
0.859375000,-0.500000000,,
0.875000000,-0.500000000,,
0.890625000,-0.500000000,,
0.906250000,-0.500000000,,
0.921875000,-0.500000000,,
0.937500000,-0.500000000,,
0.953125000,-0.500000000,,
0.968750000,-0.500000000,,
0.984375000,-0.500000000,,
1.000000000,-0.500000000,,
-1.000000000,-0.484375000,,
-0.984375000,-0.484375000,,
-0.968750000,-0.484375000,,
-0.953125000,-0.484375000,,
-0.937500000,-0.484375000,,
-0.921875000,-0.484375000,,
-0.906250000,-0.484375000,,
-0.890625000,-0.484375000,,
-0.875000000,-0.484375000,,
-0.859375000,-0.484375000,-0.434793249512,-0.206526793518
-0.843750000,-0.484375000,-0.623118964962,-0.295981508357
-0.828125000,-0.484375000,-0.787843008752,-0.374225429157
-0.812500000,-0.484375000,-0.929842579539,-0.441675225281
-0.796875000,-0.484375000,-1.05015618685,-0.498824188752
-0.781250000,-0.484375000,-1.14993798350,-0.546220542161
-0.765625000,-0.484375000,-1.23042023366,-0.584449610989
-0.750000000,-0.484375000,-1.29288259583,-0.614119233020
-0.734375000,-0.484375000,-1.33862711556,-0.635847879892
-0.718750000,-0.484375000,-1.36895800436,-0.650255052072
-0.703125000,-0.484375000,-1.38516542895,-0.657953578752
-0.687500000,-0.484375000,-1.38851265988,-0.659543513442
-0.671875000,-0.484375000,-1.38022603178,-0.655607365095
-0.656250000,-0.484375000,-1.36148725470,-0.646706445983
-0.640625000,-0.484375000,-1.33342768693,-0.633378151292
-0.625000000,-0.484375000,-1.29712424192,-0.616134014912
-0.609375000,-0.484375000,-1.25359665275,-0.595458410056
-0.593750000,-0.484375000,-1.20380585998,-0.571807783491
-0.578125000,-0.484375000,-1.14865332458,-0.545610329174
-0.562500000,-0.484375000,-1.08898110031,-0.517266022646
-0.546875000,-0.484375000,-1.02557252309,-0.487146948469
-0.531250000,-0.484375000,-0.959153398094,-0.455597864095
-0.515625000,-0.484375000,-0.890393584338,-0.422936952561
-0.500000000,-0.484375000,-0.819908890515,-0.389456722995
-0.484375000,-0.484375000,-0.748263212045,-0.355425025721
-0.468750000,-0.484375000,-0.675970845281,-0.321086151509
-0.453125000,-0.484375000,-0.603498932632,-0.286661993000
-0.437500000,-0.484375000,-0.531269991153,-0.252353245797
-0.421875000,-0.484375000,-0.459664491752,-0.218340633582
-0.406250000,-0.484375000,-0.389023457769,-0.184786142440
-0.390625000,-0.484375000,-0.319651057809,-0.151834252459
-0.375000000,-0.484375000,-0.251817172801,-0.119613157081
-0.359375000,-0.484375000,-0.185759918910,-0.0882359614824
-0.343750000,-0.484375000,-0.121688113818,-0.0578018540637
-0.328125000,-0.484375000,-0.0597836731865,-0.0283972447636
-0.312500000,-0.484375000,-0.000203928882992,-0.0000968662194211
-0.296875000,-0.484375000,0.0569161385693,0.0270351658204
-0.281250000,-0.484375000,0.111461759485,0.0529443357553
-0.265625000,-0.484375000,0.163336331107,0.0775847572757
-0.250000000,-0.484375000,0.212459473524,0.100918249924
-0.234375000,-0.484375000,0.258765188879,0.122913464717
-0.218750000,-0.484375000,0.302200124374,0.143545059078
-0.203125000,-0.484375000,0.342721942217,0.162792922553
-0.187500000,-0.484375000,0.380297795535,0.180641452879
-0.171875000,-0.484375000,0.414902911992,0.197078883196
-0.156250000,-0.484375000,0.446519284230,0.212096660009
-0.140625000,-0.484375000,0.475134467979,0.225688872290
-0.125000000,-0.484375000,0.500740487044,0.237851731346
-0.109375000,-0.484375000,0.523332844195,0.248583100993
-0.093750000,-0.484375000,0.542909638608,0.257882078339
-0.078125000,-0.484375000,0.559470788845,0.265748624701
-0.062500000,-0.484375000,0.573017360185,0.272183246088
-0.046875000,-0.484375000,0.583550996942,0.277186723548
-0.031250000,-0.484375000,0.591234218028,0.280836253563
-0.015625000,-0.484375000,0.595591705372,0.282906060052
0.000000000,-0.484375000,0.597107374104,0.283626002699
0.015625000,-0.484375000,0.595591705372,0.282906060052
0.031250000,-0.484375000,0.591234218028,0.280836253563
0.046875000,-0.484375000,0.583550996942,0.277186723548
0.062500000,-0.484375000,0.573017360185,0.272183246088
0.078125000,-0.484375000,0.559470788845,0.265748624701
0.093750000,-0.484375000,0.542909638608,0.257882078339
0.109375000,-0.484375000,0.523332844195,0.248583100993
0.125000000,-0.484375000,0.500740487044,0.237851731346
0.140625000,-0.484375000,0.475134467979,0.225688872290
0.156250000,-0.484375000,0.446519284230,0.212096660009
0.171875000,-0.484375000,0.414902911992,0.197078883196
0.187500000,-0.484375000,0.380297795535,0.180641452879
0.203125000,-0.484375000,0.342721942217,0.162792922553
0.218750000,-0.484375000,0.302200124374,0.143545059078
0.234375000,-0.484375000,0.258765188879,0.122913464717
0.250000000,-0.484375000,0.212459473524,0.100918249924
0.265625000,-0.484375000,0.163336331107,0.0775847572757
0.281250000,-0.484375000,0.111461759485,0.0529443357553
0.296875000,-0.484375000,0.0569161385693,0.0270351658204
0.312500000,-0.484375000,-0.000203928882992,-0.0000968662194211
0.328125000,-0.484375000,-0.0597836731865,-0.0283972447636
0.343750000,-0.484375000,-0.121688113818,-0.0578018540637
0.359375000,-0.484375000,-0.185759918910,-0.0882359614824
0.375000000,-0.484375000,-0.251817172801,-0.119613157081
0.390625000,-0.484375000,-0.319651057809,-0.151834252459
0.406250000,-0.484375000,-0.389023457769,-0.184786142440
0.421875000,-0.484375000,-0.459664491752,-0.218340633582
0.437500000,-0.484375000,-0.531269991153,-0.252353245797
0.453125000,-0.484375000,-0.603498932632,-0.286661993000
0.468750000,-0.484375000,-0.675970845281,-0.321086151509
0.484375000,-0.484375000,-0.748263212045,-0.355425025721
0.500000000,-0.484375000,-0.819908890515,-0.389456722995
0.515625000,-0.484375000,-0.890393584338,-0.422936952561
0.531250000,-0.484375000,-0.959153398094,-0.455597864095
0.546875000,-0.484375000,-1.02557252309,-0.487146948469
0.562500000,-0.484375000,-1.08898110031,-0.517266022646
0.578125000,-0.484375000,-1.14865332458,-0.545610329174
0.593750000,-0.484375000,-1.20380585998,-0.571807783491
0.609375000,-0.484375000,-1.25359665275,-0.595458410056
0.625000000,-0.484375000,-1.29712424192,-0.616134014912
0.640625000,-0.484375000,-1.33342768693,-0.633378151292
0.656250000,-0.484375000,-1.36148725470,-0.646706445983
0.671875000,-0.484375000,-1.38022603178,-0.655607365095
0.687500000,-0.484375000,-1.38851265988,-0.659543513442
0.703125000,-0.484375000,-1.38516542895,-0.657953578752
0.718750000,-0.484375000,-1.36895800436,-0.650255052072
0.734375000,-0.484375000,-1.33862711556,-0.635847879892
0.750000000,-0.484375000,-1.29288259583,-0.614119233020
0.765625000,-0.484375000,-1.23042023366,-0.584449610989
0.781250000,-0.484375000,-1.14993798350,-0.546220542161
0.796875000,-0.484375000,-1.05015618685,-0.498824188752
0.812500000,-0.484375000,-0.929842579539,-0.441675225281
0.828125000,-0.484375000,-0.787843008752,-0.374225429157
0.843750000,-0.484375000,-0.623118964962,-0.295981508357
0.859375000,-0.484375000,-0.434793249512,-0.206526793518
0.875000000,-0.484375000,,
0.890625000,-0.484375000,,
0.906250000,-0.484375000,,
0.921875000,-0.484375000,,
0.937500000,-0.484375000,,
0.953125000,-0.484375000,,
0.968750000,-0.484375000,,
0.984375000,-0.484375000,,
1.000000000,-0.484375000,,
-1.000000000,-0.468750000,,
-0.984375000,-0.468750000,,
-0.968750000,-0.468750000,,
-0.953125000,-0.468750000,,
-0.937500000,-0.468750000,,
-0.921875000,-0.468750000,,
-0.906250000,-0.468750000,,
-0.890625000,-0.468750000,,
-0.875000000,-0.468750000,,
-0.859375000,-0.468750000,-0.482841904139,-0.229349904466
-0.843750000,-0.468750000,-0.670643083131,-0.318555464487
-0.828125000,-0.468750000,-0.834180319837,-0.396235651923
-0.812500000,-0.468750000,-0.974481967891,-0.462878934748
-0.796875000,-0.468750000,-1.09271417309,-0.519039232218
-0.781250000,-0.468750000,-1.19013855693,-0.565315814544
-0.765625000,-0.468750000,-1.26807754408,-0.602336833440
-0.750000000,-0.468750000,-1.32788608890,-0.630745892227
-0.734375000,-0.468750000,-1.37092876051,-0.651191161241
-0.718750000,-0.468750000,-1.39856131725,-0.664316625692
-0.703125000,-0.468750000,-1.41211603850,-0.670755118286
-0.687500000,-0.468750000,-1.41289020102,-0.671122845483
-0.671875000,-0.468750000,-1.40213718370,-0.666015162258
-0.656250000,-0.468750000,-1.38105976658,-0.656003389126
-0.640625000,-0.468750000,-1.35080525732,-0.641632497226
-0.625000000,-0.468750000,-1.31246213742,-0.623419515274
-0.609375000,-0.468750000,-1.26705796615,-0.601852533920
-0.593750000,-0.468750000,-1.21555832364,-0.577390203729
-0.578125000,-0.468750000,-1.15886660570,-0.550461637709
-0.562500000,-0.468750000,-1.09782451433,-0.521466644304
-0.546875000,-0.468750000,-1.03321311117,-0.490776227807
-0.531250000,-0.468750000,-0.965754320647,-0.458733302308
-0.515625000,-0.468750000,-0.896112790579,-0.425653575525
-0.500000000,-0.468750000,-0.824898027116,-0.391826562880
-0.484375000,-0.468750000,-0.752666740657,-0.357516701812
-0.468750000,-0.468750000,-0.679925342773,-0.322964537817
-0.453125000,-0.468750000,-0.607132548223,-0.288387960406
-0.437500000,-0.468750000,-0.534702042927,-0.253983470390
-0.421875000,-0.468750000,-0.463005182263,-0.219927461575
-0.406250000,-0.468750000,-0.392373694892,-0.186377505074
-0.390625000,-0.468750000,-0.323102366106,-0.153473623900
-0.375000000,-0.468750000,-0.255451684022,-0.121339549911
-0.359375000,-0.468750000,-0.189650431472,-0.0900839549494
-0.343750000,-0.468750000,-0.125898211177,-0.0598016503091
-0.328125000,-0.468750000,-0.0643678944914,-0.0305747498834
-0.312500000,-0.468750000,-0.00520798410757,-0.00247379245109
-0.296875000,-0.468750000,0.0514551150540,0.0244411796507
-0.281250000,-0.468750000,0.105514921682,0.0501195877989
-0.265625000,-0.468750000,0.156882806119,0.0745193329068
-0.250000000,-0.468750000,0.205486021120,0.0976058600320
-0.234375000,-0.468750000,0.251265839969,0.119351273985
-0.218750000,-0.468750000,0.294175802131,0.139733506012
-0.203125000,-0.468750000,0.334180067034,0.158735531841
-0.187500000,-0.468750000,0.371251877408,0.176344641769
-0.171875000,-0.468750000,0.405372131644,0.192551762531
-0.156250000,-0.468750000,0.436528065462,0.207350831095
-0.140625000,-0.468750000,0.464712041674,0.220738219795
-0.125000000,-0.468750000,0.489920448943,0.232712213248
-0.109375000,-0.468750000,0.512152707151,0.243272535897
-0.093750000,-0.468750000,0.531410380973,0.252419930962
-0.078125000,-0.468750000,0.547696398096,0.260155789096
-0.062500000,-0.468750000,0.561158635902,0.266550352053
-0.046875000,-0.468750000,0.571342220650,0.271387554809
-0.031250000,-0.468750000,0.578786927961,0.274923790781
-0.015625000,-0.468750000,0.583243494877,0.277040660066
0.000000000,-0.468750000,0.584727302640,0.277745468754
0.015625000,-0.468750000,0.583243494877,0.277040660066
0.031250000,-0.468750000,0.578786927961,0.274923790781
0.046875000,-0.468750000,0.571342220650,0.271387554809
0.062500000,-0.468750000,0.561158635902,0.266550352053
0.078125000,-0.468750000,0.547696398096,0.260155789096
0.093750000,-0.468750000,0.531410380973,0.252419930962
0.109375000,-0.468750000,0.512152707151,0.243272535897
0.125000000,-0.468750000,0.489920448943,0.232712213248
0.140625000,-0.468750000,0.464712041674,0.220738219795
0.156250000,-0.468750000,0.436528065462,0.207350831095
0.171875000,-0.468750000,0.405372131644,0.192551762531
0.187500000,-0.468750000,0.371251877408,0.176344641769
0.203125000,-0.468750000,0.334180067034,0.158735531841
0.218750000,-0.468750000,0.294175802131,0.139733506012
0.234375000,-0.468750000,0.251265839969,0.119351273985
0.250000000,-0.468750000,0.205486021120,0.0976058600320
0.265625000,-0.468750000,0.156882806119,0.0745193329068
0.281250000,-0.468750000,0.105514921682,0.0501195877989
0.296875000,-0.468750000,0.0514551150540,0.0244411796507
0.312500000,-0.468750000,-0.00520798410757,-0.00247379245109
0.328125000,-0.468750000,-0.0643678944914,-0.0305747498834
0.343750000,-0.468750000,-0.125898211177,-0.0598016503091
0.359375000,-0.468750000,-0.189650431472,-0.0900839549494
0.375000000,-0.468750000,-0.255451684022,-0.121339549911
0.390625000,-0.468750000,-0.323102366106,-0.153473623900
0.406250000,-0.468750000,-0.392373694892,-0.186377505074
0.421875000,-0.468750000,-0.463005182263,-0.219927461575
0.437500000,-0.468750000,-0.534702042927,-0.253983470390
0.453125000,-0.468750000,-0.607132548223,-0.288387960406
0.468750000,-0.468750000,-0.679925342773,-0.322964537817
0.484375000,-0.468750000,-0.752666740657,-0.357516701812
0.500000000,-0.468750000,-0.824898027116,-0.391826562880
0.515625000,-0.468750000,-0.896112790579,-0.425653575525
0.531250000,-0.468750000,-0.965754320647,-0.458733302308
0.546875000,-0.468750000,-1.03321311117,-0.490776227807
0.562500000,-0.468750000,-1.09782451433,-0.521466644304
0.578125000,-0.468750000,-1.15886660570,-0.550461637709
0.593750000,-0.468750000,-1.21555832364,-0.577390203729
0.609375000,-0.468750000,-1.26705796615,-0.601852533920
0.625000000,-0.468750000,-1.31246213742,-0.623419515274
0.640625000,-0.468750000,-1.35080525732,-0.641632497226
0.656250000,-0.468750000,-1.38105976658,-0.656003389126
0.671875000,-0.468750000,-1.40213718370,-0.666015162258
0.687500000,-0.468750000,-1.41289020102,-0.671122845483
0.703125000,-0.468750000,-1.41211603850,-0.670755118286
0.718750000,-0.468750000,-1.39856131725,-0.664316625692
0.734375000,-0.468750000,-1.37092876051,-0.651191161241
0.750000000,-0.468750000,-1.32788608890,-0.630745892227
0.765625000,-0.468750000,-1.26807754408,-0.602336833440
0.781250000,-0.468750000,-1.19013855693,-0.565315814544
0.796875000,-0.468750000,-1.09271417309,-0.519039232218
0.812500000,-0.468750000,-0.974481967891,-0.462878934748
0.828125000,-0.468750000,-0.834180319837,-0.396235651923
0.843750000,-0.468750000,-0.670643083131,-0.318555464487
0.859375000,-0.468750000,-0.482841904139,-0.229349904466
0.875000000,-0.468750000,,
0.890625000,-0.468750000,,
0.906250000,-0.468750000,,
0.921875000,-0.468750000,,
0.937500000,-0.468750000,,
0.953125000,-0.468750000,,
0.968750000,-0.468750000,,
0.984375000,-0.468750000,,
1.000000000,-0.468750000,,
-1.000000000,-0.453125000,,
-0.984375000,-0.453125000,,
-0.968750000,-0.453125000,,
-0.953125000,-0.453125000,,
-0.937500000,-0.453125000,,
-0.921875000,-0.453125000,,
-0.906250000,-0.453125000,,
-0.890625000,-0.453125000,,
-0.875000000,-0.453125000,-0.319003134412,-0.151526488846
-0.859375000,-0.453125000,-0.531719066446,-0.252566556562
-0.843750000,-0.453125000,-0.718594250664,-0.341332269065
-0.828125000,-0.453125000,-0.880630610215,-0.418299539852
-0.812500000,-0.453125000,-1.01899413120,-0.484022212319
-0.796875000,-0.453125000,-1.13496701366,-0.539109331488
-0.781250000,-0.453125000,-1.22990842394,-0.584206501373
-0.765625000,-0.453125000,-1.30522244101,-0.619980659478
-0.750000000,-0.453125000,-1.36233202335,-0.647107711089
-0.734375000,-0.453125000,-1.40265801420,-0.666262556744
-0.718750000,-0.453125000,-1.42760236391,-0.678111122859
-0.703125000,-0.453125000,-1.43853487893,-0.683304067494
-0.687500000,-0.453125000,-1.43678291901,-0.682471886528
-0.671875000,-0.453125000,-1.42362355426,-0.676221188273
-0.656250000,-0.453125000,-1.40027777359,-0.665131942454
-0.640625000,-0.453125000,-1.36790639782,-0.649755538966
-0.625000000,-0.453125000,-1.32760740593,-0.630613517818
-0.609375000,-0.453125000,-1.28041442974,-0.608196854126
-0.593750000,-0.453125000,-1.22729620858,-0.582965699074
-0.578125000,-0.453125000,-1.16915682905,-0.555349493797
-0.562500000,-0.453125000,-1.10683660155,-0.525747385734
-0.546875000,-0.453125000,-1.04111344993,-0.494528888716
-0.531250000,-0.453125000,-0.972704707203,-0.462034735921
-0.515625000,-0.453125000,-0.902269229931,-0.428577884217
-0.500000000,-0.453125000,-0.830409755797,-0.394444634003
-0.484375000,-0.453125000,-0.757675442013,-0.359895834956
-0.468750000,-0.453125000,-0.684564530309,-0.325168151897
-0.453125000,-0.453125000,-0.611527095680,-0.290475370448
-0.437500000,-0.453125000,-0.538967841864,-0.256009724885
-0.421875000,-0.453125000,-0.467248910442,-0.221943232460
-0.406250000,-0.453125000,-0.396692681529,-0.188429023726
-0.390625000,-0.453125000,-0.327584540883,-0.155602656920
-0.375000000,-0.453125000,-0.260175599343,-0.123583409688
-0.359375000,-0.453125000,-0.194685347574,-0.0924755400977
-0.343750000,-0.453125000,-0.131304236862,-0.0623695125093
-0.328125000,-0.453125000,-0.0701961745291,-0.0333431829013
-0.312500000,-0.453125000,-0.0115009282823,-0.00546294093411
-0.296875000,-0.453125000,0.0446635676806,0.0212151946483
-0.281250000,-0.453125000,0.0981990082669,0.0466445289268
-0.265625000,-0.453125000,0.149024618573,0.0707866938223
-0.250000000,-0.453125000,0.197075163316,0.0936107025751
-0.234375000,-0.453125000,0.242299065137,0.115092055940
-0.218750000,-0.453125000,0.284656633766,0.135211901039
-0.203125000,-0.453125000,0.324118406656,0.153956243161
-0.187500000,-0.453125000,0.360663599887,0.171315209946
-0.171875000,-0.453125000,0.394278671606,0.187282369013
-0.156250000,-0.453125000,0.424955994255,0.201854097271
-0.140625000,-0.453125000,0.452692638402,0.215029003241
-0.125000000,-0.453125000,0.477489265601,0.226807401161
-0.109375000,-0.453125000,0.499349128869,0.237190836213
-0.093750000,-0.453125000,0.518277182312,0.246181661598
-0.078125000,-0.453125000,0.534404384858,0.253842082808
-0.062500000,-0.453125000,0.547459818529,0.260043413801
-0.046875000,-0.453125000,0.557535596525,0.264829408349
-0.031250000,-0.453125000,0.564826926226,0.268292789957
-0.015625000,-0.453125000,0.569191068213,0.270365757401
0.000000000,-0.453125000,0.570644001284,0.271055900610
0.015625000,-0.453125000,0.569191068213,0.270365757401
0.031250000,-0.453125000,0.564826926226,0.268292789957
0.046875000,-0.453125000,0.557535596525,0.264829408349
0.062500000,-0.453125000,0.547459818529,0.260043413801
0.078125000,-0.453125000,0.534404384858,0.253842082808
0.093750000,-0.453125000,0.518277182312,0.246181661598
0.109375000,-0.453125000,0.499349128869,0.237190836213
0.125000000,-0.453125000,0.477489265601,0.226807401161
0.140625000,-0.453125000,0.452692638402,0.215029003241
0.156250000,-0.453125000,0.424955994255,0.201854097271
0.171875000,-0.453125000,0.394278671606,0.187282369013
0.187500000,-0.453125000,0.360663599887,0.171315209946
0.203125000,-0.453125000,0.324118406656,0.153956243161
0.218750000,-0.453125000,0.284656633766,0.135211901039
0.234375000,-0.453125000,0.242299065137,0.115092055940
0.250000000,-0.453125000,0.197075163316,0.0936107025751
0.265625000,-0.453125000,0.149024618573,0.0707866938223
0.281250000,-0.453125000,0.0981990082669,0.0466445289268
0.296875000,-0.453125000,0.0446635676806,0.0212151946483
0.312500000,-0.453125000,-0.0115009282823,-0.00546294093411
0.328125000,-0.453125000,-0.0701961745291,-0.0333431829013
0.343750000,-0.453125000,-0.131304236862,-0.0623695125093
0.359375000,-0.453125000,-0.194685347574,-0.0924755400977
0.375000000,-0.453125000,-0.260175599343,-0.123583409688
0.390625000,-0.453125000,-0.327584540883,-0.155602656920
0.406250000,-0.453125000,-0.396692681529,-0.188429023726
0.421875000,-0.453125000,-0.467248910442,-0.221943232460
0.437500000,-0.453125000,-0.538967841864,-0.256009724885
0.453125000,-0.453125000,-0.611527095680,-0.290475370448
0.468750000,-0.453125000,-0.684564530309,-0.325168151897
0.484375000,-0.453125000,-0.757675442013,-0.359895834956
0.500000000,-0.453125000,-0.830409755797,-0.394444634003
0.515625000,-0.453125000,-0.902269229931,-0.428577884217
0.531250000,-0.453125000,-0.972704707203,-0.462034735921
0.546875000,-0.453125000,-1.04111344993,-0.494528888716
0.562500000,-0.453125000,-1.10683660155,-0.525747385734
0.578125000,-0.453125000,-1.16915682905,-0.555349493797
0.593750000,-0.453125000,-1.22729620858,-0.582965699074
0.609375000,-0.453125000,-1.28041442974,-0.608196854126
0.625000000,-0.453125000,-1.32760740593,-0.630613517818
0.640625000,-0.453125000,-1.36790639782,-0.649755538966
0.656250000,-0.453125000,-1.40027777359,-0.665131942454
0.671875000,-0.453125000,-1.42362355426,-0.676221188273
0.687500000,-0.453125000,-1.43678291901,-0.682471886528
0.703125000,-0.453125000,-1.43853487893,-0.683304067494
0.718750000,-0.453125000,-1.42760236391,-0.678111122859
0.734375000,-0.453125000,-1.40265801420,-0.666262556744
0.750000000,-0.453125000,-1.36233202335,-0.647107711089
0.765625000,-0.453125000,-1.30522244101,-0.619980659478
0.781250000,-0.453125000,-1.22990842394,-0.584206501373
0.796875000,-0.453125000,-1.13496701366,-0.539109331488
0.812500000,-0.453125000,-1.01899413120,-0.484022212319
0.828125000,-0.453125000,-0.880630610215,-0.418299539852
0.843750000,-0.453125000,-0.718594250664,-0.341332269065
0.859375000,-0.453125000,-0.531719066446,-0.252566556562
0.875000000,-0.453125000,-0.319003134412,-0.151526488846
0.890625000,-0.453125000,,
0.906250000,-0.453125000,,
0.921875000,-0.453125000,,
0.937500000,-0.453125000,,
0.953125000,-0.453125000,,
0.968750000,-0.453125000,,
0.984375000,-0.453125000,,
1.000000000,-0.453125000,,
-1.000000000,-0.437500000,,
-0.984375000,-0.437500000,,
-0.968750000,-0.437500000,,
-0.953125000,-0.437500000,,
-0.937500000,-0.437500000,,
-0.921875000,-0.437500000,,
-0.906250000,-0.437500000,,
-0.890625000,-0.437500000,,
-0.875000000,-0.437500000,-0.368535951670,-0.175054577043
-0.859375000,-0.437500000,-0.580651190459,-0.275809315468
-0.843750000,-0.437500000,-0.766278929974,-0.363982491738
-0.828125000,-0.437500000,-0.926569724164,-0.440120618978
-0.812500000,-0.437500000,-1.06281506141,-0.504837154169
-0.796875000,-0.437500000,-1.17640281490,-0.558791337079
-0.781250000,-0.437500000,-1.26878080822,-0.602670883904
-0.765625000,-0.437500000,-1.34142716530,-0.637177903516
-0.750000000,-0.437500000,-1.39582633365,-0.663017508484
-0.734375000,-0.437500000,-1.43344985472,-0.680888680994
-0.718750000,-0.437500000,-1.45574110113,-0.691477023039
-0.703125000,-0.437500000,-1.46410333021,-0.695449081848
-0.687500000,-0.437500000,-1.45989050425,-0.693447989521
-0.671875000,-0.437500000,-1.44440041896,-0.686090199006
-0.656250000,-0.437500000,-1.41886974873,-0.673963130646
-0.640625000,-0.437500000,-1.38447068595,-0.657623575824
-0.625000000,-0.437500000,-1.34230889577,-0.637596725489
-0.609375000,-0.437500000,-1.29342255558,-0.614375713903
-0.593750000,-0.437500000,-1.23878228277,-0.588421584318
-0.578125000,-0.437500000,-1.17929178570,-0.560163598206
-0.562500000,-0.437500000,-1.11578909756,-0.529999821340
-0.546875000,-0.437500000,-1.04904827690,-0.498297931529
-0.531250000,-0.437500000,-0.979781474253,-0.465396200270
-0.515625000,-0.437500000,-0.908641281805,-0.431604608857
-0.500000000,-0.437500000,-0.836223296830,-0.397206065994
-0.484375000,-0.437500000,-0.763068838086,-0.362457698091
-0.468750000,-0.437500000,-0.689667767304,-0.327592189469
-0.453125000,-0.437500000,-0.616461373483,-0.292819152404
-0.437500000,-0.437500000,-0.543845285892,-0.258326510799
-0.421875000,-0.437500000,-0.472172387152,-0.224281883897
-0.406250000,-0.437500000,-0.401755701899,-0.190833958402
-0.390625000,-0.437500000,-0.332871243002,-0.158113840426
-0.375000000,-0.437500000,-0.265760796988,-0.126236378569
-0.359375000,-0.437500000,-0.200634638741,-0.0953014534021
-0.343750000,-0.437500000,-0.137674161695,-0.0653952268052
-0.328125000,-0.437500000,-0.0770344178826,-0.0365913484942
-0.312500000,-0.437500000,-0.0188465594818,-0.00895211575383
-0.296875000,-0.437500000,0.0367798223192,0.0174704156016
-0.281250000,-0.437500000,0.0897544649799,0.0426333708655
-0.265625000,-0.437500000,0.140004312145,0.0665020482687
-0.250000000,-0.437500000,0.187471502038,0.0890489634681
-0.234375000,-0.437500000,0.232111468917,0.110252947736
-0.218750000,-0.437500000,0.273891157419,0.130098299774
-0.203125000,-0.437500000,0.312787350306,0.148573991395
-0.187500000,-0.437500000,0.348785109932,0.165672927218
-0.171875000,-0.437500000,0.381876331514,0.181391257469
-0.156250000,-0.437500000,0.412058409282,0.195727744409
-0.140625000,-0.437500000,0.439333013981,0.208683181641
-0.125000000,-0.437500000,0.463704979967,0.220259865484
-0.109375000,-0.437500000,0.485181302929,0.230461118891
-0.093750000,-0.437500000,0.503889383139,0.239347456991
-0.078125000,-0.437500000,0.519567641110,0.246794629527
-0.062500000,-0.437500000,0.532268008631,0.252827304100
-0.046875000,-0.437500000,0.542306835875,0.257595747040
-0.031250000,-0.437500000,0.549449934899,0.260988719077
-0.015625000,-0.437500000,0.553724749055,0.263019255801
0.000000000,-0.437500000,0.555147841333,0.263695224633
0.015625000,-0.437500000,0.553724749055,0.263019255801
0.031250000,-0.437500000,0.549449934899,0.260988719077
0.046875000,-0.437500000,0.542306835875,0.257595747040
0.062500000,-0.437500000,0.532268008631,0.252827304100
0.078125000,-0.437500000,0.519567641110,0.246794629527
0.093750000,-0.437500000,0.503889383139,0.239347456991
0.109375000,-0.437500000,0.485181302929,0.230461118891
0.125000000,-0.437500000,0.463704979967,0.220259865484
0.140625000,-0.437500000,0.439333013981,0.208683181641
0.156250000,-0.437500000,0.412058409282,0.195727744409
0.171875000,-0.437500000,0.381876331514,0.181391257469
0.187500000,-0.437500000,0.348785109932,0.165672927218
0.203125000,-0.437500000,0.312787350306,0.148573991395
0.218750000,-0.437500000,0.273891157419,0.130098299774
0.234375000,-0.437500000,0.232111468917,0.110252947736
0.250000000,-0.437500000,0.187471502038,0.0890489634681
0.265625000,-0.437500000,0.140004312145,0.0665020482687
0.281250000,-0.437500000,0.0897544649799,0.0426333708655
0.296875000,-0.437500000,0.0367798223192,0.0174704156016
0.312500000,-0.437500000,-0.0188465594818,-0.00895211575383
0.328125000,-0.437500000,-0.0770344178826,-0.0365913484942
0.343750000,-0.437500000,-0.137674161695,-0.0653952268052
0.359375000,-0.437500000,-0.200634638741,-0.0953014534021
0.375000000,-0.437500000,-0.265760796988,-0.126236378569
0.390625000,-0.437500000,-0.332871243002,-0.158113840426
0.406250000,-0.437500000,-0.401755701899,-0.190833958402
0.421875000,-0.437500000,-0.472172387152,-0.224281883897
0.437500000,-0.437500000,-0.543845285892,-0.258326510799
0.453125000,-0.437500000,-0.616461373483,-0.292819152404
0.468750000,-0.437500000,-0.689667767304,-0.327592189469
0.484375000,-0.437500000,-0.763068838086,-0.362457698091
0.500000000,-0.437500000,-0.836223296830,-0.397206065994
0.515625000,-0.437500000,-0.908641281805,-0.431604608857
0.531250000,-0.437500000,-0.979781474253,-0.465396200270
0.546875000,-0.437500000,-1.04904827690,-0.498297931529
0.562500000,-0.437500000,-1.11578909756,-0.529999821340
0.578125000,-0.437500000,-1.17929178570,-0.560163598206
0.593750000,-0.437500000,-1.23878228277,-0.588421584318
0.609375000,-0.437500000,-1.29342255558,-0.614375713903
0.625000000,-0.437500000,-1.34230889577,-0.637596725489
0.640625000,-0.437500000,-1.38447068595,-0.657623575824
0.656250000,-0.437500000,-1.41886974873,-0.673963130646
0.671875000,-0.437500000,-1.44440041896,-0.686090199006
0.687500000,-0.437500000,-1.45989050425,-0.693447989521
0.703125000,-0.437500000,-1.46410333021,-0.695449081848
0.718750000,-0.437500000,-1.45574110113,-0.691477023039
0.734375000,-0.437500000,-1.43344985472,-0.680888680994
0.750000000,-0.437500000,-1.39582633365,-0.663017508484
0.765625000,-0.437500000,-1.34142716530,-0.637177903516
0.781250000,-0.437500000,-1.26878080822,-0.602670883904
0.796875000,-0.437500000,-1.17640281490,-0.558791337079
0.812500000,-0.437500000,-1.06281506141,-0.504837154169
0.828125000,-0.437500000,-0.926569724164,-0.440120618978
0.843750000,-0.437500000,-0.766278929974,-0.363982491738
0.859375000,-0.437500000,-0.580651190459,-0.275809315468
0.875000000,-0.437500000,-0.368535951670,-0.175054577043
0.890625000,-0.437500000,,
0.906250000,-0.437500000,,
0.921875000,-0.437500000,,
0.937500000,-0.437500000,,
0.953125000,-0.437500000,,
0.968750000,-0.437500000,,
0.984375000,-0.437500000,,
1.000000000,-0.437500000,,
-1.000000000,-0.421875000,,
-0.984375000,-0.421875000,,
-0.968750000,-0.421875000,,
-0.953125000,-0.421875000,,
-0.937500000,-0.421875000,,
-0.921875000,-0.421875000,,
-0.906250000,-0.421875000,,
-0.890625000,-0.421875000,-0.178400255573,-0.0847401213973
-0.875000000,-0.421875000,-0.417755377369,-0.198433804250
-0.859375000,-0.421875000,-0.628940186225,-0.298746588457
-0.843750000,-0.421875000,-0.813070762815,-0.386208612337
-0.828125000,-0.421875000,-0.971433548066,-0.461430935331
-0.812500000,-0.421875000,-1.10543463928,-0.525081453659
-0.796875000,-0.421875000,-1.21655826882,-0.577865177688
-0.781250000,-0.421875000,-1.30633295175,-0.620508152082
-0.765625000,-0.421875000,-1.37630404439,-0.653744421083
-0.750000000,-0.421875000,-1.42801165967,-0.678305538345
-0.734375000,-0.421875000,-1.46297306055,-0.694912203759
-0.718750000,-0.421875000,-1.48266879344,-0.704267676882
-0.703125000,-0.421875000,-1.48853194318,-0.707052673011
-0.687500000,-0.421875000,-1.48193999037,-0.703921495427
-0.671875000,-0.421875000,-1.46420883446,-0.695499196370
-0.656250000,-0.421875000,-1.43658861401,-0.682379591653
-0.640625000,-0.421875000,-1.40026101543,-0.665123982327
-0.625000000,-0.421875000,-1.35633780973,-0.644260459620
-0.609375000,-0.421875000,-1.30586039584,-0.620283688022
-0.593750000,-0.421875000,-1.24980016651,-0.593655079090
-0.578125000,-0.421875000,-1.18905953992,-0.564803281463
-0.562500000,-0.421875000,-1.12447352514,-0.534124924442
-0.546875000,-0.421875000,-1.05681171028,-0.501985562383
-0.531250000,-0.421875000,-0.986780580452,-0.468720775715
-0.515625000,-0.421875000,-0.915026086734,-0.434637391199
-0.500000000,-0.421875000,-0.842136398623,-0.400014789346
-0.484375000,-0.421875000,-0.768644787851,-0.365106274229
-0.468750000,-0.421875000,-0.695032593279,-0.330140481808
-0.453125000,-0.421875000,-0.621732232000,-0.295322810200
-0.437500000,-0.421875000,-0.549130221350,-0.260836855141
-0.421875000,-0.421875000,-0.477570187635,-0.226845839127
-0.406250000,-0.421875000,-0.407355837450,-0.193494022789
-0.390625000,-0.421875000,-0.338753875809,-0.160908091009
-0.375000000,-0.421875000,-0.271996854753,-0.129198506008
-0.359375000,-0.421875000,-0.207285940911,-0.0984608219328
-0.343750000,-0.421875000,-0.144793593501,-0.0687769569131
-0.328125000,-0.421875000,-0.0846661438582,-0.0402164183326
-0.312500000,-0.421875000,-0.0270262724853,-0.0128374794305
-0.296875000,-0.421875000,0.0280246226339,0.0133116957511
-0.281250000,-0.421875000,0.0804041683461,0.0381919799644
-0.265625000,-0.421875000,0.130046871481,0.0617722639537
-0.250000000,-0.421875000,0.176902089205,0.0840284923725
-0.234375000,-0.421875000,0.220932114516,0.104942754395
-0.218750000,-0.421875000,0.262110377150,0.124502429146
-0.203125000,-0.421875000,0.300419760668,0.142699386317
-0.187500000,-0.421875000,0.335851033946,0.159529241124
-0.171875000,-0.421875000,0.368401397219,0.174990663679
-0.156250000,-0.421875000,0.398073141781,0.189084742346
-0.140625000,-0.421875000,0.424872421979,0.201814400440
-0.125000000,-0.421875000,0.448808138163,0.213183865627
-0.109375000,-0.421875000,0.470017160037,0.223258151018
-0.093750000,-0.421875000,0.488219356672,0.231904194419
-0.078125000,-0.421875000,0.503603420292,0.239211624639
-0.062500000,-0.421875000,0.516076386199,0.245136283444
-0.046875000,-0.421875000,0.525916571650,0.249810371534
-0.031250000,-0.421875000,0.532916834948,0.253135496600
-0.015625000,-0.421875000,0.537105567805,0.255125144707
0.000000000,-0.421875000,0.538499903118,0.255787453981
0.015625000,-0.421875000,0.537105567805,0.255125144707
0.031250000,-0.421875000,0.532916834948,0.253135496600
0.046875000,-0.421875000,0.525916571650,0.249810371534
0.062500000,-0.421875000,0.516076386199,0.245136283444
0.078125000,-0.421875000,0.503603420292,0.239211624639
0.093750000,-0.421875000,0.488219356672,0.231904194419
0.109375000,-0.421875000,0.470017160037,0.223258151018
0.125000000,-0.421875000,0.448808138163,0.213183865627
0.140625000,-0.421875000,0.424872421979,0.201814400440
0.156250000,-0.421875000,0.398073141781,0.189084742346
0.171875000,-0.421875000,0.368401397219,0.174990663679
0.187500000,-0.421875000,0.335851033946,0.159529241124
0.203125000,-0.421875000,0.300419760668,0.142699386317
0.218750000,-0.421875000,0.262110377150,0.124502429146
0.234375000,-0.421875000,0.220932114516,0.104942754395
0.250000000,-0.421875000,0.176902089205,0.0840284923725
0.265625000,-0.421875000,0.130046871481,0.0617722639537
0.281250000,-0.421875000,0.0804041683461,0.0381919799644
0.296875000,-0.421875000,0.0280246226339,0.0133116957511
0.312500000,-0.421875000,-0.0270262724853,-0.0128374794305
0.328125000,-0.421875000,-0.0846661438582,-0.0402164183326
0.343750000,-0.421875000,-0.144793593501,-0.0687769569131
0.359375000,-0.421875000,-0.207285940911,-0.0984608219328
0.375000000,-0.421875000,-0.271996854753,-0.129198506008
0.390625000,-0.421875000,-0.338753875809,-0.160908091009
0.406250000,-0.421875000,-0.407355837450,-0.193494022789
0.421875000,-0.421875000,-0.477570187635,-0.226845839127
0.437500000,-0.421875000,-0.549130221350,-0.260836855141
0.453125000,-0.421875000,-0.621732232000,-0.295322810200
0.468750000,-0.421875000,-0.695032593279,-0.330140481808
0.484375000,-0.421875000,-0.768644787851,-0.365106274229
0.500000000,-0.421875000,-0.842136398623,-0.400014789346
0.515625000,-0.421875000,-0.915026086734,-0.434637391199
0.531250000,-0.421875000,-0.986780580452,-0.468720775715
0.546875000,-0.421875000,-1.05681171028,-0.501985562383
0.562500000,-0.421875000,-1.12447352514,-0.534124924442
0.578125000,-0.421875000,-1.18905953992,-0.564803281463
0.593750000,-0.421875000,-1.24980016651,-0.593655079090
0.609375000,-0.421875000,-1.30586039584,-0.620283688022
0.625000000,-0.421875000,-1.35633780973,-0.644260459620
0.640625000,-0.421875000,-1.40026101543,-0.665123982327
0.656250000,-0.421875000,-1.43658861401,-0.682379591653
0.671875000,-0.421875000,-1.46420883446,-0.695499196370
0.687500000,-0.421875000,-1.48193999037,-0.703921495427
0.703125000,-0.421875000,-1.48853194318,-0.707052673011
0.718750000,-0.421875000,-1.48266879344,-0.704267676882
0.734375000,-0.421875000,-1.46297306055,-0.694912203759
0.750000000,-0.421875000,-1.42801165967,-0.678305538345
0.765625000,-0.421875000,-1.37630404439,-0.653744421083
0.781250000,-0.421875000,-1.30633295175,-0.620508152082
0.796875000,-0.421875000,-1.21655826882,-0.577865177688
0.812500000,-0.421875000,-1.10543463928,-0.525081453659
0.828125000,-0.421875000,-0.971433548066,-0.461430935331
0.843750000,-0.421875000,-0.813070762815,-0.386208612337
0.859375000,-0.421875000,-0.628940186225,-0.298746588457
0.875000000,-0.421875000,-0.417755377369,-0.198433804250
0.890625000,-0.421875000,-0.178400255573,-0.0847401213973
0.906250000,-0.421875000,,
0.921875000,-0.421875000,,
0.937500000,-0.421875000,,
0.953125000,-0.421875000,,
0.968750000,-0.421875000,,
0.984375000,-0.421875000,,
1.000000000,-0.421875000,,
-1.000000000,-0.406250000,,
-0.984375000,-0.406250000,,
-0.968750000,-0.406250000,,
-0.953125000,-0.406250000,,
-0.937500000,-0.406250000,,
-0.921875000,-0.406250000,,
-0.906250000,-0.406250000,,
-0.890625000,-0.406250000,-0.227143471350,-0.107893148891
-0.875000000,-0.406250000,-0.465956563725,-0.221329367769
-0.859375000,-0.406250000,-0.675955566774,-0.321078894217
-0.843750000,-0.406250000,-0.858403850260,-0.407741828874
-0.828125000,-0.406250000,-1.01471227645,-0.481988331312
-0.812500000,-0.406250000,-1.14639175976,-0.544536085887
-0.796875000,-0.406250000,-1.25501452683,-0.596131900245
-0.781250000,-0.406250000,-1.34218263923,-0.637536753632
-0.765625000,-0.406250000,-1.40950258380,-0.669513727306
-0.750000000,-0.406250000,-1.45856493051,-0.692818341992
-0.734375000,-0.406250000,-1.49092822220,-0.708190905544
-0.718750000,-0.406250000,-1.50810639509,-0.716350537669
-0.703125000,-0.406250000,-1.51155914364,-0.717990593229
-0.687500000,-0.406250000,-1.50268473518,-0.713775249210
-0.671875000,-0.406250000,-1.48281485981,-0.704337058412
-0.656250000,-0.406250000,-1.45321116823,-0.690275304908
-0.640625000,-0.406250000,-1.41506320016,-0.672155020078
-0.625000000,-0.406250000,-1.36948745924,-0.650506543137
-0.609375000,-0.406250000,-1.31752742439,-0.625825526584
-0.593750000,-0.406250000,-1.26015432158,-0.598573302752
-0.578125000,-0.406250000,-1.19826850854,-0.569177541554
-0.562500000,-0.406250000,-1.13270134791,-0.538033140257
-0.546875000,-0.406250000,-1.06421746342,-0.505503295126
-0.531250000,-0.406250000,-0.993517290560,-0.471920713016
-0.515625000,-0.406250000,-0.921239848580,-0.437588928076
-0.500000000,-0.406250000,-0.847965670849,-0.402783693653
-0.484375000,-0.406250000,-0.774219842034,-0.367754424966
-0.468750000,-0.406250000,-0.700475098167,-0.332725671630
-0.453125000,-0.406250000,-0.627154953983,-0.297898603142
-0.437500000,-0.406250000,-0.554636827398,-0.263452493014
-0.421875000,-0.406250000,-0.483255136242,-0.229546189715
-0.406250000,-0.406250000,-0.413304347355,-0.196319564994
-0.390625000,-0.406250000,-0.345041960768,-0.163894931365
-0.375000000,-0.406250000,-0.278691415900,-0.132378422552
-0.359375000,-0.406250000,-0.214444910240,-0.101861332364
-0.343750000,-0.406250000,-0.152466119497,-0.0724214067612
-0.328125000,-0.406250000,-0.0928928150939,-0.0441240871696
-0.312500000,-0.406250000,-0.0358393725434,-0.0170237019581
-0.296875000,-0.406250000,0.0186008325623,0.00883539546708
-0.281250000,-0.406250000,0.0703531431301,0.0334177429868
-0.265625000,-0.406250000,0.119359456564,0.0566957418680
-0.250000000,-0.406250000,0.165576177602,0.0786486843608
-0.234375000,-0.406250000,0.208972289920,0.0992618377121
-0.218750000,-0.406250000,0.249527545244,0.118525583991
-0.203125000,-0.406250000,0.287230770110,0.136434615802
-0.187500000,-0.406250000,0.322078289286,0.152987187411
-0.171875000,-0.406250000,0.354072465395,0.168184421063
-0.156250000,-0.406250000,0.383220352280,0.182029667333
-0.140625000,-0.406250000,0.409532462957,0.194527919905
-0.125000000,-0.406250000,0.433169937056,0.205755720102
-0.109375000,-0.406250000,0.453800902618,0.215555428744
-0.093750000,-0.406250000,0.471652545891,0.224034959298
-0.078125000,-0.406250000,0.486735538905,0.231199380980
-0.062500000,-0.406250000,0.498946939850,0.236999796429
-0.046875000,-0.406250000,0.508596366705,0.241583274185
-0.031250000,-0.406250000,0.515459451188,0.244843239314
-0.015625000,-0.406250000,0.519565507630,0.246793616124
0.000000000,-0.406250000,0.520932222535,0.247442805704
0.015625000,-0.406250000,0.519565507630,0.246793616124
0.031250000,-0.406250000,0.515459451188,0.244843239314
0.046875000,-0.406250000,0.508596366705,0.241583274185
0.062500000,-0.406250000,0.498946939850,0.236999796429
0.078125000,-0.406250000,0.486735538905,0.231199380980
0.093750000,-0.406250000,0.471652545891,0.224034959298
0.109375000,-0.406250000,0.453800902618,0.215555428744
0.125000000,-0.406250000,0.433169937056,0.205755720102
0.140625000,-0.406250000,0.409532462957,0.194527919905
0.156250000,-0.406250000,0.383220352280,0.182029667333
0.171875000,-0.406250000,0.354072465395,0.168184421063
0.187500000,-0.406250000,0.322078289286,0.152987187411
0.203125000,-0.406250000,0.287230770110,0.136434615802
0.218750000,-0.406250000,0.249527545244,0.118525583991
0.234375000,-0.406250000,0.208972289920,0.0992618377121
0.250000000,-0.406250000,0.165576177602,0.0786486843608
0.265625000,-0.406250000,0.119359456564,0.0566957418680
0.281250000,-0.406250000,0.0703531431301,0.0334177429868
0.296875000,-0.406250000,0.0186008325623,0.00883539546708
0.312500000,-0.406250000,-0.0358393725434,-0.0170237019581
0.328125000,-0.406250000,-0.0928928150939,-0.0441240871696
0.343750000,-0.406250000,-0.152466119497,-0.0724214067612
0.359375000,-0.406250000,-0.214444910240,-0.101861332364
0.375000000,-0.406250000,-0.278691415900,-0.132378422552
0.390625000,-0.406250000,-0.345041960768,-0.163894931365
0.406250000,-0.406250000,-0.413304347355,-0.196319564994
0.421875000,-0.406250000,-0.483255136242,-0.229546189715
0.437500000,-0.406250000,-0.554636827398,-0.263452493014
0.453125000,-0.406250000,-0.627154953983,-0.297898603142
0.468750000,-0.406250000,-0.700475098167,-0.332725671630
0.484375000,-0.406250000,-0.774219842034,-0.367754424966
0.500000000,-0.406250000,-0.847965670849,-0.402783693653
0.515625000,-0.406250000,-0.921239848580,-0.437588928076
0.531250000,-0.406250000,-0.993517290560,-0.471920713016
0.546875000,-0.406250000,-1.06421746342,-0.505503295126
0.562500000,-0.406250000,-1.13270134791,-0.538033140257
0.578125000,-0.406250000,-1.19826850854,-0.569177541554
0.593750000,-0.406250000,-1.26015432158,-0.598573302752
0.609375000,-0.406250000,-1.31752742439,-0.625825526584
0.625000000,-0.406250000,-1.36948745924,-0.650506543137
0.640625000,-0.406250000,-1.41506320016,-0.672155020078
0.656250000,-0.406250000,-1.45321116823,-0.690275304908
0.671875000,-0.406250000,-1.48281485981,-0.704337058412
0.687500000,-0.406250000,-1.50268473518,-0.713775249210
0.703125000,-0.406250000,-1.51155914364,-0.717990593229
0.718750000,-0.406250000,-1.50810639509,-0.716350537669
0.734375000,-0.406250000,-1.49092822220,-0.708190905544
0.750000000,-0.406250000,-1.45856493051,-0.692818341992
0.765625000,-0.406250000,-1.40950258380,-0.669513727306
0.781250000,-0.406250000,-1.34218263923,-0.637536753632
0.796875000,-0.406250000,-1.25501452683,-0.596131900245
0.812500000,-0.406250000,-1.14639175976,-0.544536085887
0.828125000,-0.406250000,-1.01471227645,-0.481988331312
0.843750000,-0.406250000,-0.858403850260,-0.407741828874
0.859375000,-0.406250000,-0.675955566774,-0.321078894217
0.875000000,-0.406250000,-0.465956563725,-0.221329367769
0.890625000,-0.406250000,-0.227143471350,-0.107893148891
0.906250000,-0.406250000,,
0.921875000,-0.406250000,,
0.937500000,-0.406250000,,
0.953125000,-0.406250000,,
0.968750000,-0.406250000,,
0.984375000,-0.406250000,,
1.000000000,-0.406250000,,
-1.000000000,-0.390625000,,
-0.984375000,-0.390625000,,
-0.968750000,-0.390625000,,
-0.953125000,-0.390625000,,
-0.937500000,-0.390625000,,
-0.921875000,-0.390625000,,
-0.906250000,-0.390625000,,
-0.890625000,-0.390625000,-0.274493416723,-0.130384372944
-0.875000000,-0.390625000,-0.512502703713,-0.243438784264
-0.859375000,-0.390625000,-0.721127710243,-0.342535662366
-0.843750000,-0.390625000,-0.901766988422,-0.428339319500
-0.828125000,-0.390625000,-1.05594549454,-0.501574109905
-0.812500000,-0.390625000,-1.18527014949,-0.563003321009
-0.796875000,-0.390625000,-1.29139365624,-0.613411986713
-0.781250000,-0.390625000,-1.37598520983,-0.653592974668
-0.765625000,-0.390625000,-1.44070695976,-0.684335805886
-0.750000000,-0.390625000,-1.48719527501,-0.706417755632
-0.734375000,-0.390625000,-1.51704601413,-0.720596856711
-0.718750000,-0.390625000,-1.53180313536,-0.727606489295
-0.703125000,-0.390625000,-1.53295008682,-0.728151291240
-0.687500000,-0.390625000,-1.52190350686,-0.722904165757
-0.671875000,-0.390625000,-1.50000884094,-0.712504199446
-0.656250000,-0.390625000,-1.46853754131,-0.697555332123
-0.640625000,-0.390625000,-1.42868557250,-0.678625646937
-0.625000000,-0.390625000,-1.38157298491,-0.656247167833
-0.609375000,-0.390625000,-1.32824436000,-0.630916071002
-0.593750000,-0.390625000,-1.26966995958,-0.603093230801
-0.578125000,-0.390625000,-1.20674743904,-0.573205033545
-0.562500000,-0.390625000,-1.14030400640,-0.541644403039
-0.546875000,-0.390625000,-1.07109892693,-0.508771990291
-0.531250000,-0.390625000,-0.999826291775,-0.474917488593
-0.515625000,-0.390625000,-0.927117978751,-0.440381039907
-0.500000000,-0.390625000,-0.853546747298,-0.405434704966
-0.484375000,-0.390625000,-0.779629419585,-0.370323974303
-0.468750000,-0.390625000,-0.705830105718,-0.335269300216
-0.453125000,-0.390625000,-0.632563439902,-0.300467633953
-0.437500000,-0.390625000,-0.560197799768,-0.266093954890
-0.421875000,-0.390625000,-0.489058485523,-0.232302780623
-0.406250000,-0.390625000,-0.419430840408,-0.199229649194
-0.390625000,-0.390625000,-0.351563296758,-0.166992565960
-0.375000000,-0.390625000,-0.285670336811,-0.135693409985
-0.359375000,-0.390625000,-0.221935356080,-0.105419294138
-0.343750000,-0.390625000,-0.160513424959,-0.0762438768554
-0.328125000,-0.390625000,-0.101533939740,-0.0482286213765
-0.312500000,-0.390625000,-0.0451031605190,-0.0214240012465
-0.296875000,-0.390625000,0.00869336747145,0.00412934954894
-0.281250000,-0.390625000,0.0597885112722,0.0283995428543
-0.265625000,-0.390625000,0.108131368125,0.0513623998594
-0.250000000,-0.390625000,0.153685202831,0.0730004713449
-0.234375000,-0.390625000,0.196425506923,0.0933021157885
-0.218750000,-0.390625000,0.236338176684,0.112260633925
-0.203125000,-0.390625000,0.273417811422,0.129873460426
-0.187500000,-0.390625000,0.307666129481,0.146141411503
-0.171875000,-0.390625000,0.339090502013,0.161067988456
-0.156250000,-0.390625000,0.367702601904,0.174658735904
-0.140625000,-0.390625000,0.393517167307,0.186920654471
-0.125000000,-0.390625000,0.416676145383,0.197921169057
-0.109375000,-0.390625000,0.436900964001,0.207527957901
-0.093750000,-0.390625000,0.454394699241,0.215837482140
-0.078125000,-0.390625000,0.469170556410,0.222856014295
-0.062500000,-0.390625000,0.481240906831,0.228589430745
-0.046875000,-0.390625000,0.490549163505,0.233010852665
-0.031250000,-0.390625000,0.497281006090,0.236208477893
-0.015625000,-0.390625000,0.501307959723,0.238121280869
0.000000000,-0.390625000,0.502648247371,0.238757917501
0.015625000,-0.390625000,0.501307959723,0.238121280869
0.031250000,-0.390625000,0.497281006090,0.236208477893
0.046875000,-0.390625000,0.490549163505,0.233010852665
0.062500000,-0.390625000,0.481240906831,0.228589430745
0.078125000,-0.390625000,0.469170556410,0.222856014295
0.093750000,-0.390625000,0.454394699241,0.215837482140
0.109375000,-0.390625000,0.436900964001,0.207527957901
0.125000000,-0.390625000,0.416676145383,0.197921169057
0.140625000,-0.390625000,0.393517167307,0.186920654471
0.156250000,-0.390625000,0.367702601904,0.174658735904
0.171875000,-0.390625000,0.339090502013,0.161067988456
0.187500000,-0.390625000,0.307666129481,0.146141411503
0.203125000,-0.390625000,0.273417811422,0.129873460426
0.218750000,-0.390625000,0.236338176684,0.112260633925
0.234375000,-0.390625000,0.196425506923,0.0933021157885
0.250000000,-0.390625000,0.153685202831,0.0730004713449
0.265625000,-0.390625000,0.108131368125,0.0513623998594
0.281250000,-0.390625000,0.0597885112722,0.0283995428543
0.296875000,-0.390625000,0.00869336747145,0.00412934954894
0.312500000,-0.390625000,-0.0451031605190,-0.0214240012465
0.328125000,-0.390625000,-0.101533939740,-0.0482286213765
0.343750000,-0.390625000,-0.160513424959,-0.0762438768554
0.359375000,-0.390625000,-0.221935356080,-0.105419294138
0.375000000,-0.390625000,-0.285670336811,-0.135693409985
0.390625000,-0.390625000,-0.351563296758,-0.166992565960
0.406250000,-0.390625000,-0.419430840408,-0.199229649194
0.421875000,-0.390625000,-0.489058485523,-0.232302780623
0.437500000,-0.390625000,-0.560197799768,-0.266093954890
0.453125000,-0.390625000,-0.632563439902,-0.300467633953
0.468750000,-0.390625000,-0.705830105718,-0.335269300216
0.484375000,-0.390625000,-0.779629419585,-0.370323974303
0.500000000,-0.390625000,-0.853546747298,-0.405434704966
0.515625000,-0.390625000,-0.927117978751,-0.440381039907
0.531250000,-0.390625000,-0.999826291775,-0.474917488593
0.546875000,-0.390625000,-1.07109892693,-0.508771990291
0.562500000,-0.390625000,-1.14030400640,-0.541644403039
0.578125000,-0.390625000,-1.20674743904,-0.573205033545
0.593750000,-0.390625000,-1.26966995958,-0.603093230801
0.609375000,-0.390625000,-1.32824436000,-0.630916071002
0.625000000,-0.390625000,-1.38157298491,-0.656247167833
0.640625000,-0.390625000,-1.42868557250,-0.678625646937
0.656250000,-0.390625000,-1.46853754131,-0.697555332123
0.671875000,-0.390625000,-1.50000884094,-0.712504199446
0.687500000,-0.390625000,-1.52190350686,-0.722904165757
0.703125000,-0.390625000,-1.53295008682,-0.728151291240
0.718750000,-0.390625000,-1.53180313536,-0.727606489295
0.734375000,-0.390625000,-1.51704601413,-0.720596856711
0.750000000,-0.390625000,-1.48719527501,-0.706417755632
0.765625000,-0.390625000,-1.44070695976,-0.684335805886
0.781250000,-0.390625000,-1.37598520983,-0.653592974668
0.796875000,-0.390625000,-1.29139365624,-0.613411986713
0.812500000,-0.390625000,-1.18527014949,-0.563003321009
0.828125000,-0.390625000,-1.05594549454,-0.501574109905
0.843750000,-0.390625000,-0.901766988422,-0.428339319500
0.859375000,-0.390625000,-0.721127710243,-0.342535662366
0.875000000,-0.390625000,-0.512502703713,-0.243438784264
0.890625000,-0.390625000,-0.274493416723,-0.130384372944
0.906250000,-0.390625000,,
0.921875000,-0.390625000,,
0.937500000,-0.390625000,,
0.953125000,-0.390625000,,
0.968750000,-0.390625000,,
0.984375000,-0.390625000,,
1.000000000,-0.390625000,,
-1.000000000,-0.375000000,,
-0.984375000,-0.375000000,,
-0.968750000,-0.375000000,,
-0.953125000,-0.375000000,,
-0.937500000,-0.375000000,,
-0.921875000,-0.375000000,,
-0.906250000,-0.375000000,-0.0515360072686,-0.0244796034526
-0.890625000,-0.375000000,-0.319804494520,-0.151907134897
-0.875000000,-0.375000000,-0.556818245117,-0.264488666430
-0.859375000,-0.375000000,-0.763942038660,-0.362872468363
-0.843750000,-0.375000000,-0.942698683258,-0.447781874547
-0.828125000,-0.375000000,-1.09471791870,-0.519991011382
-0.812500000,-0.375000000,-1.22169473688,-0.580305000018
-0.796875000,-0.375000000,-1.32535555599,-0.629543889096
-0.781250000,-0.375000000,-1.40743094575,-0.668529699232
-0.765625000,-0.375000000,-1.46963381790,-0.698076063501
-0.750000000,-0.375000000,-1.51364217398,-0.718980032641
-0.734375000,-0.375000000,-1.54108565244,-0.732015684908
-0.718750000,-0.375000000,-1.55353523824,-0.737929238164
-0.703125000,-0.375000000,-1.55249560249,-0.737435411182
-0.687500000,-0.375000000,-1.53939962355,-0.731214821184
-0.671875000,-0.375000000,-1.51560471406,-0.719912239179
-0.656250000,-0.375000000,-1.48239063674,-0.704135552453
-0.640625000,-0.375000000,-1.44095854398,-0.684455308391
-0.625000000,-0.375000000,-1.39243101528,-0.661404732260
-0.609375000,-0.375000000,-1.33785290631,-0.635480130499
-0.593750000,-0.375000000,-1.27819284933,-0.607141603432
-0.578125000,-0.375000000,-1.21434527177,-0.576814004090
-0.562500000,-0.375000000,-1.14713282179,-0.544888090348
-0.546875000,-0.375000000,-1.07730910548,-0.511721825101
-0.531250000,-0.375000000,-1.00556165699,-0.477641787071
-0.515625000,-0.375000000,-0.932515076151,-0.442944661172
-0.500000000,-0.375000000,-0.858734277328,-0.407898781731
-0.484375000,-0.375000000,-0.784727804000,-0.372745706900
-0.468750000,-0.375000000,-0.710951171172,-0.337701806307
-0.453125000,-0.375000000,-0.637810202842,-0.302959846350
-0.437500000,-0.375000000,-0.565664339780,-0.268690561396
-0.421875000,-0.375000000,-0.494829895039,-0.235044200143
-0.406250000,-0.375000000,-0.425583241554,-0.202152039738
-0.390625000,-0.375000000,-0.358163915519,-0.170127859872
-0.375000000,-0.375000000,-0.292777626617,-0.139069372643
-0.359375000,-0.375000000,-0.229599165099,-0.109059603422
-0.343750000,-0.375000000,-0.168775199770,-0.0801682198909
-0.328125000,-0.375000000,-0.110426960971,-0.0524528064612
-0.312500000,-0.375000000,-0.0546528051221,-0.0259600824330
-0.296875000,-0.375000000,-0.00153065950239,-0.000727063263636
-0.281250000,-0.375000000,0.0488796558221,0.0232178365155
-0.265625000,-0.375000000,0.0965342295740,0.0458537590477
-0.250000000,-0.375000000,0.141402982918,0.0671664168861
-0.234375000,-0.375000000,0.183467716753,0.0871471654577
-0.218750000,-0.375000000,0.222720281001,0.105792133475
-0.203125000,-0.375000000,0.259160864387,0.123101410584
-0.187500000,-0.375000000,0.292796404867,0.139078292312
-0.171875000,-0.375000000,0.323639117610,0.153728580865
-0.156250000,-0.375000000,0.351705140531,0.167059941752
-0.140625000,-0.375000000,0.377013294575,0.179081314923
-0.125000000,-0.375000000,0.399694218740,0.189854753901
-0.109375000,-0.375000000,0.419505261586,0.199264999253
-0.093750000,-0.375000000,0.436634706720,0.207401485692
-0.078125000,-0.375000000,0.451098194752,0.214271642507
-0.062500000,-0.375000000,0.462910158430,0.219882325254
-0.046875000,-0.375000000,0.471949923298,0.224176213567
-0.031250000,-0.375000000,0.478556761333,0.227314461633
-0.015625000,-0.375000000,0.482508366684,0.229191474175
0.000000000,-0.375000000,0.483823480656,0.229816153312
0.015625000,-0.375000000,0.482508366684,0.229191474175
0.031250000,-0.375000000,0.478556761333,0.227314461633
0.046875000,-0.375000000,0.471949923298,0.224176213567
0.062500000,-0.375000000,0.462910158430,0.219882325254
0.078125000,-0.375000000,0.451098194752,0.214271642507
0.093750000,-0.375000000,0.436634706720,0.207401485692
0.109375000,-0.375000000,0.419505261586,0.199264999253
0.125000000,-0.375000000,0.399694218740,0.189854753901
0.140625000,-0.375000000,0.377013294575,0.179081314923
0.156250000,-0.375000000,0.351705140531,0.167059941752
0.171875000,-0.375000000,0.323639117610,0.153728580865
0.187500000,-0.375000000,0.292796404867,0.139078292312
0.203125000,-0.375000000,0.259160864387,0.123101410584
0.218750000,-0.375000000,0.222720281001,0.105792133475
0.234375000,-0.375000000,0.183467716753,0.0871471654577
0.250000000,-0.375000000,0.141402982918,0.0671664168861
0.265625000,-0.375000000,0.0965342295740,0.0458537590477
0.281250000,-0.375000000,0.0488796558221,0.0232178365155
0.296875000,-0.375000000,-0.00153065950239,-0.000727063263636
0.312500000,-0.375000000,-0.0546528051221,-0.0259600824330
0.328125000,-0.375000000,-0.110426960971,-0.0524528064612
0.343750000,-0.375000000,-0.168775199770,-0.0801682198909
0.359375000,-0.375000000,-0.229599165099,-0.109059603422
0.375000000,-0.375000000,-0.292777626617,-0.139069372643
0.390625000,-0.375000000,-0.358163915519,-0.170127859872
0.406250000,-0.375000000,-0.425583241554,-0.202152039738
0.421875000,-0.375000000,-0.494829895039,-0.235044200143
0.437500000,-0.375000000,-0.565664339780,-0.268690561396
0.453125000,-0.375000000,-0.637810202842,-0.302959846350
0.468750000,-0.375000000,-0.710951171172,-0.337701806307
0.484375000,-0.375000000,-0.784727804000,-0.372745706900
0.500000000,-0.375000000,-0.858734277328,-0.407898781731
0.515625000,-0.375000000,-0.932515076151,-0.442944661172
0.531250000,-0.375000000,-1.00556165699,-0.477641787071
0.546875000,-0.375000000,-1.07730910548,-0.511721825101
0.562500000,-0.375000000,-1.14713282179,-0.544888090348
0.578125000,-0.375000000,-1.21434527177,-0.576814004090
0.593750000,-0.375000000,-1.27819284933,-0.607141603432
0.609375000,-0.375000000,-1.33785290631,-0.635480130499
0.625000000,-0.375000000,-1.39243101528,-0.661404732260
0.640625000,-0.375000000,-1.44095854398,-0.684455308391
0.656250000,-0.375000000,-1.48239063674,-0.704135552453
0.671875000,-0.375000000,-1.51560471406,-0.719912239179
0.687500000,-0.375000000,-1.53939962355,-0.731214821184
0.703125000,-0.375000000,-1.55249560249,-0.737435411182
0.718750000,-0.375000000,-1.55353523824,-0.737929238164
0.734375000,-0.375000000,-1.54108565244,-0.732015684908
0.750000000,-0.375000000,-1.51364217398,-0.718980032641
0.765625000,-0.375000000,-1.46963381790,-0.698076063501
0.781250000,-0.375000000,-1.40743094575,-0.668529699232
0.796875000,-0.375000000,-1.32535555599,-0.629543889096
0.812500000,-0.375000000,-1.22169473688,-0.580305000018
0.828125000,-0.375000000,-1.09471791870,-0.519991011382
0.843750000,-0.375000000,-0.942698683258,-0.447781874547
0.859375000,-0.375000000,-0.763942038660,-0.362872468363
0.875000000,-0.375000000,-0.556818245117,-0.264488666430
0.890625000,-0.375000000,-0.319804494520,-0.151907134897
0.906250000,-0.375000000,-0.0515360072686,-0.0244796034526
0.921875000,-0.375000000,,
0.937500000,-0.375000000,,
0.953125000,-0.375000000,,
0.968750000,-0.375000000,,
0.984375000,-0.375000000,,
1.000000000,-0.375000000,,
-1.000000000,-0.359375000,,
-0.984375000,-0.359375000,,
-0.968750000,-0.359375000,,
-0.953125000,-0.359375000,,
-0.937500000,-0.359375000,,
-0.921875000,-0.359375000,,
-0.906250000,-0.359375000,-0.0947630308275,-0.0450124396431
-0.890625000,-0.359375000,-0.362492732280,-0.172184047833
-0.875000000,-0.359375000,-0.598382985593,-0.284231918157
-0.859375000,-0.359375000,-0.803933942046,-0.381868622472
-0.843750000,-0.359375000,-0.980782794363,-0.465871827322
-0.828125000,-0.359375000,-1.13065566250,-0.537061439686
-0.812500000,-0.359375000,-1.25532845766,-0.596281017388
-0.796875000,-0.359375000,-1.35659522893,-0.644382733744
-0.781250000,-0.359375000,-1.43624274813,-0.682215305363
-0.765625000,-0.359375000,-1.49603029651,-0.710614390842
-0.750000000,-0.359375000,-1.53767378373,-0.730395047272
-0.734375000,-0.359375000,-1.56283347607,-0.742345901131
-0.718750000,-0.359375000,-1.57310472496,-0.747224744354
-0.703125000,-0.359375000,-1.57001118638,-0.745755313531
-0.687500000,-0.359375000,-1.55500010343,-0.738625049128
-0.671875000,-0.359375000,-1.52943929297,-0.726483664160
-0.656250000,-0.359375000,-1.49461553364,-0.709942378480
-0.640625000,-0.359375000,-1.45173410216,-0.689573698528
-0.625000000,-0.359375000,-1.40191924307,-0.665911640460
-0.609375000,-0.359375000,-1.34621539329,-0.639452311811
-0.593750000,-0.359375000,-1.28558900965,-0.610654779584
-0.578125000,-0.359375000,-1.22093087319,-0.579942164764
-0.562500000,-0.359375000,-1.15305876256,-0.547702912214
-0.546875000,-0.359375000,-1.08272040774,-0.514292193675
-0.531250000,-0.359375000,-1.01059664979,-0.480033408652
-0.515625000,-0.359375000,-0.937304742633,-0.445219752751
-0.500000000,-0.359375000,-0.863401745848,-0.410115829278
-0.484375000,-0.359375000,-0.789387963940,-0.374959282871
-0.468750000,-0.359375000,-0.715710398117,-0.339962439105
-0.453125000,-0.359375000,-0.642766178479,-0.305313934778
-0.437500000,-0.359375000,-0.570905954142,-0.271180328217
-0.421875000,-0.359375000,-0.500437220514,-0.237707679744
-0.406250000,-0.359375000,-0.431627568161,-0.205023094876
-0.390625000,-0.359375000,-0.364707840808,-0.173236224384
-0.375000000,-0.359375000,-0.299875191136,-0.142440715789
-0.359375000,-0.359375000,-0.237296027942,-0.112715613272
-0.343750000,-0.359375000,-0.177108847995,-0.0841267027975
-0.328125000,-0.359375000,-0.119426948273,-0.0567278004295
-0.312500000,-0.359375000,-0.0643410157032,-0.0305619824590
-0.296875000,-0.359375000,-0.0119215927060,-0.00566275653535
-0.281250000,-0.359375000,0.0377785835462,0.0179448271845
-0.265625000,-0.359375000,0.0847223670145,0.0402431243319
-0.250000000,-0.359375000,0.128886114620,0.0612209044445
-0.234375000,-0.359375000,0.170257723429,0.0808724186288
-0.218750000,-0.359375000,0.208834791344,0.0991965258883
-0.203125000,-0.359375000,0.244622900320,0.116195877652
-0.187500000,-0.359375000,0.277634021266,0.131876160101
-0.171875000,-0.359375000,0.307885038161,0.146245393126
-0.156250000,-0.359375000,0.335396389777,0.159313285144
-0.140625000,-0.359375000,0.360190828194,0.171090643392
-0.125000000,-0.359375000,0.382394650912,0.181637459183
-0.109375000,-0.359375000,0.401785432779,0.190848080570
-0.093750000,-0.359375000,0.418545209684,0.198808974600
-0.078125000,-0.359375000,0.432691954644,0.205528678456
-0.062500000,-0.359375000,0.444242073567,0.211014984944
-0.046875000,-0.359375000,0.453209805237,0.215274657488
-0.031250000,-0.359375000,0.459606730546,0.218313197009
-0.015625000,-0.359375000,0.463315036076,0.220074642136
0.000000000,-0.359375000,0.464606295146,0.220687990195
0.015625000,-0.359375000,0.463315036076,0.220074642136
0.031250000,-0.359375000,0.459606730546,0.218313197009
0.046875000,-0.359375000,0.453209805237,0.215274657488
0.062500000,-0.359375000,0.444242073567,0.211014984944
0.078125000,-0.359375000,0.432691954644,0.205528678456
0.093750000,-0.359375000,0.418545209684,0.198808974600
0.109375000,-0.359375000,0.401785432779,0.190848080570
0.125000000,-0.359375000,0.382394650912,0.181637459183
0.140625000,-0.359375000,0.360190828194,0.171090643392
0.156250000,-0.359375000,0.335396389777,0.159313285144
0.171875000,-0.359375000,0.307885038161,0.146245393126
0.187500000,-0.359375000,0.277634021266,0.131876160101
0.203125000,-0.359375000,0.244622900320,0.116195877652
0.218750000,-0.359375000,0.208834791344,0.0991965258883
0.234375000,-0.359375000,0.170257723429,0.0808724186288
0.250000000,-0.359375000,0.128886114620,0.0612209044445
0.265625000,-0.359375000,0.0847223670145,0.0402431243319
0.281250000,-0.359375000,0.0377785835462,0.0179448271845
0.296875000,-0.359375000,-0.0119215927060,-0.00566275653535
0.312500000,-0.359375000,-0.0643410157032,-0.0305619824590
0.328125000,-0.359375000,-0.119426948273,-0.0567278004295
0.343750000,-0.359375000,-0.177108847995,-0.0841267027975
0.359375000,-0.359375000,-0.237296027942,-0.112715613272
0.375000000,-0.359375000,-0.299875191136,-0.142440715789
0.390625000,-0.359375000,-0.364707840808,-0.173236224384
0.406250000,-0.359375000,-0.431627568161,-0.205023094876
0.421875000,-0.359375000,-0.500437220514,-0.237707679744
0.437500000,-0.359375000,-0.570905954142,-0.271180328217
0.453125000,-0.359375000,-0.642766178479,-0.305313934778
0.468750000,-0.359375000,-0.715710398117,-0.339962439105
0.484375000,-0.359375000,-0.789387963940,-0.374959282871
0.500000000,-0.359375000,-0.863401745848,-0.410115829278
0.515625000,-0.359375000,-0.937304742633,-0.445219752751
0.531250000,-0.359375000,-1.01059664979,-0.480033408652
0.546875000,-0.359375000,-1.08272040774,-0.514292193675
0.562500000,-0.359375000,-1.15305876256,-0.547702912214
0.578125000,-0.359375000,-1.22093087319,-0.579942164764
0.593750000,-0.359375000,-1.28558900965,-0.610654779584
0.609375000,-0.359375000,-1.34621539329,-0.639452311811
0.625000000,-0.359375000,-1.40191924307,-0.665911640460
0.640625000,-0.359375000,-1.45173410216,-0.689573698528
0.656250000,-0.359375000,-1.49461553364,-0.709942378480
0.671875000,-0.359375000,-1.52943929297,-0.726483664160
0.687500000,-0.359375000,-1.55500010343,-0.738625049128
0.703125000,-0.359375000,-1.57001118638,-0.745755313531
0.718750000,-0.359375000,-1.57310472496,-0.747224744354
0.734375000,-0.359375000,-1.56283347607,-0.742345901131
0.750000000,-0.359375000,-1.53767378373,-0.730395047272
0.765625000,-0.359375000,-1.49603029651,-0.710614390842
0.781250000,-0.359375000,-1.43624274813,-0.682215305363
0.796875000,-0.359375000,-1.35659522893,-0.644382733744
0.812500000,-0.359375000,-1.25532845766,-0.596281017388
0.828125000,-0.359375000,-1.13065566250,-0.537061439686
0.843750000,-0.359375000,-0.980782794363,-0.465871827322
0.859375000,-0.359375000,-0.803933942046,-0.381868622472
0.875000000,-0.359375000,-0.598382985593,-0.284231918157
0.890625000,-0.359375000,-0.362492732280,-0.172184047833
0.906250000,-0.359375000,-0.0947630308275,-0.0450124396431
0.921875000,-0.359375000,,
0.937500000,-0.359375000,,
0.953125000,-0.359375000,,
0.968750000,-0.359375000,,
0.984375000,-0.359375000,,
1.000000000,-0.359375000,,
-1.000000000,-0.343750000,,
-0.984375000,-0.343750000,,
-0.968750000,-0.343750000,,
-0.953125000,-0.343750000,,
-0.937500000,-0.343750000,,
-0.921875000,-0.343750000,0.165910350832,0.0788074166450
-0.906250000,-0.343750000,-0.134967933899,-0.0641097686022
-0.890625000,-0.343750000,-0.402029769566,-0.190964140544
-0.875000000,-0.343750000,-0.636726887432,-0.302445271530
-0.859375000,-0.343750000,-0.840684308760,-0.399325046661
-0.843750000,-0.343750000,-1.01564468273,-0.482431224298
-0.828125000,-0.343750000,-1.16342291977,-0.552625886892
-0.812500000,-0.343750000,-1.28586940023,-0.610787965107
-0.796875000,-0.343750000,-1.38484032618,-0.657799154936
-0.781250000,-0.343750000,-1.46217402498,-0.694532661865
-0.765625000,-0.343750000,-1.51967221078,-0.721844300120
-0.750000000,-0.343750000,-1.55908537376,-0.740565552538
-0.734375000,-0.343750000,-1.58210160211,-0.751498261003
-0.718750000,-0.343750000,-1.59033825497,-0.755410671111
-0.703125000,-0.343750000,-1.58533599909,-0.753034599568
-0.687500000,-0.343750000,-1.56855479844,-0.745063529259
-0.671875000,-0.343750000,-1.54137151404,-0.732151469171
-0.656250000,-0.343750000,-1.50507882505,-0.714912441898
-0.640625000,-0.343750000,-1.46088522692,-0.693920482788
-0.625000000,-0.343750000,-1.40991590455,-0.669710054661
-0.609375000,-0.343750000,-1.35321430687,-0.642776795765
-0.593750000,-0.343750000,-1.29174428021,-0.613578533101
-0.578125000,-0.343750000,-1.22639263823,-0.582536503159
-0.562500000,-0.343750000,-1.15797206782,-0.550036732215
-0.546875000,-0.343750000,-1.08722428574,-0.516431535725
-0.531250000,-0.343750000,-1.01482337427,-0.482041102776
-0.515625000,-0.343750000,-0.941379237430,-0.447155137779
-0.500000000,-0.343750000,-0.867441127985,-0.412034535793
-0.484375000,-0.343750000,-0.793501204163,-0.376913071978
-0.468750000,-0.343750000,-0.719998082626,-0.341999089247
-0.453125000,-0.343750000,-0.647320359726,-0.307477170870
-0.437500000,-0.343750000,-0.575810078497,-0.273509787286
-0.421875000,-0.343750000,-0.505766122788,-0.240238908325
-0.406250000,-0.343750000,-0.437447523783,-0.207787573797
-0.390625000,-0.343750000,-0.371076667711,-0.176261417163
-0.375000000,-0.343750000,-0.306842394963,-0.145750137607
-0.359375000,-0.343750000,-0.244902983968,-0.116328917385
-0.343750000,-0.343750000,-0.185389014460,-0.0880597818685
-0.328125000,-0.343750000,-0.128406106673,-0.0609929006695
-0.312500000,-0.343750000,-0.0740375340739,-0.0351678286851
-0.296875000,-0.343750000,-0.0223467076130,-0.0106146861162
-0.281250000,-0.343750000,0.0266204684288,0.0126447225037
-0.265625000,-0.343750000,0.0728333692813,0.0345958504086
-0.250000000,-0.343750000,0.116274550585,0.0552304115278
-0.234375000,-0.343750000,0.156937776209,0.0745454436991
-0.218750000,-0.343750000,0.194826171957,0.0925424316796
-0.203125000,-0.343750000,0.229950503231,0.109226489035
-0.187500000,-0.343750000,0.262327575032,0.124605598140
-0.171875000,-0.343750000,0.291978752959,0.138689907656
-0.156250000,-0.343750000,0.318928602390,0.151491086135
-0.140625000,-0.343750000,0.343203644959,0.163021731355
-0.125000000,-0.343750000,0.364932390797,0.173342885629
-0.109375000,-0.343750000,0.383897614604,0.182351366937
-0.093750000,-0.343750000,0.400283388820,0.190134609689
-0.078125000,-0.343750000,0.414109909201,0.196702206871
-0.062500000,-0.343750000,0.425395462637,0.202062844753
-0.046875000,-0.343750000,0.434155826235,0.206224017462
-0.031250000,-0.343750000,0.440403777185,0.209191794163
-0.015625000,-0.343750000,0.444148712955,0.210970638653
0.000000000,-0.343750000,0.445396380387,0.211563280684
0.015625000,-0.343750000,0.444148712955,0.210970638653
0.031250000,-0.343750000,0.440403777185,0.209191794163
0.046875000,-0.343750000,0.434155826235,0.206224017462
0.062500000,-0.343750000,0.425395462637,0.202062844753
0.078125000,-0.343750000,0.414109909201,0.196702206871
0.093750000,-0.343750000,0.400283388820,0.190134609689
0.109375000,-0.343750000,0.383897614604,0.182351366937
0.125000000,-0.343750000,0.364932390797,0.173342885629
0.140625000,-0.343750000,0.343203644959,0.163021731355
0.156250000,-0.343750000,0.318928602390,0.151491086135
0.171875000,-0.343750000,0.291978752959,0.138689907656
0.187500000,-0.343750000,0.262327575032,0.124605598140
0.203125000,-0.343750000,0.229950503231,0.109226489035
0.218750000,-0.343750000,0.194826171957,0.0925424316796
0.234375000,-0.343750000,0.156937776209,0.0745454436991
0.250000000,-0.343750000,0.116274550585,0.0552304115278
0.265625000,-0.343750000,0.0728333692813,0.0345958504086
0.281250000,-0.343750000,0.0266204684288,0.0126447225037
0.296875000,-0.343750000,-0.0223467076130,-0.0106146861162
0.312500000,-0.343750000,-0.0740375340739,-0.0351678286851
0.328125000,-0.343750000,-0.128406106673,-0.0609929006695
0.343750000,-0.343750000,-0.185389014460,-0.0880597818685
0.359375000,-0.343750000,-0.244902983968,-0.116328917385
0.375000000,-0.343750000,-0.306842394963,-0.145750137607
0.390625000,-0.343750000,-0.371076667711,-0.176261417163
0.406250000,-0.343750000,-0.437447523783,-0.207787573797
0.421875000,-0.343750000,-0.505766122788,-0.240238908325
0.437500000,-0.343750000,-0.575810078497,-0.273509787286
0.453125000,-0.343750000,-0.647320359726,-0.307477170870
0.468750000,-0.343750000,-0.719998082626,-0.341999089247
0.484375000,-0.343750000,-0.793501204163,-0.376913071978
0.500000000,-0.343750000,-0.867441127985,-0.412034535793
0.515625000,-0.343750000,-0.941379237430,-0.447155137779
0.531250000,-0.343750000,-1.01482337427,-0.482041102776
0.546875000,-0.343750000,-1.08722428574,-0.516431535725
0.562500000,-0.343750000,-1.15797206782,-0.550036732215
0.578125000,-0.343750000,-1.22639263823,-0.582536503159
0.593750000,-0.343750000,-1.29174428021,-0.613578533101
0.609375000,-0.343750000,-1.35321430687,-0.642776795765
0.625000000,-0.343750000,-1.40991590455,-0.669710054661
0.640625000,-0.343750000,-1.46088522692,-0.693920482788
0.656250000,-0.343750000,-1.50507882505,-0.714912441898
0.671875000,-0.343750000,-1.54137151404,-0.732151469171
0.687500000,-0.343750000,-1.56855479844,-0.745063529259
0.703125000,-0.343750000,-1.58533599909,-0.753034599568
0.718750000,-0.343750000,-1.59033825497,-0.755410671111
0.734375000,-0.343750000,-1.58210160211,-0.751498261003
0.750000000,-0.343750000,-1.55908537376,-0.740565552538
0.765625000,-0.343750000,-1.51967221078,-0.721844300120
0.781250000,-0.343750000,-1.46217402498,-0.694532661865
0.796875000,-0.343750000,-1.38484032618,-0.657799154936
0.812500000,-0.343750000,-1.28586940023,-0.610787965107
0.828125000,-0.343750000,-1.16342291977,-0.552625886892
0.843750000,-0.343750000,-1.01564468273,-0.482431224298
0.859375000,-0.343750000,-0.840684308760,-0.399325046661
0.875000000,-0.343750000,-0.636726887432,-0.302445271530
0.890625000,-0.343750000,-0.402029769566,-0.190964140544
0.906250000,-0.343750000,-0.134967933899,-0.0641097686022
0.921875000,-0.343750000,0.165910350832,0.0788074166450
0.937500000,-0.343750000,,
0.953125000,-0.343750000,,
0.968750000,-0.343750000,,
0.984375000,-0.343750000,,
1.000000000,-0.343750000,,
-1.000000000,-0.328125000,,
-0.984375000,-0.328125000,,
-0.968750000,-0.328125000,,
-0.953125000,-0.328125000,,
-0.937500000,-0.328125000,,
-0.921875000,-0.328125000,0.129141073115,0.0613420097296
-0.906250000,-0.328125000,-0.171611372686,-0.0815154020256
-0.890625000,-0.328125000,-0.437937545062,-0.208020333905
-0.875000000,-0.328125000,-0.671425477062,-0.318927101604
-0.859375000,-0.328125000,-0.873815541339,-0.415062382136
-0.843750000,-0.328125000,-1.04694776032,-0.497300186151
-0.828125000,-0.328125000,-1.19271897377,-0.566541512540
-0.812500000,-0.328125000,-1.31304821085,-0.623697900155
-0.796875000,-0.328125000,-1.40984889402,-0.669678224658
-0.781250000,-0.328125000,-1.48500673169,-0.705378197551
-0.765625000,-0.328125000,-1.54036234551,-0.731672114115
-0.750000000,-0.328125000,-1.57769783588,-0.749406472043
-0.734375000,-0.328125000,-1.59872661852,-0.759395143796
-0.718750000,-0.328125000,-1.60508597475,-0.762415838007
-0.703125000,-0.328125000,-1.59833184679,-0.759207627226
-0.687500000,-0.328125000,-1.57993548528,-0.750469355509
-0.671875000,-0.328125000,-1.55128162042,-0.736858769700
-0.656250000,-0.328125000,-1.51366787890,-0.718992242478
-0.640625000,-0.328125000,-1.46830521388,-0.697444976592
-0.625000000,-0.328125000,-1.41631915361,-0.672751597963
-0.609375000,-0.328125000,-1.35875170385,-0.645407059330
-0.593750000,-0.328125000,-1.29656376615,-0.615867788923
-0.578125000,-0.328125000,-1.23063795719,-0.584553029665
-0.562500000,-0.328125000,-1.16178173178,-0.551846322595
-0.546875000,-0.328125000,-1.09073072919,-0.518097096365
-0.531250000,-0.328125000,-1.01815227385,-0.483622330077
-0.515625000,-0.328125000,-0.944648976227,-0.448708263708
-0.500000000,-0.328125000,-0.870762385483,-0.413612133104
-0.484375000,-0.328125000,-0.796976655845,-0.378563911527
-0.468750000,-0.328125000,-0.723722194763,-0.343768042512
-0.453125000,-0.328125000,-0.651379267380,-0.309405152005
-0.437500000,-0.328125000,-0.580281535196,-0.275633729218
-0.421875000,-0.328125000,-0.510719512648,-0.242591768508
-0.406250000,-0.328125000,-0.442943927619,-0.210398365619
-0.390625000,-0.328125000,-0.377168975466,-0.179155263346
-0.375000000,-0.328125000,-0.313575457729,-0.148948342421
-0.359375000,-0.328125000,-0.252313800757,-0.119849055360
-0.343750000,-0.328125000,-0.193506947544,-0.0919158000835
-0.328125000,-0.328125000,-0.137253122036,-0.0651952329672
-0.312500000,-0.328125000,-0.0836284624202,-0.0397235196496
-0.296875000,-0.328125000,-0.0326895227301,-0.0155275232968
-0.281250000,-0.328125000,0.0155243564603,0.00737406931863
-0.265625000,-0.328125000,0.0609888091860,0.0289696843633
-0.250000000,-0.328125000,0.103692335201,0.0492538592203
-0.234375000,-0.328125000,0.143634320149,0.0682263020708
-0.218750000,-0.328125000,0.180823182790,0.0858910118254
-0.203125000,-0.328125000,0.215274647924,0.102255457764
-0.187500000,-0.328125000,0.247010143113,0.117329817979
-0.171875000,-0.328125000,0.276055316504,0.131126275340
-0.156250000,-0.328125000,0.302438674560,0.143658370416
-0.140625000,-0.328125000,0.326190337283,0.154940410209
-0.125000000,-0.328125000,0.347447770215,0.165037690852
-0.109375000,-0.328125000,0.365983379151,0.173842105097
-0.093750000,-0.328125000,0.381991905257,0.181446154997
-0.078125000,-0.328125000,0.395495652093,0.187860434744
-0.062500000,-0.328125000,0.406514689160,0.193094477351
-0.046875000,-0.328125000,0.415066251216,0.197156469327
-0.031250000,-0.328125000,0.421164248859,0.200053018208
-0.015625000,-0.328125000,0.424818889122,0.201788972333
0.000000000,-0.328125000,0.426036404033,0.202367291916
0.015625000,-0.328125000,0.424818889122,0.201788972333
0.031250000,-0.328125000,0.421164248859,0.200053018208
0.046875000,-0.328125000,0.415066251216,0.197156469327
0.062500000,-0.328125000,0.406514689160,0.193094477351
0.078125000,-0.328125000,0.395495652093,0.187860434744
0.093750000,-0.328125000,0.381991905257,0.181446154997
0.109375000,-0.328125000,0.365983379151,0.173842105097
0.125000000,-0.328125000,0.347447770215,0.165037690852
0.140625000,-0.328125000,0.326190337283,0.154940410209
0.156250000,-0.328125000,0.302438674560,0.143658370416
0.171875000,-0.328125000,0.276055316504,0.131126275340
0.187500000,-0.328125000,0.247010143113,0.117329817979
0.203125000,-0.328125000,0.215274647924,0.102255457764
0.218750000,-0.328125000,0.180823182790,0.0858910118254
0.234375000,-0.328125000,0.143634320149,0.0682263020708
0.250000000,-0.328125000,0.103692335201,0.0492538592203
0.265625000,-0.328125000,0.0609888091860,0.0289696843633
0.281250000,-0.328125000,0.0155243564603,0.00737406931863
0.296875000,-0.328125000,-0.0326895227301,-0.0155275232968
0.312500000,-0.328125000,-0.0836284624202,-0.0397235196496
0.328125000,-0.328125000,-0.137253122036,-0.0651952329672
0.343750000,-0.328125000,-0.193506947544,-0.0919158000835
0.359375000,-0.328125000,-0.252313800757,-0.119849055360
0.375000000,-0.328125000,-0.313575457729,-0.148948342421
0.390625000,-0.328125000,-0.377168975466,-0.179155263346
0.406250000,-0.328125000,-0.442943927619,-0.210398365619
0.421875000,-0.328125000,-0.510719512648,-0.242591768508
0.437500000,-0.328125000,-0.580281535196,-0.275633729218
0.453125000,-0.328125000,-0.651379267380,-0.309405152005
0.468750000,-0.328125000,-0.723722194763,-0.343768042512
0.484375000,-0.328125000,-0.796976655845,-0.378563911527
0.500000000,-0.328125000,-0.870762385483,-0.413612133104
0.515625000,-0.328125000,-0.944648976227,-0.448708263708
0.531250000,-0.328125000,-1.01815227385,-0.483622330077
0.546875000,-0.328125000,-1.09073072919,-0.518097096365
0.562500000,-0.328125000,-1.16178173178,-0.551846322595
0.578125000,-0.328125000,-1.23063795719,-0.584553029665
0.593750000,-0.328125000,-1.29656376615,-0.615867788923
0.609375000,-0.328125000,-1.35875170385,-0.645407059330
0.625000000,-0.328125000,-1.41631915361,-0.672751597963
0.640625000,-0.328125000,-1.46830521388,-0.697444976592
0.656250000,-0.328125000,-1.51366787890,-0.718992242478
0.671875000,-0.328125000,-1.55128162042,-0.736858769700
0.687500000,-0.328125000,-1.57993548528,-0.750469355509
0.703125000,-0.328125000,-1.59833184679,-0.759207627226
0.718750000,-0.328125000,-1.60508597475,-0.762415838007
0.734375000,-0.328125000,-1.59872661852,-0.759395143796
0.750000000,-0.328125000,-1.57769783588,-0.749406472043
0.765625000,-0.328125000,-1.54036234551,-0.731672114115
0.781250000,-0.328125000,-1.48500673169,-0.705378197551
0.796875000,-0.328125000,-1.40984889402,-0.669678224658
0.812500000,-0.328125000,-1.31304821085,-0.623697900155
0.828125000,-0.328125000,-1.19271897377,-0.566541512540
0.843750000,-0.328125000,-1.04694776032,-0.497300186151
0.859375000,-0.328125000,-0.873815541339,-0.415062382136
0.875000000,-0.328125000,-0.671425477062,-0.318927101604
0.890625000,-0.328125000,-0.437937545062,-0.208020333905
0.906250000,-0.328125000,-0.171611372686,-0.0815154020256
0.921875000,-0.328125000,0.129141073115,0.0613420097296
0.937500000,-0.328125000,,
0.953125000,-0.328125000,,
0.968750000,-0.328125000,,
0.984375000,-0.328125000,,
1.000000000,-0.328125000,,
-1.000000000,-0.312500000,,
-0.984375000,-0.312500000,,
-0.968750000,-0.312500000,,
-0.953125000,-0.312500000,,
-0.937500000,-0.312500000,,
-0.921875000,-0.312500000,0.0963559564684,0.0457690793225
-0.906250000,-0.312500000,-0.204204376561,-0.0969970788666
-0.890625000,-0.312500000,-0.469783551690,-0.223147187053
-0.875000000,-0.312500000,-0.702095718175,-0.333495466133
-0.859375000,-0.312500000,-0.902987961649,-0.428919281783
-0.843750000,-0.312500000,-1.07439035375,-0.510335418030
-0.828125000,-0.312500000,-1.21827545698,-0.578680842065
-0.812500000,-0.312500000,-1.33662569453,-0.634897204899
-0.796875000,-0.312500000,-1.43140726699,-0.679918451819
-0.781250000,-0.312500000,-1.50454951541,-0.714661019820
-0.765625000,-0.312500000,-1.55792881381,-0.740016186558
-0.750000000,-0.312500000,-1.59335622539,-0.756844207059
-0.734375000,-0.312500000,-1.61256828168,-0.765969933799
-0.718750000,-0.312500000,-1.61722034732,-0.768179664977
-0.703125000,-0.312500000,-1.60888212165,-0.764219007785
-0.687500000,-0.312500000,-1.58903489898,-0.754791577016
-0.671875000,-0.312500000,-1.55907027200,-0.740558379198
-0.656250000,-0.312500000,-1.52029001117,-0.722137755305
-0.640625000,-0.312500000,-1.47390689838,-0.700105776732
-0.625000000,-0.312500000,-1.42104632640,-0.674997005039
-0.609375000,-0.312500000,-1.36274850705,-0.647305540849
-0.593750000,-0.312500000,-1.29997115768,-0.617486299896
-0.578125000,-0.312500000,-1.23359255277,-0.585956462567
-0.562500000,-0.312500000,-1.16441485105,-0.553097054251
-0.546875000,-0.312500000,-1.09316761883,-0.519254618942
-0.531250000,-0.312500000,-1.02051148682,-0.484742956237
-0.515625000,-0.312500000,-0.947041885399,-0.449844895564
-0.500000000,-0.312500000,-0.873292815492,-0.414814087359
-0.484375000,-0.312500000,-0.799740617821,-0.379876793465
-0.468750000,-0.312500000,-0.726807710462,-0.345233662470
-0.453125000,-0.312500000,-0.654866270579,-0.311061478525
-0.437500000,-0.312500000,-0.584241840894,-0.277514874424
-0.421875000,-0.312500000,-0.515216843997,-0.244728000899
-0.406250000,-0.312500000,-0.448033993480,-0.212816146903
-0.390625000,-0.312500000,-0.382899590891,-0.181877305673
-0.375000000,-0.312500000,-0.319986701842,-0.151993683375
-0.359375000,-0.312500000,-0.259438205688,-0.123233147702
-0.343750000,-0.312500000,-0.201369714801,-0.0956506145306
-0.328125000,-0.312500000,-0.145872360843,-0.0692893714006
-0.312500000,-0.312500000,-0.0930154475220,-0.0441823375730
-0.296875000,-0.312500000,-0.0428489679153,-0.0203532597598
-0.281250000,-0.312500000,0.00459401208310,0.00218215573947
-0.265625000,-0.312500000,0.0492951040381,0.0234151744181
-0.250000000,-0.312500000,0.0912484799076,0.0433430279561
-0.234375000,-0.312500000,0.130458885177,0.0619679704591
-0.218750000,-0.312500000,0.166939781003,0.0792963959764
-0.203125000,-0.312500000,0.200711613620,0.0953380164695
-0.187500000,-0.312500000,0.231800207995,0.110105098797
-0.171875000,-0.312500000,0.260235283450,0.123611759639
-0.156250000,-0.312500000,0.286049090868,0.135873318162
-0.140625000,-0.312500000,0.309275166988,0.146905704319
-0.125000000,-0.312500000,0.330067565555,0.156782093639
-0.109375000,-0.312500000,0.348170802509,0.165381131192
-0.093750000,-0.312500000,0.363799976695,0.172804988930
-0.078125000,-0.312500000,0.376979377560,0.179065204341
-0.062500000,-0.312500000,0.387730753683,0.184172107999
-0.046875000,-0.312500000,0.396072712571,0.188134538471
-0.031250000,-0.312500000,0.402020232113,0.190959610254
-0.015625000,-0.312500000,0.405584280830,0.192652533394
0.000000000,-0.312500000,0.406771547866,0.193216485236
0.015625000,-0.312500000,0.405584280830,0.192652533394
0.031250000,-0.312500000,0.402020232113,0.190959610254
0.046875000,-0.312500000,0.396072712571,0.188134538471
0.062500000,-0.312500000,0.387730753683,0.184172107999
0.078125000,-0.312500000,0.376979377560,0.179065204341
0.093750000,-0.312500000,0.363799976695,0.172804988930
0.109375000,-0.312500000,0.348170802509,0.165381131192
0.125000000,-0.312500000,0.330067565555,0.156782093639
0.140625000,-0.312500000,0.309275166988,0.146905704319
0.156250000,-0.312500000,0.286049090868,0.135873318162
0.171875000,-0.312500000,0.260235283450,0.123611759639
0.187500000,-0.312500000,0.231800207995,0.110105098797
0.203125000,-0.312500000,0.200711613620,0.0953380164695
0.218750000,-0.312500000,0.166939781003,0.0792963959764
0.234375000,-0.312500000,0.130458885177,0.0619679704591
0.250000000,-0.312500000,0.0912484799076,0.0433430279561
0.265625000,-0.312500000,0.0492951040381,0.0234151744181
0.281250000,-0.312500000,0.00459401208310,0.00218215573947
0.296875000,-0.312500000,-0.0428489679153,-0.0203532597598
0.312500000,-0.312500000,-0.0930154475220,-0.0441823375730
0.328125000,-0.312500000,-0.145872360843,-0.0692893714006
0.343750000,-0.312500000,-0.201369714801,-0.0956506145306
0.359375000,-0.312500000,-0.259438205688,-0.123233147702
0.375000000,-0.312500000,-0.319986701842,-0.151993683375
0.390625000,-0.312500000,-0.382899590891,-0.181877305673
0.406250000,-0.312500000,-0.448033993480,-0.212816146903
0.421875000,-0.312500000,-0.515216843997,-0.244728000899
0.437500000,-0.312500000,-0.584241840894,-0.277514874424
0.453125000,-0.312500000,-0.654866270579,-0.311061478525
0.468750000,-0.312500000,-0.726807710462,-0.345233662470
0.484375000,-0.312500000,-0.799740617821,-0.379876793465
0.500000000,-0.312500000,-0.873292815492,-0.414814087359
0.515625000,-0.312500000,-0.947041885399,-0.449844895564
0.531250000,-0.312500000,-1.02051148682,-0.484742956237
0.546875000,-0.312500000,-1.09316761883,-0.519254618942
0.562500000,-0.312500000,-1.16441485105,-0.553097054251
0.578125000,-0.312500000,-1.23359255277,-0.585956462567
0.593750000,-0.312500000,-1.29997115768,-0.617486299896
0.609375000,-0.312500000,-1.36274850705,-0.647305540849
0.625000000,-0.312500000,-1.42104632640,-0.674997005039
0.640625000,-0.312500000,-1.47390689838,-0.700105776732
0.656250000,-0.312500000,-1.52029001117,-0.722137755305
0.671875000,-0.312500000,-1.55907027200,-0.740558379198
0.687500000,-0.312500000,-1.58903489898,-0.754791577016
0.703125000,-0.312500000,-1.60888212165,-0.764219007785
0.718750000,-0.312500000,-1.61722034732,-0.768179664977
0.734375000,-0.312500000,-1.61256828168,-0.765969933799
0.750000000,-0.312500000,-1.59335622539,-0.756844207059
0.765625000,-0.312500000,-1.55792881381,-0.740016186558
0.781250000,-0.312500000,-1.50454951541,-0.714661019820
0.796875000,-0.312500000,-1.43140726699,-0.679918451819
0.812500000,-0.312500000,-1.33662569453,-0.634897204899
0.828125000,-0.312500000,-1.21827545698,-0.578680842065
0.843750000,-0.312500000,-1.07439035375,-0.510335418030
0.859375000,-0.312500000,-0.902987961649,-0.428919281783
0.875000000,-0.312500000,-0.702095718175,-0.333495466133
0.890625000,-0.312500000,-0.469783551690,-0.223147187053
0.906250000,-0.312500000,-0.204204376561,-0.0969970788666
0.921875000,-0.312500000,0.0963559564684,0.0457690793225
0.937500000,-0.312500000,,
0.953125000,-0.312500000,,
0.968750000,-0.312500000,,
0.984375000,-0.312500000,,
1.000000000,-0.312500000,,
-1.000000000,-0.296875000,,
-0.984375000,-0.296875000,,
-0.968750000,-0.296875000,,
-0.953125000,-0.296875000,,
-0.937500000,-0.296875000,0.405565661724,0.192643689319
-0.921875000,-0.296875000,0.0680580603893,0.0323275786849
-0.906250000,-0.296875000,-0.232303445880,-0.110344136793
-0.890625000,-0.296875000,-0.497176553510,-0.236158862917
-0.875000000,-0.296875000,-0.728392262048,-0.345986324473
-0.859375000,-0.296875000,-0.927896522311,-0.440750848098
-0.843750000,-0.296875000,-1.09770281256,-0.521408835967
-0.828125000,-0.296875000,-1.23985379980,-0.588930554906
-0.812500000,-0.296875000,-1.35639055653,-0.644285514353
-0.796875000,-0.296875000,-1.44932806145,-0.688430829191
-0.781250000,-0.296875000,-1.52063592386,-0.722302063834
-0.765625000,-0.296875000,-1.57222344978,-0.746806138644
-0.750000000,-0.296875000,-1.60592831062,-0.762815947543
-0.734375000,-0.296875000,-1.62350819756,-0.771166393843
-0.718750000,-0.296875000,-1.62663494465,-0.772651598709
-0.703125000,-0.296875000,-1.61689068777,-0.768023076692
-0.687500000,-0.296875000,-1.59576569635,-0.757988705765
-0.671875000,-0.296875000,-1.56465757301,-0.743212347181
-0.656250000,-0.296875000,-1.52487156556,-0.724313993641
-0.640625000,-0.296875000,-1.47762177740,-0.701870344265
-0.625000000,-0.296875000,-1.42403309552,-0.676415720373
-0.609375000,-0.296875000,-1.36514368563,-0.648443250673
-0.593750000,-0.296875000,-1.30190792851,-0.618406266044
-0.578125000,-0.296875000,-1.23519969090,-0.586719853178
-0.562500000,-0.296875000,-1.16581584289,-0.553762525373
-0.546875000,-0.296875000,-1.09447994865,-0.519877975607
-0.531250000,-0.296875000,-1.02184606802,-0.485376882311
-0.515625000,-0.296875000,-0.948502619989,-0.450538744495
-0.500000000,-0.296875000,-0.874976263018,-0.415613724933
-0.484375000,-0.296875000,-0.801735761471,-0.380824486699
-0.468750000,-0.296875000,-0.729195806438,-0.346368008058
-0.453125000,-0.296875000,-0.657720770889,-0.312417366172
-0.437500000,-0.296875000,-0.587628378512,-0.279123479793
-0.421875000,-0.296875000,-0.519193272709,-0.246616804537
-0.406250000,-0.296875000,-0.452650474504,-0.215008975390
-0.390625000,-0.296875000,-0.388198719695,-0.184394391855
-0.375000000,-0.296875000,-0.326003669454,-0.154851742991
-0.359375000,-0.296875000,-0.266200988694,-0.126445469629
-0.343750000,-0.296875000,-0.208899290634,-0.0992271630512
-0.328125000,-0.296875000,-0.154182943391,-0.0732368981105
-0.312500000,-0.296875000,-0.102114739853,-0.0485045014301
-0.296875000,-0.296875000,-0.0527384296134,-0.0250507540664
-0.281250000,-0.296875000,-0.00608111349775,-0.00288852891143
-0.265625000,-0.296875000,0.0378444972375,0.0179761361878
-0.250000000,-0.296875000,0.0790379563248,0.0375430292543
-0.234375000,-0.296875000,0.117509090461,0.0558168179689
-0.218750000,-0.296875000,0.153276137111,0.0728061651278
-0.203125000,-0.296875000,0.186364010689,0.0885229050773
-0.187500000,-0.296875000,0.216802694278,0.102981279782
-0.171875000,-0.296875000,0.244625754808,0.116197233534
-0.156250000,-0.296875000,0.269868978905,0.128187764980
-0.140625000,-0.296875000,0.292569127668,0.138970335642
-0.125000000,-0.296875000,0.312906172281,0.148630431834
-0.109375000,-0.296875000,0.330575645270,0.157023431503
-0.093750000,-0.296875000,0.345824562168,0.164266667030
-0.078125000,-0.296875000,0.358679070254,0.170372558370
-0.062500000,-0.296875000,0.369162487859,0.175352181733
-0.046875000,-0.296875000,0.377294705680,0.179214985198
-0.031250000,-0.296875000,0.383091698492,0.181968556784
-0.015625000,-0.296875000,0.386565146720,0.183618444692
0.000000000,-0.296875000,0.387722166145,0.184168028919
0.015625000,-0.296875000,0.386565146720,0.183618444692
0.031250000,-0.296875000,0.383091698492,0.181968556784
0.046875000,-0.296875000,0.377294705680,0.179214985198
0.062500000,-0.296875000,0.369162487859,0.175352181733
0.078125000,-0.296875000,0.358679070254,0.170372558370
0.093750000,-0.296875000,0.345824562168,0.164266667030
0.109375000,-0.296875000,0.330575645270,0.157023431503
0.125000000,-0.296875000,0.312906172281,0.148630431834
0.140625000,-0.296875000,0.292569127668,0.138970335642
0.156250000,-0.296875000,0.269868978905,0.128187764980
0.171875000,-0.296875000,0.244625754808,0.116197233534
0.187500000,-0.296875000,0.216802694278,0.102981279782
0.203125000,-0.296875000,0.186364010689,0.0885229050773
0.218750000,-0.296875000,0.153276137111,0.0728061651278
0.234375000,-0.296875000,0.117509090461,0.0558168179689
0.250000000,-0.296875000,0.0790379563248,0.0375430292543
0.265625000,-0.296875000,0.0378444972375,0.0179761361878
0.281250000,-0.296875000,-0.00608111349775,-0.00288852891143
0.296875000,-0.296875000,-0.0527384296134,-0.0250507540664
0.312500000,-0.296875000,-0.102114739853,-0.0485045014301
0.328125000,-0.296875000,-0.154182943391,-0.0732368981105
0.343750000,-0.296875000,-0.208899290634,-0.0992271630512
0.359375000,-0.296875000,-0.266200988694,-0.126445469629
0.375000000,-0.296875000,-0.326003669454,-0.154851742991
0.390625000,-0.296875000,-0.388198719695,-0.184394391855
0.406250000,-0.296875000,-0.452650474504,-0.215008975390
0.421875000,-0.296875000,-0.519193272709,-0.246616804537
0.437500000,-0.296875000,-0.587628378512,-0.279123479793
0.453125000,-0.296875000,-0.657720770889,-0.312417366172
0.468750000,-0.296875000,-0.729195806438,-0.346368008058
0.484375000,-0.296875000,-0.801735761471,-0.380824486699
0.500000000,-0.296875000,-0.874976263018,-0.415613724933
0.515625000,-0.296875000,-0.948502619989,-0.450538744495
0.531250000,-0.296875000,-1.02184606802,-0.485376882311
0.546875000,-0.296875000,-1.09447994865,-0.519877975607
0.562500000,-0.296875000,-1.16581584289,-0.553762525373
0.578125000,-0.296875000,-1.23519969090,-0.586719853178
0.593750000,-0.296875000,-1.30190792851,-0.618406266044
0.609375000,-0.296875000,-1.36514368563,-0.648443250673
0.625000000,-0.296875000,-1.42403309552,-0.676415720373
0.640625000,-0.296875000,-1.47762177740,-0.701870344265
0.656250000,-0.296875000,-1.52487156556,-0.724313993641
0.671875000,-0.296875000,-1.56465757301,-0.743212347181
0.687500000,-0.296875000,-1.59576569635,-0.757988705765
0.703125000,-0.296875000,-1.61689068777,-0.768023076692
0.718750000,-0.296875000,-1.62663494465,-0.772651598709
0.734375000,-0.296875000,-1.62350819756,-0.771166393843
0.750000000,-0.296875000,-1.60592831062,-0.762815947543
0.765625000,-0.296875000,-1.57222344978,-0.746806138644
0.781250000,-0.296875000,-1.52063592386,-0.722302063834
0.796875000,-0.296875000,-1.44932806145,-0.688430829191
0.812500000,-0.296875000,-1.35639055653,-0.644285514353
0.828125000,-0.296875000,-1.23985379980,-0.588930554906
0.843750000,-0.296875000,-1.09770281256,-0.521408835967
0.859375000,-0.296875000,-0.927896522311,-0.440750848098
0.875000000,-0.296875000,-0.728392262048,-0.345986324473
0.890625000,-0.296875000,-0.497176553510,-0.236158862917
0.906250000,-0.296875000,-0.232303445880,-0.110344136793
0.921875000,-0.296875000,0.0680580603893,0.0323275786849
0.937500000,-0.296875000,0.405565661724,0.192643689319
0.953125000,-0.296875000,,
0.968750000,-0.296875000,,
0.984375000,-0.296875000,,
1.000000000,-0.296875000,,
-1.000000000,-0.281250000,,
-0.984375000,-0.281250000,,
-0.968750000,-0.281250000,,
-0.953125000,-0.281250000,,
-0.937500000,-0.281250000,0.382656528293,0.181761850939
-0.921875000,-0.281250000,0.0447051257695,0.0212349347405
-0.906250000,-0.281250000,-0.255506102448,-0.121365398663
-0.890625000,-0.281250000,-0.519762674586,-0.246887270428
-0.875000000,-0.281250000,-0.750003999766,-0.356251899889
-0.859375000,-0.281250000,-0.948267757303,-0.450427184719
-0.843750000,-0.281250000,-1.11664480239,-0.530406281134
-0.828125000,-0.281250000,-1.25724281926,-0.597190339149
-0.812500000,-0.281250000,-1.37215724461,-0.651774691190
-0.796875000,-0.281250000,-1.46344823377,-0.695137911040
-0.781250000,-0.281250000,-1.53312264827,-0.728233257927
-0.765625000,-0.281250000,-1.58312020920,-0.751982099369
-0.750000000,-0.281250000,-1.61530310689,-0.767268975774
-0.734375000,-0.281250000,-1.63144846919,-0.774938022863
-0.718750000,-0.281250000,-1.63324319049,-0.775790515484
-0.703125000,-0.281250000,-1.62228070363,-0.770583334223
-0.687500000,-0.281250000,-1.60005934400,-0.760028188401
-0.671875000,-0.281250000,-1.56798201414,-0.744791456715
-0.656250000,-0.281250000,-1.52735689896,-0.725494527007
-0.640625000,-0.281250000,-1.47939902937,-0.702714538951
-0.625000000,-0.281250000,-1.42523251777,-0.676985445940
-0.609375000,-0.281250000,-1.36589332236,-0.648799328119
-0.593750000,-0.281250000,-1.30233241802,-0.618607898558
-0.578125000,-0.281250000,-1.23541927245,-0.586824154414
-0.562500000,-0.281250000,-1.16594554334,-0.553824133088
-0.546875000,-0.281250000,-1.09462892510,-0.519948739420
-0.531250000,-0.281250000,-1.02211708792,-0.485505616762
-0.515625000,-0.281250000,-0.948991659617,-0.450771038318
-0.500000000,-0.281250000,-0.875772211322,-0.415991800378
-0.484375000,-0.281250000,-0.802920212919,-0.381387101136
-0.468750000,-0.281250000,-0.730842934045,-0.347150393672
-0.453125000,-0.281250000,-0.659897265820,-0.313451201265
-0.437500000,-0.281250000,-0.590393449943,-0.280436888723
-0.421875000,-0.281250000,-0.522598697942,-0.248234381522
-0.406250000,-0.281250000,-0.456740692680,-0.216951829023
-0.390625000,-0.281250000,-0.393010963106,-0.186680207476
-0.375000000,-0.281250000,-0.331568126207,-0.157494859949
-0.359375000,-0.281250000,-0.272540993129,-0.129456971736
-0.343750000,-0.281250000,-0.216031535228,-0.102614979233
-0.328125000,-0.281250000,-0.162117710446,-0.0770059124617
-0.312500000,-0.281250000,-0.110856148091,-0.0526566703432
-0.296875000,-0.281250000,-0.0622846936202,-0.0295852294696
-0.281250000,-0.281250000,-0.0164248135162,-0.00780178642019
-0.265625000,-0.281250000,0.0267161378948,0.0126901655000
-0.250000000,-0.281250000,0.0671427874074,0.0318928240185
-0.234375000,-0.281250000,0.104869746520,0.0498131295972
-0.218750000,-0.281250000,0.139919746145,0.0664618794191
-0.203125000,-0.281250000,0.172321900379,0.0818529026800
-0.187500000,-0.281250000,0.202110097430,0.0960022962792
-0.171875000,-0.281250000,0.229321514108,0.108927719201
-0.156250000,-0.281250000,0.253995252362,0.120647744872
-0.140625000,-0.281250000,0.276171093874,0.131181269590
-0.125000000,-0.281250000,0.295888372655,0.140546977011
-0.109375000,-0.281250000,0.313302621587,0.148818745254
-0.093750000,-0.281250000,0.328171636503,0.155881527339
-0.078125000,-0.281250000,0.340701783244,0.161833347041
-0.062500000,-0.281250000,0.350917835151,0.166685971697
-0.046875000,-0.281250000,0.358840871334,0.170449413884
-0.031250000,-0.281250000,0.364487790032,0.173131700265
-0.015625000,-0.281250000,0.367870930291,0.174738691888
0.000000000,-0.281250000,0.368997803148,0.175273956495
0.015625000,-0.281250000,0.367870930291,0.174738691888
0.031250000,-0.281250000,0.364487790032,0.173131700265
0.046875000,-0.281250000,0.358840871334,0.170449413884
0.062500000,-0.281250000,0.350917835151,0.166685971697
0.078125000,-0.281250000,0.340701783244,0.161833347041
0.093750000,-0.281250000,0.328171636503,0.155881527339
0.109375000,-0.281250000,0.313302621587,0.148818745254
0.125000000,-0.281250000,0.295888372655,0.140546977011
0.140625000,-0.281250000,0.276171093874,0.131181269590
0.156250000,-0.281250000,0.253995252362,0.120647744872
0.171875000,-0.281250000,0.229321514108,0.108927719201
0.187500000,-0.281250000,0.202110097430,0.0960022962792
0.203125000,-0.281250000,0.172321900379,0.0818529026800
0.218750000,-0.281250000,0.139919746145,0.0664618794191
0.234375000,-0.281250000,0.104869746520,0.0498131295972
0.250000000,-0.281250000,0.0671427874074,0.0318928240185
0.265625000,-0.281250000,0.0267161378948,0.0126901655000
0.281250000,-0.281250000,-0.0164248135162,-0.00780178642019
0.296875000,-0.281250000,-0.0622846936202,-0.0295852294696
0.312500000,-0.281250000,-0.110856148091,-0.0526566703432
0.328125000,-0.281250000,-0.162117710446,-0.0770059124617
0.343750000,-0.281250000,-0.216031535228,-0.102614979233
0.359375000,-0.281250000,-0.272540993129,-0.129456971736
0.375000000,-0.281250000,-0.331568126207,-0.157494859949
0.390625000,-0.281250000,-0.393010963106,-0.186680207476
0.406250000,-0.281250000,-0.456740692680,-0.216951829023
0.421875000,-0.281250000,-0.522598697942,-0.248234381522
0.437500000,-0.281250000,-0.590393449943,-0.280436888723
0.453125000,-0.281250000,-0.659897265820,-0.313451201265
0.468750000,-0.281250000,-0.730842934045,-0.347150393672
0.484375000,-0.281250000,-0.802920212919,-0.381387101136
0.500000000,-0.281250000,-0.875772211322,-0.415991800378
0.515625000,-0.281250000,-0.948991659617,-0.450771038318
0.531250000,-0.281250000,-1.02211708792,-0.485505616762
0.546875000,-0.281250000,-1.09462892510,-0.519948739420
0.562500000,-0.281250000,-1.16594554334,-0.553824133088
0.578125000,-0.281250000,-1.23541927245,-0.586824154414
0.593750000,-0.281250000,-1.30233241802,-0.618607898558
0.609375000,-0.281250000,-1.36589332236,-0.648799328119
0.625000000,-0.281250000,-1.42523251777,-0.676985445940
0.640625000,-0.281250000,-1.47939902937,-0.702714538951
0.656250000,-0.281250000,-1.52735689896,-0.725494527007
0.671875000,-0.281250000,-1.56798201414,-0.744791456715
0.687500000,-0.281250000,-1.60005934400,-0.760028188401
0.703125000,-0.281250000,-1.62228070363,-0.770583334223
0.718750000,-0.281250000,-1.63324319049,-0.775790515484
0.734375000,-0.281250000,-1.63144846919,-0.774938022863
0.750000000,-0.281250000,-1.61530310689,-0.767268975774
0.765625000,-0.281250000,-1.58312020920,-0.751982099369
0.781250000,-0.281250000,-1.53312264827,-0.728233257927
0.796875000,-0.281250000,-1.46344823377,-0.695137911040
0.812500000,-0.281250000,-1.37215724461,-0.651774691190
0.828125000,-0.281250000,-1.25724281926,-0.597190339149
0.843750000,-0.281250000,-1.11664480239,-0.530406281134
0.859375000,-0.281250000,-0.948267757303,-0.450427184719
0.875000000,-0.281250000,-0.750003999766,-0.356251899889
0.890625000,-0.281250000,-0.519762674586,-0.246887270428
0.906250000,-0.281250000,-0.255506102448,-0.121365398663
0.921875000,-0.281250000,0.0447051257695,0.0212349347405
0.937500000,-0.281250000,0.382656528293,0.181761850939
0.953125000,-0.281250000,,
0.968750000,-0.281250000,,
0.984375000,-0.281250000,,
1.000000000,-0.281250000,,
-1.000000000,-0.265625000,,
-0.984375000,-0.265625000,,
-0.968750000,-0.265625000,,
-0.953125000,-0.265625000,,
-0.937500000,-0.265625000,0.365165462341,0.173453594612
-0.921875000,-0.265625000,0.0267141997308,0.0126892448721
-0.906250000,-0.265625000,-0.273446807155,-0.129887233399
-0.890625000,-0.265625000,-0.537221783421,-0.255180347125
-0.875000000,-0.265625000,-0.766650849161,-0.364159153352
-0.859375000,-0.265625000,-0.963856915107,-0.457832034676
-0.843750000,-0.265625000,-1.13100273669,-0.537226299929
-0.828125000,-0.265625000,-1.27025640602,-0.603371792859
-0.812500000,-0.265625000,-1.38376385391,-0.657287830609
-0.796875000,-0.265625000,-1.47362717353,-0.699972907428
-0.781250000,-0.265625000,-1.54188777678,-0.732396693973
-0.765625000,-0.265625000,-1.59051355891,-0.755493940481
-0.750000000,-0.265625000,-1.62138938154,-0.770159956230
-0.734375000,-0.265625000,-1.63631029898,-0.777247392017
-0.718750000,-0.265625000,-1.63697704422,-0.777564096004
-0.703125000,-0.265625000,-1.62499337329,-0.771871852313
-0.687500000,-0.265625000,-1.60186492651,-0.760885840092
-0.671875000,-0.265625000,-1.56899932665,-0.745274680158
-0.656250000,-0.265625000,-1.52770727325,-0.725660954795
-0.640625000,-0.265625000,-1.47920443576,-0.702622106986
-0.625000000,-0.265625000,-1.42461397826,-0.676691639675
-0.609375000,-0.265625000,-1.36496957564,-0.648360548427
-0.593750000,-0.265625000,-1.30121880550,-0.618078932613
-0.578125000,-0.265625000,-1.23422681660,-0.586257737885
-0.562500000,-0.265625000,-1.16478019477,-0.553270592518
-0.546875000,-0.265625000,-1.09359095746,-0.519455704792
-0.531250000,-0.265625000,-1.02130062083,-0.485117794894
-0.515625000,-0.265625000,-0.948484293939,-0.450530039621
-0.500000000,-0.265625000,-0.875654762307,-0.415936012096
-0.484375000,-0.265625000,-0.803266528574,-0.381551601073
-0.468750000,-0.265625000,-0.731719786654,-0.347566898661
-0.453125000,-0.265625000,-0.661364308287,-0.314148046436
-0.437500000,-0.265625000,-0.592503226667,-0.281439032667
-0.421875000,-0.265625000,-0.525396703051,-0.249563433949
-0.406250000,-0.265625000,-0.460265469595,-0.218626098058
-0.390625000,-0.265625000,-0.397294238150,-0.188714763121
-0.375000000,-0.265625000,-0.336634971828,-0.159901611618
-0.359375000,-0.265625000,-0.278410015828,-0.132244757518
-0.343750000,-0.265625000,-0.222715083999,-0.105789664899
-0.328125000,-0.265625000,-0.169622102460,-0.0805704986686
-0.312500000,-0.265625000,-0.119181907906,-0.0566114062553
-0.296875000,-0.265625000,-0.0714268042909,-0.0339277320382
-0.281250000,-0.265625000,-0.0263729754880,-0.0125271633568
-0.265625000,-0.265625000,0.0159772402215,0.00758918910523
-0.250000000,-0.265625000,0.0556332148268,0.0264257770428
-0.234375000,-0.265625000,0.0926140302543,0.0439916643708
-0.218750000,-0.265625000,0.126946610616,0.0602996400427
-0.203125000,-0.265625000,0.158663985691,0.0753653932033
-0.187500000,-0.265625000,0.187803680582,0.0892067482766
-0.171875000,-0.265625000,0.214406230999,0.101842959724
-0.156250000,-0.265625000,0.238513820482,0.113294064729
-0.140625000,-0.265625000,0.260169036561,0.123580292367
-0.125000000,-0.265625000,0.279413744568,0.132721528670
-0.109375000,-0.265625000,0.296446736496,0.140812199836
-0.093750000,-0.265625000,0.310937530149,0.147695326821
-0.078125000,-0.265625000,0.323144981291,0.153493866113
-0.062500000,-0.265625000,0.333095196403,0.158220218291
-0.046875000,-0.265625000,0.340810344004,0.161884913402
-0.031250000,-0.265625000,0.346308167642,0.164496379630
-0.015625000,-0.265625000,0.349601609737,0.166060764625
0.000000000,-0.265625000,0.350698543139,0.166581807991
0.015625000,-0.265625000,0.349601609737,0.166060764625
0.031250000,-0.265625000,0.346308167642,0.164496379630
0.046875000,-0.265625000,0.340810344004,0.161884913402
0.062500000,-0.265625000,0.333095196403,0.158220218291
0.078125000,-0.265625000,0.323144981291,0.153493866113
0.093750000,-0.265625000,0.310937530149,0.147695326821
0.109375000,-0.265625000,0.296446736496,0.140812199836
0.125000000,-0.265625000,0.279413744568,0.132721528670
0.140625000,-0.265625000,0.260169036561,0.123580292367
0.156250000,-0.265625000,0.238513820482,0.113294064729
0.171875000,-0.265625000,0.214406230999,0.101842959724
0.187500000,-0.265625000,0.187803680582,0.0892067482766
0.203125000,-0.265625000,0.158663985691,0.0753653932033
0.218750000,-0.265625000,0.126946610616,0.0602996400427
0.234375000,-0.265625000,0.0926140302543,0.0439916643708
0.250000000,-0.265625000,0.0556332148268,0.0264257770428
0.265625000,-0.265625000,0.0159772402215,0.00758918910523
0.281250000,-0.265625000,-0.0263729754880,-0.0125271633568
0.296875000,-0.265625000,-0.0714268042909,-0.0339277320382
0.312500000,-0.265625000,-0.119181907906,-0.0566114062553
0.328125000,-0.265625000,-0.169622102460,-0.0805704986686
0.343750000,-0.265625000,-0.222715083999,-0.105789664899
0.359375000,-0.265625000,-0.278410015828,-0.132244757518
0.375000000,-0.265625000,-0.336634971828,-0.159901611618
0.390625000,-0.265625000,-0.397294238150,-0.188714763121
0.406250000,-0.265625000,-0.460265469595,-0.218626098058
0.421875000,-0.265625000,-0.525396703051,-0.249563433949
0.437500000,-0.265625000,-0.592503226667,-0.281439032667
0.453125000,-0.265625000,-0.661364308287,-0.314148046436
0.468750000,-0.265625000,-0.731719786654,-0.347566898661
0.484375000,-0.265625000,-0.803266528574,-0.381551601073
0.500000000,-0.265625000,-0.875654762307,-0.415936012096
0.515625000,-0.265625000,-0.948484293939,-0.450530039621
0.531250000,-0.265625000,-1.02130062083,-0.485117794894
0.546875000,-0.265625000,-1.09359095746,-0.519455704792
0.562500000,-0.265625000,-1.16478019477,-0.553270592518
0.578125000,-0.265625000,-1.23422681660,-0.586257737885
0.593750000,-0.265625000,-1.30121880550,-0.618078932613
0.609375000,-0.265625000,-1.36496957564,-0.648360548427
0.625000000,-0.265625000,-1.42461397826,-0.676691639675
0.640625000,-0.265625000,-1.47920443576,-0.702622106986
0.656250000,-0.265625000,-1.52770727325,-0.725660954795
0.671875000,-0.265625000,-1.56899932665,-0.745274680158
0.687500000,-0.265625000,-1.60186492651,-0.760885840092
0.703125000,-0.265625000,-1.62499337329,-0.771871852313
0.718750000,-0.265625000,-1.63697704422,-0.777564096004
0.734375000,-0.265625000,-1.63631029898,-0.777247392017
0.750000000,-0.265625000,-1.62138938154,-0.770159956230
0.765625000,-0.265625000,-1.59051355891,-0.755493940481
0.781250000,-0.265625000,-1.54188777678,-0.732396693973
0.796875000,-0.265625000,-1.47362717353,-0.699972907428
0.812500000,-0.265625000,-1.38376385391,-0.657287830609
0.828125000,-0.265625000,-1.27025640602,-0.603371792859
0.843750000,-0.265625000,-1.13100273669,-0.537226299929
0.859375000,-0.265625000,-0.963856915107,-0.457832034676
0.875000000,-0.265625000,-0.766650849161,-0.364159153352
0.890625000,-0.265625000,-0.537221783421,-0.255180347125
0.906250000,-0.265625000,-0.273446807155,-0.129887233399
0.921875000,-0.265625000,0.0267141997308,0.0126892448721
0.937500000,-0.265625000,0.365165462341,0.173453594612
0.953125000,-0.265625000,,
0.968750000,-0.265625000,,
0.984375000,-0.265625000,,
1.000000000,-0.265625000,,
-1.000000000,-0.250000000,,
-0.984375000,-0.250000000,,
-0.968750000,-0.250000000,,
-0.953125000,-0.250000000,,
-0.937500000,-0.250000000,0.353527688345,0.167925651964
-0.921875000,-0.250000000,0.0144658978025,0.00687130145619
-0.906250000,-0.250000000,-0.285793171847,-0.135751756628
-0.890625000,-0.250000000,-0.549264112620,-0.260900453494
-0.875000000,-0.250000000,-0.778080725210,-0.369588344475
-0.859375000,-0.250000000,-0.974445230880,-0.462861484668
-0.843750000,-0.250000000,-1.14058730689,-0.541778970772
-0.828125000,-0.250000000,-1.27873127684,-0.607397356501
-0.812500000,-0.250000000,-1.39107007156,-0.660758283993
-0.796875000,-0.250000000,-1.47974481009,-0.702878784792
-0.781250000,-0.250000000,-1.54682904003,-0.734743794016
-0.765625000,-0.250000000,-1.59431684064,-0.757300499302
-0.750000000,-0.250000000,-1.62411411820,-0.771454206145
-0.734375000,-0.250000000,-1.63803253740,-0.778065455267
-0.718750000,-0.250000000,-1.63778562101,-0.777948169980
-0.703125000,-0.250000000,-1.62498662691,-0.771868647781
-0.687500000,-0.250000000,-1.60114787535,-0.760545240791
-0.671875000,-0.250000000,-1.56768125205,-0.744648594722
-0.656250000,-0.250000000,-1.52589965759,-0.724802337356
-0.640625000,-0.250000000,-1.47701920986,-0.701584124682
-0.625000000,-0.250000000,-1.42216203983,-0.675526968920
-0.609375000,-0.250000000,-1.36235954485,-0.647120783805
-0.593750000,-0.250000000,-1.29855598722,-0.616814093930
-0.578125000,-0.250000000,-1.23161234494,-0.585015863848
-0.562500000,-0.250000000,-1.16231033545,-0.552097409337
-0.546875000,-0.250000000,-1.09135654915,-0.518394360846
-0.531250000,-0.250000000,-1.01938663763,-0.484208652873
-0.515625000,-0.250000000,-0.946969513188,-0.449810518764
-0.500000000,-0.250000000,-0.874611524543,-0.415440474158
-0.484375000,-0.250000000,-0.802760577232,-0.381311274185
-0.468750000,-0.250000000,-0.731810177508,-0.347609834316
-0.453125000,-0.250000000,-0.662103378146,-0.314499104619
-0.437500000,-0.250000000,-0.593936613856,-0.282119891582
-0.421875000,-0.250000000,-0.527563412842,-0.250592621100
-0.406250000,-0.250000000,-0.463197976332,-0.220019038758
-0.390625000,-0.250000000,-0.401018620427,-0.190483844703
-0.375000000,-0.250000000,-0.341171074462,-0.162056260369
-0.359375000,-0.250000000,-0.283771633929,-0.134791526116
-0.343750000,-0.250000000,-0.228910166563,-0.108732329117
-0.328125000,-0.250000000,-0.176652970704,-0.0839101610843
-0.312500000,-0.250000000,-0.127045486427,-0.0603466060528
-0.296875000,-0.250000000,-0.0801148612298,-0.0380545590841
-0.281250000,-0.250000000,-0.0358723709945,-0.0170393762224
-0.265625000,-0.250000000,0.00568430062637,0.00270004279752
-0.250000000,-0.250000000,0.0445689229195,0.0211702383868
-0.234375000,-0.250000000,0.0808047147621,0.0383822395120
-0.218750000,-0.250000000,0.114422476579,0.0543506763751
-0.203125000,-0.250000000,0.145458852528,0.0690929549506
-0.187500000,-0.250000000,0.173954721212,0.0826284925759
-0.171875000,-0.250000000,0.199953711948,0.0949780131752
-0.156250000,-0.250000000,0.223500843226,0.106162900533
-0.140625000,-0.250000000,0.244641281363,0.116204608647
-0.125000000,-0.250000000,0.263419215866,0.125124127536
-0.109375000,-0.250000000,0.279876849989,0.132941503745
-0.093750000,-0.250000000,0.294210315716,0.139749899965
-0.078125000,-0.250000000,0.306097928515,0.145396516044
-0.062500000,-0.250000000,0.315784820027,0.149997789513
-0.046875000,-0.250000000,0.323294142666,0.153564717767
-0.031250000,-0.250000000,0.328644403878,0.156106091842
-0.015625000,-0.250000000,0.331849090931,0.157628318192
0.000000000,-0.250000000,0.332916402985,0.158135291418
0.015625000,-0.250000000,0.331849090931,0.157628318192
0.031250000,-0.250000000,0.328644403878,0.156106091842
0.046875000,-0.250000000,0.323294142666,0.153564717767
0.062500000,-0.250000000,0.315784820027,0.149997789513
0.078125000,-0.250000000,0.306097928515,0.145396516044
0.093750000,-0.250000000,0.294210315716,0.139749899965
0.109375000,-0.250000000,0.279876849989,0.132941503745
0.125000000,-0.250000000,0.263419215866,0.125124127536
0.140625000,-0.250000000,0.244641281363,0.116204608647
0.156250000,-0.250000000,0.223500843226,0.106162900533
0.171875000,-0.250000000,0.199953711948,0.0949780131752
0.187500000,-0.250000000,0.173954721212,0.0826284925759
0.203125000,-0.250000000,0.145458852528,0.0690929549506
0.218750000,-0.250000000,0.114422476579,0.0543506763751
0.234375000,-0.250000000,0.0808047147621,0.0383822395120
0.250000000,-0.250000000,0.0445689229195,0.0211702383868
0.265625000,-0.250000000,0.00568430062637,0.00270004279752
0.281250000,-0.250000000,-0.0358723709945,-0.0170393762224
0.296875000,-0.250000000,-0.0801148612298,-0.0380545590841
0.312500000,-0.250000000,-0.127045486427,-0.0603466060528
0.328125000,-0.250000000,-0.176652970704,-0.0839101610843
0.343750000,-0.250000000,-0.228910166563,-0.108732329117
0.359375000,-0.250000000,-0.283771633929,-0.134791526116
0.375000000,-0.250000000,-0.341171074462,-0.162056260369
0.390625000,-0.250000000,-0.401018620427,-0.190483844703
0.406250000,-0.250000000,-0.463197976332,-0.220019038758
0.421875000,-0.250000000,-0.527563412842,-0.250592621100
0.437500000,-0.250000000,-0.593936613856,-0.282119891582
0.453125000,-0.250000000,-0.662103378146,-0.314499104619
0.468750000,-0.250000000,-0.731810177508,-0.347609834316
0.484375000,-0.250000000,-0.802760577232,-0.381311274185
0.500000000,-0.250000000,-0.874611524543,-0.415440474158
0.515625000,-0.250000000,-0.946969513188,-0.449810518764
0.531250000,-0.250000000,-1.01938663763,-0.484208652873
0.546875000,-0.250000000,-1.09135654915,-0.518394360846
0.562500000,-0.250000000,-1.16231033545,-0.552097409337
0.578125000,-0.250000000,-1.23161234494,-0.585015863848
0.593750000,-0.250000000,-1.29855598722,-0.616814093930
0.609375000,-0.250000000,-1.36235954485,-0.647120783805
0.625000000,-0.250000000,-1.42216203983,-0.675526968920
0.640625000,-0.250000000,-1.47701920986,-0.701584124682
0.656250000,-0.250000000,-1.52589965759,-0.724802337356
0.671875000,-0.250000000,-1.56768125205,-0.744648594722
0.687500000,-0.250000000,-1.60114787535,-0.760545240791
0.703125000,-0.250000000,-1.62498662691,-0.771868647781
0.718750000,-0.250000000,-1.63778562101,-0.777948169980
0.734375000,-0.250000000,-1.63803253740,-0.778065455267
0.750000000,-0.250000000,-1.62411411820,-0.771454206145
0.765625000,-0.250000000,-1.59431684064,-0.757300499302
0.781250000,-0.250000000,-1.54682904003,-0.734743794016
0.796875000,-0.250000000,-1.47974481009,-0.702878784792
0.812500000,-0.250000000,-1.39107007156,-0.660758283993
0.828125000,-0.250000000,-1.27873127684,-0.607397356501
0.843750000,-0.250000000,-1.14058730689,-0.541778970772
0.859375000,-0.250000000,-0.974445230880,-0.462861484668
0.875000000,-0.250000000,-0.778080725210,-0.369588344475
0.890625000,-0.250000000,-0.549264112620,-0.260900453494
0.906250000,-0.250000000,-0.285793171847,-0.135751756628
0.921875000,-0.250000000,0.0144658978025,0.00687130145619
0.937500000,-0.250000000,0.353527688345,0.167925651964
0.953125000,-0.250000000,,
0.968750000,-0.250000000,,
0.984375000,-0.250000000,,
1.000000000,-0.250000000,,
-1.000000000,-0.234375000,,
-0.984375000,-0.234375000,,
-0.968750000,-0.234375000,,
-0.953125000,-0.234375000,0.729213690136,0.346376502815
-0.937500000,-0.234375000,0.348142583987,0.165367727394
-0.921875000,-0.234375000,0.00830837069349,0.00394647607941
-0.906250000,-0.234375000,-0.292242405167,-0.138815142455
-0.890625000,-0.234375000,-0.555627060755,-0.263922853859
-0.875000000,-0.234375000,-0.784066648118,-0.372431657856
-0.859375000,-0.234375000,-0.979837297985,-0.465422716543
-0.843750000,-0.234375000,-1.14523108147,-0.543984763696
-0.828125000,-0.234375000,-1.28252476823,-0.609199264907
-0.812500000,-0.234375000,-1.39395513614,-0.662128689668
-0.796875000,-0.234375000,-1.48169971561,-0.703807364915
-0.781250000,-0.234375000,-1.54786203627,-0.735234467229
-0.765625000,-0.234375000,-1.59446060021,-0.757368785100
-0.750000000,-0.234375000,-1.62342093379,-0.771124943549
-0.734375000,-0.234375000,-1.63657017550,-0.777370833365
-0.718750000,-0.234375000,-1.63563374674,-0.776926029703
-0.703125000,-0.234375000,-1.62223372811,-0.770561020854
-0.687500000,-0.234375000,-1.59788862081,-0.758997094886
-0.671875000,-0.234375000,-1.56401423014,-0.742906759318
-0.656250000,-0.234375000,-1.52192544643,-0.722914587052
-0.640625000,-0.234375000,-1.47283873871,-0.699598400885
-0.625000000,-0.234375000,-1.41787520468,-0.673490722225
-0.609375000,-0.234375000,-1.35806404647,-0.645080422076
-0.593750000,-0.234375000,-1.29434636451,-0.614814523142
-0.578125000,-0.234375000,-1.22757917883,-0.583100109947
-0.562500000,-0.234375000,-1.15853960239,-0.550306311134
-0.546875000,-0.234375000,-1.08792910458,-0.516766324676
-0.531250000,-0.234375000,-1.01637781404,-0.482779461667
-0.515625000,-0.234375000,-0.944448817243,-0.448613188191
-0.500000000,-0.234375000,-0.872642420876,-0.414505149916
-0.484375000,-0.234375000,-0.801400347315,-0.380665164974
-0.468750000,-0.234375000,-0.731109843185,-0.347277175513
-0.453125000,-0.234375000,-0.662107681980,-0.314501148941
-0.437500000,-0.234375000,-0.594684047251,-0.282474922444
-0.421875000,-0.234375000,-0.529086285336,-0.251315985534
-0.406250000,-0.234375000,-0.465522520636,-0.221123197302
-0.390625000,-0.234375000,-0.404165126276,-0.191978434981
-0.375000000,-0.234375000,-0.345154047866,-0.163948172736
-0.359375000,-0.234375000,-0.288599976904,-0.137084989029
-0.343750000,-0.234375000,-0.234587373870,-0.111429002588
-0.328125000,-0.234375000,-0.183177339901,-0.0870092364531
-0.312500000,-0.234375000,-0.134410339085,-0.0638449110655
-0.296875000,-0.234375000,-0.0883087721905,-0.0419466667905
-0.281250000,-0.234375000,-0.0448794037939,-0.0213177168021
-0.265625000,-0.234375000,-0.00411564624323,-0.00195493196553
-0.250000000,-0.234375000,0.0340002983533,0.0161501417178
-0.234375000,-0.234375000,0.0694954338789,0.0330103310925
-0.218750000,-0.234375000,0.102404101028,0.0486419479883
-0.203125000,-0.234375000,0.132766240522,0.0630639642477
-0.187500000,-0.234375000,0.160625785174,0.0762972479576
-0.171875000,-0.234375000,0.186029177581,0.0883638593510
-0.156250000,-0.234375000,0.209024011422,0.0992864054256
-0.140625000,-0.234375000,0.229657791637,0.109087451027
-0.125000000,-0.234375000,0.247976813713,0.117788986514
-0.109375000,-0.234375000,0.264025156039,0.125411949119
-0.093750000,-0.234375000,0.277843786171,0.131975798431
-0.078125000,-0.234375000,0.289469776488,0.137498143832
-0.062500000,-0.234375000,0.299070214410,0.142058351845
-0.046875000,-0.234375000,0.306376584584,0.145528877677
-0.031250000,-0.234375000,0.311559000777,0.147990525369
-0.015625000,-0.234375000,0.314679493624,0.149472759471
0.000000000,-0.234375000,0.315718651452,0.149966359440
0.015625000,-0.234375000,0.314679493624,0.149472759471
0.031250000,-0.234375000,0.311559000777,0.147990525369
0.046875000,-0.234375000,0.306376584584,0.145528877677
0.062500000,-0.234375000,0.299070214410,0.142058351845
0.078125000,-0.234375000,0.289469776488,0.137498143832
0.093750000,-0.234375000,0.277843786171,0.131975798431
0.109375000,-0.234375000,0.264025156039,0.125411949119
0.125000000,-0.234375000,0.247976813713,0.117788986514
0.140625000,-0.234375000,0.229657791637,0.109087451027
0.156250000,-0.234375000,0.209024011422,0.0992864054256
0.171875000,-0.234375000,0.186029177581,0.0883638593510
0.187500000,-0.234375000,0.160625785174,0.0762972479576
0.203125000,-0.234375000,0.132766240522,0.0630639642477
0.218750000,-0.234375000,0.102404101028,0.0486419479883
0.234375000,-0.234375000,0.0694954338789,0.0330103310925
0.250000000,-0.234375000,0.0340002983533,0.0161501417178
0.265625000,-0.234375000,-0.00411564624323,-0.00195493196553
0.281250000,-0.234375000,-0.0448794037939,-0.0213177168021
0.296875000,-0.234375000,-0.0883087721905,-0.0419466667905
0.312500000,-0.234375000,-0.134410339085,-0.0638449110655
0.328125000,-0.234375000,-0.183177339901,-0.0870092364531
0.343750000,-0.234375000,-0.234587373870,-0.111429002588
0.359375000,-0.234375000,-0.288599976904,-0.137084989029
0.375000000,-0.234375000,-0.345154047866,-0.163948172736
0.390625000,-0.234375000,-0.404165126276,-0.191978434981
0.406250000,-0.234375000,-0.465522520636,-0.221123197302
0.421875000,-0.234375000,-0.529086285336,-0.251315985534
0.437500000,-0.234375000,-0.594684047251,-0.282474922444
0.453125000,-0.234375000,-0.662107681980,-0.314501148941
0.468750000,-0.234375000,-0.731109843185,-0.347277175513
0.484375000,-0.234375000,-0.801400347315,-0.380665164974
0.500000000,-0.234375000,-0.872642420876,-0.414505149916
0.515625000,-0.234375000,-0.944448817243,-0.448613188191
0.531250000,-0.234375000,-1.01637781404,-0.482779461667
0.546875000,-0.234375000,-1.08792910458,-0.516766324676
0.562500000,-0.234375000,-1.15853960239,-0.550306311134
0.578125000,-0.234375000,-1.22757917883,-0.583100109947
0.593750000,-0.234375000,-1.29434636451,-0.614814523142
0.609375000,-0.234375000,-1.35806404647,-0.645080422076
0.625000000,-0.234375000,-1.41787520468,-0.673490722225
0.640625000,-0.234375000,-1.47283873871,-0.699598400885
0.656250000,-0.234375000,-1.52192544643,-0.722914587052
0.671875000,-0.234375000,-1.56401423014,-0.742906759318
0.687500000,-0.234375000,-1.59788862081,-0.758997094886
0.703125000,-0.234375000,-1.62223372811,-0.770561020854
0.718750000,-0.234375000,-1.63563374674,-0.776926029703
0.734375000,-0.234375000,-1.63657017550,-0.777370833365
0.750000000,-0.234375000,-1.62342093379,-0.771124943549
0.765625000,-0.234375000,-1.59446060021,-0.757368785100
0.781250000,-0.234375000,-1.54786203627,-0.735234467229
0.796875000,-0.234375000,-1.48169971561,-0.703807364915
0.812500000,-0.234375000,-1.39395513614,-0.662128689668
0.828125000,-0.234375000,-1.28252476823,-0.609199264907
0.843750000,-0.234375000,-1.14523108147,-0.543984763696
0.859375000,-0.234375000,-0.979837297985,-0.465422716543
0.875000000,-0.234375000,-0.784066648118,-0.372431657856
0.890625000,-0.234375000,-0.555627060755,-0.263922853859
0.906250000,-0.234375000,-0.292242405167,-0.138815142455
0.921875000,-0.234375000,0.00830837069349,0.00394647607941
0.937500000,-0.234375000,0.348142583987,0.165367727394
0.953125000,-0.234375000,0.729213690136,0.346376502815
0.968750000,-0.234375000,,
0.984375000,-0.234375000,,
1.000000000,-0.234375000,,
-1.000000000,-0.218750000,,
-0.984375000,-0.218750000,,
-0.968750000,-0.218750000,,
-0.953125000,-0.218750000,0.731998251388,0.347699169409
-0.937500000,-0.218750000,0.349377832642,0.165954470505
-0.921875000,-0.218750000,0.00856103640904,0.00406649229429
-0.906250000,-0.218750000,-0.292517943336,-0.138946023085
-0.890625000,-0.218750000,-0.556072135192,-0.264134264216
-0.875000000,-0.218750000,-0.784403954986,-0.372591878619
-0.859375000,-0.218750000,-0.979858511062,-0.465432792754
-0.843750000,-0.218750000,-1.14478614786,-0.543773420232
-0.828125000,-0.218750000,-1.28151264985,-0.608718508681
-0.812500000,-0.218750000,-1.39231579824,-0.661350004163
-0.796875000,-0.218750000,-1.47940719165,-0.702718416036
-0.781250000,-0.218750000,-1.54491842566,-0.733836252186
-0.765625000,-0.218750000,-1.59089087439,-0.755673165337
-0.750000000,-0.218750000,-1.61926844515,-0.769152511444
-0.734375000,-0.218750000,-1.63189277743,-0.775149069277
-0.718750000,-0.218750000,-1.63050044822,-0.774487712904
-0.703125000,-0.218750000,-1.61672181207,-0.767942860731
-0.687500000,-0.218750000,-1.59208117082,-0.756238556138
-0.671875000,-0.218750000,-1.55799801181,-0.740049055610
-0.656250000,-0.218750000,-1.51578910063,-0.719999822799
-0.640625000,-0.218750000,-1.46667124800,-0.696668842801
-0.625000000,-0.218750000,-1.41176459813,-0.670588184112
-0.609375000,-0.218750000,-1.35209631417,-0.642245749231
-0.593750000,-0.218750000,-1.28860455577,-0.612087163991
-0.578125000,-0.218750000,-1.22214266131,-0.580517764124
-0.562500000,-0.218750000,-1.15348346100,-0.547904643976
-0.546875000,-0.218750000,-1.08332366459,-0.514578740678
-0.531250000,-0.218750000,-1.01228827044,-0.480836928461
-0.515625000,-0.218750000,-0.940934958583,-0.446944105327
-0.500000000,-0.218750000,-0.869758433690,-0.413135256003
-0.484375000,-0.218750000,-0.799194691704,-0.379617478560
-0.468750000,-0.218750000,-0.729625189414,-0.346571964972
-0.453125000,-0.218750000,-0.661380899151,-0.314155927097
-0.437500000,-0.218750000,-0.594746237304,-0.282504462719
-0.421875000,-0.218750000,-0.529962855730,-0.251732356472
-0.406250000,-0.218750000,-0.467233288989,-0.221935812270
-0.390625000,-0.218750000,-0.406724452710,-0.193194115037
-0.375000000,-0.218750000,-0.348570989942,-0.165571220222
-0.359375000,-0.218750000,-0.292878463295,-0.139117270065
-0.343750000,-0.218750000,-0.239726392901,-0.113870036628
-0.328125000,-0.218750000,-0.189171140365,-0.0898562916732
-0.312500000,-0.218750000,-0.141248640476,-0.0670931042261
-0.296875000,-0.218750000,-0.0959769811599,-0.0455890660509
-0.281250000,-0.218750000,-0.0533588363971,-0.0253454472886
-0.265625000,-0.218750000,-0.0133837525150,-0.00635728244462
-0.250000000,-0.218750000,0.0239697076535,0.0113856111354
-0.234375000,-0.218750000,0.0587319602042,0.0278976810970
-0.218750000,-0.218750000,0.0909405320394,0.0431967527187
-0.203125000,-0.218750000,0.120638324824,0.0573032042916
-0.187500000,-0.218750000,0.147872009488,0.0702392045070
-0.171875000,-0.218750000,0.172690546850,0.0820280097536
-0.156250000,-0.218750000,0.195143831033,0.0926933197409
-0.140625000,-0.218750000,0.215281453697,0.102258690506
-0.125000000,-0.218750000,0.233151585780,0.110747003246
-0.109375000,-0.218750000,0.248799973584,0.118179987452
-0.093750000,-0.218750000,0.262269047768,0.124577797690
-0.078125000,-0.218750000,0.273597142363,0.129958642622
-0.062500000,-0.218750000,0.282794759697,0.134327510856
-0.046875000,-0.218750000,0.289943583693,0.137723202254
-0.031250000,-0.218750000,0.295187434659,0.140214031463
-0.015625000,-0.218750000,0.298221141048,0.141655041998
0.000000000,-0.218750000,0.299231342469,0.142134887673
0.015625000,-0.218750000,0.298221141048,0.141655041998
0.031250000,-0.218750000,0.295187434659,0.140214031463
0.046875000,-0.218750000,0.289943583693,0.137723202254
0.062500000,-0.218750000,0.282794759697,0.134327510856
0.078125000,-0.218750000,0.273597142363,0.129958642622
0.093750000,-0.218750000,0.262269047768,0.124577797690
0.109375000,-0.218750000,0.248799973584,0.118179987452
0.125000000,-0.218750000,0.233151585780,0.110747003246
0.140625000,-0.218750000,0.215281453697,0.102258690506
0.156250000,-0.218750000,0.195143831033,0.0926933197409
0.171875000,-0.218750000,0.172690546850,0.0820280097536
0.187500000,-0.218750000,0.147872009488,0.0702392045070
0.203125000,-0.218750000,0.120638324824,0.0573032042916
0.218750000,-0.218750000,0.0909405320394,0.0431967527187
0.234375000,-0.218750000,0.0587319602042,0.0278976810970
0.250000000,-0.218750000,0.0239697076535,0.0113856111354
0.265625000,-0.218750000,-0.0133837525150,-0.00635728244462
0.281250000,-0.218750000,-0.0533588363971,-0.0253454472886
0.296875000,-0.218750000,-0.0959769811599,-0.0455890660509
0.312500000,-0.218750000,-0.141248640476,-0.0670931042261
0.328125000,-0.218750000,-0.189171140365,-0.0898562916732
0.343750000,-0.218750000,-0.239726392901,-0.113870036628
0.359375000,-0.218750000,-0.292878463295,-0.139117270065
0.375000000,-0.218750000,-0.348570989942,-0.165571220222
0.390625000,-0.218750000,-0.406724452710,-0.193194115037
0.406250000,-0.218750000,-0.467233288989,-0.221935812270
0.421875000,-0.218750000,-0.529962855730,-0.251732356472
0.437500000,-0.218750000,-0.594746237304,-0.282504462719
0.453125000,-0.218750000,-0.661380899151,-0.314155927097
0.468750000,-0.218750000,-0.729625189414,-0.346571964972
0.484375000,-0.218750000,-0.799194691704,-0.379617478560
0.500000000,-0.218750000,-0.869758433690,-0.413135256003
0.515625000,-0.218750000,-0.940934958583,-0.446944105327
0.531250000,-0.218750000,-1.01228827044,-0.480836928461
0.546875000,-0.218750000,-1.08332366459,-0.514578740678
0.562500000,-0.218750000,-1.15348346100,-0.547904643976
0.578125000,-0.218750000,-1.22214266131,-0.580517764124
0.593750000,-0.218750000,-1.28860455577,-0.612087163991
0.609375000,-0.218750000,-1.35209631417,-0.642245749231
0.625000000,-0.218750000,-1.41176459813,-0.670588184112
0.640625000,-0.218750000,-1.46667124800,-0.696668842801
0.656250000,-0.218750000,-1.51578910063,-0.719999822799
0.671875000,-0.218750000,-1.55799801181,-0.740049055610
0.687500000,-0.218750000,-1.59208117082,-0.756238556138
0.703125000,-0.218750000,-1.61672181207,-0.767942860731
0.718750000,-0.218750000,-1.63050044822,-0.774487712904
0.734375000,-0.218750000,-1.63189277743,-0.775149069277
0.750000000,-0.218750000,-1.61926844515,-0.769152511444
0.765625000,-0.218750000,-1.59089087439,-0.755673165337
0.781250000,-0.218750000,-1.54491842566,-0.733836252186
0.796875000,-0.218750000,-1.47940719165,-0.702718416036
0.812500000,-0.218750000,-1.39231579824,-0.661350004163
0.828125000,-0.218750000,-1.28151264985,-0.608718508681
0.843750000,-0.218750000,-1.14478614786,-0.543773420232
0.859375000,-0.218750000,-0.979858511062,-0.465432792754
0.875000000,-0.218750000,-0.784403954986,-0.372591878619
0.890625000,-0.218750000,-0.556072135192,-0.264134264216
0.906250000,-0.218750000,-0.292517943336,-0.138946023085
0.921875000,-0.218750000,0.00856103640904,0.00406649229429
0.937500000,-0.218750000,0.349377832642,0.165954470505
0.953125000,-0.218750000,0.731998251388,0.347699169409
0.968750000,-0.218750000,,
0.984375000,-0.218750000,,
1.000000000,-0.218750000,,
-1.000000000,-0.203125000,,
-0.984375000,-0.203125000,,
-0.968750000,-0.203125000,,
-0.953125000,-0.203125000,0.741969878481,0.352435692279
-0.937500000,-0.203125000,0.357573336861,0.169847335009
-0.921875000,-0.203125000,0.0155181248591,0.00737110930810
-0.906250000,-0.203125000,-0.286366224046,-0.136023956422
-0.890625000,-0.203125000,-0.550382000537,-0.261431450255
-0.875000000,-0.203125000,-0.778907585379,-0.369981103055
-0.859375000,-0.203125000,-0.974352556399,-0.462817464289
-0.843750000,-0.203125000,-1.13912177887,-0.541082844966
-0.828125000,-0.203125000,-1.27558694255,-0.605903797712
-0.812500000,-0.203125000,-1.38606426953,-0.658380528027
-0.796875000,-0.203125000,-1.47279733095,-0.699578732202
-0.781250000,-0.203125000,-1.53794408967,-0.730523442592
-0.765625000,-0.203125000,-1.58356743335,-0.752194530843
-0.750000000,-0.203125000,-1.61162858176,-0.765523576336
-0.734375000,-0.203125000,-1.62398285608,-0.771391856637
-0.718750000,-0.203125000,-1.62237738055,-0.770629255761
-0.703125000,-0.203125000,-1.60845035857,-0.764013920321
-0.687500000,-0.203125000,-1.58373162193,-0.752272520416
-0.671875000,-0.203125000,-1.54964420299,-0.736080996422
-0.656250000,-0.203125000,-1.50750671955,-0.716065691784
-0.640625000,-0.203125000,-1.45853639738,-0.692804788757
-0.625000000,-0.203125000,-1.40385258395,-0.666829977377
-0.609375000,-0.203125000,-1.34448063070,-0.638628299581
-0.593750000,-0.203125000,-1.28135604352,-0.608644120673
-0.578125000,-0.203125000,-1.21532881551,-0.577281187369
-0.562500000,-0.203125000,-1.14716787447,-0.544904740375
-0.546875000,-0.203125000,-1.07756558437,-0.511843652574
-0.531250000,-0.203125000,-1.00714225714,-0.478392572141
-0.515625000,-0.203125000,-0.936450633088,-0.444814050717
-0.500000000,-0.203125000,-0.865980300470,-0.411340642723
-0.484375000,-0.203125000,-0.796162028813,-0.378176963686
-0.468750000,-0.203125000,-0.727371995073,-0.345501697660
-0.453125000,-0.203125000,-0.659935888152,-0.313469546872
-0.437500000,-0.203125000,-0.594132878897,-0.282213117476
-0.421875000,-0.203125000,-0.530199447333,-0.251844737483
-0.406250000,-0.203125000,-0.468333059908,-0.222458203456
-0.390625000,-0.203125000,-0.408695692880,-0.194130454118
-0.375000000,-0.203125000,-0.351417199390,-0.166923169710
-0.359375000,-0.203125000,-0.296598518269,-0.140884296178
-0.343750000,-0.203125000,-0.244314725388,-0.116049494559
-0.328125000,-0.203125000,-0.194617928430,-0.0924435160043
-0.312500000,-0.203125000,-0.147540005350,-0.0700815025413
-0.296875000,-0.203125000,-0.103095191069,-0.0489702157580
-0.281250000,-0.203125000,-0.0612825132293,-0.0291091937839
-0.265625000,-0.203125000,-0.0220880806772,-0.0104918383217
-0.250000000,-0.203125000,0.0145127719509,0.00689356667668
-0.234375000,-0.203125000,0.0485534800086,0.0230629030041
-0.218750000,-0.203125000,0.0800743825690,0.0380353317203
-0.203125000,-0.203125000,0.109120988604,0.0518324695869
-0.187500000,-0.203125000,0.135742374580,0.0644776279254
-0.171875000,-0.203125000,0.159989708020,0.0759951113096
-0.156250000,-0.203125000,0.181914894893,0.0864095750740
-0.140625000,-0.203125000,0.201569347616,0.0957454401176
-0.125000000,-0.203125000,0.219002870385,0.104026363433
-0.109375000,-0.203125000,0.234262659055,0.111274763051
-0.093750000,-0.203125000,0.247392414035,0.117511396666
-0.078125000,-0.203125000,0.258408778242,0.122744169665
-0.062500000,-0.203125000,0.267400896419,0.127015425799
-0.046875000,-0.203125000,0.274362254045,0.130322070671
-0.031250000,-0.203125000,0.279317058652,0.132675602860
-0.015625000,-0.203125000,0.282282853607,0.134084355463
0.000000000,-0.203125000,0.283270265697,0.134553376206
0.015625000,-0.203125000,0.282282853607,0.134084355463
0.031250000,-0.203125000,0.279317058652,0.132675602860
0.046875000,-0.203125000,0.274362254045,0.130322070671
0.062500000,-0.203125000,0.267400896419,0.127015425799
0.078125000,-0.203125000,0.258408778242,0.122744169665
0.093750000,-0.203125000,0.247392414035,0.117511396666
0.109375000,-0.203125000,0.234262659055,0.111274763051
0.125000000,-0.203125000,0.219002870385,0.104026363433
0.140625000,-0.203125000,0.201569347616,0.0957454401176
0.156250000,-0.203125000,0.181914894893,0.0864095750740
0.171875000,-0.203125000,0.159989708020,0.0759951113096
0.187500000,-0.203125000,0.135742374580,0.0644776279254
0.203125000,-0.203125000,0.109120988604,0.0518324695869
0.218750000,-0.203125000,0.0800743825690,0.0380353317203
0.234375000,-0.203125000,0.0485534800086,0.0230629030041
0.250000000,-0.203125000,0.0145127719509,0.00689356667668
0.265625000,-0.203125000,-0.0220880806772,-0.0104918383217
0.281250000,-0.203125000,-0.0612825132293,-0.0291091937839
0.296875000,-0.203125000,-0.103095191069,-0.0489702157580
0.312500000,-0.203125000,-0.147540005350,-0.0700815025413
0.328125000,-0.203125000,-0.194617928430,-0.0924435160043
0.343750000,-0.203125000,-0.244314725388,-0.116049494559
0.359375000,-0.203125000,-0.296598518269,-0.140884296178
0.375000000,-0.203125000,-0.351417199390,-0.166923169710
0.390625000,-0.203125000,-0.408695692880,-0.194130454118
0.406250000,-0.203125000,-0.468333059908,-0.222458203456
0.421875000,-0.203125000,-0.530199447333,-0.251844737483
0.437500000,-0.203125000,-0.594132878897,-0.282213117476
0.453125000,-0.203125000,-0.659935888152,-0.313469546872
0.468750000,-0.203125000,-0.727371995073,-0.345501697660
0.484375000,-0.203125000,-0.796162028813,-0.378176963686
0.500000000,-0.203125000,-0.865980300470,-0.411340642723
0.515625000,-0.203125000,-0.936450633088,-0.444814050717
0.531250000,-0.203125000,-1.00714225714,-0.478392572141
0.546875000,-0.203125000,-1.07756558437,-0.511843652574
0.562500000,-0.203125000,-1.14716787447,-0.544904740375
0.578125000,-0.203125000,-1.21532881551,-0.577281187369
0.593750000,-0.203125000,-1.28135604352,-0.608644120673
0.609375000,-0.203125000,-1.34448063070,-0.638628299581
0.625000000,-0.203125000,-1.40385258395,-0.666829977377
0.640625000,-0.203125000,-1.45853639738,-0.692804788757
0.656250000,-0.203125000,-1.50750671955,-0.716065691784
0.671875000,-0.203125000,-1.54964420299,-0.736080996422
0.687500000,-0.203125000,-1.58373162193,-0.752272520416
0.703125000,-0.203125000,-1.60845035857,-0.764013920321
0.718750000,-0.203125000,-1.62237738055,-0.770629255761
0.734375000,-0.203125000,-1.62398285608,-0.771391856637
0.750000000,-0.203125000,-1.61162858176,-0.765523576336
0.765625000,-0.203125000,-1.58356743335,-0.752194530843
0.781250000,-0.203125000,-1.53794408967,-0.730523442592
0.796875000,-0.203125000,-1.47279733095,-0.699578732202
0.812500000,-0.203125000,-1.38606426953,-0.658380528027
0.828125000,-0.203125000,-1.27558694255,-0.605903797712
0.843750000,-0.203125000,-1.13912177887,-0.541082844966
0.859375000,-0.203125000,-0.974352556399,-0.462817464289
0.875000000,-0.203125000,-0.778907585379,-0.369981103055
0.890625000,-0.203125000,-0.550382000537,-0.261431450255
0.906250000,-0.203125000,-0.286366224046,-0.136023956422
0.921875000,-0.203125000,0.0155181248591,0.00737110930810
0.937500000,-0.203125000,0.357573336861,0.169847335009
0.953125000,-0.203125000,0.741969878481,0.352435692279
0.968750000,-0.203125000,,
0.984375000,-0.203125000,,
1.000000000,-0.203125000,,
-1.000000000,-0.187500000,,
-0.984375000,-0.187500000,,
-0.968750000,-0.187500000,,
-0.953125000,-0.187500000,0.759493054349,0.360759200816
-0.937500000,-0.187500000,0.373044941229,0.177196347084
-0.921875000,-0.187500000,0.0294520745137,0.0139897353940
-0.906250000,-0.187500000,-0.273553570606,-0.129937946038
-0.890625000,-0.187500000,-0.538357605665,-0.255719862691
-0.875000000,-0.187500000,-0.767409418109,-0.364519473602
-0.859375000,-0.187500000,-0.963178929541,-0.457509991532
-0.843750000,-0.187500000,-1.12812210749,-0.535858001058
-0.828125000,-0.187500000,-1.26465372942,-0.600710521474
-0.812500000,-0.187500000,-1.37512615201,-0.653184922203
-0.796875000,-0.187500000,-1.46181304811,-0.694361197853
-0.781250000,-0.187500000,-1.52689724962,-0.725276193571
-0.765625000,-0.187500000,-1.57246197592,-0.746919438563
-0.750000000,-0.187500000,-1.60048484885,-0.760230303203
-0.734375000,-0.187500000,-1.61283419216,-0.766096241274
-0.718750000,-0.187500000,-1.61126719705,-0.765351918600
-0.703125000,-0.187500000,-1.59742960434,-0.758779062063
-0.687500000,-0.187500000,-1.57285660963,-0.747106889574
-0.671875000,-0.187500000,-1.53897474769,-0.731013005153
-0.656250000,-0.187500000,-1.49710455181,-0.711124662110
-0.640625000,-0.187500000,-1.44846381661,-0.688020312890
-0.625000000,-0.187500000,-1.39417132289,-0.662231378371
-0.609375000,-0.187500000,-1.33525090596,-0.634244180329
-0.593750000,-0.187500000,-1.27263576805,-0.604501989825
-0.578125000,-0.187500000,-1.20717295462,-0.573407153446
-0.562500000,-0.187500000,-1.13962792559,-0.541323264656
-0.546875000,-0.187500000,-1.07068916731,-0.508577354473
-0.531250000,-0.187500000,-1.00097279832,-0.475462079202
-0.515625000,-0.187500000,-0.931027133752,-0.442237888532
-0.500000000,-0.187500000,-0.861337176349,-0.409135158766
-0.484375000,-0.187500000,-0.792329011956,-0.376356280679
-0.468750000,-0.187500000,-0.724374089454,-0.344077692490
-0.453125000,-0.187500000,-0.657793371070,-0.312451851258
-0.437500000,-0.187500000,-0.592861341513,-0.281609137219
-0.421875000,-0.187500000,-0.529809868141,-0.251659687367
-0.406250000,-0.187500000,-0.468831905621,-0.222695155170
-0.390625000,-0.187500000,-0.410085042674,-0.194790395270
-0.375000000,-0.187500000,-0.353694887094,-0.168005071370
-0.359375000,-0.187500000,-0.299758290159,-0.142385187825
-0.343750000,-0.187500000,-0.248346409198,-0.117964544369
-0.328125000,-0.187500000,-0.199507611233,-0.0947661153355
-0.312500000,-0.187500000,-0.153270217994,-0.0728033535474
-0.296875000,-0.187500000,-0.109645096642,-0.0520814209049
-0.281250000,-0.187500000,-0.0686280976564,-0.0325983463868
-0.265625000,-0.187500000,-0.0302023443620,-0.0143461135719
-0.250000000,-0.187500000,0.00565962304955,0.00268832094854
-0.234375000,-0.187500000,0.0389938452007,0.0185220764703
-0.218750000,-0.187500000,0.0698430795078,0.0331754627662
-0.203125000,-0.187500000,0.0982550699845,0.0466711582426
-0.187500000,-0.187500000,0.124280947854,0.0590334502307
-0.171875000,-0.187500000,0.147973760298,0.0702875361415
-0.156250000,-0.187500000,0.169387120964,0.0804588824578
-0.140625000,-0.187500000,0.188573983636,0.0895726422271
-0.125000000,-0.187500000,0.205585530708,0.0976531270863
-0.109375000,-0.187500000,0.220470178650,0.104723334859
-0.093750000,-0.187500000,0.233272693679,0.110804529497
-0.078125000,-0.187500000,0.244017961420,0.115908531675
-0.062500000,-0.187500000,0.252779423116,0.120070225980
-0.046875000,-0.187500000,0.259560745002,0.123291353876
-0.031250000,-0.187500000,0.264386612840,0.125583641099
-0.015625000,-0.187500000,0.267274910116,0.126955582305
0.000000000,-0.187500000,0.268236466971,0.127412321811
0.015625000,-0.187500000,0.267274910116,0.126955582305
0.031250000,-0.187500000,0.264386612840,0.125583641099
0.046875000,-0.187500000,0.259560745002,0.123291353876
0.062500000,-0.187500000,0.252779423116,0.120070225980
0.078125000,-0.187500000,0.244017961420,0.115908531675
0.093750000,-0.187500000,0.233272693679,0.110804529497
0.109375000,-0.187500000,0.220470178650,0.104723334859
0.125000000,-0.187500000,0.205585530708,0.0976531270863
0.140625000,-0.187500000,0.188573983636,0.0895726422271
0.156250000,-0.187500000,0.169387120964,0.0804588824578
0.171875000,-0.187500000,0.147973760298,0.0702875361415
0.187500000,-0.187500000,0.124280947854,0.0590334502307
0.203125000,-0.187500000,0.0982550699845,0.0466711582426
0.218750000,-0.187500000,0.0698430795078,0.0331754627662
0.234375000,-0.187500000,0.0389938452007,0.0185220764703
0.250000000,-0.187500000,0.00565962304955,0.00268832094854
0.265625000,-0.187500000,-0.0302023443620,-0.0143461135719
0.281250000,-0.187500000,-0.0686280976564,-0.0325983463868
0.296875000,-0.187500000,-0.109645096642,-0.0520814209049
0.312500000,-0.187500000,-0.153270217994,-0.0728033535474
0.328125000,-0.187500000,-0.199507611233,-0.0947661153355
0.343750000,-0.187500000,-0.248346409198,-0.117964544369
0.359375000,-0.187500000,-0.299758290159,-0.142385187825
0.375000000,-0.187500000,-0.353694887094,-0.168005071370
0.390625000,-0.187500000,-0.410085042674,-0.194790395270
0.406250000,-0.187500000,-0.468831905621,-0.222695155170
0.421875000,-0.187500000,-0.529809868141,-0.251659687367
0.437500000,-0.187500000,-0.592861341513,-0.281609137219
0.453125000,-0.187500000,-0.657793371070,-0.312451851258
0.468750000,-0.187500000,-0.724374089454,-0.344077692490
0.484375000,-0.187500000,-0.792329011956,-0.376356280679
0.500000000,-0.187500000,-0.861337176349,-0.409135158766
0.515625000,-0.187500000,-0.931027133752,-0.442237888532
0.531250000,-0.187500000,-1.00097279832,-0.475462079202
0.546875000,-0.187500000,-1.07068916731,-0.508577354473
0.562500000,-0.187500000,-1.13962792559,-0.541323264656
0.578125000,-0.187500000,-1.20717295462,-0.573407153446
0.593750000,-0.187500000,-1.27263576805,-0.604501989825
0.609375000,-0.187500000,-1.33525090596,-0.634244180329
0.625000000,-0.187500000,-1.39417132289,-0.662231378371
0.640625000,-0.187500000,-1.44846381661,-0.688020312890
0.656250000,-0.187500000,-1.49710455181,-0.711124662110
0.671875000,-0.187500000,-1.53897474769,-0.731013005153
0.687500000,-0.187500000,-1.57285660963,-0.747106889574
0.703125000,-0.187500000,-1.59742960434,-0.758779062063
0.718750000,-0.187500000,-1.61126719705,-0.765351918600
0.734375000,-0.187500000,-1.61283419216,-0.766096241274
0.750000000,-0.187500000,-1.60048484885,-0.760230303203
0.765625000,-0.187500000,-1.57246197592,-0.746919438563
0.781250000,-0.187500000,-1.52689724962,-0.725276193571
0.796875000,-0.187500000,-1.46181304811,-0.694361197853
0.812500000,-0.187500000,-1.37512615201,-0.653184922203
0.828125000,-0.187500000,-1.26465372942,-0.600710521474
0.843750000,-0.187500000,-1.12812210749,-0.535858001058
0.859375000,-0.187500000,-0.963178929541,-0.457509991532
0.875000000,-0.187500000,-0.767409418109,-0.364519473602
0.890625000,-0.187500000,-0.538357605665,-0.255719862691
0.906250000,-0.187500000,-0.273553570606,-0.129937946038
0.921875000,-0.187500000,0.0294520745137,0.0139897353940
0.937500000,-0.187500000,0.373044941229,0.177196347084
0.953125000,-0.187500000,0.759493054349,0.360759200816
0.968750000,-0.187500000,,
0.984375000,-0.187500000,,
1.000000000,-0.187500000,,
-1.000000000,-0.171875000,,
-0.984375000,-0.171875000,,
-0.968750000,-0.171875000,,
-0.953125000,-0.171875000,0.784909411236,0.372831970337
-0.937500000,-0.171875000,0.396088002078,0.188141800987
-0.921875000,-0.171875000,0.0506168154202,0.0240429873246
-0.906250000,-0.171875000,-0.253863157784,-0.120584999948
-0.890625000,-0.171875000,-0.519815365519,-0.246912298621
-0.875000000,-0.171875000,-0.749755640412,-0.356133929195
-0.859375000,-0.171875000,-0.946210467597,-0.449449972108
-0.843750000,-0.171875000,-1.11168380060,-0.528049805287
-0.828125000,-0.171875000,-1.24863095210,-0.593099702249
-0.812500000,-0.171875000,-1.35943834070,-0.645733211834
-0.796875000,-0.171875000,-1.44640807688,-0.687043836518
-0.781250000,-0.171875000,-1.51174654557,-0.718079609145
-0.765625000,-0.171875000,-1.55755627974,-0.739839232875
-0.750000000,-0.171875000,-1.58583053896,-0.753269506004
-0.734375000,-0.171875000,-1.59845010191,-0.759263798408
-0.718750000,-0.171875000,-1.59718186477,-0.758661385766
-0.703125000,-0.171875000,-1.58367890195,-0.752247478428
-0.687500000,-0.171875000,-1.55948170476,-0.740753809762
-0.671875000,-0.171875000,-1.52602035793,-0.724859670017
-0.656250000,-0.171875000,-1.48461745606,-0.705193291629
-0.640625000,-0.171875000,-1.43649159268,-0.682333506522
-0.625000000,-0.171875000,-1.38276128333,-0.656811609583
-0.609375000,-0.171875000,-1.32444920885,-0.629113374203
-0.593750000,-0.171875000,-1.26248668063,-0.599681173301
-0.578125000,-0.171875000,-1.19771825142,-0.568916169425
-0.562500000,-0.171875000,-1.13090640429,-0.537180542036
-0.546875000,-0.171875000,-1.06273626727,-0.504799726952
-0.531250000,-0.171875000,-0.993820309097,-0.472064646821
-0.515625000,-0.171875000,-0.924702981163,-0.439233916053
-0.500000000,-0.171875000,-0.855865276810,-0.406536006485
-0.484375000,-0.171875000,-0.787729184408,-0.374171362594
-0.468750000,-0.171875000,-0.720662017845,-0.342314458476
-0.453125000,-0.171875000,-0.654980609463,-0.311115789495
-0.437500000,-0.171875000,-0.590955355516,-0.280703793870
-0.421875000,-0.171875000,-0.528814106585,-0.251186700628
-0.406250000,-0.171875000,-0.468745897500,-0.222654301312
-0.390625000,-0.171875000,-0.410904515043,-0.195179644645
-0.375000000,-0.171875000,-0.355411899423,-0.168820652226
-0.359375000,-0.171875000,-0.302361381861,-0.143621656384
-0.343750000,-0.171875000,-0.251820757084,-0.119614859615
-0.328125000,-0.171875000,-0.203835194132,-0.0968217172127
-0.312500000,-0.171875000,-0.158429986641,-0.0752542436545
-0.296875000,-0.171875000,-0.115613145916,-0.0549162443103
-0.281250000,-0.171875000,-0.0753778399929,-0.0358044739966
-0.265625000,-0.171875000,-0.0377046830471,-0.0179097244474
-0.250000000,-0.171875000,-0.00256387733385,-0.00121784173358
-0.234375000,-0.171875000,0.0300827872748,0.0142893239555
-0.218750000,-0.171875000,0.0602800721527,0.0286330342725
-0.203125000,-0.171875000,0.0880775642208,0.0418368430049
-0.187500000,-0.171875000,0.113528081852,0.0539258388795
-0.171875000,-0.171875000,0.136686206765,0.0649259482136
-0.156250000,-0.171875000,0.157606941763,0.0748632973372
-0.140625000,-0.171875000,0.176344487382,0.0837636315067
-0.125000000,-0.171875000,0.192951137388,0.0916517902592
-0.109375000,-0.171875000,0.207476287117,0.0985512363807
-0.093750000,-0.171875000,0.219943856427,0.104473331803
-0.078125000,-0.171875000,0.230448785107,0.109463172926
-0.062500000,-0.171875000,0.238990320030,0.113520402014
-0.046875000,-0.171875000,0.245600086185,0.116660040938
-0.031250000,-0.171875000,0.250303146681,0.118893994673
-0.015625000,-0.171875000,0.253117652834,0.120230885096
0.000000000,-0.171875000,0.254054594888,0.120675932572
0.015625000,-0.171875000,0.253117652834,0.120230885096
0.031250000,-0.171875000,0.250303146681,0.118893994673
0.046875000,-0.171875000,0.245600086185,0.116660040938
0.062500000,-0.171875000,0.238990320030,0.113520402014
0.078125000,-0.171875000,0.230448785107,0.109463172926
0.093750000,-0.171875000,0.219943856427,0.104473331803
0.109375000,-0.171875000,0.207476287117,0.0985512363807
0.125000000,-0.171875000,0.192951137388,0.0916517902592
0.140625000,-0.171875000,0.176344487382,0.0837636315067
0.156250000,-0.171875000,0.157606941763,0.0748632973372
0.171875000,-0.171875000,0.136686206765,0.0649259482136
0.187500000,-0.171875000,0.113528081852,0.0539258388795
0.203125000,-0.171875000,0.0880775642208,0.0418368430049
0.218750000,-0.171875000,0.0602800721527,0.0286330342725
0.234375000,-0.171875000,0.0300827872748,0.0142893239555
0.250000000,-0.171875000,-0.00256387733385,-0.00121784173358
0.265625000,-0.171875000,-0.0377046830471,-0.0179097244474
0.281250000,-0.171875000,-0.0753778399929,-0.0358044739966
0.296875000,-0.171875000,-0.115613145916,-0.0549162443103
0.312500000,-0.171875000,-0.158429986641,-0.0752542436545
0.328125000,-0.171875000,-0.203835194132,-0.0968217172127
0.343750000,-0.171875000,-0.251820757084,-0.119614859615
0.359375000,-0.171875000,-0.302361381861,-0.143621656384
0.375000000,-0.171875000,-0.355411899423,-0.168820652226
0.390625000,-0.171875000,-0.410904515043,-0.195179644645
0.406250000,-0.171875000,-0.468745897500,-0.222654301312
0.421875000,-0.171875000,-0.528814106585,-0.251186700628
0.437500000,-0.171875000,-0.590955355516,-0.280703793870
0.453125000,-0.171875000,-0.654980609463,-0.311115789495
0.468750000,-0.171875000,-0.720662017845,-0.342314458476
0.484375000,-0.171875000,-0.787729184408,-0.374171362594
0.500000000,-0.171875000,-0.855865276810,-0.406536006485
0.515625000,-0.171875000,-0.924702981163,-0.439233916053
0.531250000,-0.171875000,-0.993820309097,-0.472064646821
0.546875000,-0.171875000,-1.06273626727,-0.504799726952
0.562500000,-0.171875000,-1.13090640429,-0.537180542036
0.578125000,-0.171875000,-1.19771825142,-0.568916169425
0.593750000,-0.171875000,-1.26248668063,-0.599681173301
0.609375000,-0.171875000,-1.32444920885,-0.629113374203
0.625000000,-0.171875000,-1.38276128333,-0.656811609583
0.640625000,-0.171875000,-1.43649159268,-0.682333506522
0.656250000,-0.171875000,-1.48461745606,-0.705193291629
0.671875000,-0.171875000,-1.52602035793,-0.724859670017
0.687500000,-0.171875000,-1.55948170476,-0.740753809762
0.703125000,-0.171875000,-1.58367890195,-0.752247478428
0.718750000,-0.171875000,-1.59718186477,-0.758661385766
0.734375000,-0.171875000,-1.59845010191,-0.759263798408
0.750000000,-0.171875000,-1.58583053896,-0.753269506004
0.765625000,-0.171875000,-1.55755627974,-0.739839232875
0.781250000,-0.171875000,-1.51174654557,-0.718079609145
0.796875000,-0.171875000,-1.44640807688,-0.687043836518
0.812500000,-0.171875000,-1.35943834070,-0.645733211834
0.828125000,-0.171875000,-1.24863095210,-0.593099702249
0.843750000,-0.171875000,-1.11168380060,-0.528049805287
0.859375000,-0.171875000,-0.946210467597,-0.449449972108
0.875000000,-0.171875000,-0.749755640412,-0.356133929195
0.890625000,-0.171875000,-0.519815365519,-0.246912298621
0.906250000,-0.171875000,-0.253863157784,-0.120584999948
0.921875000,-0.171875000,0.0506168154202,0.0240429873246
0.937500000,-0.171875000,0.396088002078,0.188141800987
0.953125000,-0.171875000,0.784909411236,0.372831970337
0.968750000,-0.171875000,,
0.984375000,-0.171875000,,
1.000000000,-0.171875000,,
-1.000000000,-0.156250000,,
-0.984375000,-0.156250000,,
-0.968750000,-0.156250000,,
-0.953125000,-0.156250000,0.818541475172,0.388807200707
-0.937500000,-0.156250000,0.426980838256,0.202815898172
-0.921875000,-0.156250000,0.0792509641168,0.0376442079555
-0.906250000,-0.156250000,-0.227092038566,-0.107868718319
-0.890625000,-0.156250000,-0.494584380686,-0.234927580826
-0.875000000,-0.156250000,-0.725804135080,-0.344756964163
-0.859375000,-0.156250000,-0.923330883064,-0.438582169455
-0.843750000,-0.156250000,-1.08971372130,-0.517614017619
-0.828125000,-0.156250000,-1.22744618619,-0.583036938443
-0.812500000,-0.156250000,-1.33894689823,-0.635999776659
-0.796875000,-0.156250000,-1.42654493057,-0.677608842021
-0.781250000,-0.156250000,-1.49246907392,-0.708922810113
-0.765625000,-0.156250000,-1.53884030721,-0.730949145924
-0.750000000,-0.156250000,-1.56766689860,-0.744641776837
-0.734375000,-0.156250000,-1.58084165702,-0.750899787086
-0.718750000,-0.156250000,-1.58014093251,-0.750566942943
-0.703125000,-0.156250000,-1.56722503102,-0.744431889735
-0.687500000,-0.156250000,-1.54363976409,-0.733228887943
-0.671875000,-0.156250000,-1.51081889949,-0.717638977257
-0.656250000,-0.156250000,-1.47008731861,-0.698291476340
-0.640625000,-0.156250000,-1.42266471706,-0.675765740606
-0.625000000,-0.156250000,-1.36966971602,-0.650593115111
-0.609375000,-0.156250000,-1.31212426760,-0.623259027110
-0.593750000,-0.156250000,-1.25095826596,-0.594205176329
-0.578125000,-0.156250000,-1.18701428386,-0.563831784834
-0.562500000,-0.156250000,-1.12105237264,-0.532499877002
-0.546875000,-0.156250000,-1.05375487357,-0.500533564946
-0.531250000,-0.156250000,-0.985731198256,-0.468222319171
-0.515625000,-0.156250000,-0.917522543660,-0.435823208239
-0.500000000,-0.156250000,-0.849606514597,-0.403563094434
-0.484375000,-0.156250000,-0.782401632032,-0.371640775215
-0.468750000,-0.156250000,-0.716271709932,-0.340229062218
-0.453125000,-0.156250000,-0.651530087678,-0.309476791647
-0.437500000,-0.156250000,-0.588443709516,-0.279510762020
-0.421875000,-0.156250000,-0.527237042577,-0.250437595224
-0.406250000,-0.156250000,-0.468095830047,-0.222345519272
-0.390625000,-0.156250000,-0.411170676997,-0.195306071574
-0.375000000,-0.156250000,-0.356580467285,-0.169375721961
-0.359375000,-0.156250000,-0.304415611616,-0.144597415517
-0.343750000,-0.156250000,-0.254741129348,-0.121002036440
-0.328125000,-0.156250000,-0.207599563986,-0.0986097928933
-0.312500000,-0.156250000,-0.163013737562,-0.0774315253420
-0.296875000,-0.156250000,-0.120989344797,-0.0574699387784
-0.281250000,-0.156250000,-0.0815173923150,-0.0387207613496
-0.265625000,-0.156250000,-0.0445764858914,-0.0211738307984
-0.250000000,-0.156250000,-0.0101349701097,-0.00481411080212
-0.234375000,-0.156250000,0.0218470759607,0.0103773610813
-0.218750000,-0.156250000,0.0514159824692,0.0244225916729
-0.203125000,-0.156250000,0.0786227680075,0.0373458148036
-0.187500000,-0.156250000,0.103521550302,0.0491727363932
-0.171875000,-0.156250000,0.126168085068,0.0599298404071
-0.156250000,-0.156250000,0.146618428188,0.0696437533892
-0.140625000,-0.156250000,0.164927719144,0.0783406665936
-0.125000000,-0.156250000,0.181149081636,0.0860458137770
-0.109375000,-0.156250000,0.195332637617,0.0927830028680
-0.093750000,-0.156250000,0.207505840175,0.0985652740833
-0.078125000,-0.156250000,0.217757494226,0.103434809757
-0.062500000,-0.156250000,0.226091220868,0.107393329912
-0.046875000,-0.156250000,0.232538998013,0.110456024056
-0.031250000,-0.156250000,0.237126160336,0.112634926159
-0.015625000,-0.156250000,0.239871051238,0.113938749338
0.000000000,-0.156250000,0.240784775552,0.114372768387
0.015625000,-0.156250000,0.239871051238,0.113938749338
0.031250000,-0.156250000,0.237126160336,0.112634926159
0.046875000,-0.156250000,0.232538998013,0.110456024056
0.062500000,-0.156250000,0.226091220868,0.107393329912
0.078125000,-0.156250000,0.217757494226,0.103434809757
0.093750000,-0.156250000,0.207505840175,0.0985652740833
0.109375000,-0.156250000,0.195332637617,0.0927830028680
0.125000000,-0.156250000,0.181149081636,0.0860458137770
0.140625000,-0.156250000,0.164927719144,0.0783406665936
0.156250000,-0.156250000,0.146618428188,0.0696437533892
0.171875000,-0.156250000,0.126168085068,0.0599298404071
0.187500000,-0.156250000,0.103521550302,0.0491727363932
0.203125000,-0.156250000,0.0786227680075,0.0373458148036
0.218750000,-0.156250000,0.0514159824692,0.0244225916729
0.234375000,-0.156250000,0.0218470759607,0.0103773610813
0.250000000,-0.156250000,-0.0101349701097,-0.00481411080212
0.265625000,-0.156250000,-0.0445764858914,-0.0211738307984
0.281250000,-0.156250000,-0.0815173923150,-0.0387207613496
0.296875000,-0.156250000,-0.120989344797,-0.0574699387784
0.312500000,-0.156250000,-0.163013737562,-0.0774315253420
0.328125000,-0.156250000,-0.207599563986,-0.0986097928933
0.343750000,-0.156250000,-0.254741129348,-0.121002036440
0.359375000,-0.156250000,-0.304415611616,-0.144597415517
0.375000000,-0.156250000,-0.356580467285,-0.169375721961
0.390625000,-0.156250000,-0.411170676997,-0.195306071574
0.406250000,-0.156250000,-0.468095830047,-0.222345519272
0.421875000,-0.156250000,-0.527237042577,-0.250437595224
0.437500000,-0.156250000,-0.588443709516,-0.279510762020
0.453125000,-0.156250000,-0.651530087678,-0.309476791647
0.468750000,-0.156250000,-0.716271709932,-0.340229062218
0.484375000,-0.156250000,-0.782401632032,-0.371640775215
0.500000000,-0.156250000,-0.849606514597,-0.403563094434
0.515625000,-0.156250000,-0.917522543660,-0.435823208239
0.531250000,-0.156250000,-0.985731198256,-0.468222319171
0.546875000,-0.156250000,-1.05375487357,-0.500533564946
0.562500000,-0.156250000,-1.12105237264,-0.532499877002
0.578125000,-0.156250000,-1.18701428386,-0.563831784834
0.593750000,-0.156250000,-1.25095826596,-0.594205176329
0.609375000,-0.156250000,-1.31212426760,-0.623259027110
0.625000000,-0.156250000,-1.36966971602,-0.650593115111
0.640625000,-0.156250000,-1.42266471706,-0.675765740606
0.656250000,-0.156250000,-1.47008731861,-0.698291476340
0.671875000,-0.156250000,-1.51081889949,-0.717638977257
0.687500000,-0.156250000,-1.54363976409,-0.733228887943
0.703125000,-0.156250000,-1.56722503102,-0.744431889735
0.718750000,-0.156250000,-1.58014093251,-0.750566942943
0.734375000,-0.156250000,-1.58084165702,-0.750899787086
0.750000000,-0.156250000,-1.56766689860,-0.744641776837
0.765625000,-0.156250000,-1.53884030721,-0.730949145924
0.781250000,-0.156250000,-1.49246907392,-0.708922810113
0.796875000,-0.156250000,-1.42654493057,-0.677608842021
0.812500000,-0.156250000,-1.33894689823,-0.635999776659
0.828125000,-0.156250000,-1.22744618619,-0.583036938443
0.843750000,-0.156250000,-1.08971372130,-0.517614017619
0.859375000,-0.156250000,-0.923330883064,-0.438582169455
0.875000000,-0.156250000,-0.725804135080,-0.344756964163
0.890625000,-0.156250000,-0.494584380686,-0.234927580826
0.906250000,-0.156250000,-0.227092038566,-0.107868718319
0.921875000,-0.156250000,0.0792509641168,0.0376442079555
0.937500000,-0.156250000,0.426980838256,0.202815898172
0.953125000,-0.156250000,0.818541475172,0.388807200707
0.968750000,-0.156250000,,
0.984375000,-0.156250000,,
1.000000000,-0.156250000,,
-1.000000000,-0.140625000,,
-0.984375000,-0.140625000,,
-0.968750000,-0.140625000,,
-0.953125000,-0.140625000,0.860696283868,0.408830734838
-0.937500000,-0.140625000,0.465988087744,0.221344341678
-0.921875000,-0.140625000,0.115580953590,0.0549009529554
-0.906250000,-0.140625000,-0.193048213024,-0.0916979011865
-0.890625000,-0.140625000,-0.462503679310,-0.219689247672
-0.875000000,-0.140625000,-0.695421875412,-0.330325390821
-0.859375000,-0.140625000,-0.894432292382,-0.424855338881
-0.843750000,-0.140625000,-1.06212657512,-0.504510123184
-0.828125000,-0.140625000,-1.20103439117,-0.570491335806
-0.812500000,-0.140625000,-1.31360489749,-0.623962326309
-0.796875000,-0.140625000,-1.40219282773,-0.666041593172
-0.781250000,-0.140625000,-1.46904838626,-0.697797983473
-0.765625000,-0.140625000,-1.51631026973,-0.720247378121
-0.750000000,-0.140625000,-1.54600125240,-0.734350594891
-0.734375000,-0.140625000,-1.56002586254,-0.741012284708
-0.718750000,-0.140625000,-1.56016975789,-0.741080634996
-0.703125000,-0.140625000,-1.54810046949,-0.735347723010
-0.687500000,-0.140625000,-1.52536924227,-0.724550390078
-0.671875000,-0.140625000,-1.49341374205,-0.709371527472
-0.656250000,-0.140625000,-1.45356143811,-0.690441683100
-0.640625000,-0.140625000,-1.40703350384,-0.668340914323
-0.625000000,-0.140625000,-1.35494910217,-0.643600823532
-0.609375000,-0.140625000,-1.29832994657,-0.616706724623
-0.593750000,-0.140625000,-1.23810504674,-0.588099897199
-0.578125000,-0.140625000,-1.17511556490,-0.558179893326
-0.562500000,-0.140625000,-1.11011971992,-0.527306866964
-0.546875000,-0.140625000,-1.04379768947,-0.495803902500
-0.531250000,-0.140625000,-0.976756469860,-0.463959323184
-0.515625000,-0.140625000,-0.909534660249,-0.432028963618
-0.500000000,-0.140625000,-0.842607143925,-0.400238393364
-0.484375000,-0.140625000,-0.776389648072,-0.368785082834
-0.468750000,-0.140625000,-0.711243163797,-0.337840502804
-0.453125000,-0.140625000,-0.647478215743,-0.307552152478
-0.437500000,-0.140625000,-0.585358971837,-0.278045511623
-0.421875000,-0.140625000,-0.525107187103,-0.249425913874
-0.406250000,-0.140625000,-0.466905977761,-0.221780339437
-0.390625000,-0.140625000,-0.410903423202,-0.195179126021
-0.375000000,-0.140625000,-0.357215995896,-0.169677598050
-0.359375000,-0.140625000,-0.305931819014,-0.145317614032
-0.343750000,-0.140625000,-0.257113754872,-0.122129033564
-0.328125000,-0.140625000,-0.210802324680,-0.100131104223
-0.312500000,-0.140625000,-0.167018464491,-0.0793337706331
-0.296875000,-0.140625000,-0.125766119857,-0.0597389069322
-0.281250000,-0.140625000,-0.0870346834386,-0.0413414746333
-0.265625000,-0.140625000,-0.0508012794125,-0.0241306077210
-0.250000000,-0.140625000,-0.0170328990347,-0.00809062704148
-0.234375000,-0.140625000,0.0143116083681,0.00679801397483
-0.218750000,-0.140625000,0.0432796845000,0.0205578501375
-0.203125000,-0.140625000,0.0699233473252,0.0332135899795
-0.187500000,-0.140625000,0.0942976084277,0.0447913640032
-0.171875000,-0.140625000,0.116459017794,0.0553180334520
-0.156250000,-0.140625000,0.136464333211,0.0648205582750
-0.140625000,-0.140625000,0.154369309601,0.0733254220603
-0.125000000,-0.140625000,0.170227605987,0.0808581128440
-0.109375000,-0.140625000,0.184089805913,0.0874426578085
-0.093750000,-0.140625000,0.195984310270,0.0930925473783
-0.078125000,-0.140625000,0.205998962278,0.0978495070821
-0.062500000,-0.140625000,0.214138432070,0.101715755233
-0.046875000,-0.140625000,0.220434908561,0.104706581566
-0.031250000,-0.140625000,0.224913886548,0.106834096110
-0.015625000,-0.140625000,0.227593822357,0.108107065620
0.000000000,-0.140625000,0.228485887574,0.108530796597
0.015625000,-0.140625000,0.227593822357,0.108107065620
0.031250000,-0.140625000,0.224913886548,0.106834096110
0.046875000,-0.140625000,0.220434908561,0.104706581566
0.062500000,-0.140625000,0.214138432070,0.101715755233
0.078125000,-0.140625000,0.205998962278,0.0978495070821
0.093750000,-0.140625000,0.195984310270,0.0930925473783
0.109375000,-0.140625000,0.184089805913,0.0874426578085
0.125000000,-0.140625000,0.170227605987,0.0808581128440
0.140625000,-0.140625000,0.154369309601,0.0733254220603
0.156250000,-0.140625000,0.136464333211,0.0648205582750
0.171875000,-0.140625000,0.116459017794,0.0553180334520
0.187500000,-0.140625000,0.0942976084277,0.0447913640032
0.203125000,-0.140625000,0.0699233473252,0.0332135899795
0.218750000,-0.140625000,0.0432796845000,0.0205578501375
0.234375000,-0.140625000,0.0143116083681,0.00679801397483
0.250000000,-0.140625000,-0.0170328990347,-0.00809062704148
0.265625000,-0.140625000,-0.0508012794125,-0.0241306077210
0.281250000,-0.140625000,-0.0870346834386,-0.0413414746333
0.296875000,-0.140625000,-0.125766119857,-0.0597389069322
0.312500000,-0.140625000,-0.167018464491,-0.0793337706331
0.328125000,-0.140625000,-0.210802324680,-0.100131104223
0.343750000,-0.140625000,-0.257113754872,-0.122129033564
0.359375000,-0.140625000,-0.305931819014,-0.145317614032
0.375000000,-0.140625000,-0.357215995896,-0.169677598050
0.390625000,-0.140625000,-0.410903423202,-0.195179126021
0.406250000,-0.140625000,-0.466905977761,-0.221780339437
0.421875000,-0.140625000,-0.525107187103,-0.249425913874
0.437500000,-0.140625000,-0.585358971837,-0.278045511623
0.453125000,-0.140625000,-0.647478215743,-0.307552152478
0.468750000,-0.140625000,-0.711243163797,-0.337840502804
0.484375000,-0.140625000,-0.776389648072,-0.368785082834
0.500000000,-0.140625000,-0.842607143925,-0.400238393364
0.515625000,-0.140625000,-0.909534660249,-0.432028963618
0.531250000,-0.140625000,-0.976756469860,-0.463959323184
0.546875000,-0.140625000,-1.04379768947,-0.495803902500
0.562500000,-0.140625000,-1.11011971992,-0.527306866964
0.578125000,-0.140625000,-1.17511556490,-0.558179893326
0.593750000,-0.140625000,-1.23810504674,-0.588099897199
0.609375000,-0.140625000,-1.29832994657,-0.616706724623
0.625000000,-0.140625000,-1.35494910217,-0.643600823532
0.640625000,-0.140625000,-1.40703350384,-0.668340914323
0.656250000,-0.140625000,-1.45356143811,-0.690441683100
0.671875000,-0.140625000,-1.49341374205,-0.709371527472
0.687500000,-0.140625000,-1.52536924227,-0.724550390078
0.703125000,-0.140625000,-1.54810046949,-0.735347723010
0.718750000,-0.140625000,-1.56016975789,-0.741080634996
0.734375000,-0.140625000,-1.56002586254,-0.741012284708
0.750000000,-0.140625000,-1.54600125240,-0.734350594891
0.765625000,-0.140625000,-1.51631026973,-0.720247378121
0.781250000,-0.140625000,-1.46904838626,-0.697797983473
0.796875000,-0.140625000,-1.40219282773,-0.666041593172
0.812500000,-0.140625000,-1.31360489749,-0.623962326309
0.828125000,-0.140625000,-1.20103439117,-0.570491335806
0.843750000,-0.140625000,-1.06212657512,-0.504510123184
0.859375000,-0.140625000,-0.894432292382,-0.424855338881
0.875000000,-0.140625000,-0.695421875412,-0.330325390821
0.890625000,-0.140625000,-0.462503679310,-0.219689247672
0.906250000,-0.140625000,-0.193048213024,-0.0916979011865
0.921875000,-0.140625000,0.115580953590,0.0549009529554
0.937500000,-0.140625000,0.465988087744,0.221344341678
0.953125000,-0.140625000,0.860696283868,0.408830734838
0.968750000,-0.140625000,,
0.984375000,-0.140625000,,
1.000000000,-0.140625000,,
-1.000000000,-0.125000000,,
-0.984375000,-0.125000000,,
-0.968750000,-0.125000000,1.35720541121,0.644672570323
-0.953125000,-0.125000000,0.911668903892,0.433042729348
-0.937500000,-0.125000000,0.513363992582,0.243847896477
-0.921875000,-0.125000000,0.159824114472,0.0759164543742
-0.906250000,-0.125000000,-0.151547725106,-0.0719851694253
-0.890625000,-0.125000000,-0.423419472093,-0.201124249244
-0.875000000,-0.125000000,-0.658482318482,-0.312779101279
-0.859375000,-0.125000000,-0.859412732344,-0.408221047864
-0.843750000,-0.125000000,-1.02884253621,-0.488700204701
-0.828125000,-0.125000000,-1.16933563470,-0.555434426484
-0.812500000,-0.125000000,-1.28337023303,-0.609600860688
-0.796875000,-0.125000000,-1.37332558237,-0.652329651627
-0.781250000,-0.125000000,-1.44147245122,-0.684699414327
-0.765625000,-0.125000000,-1.48996665519,-0.707734161213
-0.750000000,-0.125000000,-1.52084508914,-0.722401417343
-0.734375000,-0.125000000,-1.53602379774,-0.729611303925
-0.718750000,-0.125000000,-1.53729769822,-0.730216406654
-0.703125000,-0.125000000,-1.52634163150,-0.725012274963
-0.687500000,-0.125000000,-1.50471247347,-0.714738424897
-0.671875000,-0.125000000,-1.47385208120,-0.700079738568
-0.656250000,-0.125000000,-1.43509088714,-0.681668171389
-0.640625000,-0.125000000,-1.38965198619,-0.660084693440
-0.625000000,-0.125000000,-1.33865558561,-0.635861403166
-0.609375000,-0.125000000,-1.28312371113,-0.609483762785
-0.593750000,-0.125000000,-1.22398508009,-0.581392913042
-0.578125000,-0.125000000,-1.16208006960,-0.551988033060
-0.562500000,-0.125000000,-1.09816571865,-0.521628716360
-0.546875000,-0.125000000,-1.03292071593,-0.490637340067
-0.531250000,-0.125000000,-0.966950334161,-0.459301408727
-0.515625000,-0.125000000,-0.900791278515,-0.427875857295
-0.500000000,-0.125000000,-0.834916423688,-0.396585301252
-0.484375000,-0.125000000,-0.769739420809,-0.365626224884
-0.468750000,-0.125000000,-0.705619158419,-0.335169100249
-0.453125000,-0.125000000,-0.642864065313,-0.305360431024
-0.437500000,-0.125000000,-0.581736249080,-0.276324718313
-0.421875000,-0.125000000,-0.522455462744,-0.248166344803
-0.406250000,-0.125000000,-0.465202897413,-0.220971376271
-0.390625000,-0.125000000,-0.410124798802,-0.194809279431
-0.375000000,-0.125000000,-0.357335908024,-0.169734556311
-0.359375000,-0.125000000,-0.306922727270,-0.145788295453
-0.343750000,-0.125000000,-0.258946612523,-0.122999640948
-0.328125000,-0.125000000,-0.213446696818,-0.101387180989
-0.312500000,-0.125000000,-0.170442645985,-0.0809602568428
-0.296875000,-0.125000000,-0.129937252403,-0.0617201948916
-0.281250000,-0.125000000,-0.0919188697792,-0.0436614631451
-0.265625000,-0.125000000,-0.0563636931103,-0.0267727542274
-0.250000000,-0.125000000,-0.0232378898022,-0.0110379976561
-0.234375000,-0.125000000,0.00750041560926,0.00356269741440
-0.218750000,-0.125000000,0.0358992972283,0.0170521661834
-0.203125000,-0.125000000,0.0620113195888,0.0294553768047
-0.187500000,-0.125000000,0.0858919623967,0.0407986821384
-0.171875000,-0.125000000,0.107598172906,0.0511091321301
-0.156250000,-0.125000000,0.127187042036,0.0604138449670
-0.140625000,-0.125000000,0.144714601408,0.0687394356687
-0.125000000,-0.125000000,0.160234737187,0.0761115001638
-0.109375000,-0.125000000,0.173798216693,0.0825541529291
-0.093750000,-0.125000000,0.185431903713,0.0880801542639
-0.078125000,-0.125000000,0.195227613479,0.0927331164024
-0.062500000,-0.125000000,0.203187851352,0.0965142293922
-0.046875000,-0.125000000,0.209344868135,0.0994388123639
-0.031250000,-0.125000000,0.213724203020,0.101518996434
-0.015625000,-0.125000000,0.216344341596,0.102763562258
0.000000000,-0.125000000,0.217216472541,0.103177824457
0.015625000,-0.125000000,0.216344341596,0.102763562258
0.031250000,-0.125000000,0.213724203020,0.101518996434
0.046875000,-0.125000000,0.209344868135,0.0994388123639
0.062500000,-0.125000000,0.203187851352,0.0965142293922
0.078125000,-0.125000000,0.195227613479,0.0927331164024
0.093750000,-0.125000000,0.185431903713,0.0880801542639
0.109375000,-0.125000000,0.173798216693,0.0825541529291
0.125000000,-0.125000000,0.160234737187,0.0761115001638
0.140625000,-0.125000000,0.144714601408,0.0687394356687
0.156250000,-0.125000000,0.127187042036,0.0604138449670
0.171875000,-0.125000000,0.107598172906,0.0511091321301
0.187500000,-0.125000000,0.0858919623967,0.0407986821384
0.203125000,-0.125000000,0.0620113195888,0.0294553768047
0.218750000,-0.125000000,0.0358992972283,0.0170521661834
0.234375000,-0.125000000,0.00750041560926,0.00356269741440
0.250000000,-0.125000000,-0.0232378898022,-0.0110379976561
0.265625000,-0.125000000,-0.0563636931103,-0.0267727542274
0.281250000,-0.125000000,-0.0919188697792,-0.0436614631451
0.296875000,-0.125000000,-0.129937252403,-0.0617201948916
0.312500000,-0.125000000,-0.170442645985,-0.0809602568428
0.328125000,-0.125000000,-0.213446696818,-0.101387180989
0.343750000,-0.125000000,-0.258946612523,-0.122999640948
0.359375000,-0.125000000,-0.306922727270,-0.145788295453
0.375000000,-0.125000000,-0.357335908024,-0.169734556311
0.390625000,-0.125000000,-0.410124798802,-0.194809279431
0.406250000,-0.125000000,-0.465202897413,-0.220971376271
0.421875000,-0.125000000,-0.522455462744,-0.248166344803
0.437500000,-0.125000000,-0.581736249080,-0.276324718313
0.453125000,-0.125000000,-0.642864065313,-0.305360431024
0.468750000,-0.125000000,-0.705619158419,-0.335169100249
0.484375000,-0.125000000,-0.769739420809,-0.365626224884
0.500000000,-0.125000000,-0.834916423688,-0.396585301252
0.515625000,-0.125000000,-0.900791278515,-0.427875857295
0.531250000,-0.125000000,-0.966950334161,-0.459301408727
0.546875000,-0.125000000,-1.03292071593,-0.490637340067
0.562500000,-0.125000000,-1.09816571865,-0.521628716360
0.578125000,-0.125000000,-1.16208006960,-0.551988033060
0.593750000,-0.125000000,-1.22398508009,-0.581392913042
0.609375000,-0.125000000,-1.28312371113,-0.609483762785
0.625000000,-0.125000000,-1.33865558561,-0.635861403166
0.640625000,-0.125000000,-1.38965198619,-0.660084693440
0.656250000,-0.125000000,-1.43509088714,-0.681668171389
0.671875000,-0.125000000,-1.47385208120,-0.700079738568
0.687500000,-0.125000000,-1.50471247347,-0.714738424897
0.703125000,-0.125000000,-1.52634163150,-0.725012274963
0.718750000,-0.125000000,-1.53729769822,-0.730216406654
0.734375000,-0.125000000,-1.53602379774,-0.729611303925
0.750000000,-0.125000000,-1.52084508914,-0.722401417343
0.765625000,-0.125000000,-1.48996665519,-0.707734161213
0.781250000,-0.125000000,-1.44147245122,-0.684699414327
0.796875000,-0.125000000,-1.37332558237,-0.652329651627
0.812500000,-0.125000000,-1.28337023303,-0.609600860688
0.828125000,-0.125000000,-1.16933563470,-0.555434426484
0.843750000,-0.125000000,-1.02884253621,-0.488700204701
0.859375000,-0.125000000,-0.859412732344,-0.408221047864
0.875000000,-0.125000000,-0.658482318482,-0.312779101279
0.890625000,-0.125000000,-0.423419472093,-0.201124249244
0.906250000,-0.125000000,-0.151547725106,-0.0719851694253
0.921875000,-0.125000000,0.159824114472,0.0759164543742
0.937500000,-0.125000000,0.513363992582,0.243847896477
0.953125000,-0.125000000,0.911668903892,0.433042729348
0.968750000,-0.125000000,1.35720541121,0.644672570323
0.984375000,-0.125000000,,
1.000000000,-0.125000000,,
-1.000000000,-0.109375000,,
-0.984375000,-0.109375000,,
-0.968750000,-0.109375000,1.42190861724,0.675406593188
-0.953125000,-0.109375000,0.971745868775,0.461579287668
-0.937500000,-0.109375000,0.569355629529,0.270443924026
-0.921875000,-0.109375000,0.212191723188,0.100791068514
-0.906250000,-0.109375000,-0.102411776408,-0.0486455937939
-0.890625000,-0.109375000,-0.377182408894,-0.179161644225
-0.875000000,-0.109375000,-0.614862790056,-0.292059825277
-0.859375000,-0.109375000,-0.818173660080,-0.388632488538
-0.843750000,-0.109375000,-0.989784850015,-0.470147803757
-0.828125000,-0.109375000,-1.13229278843,-0.537839074505
-0.812500000,-0.109375000,-1.24820340202,-0.592896615960
-0.796875000,-0.109375000,-1.33991946170,-0.636461744306
-0.781250000,-0.109375000,-1.40973158288,-0.669622501866
-0.765625000,-0.109375000,-1.45981222098,-0.693410804966
-0.750000000,-0.109375000,-1.49221211567,-0.708800754944
-0.734375000,-0.109375000,-1.50885872570,-0.716707894705
-0.718750000,-0.109375000,-1.51155627309,-0.717989229718
-0.703125000,-0.109375000,-1.50198707962,-0.713443862818
-0.687500000,-0.109375000,-1.48171393011,-0.703814116802
-0.671875000,-0.109375000,-1.45218324193,-0.689787039915
-0.656250000,-0.109375000,-1.41472885692,-0.671996207038
-0.640625000,-0.109375000,-1.37057630274,-0.651023743800
-0.625000000,-0.109375000,-1.32084739707,-0.627402513610
-0.609375000,-0.109375000,-1.26656508973,-0.601618417621
-0.593750000,-0.109375000,-1.20865845569,-0.574112766452
-0.578125000,-0.109375000,-1.14796776784,-0.545284689723
-0.562500000,-0.109375000,-1.08524959149,-0.515493555960
-0.546875000,-0.109375000,-1.02118185215,-0.485061379773
-0.531250000,-0.109375000,-0.956368840030,-0.454275199014
-0.515625000,-0.109375000,-0.891346118017,-0.423389406058
-0.500000000,-0.109375000,-0.826585311069,-0.392628022758
-0.484375000,-0.109375000,-0.762498757228,-0.362186909683
-0.468750000,-0.109375000,-0.699444005252,-0.332235902495
-0.453125000,-0.109375000,-0.637728149476,-0.302920871001
-0.437500000,-0.109375000,-0.577611993502,-0.274365696914
-0.421875000,-0.109375000,-0.519314037488,-0.246674167807
-0.406250000,-0.109375000,-0.463014287434,-0.219931786531
-0.390625000,-0.109375000,-0.408857884221,-0.194207495005
-0.375000000,-0.109375000,-0.356958553106,-0.169555312725
-0.359375000,-0.109375000,-0.307401875699,-0.146015890957
-0.343750000,-0.109375000,-0.260248385984,-0.123617983343
-0.328125000,-0.109375000,-0.215536494403,-0.102379834842
-0.312500000,-0.109375000,-0.173285243011,-0.0823104904301
-0.296875000,-0.109375000,-0.133496896269,-0.0634110257279
-0.281250000,-0.109375000,-0.0961593716182,-0.0456757015186
-0.265625000,-0.109375000,-0.0612485147035,-0.0290930444842
-0.250000000,-0.109375000,-0.0287302235089,-0.0136468561667
-0.234375000,-0.109375000,0.00143757335174,0.000682847342076
-0.218750000,-0.109375000,0.0293030802088,0.0139189630992
-0.203125000,-0.109375000,0.0549189340648,0.0260864936808
-0.187500000,-0.109375000,0.0783406372209,0.0372118026799
-0.171875000,-0.109375000,0.0996251179866,0.0473219310437
-0.156250000,-0.109375000,0.118829415107,0.0564439721759
-0.140625000,-0.109375000,0.136009482416,0.0646045041477
-0.125000000,-0.109375000,0.151219110196,0.0718290773429
-0.109375000,-0.109375000,0.164508959245,0.0781417556412
-0.093750000,-0.109375000,0.175901574872,0.0835532480642
-0.078125000,-0.109375000,0.185498231582,0.0881116600013
-0.062500000,-0.109375000,0.193295770973,0.0918154912122
-0.046875000,-0.109375000,0.199326349577,0.0946800160492
-0.031250000,-0.109375000,0.203615429304,0.0967173289193
-0.015625000,-0.109375000,0.206181438381,0.0979361832308
0.000000000,-0.109375000,0.207035530189,0.0983418768399
0.015625000,-0.109375000,0.206181438381,0.0979361832308
0.031250000,-0.109375000,0.203615429304,0.0967173289193
0.046875000,-0.109375000,0.199326349577,0.0946800160492
0.062500000,-0.109375000,0.193295770973,0.0918154912122
0.078125000,-0.109375000,0.185498231582,0.0881116600013
0.093750000,-0.109375000,0.175901574872,0.0835532480642
0.109375000,-0.109375000,0.164508959245,0.0781417556412
0.125000000,-0.109375000,0.151219110196,0.0718290773429
0.140625000,-0.109375000,0.136009482416,0.0646045041477
0.156250000,-0.109375000,0.118829415107,0.0564439721759
0.171875000,-0.109375000,0.0996251179866,0.0473219310437
0.187500000,-0.109375000,0.0783406372209,0.0372118026799
0.203125000,-0.109375000,0.0549189340648,0.0260864936808
0.218750000,-0.109375000,0.0293030802088,0.0139189630992
0.234375000,-0.109375000,0.00143757335174,0.000682847342076
0.250000000,-0.109375000,-0.0287302235089,-0.0136468561667
0.265625000,-0.109375000,-0.0612485147035,-0.0290930444842
0.281250000,-0.109375000,-0.0961593716182,-0.0456757015186
0.296875000,-0.109375000,-0.133496896269,-0.0634110257279
0.312500000,-0.109375000,-0.173285243011,-0.0823104904301
0.328125000,-0.109375000,-0.215536494403,-0.102379834842
0.343750000,-0.109375000,-0.260248385984,-0.123617983343
0.359375000,-0.109375000,-0.307401875699,-0.146015890957
0.375000000,-0.109375000,-0.356958553106,-0.169555312725
0.390625000,-0.109375000,-0.408857884221,-0.194207495005
0.406250000,-0.109375000,-0.463014287434,-0.219931786531
0.421875000,-0.109375000,-0.519314037488,-0.246674167807
0.437500000,-0.109375000,-0.577611993502,-0.274365696914
0.453125000,-0.109375000,-0.637728149476,-0.302920871001
0.468750000,-0.109375000,-0.699444005252,-0.332235902495
0.484375000,-0.109375000,-0.762498757228,-0.362186909683
0.500000000,-0.109375000,-0.826585311069,-0.392628022758
0.515625000,-0.109375000,-0.891346118017,-0.423389406058
0.531250000,-0.109375000,-0.956368840030,-0.454275199014
0.546875000,-0.109375000,-1.02118185215,-0.485061379773
0.562500000,-0.109375000,-1.08524959149,-0.515493555960
0.578125000,-0.109375000,-1.14796776784,-0.545284689723
0.593750000,-0.109375000,-1.20865845569,-0.574112766452
0.609375000,-0.109375000,-1.26656508973,-0.601618417621
0.625000000,-0.109375000,-1.32084739707,-0.627402513610
0.640625000,-0.109375000,-1.37057630274,-0.651023743800
0.656250000,-0.109375000,-1.41472885692,-0.671996207038
0.671875000,-0.109375000,-1.45218324193,-0.689787039915
0.687500000,-0.109375000,-1.48171393011,-0.703814116802
0.703125000,-0.109375000,-1.50198707962,-0.713443862818
0.718750000,-0.109375000,-1.51155627309,-0.717989229718
0.734375000,-0.109375000,-1.50885872570,-0.716707894705
0.750000000,-0.109375000,-1.49221211567,-0.708800754944
0.765625000,-0.109375000,-1.45981222098,-0.693410804966
0.781250000,-0.109375000,-1.40973158288,-0.669622501866
0.796875000,-0.109375000,-1.33991946170,-0.636461744306
0.812500000,-0.109375000,-1.24820340202,-0.592896615960
0.828125000,-0.109375000,-1.13229278843,-0.537839074505
0.843750000,-0.109375000,-0.989784850015,-0.470147803757
0.859375000,-0.109375000,-0.818173660080,-0.388632488538
0.875000000,-0.109375000,-0.614862790056,-0.292059825277
0.890625000,-0.109375000,-0.377182408894,-0.179161644225
0.906250000,-0.109375000,-0.102411776408,-0.0486455937939
0.921875000,-0.109375000,0.212191723188,0.100791068514
0.937500000,-0.109375000,0.569355629529,0.270443924026
0.953125000,-0.109375000,0.971745868775,0.461579287668
0.968750000,-0.109375000,1.42190861724,0.675406593188
0.984375000,-0.109375000,,
1.000000000,-0.109375000,,
-1.000000000,-0.093750000,,
-0.984375000,-0.093750000,,
-0.968750000,-0.093750000,1.49651950013,0.710846762561
-0.953125000,-0.093750000,1.04120855536,0.494574063795
-0.937500000,-0.093750000,0.634206100603,0.301247897786
-0.921875000,-0.093750000,0.272892026615,0.129623712642
-0.906250000,-0.093750000,-0.0454638493416,-0.0215953284373
-0.890625000,-0.093750000,-0.323644834126,-0.153731296210
-0.875000000,-0.093750000,-0.564441858847,-0.268109882952
-0.859375000,-0.093750000,-0.770617434064,-0.366043281180
-0.843750000,-0.093750000,-0.944877412768,-0.448816771065
-0.828125000,-0.093750000,-1.08984919670,-0.517678368432
-0.812500000,-0.093750000,-1.20806525471,-0.573830995989
-0.796875000,-0.093750000,-1.30195101331,-0.618426731323
-0.781250000,-0.093750000,-1.37381633834,-0.652562760714
-0.765625000,-0.093750000,-1.42584995753,-0.677278729828
-0.750000000,-0.093750000,-1.46011628238,-0.693555234131
-0.734375000,-0.093750000,-1.47855417766,-0.702313234388
-0.718750000,-0.093750000,-1.48297730368,-0.704414219247
-0.703125000,-0.093750000,-1.47507571640,-0.700660965291
-0.687500000,-0.093750000,-1.45641846509,-0.691798770917
-0.671875000,-0.093750000,-1.42845696921,-0.678517060377
-0.656250000,-0.093750000,-1.39252899508,-0.661451272664
-0.640625000,-0.093750000,-1.34986307980,-0.641184962904
-0.625000000,-0.093750000,-1.30158328031,-0.618252058148
-0.609375000,-0.093750000,-1.24871414213,-0.593139217511
-0.593750000,-0.093750000,-1.19218580499,-0.566288257370
-0.578125000,-0.093750000,-1.13283917373,-0.538098607521
-0.562500000,-0.093750000,-1.07143109919,-0.508929772117
-0.546875000,-0.093750000,-1.00863952115,-0.479103772545
-0.531250000,-0.093750000,-0.945068537478,-0.448907555302
-0.515625000,-0.093750000,-0.881253368819,-0.418595350189
-0.500000000,-0.093750000,-0.817665195839,-0.388390968023
-0.484375000,-0.093750000,-0.754715850995,-0.358490029223
-0.468750000,-0.093750000,-0.692762350500,-0.329062116488
-0.453125000,-0.093750000,-0.632111257646,-0.300252847382
-0.437500000,-0.093750000,-0.573022869315,-0.272185862924
-0.421875000,-0.093750000,-0.515715222116,-0.244964730505
-0.406250000,-0.093750000,-0.460367915578,-0.218674759899
-0.390625000,-0.093750000,-0.407125751679,-0.193384732048
-0.375000000,-0.093750000,-0.356102191598,-0.169148541009
-0.359375000,-0.093750000,-0.307382631953,-0.146006750178
-0.343750000,-0.093750000,-0.261027502324,-0.123988063604
-0.328125000,-0.093750000,-0.217075188968,-0.103110714760
-0.312500000,-0.093750000,-0.175544787439,-0.0833837740337
-0.296875000,-0.093750000,-0.136438689543,-0.0648083775329
-0.281250000,-0.093750000,-0.0997450080311,-0.0473788788148
-0.265625000,-0.093750000,-0.0654398457485,-0.0310839267306
-0.250000000,-0.093750000,-0.0334894120104,-0.0159074707050
-0.234375000,-0.093750000,-0.00385199287870,-0.00182969661738
-0.218750000,-0.093750000,0.0235202207471,0.0111721048549
-0.203125000,-0.093750000,0.0486794421972,0.0231227350436
-0.187500000,-0.093750000,0.0716807305741,0.0340483470227
-0.171875000,-0.093750000,0.0925805603265,0.0439757661551
-0.156250000,-0.093750000,0.111435514751,0.0529318695067
-0.140625000,-0.093750000,0.128301099324,0.0609430221787
-0.125000000,-0.093750000,0.143230671102,0.0680345687736
-0.109375000,-0.093750000,0.156274480946,0.0742303784493
-0.093750000,-0.093750000,0.167478824688,0.0795524417267
-0.078125000,-0.093750000,0.176866644719,0.0840116562415
-0.062500000,-0.093750000,0.184519556726,0.0876467894448
-0.046875000,-0.093750000,0.190437921993,0.0904580129466
-0.031250000,-0.093750000,0.194646998120,0.0924573241072
-0.015625000,-0.093750000,0.197165065013,0.0936534058812
0.000000000,-0.093750000,0.198003186095,0.0940515133949
0.015625000,-0.093750000,0.197165065013,0.0936534058812
0.031250000,-0.093750000,0.194646998120,0.0924573241072
0.046875000,-0.093750000,0.190437921993,0.0904580129466
0.062500000,-0.093750000,0.184519556726,0.0876467894448
0.078125000,-0.093750000,0.176866644719,0.0840116562415
0.093750000,-0.093750000,0.167478824688,0.0795524417267
0.109375000,-0.093750000,0.156274480946,0.0742303784493
0.125000000,-0.093750000,0.143230671102,0.0680345687736
0.140625000,-0.093750000,0.128301099324,0.0609430221787
0.156250000,-0.093750000,0.111435514751,0.0529318695067
0.171875000,-0.093750000,0.0925805603265,0.0439757661551
0.187500000,-0.093750000,0.0716807305741,0.0340483470227
0.203125000,-0.093750000,0.0486794421972,0.0231227350436
0.218750000,-0.093750000,0.0235202207471,0.0111721048549
0.234375000,-0.093750000,-0.00385199287870,-0.00182969661738
0.250000000,-0.093750000,-0.0334894120104,-0.0159074707050
0.265625000,-0.093750000,-0.0654398457485,-0.0310839267306
0.281250000,-0.093750000,-0.0997450080311,-0.0473788788148
0.296875000,-0.093750000,-0.136438689543,-0.0648083775329
0.312500000,-0.093750000,-0.175544787439,-0.0833837740337
0.328125000,-0.093750000,-0.217075188968,-0.103110714760
0.343750000,-0.093750000,-0.261027502324,-0.123988063604
0.359375000,-0.093750000,-0.307382631953,-0.146006750178
0.375000000,-0.093750000,-0.356102191598,-0.169148541009
0.390625000,-0.093750000,-0.407125751679,-0.193384732048
0.406250000,-0.093750000,-0.460367915578,-0.218674759899
0.421875000,-0.093750000,-0.515715222116,-0.244964730505
0.437500000,-0.093750000,-0.573022869315,-0.272185862924
0.453125000,-0.093750000,-0.632111257646,-0.300252847382
0.468750000,-0.093750000,-0.692762350500,-0.329062116488
0.484375000,-0.093750000,-0.754715850995,-0.358490029223
0.500000000,-0.093750000,-0.817665195839,-0.388390968023
0.515625000,-0.093750000,-0.881253368819,-0.418595350189
0.531250000,-0.093750000,-0.945068537478,-0.448907555302
0.546875000,-0.093750000,-1.00863952115,-0.479103772545
0.562500000,-0.093750000,-1.07143109919,-0.508929772117
0.578125000,-0.093750000,-1.13283917373,-0.538098607521
0.593750000,-0.093750000,-1.19218580499,-0.566288257370
0.609375000,-0.093750000,-1.24871414213,-0.593139217511
0.625000000,-0.093750000,-1.30158328031,-0.618252058148
0.640625000,-0.093750000,-1.34986307980,-0.641184962904
0.656250000,-0.093750000,-1.39252899508,-0.661451272664
0.671875000,-0.093750000,-1.42845696921,-0.678517060377
0.687500000,-0.093750000,-1.45641846509,-0.691798770917
0.703125000,-0.093750000,-1.47507571640,-0.700660965291
0.718750000,-0.093750000,-1.48297730368,-0.704414219247
0.734375000,-0.093750000,-1.47855417766,-0.702313234388
0.750000000,-0.093750000,-1.46011628238,-0.693555234131
0.765625000,-0.093750000,-1.42584995753,-0.677278729828
0.781250000,-0.093750000,-1.37381633834,-0.652562760714
0.796875000,-0.093750000,-1.30195101331,-0.618426731323
0.812500000,-0.093750000,-1.20806525471,-0.573830995989
0.828125000,-0.093750000,-1.08984919670,-0.517678368432
0.843750000,-0.093750000,-0.944877412768,-0.448816771065
0.859375000,-0.093750000,-0.770617434064,-0.366043281180
0.875000000,-0.093750000,-0.564441858847,-0.268109882952
0.890625000,-0.093750000,-0.323644834126,-0.153731296210
0.906250000,-0.093750000,-0.0454638493416,-0.0215953284373
0.921875000,-0.093750000,0.272892026615,0.129623712642
0.937500000,-0.093750000,0.634206100603,0.301247897786
0.953125000,-0.093750000,1.04120855536,0.494574063795
0.968750000,-0.093750000,1.49651950013,0.710846762561
0.984375000,-0.093750000,,
1.000000000,-0.093750000,,
-1.000000000,-0.078125000,,
-0.984375000,-0.078125000,,
-0.968750000,-0.078125000,1.58135836134,0.751145221638
-0.953125000,-0.078125000,1.12033651234,0.532159843359
-0.937500000,-0.078125000,0.708157693844,0.336374904576
-0.921875000,-0.078125000,0.342133253188,0.162513295264
-0.906250000,-0.078125000,0.0194731695970,0.00924975555856
-0.890625000,-0.078125000,-0.262658032773,-0.124762565567
-0.875000000,-0.078125000,-0.507096694097,-0.240870929696
-0.859375000,-0.078125000,-0.716644774832,-0.340406268045
-0.843750000,-0.078125000,-0.894042325501,-0.424670104613
-0.828125000,-0.078125000,-1.04194631808,-0.494924501086
-0.812500000,-0.078125000,-1.16291471740,-0.552384490764
-0.796875000,-0.078125000,-1.25939486317,-0.598212560006
-0.781250000,-0.078125000,-1.33371538784,-0.633514809226
-0.765625000,-0.078125000,-1.38808102667,-0.659338487668
-0.750000000,-0.078125000,-1.42456978528,-0.676670648009
-0.734375000,-0.078125000,-1.44513201616,-0.686437707677
-0.718750000,-0.078125000,-1.45159103505,-0.689505741648
-0.703125000,-0.078125000,-1.44564496372,-0.686681357768
-0.687500000,-0.078125000,-1.42886954524,-0.678713033988
-0.671875000,-0.078125000,-1.40272171390,-0.666292814105
-0.656250000,-0.078125000,-1.36854374225,-0.650058277568
-0.640625000,-0.078125000,-1.32756781803,-0.630594713565
-0.625000000,-0.078125000,-1.28092092700,-0.608437440325
-0.609375000,-0.078125000,-1.22962994119,-0.584074222066
-0.593750000,-0.078125000,-1.17462682902,-0.557947743786
-0.578125000,-0.078125000,-1.11675391829,-0.530458111188
-0.562500000,-0.078125000,-1.05676915759,-0.501965349855
-0.546875000,-0.078125000,-0.995351329341,-0.472791881437
-0.531250000,-0.078125000,-0.933105179551,-0.443224960287
-0.515625000,-0.078125000,-0.870566434569,-0.413519056420
-0.500000000,-0.078125000,-0.808206683156,-0.383898174499
-0.484375000,-0.078125000,-0.746438105188,-0.354558099964
-0.468750000,-0.078125000,-0.685618035722,-0.325668566968
-0.453125000,-0.078125000,-0.626053353220,-0.297375342780
-0.437500000,-0.078125000,-0.568004687141,-0.269802226392
-0.421875000,-0.078125000,-0.511690440114,-0.243052959054
-0.406250000,-0.078125000,-0.457290623010,-0.217213045930
-0.390625000,-0.078125000,-0.404950502969,-0.192351488910
-0.375000000,-0.078125000,-0.354784065723,-0.168522431218
-0.359375000,-0.078125000,-0.306877293646,-0.145766714482
-0.343750000,-0.078125000,-0.261291264115,-0.124113350455
-0.328125000,-0.078125000,-0.218065070507,-0.103580908491
-0.312500000,-0.078125000,-0.177218571291,-0.0841788213633
-0.296875000,-0.078125000,-0.138754970826,-0.0659086111423
-0.281250000,-0.078125000,-0.102663238151,-0.0487650381217
-0.265625000,-0.078125000,-0.0689203676936,-0.0327371746545
-0.250000000,-0.078125000,-0.0374934873389,-0.0178094064860
-0.234375000,-0.078125000,-0.00834181928652,-0.00396236416110
-0.218750000,-0.078125000,0.0185815016208,0.00882621326987
-0.203125000,-0.078125000,0.0433277464105,0.0205806795450
-0.187500000,-0.078125000,0.0659510443180,0.0313267460511
-0.171875000,-0.078125000,0.0865069614083,0.0410908066689
-0.156250000,-0.078125000,0.105051204635,0.0498993222017
-0.140625000,-0.078125000,0.121638443957,0.0577782608795
-0.125000000,-0.078125000,0.136321251025,0.0647525942367
-0.109375000,-0.078125000,0.149149149498,0.0708458460117
-0.093750000,-0.078125000,0.160167774687,0.0760796929762
-0.078125000,-0.078125000,0.169418138570,0.0804736158208
-0.062500000,-0.078125000,0.176918192179,0.0840361412853
-0.046875000,-0.078125000,0.182739790121,0.0868014003073
-0.031250000,-0.078125000,0.186879990367,0.0887679954241
-0.015625000,-0.078125000,0.189356829805,0.0899444941572
0.000000000,-0.078125000,0.190181224779,0.0903360817700
0.015625000,-0.078125000,0.189356829805,0.0899444941572
0.031250000,-0.078125000,0.186879990367,0.0887679954241
0.046875000,-0.078125000,0.182739790121,0.0868014003073
0.062500000,-0.078125000,0.176918192179,0.0840361412853
0.078125000,-0.078125000,0.169418138570,0.0804736158208
0.093750000,-0.078125000,0.160167774687,0.0760796929762
0.109375000,-0.078125000,0.149149149498,0.0708458460117
0.125000000,-0.078125000,0.136321251025,0.0647525942367
0.140625000,-0.078125000,0.121638443957,0.0577782608795
0.156250000,-0.078125000,0.105051204635,0.0498993222017
0.171875000,-0.078125000,0.0865069614083,0.0410908066689
0.187500000,-0.078125000,0.0659510443180,0.0313267460511
0.203125000,-0.078125000,0.0433277464105,0.0205806795450
0.218750000,-0.078125000,0.0185815016208,0.00882621326987
0.234375000,-0.078125000,-0.00834181928652,-0.00396236416110
0.250000000,-0.078125000,-0.0374934873389,-0.0178094064860
0.265625000,-0.078125000,-0.0689203676936,-0.0327371746545
0.281250000,-0.078125000,-0.102663238151,-0.0487650381217
0.296875000,-0.078125000,-0.138754970826,-0.0659086111423
0.312500000,-0.078125000,-0.177218571291,-0.0841788213633
0.328125000,-0.078125000,-0.218065070507,-0.103580908491
0.343750000,-0.078125000,-0.261291264115,-0.124113350455
0.359375000,-0.078125000,-0.306877293646,-0.145766714482
0.375000000,-0.078125000,-0.354784065723,-0.168522431218
0.390625000,-0.078125000,-0.404950502969,-0.192351488910
0.406250000,-0.078125000,-0.457290623010,-0.217213045930
0.421875000,-0.078125000,-0.511690440114,-0.243052959054
0.437500000,-0.078125000,-0.568004687141,-0.269802226392
0.453125000,-0.078125000,-0.626053353220,-0.297375342780
0.468750000,-0.078125000,-0.685618035722,-0.325668566968
0.484375000,-0.078125000,-0.746438105188,-0.354558099964
0.500000000,-0.078125000,-0.808206683156,-0.383898174499
0.515625000,-0.078125000,-0.870566434569,-0.413519056420
0.531250000,-0.078125000,-0.933105179551,-0.443224960287
0.546875000,-0.078125000,-0.995351329341,-0.472791881437
0.562500000,-0.078125000,-1.05676915759,-0.501965349855
0.578125000,-0.078125000,-1.11675391829,-0.530458111188
0.593750000,-0.078125000,-1.17462682902,-0.557947743786
0.609375000,-0.078125000,-1.22962994119,-0.584074222066
0.625000000,-0.078125000,-1.28092092700,-0.608437440325
0.640625000,-0.078125000,-1.32756781803,-0.630594713565
0.656250000,-0.078125000,-1.36854374225,-0.650058277568
0.671875000,-0.078125000,-1.40272171390,-0.666292814105
0.687500000,-0.078125000,-1.42886954524,-0.678713033988
0.703125000,-0.078125000,-1.44564496372,-0.686681357768
0.718750000,-0.078125000,-1.45159103505,-0.689505741648
0.734375000,-0.078125000,-1.44513201616,-0.686437707677
0.750000000,-0.078125000,-1.42456978528,-0.676670648009
0.765625000,-0.078125000,-1.38808102667,-0.659338487668
0.781250000,-0.078125000,-1.33371538784,-0.633514809226
0.796875000,-0.078125000,-1.25939486317,-0.598212560006
0.812500000,-0.078125000,-1.16291471740,-0.552384490764
0.828125000,-0.078125000,-1.04194631808,-0.494924501086
0.843750000,-0.078125000,-0.894042325501,-0.424670104613
0.859375000,-0.078125000,-0.716644774832,-0.340406268045
0.875000000,-0.078125000,-0.507096694097,-0.240870929696
0.890625000,-0.078125000,-0.262658032773,-0.124762565567
0.906250000,-0.078125000,0.0194731695970,0.00924975555856
0.921875000,-0.078125000,0.342133253188,0.162513295264
0.937500000,-0.078125000,0.708157693844,0.336374904576
0.953125000,-0.078125000,1.12033651234,0.532159843359
0.968750000,-0.078125000,1.58135836134,0.751145221638
0.984375000,-0.078125000,,
1.000000000,-0.078125000,,
-1.000000000,-0.062500000,,
-0.984375000,-0.062500000,,
-0.968750000,-0.062500000,1.67674585429,0.796454280788
-0.953125000,-0.062500000,1.20941075076,0.574470106612
-0.937500000,-0.062500000,0.791455023641,0.375941136229
-0.921875000,-0.062500000,0.420126617050,0.199560143099
-0.906250000,-0.062500000,0.0925798682733,0.0439754374298
-0.890625000,-0.062500000,-0.194069466155,-0.0921829964237
-0.875000000,-0.062500000,-0.442700406729,-0.210282693196
-0.859375000,-0.062500000,-0.656152203293,-0.311672296564
-0.843750000,-0.062500000,-0.837197424609,-0.397668776689
-0.828125000,-0.062500000,-0.988521341256,-0.469547637097
-0.812500000,-0.062500000,-1.11270648901,-0.528535582281
-0.796875000,-0.062500000,-1.21222148973,-0.575805207620
-0.781250000,-0.062500000,-1.28941336088,-0.612471346416
-0.765625000,-0.062500000,-1.34650267670,-0.639588771432
-0.750000000,-0.062500000,-1.38558104872,-0.658150998141
-0.734375000,-0.062500000,-1.40861048282,-0.669089979340
-0.718750000,-0.062500000,-1.41742424562,-0.673276516667
-0.703125000,-0.062500000,-1.41372893222,-0.671521242804
-0.687500000,-0.062500000,-1.39910748031,-0.664576053150
-0.671875000,-0.062500000,-1.37502291908,-0.653135886565
-0.656250000,-0.062500000,-1.34282267481,-0.637840770536
-0.640625000,-0.062500000,-1.30374328919,-0.619278062366
-0.625000000,-0.062500000,-1.25891542701,-0.597984827831
-0.609375000,-0.062500000,-1.20936907569,-0.574450310954
-0.593750000,-0.062500000,-1.15603885249,-0.549118454934
-0.578125000,-0.062500000,-1.09976935375,-0.522390443030
-0.562500000,-0.062500000,-1.04132049079,-0.494627233124
-0.546875000,-0.062500000,-0.981372768505,-0.466152065040
-0.531250000,-0.062500000,-0.920532471122,-0.437252923783
-0.515625000,-0.062500000,-0.859336727450,-0.408184945539
-0.500000000,-0.062500000,-0.798258433673,-0.379172755995
-0.484375000,-0.062500000,-0.737711016421,-0.350412732800
-0.468750000,-0.062500000,-0.678053025177,-0.322075186959
-0.453125000,-0.062500000,-0.619592543563,-0.294306458193
-0.437500000,-0.062500000,-0.562591415013,-0.267230922131
-0.421875000,-0.062500000,-0.507269278594,-0.240952907332
-0.406250000,-0.062500000,-0.453807414262,-0.215558521774
-0.390625000,-0.062500000,-0.402352397028,-0.191117388588
-0.375000000,-0.062500000,-0.353019562859,-0.167684292358
-0.359375000,-0.062500000,-0.305896287488,-0.145300736557
-0.343750000,-0.062500000,-0.261045082713,-0.123996414289
-0.328125000,-0.062500000,-0.218506513983,-0.103790594142
-0.312500000,-0.062500000,-0.178301944012,-0.0846934234059
-0.296875000,-0.062500000,-0.140436106777,-0.0667071507191
-0.281250000,-0.062500000,-0.104899517762,-0.0498272709369
-0.265625000,-0.062500000,-0.0716707259888,-0.0340435948447
-0.250000000,-0.062500000,-0.0407184118733,-0.0193412456398
-0.234375000,-0.062500000,-0.0120033380015,-0.00570158555072
-0.218750000,-0.062500000,0.0145198435218,0.00689692567284
-0.203125000,-0.062500000,0.0389009207781,0.0184779373696
-0.187500000,-0.062500000,0.0611925844533,0.0290664776153
-0.171875000,-0.062500000,0.0814490186038,0.0386882838368
-0.156250000,-0.062500000,0.0997246142672,0.0473691917769
-0.140625000,-0.062500000,0.116072802107,0.0551345810010
-0.125000000,-0.062500000,0.130545000814,0.0620088753866
-0.109375000,-0.062500000,0.143189676520,0.0680150963469
-0.093750000,-0.062500000,0.154051510431,0.0731744674546
-0.078125000,-0.062500000,0.163170672050,0.0775060692240
-0.062500000,-0.062500000,0.170582193871,0.0810265420889
-0.046875000,-0.062500000,0.176294189856,0.0837397401816
-0.031250000,-0.062500000,0.180377526906,0.0856793252803
-0.015625000,-0.062500000,0.182820386061,0.0868396833789
0.000000000,-0.062500000,0.183633477240,0.0872259016889
0.015625000,-0.062500000,0.182820386061,0.0868396833789
0.031250000,-0.062500000,0.180377526906,0.0856793252803
0.046875000,-0.062500000,0.176294189856,0.0837397401816
0.062500000,-0.062500000,0.170582193871,0.0810265420889
0.078125000,-0.062500000,0.163170672050,0.0775060692240
0.093750000,-0.062500000,0.154051510431,0.0731744674546
0.109375000,-0.062500000,0.143189676520,0.0680150963469
0.125000000,-0.062500000,0.130545000814,0.0620088753866
0.140625000,-0.062500000,0.116072802107,0.0551345810010
0.156250000,-0.062500000,0.0997246142672,0.0473691917769
0.171875000,-0.062500000,0.0814490186038,0.0386882838368
0.187500000,-0.062500000,0.0611925844533,0.0290664776153
0.203125000,-0.062500000,0.0389009207781,0.0184779373696
0.218750000,-0.062500000,0.0145198435218,0.00689692567284
0.234375000,-0.062500000,-0.0120033380015,-0.00570158555072
0.250000000,-0.062500000,-0.0407184118733,-0.0193412456398
0.265625000,-0.062500000,-0.0716707259888,-0.0340435948447
0.281250000,-0.062500000,-0.104899517762,-0.0498272709369
0.296875000,-0.062500000,-0.140436106777,-0.0667071507191
0.312500000,-0.062500000,-0.178301944012,-0.0846934234059
0.328125000,-0.062500000,-0.218506513983,-0.103790594142
0.343750000,-0.062500000,-0.261045082713,-0.123996414289
0.359375000,-0.062500000,-0.305896287488,-0.145300736557
0.375000000,-0.062500000,-0.353019562859,-0.167684292358
0.390625000,-0.062500000,-0.402352397028,-0.191117388588
0.406250000,-0.062500000,-0.453807414262,-0.215558521774
0.421875000,-0.062500000,-0.507269278594,-0.240952907332
0.437500000,-0.062500000,-0.562591415013,-0.267230922131
0.453125000,-0.062500000,-0.619592543563,-0.294306458193
0.468750000,-0.062500000,-0.678053025177,-0.322075186959
0.484375000,-0.062500000,-0.737711016421,-0.350412732800
0.500000000,-0.062500000,-0.798258433673,-0.379172755995
0.515625000,-0.062500000,-0.859336727450,-0.408184945539
0.531250000,-0.062500000,-0.920532471122,-0.437252923783
0.546875000,-0.062500000,-0.981372768505,-0.466152065040
0.562500000,-0.062500000,-1.04132049079,-0.494627233124
0.578125000,-0.062500000,-1.09976935375,-0.522390443030
0.593750000,-0.062500000,-1.15603885249,-0.549118454934
0.609375000,-0.062500000,-1.20936907569,-0.574450310954
0.625000000,-0.062500000,-1.25891542701,-0.597984827831
0.640625000,-0.062500000,-1.30374328919,-0.619278062366
0.656250000,-0.062500000,-1.34282267481,-0.637840770536
0.671875000,-0.062500000,-1.37502291908,-0.653135886565
0.687500000,-0.062500000,-1.39910748031,-0.664576053150
0.703125000,-0.062500000,-1.41372893222,-0.671521242804
0.718750000,-0.062500000,-1.41742424562,-0.673276516667
0.734375000,-0.062500000,-1.40861048282,-0.669089979340
0.750000000,-0.062500000,-1.38558104872,-0.658150998141
0.765625000,-0.062500000,-1.34650267670,-0.639588771432
0.781250000,-0.062500000,-1.28941336088,-0.612471346416
0.796875000,-0.062500000,-1.21222148973,-0.575805207620
0.812500000,-0.062500000,-1.11270648901,-0.528535582281
0.828125000,-0.062500000,-0.988521341256,-0.469547637097
0.843750000,-0.062500000,-0.837197424609,-0.397668776689
0.859375000,-0.062500000,-0.656152203293,-0.311672296564
0.875000000,-0.062500000,-0.442700406729,-0.210282693196
0.890625000,-0.062500000,-0.194069466155,-0.0921829964237
0.906250000,-0.062500000,0.0925798682733,0.0439754374298
0.921875000,-0.062500000,0.420126617050,0.199560143099
0.937500000,-0.062500000,0.791455023641,0.375941136229
0.953125000,-0.062500000,1.20941075076,0.574470106612
0.968750000,-0.062500000,1.67674585429,0.796454280788
0.984375000,-0.062500000,,
1.000000000,-0.062500000,,
-1.000000000,-0.046875000,,
-0.984375000,-0.046875000,,
-0.968750000,-0.046875000,1.78300639546,0.846928037841
-0.953125000,-0.046875000,1.30871700612,0.621640577906
-0.937500000,-0.046875000,0.884348156850,0.420065374504
-0.921875000,-0.046875000,0.507089318315,0.240867426200
-0.906250000,-0.046875000,0.174043195063,0.0826705176550
-0.890625000,-0.046875000,-0.117719993258,-0.0559169967978
-0.875000000,-0.046875000,-0.371119371321,-0.176281701378
-0.859375000,-0.046875000,-0.589029457468,-0.279788992297
-0.843750000,-0.046875000,-0.774253787069,-0.367770548858
-0.828125000,-0.046875000,-0.929504775581,-0.441514768401
-0.812500000,-0.046875000,-1.05738871301,-0.502259638680
-0.796875000,-0.046875000,-1.16039497303,-0.551187612190
-0.781250000,-0.046875000,-1.24088867115,-0.589422118797
-0.765625000,-0.046875000,-1.30110614036,-0.618025416671
-0.750000000,-0.046875000,-1.34315269325,-0.637997529293
-0.734375000,-0.046875000,-1.36900223336,-0.650276060846
-0.718750000,-0.046875000,-1.38049834987,-0.655736716187
-0.703125000,-0.046875000,-1.37935658923,-0.655194379882
-0.687500000,-0.046875000,-1.36716765341,-0.649404635369
-0.671875000,-0.046875000,-1.34540131274,-0.639065623550
-0.656250000,-0.046875000,-1.31541085796,-0.624820157533
-0.640625000,-0.046875000,-1.27843794928,-0.607258025908
-0.625000000,-0.046875000,-1.23561774021,-0.586918426598
-0.609375000,-0.046875000,-1.18798417964,-0.564292485331
-0.593750000,-0.046875000,-1.13647540959,-0.539825819557
-0.578125000,-0.046875000,-1.08193919474,-0.513921117499
-0.562500000,-0.046875000,-1.02513832689,-0.486940705272
-0.546875000,-0.046875000,-0.966755964551,-0.459209083162
-0.531250000,-0.046875000,-0.907400870428,-0.431015413453
-0.515625000,-0.046875000,-0.847612521139,-0.402615947541
-0.500000000,-0.046875000,-0.787866067193,-0.374236381917
-0.484375000,-0.046875000,-0.728577127378,-0.346074135505
-0.468750000,-0.046875000,-0.670106406630,-0.318300543149
-0.453125000,-0.046875000,-0.612764127388,-0.291062960509
-0.437500000,-0.046875000,-0.556814271209,-0.264486778824
-0.421875000,-0.046875000,-0.502478625792,-0.238677347251
-0.406250000,-0.046875000,-0.449940637925,-0.213721803014
-0.390625000,-0.046875000,-0.399349072789,-0.189690809575
-0.375000000,-0.046875000,-0.350821480015,-0.166640203007
-0.359375000,-0.046875000,-0.304447472546,-0.144612549459
-0.343750000,-0.046875000,-0.260291819130,-0.123638614087
-0.328125000,-0.046875000,-0.218397356427,-0.103738744303
-0.312500000,-0.046875000,-0.178787725715,-0.0849241697145
-0.296875000,-0.046875000,-0.141469938610,-0.0671982208396
-0.281250000,-0.046875000,-0.106436777970,-0.0505574695358
-0.265625000,-0.046875000,-0.0736690388927,-0.0349927934740
-0.250000000,-0.046875000,-0.0431376161183,-0.0204903676562
-0.234375000,-0.046875000,-0.0148054425587,-0.00703258521537
-0.218750000,-0.046875000,0.0113707145474,0.00540108941002
-0.203125000,-0.046875000,0.0354385958005,0.0168333330053
-0.187500000,-0.046875000,0.0574489242825,0.0272882390342
-0.171875000,-0.046875000,0.0774540073816,0.0367906535063
-0.156250000,-0.046875000,0.0955064622306,0.0453655695595
-0.140625000,-0.046875000,0.111658059464,0.0530375782453
-0.125000000,-0.046875000,0.125958681830,0.0598303738691
-0.109375000,-0.046875000,0.138455393397,0.0657663118635
-0.093750000,-0.046875000,0.149191616181,0.0708660176860
-0.078125000,-0.046875000,0.158206411015,0.0751480452321
-0.062500000,-0.046875000,0.165533860230,0.0786285836094
-0.046875000,-0.046875000,0.171202548948,0.0813212107503
-0.031250000,-0.046875000,0.175235143840,0.0832366933239
-0.015625000,-0.046875000,0.177648067165,0.0843828319035
0.000000000,-0.046875000,0.178426058834,0.0847523779459
0.015625000,-0.046875000,0.177648067165,0.0843828319035
0.031250000,-0.046875000,0.175235143840,0.0832366933239
0.046875000,-0.046875000,0.171202548948,0.0813212107503
0.062500000,-0.046875000,0.165533860230,0.0786285836094
0.078125000,-0.046875000,0.158206411015,0.0751480452321
0.093750000,-0.046875000,0.149191616181,0.0708660176860
0.109375000,-0.046875000,0.138455393397,0.0657663118635
0.125000000,-0.046875000,0.125958681830,0.0598303738691
0.140625000,-0.046875000,0.111658059464,0.0530375782453
0.156250000,-0.046875000,0.0955064622306,0.0453655695595
0.171875000,-0.046875000,0.0774540073816,0.0367906535063
0.187500000,-0.046875000,0.0574489242825,0.0272882390342
0.203125000,-0.046875000,0.0354385958005,0.0168333330053
0.218750000,-0.046875000,0.0113707145474,0.00540108941002
0.234375000,-0.046875000,-0.0148054425587,-0.00703258521537
0.250000000,-0.046875000,-0.0431376161183,-0.0204903676562
0.265625000,-0.046875000,-0.0736690388927,-0.0349927934740
0.281250000,-0.046875000,-0.106436777970,-0.0505574695358
0.296875000,-0.046875000,-0.141469938610,-0.0671982208396
0.312500000,-0.046875000,-0.178787725715,-0.0849241697145
0.328125000,-0.046875000,-0.218397356427,-0.103738744303
0.343750000,-0.046875000,-0.260291819130,-0.123638614087
0.359375000,-0.046875000,-0.304447472546,-0.144612549459
0.375000000,-0.046875000,-0.350821480015,-0.166640203007
0.390625000,-0.046875000,-0.399349072789,-0.189690809575
0.406250000,-0.046875000,-0.449940637925,-0.213721803014
0.421875000,-0.046875000,-0.502478625792,-0.238677347251
0.437500000,-0.046875000,-0.556814271209,-0.264486778824
0.453125000,-0.046875000,-0.612764127388,-0.291062960509
0.468750000,-0.046875000,-0.670106406630,-0.318300543149
0.484375000,-0.046875000,-0.728577127378,-0.346074135505
0.500000000,-0.046875000,-0.787866067193,-0.374236381917
0.515625000,-0.046875000,-0.847612521139,-0.402615947541
0.531250000,-0.046875000,-0.907400870428,-0.431015413453
0.546875000,-0.046875000,-0.966755964551,-0.459209083162
0.562500000,-0.046875000,-1.02513832689,-0.486940705272
0.578125000,-0.046875000,-1.08193919474,-0.513921117499
0.593750000,-0.046875000,-1.13647540959,-0.539825819557
0.609375000,-0.046875000,-1.18798417964,-0.564292485331
0.625000000,-0.046875000,-1.23561774021,-0.586918426598
0.640625000,-0.046875000,-1.27843794928,-0.607258025908
0.656250000,-0.046875000,-1.31541085796,-0.624820157533
0.671875000,-0.046875000,-1.34540131274,-0.639065623550
0.687500000,-0.046875000,-1.36716765341,-0.649404635369
0.703125000,-0.046875000,-1.37935658923,-0.655194379882
0.718750000,-0.046875000,-1.38049834987,-0.655736716187
0.734375000,-0.046875000,-1.36900223336,-0.650276060846
0.750000000,-0.046875000,-1.34315269325,-0.637997529293
0.765625000,-0.046875000,-1.30110614036,-0.618025416671
0.781250000,-0.046875000,-1.24088867115,-0.589422118797
0.796875000,-0.046875000,-1.16039497303,-0.551187612190
0.812500000,-0.046875000,-1.05738871301,-0.502259638680
0.828125000,-0.046875000,-0.929504775581,-0.441514768401
0.843750000,-0.046875000,-0.774253787069,-0.367770548858
0.859375000,-0.046875000,-0.589029457468,-0.279788992297
0.875000000,-0.046875000,-0.371119371321,-0.176281701378
0.890625000,-0.046875000,-0.117719993258,-0.0559169967978
0.906250000,-0.046875000,0.174043195063,0.0826705176550
0.921875000,-0.046875000,0.507089318315,0.240867426200
0.937500000,-0.046875000,0.884348156850,0.420065374504
0.953125000,-0.046875000,1.30871700612,0.621640577906
0.968750000,-0.046875000,1.78300639546,0.846928037841
0.984375000,-0.046875000,,
1.000000000,-0.046875000,,
-1.000000000,-0.031250000,,
-0.984375000,-0.031250000,,
-0.968750000,-0.031250000,1.90047153557,0.902723979395
-0.953125000,-0.031250000,1.41854897778,0.673810764445
-0.937500000,-0.031250000,0.987095729451,0.468870471489
-0.921875000,-0.031250000,0.603247546584,0.286542584627
-0.906250000,-0.031250000,0.264059353333,0.125428192833
-0.890625000,-0.031250000,-0.0334410771342,-0.0158845116388
-0.875000000,-0.031250000,-0.292210528868,-0.138800001213
-0.859375000,-0.031250000,-0.515156887357,-0.244699521494
-0.843750000,-0.031250000,-0.705113214175,-0.334928776733
-0.828125000,-0.031250000,-0.864818019144,-0.410788559093
-0.812500000,-0.031250000,-0.996900627076,-0.473527797861
-0.796875000,-0.031250000,-1.10387072393,-0.524338593865
-0.781250000,-0.031250000,-1.18811132276,-0.564352878311
-0.765625000,-0.031250000,-1.25187451594,-0.594640395074
-0.750000000,-0.031250000,-1.29727949014,-0.616207757815
-0.734375000,-0.031250000,-1.32631236555,-0.629998373637
-0.718750000,-0.031250000,-1.34082749557,-0.636893060398
-0.703125000,-0.031250000,-1.34254992531,-0.637711214520
-0.687500000,-0.031250000,-1.33307875653,-0.633212409353
-0.671875000,-0.031250000,-1.31389121023,-0.624098324861
-0.656250000,-0.031250000,-1.28634721443,-0.611014926853
-0.640625000,-0.031250000,-1.25169437235,-0.594554826868
-0.625000000,-0.031250000,-1.21107319397,-0.575259767135
-0.609375000,-0.031250000,-1.16552249245,-0.553623183915
-0.593750000,-0.031250000,-1.11598486626,-0.530092811473
-0.578125000,-0.031250000,-1.06331220141,-0.505073295672
-0.562500000,-0.031250000,-1.00827114099,-0.478928791972
-0.546875000,-0.031250000,-0.951548479515,-0.451985527770
-0.531250000,-0.031250000,-0.893756448596,-0.424534313083
-0.515625000,-0.031250000,-0.835437866795,-0.396832986728
-0.500000000,-0.031250000,-0.777071133722,-0.369108788518
-0.484375000,-0.031250000,-0.719075052518,-0.341560649946
-0.468750000,-0.031250000,-0.661813469800,-0.314361398155
-0.453125000,-0.031250000,-0.605599725212,-0.287659869475
-0.437500000,-0.031250000,-0.550700905425,-0.261582930077
-0.421875000,-0.031250000,-0.497341901189,-0.236237403065
-0.406250000,-0.031250000,-0.445709265067,-0.211711900907
-0.390625000,-0.031250000,-0.395954873440,-0.188078564884
-0.375000000,-0.031250000,-0.348199392297,-0.165394711341
-0.359375000,-0.031250000,-0.302535552766,-0.143704387564
-0.343750000,-0.031250000,-0.259031238604,-0.123039838337
-0.328125000,-0.031250000,-0.217732391797,-0.103422886104
-0.312500000,-0.031250000,-0.178665739714,-0.0848662263643
-0.296875000,-0.031250000,-0.141841352228,-0.0673746423084
-0.281250000,-0.031250000,-0.107255030503,-0.0509461394888
-0.265625000,-0.031250000,-0.0748905367437,-0.0355730049533
-0.250000000,-0.031250000,-0.0447216696192,-0.0212427930691
-0.234375000,-0.031250000,-0.0167141889489,-0.00793923975071
-0.218750000,-0.031250000,0.00917240012526,0.00435689005950
-0.203125000,-0.031250000,0.0329832033017,0.0156670215683
-0.187500000,-0.031250000,0.0547664239055,0.0260140513551
-0.171875000,-0.031250000,0.0745719781545,0.0354216896234
-0.156250000,-0.031250000,0.0924502323967,0.0439138603884
-0.140625000,-0.031250000,0.108450859277,0.0515141581567
-0.125000000,-0.031250000,0.122621806669,0.0582453581678
-0.109375000,-0.031250000,0.135008377991,0.0641289795459
-0.093750000,-0.031250000,0.145652418044,0.0691848985707
-0.078125000,-0.031250000,0.154591602819,0.0734310113392
-0.062500000,-0.031250000,0.161858829145,0.0768829438440
-0.046875000,-0.031250000,0.167481703645,0.0795538092313
-0.031250000,-0.031250000,0.171482125628,0.0814540096733
-0.015625000,-0.031250000,0.173875966445,0.0825910840613
0.000000000,-0.031250000,0.174672840070,0.0829695990332
0.015625000,-0.031250000,0.173875966445,0.0825910840613
0.031250000,-0.031250000,0.171482125628,0.0814540096733
0.046875000,-0.031250000,0.167481703645,0.0795538092313
0.062500000,-0.031250000,0.161858829145,0.0768829438440
0.078125000,-0.031250000,0.154591602819,0.0734310113392
0.093750000,-0.031250000,0.145652418044,0.0691848985707
0.109375000,-0.031250000,0.135008377991,0.0641289795459
0.125000000,-0.031250000,0.122621806669,0.0582453581678
0.140625000,-0.031250000,0.108450859277,0.0515141581567
0.156250000,-0.031250000,0.0924502323967,0.0439138603884
0.171875000,-0.031250000,0.0745719781545,0.0354216896234
0.187500000,-0.031250000,0.0547664239055,0.0260140513551
0.203125000,-0.031250000,0.0329832033017,0.0156670215683
0.218750000,-0.031250000,0.00917240012526,0.00435689005950
0.234375000,-0.031250000,-0.0167141889489,-0.00793923975071
0.250000000,-0.031250000,-0.0447216696192,-0.0212427930691
0.265625000,-0.031250000,-0.0748905367437,-0.0355730049533
0.281250000,-0.031250000,-0.107255030503,-0.0509461394888
0.296875000,-0.031250000,-0.141841352228,-0.0673746423084
0.312500000,-0.031250000,-0.178665739714,-0.0848662263643
0.328125000,-0.031250000,-0.217732391797,-0.103422886104
0.343750000,-0.031250000,-0.259031238604,-0.123039838337
0.359375000,-0.031250000,-0.302535552766,-0.143704387564
0.375000000,-0.031250000,-0.348199392297,-0.165394711341
0.390625000,-0.031250000,-0.395954873440,-0.188078564884
0.406250000,-0.031250000,-0.445709265067,-0.211711900907
0.421875000,-0.031250000,-0.497341901189,-0.236237403065
0.437500000,-0.031250000,-0.550700905425,-0.261582930077
0.453125000,-0.031250000,-0.605599725212,-0.287659869475
0.468750000,-0.031250000,-0.661813469800,-0.314361398155
0.484375000,-0.031250000,-0.719075052518,-0.341560649946
0.500000000,-0.031250000,-0.777071133722,-0.369108788518
0.515625000,-0.031250000,-0.835437866795,-0.396832986728
0.531250000,-0.031250000,-0.893756448596,-0.424534313083
0.546875000,-0.031250000,-0.951548479515,-0.451985527770
0.562500000,-0.031250000,-1.00827114099,-0.478928791972
0.578125000,-0.031250000,-1.06331220141,-0.505073295672
0.593750000,-0.031250000,-1.11598486626,-0.530092811473
0.609375000,-0.031250000,-1.16552249245,-0.553623183915
0.625000000,-0.031250000,-1.21107319397,-0.575259767135
0.640625000,-0.031250000,-1.25169437235,-0.594554826868
0.656250000,-0.031250000,-1.28634721443,-0.611014926853
0.671875000,-0.031250000,-1.31389121023,-0.624098324861
0.687500000,-0.031250000,-1.33307875653,-0.633212409353
0.703125000,-0.031250000,-1.34254992531,-0.637711214520
0.718750000,-0.031250000,-1.34082749557,-0.636893060398
0.734375000,-0.031250000,-1.32631236555,-0.629998373637
0.750000000,-0.031250000,-1.29727949014,-0.616207757815
0.765625000,-0.031250000,-1.25187451594,-0.594640395074
0.781250000,-0.031250000,-1.18811132276,-0.564352878311
0.796875000,-0.031250000,-1.10387072393,-0.524338593865
0.812500000,-0.031250000,-0.996900627076,-0.473527797861
0.828125000,-0.031250000,-0.864818019144,-0.410788559093
0.843750000,-0.031250000,-0.705113214175,-0.334928776733
0.859375000,-0.031250000,-0.515156887357,-0.244699521494
0.875000000,-0.031250000,-0.292210528868,-0.138800001213
0.890625000,-0.031250000,-0.0334410771342,-0.0158845116388
0.906250000,-0.031250000,0.264059353333,0.125428192833
0.921875000,-0.031250000,0.603247546584,0.286542584627
0.937500000,-0.031250000,0.987095729451,0.468870471489
0.953125000,-0.031250000,1.41854897778,0.673810764445
0.968750000,-0.031250000,1.90047153557,0.902723979395
0.984375000,-0.031250000,,
1.000000000,-0.031250000,,
-1.000000000,-0.015625000,,
-0.984375000,-0.015625000,,
-0.968750000,-0.015625000,2.02948329665,0.964004565909
-0.953125000,-0.015625000,1.53921155006,0.731125486280
-0.937500000,-0.015625000,1.09996805764,0.522484827377
-0.921875000,-0.015625000,0.708839485990,0.336698755845
-0.906250000,-0.015625000,0.362836707963,0.172347436282
-0.890625000,-0.015625000,0.0589480244924,0.0280003116339
-0.875000000,-0.015625000,-0.205818669569,-0.0977638680450
-0.859375000,-0.015625000,-0.434402827124,-0.206341342884
-0.843750000,-0.015625000,-0.629665690459,-0.299091202968
-0.828125000,-0.015625000,-0.794370903277,-0.377326179057
-0.812500000,-0.015625000,-0.931170190712,-0.442305840588
-0.796875000,-0.015625000,-1.04259319362,-0.495231766971
-0.781250000,-0.015625000,-1.13104069905,-0.537244332051
-0.765625000,-0.015625000,-1.19878063500,-0.569420801626
-0.750000000,-0.015625000,-1.24794630716,-0.592774495901
-0.734375000,-0.015625000,-1.28053643990,-0.608254808951
-0.718750000,-0.015625000,-1.29841666074,-0.616747913849
-0.703125000,-0.015625000,-1.30332212547,-0.619078009599
-0.687500000,-0.015625000,-1.29686103402,-0.616008991157
-0.671875000,-0.015625000,-1.28051883024,-0.608246444362
-0.656250000,-0.015625000,-1.25566291155,-0.596439882984
-0.640625000,-0.015625000,-1.22354770756,-0.581185161093
-0.625000000,-0.015625000,-1.18532000957,-0.563027004545
-0.609375000,-0.015625000,-1.14202445426,-0.542461615773
-0.593750000,-0.015625000,-1.09460908221,-0.519939314051
-0.578125000,-0.015625000,-1.04393090814,-0.495867181364
-0.562500000,-0.015625000,-0.990761449118,-0.470611688331
-0.546875000,-0.015625000,-0.935792169548,-0.444501280535
-0.531250000,-0.015625000,-0.879639810364,-0.417828909923
-0.515625000,-0.015625000,-0.822851575594,-0.390854498407
-0.500000000,-0.015625000,-0.765910156898,-0.363807324527
-0.484375000,-0.015625000,-0.709238580488,-0.336888325732
-0.468750000,-0.015625000,-0.653204867264,-0.310272311950
-0.453125000,-0.015625000,-0.598126496571,-0.284110085871
-0.437500000,-0.015625000,-0.544274671422,-0.258530468926
-0.421875000,-0.015625000,-0.491878381946,-0.233642231424
-0.406250000,-0.015625000,-0.441128266910,-0.209535926782
-0.390625000,-0.015625000,-0.392180275407,-0.186285630818
-0.375000000,-0.015625000,-0.345159130922,-0.163950587188
-0.359375000,-0.015625000,-0.300161601682,-0.142576760799
-0.343750000,-0.015625000,-0.257259581265,-0.122198301101
-0.328125000,-0.015625000,-0.216502985544,-0.102838918133
-0.312500000,-0.015625000,-0.177922470166,-0.0845131733288
-0.296875000,-0.015625000,-0.141531975390,-0.0672276883102
-0.281250000,-0.015625000,-0.107331103287,-0.0509822740613
-0.265625000,-0.015625000,-0.0753073342623,-0.0357709837746
-0.250000000,-0.015625000,-0.0454380879238,-0.0215830917638
-0.234375000,-0.015625000,-0.0176926352038,-0.00840400172182
-0.218750000,-0.015625000,0.00796613331876,0.00378391332641
-0.203125000,-0.015625000,0.0315800764662,0.0150005363215
-0.187500000,-0.015625000,0.0531943040646,0.0252672944307
-0.171875000,-0.015625000,0.0728558055709,0.0346065076462
-0.156250000,-0.015625000,0.0906122008315,0.0430407953950
-0.140625000,-0.015625000,0.106510608180,0.0505925388857
-0.125000000,-0.015625000,0.120596626335,0.0572833975092
-0.109375000,-0.015625000,0.132913425034,0.0631338768911
-0.093750000,-0.015625000,0.143500941346,0.0681629471396
-0.078125000,-0.015625000,0.152395178537,0.0723877098050
-0.062500000,-0.015625000,0.159627604143,0.0758231119678
-0.046875000,-0.015625000,0.165224645474,0.0784817066001
-0.031250000,-0.015625000,0.169207278587,0.0803734573289
-0.015625000,-0.015625000,0.171590712086,0.0815055882409
0.000000000,-0.015625000,0.172384161063,0.0818824765051
0.015625000,-0.015625000,0.171590712086,0.0815055882409
0.031250000,-0.015625000,0.169207278587,0.0803734573289
0.046875000,-0.015625000,0.165224645474,0.0784817066001
0.062500000,-0.015625000,0.159627604143,0.0758231119678
0.078125000,-0.015625000,0.152395178537,0.0723877098050
0.093750000,-0.015625000,0.143500941346,0.0681629471396
0.109375000,-0.015625000,0.132913425034,0.0631338768911
0.125000000,-0.015625000,0.120596626335,0.0572833975092
0.140625000,-0.015625000,0.106510608180,0.0505925388857
0.156250000,-0.015625000,0.0906122008315,0.0430407953950
0.171875000,-0.015625000,0.0728558055709,0.0346065076462
0.187500000,-0.015625000,0.0531943040646,0.0252672944307
0.203125000,-0.015625000,0.0315800764662,0.0150005363215
0.218750000,-0.015625000,0.00796613331876,0.00378391332641
0.234375000,-0.015625000,-0.0176926352038,-0.00840400172182
0.250000000,-0.015625000,-0.0454380879238,-0.0215830917638
0.265625000,-0.015625000,-0.0753073342623,-0.0357709837746
0.281250000,-0.015625000,-0.107331103287,-0.0509822740613
0.296875000,-0.015625000,-0.141531975390,-0.0672276883102
0.312500000,-0.015625000,-0.177922470166,-0.0845131733288
0.328125000,-0.015625000,-0.216502985544,-0.102838918133
0.343750000,-0.015625000,-0.257259581265,-0.122198301101
0.359375000,-0.015625000,-0.300161601682,-0.142576760799
0.375000000,-0.015625000,-0.345159130922,-0.163950587188
0.390625000,-0.015625000,-0.392180275407,-0.186285630818
0.406250000,-0.015625000,-0.441128266910,-0.209535926782
0.421875000,-0.015625000,-0.491878381946,-0.233642231424
0.437500000,-0.015625000,-0.544274671422,-0.258530468926
0.453125000,-0.015625000,-0.598126496571,-0.284110085871
0.468750000,-0.015625000,-0.653204867264,-0.310272311950
0.484375000,-0.015625000,-0.709238580488,-0.336888325732
0.500000000,-0.015625000,-0.765910156898,-0.363807324527
0.515625000,-0.015625000,-0.822851575594,-0.390854498407
0.531250000,-0.015625000,-0.879639810364,-0.417828909923
0.546875000,-0.015625000,-0.935792169548,-0.444501280535
0.562500000,-0.015625000,-0.990761449118,-0.470611688331
0.578125000,-0.015625000,-1.04393090814,-0.495867181364
0.593750000,-0.015625000,-1.09460908221,-0.519939314051
0.609375000,-0.015625000,-1.14202445426,-0.542461615773
0.625000000,-0.015625000,-1.18532000957,-0.563027004545
0.640625000,-0.015625000,-1.22354770756,-0.581185161093
0.656250000,-0.015625000,-1.25566291155,-0.596439882984
0.671875000,-0.015625000,-1.28051883024,-0.608246444362
0.687500000,-0.015625000,-1.29686103402,-0.616008991157
0.703125000,-0.015625000,-1.30332212547,-0.619078009599
0.718750000,-0.015625000,-1.29841666074,-0.616747913849
0.734375000,-0.015625000,-1.28053643990,-0.608254808951
0.750000000,-0.015625000,-1.24794630716,-0.592774495901
0.765625000,-0.015625000,-1.19878063500,-0.569420801626
0.781250000,-0.015625000,-1.13104069905,-0.537244332051
0.796875000,-0.015625000,-1.04259319362,-0.495231766971
0.812500000,-0.015625000,-0.931170190712,-0.442305840588
0.828125000,-0.015625000,-0.794370903277,-0.377326179057
0.843750000,-0.015625000,-0.629665690459,-0.299091202968
0.859375000,-0.015625000,-0.434402827124,-0.206341342884
0.875000000,-0.015625000,-0.205818669569,-0.0977638680450
0.890625000,-0.015625000,0.0589480244924,0.0280003116339
0.906250000,-0.015625000,0.362836707963,0.172347436282
0.921875000,-0.015625000,0.708839485990,0.336698755845
0.937500000,-0.015625000,1.09996805764,0.522484827377
0.953125000,-0.015625000,1.53921155006,0.731125486280
0.968750000,-0.015625000,2.02948329665,0.964004565909
0.984375000,-0.015625000,,
1.000000000,-0.015625000,,
-1.000000000,0.000000000,,
-0.984375000,0.000000000,,
-0.968750000,0.000000000,2.17039747973,1.03093880287
-0.953125000,0.000000000,1.67102399681,0.793736398483
-0.937500000,0.000000000,1.22325024406,0.581043865929
-0.921875000,0.000000000,0.824118326550,0.391456205111
-0.906250000,0.000000000,0.470598702500,0.223534383687
-0.890625000,0.000000000,0.159643086263,0.0758304659748
-0.875000000,0.000000000,-0.111773696164,-0.0530925056778
-0.859375000,0.000000000,-0.346620946599,-0.164644949634
-0.843750000,0.000000000,-0.547786821942,-0.260198740423
-0.828125000,0.000000000,-0.718059215711,-0.341078127463
-0.812500000,0.000000000,-0.860111693320,-0.408553054327
-0.796875000,0.000000000,-0.976493564503,-0.463834443139
-0.781250000,0.000000000,-1.06962333701,-0.508071085081
-0.765625000,0.000000000,-1.14178491849,-0.542347836284
-0.750000000,0.000000000,-1.19512604460,-0.567684871187
-0.734375000,0.000000000,-1.23165849707,-0.585037786110
-0.718750000,0.000000000,-1.25325975000,-0.595298381251
-0.703125000,0.000000000,-1.26167574385,-0.599295978329
-0.687500000,0.000000000,-1.25852453650,-0.597799154837
-0.671875000,0.000000000,-1.24530062538,-0.591517797056
-0.656250000,0.000000000,-1.22337976843,-0.581105390006
-0.640625000,0.000000000,-1.19402416206,-0.567161476979
-0.625000000,0.000000000,-1.15838786032,-0.550234233652
-0.609375000,0.000000000,-1.11752233698,-0.530823110065
-0.593750000,0.000000000,-1.07238211545,-0.509381504837
-0.578125000,0.000000000,-1.02383039938,-0.486319439705
-0.562500000,0.000000000,-0.972644654588,-0.462006210929
-0.546875000,0.000000000,-0.919522100690,-0.436772997828
-0.531250000,0.000000000,-0.865085078649,-0.410915412358
-0.515625000,0.000000000,-0.809886270656,-0.384695978561
-0.500000000,0.000000000,-0.754413751148,-0.358346531795
-0.484375000,0.000000000,-0.699095855990,-0.332070531595
-0.468750000,0.000000000,-0.644305858368,-0.306045282725
-0.453125000,0.000000000,-0.590366445629,-0.280424061674
-0.437500000,0.000000000,-0.537553991792,-0.255338146101
-0.421875000,0.000000000,-0.486102626090,-0.230898747393
-0.406250000,0.000000000,-0.436208095117,-0.207198845180
-0.390625000,0.000000000,-0.388031423197,-0.184314926019
-0.375000000,0.000000000,-0.341702371690,-0.162308626553
-0.359375000,0.000000000,-0.297322702695,-0.141228283780
-0.343750000,0.000000000,-0.254969251276,-0.121110394356
-0.328125000,0.000000000,-0.214696811850,-0.101980985629
-0.312500000,0.000000000,-0.176540843890,-0.0838569008476
-0.296875000,0.000000000,-0.140520004008,-0.0667470019038
-0.281250000,0.000000000,-0.106638508953,-0.0506532917528
-0.265625000,0.000000000,-0.0748883379214,-0.0355719605127
-0.250000000,0.000000000,-0.0452512782911,-0.0214943571883
-0.234375000,0.000000000,-0.0177008223729,-0.00840789062713
-0.218750000,0.000000000,0.00779607985208,0.00370313792974
-0.203125000,0.000000000,0.0312774047816,0.0148567672712
-0.187500000,0.000000000,0.0527845719288,0.0250726716662
-0.171875000,0.000000000,0.0723610876838,0.0343715166498
-0.156250000,0.000000000,0.0900513095385,0.0427743720308
-0.140625000,0.000000000,0.105899328420,0.0503021809997
-0.125000000,0.000000000,0.119947962784,0.0569752823225
-0.109375000,0.000000000,0.132237861236,0.0628129840870
-0.093750000,0.000000000,0.142806709584,0.0678331870526
-0.078125000,0.000000000,0.151688539812,0.0720520564106
-0.062500000,0.000000000,0.158913136117,0.0754837396555
-0.046875000,0.000000000,0.164505538562,0.0781401308170
-0.031250000,0.000000000,0.168485637764,0.0800306779377
-0.015625000,0.000000000,0.170867863400,0.0811622351152
0.000000000,0.000000000,0.171660961915,0.0815389569095
0.015625000,0.000000000,0.170867863400,0.0811622351152
0.031250000,0.000000000,0.168485637764,0.0800306779377
0.046875000,0.000000000,0.164505538562,0.0781401308170
0.062500000,0.000000000,0.158913136117,0.0754837396555
0.078125000,0.000000000,0.151688539812,0.0720520564106
0.093750000,0.000000000,0.142806709584,0.0678331870526
0.109375000,0.000000000,0.132237861236,0.0628129840870
0.125000000,0.000000000,0.119947962784,0.0569752823225
0.140625000,0.000000000,0.105899328420,0.0503021809997
0.156250000,0.000000000,0.0900513095385,0.0427743720308
0.171875000,0.000000000,0.0723610876838,0.0343715166498
0.187500000,0.000000000,0.0527845719288,0.0250726716662
0.203125000,0.000000000,0.0312774047816,0.0148567672712
0.218750000,0.000000000,0.00779607985208,0.00370313792974
0.234375000,0.000000000,-0.0177008223729,-0.00840789062713
0.250000000,0.000000000,-0.0452512782911,-0.0214943571883
0.265625000,0.000000000,-0.0748883379214,-0.0355719605127
0.281250000,0.000000000,-0.106638508953,-0.0506532917528
0.296875000,0.000000000,-0.140520004008,-0.0667470019038
0.312500000,0.000000000,-0.176540843890,-0.0838569008476
0.328125000,0.000000000,-0.214696811850,-0.101980985629
0.343750000,0.000000000,-0.254969251276,-0.121110394356
0.359375000,0.000000000,-0.297322702695,-0.141228283780
0.375000000,0.000000000,-0.341702371690,-0.162308626553
0.390625000,0.000000000,-0.388031423197,-0.184314926019
0.406250000,0.000000000,-0.436208095117,-0.207198845180
0.421875000,0.000000000,-0.486102626090,-0.230898747393
0.437500000,0.000000000,-0.537553991792,-0.255338146101
0.453125000,0.000000000,-0.590366445629,-0.280424061674
0.468750000,0.000000000,-0.644305858368,-0.306045282725
0.484375000,0.000000000,-0.699095855990,-0.332070531595
0.500000000,0.000000000,-0.754413751148,-0.358346531795
0.515625000,0.000000000,-0.809886270656,-0.384695978561
0.531250000,0.000000000,-0.865085078649,-0.410915412358
0.546875000,0.000000000,-0.919522100690,-0.436772997828
0.562500000,0.000000000,-0.972644654588,-0.462006210929
0.578125000,0.000000000,-1.02383039938,-0.486319439705
0.593750000,0.000000000,-1.07238211545,-0.509381504837
0.609375000,0.000000000,-1.11752233698,-0.530823110065
0.625000000,0.000000000,-1.15838786032,-0.550234233652
0.640625000,0.000000000,-1.19402416206,-0.567161476979
0.656250000,0.000000000,-1.22337976843,-0.581105390006
0.671875000,0.000000000,-1.24530062538,-0.591517797056
0.687500000,0.000000000,-1.25852453650,-0.597799154837
0.703125000,0.000000000,-1.26167574385,-0.599295978329
0.718750000,0.000000000,-1.25325975000,-0.595298381251
0.734375000,0.000000000,-1.23165849707,-0.585037786110
0.750000000,0.000000000,-1.19512604460,-0.567684871187
0.765625000,0.000000000,-1.14178491849,-0.542347836284
0.781250000,0.000000000,-1.06962333701,-0.508071085081
0.796875000,0.000000000,-0.976493564503,-0.463834443139
0.812500000,0.000000000,-0.860111693320,-0.408553054327
0.828125000,0.000000000,-0.718059215711,-0.341078127463
0.843750000,0.000000000,-0.547786821942,-0.260198740423
0.859375000,0.000000000,-0.346620946599,-0.164644949634
0.875000000,0.000000000,-0.111773696164,-0.0530925056778
0.890625000,0.000000000,0.159643086263,0.0758304659748
0.906250000,0.000000000,0.470598702500,0.223534383687
0.921875000,0.000000000,0.824118326550,0.391456205111
0.937500000,0.000000000,1.22325024406,0.581043865929
0.953125000,0.000000000,1.67102399681,0.793736398483
0.968750000,0.000000000,2.17039747973,1.03093880287
0.984375000,0.000000000,,
1.000000000,0.000000000,,
-1.000000000,0.015625000,,
-0.984375000,0.015625000,,
-0.968750000,0.015625000,2.32358694235,1.10370379762
-0.953125000,0.015625000,1.81432317230,0.861803506844
-0.937500000,0.015625000,1.35724528117,0.644691508554
-0.921875000,0.015625000,0.949355280510,0.450943758242
-0.906250000,0.015625000,0.587586789067,0.279103724807
-0.890625000,0.015625000,0.268857757491,0.127707434808
-0.875000000,0.015625000,-0.00988786696119,-0.00469673680656
-0.859375000,0.015625000,-0.251647580630,-0.119532600799
-0.843750000,0.015625000,-0.459335251585,-0.218184244503
-0.828125000,0.015625000,-0.635762202747,-0.301987046305
-0.812500000,0.015625000,-0.783623341768,-0.372221087340
-0.796875000,0.015625000,-0.905487424025,-0.430106526412
-0.781250000,0.015625000,-1.00379068619,-0.476800575939
-0.765625000,0.015625000,-1.08083322078,-0.513395779868
-0.750000000,0.015625000,-1.13877756527,-0.540919343501
-0.734375000,0.015625000,-1.17964907149,-0.560333308957
-0.718750000,0.015625000,-1.20533769248,-0.572535403929
-0.703125000,0.015625000,-1.21760088593,-0.578360420819
-0.687500000,0.015625000,-1.21806738506,-0.578582007905
-0.671875000,0.015625000,-1.20824162936,-0.573914773945
-0.656250000,0.015625000,-1.18950868466,-0.565016625214
-0.640625000,0.015625000,-1.16313951086,-0.552491267659
-0.625000000,0.015625000,-1.13029646052,-0.536890818746
-0.609375000,0.015625000,-1.09203891349,-0.518718483906
-0.593750000,0.015625000,-1.04932896940,-0.498431260466
-0.578125000,0.015625000,-1.00303713378,-0.476442638547
-0.562500000,0.015625000,-0.953947948585,-0.453125275578
-0.546875000,0.015625000,-0.902765524313,-0.428813624049
-0.531250000,0.015625000,-0.850118943146,-0.403806497994
-0.515625000,0.015625000,-0.796567507100,-0.378369565872
-0.500000000,0.015625000,-0.742605813124,-0.352737761234
-0.484375000,0.015625000,-0.688668639957,-0.327117603979
-0.468750000,0.015625000,-0.635135638148,-0.301689428121
-0.453125000,0.015625000,-0.582335815920,-0.276609512562
-0.437500000,0.015625000,-0.530551817978,-0.252012113540
-0.421875000,0.015625000,-0.480023995026,-0.228011397637
-0.406250000,0.015625000,-0.430954265576,-0.204703276149
-0.390625000,0.015625000,-0.383509772319,-0.182167141851
-0.375000000,0.015625000,-0.337826334496,-0.160467508885
-0.359375000,0.015625000,-0.294011703748,-0.139655559280
-0.343750000,0.015625000,-0.252148625520,-0.119770597122
-0.328125000,0.015625000,-0.212297712931,-0.100841413642
-0.312500000,0.015625000,-0.174500140096,-0.0828875665455
-0.296875000,0.015625000,-0.138780158363,-0.0659205752223
-0.281250000,0.015625000,-0.105147445391,-0.0499450365606
-0.265625000,0.015625000,-0.0735992902373,-0.0349596628627
-0.250000000,0.015625000,-0.0441226234041,-0.0209582461170
-0.234375000,0.015625000,-0.0166958966797,-0.00793055092285
-0.218750000,0.015625000,0.00870918060545,0.00413686078759
-0.203125000,0.015625000,0.0321260423232,0.0152598701035
-0.187500000,0.015625000,0.0535917983444,0.0254561042136
-0.171875000,0.015625000,0.0731458939371,0.0347442996201
-0.156250000,0.015625000,0.0908288893637,0.0431437224478
-0.140625000,0.015625000,0.106681356396,0.0506736442879
-0.125000000,0.015625000,0.120742885926,0.0573528708148
-0.109375000,0.015625000,0.133051203134,0.0631993214884
-0.093750000,0.015625000,0.143641386336,0.0682296585096
-0.078125000,0.015625000,0.152545185854,0.0724589632808
-0.062500000,0.015625000,0.159790439688,0.0759004588517
-0.046875000,0.015625000,0.165400584251,0.0785652775195
-0.031250000,0.015625000,0.169394256501,0.0804622718378
-0.015625000,0.015625000,0.171784986753,0.0815978687077
0.000000000,0.015625000,0.172580980278,0.0819759656321
0.015625000,0.015625000,0.171784986753,0.0815978687077
0.031250000,0.015625000,0.169394256501,0.0804622718378
0.046875000,0.015625000,0.165400584251,0.0785652775195
0.062500000,0.015625000,0.159790439688,0.0759004588517
0.078125000,0.015625000,0.152545185854,0.0724589632808
0.093750000,0.015625000,0.143641386336,0.0682296585096
0.109375000,0.015625000,0.133051203134,0.0631993214884
0.125000000,0.015625000,0.120742885926,0.0573528708148
0.140625000,0.015625000,0.106681356396,0.0506736442879
0.156250000,0.015625000,0.0908288893637,0.0431437224478
0.171875000,0.015625000,0.0731458939371,0.0347442996201
0.187500000,0.015625000,0.0535917983444,0.0254561042136
0.203125000,0.015625000,0.0321260423232,0.0152598701035
0.218750000,0.015625000,0.00870918060545,0.00413686078759
0.234375000,0.015625000,-0.0166958966797,-0.00793055092285
0.250000000,0.015625000,-0.0441226234041,-0.0209582461170
0.265625000,0.015625000,-0.0735992902373,-0.0349596628627
0.281250000,0.015625000,-0.105147445391,-0.0499450365606
0.296875000,0.015625000,-0.138780158363,-0.0659205752223
0.312500000,0.015625000,-0.174500140096,-0.0828875665455
0.328125000,0.015625000,-0.212297712931,-0.100841413642
0.343750000,0.015625000,-0.252148625520,-0.119770597122
0.359375000,0.015625000,-0.294011703748,-0.139655559280
0.375000000,0.015625000,-0.337826334496,-0.160467508885
0.390625000,0.015625000,-0.383509772319,-0.182167141851
0.406250000,0.015625000,-0.430954265576,-0.204703276149
0.421875000,0.015625000,-0.480023995026,-0.228011397637
0.437500000,0.015625000,-0.530551817978,-0.252012113540
0.453125000,0.015625000,-0.582335815920,-0.276609512562
0.468750000,0.015625000,-0.635135638148,-0.301689428121
0.484375000,0.015625000,-0.688668639957,-0.327117603979
0.500000000,0.015625000,-0.742605813124,-0.352737761234
0.515625000,0.015625000,-0.796567507100,-0.378369565872
0.531250000,0.015625000,-0.850118943146,-0.403806497994
0.546875000,0.015625000,-0.902765524313,-0.428813624049
0.562500000,0.015625000,-0.953947948585,-0.453125275578
0.578125000,0.015625000,-1.00303713378,-0.476442638547
0.593750000,0.015625000,-1.04932896940,-0.498431260466
0.609375000,0.015625000,-1.09203891349,-0.518718483906
0.625000000,0.015625000,-1.13029646052,-0.536890818746
0.640625000,0.015625000,-1.16313951086,-0.552491267659
0.656250000,0.015625000,-1.18950868466,-0.565016625214
0.671875000,0.015625000,-1.20824162936,-0.573914773945
0.687500000,0.015625000,-1.21806738506,-0.578582007905
0.703125000,0.015625000,-1.21760088593,-0.578360420819
0.718750000,0.015625000,-1.20533769248,-0.572535403929
0.734375000,0.015625000,-1.17964907149,-0.560333308957
0.750000000,0.015625000,-1.13877756527,-0.540919343501
0.765625000,0.015625000,-1.08083322078,-0.513395779868
0.781250000,0.015625000,-1.00379068619,-0.476800575939
0.796875000,0.015625000,-0.905487424025,-0.430106526412
0.812500000,0.015625000,-0.783623341768,-0.372221087340
0.828125000,0.015625000,-0.635762202747,-0.301987046305
0.843750000,0.015625000,-0.459335251585,-0.218184244503
0.859375000,0.015625000,-0.251647580630,-0.119532600799
0.875000000,0.015625000,-0.00988786696119,-0.00469673680656
0.890625000,0.015625000,0.268857757491,0.127707434808
0.906250000,0.015625000,0.587586789067,0.279103724807
0.921875000,0.015625000,0.949355280510,0.450943758242
0.937500000,0.015625000,1.35724528117,0.644691508554
0.953125000,0.015625000,1.81432317230,0.861803506844
0.968750000,0.015625000,2.32358694235,1.10370379762
0.984375000,0.015625000,,
1.000000000,0.015625000,,
-1.000000000,0.031250000,,
-0.984375000,0.031250000,,
-0.968750000,0.031250000,2.48944484712,1.18248630238
-0.953125000,0.031250000,1.96946668686,0.935496676256
-0.937500000,0.031250000,1.50227715134,0.713581646884
-0.921875000,0.031250000,1.08484260417,0.515300236981
-0.906250000,0.031250000,0.714063369679,0.339180100598
-0.890625000,0.031250000,0.386826422569,0.183742550720
-0.875000000,0.031250000,0.100046980117,0.0475223155558
-0.859375000,0.031250000,-0.149299037454,-0.0709170427905
-0.843750000,0.031250000,-0.364150054069,-0.172971275683
-0.828125000,0.031250000,-0.547340049770,-0.259986523641
-0.812500000,0.031250000,-0.701584828493,-0.333252793534
-0.796875000,0.031250000,-0.829472420024,-0.393999399511
-0.781250000,0.031250000,-0.933456852336,-0.443392004860
-0.765625000,0.031250000,-1.01585466204,-0.482530964469
-0.750000000,0.031250000,-1.07884361513,-0.512450717189
-0.734375000,0.031250000,-1.12446320148,-0.534120020705
-0.718750000,0.031250000,-1.15461654030,-0.548442856644
-0.703125000,0.031250000,-1.17107339488,-0.556259862568
-0.687500000,0.031250000,-1.17547404620,-0.558350171945
-0.671875000,0.031250000,-1.16933381917,-0.555433564104
-0.656250000,0.031250000,-1.15404808987,-0.548172842687
-0.640625000,0.031250000,-1.13089763194,-0.537176375174
-0.625000000,0.031250000,-1.10105418704,-0.523000738846
-0.609375000,0.031250000,-1.06558616281,-0.506153427337
-0.593750000,0.031250000,-1.02546438152,-0.487095581222
-0.578125000,0.031250000,-0.981567816018,-0.466244712609
-0.562500000,0.031250000,-0.934689262718,-0.443977399791
-0.546875000,0.031250000,-0.885540909998,-0.420631932249
-0.531250000,0.031250000,-0.834759772023,-0.396510891711
-0.515625000,0.031250000,-0.782912962064,-0.371883656980
-0.500000000,0.031250000,-0.730502787072,-0.346988823859
-0.484375000,0.031250000,-0.677971649693,-0.322036533604
-0.468750000,0.031250000,-0.625706749217,-0.297210705878
-0.453125000,0.031250000,-0.574044573840,-0.272671172574
-0.437500000,0.031250000,-0.523275182153,-0.248555711523
-0.421875000,0.031250000,-0.473646272835,-0.224981979596
-0.406250000,0.031250000,-0.425367042816,-0.202049345338
-0.390625000,0.031250000,-0.378611836874,-0.179840622515
-0.375000000,0.031250000,-0.333523593101,-0.158423706723
-0.359375000,0.031250000,-0.290217086632,-0.137853116150
-0.343750000,0.031250000,-0.248781979305,-0.118171440170
-0.328125000,0.031250000,-0.209285680327,-0.0994106981553
-0.312500000,0.031250000,-0.171776023193,-0.0815936110168
-0.296875000,0.031250000,-0.136283767160,-0.0647347894008
-0.281250000,0.031250000,-0.102824928117,-0.0488418408556
-0.265625000,0.031250000,-0.0714029471703,-0.0339163999059
-0.250000000,0.031250000,-0.0420107027177,-0.0199550837909
-0.234375000,0.031250000,-0.0146323717740,-0.00695037659264
-0.218750000,0.031250000,0.0107548508403,0.00510855414915
-0.203125000,0.031250000,0.0341791716052,0.0162351065125
-0.187500000,0.031250000,0.0556727481896,0.0264445553901
-0.171875000,0.031250000,0.0752703653065,0.0357534235206
-0.156250000,0.031250000,0.0930082311371,0.0441789097901
-0.140625000,0.031250000,0.108922888292,0.0517383719388
-0.125000000,0.031250000,0.123050236241,0.0584488622145
-0.109375000,0.031250000,0.135424659863,0.0643267134347
-0.093750000,0.031250000,0.146078260206,0.0693871735977
-0.078125000,0.031250000,0.155040184439,0.0736440876086
-0.062500000,0.031250000,0.162336051289,0.0771096243623
-0.046875000,0.031250000,0.167987469767,0.0797940481395
-0.031250000,0.031250000,0.172011648308,0.0817055329461
-0.015625000,0.031250000,0.174421093117,0.0828500192304
0.000000000,0.031250000,0.175223393336,0.0832311118346
0.015625000,0.031250000,0.174421093117,0.0828500192304
0.031250000,0.031250000,0.172011648308,0.0817055329461
0.046875000,0.031250000,0.167987469767,0.0797940481395
0.062500000,0.031250000,0.162336051289,0.0771096243623
0.078125000,0.031250000,0.155040184439,0.0736440876086
0.093750000,0.031250000,0.146078260206,0.0693871735977
0.109375000,0.031250000,0.135424659863,0.0643267134347
0.125000000,0.031250000,0.123050236241,0.0584488622145
0.140625000,0.031250000,0.108922888292,0.0517383719388
0.156250000,0.031250000,0.0930082311371,0.0441789097901
0.171875000,0.031250000,0.0752703653065,0.0357534235206
0.187500000,0.031250000,0.0556727481896,0.0264445553901
0.203125000,0.031250000,0.0341791716052,0.0162351065125
0.218750000,0.031250000,0.0107548508403,0.00510855414915
0.234375000,0.031250000,-0.0146323717740,-0.00695037659264
0.250000000,0.031250000,-0.0420107027177,-0.0199550837909
0.265625000,0.031250000,-0.0714029471703,-0.0339163999059
0.281250000,0.031250000,-0.102824928117,-0.0488418408556
0.296875000,0.031250000,-0.136283767160,-0.0647347894008
0.312500000,0.031250000,-0.171776023193,-0.0815936110168
0.328125000,0.031250000,-0.209285680327,-0.0994106981553
0.343750000,0.031250000,-0.248781979305,-0.118171440170
0.359375000,0.031250000,-0.290217086632,-0.137853116150
0.375000000,0.031250000,-0.333523593101,-0.158423706723
0.390625000,0.031250000,-0.378611836874,-0.179840622515
0.406250000,0.031250000,-0.425367042816,-0.202049345338
0.421875000,0.031250000,-0.473646272835,-0.224981979596
0.437500000,0.031250000,-0.523275182153,-0.248555711523
0.453125000,0.031250000,-0.574044573840,-0.272671172574
0.468750000,0.031250000,-0.625706749217,-0.297210705878
0.484375000,0.031250000,-0.677971649693,-0.322036533604
0.500000000,0.031250000,-0.730502787072,-0.346988823859
0.515625000,0.031250000,-0.782912962064,-0.371883656980
0.531250000,0.031250000,-0.834759772023,-0.396510891711
0.546875000,0.031250000,-0.885540909998,-0.420631932249
0.562500000,0.031250000,-0.934689262718,-0.443977399791
0.578125000,0.031250000,-0.981567816018,-0.466244712609
0.593750000,0.031250000,-1.02546438152,-0.487095581222
0.609375000,0.031250000,-1.06558616281,-0.506153427337
0.625000000,0.031250000,-1.10105418704,-0.523000738846
0.640625000,0.031250000,-1.13089763194,-0.537176375174
0.656250000,0.031250000,-1.15404808987,-0.548172842687
0.671875000,0.031250000,-1.16933381917,-0.555433564104
0.687500000,0.031250000,-1.17547404620,-0.558350171945
0.703125000,0.031250000,-1.17107339488,-0.556259862568
0.718750000,0.031250000,-1.15461654030,-0.548442856644
0.734375000,0.031250000,-1.12446320148,-0.534120020705
0.750000000,0.031250000,-1.07884361513,-0.512450717189
0.765625000,0.031250000,-1.01585466204,-0.482530964469
0.781250000,0.031250000,-0.933456852336,-0.443392004860
0.796875000,0.031250000,-0.829472420024,-0.393999399511
0.812500000,0.031250000,-0.701584828493,-0.333252793534
0.828125000,0.031250000,-0.547340049770,-0.259986523641
0.843750000,0.031250000,-0.364150054069,-0.172971275683
0.859375000,0.031250000,-0.149299037454,-0.0709170427905
0.875000000,0.031250000,0.100046980117,0.0475223155558
0.890625000,0.031250000,0.386826422569,0.183742550720
0.906250000,0.031250000,0.714063369679,0.339180100598
0.921875000,0.031250000,1.08484260417,0.515300236981
0.937500000,0.031250000,1.50227715134,0.713581646884
0.953125000,0.031250000,1.96946668686,0.935496676256
0.968750000,0.031250000,2.48944484712,1.18248630238
0.984375000,0.031250000,,
1.000000000,0.031250000,,
-1.000000000,0.046875000,,
-0.984375000,0.046875000,,
-0.968750000,0.046875000,,
-0.953125000,0.046875000,2.13683606557,1.01499713114
-0.937500000,0.046875000,1.65869392128,0.787879612606
-0.921875000,0.046875000,1.23089662349,0.584675896159
-0.906250000,0.046875000,0.850314749167,0.403899505854
-0.890625000,0.046875000,0.513807076184,0.244058361188
-0.875000000,0.046875000,0.218262223514,0.103674556169
-0.859375000,0.046875000,-0.0393688862205,-0.0187002209547
-0.843750000,0.046875000,-0.262048106877,-0.124472850766
-0.828125000,0.046875000,-0.452631340030,-0.214999886514
-0.812500000,0.046875000,-0.613854878818,-0.291581067439
-0.796875000,0.046875000,-0.748325898587,-0.355454801829
-0.781250000,0.046875000,-0.858516326033,-0.407795254866
-0.765625000,0.046875000,-0.946759448527,-0.449710738050
-0.750000000,0.046875000,-1.01524873578,-0.482243149497
-0.734375000,0.046875000,-1.06603843376,-0.506368256035
-0.718750000,0.046875000,-1.10104556660,-0.522996644135
-0.703125000,0.046875000,-1.12205304245,-0.532975195164
-0.687500000,0.046875000,-1.13071361516,-0.537088967203
-0.671875000,0.046875000,-1.12855449094,-0.536063383196
-0.656250000,0.046875000,-1.11698241078,-0.530566645118
-0.640625000,0.046875000,-1.09728906575,-0.521212306230
-0.625000000,0.046875000,-1.07065672906,-0.508561946305
-0.609375000,0.046875000,-1.03816401011,-0.493127904802
-0.593750000,0.046875000,-1.00079165268,-0.475376035022
-0.578125000,0.046875000,-0.959428313418,-0.455728448874
-0.562500000,0.046875000,-0.914876272647,-0.434566229507
-0.546875000,0.046875000,-0.867857034060,-0.412232091178
-0.531250000,0.046875000,-0.819016784792,-0.389032972776
-0.515625000,0.046875000,-0.768931689194,-0.365242552367
-0.500000000,0.046875000,-0.718113000419,-0.341103675199
-0.484375000,0.046875000,-0.667011973728,-0.316830687521
-0.468750000,0.046875000,-0.616024574910,-0.292611673082
-0.453125000,0.046875000,-0.565495976558,-0.268610588865
-0.437500000,0.046875000,-0.515724839720,-0.244969298867
-0.421875000,0.046875000,-0.466967380709,-0.221809505837
-0.406250000,0.046875000,-0.419441223680,-0.199234581248
-0.390625000,0.046875000,-0.373329041816,-0.177331294863
-0.375000000,0.046875000,-0.328781992078,-0.156171446237
-0.359375000,0.046875000,-0.285922946393,-0.135813399537
-0.343750000,0.046875000,-0.244849527713,-0.116303525663
-0.328125000,0.046875000,-0.205636954146,-0.0976775532195
-0.312500000,0.046875000,-0.168340699368,-0.0799618321997
-0.296875000,0.046875000,-0.132998976547,-0.0631745138599
-0.281250000,0.046875000,-0.0996350505198,-0.0473266489969
-0.265625000,0.046875000,-0.0682593875254,-0.0324232090746
-0.250000000,0.046875000,-0.0388716475520,-0.0184640325872
-0.234375000,0.046875000,-0.0114625273221,-0.00544470047799
-0.218750000,0.046875000,0.0139845406521,0.00664265680976
-0.203125000,0.046875000,0.0374918255369,0.0178086171300
-0.187500000,0.046875000,0.0590858669566,0.0280657868044
-0.171875000,0.046875000,0.0787961680196,0.0374281798093
-0.156250000,0.046875000,0.0966540096024,0.0459106545612
-0.140625000,0.046875000,0.112691376894,0.0535284040247
-0.125000000,0.046875000,0.126939997567,0.0602964988445
-0.109375000,0.046875000,0.139430483984,0.0662294798924
-0.093750000,0.046875000,0.150191577103,0.0713409991237
-0.078125000,0.046875000,0.159249487727,0.0756435066702
-0.062500000,0.046875000,0.166627332500,0.0791479829375
-0.046875000,0.046875000,0.172344661100,0.0818637140226
-0.031250000,0.046875000,0.176417072704,0.0837981095345
-0.015625000,0.046875000,0.178855919896,0.0849565619507
0.000000000,0.046875000,0.179668098194,0.0853423466421
0.015625000,0.046875000,0.178855919896,0.0849565619507
0.031250000,0.046875000,0.176417072704,0.0837981095345
0.046875000,0.046875000,0.172344661100,0.0818637140226
0.062500000,0.046875000,0.166627332500,0.0791479829375
0.078125000,0.046875000,0.159249487727,0.0756435066702
0.093750000,0.046875000,0.150191577103,0.0713409991237
0.109375000,0.046875000,0.139430483984,0.0662294798924
0.125000000,0.046875000,0.126939997567,0.0602964988445
0.140625000,0.046875000,0.112691376894,0.0535284040247
0.156250000,0.046875000,0.0966540096024,0.0459106545612
0.171875000,0.046875000,0.0787961680196,0.0374281798093
0.187500000,0.046875000,0.0590858669566,0.0280657868044
0.203125000,0.046875000,0.0374918255369,0.0178086171300
0.218750000,0.046875000,0.0139845406521,0.00664265680976
0.234375000,0.046875000,-0.0114625273221,-0.00544470047799
0.250000000,0.046875000,-0.0388716475520,-0.0184640325872
0.265625000,0.046875000,-0.0682593875254,-0.0324232090746
0.281250000,0.046875000,-0.0996350505198,-0.0473266489969
0.296875000,0.046875000,-0.132998976547,-0.0631745138599
0.312500000,0.046875000,-0.168340699368,-0.0799618321997
0.328125000,0.046875000,-0.205636954146,-0.0976775532195
0.343750000,0.046875000,-0.244849527713,-0.116303525663
0.359375000,0.046875000,-0.285922946393,-0.135813399537
0.375000000,0.046875000,-0.328781992078,-0.156171446237
0.390625000,0.046875000,-0.373329041816,-0.177331294863
0.406250000,0.046875000,-0.419441223680,-0.199234581248
0.421875000,0.046875000,-0.466967380709,-0.221809505837
0.437500000,0.046875000,-0.515724839720,-0.244969298867
0.453125000,0.046875000,-0.565495976558,-0.268610588865
0.468750000,0.046875000,-0.616024574910,-0.292611673082
0.484375000,0.046875000,-0.667011973728,-0.316830687521
0.500000000,0.046875000,-0.718113000419,-0.341103675199
0.515625000,0.046875000,-0.768931689194,-0.365242552367
0.531250000,0.046875000,-0.819016784792,-0.389032972776
0.546875000,0.046875000,-0.867857034060,-0.412232091178
0.562500000,0.046875000,-0.914876272647,-0.434566229507
0.578125000,0.046875000,-0.959428313418,-0.455728448874
0.593750000,0.046875000,-1.00079165268,-0.475376035022
0.609375000,0.046875000,-1.03816401011,-0.493127904802
0.625000000,0.046875000,-1.07065672906,-0.508561946305
0.640625000,0.046875000,-1.09728906575,-0.521212306230
0.656250000,0.046875000,-1.11698241078,-0.530566645118
0.671875000,0.046875000,-1.12855449094,-0.536063383196
0.687500000,0.046875000,-1.13071361516,-0.537088967203
0.703125000,0.046875000,-1.12205304245,-0.532975195164
0.718750000,0.046875000,-1.10104556660,-0.522996644135
0.734375000,0.046875000,-1.06603843376,-0.506368256035
0.750000000,0.046875000,-1.01524873578,-0.482243149497
0.765625000,0.046875000,-0.946759448527,-0.449710738050
0.781250000,0.046875000,-0.858516326033,-0.407795254866
0.796875000,0.046875000,-0.748325898587,-0.355454801829
0.812500000,0.046875000,-0.613854878818,-0.291581067439
0.828125000,0.046875000,-0.452631340030,-0.214999886514
0.843750000,0.046875000,-0.262048106877,-0.124472850766
0.859375000,0.046875000,-0.0393688862205,-0.0187002209547
0.875000000,0.046875000,0.218262223514,0.103674556169
0.890625000,0.046875000,0.513807076184,0.244058361188
0.906250000,0.046875000,0.850314749167,0.403899505854
0.921875000,0.046875000,1.23089662349,0.584675896159
0.937500000,0.046875000,1.65869392128,0.787879612606
0.953125000,0.046875000,2.13683606557,1.01499713114
0.968750000,0.046875000,,
0.984375000,0.046875000,,
1.000000000,0.046875000,,
-1.000000000,0.062500000,,
-0.984375000,0.062500000,,
-0.968750000,0.062500000,,
-0.953125000,0.062500000,2.31683988785,1.10049894673
-0.937500000,0.062500000,1.82687083016,0.867763644327
-0.921875000,0.062500000,1.38786076262,0.659233862243
-0.906250000,0.062500000,0.996654097711,0.473410696413
-0.890625000,0.062500000,0.650084214816,0.308790002038
-0.875000000,0.062500000,0.345015272824,0.163882254592
-0.859375000,0.062500000,0.0783747784762,0.0372280197762
-0.843750000,0.062500000,-0.152821440438,-0.0725901842080
-0.828125000,0.062500000,-0.351450491364,-0.166938983398
-0.812500000,0.062500000,-0.520268776732,-0.247127668948
-0.796875000,0.062500000,-0.661902521297,-0.314403697616
-0.781250000,0.062500000,-0.778841693432,-0.369949804380
-0.765625000,0.062500000,-0.873436677685,-0.414882421900
-0.750000000,0.062500000,-0.947897165531,-0.450251153627
-0.734375000,0.062500000,-1.00429282171,-0.477039090313
-0.718750000,0.062500000,-1.04455535974,-0.496163795877
-0.703125000,0.062500000,-1.07048172086,-0.508478817409
-0.687500000,0.062500000,-1.08373810534,-0.514775600038
-0.671875000,0.062500000,-1.08586464654,-0.515785707108
-0.656250000,0.062500000,-1.07828055579,-0.512183264000
-0.640625000,0.062500000,-1.06228959539,-0.504587557812
-0.625000000,0.062500000,-1.03908576402,-0.493565737909
-0.609375000,0.062500000,-1.00975909804,-0.479635571569
-0.593750000,0.062500000,-0.975301511876,-0.463268218141
-0.578125000,0.062500000,-0.936612613872,-0.444890991589
-0.562500000,0.062500000,-0.894505447998,-0.424890087799
-0.546875000,0.062500000,-0.849712120449,-0.403613257213
-0.531250000,0.062500000,-0.802889281505,-0.381372408715
-0.515625000,0.062500000,-0.754623436055,-0.358446132126
-0.500000000,0.062500000,-0.705436067300,-0.335082131967
-0.484375000,0.062500000,-0.655788559032,-0.311499565540
-0.468750000,0.062500000,-0.606086908124,-0.287891281359
-0.453125000,0.062500000,-0.556686221684,-0.264425955300
-0.437500000,0.062500000,-0.507894996504,-0.241250123339
-0.421875000,0.062500000,-0.459979180159,-0.218490110575
-0.406250000,0.062500000,-0.413166015648,-0.196253857433
-0.390625000,0.062500000,-0.367647671754,-0.174632644083
-0.375000000,0.062500000,-0.323584665388,-0.153702716059
-0.359375000,0.062500000,-0.281109078253,-0.133526812170
-0.343750000,0.062500000,-0.240327576125,-0.114155598659
-0.328125000,0.062500000,-0.201324236134,-0.0956290121637
-0.312500000,0.062500000,-0.164163188491,-0.0779775145334
-0.296875000,0.062500000,-0.128891080367,-0.0612232631741
-0.281250000,0.062500000,-0.0955393685817,-0.0453812000763
-0.265625000,0.062500000,-0.0641264486892,-0.0304600631274
-0.250000000,0.062500000,-0.0346596264383,-0.0164633225582
-0.234375000,0.062500000,-0.00713694012515,-0.00339004655945
-0.218750000,0.062500000,0.0184511606459,0.00876430130679
-0.203125000,0.062500000,0.0421202729350,0.0200071296441
-0.187500000,0.062500000,0.0638906285610,0.0303480485665
-0.171875000,0.062500000,0.0837858065212,0.0397982580976
-0.156250000,0.062500000,0.101831564711,0.0483699932378
-0.140625000,0.062500000,0.118054784222,0.0560760225055
-0.125000000,0.062500000,0.132482523573,0.0629291986974
-0.109375000,0.062500000,0.145141175230,0.0689420582341
-0.093750000,0.062500000,0.156055723824,0.0741264688164
-0.078125000,0.062500000,0.165249099153,0.0784933220977
-0.062500000,0.062500000,0.172741623072,0.0820522709594
-0.046875000,0.062500000,0.178550545766,0.0848115092389
-0.031250000,0.062500000,0.182689669964,0.0867775932330
-0.015625000,0.062500000,0.185169061041,0.0879553039944
0.000000000,0.062500000,0.185994839982,0.0883475489913
0.015625000,0.062500000,0.185169061041,0.0879553039944
0.031250000,0.062500000,0.182689669964,0.0867775932330
0.046875000,0.062500000,0.178550545766,0.0848115092389
0.062500000,0.062500000,0.172741623072,0.0820522709594
0.078125000,0.062500000,0.165249099153,0.0784933220977
0.093750000,0.062500000,0.156055723824,0.0741264688164
0.109375000,0.062500000,0.145141175230,0.0689420582341
0.125000000,0.062500000,0.132482523573,0.0629291986974
0.140625000,0.062500000,0.118054784222,0.0560760225055
0.156250000,0.062500000,0.101831564711,0.0483699932378
0.171875000,0.062500000,0.0837858065212,0.0397982580976
0.187500000,0.062500000,0.0638906285610,0.0303480485665
0.203125000,0.062500000,0.0421202729350,0.0200071296441
0.218750000,0.062500000,0.0184511606459,0.00876430130679
0.234375000,0.062500000,-0.00713694012515,-0.00339004655945
0.250000000,0.062500000,-0.0346596264383,-0.0164633225582
0.265625000,0.062500000,-0.0641264486892,-0.0304600631274
0.281250000,0.062500000,-0.0955393685817,-0.0453812000763
0.296875000,0.062500000,-0.128891080367,-0.0612232631741
0.312500000,0.062500000,-0.164163188491,-0.0779775145334
0.328125000,0.062500000,-0.201324236134,-0.0956290121637
0.343750000,0.062500000,-0.240327576125,-0.114155598659
0.359375000,0.062500000,-0.281109078253,-0.133526812170
0.375000000,0.062500000,-0.323584665388,-0.153702716059
0.390625000,0.062500000,-0.367647671754,-0.174632644083
0.406250000,0.062500000,-0.413166015648,-0.196253857433
0.421875000,0.062500000,-0.459979180159,-0.218490110575
0.437500000,0.062500000,-0.507894996504,-0.241250123339
0.453125000,0.062500000,-0.556686221684,-0.264425955300
0.468750000,0.062500000,-0.606086908124,-0.287891281359
0.484375000,0.062500000,-0.655788559032,-0.311499565540
0.500000000,0.062500000,-0.705436067300,-0.335082131967
0.515625000,0.062500000,-0.754623436055,-0.358446132126
0.531250000,0.062500000,-0.802889281505,-0.381372408715
0.546875000,0.062500000,-0.849712120449,-0.403613257213
0.562500000,0.062500000,-0.894505447998,-0.424890087799
0.578125000,0.062500000,-0.936612613872,-0.444890991589
0.593750000,0.062500000,-0.975301511876,-0.463268218141
0.609375000,0.062500000,-1.00975909804,-0.479635571569
0.625000000,0.062500000,-1.03908576402,-0.493565737909
0.640625000,0.062500000,-1.06228959539,-0.504587557812
0.656250000,0.062500000,-1.07828055579,-0.512183264000
0.671875000,0.062500000,-1.08586464654,-0.515785707108
0.687500000,0.062500000,-1.08373810534,-0.514775600038
0.703125000,0.062500000,-1.07048172086,-0.508478817409
0.718750000,0.062500000,-1.04455535974,-0.496163795877
0.734375000,0.062500000,-1.00429282171,-0.477039090313
0.750000000,0.062500000,-0.947897165531,-0.450251153627
0.765625000,0.062500000,-0.873436677685,-0.414882421900
0.781250000,0.062500000,-0.778841693432,-0.369949804380
0.796875000,0.062500000,-0.661902521297,-0.314403697616
0.812500000,0.062500000,-0.520268776732,-0.247127668948
0.828125000,0.062500000,-0.351450491364,-0.166938983398
0.843750000,0.062500000,-0.152821440438,-0.0725901842080
0.859375000,0.062500000,0.0783747784762,0.0372280197762
0.875000000,0.062500000,0.345015272824,0.163882254592
0.890625000,0.062500000,0.650084214816,0.308790002038
0.906250000,0.062500000,0.996654097711,0.473410696413
0.921875000,0.062500000,1.38786076262,0.659233862243
0.937500000,0.062500000,1.82687083016,0.867763644327
0.953125000,0.062500000,2.31683988785,1.10049894673
0.968750000,0.062500000,,
0.984375000,0.062500000,,
1.000000000,0.062500000,,
-1.000000000,0.078125000,,
-0.984375000,0.078125000,,
-0.968750000,0.078125000,,
-0.953125000,0.078125000,2.50991690255,1.19221052871
-0.937500000,0.078125000,2.00721336648,0.953426349079
-0.921875000,0.078125000,1.55610857238,0.739151571882
-0.906250000,0.078125000,1.15342442152,0.547876600223
-0.890625000,0.078125000,0.795971742113,0.378086577504
-0.875000000,0.078125000,0.480592402585,0.228281391228
-0.859375000,0.078125000,0.204192091885,0.0969912436454
-0.843750000,0.078125000,-0.0362345638338,-0.0172114178211
-0.828125000,0.078125000,-0.243585168417,-0.115702954998
-0.812500000,0.078125000,-0.420635867645,-0.199802037131
-0.796875000,0.078125000,-0.570031860145,-0.270765133569
-0.781250000,0.078125000,-0.694281326407,-0.329783630044
-0.765625000,0.078125000,-0.795752126166,-0.377982259929
-0.750000000,0.078125000,-0.876670725944,-0.416418594823
-0.734375000,0.078125000,-0.939122911045,-0.446083382746
-0.718750000,0.078125000,-0.985055911132,-0.467901557788
-0.703125000,0.078125000,-1.01628163176,-0.482733775088
-0.687500000,0.078125000,-1.03448073930,-0.491378351167
-0.671875000,0.078125000,-1.04120738686,-0.494573508757
-0.656250000,0.078125000,-1.03789440908,-0.492999844315
-0.640625000,0.078125000,-1.02585884268,-0.487282950272
-0.625000000,0.078125000,-1.00630765463,-0.477996135950
-0.609375000,0.078125000,-0.980343583286,-0.465663202061
-0.593750000,0.078125000,-0.948971012861,-0.450761231109
-0.578125000,0.078125000,-0.913101820500,-0.433723364737
-0.562500000,0.078125000,-0.873561143292,-0.414941543064
-0.546875000,0.078125000,-0.831093027146,-0.394769187894
-0.531250000,0.078125000,-0.786365924077,-0.373523813937
-0.515625000,0.078125000,-0.739978017125,-0.351489558134
-0.500000000,0.078125000,-0.692462351807,-0.328919617108
-0.484375000,0.078125000,-0.644291763452,-0.306038587640
-0.468750000,0.078125000,-0.595883590936,-0.283044705695
-0.453125000,0.078125000,-0.547604171897,-0.260111981651
-0.437500000,0.078125000,-0.499773116796,-0.237392230478
-0.421875000,0.078125000,-0.452667361652,-0.215016996785
-0.406250000,0.078125000,-0.406525002624,-0.193099376247
-0.390625000,0.078125000,-0.361548913626,-0.171735733973
-0.375000000,0.078125000,-0.317910152765,-0.151007322564
-0.359375000,0.078125000,-0.275751163474,-0.130981802650
-0.343750000,0.078125000,-0.235188775169,-0.111714668206
-0.328125000,0.078125000,-0.196317010606,-0.0932505800381
-0.312500000,0.078125000,-0.159209708029,-0.0756246113136
-0.296875000,0.078125000,-0.123922963455,-0.0588634076411
-0.281250000,0.078125000,-0.0904974014677,-0.0429862656972
-0.265625000,0.078125000,-0.0589602824868,-0.0280061341812
-0.250000000,0.078125000,-0.0293274518812,-0.0139305396436
-0.234375000,0.078125000,-0.00160514017245,-0.000762441581913
-0.218750000,0.078125000,0.0242083799254,0.0114989804645
-0.203125000,0.078125000,0.0481212733066,0.0228576048206
-0.187500000,0.078125000,0.0701467506763,0.0333197065712
-0.171875000,0.078125000,0.0903018020303,0.0428933559644
-0.156250000,0.078125000,0.108606046578,0.0515878721247
-0.140625000,0.078125000,0.125080696039,0.0594133306183
-0.125000000,0.078125000,0.139747624929,0.0663801218415
-0.109375000,0.078125000,0.152628543677,0.0724985582464
-0.093750000,0.078125000,0.163744270700,0.0777785285824
-0.078125000,0.078125000,0.173114098425,0.0822291967521
-0.062500000,0.078125000,0.180755251215,0.0858587443270
-0.046875000,0.078125000,0.186682431476,0.0886741549513
-0.031250000,0.078125000,0.190907452243,0.0906810398156
-0.015625000,0.078125000,0.193438952803,0.0918835025812
0.000000000,0.078125000,0.194282196952,0.0922840435522
0.015625000,0.078125000,0.193438952803,0.0918835025812
0.031250000,0.078125000,0.190907452243,0.0906810398156
0.046875000,0.078125000,0.186682431476,0.0886741549513
0.062500000,0.078125000,0.180755251215,0.0858587443270
0.078125000,0.078125000,0.173114098425,0.0822291967521
0.093750000,0.078125000,0.163744270700,0.0777785285824
0.109375000,0.078125000,0.152628543677,0.0724985582464
0.125000000,0.078125000,0.139747624929,0.0663801218415
0.140625000,0.078125000,0.125080696039,0.0594133306183
0.156250000,0.078125000,0.108606046578,0.0515878721247
0.171875000,0.078125000,0.0903018020303,0.0428933559644
0.187500000,0.078125000,0.0701467506763,0.0333197065712
0.203125000,0.078125000,0.0481212733066,0.0228576048206
0.218750000,0.078125000,0.0242083799254,0.0114989804645
0.234375000,0.078125000,-0.00160514017245,-0.000762441581913
0.250000000,0.078125000,-0.0293274518812,-0.0139305396436
0.265625000,0.078125000,-0.0589602824868,-0.0280061341812
0.281250000,0.078125000,-0.0904974014677,-0.0429862656972
0.296875000,0.078125000,-0.123922963455,-0.0588634076411
0.312500000,0.078125000,-0.159209708029,-0.0756246113136
0.328125000,0.078125000,-0.196317010606,-0.0932505800381
0.343750000,0.078125000,-0.235188775169,-0.111714668206
0.359375000,0.078125000,-0.275751163474,-0.130981802650
0.375000000,0.078125000,-0.317910152765,-0.151007322564
0.390625000,0.078125000,-0.361548913626,-0.171735733973
0.406250000,0.078125000,-0.406525002624,-0.193099376247
0.421875000,0.078125000,-0.452667361652,-0.215016996785
0.437500000,0.078125000,-0.499773116796,-0.237392230478
0.453125000,0.078125000,-0.547604171897,-0.260111981651
0.468750000,0.078125000,-0.595883590936,-0.283044705695
0.484375000,0.078125000,-0.644291763452,-0.306038587640
0.500000000,0.078125000,-0.692462351807,-0.328919617108
0.515625000,0.078125000,-0.739978017125,-0.351489558134
0.531250000,0.078125000,-0.786365924077,-0.373523813937
0.546875000,0.078125000,-0.831093027146,-0.394769187894
0.562500000,0.078125000,-0.873561143292,-0.414941543064
0.578125000,0.078125000,-0.913101820500,-0.433723364737
0.593750000,0.078125000,-0.948971012861,-0.450761231109
0.609375000,0.078125000,-0.980343583286,-0.465663202061
0.625000000,0.078125000,-1.00630765463,-0.477996135950
0.640625000,0.078125000,-1.02585884268,-0.487282950272
0.656250000,0.078125000,-1.03789440908,-0.492999844315
0.671875000,0.078125000,-1.04120738686,-0.494573508757
0.687500000,0.078125000,-1.03448073930,-0.491378351167
0.703125000,0.078125000,-1.01628163176,-0.482733775088
0.718750000,0.078125000,-0.985055911132,-0.467901557788
0.734375000,0.078125000,-0.939122911045,-0.446083382746
0.750000000,0.078125000,-0.876670725944,-0.416418594823
0.765625000,0.078125000,-0.795752126166,-0.377982259929
0.781250000,0.078125000,-0.694281326407,-0.329783630044
0.796875000,0.078125000,-0.570031860145,-0.270765133569
0.812500000,0.078125000,-0.420635867645,-0.199802037131
0.828125000,0.078125000,-0.243585168417,-0.115702954998
0.843750000,0.078125000,-0.0362345638338,-0.0172114178211
0.859375000,0.078125000,0.204192091885,0.0969912436454
0.875000000,0.078125000,0.480592402585,0.228281391228
0.890625000,0.078125000,0.795971742113,0.378086577504
0.906250000,0.078125000,1.15342442152,0.547876600223
0.921875000,0.078125000,1.55610857238,0.739151571882
0.937500000,0.078125000,2.00721336648,0.953426349079
0.953125000,0.078125000,2.50991690255,1.19221052871
0.968750000,0.078125000,,
0.984375000,0.078125000,,
1.000000000,0.078125000,,
-1.000000000,0.093750000,,
-0.984375000,0.093750000,,
-0.968750000,0.093750000,,
-0.953125000,0.093750000,2.71653911239,1.29035607838
-0.937500000,0.093750000,2.20016032916,1.04507615635
-0.921875000,0.093750000,1.73604675482,0.824622208541
-0.906250000,0.093750000,1.32100153939,0.627475731211
-0.890625000,0.093750000,0.951815887482,0.452112546554
-0.875000000,0.093750000,0.625311604211,0.297023012000
-0.859375000,0.093750000,0.338374197931,0.160727744017
-0.843750000,0.093750000,0.0879782333142,0.0417896608243
-0.828125000,0.093750000,-0.128793669856,-0.0611769931815
-0.812500000,0.093750000,-0.314737034849,-0.149500091553
-0.796875000,0.093750000,-0.472515968390,-0.224445084985
-0.781250000,0.093750000,-0.604657050145,-0.287212098819
-0.765625000,0.093750000,-0.713546016030,-0.338934357614
-0.750000000,0.093750000,-0.801426689934,-0.380677677719
-0.734375000,0.093750000,-0.870401712034,-0.413440813216
-0.718750000,0.093750000,-0.922434691023,-0.438156478236
-0.703125000,0.093750000,-0.959353467889,-0.455692897247
-0.687500000,0.093750000,-0.982854235939,-0.466855762071
-0.671875000,0.093750000,-0.994506304559,-0.472390494666
-0.656250000,0.093750000,-0.995757330424,-0.472984731952
-0.640625000,0.093750000,-0.987938873811,-0.469270965060
-0.625000000,0.093750000,-0.972272160548,-0.461829276260
-0.609375000,0.093750000,-0.949873953347,-0.451190127840
-0.593750000,0.093750000,-0.921762454240,-0.437837165764
-0.578125000,0.093750000,-0.888863174931,-0.422210008092
-0.562500000,0.093750000,-0.852014724118,-0.404706993956
-0.546875000,0.093750000,-0.811974472024,-0.385687874212
-0.531250000,0.093750000,-0.769424060442,-0.365476428710
-0.515625000,0.093750000,-0.724974735877,-0.344362999542
-0.500000000,0.093750000,-0.679172485739,-0.322606930726
-0.484375000,0.093750000,-0.632502967021,-0.300438909335
-0.468750000,0.093750000,-0.585396217659,-0.278063203388
-0.453125000,0.093750000,-0.538231147114,-0.255659794879
-0.437500000,0.093750000,-0.491339801889,-0.233386405897
-0.421875000,0.093750000,-0.445011407939,-0.211380418771
-0.406250000,0.093750000,-0.399496191718,-0.189760691066
-0.390625000,0.093750000,-0.355008982593,-0.168629266732
-0.375000000,0.093750000,-0.311732602706,-0.148072986285
-0.359375000,0.093750000,-0.269821048387,-0.128164997984
-0.343750000,0.093750000,-0.229402470972,-0.108966173712
-0.328125000,0.093750000,-0.190581963335,-0.0905264325840
-0.312500000,0.093750000,-0.153444158858,-0.0728859754574
-0.296875000,0.093750000,-0.118055651127,-0.0560764342854
-0.281250000,0.093750000,-0.0844672416727,-0.0401219397945
-0.265625000,0.093750000,-0.0527160225062,-0.0250401106904
-0.250000000,0.093750000,-0.0228273026889,-0.0108429687772
-0.234375000,0.093750000,0.00518361599045,0.00246221759547
-0.218750000,0.093750000,0.0313098048888,0.0148721573222
-0.203125000,0.093750000,0.0555512106667,0.0263868250667
-0.187500000,0.093750000,0.0779132865090,0.0370088110918
-0.171875000,0.093750000,0.0984057459248,0.0467427293143
-0.156250000,0.093750000,0.117041433519,0.0555946809217
-0.140625000,0.093750000,0.133835307100,0.0635717708727
-0.125000000,0.093750000,0.148803526094,0.0706816748945
-0.109375000,0.093750000,0.161962641107,0.0769322545257
-0.093750000,0.093750000,0.173328880753,0.0823312183576
-0.078125000,0.093750000,0.182917531819,0.0868858276140
-0.062500000,0.093750000,0.190742408518,0.0906026440459
-0.046875000,0.093750000,0.196815409447,0.0934873194874
-0.031250000,0.093750000,0.201146157604,0.0955444248619
-0.015625000,0.093750000,0.203741723473,0.0967773186495
0.000000000,0.093750000,0.204606427649,0.0971880531333
0.015625000,0.093750000,0.203741723473,0.0967773186495
0.031250000,0.093750000,0.201146157604,0.0955444248619
0.046875000,0.093750000,0.196815409447,0.0934873194874
0.062500000,0.093750000,0.190742408518,0.0906026440459
0.078125000,0.093750000,0.182917531819,0.0868858276140
0.093750000,0.093750000,0.173328880753,0.0823312183576
0.109375000,0.093750000,0.161962641107,0.0769322545257
0.125000000,0.093750000,0.148803526094,0.0706816748945
0.140625000,0.093750000,0.133835307100,0.0635717708727
0.156250000,0.093750000,0.117041433519,0.0555946809217
0.171875000,0.093750000,0.0984057459248,0.0467427293143
0.187500000,0.093750000,0.0779132865090,0.0370088110918
0.203125000,0.093750000,0.0555512106667,0.0263868250667
0.218750000,0.093750000,0.0313098048888,0.0148721573222
0.234375000,0.093750000,0.00518361599045,0.00246221759547
0.250000000,0.093750000,-0.0228273026889,-0.0108429687772
0.265625000,0.093750000,-0.0527160225062,-0.0250401106904
0.281250000,0.093750000,-0.0844672416727,-0.0401219397945
0.296875000,0.093750000,-0.118055651127,-0.0560764342854
0.312500000,0.093750000,-0.153444158858,-0.0728859754574
0.328125000,0.093750000,-0.190581963335,-0.0905264325840
0.343750000,0.093750000,-0.229402470972,-0.108966173712
0.359375000,0.093750000,-0.269821048387,-0.128164997984
0.375000000,0.093750000,-0.311732602706,-0.148072986285
0.390625000,0.093750000,-0.355008982593,-0.168629266732
0.406250000,0.093750000,-0.399496191718,-0.189760691066
0.421875000,0.093750000,-0.445011407939,-0.211380418771
0.437500000,0.093750000,-0.491339801889,-0.233386405897
0.453125000,0.093750000,-0.538231147114,-0.255659794879
0.468750000,0.093750000,-0.585396217659,-0.278063203388
0.484375000,0.093750000,-0.632502967021,-0.300438909335
0.500000000,0.093750000,-0.679172485739,-0.322606930726
0.515625000,0.093750000,-0.724974735877,-0.344362999542
0.531250000,0.093750000,-0.769424060442,-0.365476428710
0.546875000,0.093750000,-0.811974472024,-0.385687874212
0.562500000,0.093750000,-0.852014724118,-0.404706993956
0.578125000,0.093750000,-0.888863174931,-0.422210008092
0.593750000,0.093750000,-0.921762454240,-0.437837165764
0.609375000,0.093750000,-0.949873953347,-0.451190127840
0.625000000,0.093750000,-0.972272160548,-0.461829276260
0.640625000,0.093750000,-0.987938873811,-0.469270965060
0.656250000,0.093750000,-0.995757330424,-0.472984731952
0.671875000,0.093750000,-0.994506304559,-0.472390494666
0.687500000,0.093750000,-0.982854235939,-0.466855762071
0.703125000,0.093750000,-0.959353467889,-0.455692897247
0.718750000,0.093750000,-0.922434691023,-0.438156478236
0.734375000,0.093750000,-0.870401712034,-0.413440813216
0.750000000,0.093750000,-0.801426689934,-0.380677677719
0.765625000,0.093750000,-0.713546016030,-0.338934357614
0.781250000,0.093750000,-0.604657050145,-0.287212098819
0.796875000,0.093750000,-0.472515968390,-0.224445084985
0.812500000,0.093750000,-0.314737034849,-0.149500091553
0.828125000,0.093750000,-0.128793669856,-0.0611769931815
0.843750000,0.093750000,0.0879782333142,0.0417896608243
0.859375000,0.093750000,0.338374197931,0.160727744017
0.875000000,0.093750000,0.625311604211,0.297023012000
0.890625000,0.093750000,0.951815887482,0.452112546554
0.906250000,0.093750000,1.32100153939,0.627475731211
0.921875000,0.093750000,1.73604675482,0.824622208541
0.937500000,0.093750000,2.20016032916,1.04507615635
0.953125000,0.093750000,2.71653911239,1.29035607838
0.968750000,0.093750000,,
0.984375000,0.093750000,,
1.000000000,0.093750000,,
-1.000000000,0.109375000,,
-0.984375000,0.109375000,,
-0.968750000,0.109375000,,
-0.953125000,0.109375000,2.93721482037,1.39517703967
-0.937500000,0.109375000,2.40618686725,1.14293876195
-0.921875000,0.109375000,1.92811817962,0.915856135318
-0.906250000,0.109375000,1.49979706193,0.712403604417
-0.890625000,0.109375000,1.11799813573,0.531049114472
-0.875000000,0.109375000,0.779525455580,0.370274591400
-0.859375000,0.109375000,0.481246049719,0.228591873617
-0.843750000,0.109375000,0.220115604804,0.104554912282
-0.828125000,0.109375000,-0.00680228759658,-0.00323108660837
-0.812500000,0.109375000,-0.202322148253,-0.0961030204201
-0.796875000,0.109375000,-0.369126922427,-0.175335288153
-0.781250000,0.109375000,-0.509761782531,-0.242136846702
-0.765625000,0.109375000,-0.626630756025,-0.297649609112
-0.750000000,0.109375000,-0.721995626324,-0.342947922504
-0.734375000,0.109375000,-0.797976649411,-0.379038908470
-0.718750000,0.109375000,-0.856554706546,-0.406863485609
-0.703125000,0.109375000,-0.899574579425,-0.427297925227
-0.687500000,0.109375000,-0.928749087205,-0.441155816422
-0.671875000,0.109375000,-0.945663871975,-0.449190339188
-0.656250000,0.109375000,-0.951782653182,-0.452096760262
-0.640625000,0.109375000,-0.948452807871,-0.450515083739
-0.625000000,0.109375000,-0.936911156101,-0.445032799148
-0.609375000,0.109375000,-0.918289854181,-0.436187680736
-0.593750000,0.109375000,-0.893622316290,-0.424470600238
-0.578125000,0.109375000,-0.863849101874,-0.410328323390
-0.562500000,0.109375000,-0.829823716900,-0.394166265528
-0.546875000,0.109375000,-0.792318288849,-0.376351187203
-0.531250000,0.109375000,-0.752029084611,-0.357213815190
-0.515625000,0.109375000,-0.709581846515,-0.337051377095
-0.500000000,0.109375000,-0.665536930532,-0.316130042003
-0.484375000,0.109375000,-0.620394231542,-0.294687259982
-0.468750000,0.109375000,-0.574597890110,-0.272933997802
-0.453125000,0.109375000,-0.528540773631,-0.251056867475
-0.437500000,0.109375000,-0.482568731707,-0.229220147561
-0.421875000,0.109375000,-0.436984624856,-0.207567696807
-0.406250000,0.109375000,-0.392052129576,-0.186224761549
-0.390625000,0.109375000,-0.347999323299,-0.165299678567
-0.375000000,0.109375000,-0.305022054669,-0.144885475968
-0.359375000,0.109375000,-0.263287103875,-0.125061374341
-0.343750000,0.109375000,-0.222935141451,-0.105894192189
-0.328125000,0.109375000,-0.184083490836,-0.0874396581471
-0.312500000,0.109375000,-0.146828703645,-0.0697436342312
-0.296875000,0.109375000,-0.111248954644,-0.0528432534560
-0.281250000,0.109375000,-0.0774062635149,-0.0367679751696
-0.265625000,0.109375000,-0.0453485532327,-0.0215405627855
-0.250000000,0.109375000,-0.0151115499136,-0.00717798620898
-0.234375000,0.109375000,0.0132794652942,0.00630774601472
-0.218750000,0.109375000,0.0398080478005,0.0189088227052
-0.203125000,0.109375000,0.0644651152258,0.0306209297323
-0.187500000,0.109375000,0.0872476023018,0.0414426110934
-0.171875000,0.109375000,0.108157236764,0.0513746874630
-0.156250000,0.109375000,0.127199431926,0.0604197301646
-0.140625000,0.109375000,0.144382288519,0.0685815870467
-0.125000000,0.109375000,0.159715702271,0.0758649585789
-0.109375000,0.109375000,0.173210570820,0.0822750211394
-0.093750000,0.109375000,0.184878096150,0.0878170956712
-0.078125000,0.109375000,0.194729179127,0.0924963600855
-0.062500000,0.109375000,0.202773901399,0.0963176031645
-0.046875000,0.109375000,0.209021092723,0.0992850190432
-0.031250000,0.109375000,0.213477980108,0.101402040551
-0.015625000,0.109375000,0.216149917444,0.102671210786
0.000000000,0.109375000,0.217040193543,0.103094091933
0.015625000,0.109375000,0.216149917444,0.102671210786
0.031250000,0.109375000,0.213477980108,0.101402040551
0.046875000,0.109375000,0.209021092723,0.0992850190432
0.062500000,0.109375000,0.202773901399,0.0963176031645
0.078125000,0.109375000,0.194729179127,0.0924963600855
0.093750000,0.109375000,0.184878096150,0.0878170956712
0.109375000,0.109375000,0.173210570820,0.0822750211394
0.125000000,0.109375000,0.159715702271,0.0758649585789
0.140625000,0.109375000,0.144382288519,0.0685815870467
0.156250000,0.109375000,0.127199431926,0.0604197301646
0.171875000,0.109375000,0.108157236764,0.0513746874630
0.187500000,0.109375000,0.0872476023018,0.0414426110934
0.203125000,0.109375000,0.0644651152258,0.0306209297323
0.218750000,0.109375000,0.0398080478005,0.0189088227052
0.234375000,0.109375000,0.0132794652942,0.00630774601472
0.250000000,0.109375000,-0.0151115499136,-0.00717798620898
0.265625000,0.109375000,-0.0453485532327,-0.0215405627855
0.281250000,0.109375000,-0.0774062635149,-0.0367679751696
0.296875000,0.109375000,-0.111248954644,-0.0528432534560
0.312500000,0.109375000,-0.146828703645,-0.0697436342312
0.328125000,0.109375000,-0.184083490836,-0.0874396581471
0.343750000,0.109375000,-0.222935141451,-0.105894192189
0.359375000,0.109375000,-0.263287103875,-0.125061374341
0.375000000,0.109375000,-0.305022054669,-0.144885475968
0.390625000,0.109375000,-0.347999323299,-0.165299678567
0.406250000,0.109375000,-0.392052129576,-0.186224761549
0.421875000,0.109375000,-0.436984624856,-0.207567696807
0.437500000,0.109375000,-0.482568731707,-0.229220147561
0.453125000,0.109375000,-0.528540773631,-0.251056867475
0.468750000,0.109375000,-0.574597890110,-0.272933997802
0.484375000,0.109375000,-0.620394231542,-0.294687259982
0.500000000,0.109375000,-0.665536930532,-0.316130042003
0.515625000,0.109375000,-0.709581846515,-0.337051377095
0.531250000,0.109375000,-0.752029084611,-0.357213815190
0.546875000,0.109375000,-0.792318288849,-0.376351187203
0.562500000,0.109375000,-0.829823716900,-0.394166265528
0.578125000,0.109375000,-0.863849101874,-0.410328323390
0.593750000,0.109375000,-0.893622316290,-0.424470600238
0.609375000,0.109375000,-0.918289854181,-0.436187680736
0.625000000,0.109375000,-0.936911156101,-0.445032799148
0.640625000,0.109375000,-0.948452807871,-0.450515083739
0.656250000,0.109375000,-0.951782653182,-0.452096760262
0.671875000,0.109375000,-0.945663871975,-0.449190339188
0.687500000,0.109375000,-0.928749087205,-0.441155816422
0.703125000,0.109375000,-0.899574579425,-0.427297925227
0.718750000,0.109375000,-0.856554706546,-0.406863485609
0.734375000,0.109375000,-0.797976649411,-0.379038908470
0.750000000,0.109375000,-0.721995626324,-0.342947922504
0.765625000,0.109375000,-0.626630756025,-0.297649609112
0.781250000,0.109375000,-0.509761782531,-0.242136846702
0.796875000,0.109375000,-0.369126922427,-0.175335288153
0.812500000,0.109375000,-0.202322148253,-0.0961030204201
0.828125000,0.109375000,-0.00680228759658,-0.00323108660837
0.843750000,0.109375000,0.220115604804,0.104554912282
0.859375000,0.109375000,0.481246049719,0.228591873617
0.875000000,0.109375000,0.779525455580,0.370274591400
0.890625000,0.109375000,1.11799813573,0.531049114472
0.906250000,0.109375000,1.49979706193,0.712403604417
0.921875000,0.109375000,1.92811817962,0.915856135318
0.937500000,0.109375000,2.40618686725,1.14293876195
0.953125000,0.109375000,2.93721482037,1.39517703967
0.968750000,0.109375000,,
0.984375000,0.109375000,,
1.000000000,0.109375000,,
-1.000000000,0.125000000,,
-0.984375000,0.125000000,,
-0.968750000,0.125000000,,
-0.953125000,0.125000000,3.17265614367,1.50701166824
-0.937500000,0.125000000,2.62580748960,1.24725855756
-0.921875000,0.125000000,2.13280488637,1.01308232103
-0.906250000,0.125000000,1.69026136914,0.802874150340
-0.890625000,0.125000000,1.29493816528,0.615095628510
-0.875000000,0.125000000,0.943624007365,0.448221403499
-0.859375000,0.125000000,0.633169232524,0.300755385449
-0.843750000,0.125000000,0.360511898483,0.171243151780
-0.828125000,0.125000000,0.122697363263,0.0582812475499
-0.812500000,0.125000000,-0.0831074808035,-0.0394760533816
-0.796875000,0.125000000,-0.259604331741,-0.123312057577
-0.781250000,0.125000000,-0.409357142319,-0.194444642601
-0.765625000,0.125000000,-0.534788650797,-0.254024609128
-0.750000000,0.125000000,-0.638179214945,-0.303135127099
-0.734375000,0.125000000,-0.721667485745,-0.342792055729
-0.718750000,0.125000000,-0.787252535064,-0.373944954155
-0.703125000,0.125000000,-0.836797119678,-0.397478631847
-0.687500000,0.125000000,-0.872031816582,-0.414215112876
-0.671875000,0.125000000,-0.894559813053,-0.424915911200
-0.656250000,0.125000000,-0.905862170718,-0.430284531091
-0.640625000,0.125000000,-0.907303417854,-0.430969123481
-0.625000000,0.125000000,-0.900137346867,-0.427565239762
-0.609375000,0.125000000,-0.885512920257,-0.420618637122
-0.593750000,0.125000000,-0.864480204070,-0.410628096933
-0.578125000,0.125000000,-0.837996264329,-0.398048225556
-0.562500000,0.125000000,-0.806930976294,-0.383292213740
-0.546875000,0.125000000,-0.772072704129,-0.366734534461
-0.531250000,0.125000000,-0.734133820808,-0.348713564884
-0.515625000,0.125000000,-0.693756044602,-0.329534121186
-0.500000000,0.125000000,-0.651515572114,-0.309469896754
-0.484375000,0.125000000,-0.607927998998,-0.288765799524
-0.468750000,0.125000000,-0.563453016288,-0.267640182737
-0.453125000,0.125000000,-0.518498881010,-0.246286968480
-0.437500000,0.125000000,-0.473426656684,-0.224877661925
-0.421875000,0.125000000,-0.428554226382,-0.203563257531
-0.406250000,0.125000000,-0.384160078624,-0.182476037346
-0.390625000,0.125000000,-0.340486873131,-0.161731264737
-0.375000000,0.125000000,-0.297744787740,-0.141428774176
-0.359375000,0.125000000,-0.256114657143,-0.121654462143
-0.343750000,0.125000000,-0.215750905868,-0.102481680287
-0.328125000,0.125000000,-0.176784285889,-0.0839725357971
-0.312500000,0.125000000,-0.139324425938,-0.0661791023205
-0.296875000,0.125000000,-0.103462199154,-0.0491445445982
-0.281250000,0.125000000,-0.0692719187023,-0.0329041613836
-0.265625000,0.125000000,-0.0368133682688,-0.0174863499277
-0.250000000,0.125000000,-0.00613367547455,-0.00291349585041
-0.234375000,0.125000000,0.0227309630877,0.0107972074667
-0.218750000,0.125000000,0.0497536995049,0.0236330072648
-0.203125000,0.125000000,0.0749155860721,0.0355849033842
-0.187500000,0.125000000,0.0982042541640,0.0466470207279
-0.171875000,0.125000000,0.119612714496,0.0568160393855
-0.156250000,0.125000000,0.139138271365,0.0660906788983
-0.140625000,0.125000000,0.156781546799,0.0744712347298
-0.125000000,0.125000000,0.172545607047,0.0819591633472
-0.109375000,0.125000000,0.186435187909,0.0885567142566
-0.093750000,0.125000000,0.198456014347,0.0942666068147
-0.078125000,0.125000000,0.208614209357,0.0990917494446
-0.062500000,0.125000000,0.216915789204,0.103034999872
-0.046875000,0.125000000,0.223366241918,0.106098964911
-0.031250000,0.125000000,0.227970185667,0.108285838192
-0.015625000,0.125000000,0.230731105742,0.109597275228
0.000000000,0.125000000,0.231651167733,0.110034304673
0.015625000,0.125000000,0.230731105742,0.109597275228
0.031250000,0.125000000,0.227970185667,0.108285838192
0.046875000,0.125000000,0.223366241918,0.106098964911
0.062500000,0.125000000,0.216915789204,0.103034999872
0.078125000,0.125000000,0.208614209357,0.0990917494446
0.093750000,0.125000000,0.198456014347,0.0942666068147
0.109375000,0.125000000,0.186435187909,0.0885567142566
0.125000000,0.125000000,0.172545607047,0.0819591633472
0.140625000,0.125000000,0.156781546799,0.0744712347298
0.156250000,0.125000000,0.139138271365,0.0660906788983
0.171875000,0.125000000,0.119612714496,0.0568160393855
0.187500000,0.125000000,0.0982042541640,0.0466470207279
0.203125000,0.125000000,0.0749155860721,0.0355849033842
0.218750000,0.125000000,0.0497536995049,0.0236330072648
0.234375000,0.125000000,0.0227309630877,0.0107972074667
0.250000000,0.125000000,-0.00613367547455,-0.00291349585041
0.265625000,0.125000000,-0.0368133682688,-0.0174863499277
0.281250000,0.125000000,-0.0692719187023,-0.0329041613836
0.296875000,0.125000000,-0.103462199154,-0.0491445445982
0.312500000,0.125000000,-0.139324425938,-0.0661791023205
0.328125000,0.125000000,-0.176784285889,-0.0839725357971
0.343750000,0.125000000,-0.215750905868,-0.102481680287
0.359375000,0.125000000,-0.256114657143,-0.121654462143
0.375000000,0.125000000,-0.297744787740,-0.141428774176
0.390625000,0.125000000,-0.340486873131,-0.161731264737
0.406250000,0.125000000,-0.384160078624,-0.182476037346
0.421875000,0.125000000,-0.428554226382,-0.203563257531
0.437500000,0.125000000,-0.473426656684,-0.224877661925
0.453125000,0.125000000,-0.518498881010,-0.246286968480
0.468750000,0.125000000,-0.563453016288,-0.267640182737
0.484375000,0.125000000,-0.607927998998,-0.288765799524
0.500000000,0.125000000,-0.651515572114,-0.309469896754
0.515625000,0.125000000,-0.693756044602,-0.329534121186
0.531250000,0.125000000,-0.734133820808,-0.348713564884
0.546875000,0.125000000,-0.772072704129,-0.366734534461
0.562500000,0.125000000,-0.806930976294,-0.383292213740
0.578125000,0.125000000,-0.837996264329,-0.398048225556
0.593750000,0.125000000,-0.864480204070,-0.410628096933
0.609375000,0.125000000,-0.885512920257,-0.420618637122
0.625000000,0.125000000,-0.900137346867,-0.427565239762
0.640625000,0.125000000,-0.907303417854,-0.430969123481
0.656250000,0.125000000,-0.905862170718,-0.430284531091
0.671875000,0.125000000,-0.894559813053,-0.424915911200
0.687500000,0.125000000,-0.872031816582,-0.414215112876
0.703125000,0.125000000,-0.836797119678,-0.397478631847
0.718750000,0.125000000,-0.787252535064,-0.373944954155
0.734375000,0.125000000,-0.721667485745,-0.342792055729
0.750000000,0.125000000,-0.638179214945,-0.303135127099
0.765625000,0.125000000,-0.534788650797,-0.254024609128
0.781250000,0.125000000,-0.409357142319,-0.194444642601
0.796875000,0.125000000,-0.259604331741,-0.123312057577
0.812500000,0.125000000,-0.0831074808035,-0.0394760533816
0.828125000,0.125000000,0.122697363263,0.0582812475499
0.843750000,0.125000000,0.360511898483,0.171243151780
0.859375000,0.125000000,0.633169232524,0.300755385449
0.875000000,0.125000000,0.943624007365,0.448221403499
0.890625000,0.125000000,1.29493816528,0.615095628510
0.906250000,0.125000000,1.69026136914,0.802874150340
0.921875000,0.125000000,2.13280488637,1.01308232103
0.937500000,0.125000000,2.62580748960,1.24725855756
0.953125000,0.125000000,3.17265614367,1.50701166824
0.968750000,0.125000000,,
0.984375000,0.125000000,,
1.000000000,0.125000000,,
-1.000000000,0.140625000,,
-0.984375000,0.140625000,,
-0.968750000,0.140625000,,
-0.953125000,0.140625000,,
-0.937500000,0.140625000,2.85957903479,1.35830004153
-0.921875000,0.140625000,2.35063106504,1.11654975589
-0.906250000,0.140625000,1.89288658083,0.899121125896
-0.890625000,0.140625000,1.48309679098,0.704470975716
-0.875000000,0.140625000,1.11803768339,0.531067899611
-0.859375000,0.140625000,0.794544808637,0.377408784103
-0.843750000,0.140625000,0.509539934790,0.242031469025
-0.828125000,0.140625000,0.260051047182,0.123524247412
-0.812500000,0.140625000,0.0432269090822,0.0205327818140
-0.796875000,0.140625000,-0.143652811871,-0.0682350856390
-0.781250000,0.140625000,-0.303171018905,-0.144006233980
-0.765625000,0.140625000,-0.437769573426,-0.207940547377
-0.750000000,0.140625000,-0.549748024825,-0.261130311792
-0.734375000,0.140625000,-0.641264209092,-0.304600499319
-0.718750000,0.140625000,-0.714336324390,-0.339309754085
-0.703125000,0.140625000,-0.770846159919,-0.366151925962
-0.687500000,0.140625000,-0.812543210163,-0.385958024827
-0.671875000,0.140625000,-0.841049451647,-0.399498489532
-0.656250000,0.140625000,-0.857864603220,-0.407485686530
-0.640625000,0.140625000,-0.864371715657,-0.410576564937
-0.625000000,0.140625000,-0.861842971943,-0.409375411673
-0.609375000,0.140625000,-0.851445595273,-0.404436657755
-0.593750000,0.140625000,-0.834247785443,-0.396267698086
-0.578125000,0.140625000,-0.811224618323,-0.385331693704
-0.562500000,0.140625000,-0.783263854774,-0.372050331018
-0.546875000,0.140625000,-0.751171620048,-0.356806519523
-0.531250000,0.140625000,-0.715677920602,-0.339947012286
-0.515625000,0.140625000,-0.677441974600,-0.321784937935
-0.500000000,0.140625000,-0.637057338076,-0.302602235586
-0.484375000,0.140625000,-0.595056814297,-0.282651986791
-0.468750000,0.140625000,-0.551917138374,-0.262160640728
-0.453125000,0.140625000,-0.508063432127,-0.241330130260
-0.437500000,0.140625000,-0.463873427770,-0.220339878191
-0.421875000,0.140625000,-0.419681461507,-0.199348694216
-0.406250000,0.140625000,-0.375782238540,-0.178496563307
-0.390625000,0.140625000,-0.332434375111,-0.157906328178
-0.375000000,0.140625000,-0.289863722632,-0.137685268250
-0.359375000,0.140625000,-0.248266478808,-0.117926577434
-0.343750000,0.140625000,-0.207812095426,-0.0987107453275
-0.328125000,0.140625000,-0.168645987819,-0.0801068442139
-0.312500000,0.140625000,-0.130892055912,-0.0621737265584
-0.296875000,0.140625000,-0.0946550234120,-0.0449611361207
-0.281250000,0.140625000,-0.0600226043941,-0.0285107370872
-0.265625000,0.140625000,-0.0270675051220,-0.0128570649329
-0.250000000,0.140625000,0.00415073095703,0.00197159720459
-0.234375000,0.140625000,0.0335840271195,0.0159524128818
-0.218750000,0.140625000,0.0611942179252,0.0290672535145
-0.203125000,0.140625000,0.0869516280236,0.0413020233112
-0.187500000,0.140625000,0.110833777114,0.0526460441290
-0.171875000,0.140625000,0.132824204783,0.0630914972719
-0.156250000,0.140625000,0.152911408986,0.0726329192684
-0.140625000,0.140625000,0.171087891624,0.0812667485213
-0.125000000,0.140625000,0.187349306595,0.0889909206326
-0.109375000,0.140625000,0.201693704154,0.0958045094732
-0.093750000,0.140625000,0.214120867690,0.101707412153
-0.078125000,0.140625000,0.224631738578,0.106700075825
-0.062500000,0.140625000,0.233227924807,0.110783264283
-0.046875000,0.140625000,0.239911291639,0.113957863529
-0.031250000,0.140625000,0.244683629093,0.116224723819
-0.015625000,0.140625000,0.247546397124,0.117584538634
0.000000000,0.140625000,0.248500543827,0.118037758318
0.015625000,0.140625000,0.247546397124,0.117584538634
0.031250000,0.140625000,0.244683629093,0.116224723819
0.046875000,0.140625000,0.239911291639,0.113957863529
0.062500000,0.140625000,0.233227924807,0.110783264283
0.078125000,0.140625000,0.224631738578,0.106700075825
0.093750000,0.140625000,0.214120867690,0.101707412153
0.109375000,0.140625000,0.201693704154,0.0958045094732
0.125000000,0.140625000,0.187349306595,0.0889909206326
0.140625000,0.140625000,0.171087891624,0.0812667485213
0.156250000,0.140625000,0.152911408986,0.0726329192684
0.171875000,0.140625000,0.132824204783,0.0630914972719
0.187500000,0.140625000,0.110833777114,0.0526460441290
0.203125000,0.140625000,0.0869516280236,0.0413020233112
0.218750000,0.140625000,0.0611942179252,0.0290672535145
0.234375000,0.140625000,0.0335840271195,0.0159524128818
0.250000000,0.140625000,0.00415073095703,0.00197159720459
0.265625000,0.140625000,-0.0270675051220,-0.0128570649329
0.281250000,0.140625000,-0.0600226043941,-0.0285107370872
0.296875000,0.140625000,-0.0946550234120,-0.0449611361207
0.312500000,0.140625000,-0.130892055912,-0.0621737265584
0.328125000,0.140625000,-0.168645987819,-0.0801068442139
0.343750000,0.140625000,-0.207812095426,-0.0987107453275
0.359375000,0.140625000,-0.248266478808,-0.117926577434
0.375000000,0.140625000,-0.289863722632,-0.137685268250
0.390625000,0.140625000,-0.332434375111,-0.157906328178
0.406250000,0.140625000,-0.375782238540,-0.178496563307
0.421875000,0.140625000,-0.419681461507,-0.199348694216
0.437500000,0.140625000,-0.463873427770,-0.220339878191
0.453125000,0.140625000,-0.508063432127,-0.241330130260
0.468750000,0.140625000,-0.551917138374,-0.262160640728
0.484375000,0.140625000,-0.595056814297,-0.282651986791
0.500000000,0.140625000,-0.637057338076,-0.302602235586
0.515625000,0.140625000,-0.677441974600,-0.321784937935
0.531250000,0.140625000,-0.715677920602,-0.339947012286
0.546875000,0.140625000,-0.751171620048,-0.356806519523
0.562500000,0.140625000,-0.783263854774,-0.372050331018
0.578125000,0.140625000,-0.811224618323,-0.385331693704
0.593750000,0.140625000,-0.834247785443,-0.396267698086
0.609375000,0.140625000,-0.851445595273,-0.404436657755
0.625000000,0.140625000,-0.861842971943,-0.409375411673
0.640625000,0.140625000,-0.864371715657,-0.410576564937
0.656250000,0.140625000,-0.857864603220,-0.407485686530
0.671875000,0.140625000,-0.841049451647,-0.399498489532
0.687500000,0.140625000,-0.812543210163,-0.385958024827
0.703125000,0.140625000,-0.770846159919,-0.366151925962
0.718750000,0.140625000,-0.714336324390,-0.339309754085
0.734375000,0.140625000,-0.641264209092,-0.304600499319
0.750000000,0.140625000,-0.549748024825,-0.261130311792
0.765625000,0.140625000,-0.437769573426,-0.207940547377
0.781250000,0.140625000,-0.303171018905,-0.144006233980
0.796875000,0.140625000,-0.143652811871,-0.0682350856390
0.812500000,0.140625000,0.0432269090822,0.0205327818140
0.828125000,0.140625000,0.260051047182,0.123524247412
0.843750000,0.140625000,0.509539934790,0.242031469025
0.859375000,0.140625000,0.794544808637,0.377408784103
0.875000000,0.140625000,1.11803768339,0.531067899611
0.890625000,0.140625000,1.48309679098,0.704470975716
0.906250000,0.140625000,1.89288658083,0.899121125896
0.921875000,0.140625000,2.35063106504,1.11654975589
0.937500000,0.140625000,2.85957903479,1.35830004153
0.953125000,0.140625000,,
0.968750000,0.140625000,,
0.984375000,0.140625000,,
1.000000000,0.140625000,,
-1.000000000,0.156250000,,
-0.984375000,0.156250000,,
-0.968750000,0.156250000,,
-0.953125000,0.156250000,,
-0.937500000,0.156250000,3.10827208672,1.47642924119
-0.921875000,0.156250000,2.58216600468,1.22652885222
-0.906250000,0.156250000,2.10820951294,1.00139951864
-0.890625000,0.156250000,1.68297890769,0.799414981150
-0.875000000,0.156250000,1.30324019300,0.619039091676
-0.859375000,0.156250000,0.965816184337,0.458762687560
-0.843750000,0.156250000,0.667613813818,0.317116561564
-0.828125000,0.156250000,0.405644644150,0.192681205971
-0.812500000,0.156250000,0.177039834433,0.0840939213559
-0.796875000,0.156250000,-0.0209394167718,-0.00994622296662
-0.781250000,0.156250000,-0.190895100175,-0.0906751725830
-0.765625000,0.156250000,-0.335288594132,-0.159262082213
-0.750000000,0.156250000,-0.456439249381,-0.216808643456
-0.734375000,0.156250000,-0.556524878807,-0.264349317434
-0.718750000,0.156250000,-0.637583751873,-0.302852282139
-0.703125000,0.156250000,-0.701517764527,-0.333220938150
-0.687500000,0.156250000,-0.750096509540,-0.356295842032
-0.671875000,0.156250000,-0.784962024947,-0.372856961850
-0.656250000,0.156250000,-0.807634031203,-0.383626164821
-0.640625000,0.156250000,-0.819515507665,-0.389269866141
-0.625000000,0.156250000,-0.821898481978,-0.390401778940
-0.609375000,0.156250000,-0.815969931193,-0.387585717317
-0.593750000,0.156250000,-0.802817712015,-0.381338413207
-0.578125000,0.156250000,-0.783436454095,-0.372132315695
-0.562500000,0.156250000,-0.758733363436,-0.360398347632
-0.546875000,0.156250000,-0.729533894334,-0.346528599809
-0.531250000,0.156250000,-0.696587257594,-0.330878947357
-0.515625000,0.156250000,-0.660571740421,-0.313771576700
-0.500000000,0.156250000,-0.622099820281,-0.295497414634
-0.484375000,0.156250000,-0.581723059951,-0.276318453477
-0.468750000,0.156250000,-0.539936775406,-0.256469968318
-0.453125000,0.156250000,-0.497184472402,-0.236162624391
-0.437500000,0.156250000,-0.453862049421,-0.215584473475
-0.421875000,0.156250000,-0.410321768853,-0.194902840205
-0.406250000,0.156250000,-0.366875998276,-0.174266099181
-0.390625000,0.156250000,-0.323800726694,-0.153805345180
-0.375000000,0.156250000,-0.281338861475,-0.133635959201
-0.359375000,0.156250000,-0.239703312142,-0.113859073267
-0.343750000,0.156250000,-0.199079868261,-0.0945629374238
-0.328125000,0.156250000,-0.159629879933,-0.0758241929682
-0.312500000,0.156250000,-0.121492747786,-0.0577090551985
-0.296875000,0.156250000,-0.0847882320723,-0.0402744102343
-0.281250000,0.156250000,-0.0496185885965,-0.0235688295833
-0.265625000,0.156250000,-0.0160705392331,-0.00763350613574
-0.250000000,0.156250000,0.0157829127632,0.00749688356252
-0.234375000,0.156250000,0.0458808168543,0.0217933880058
-0.218750000,0.156250000,0.0741727490930,0.0352320558192
-0.203125000,0.156250000,0.100617418869,0.0477932739630
-0.187500000,0.156250000,0.125181401757,0.0594611658348
-0.171875000,0.156250000,0.147837990389,0.0702230454346
-0.156250000,0.156250000,0.168566157510,0.0800689248174
-0.140625000,0.156250000,0.187349625456,0.0889910720915
-0.125000000,0.156250000,0.204176035680,0.0969836169482
-0.109375000,0.156250000,0.219036213307,0.104042201321
-0.093750000,0.156250000,0.231923522346,0.110163673114
-0.078125000,0.156250000,0.242833306527,0.115345820600
-0.062500000,0.156250000,0.251762413192,0.119587146266
-0.046875000,0.156250000,0.258708794779,0.122886677520
-0.031250000,0.156250000,0.263671187946,0.125243814274
-0.015625000,0.156250000,0.266648865757,0.126658211234
0.000000000,0.156250000,0.267641461848,0.127129694378
0.015625000,0.156250000,0.266648865757,0.126658211234
0.031250000,0.156250000,0.263671187946,0.125243814274
0.046875000,0.156250000,0.258708794779,0.122886677520
0.062500000,0.156250000,0.251762413192,0.119587146266
0.078125000,0.156250000,0.242833306527,0.115345820600
0.093750000,0.156250000,0.231923522346,0.110163673114
0.109375000,0.156250000,0.219036213307,0.104042201321
0.125000000,0.156250000,0.204176035680,0.0969836169482
0.140625000,0.156250000,0.187349625456,0.0889910720915
0.156250000,0.156250000,0.168566157510,0.0800689248174
0.171875000,0.156250000,0.147837990389,0.0702230454346
0.187500000,0.156250000,0.125181401757,0.0594611658348
0.203125000,0.156250000,0.100617418869,0.0477932739630
0.218750000,0.156250000,0.0741727490930,0.0352320558192
0.234375000,0.156250000,0.0458808168543,0.0217933880058
0.250000000,0.156250000,0.0157829127632,0.00749688356252
0.265625000,0.156250000,-0.0160705392331,-0.00763350613574
0.281250000,0.156250000,-0.0496185885965,-0.0235688295833
0.296875000,0.156250000,-0.0847882320723,-0.0402744102343
0.312500000,0.156250000,-0.121492747786,-0.0577090551985
0.328125000,0.156250000,-0.159629879933,-0.0758241929682
0.343750000,0.156250000,-0.199079868261,-0.0945629374238
0.359375000,0.156250000,-0.239703312142,-0.113859073267
0.375000000,0.156250000,-0.281338861475,-0.133635959201
0.390625000,0.156250000,-0.323800726694,-0.153805345180
0.406250000,0.156250000,-0.366875998276,-0.174266099181
0.421875000,0.156250000,-0.410321768853,-0.194902840205
0.437500000,0.156250000,-0.453862049421,-0.215584473475
0.453125000,0.156250000,-0.497184472402,-0.236162624391
0.468750000,0.156250000,-0.539936775406,-0.256469968318
0.484375000,0.156250000,-0.581723059951,-0.276318453477
0.500000000,0.156250000,-0.622099820281,-0.295497414634
0.515625000,0.156250000,-0.660571740421,-0.313771576700
0.531250000,0.156250000,-0.696587257594,-0.330878947357
0.546875000,0.156250000,-0.729533894334,-0.346528599809
0.562500000,0.156250000,-0.758733363436,-0.360398347632
0.578125000,0.156250000,-0.783436454095,-0.372132315695
0.593750000,0.156250000,-0.802817712015,-0.381338413207
0.609375000,0.156250000,-0.815969931193,-0.387585717317
0.625000000,0.156250000,-0.821898481978,-0.390401778940
0.640625000,0.156250000,-0.819515507665,-0.389269866141
0.656250000,0.156250000,-0.807634031203,-0.383626164821
0.671875000,0.156250000,-0.784962024947,-0.372856961850
0.687500000,0.156250000,-0.750096509540,-0.356295842032
0.703125000,0.156250000,-0.701517764527,-0.333220938150
0.718750000,0.156250000,-0.637583751873,-0.302852282139
0.734375000,0.156250000,-0.556524878807,-0.264349317434
0.750000000,0.156250000,-0.456439249381,-0.216808643456
0.765625000,0.156250000,-0.335288594132,-0.159262082213
0.781250000,0.156250000,-0.190895100175,-0.0906751725830
0.796875000,0.156250000,-0.0209394167718,-0.00994622296662
0.812500000,0.156250000,0.177039834433,0.0840939213559
0.828125000,0.156250000,0.405644644150,0.192681205971
0.843750000,0.156250000,0.667613813818,0.317116561564
0.859375000,0.156250000,0.965816184337,0.458762687560
0.875000000,0.156250000,1.30324019300,0.619039091676
0.890625000,0.156250000,1.68297890769,0.799414981150
0.906250000,0.156250000,2.10820951294,1.00139951864
0.921875000,0.156250000,2.58216600468,1.22652885222
0.937500000,0.156250000,3.10827208672,1.47642924119
0.953125000,0.156250000,,
0.968750000,0.156250000,,
0.984375000,0.156250000,,
1.000000000,0.156250000,,
-1.000000000,0.171875000,,
-0.984375000,0.171875000,,
-0.968750000,0.171875000,,
-0.953125000,0.171875000,,
-0.937500000,0.171875000,3.37221164507,1.60180053141
-0.921875000,0.171875000,2.82818948206,1.34339000398
-0.906250000,0.171875000,2.33681461113,1.10998694029
-0.890625000,0.171875000,1.89513642737,0.900189803000
-0.875000000,0.171875000,1.49975145136,0.712381939398
-0.859375000,0.171875000,1.14747199479,0.545049197523
-0.843750000,0.171875000,0.835191750879,0.396716081668
-0.828125000,0.171875000,0.559906922830,0.265955788344
-0.812500000,0.171875000,0.318731677466,0.151397546796
-0.796875000,0.171875000,0.108908975883,0.0517317635444
-0.781250000,0.171875000,-0.0721823503071,-0.0342866163959
-0.765625000,0.171875000,-0.227023557641,-0.107836189880
-0.750000000,0.171875000,-0.357954388986,-0.170028334768
-0.734375000,0.171875000,-0.467173417702,-0.221907373408
-0.718750000,0.171875000,-0.556739931217,-0.264451467328
-0.703125000,0.171875000,-0.628577014765,-0.298574082013
-0.687500000,0.171875000,-0.684475557312,-0.325125889723
-0.671875000,0.171875000,-0.726098950004,-0.344897001252
-0.656250000,0.171875000,-0.754988286197,-0.358619435944
-0.640625000,0.171875000,-0.772567908995,-0.366969756773
-0.625000000,0.171875000,-0.780151178092,-0.370571809594
-0.609375000,0.171875000,-0.778946352871,-0.369999517614
-0.593750000,0.171875000,-0.770062507183,-0.365779690912
-0.578125000,0.171875000,-0.754515408366,-0.358394818974
-0.562500000,0.171875000,-0.733233307509,-0.348285821067
-0.546875000,0.171875000,-0.707062597367,-0.335854733749
-0.531250000,0.171875000,-0.676773306239,-0.321467320464
-0.515625000,0.171875000,-0.643064402116,-0.305455591005
-0.500000000,0.171875000,-0.606568889210,-0.288120222375
-0.484375000,0.171875000,-0.567858684511,-0.269732875143
-0.468750000,0.171875000,-0.527449264852,-0.250538400805
-0.453125000,0.171875000,-0.485804081428,-0.230756938678
-0.437500000,0.171875000,-0.443338738737,-0.210585900900
-0.421875000,0.171875000,-0.400424940239,-0.190201846614
-0.406250000,0.171875000,-0.357394202587,-0.169762246229
-0.390625000,0.171875000,-0.314541343430,-0.149407138129
-0.375000000,0.171875000,-0.272127748925,-0.129260680739
-0.359375000,0.171875000,-0.230384426758,-0.109432602710
-0.343750000,0.171875000,-0.189514852497,-0.0900195549361
-0.328125000,0.171875000,-0.149697618464,-0.0711063687703
-0.312500000,0.171875000,-0.111088890917,-0.0527672231858
-0.296875000,0.171875000,-0.0738246866365,-0.0350667261524
-0.281250000,0.171875000,-0.0380229758545,-0.0180609135309
-0.265625000,0.171875000,-0.00378562084031,-0.00179816989915
-0.250000000,0.171875000,0.0287998415187,0.0136799247214
-0.234375000,0.171875000,0.0596585649813,0.0283378183661
-0.218750000,0.171875000,0.0887268989673,0.0421452770095
-0.203125000,0.171875000,0.115951024991,0.0550767368708
-0.187500000,0.171875000,0.141285718267,0.0671107161766
-0.171875000,0.171875000,0.164693226072,0.0782292823842
-0.156250000,0.171875000,0.186142257107,0.0884175721257
-0.140625000,0.171875000,0.205607075541,0.0976633608822
-0.125000000,0.171875000,0.223066693069,0.105956679208
-0.109375000,0.171875000,0.238504155148,0.113289473695
-0.093750000,0.171875000,0.251905914527,0.119655309400
-0.078125000,0.171875000,0.263261290153,0.125049112822
-0.062500000,0.171875000,0.272562004975,0.129466952363
-0.046875000,0.171875000,0.279801801566,0.132905855744
-0.031250000,0.171875000,0.284976130969,0.135363662210
-0.015625000,0.171875000,0.288081913337,0.136838908835
0.000000000,0.171875000,0.289117368232,0.137330749910
0.015625000,0.171875000,0.288081913337,0.136838908835
0.031250000,0.171875000,0.284976130969,0.135363662210
0.046875000,0.171875000,0.279801801566,0.132905855744
0.062500000,0.171875000,0.272562004975,0.129466952363
0.078125000,0.171875000,0.263261290153,0.125049112822
0.093750000,0.171875000,0.251905914527,0.119655309400
0.109375000,0.171875000,0.238504155148,0.113289473695
0.125000000,0.171875000,0.223066693069,0.105956679208
0.140625000,0.171875000,0.205607075541,0.0976633608822
0.156250000,0.171875000,0.186142257107,0.0884175721257
0.171875000,0.171875000,0.164693226072,0.0782292823842
0.187500000,0.171875000,0.141285718267,0.0671107161766
0.203125000,0.171875000,0.115951024991,0.0550767368708
0.218750000,0.171875000,0.0887268989673,0.0421452770095
0.234375000,0.171875000,0.0596585649813,0.0283378183661
0.250000000,0.171875000,0.0287998415187,0.0136799247214
0.265625000,0.171875000,-0.00378562084031,-0.00179816989915
0.281250000,0.171875000,-0.0380229758545,-0.0180609135309
0.296875000,0.171875000,-0.0738246866365,-0.0350667261524
0.312500000,0.171875000,-0.111088890917,-0.0527672231858
0.328125000,0.171875000,-0.149697618464,-0.0711063687703
0.343750000,0.171875000,-0.189514852497,-0.0900195549361
0.359375000,0.171875000,-0.230384426758,-0.109432602710
0.375000000,0.171875000,-0.272127748925,-0.129260680739
0.390625000,0.171875000,-0.314541343430,-0.149407138129
0.406250000,0.171875000,-0.357394202587,-0.169762246229
0.421875000,0.171875000,-0.400424940239,-0.190201846614
0.437500000,0.171875000,-0.443338738737,-0.210585900900
0.453125000,0.171875000,-0.485804081428,-0.230756938678
0.468750000,0.171875000,-0.527449264852,-0.250538400805
0.484375000,0.171875000,-0.567858684511,-0.269732875143
0.500000000,0.171875000,-0.606568889210,-0.288120222375
0.515625000,0.171875000,-0.643064402116,-0.305455591005
0.531250000,0.171875000,-0.676773306239,-0.321467320464
0.546875000,0.171875000,-0.707062597367,-0.335854733749
0.562500000,0.171875000,-0.733233307509,-0.348285821067
0.578125000,0.171875000,-0.754515408366,-0.358394818974
0.593750000,0.171875000,-0.770062507183,-0.365779690912
0.609375000,0.171875000,-0.778946352871,-0.369999517614
0.625000000,0.171875000,-0.780151178092,-0.370571809594
0.640625000,0.171875000,-0.772567908995,-0.366969756773
0.656250000,0.171875000,-0.754988286197,-0.358619435944
0.671875000,0.171875000,-0.726098950004,-0.344897001252
0.687500000,0.171875000,-0.684475557312,-0.325125889723
0.703125000,0.171875000,-0.628577014765,-0.298574082013
0.718750000,0.171875000,-0.556739931217,-0.264451467328
0.734375000,0.171875000,-0.467173417702,-0.221907373408
0.750000000,0.171875000,-0.357954388986,-0.170028334768
0.765625000,0.171875000,-0.227023557641,-0.107836189880
0.781250000,0.171875000,-0.0721823503071,-0.0342866163959
0.796875000,0.171875000,0.108908975883,0.0517317635444
0.812500000,0.171875000,0.318731677466,0.151397546796
0.828125000,0.171875000,0.559906922830,0.265955788344
0.843750000,0.171875000,0.835191750879,0.396716081668
0.859375000,0.171875000,1.14747199479,0.545049197523
0.875000000,0.171875000,1.49975145136,0.712381939398
0.890625000,0.171875000,1.89513642737,0.900189803000
0.906250000,0.171875000,2.33681461113,1.10998694029
0.921875000,0.171875000,2.82818948206,1.34339000398
0.937500000,0.171875000,3.37221164507,1.60180053141
0.953125000,0.171875000,,
0.968750000,0.171875000,,
0.984375000,0.171875000,,
1.000000000,0.171875000,,
-1.000000000,0.187500000,,
-0.984375000,0.187500000,,
-0.968750000,0.187500000,,
-0.953125000,0.187500000,,
-0.937500000,0.187500000,3.65225647640,1.73482182629
-0.921875000,0.187500000,3.08905651774,1.46730184593
-0.906250000,0.187500000,2.57933684912,1.22518500333
-0.890625000,0.187500000,2.12017120153,1.00708132073
-0.875000000,0.187500000,1.70814050244,0.811366738661
-0.859375000,0.187500000,1.34004900656,0.636523278115
-0.843750000,0.187500000,1.01277894034,0.481069996663
-0.828125000,0.187500000,0.723312349873,0.343573366190
-0.812500000,0.187500000,0.468747132513,0.222654887944
-0.796875000,0.187500000,0.246308328674,0.116996456120
-0.781250000,0.187500000,0.0533555666793,0.0253438941727
-0.765625000,0.187500000,-0.112612602854,-0.0534909863558
-0.750000000,0.187500000,-0.253956873424,-0.120629514876
-0.734375000,0.187500000,-0.372897343847,-0.177126238327
-0.718750000,0.187500000,-0.471515257483,-0.223969747304
-0.703125000,0.187500000,-0.551755972460,-0.262084086919
-0.687500000,0.187500000,-0.615432879717,-0.292330617866
-0.671875000,0.187500000,-0.664232030509,-0.315510214492
-0.656250000,0.187500000,-0.699717282442,-0.332365709160
-0.640625000,0.187500000,-0.723335802345,-0.343584506114
-0.625000000,0.187500000,-0.736423798005,-0.349801304053
-0.609375000,0.187500000,-0.740212371559,-0.351600876491
-0.593750000,0.187500000,-0.735833408253,-0.349520868920
-0.578125000,0.187500000,-0.724325433614,-0.344054580967
-0.562500000,0.187500000,-0.706639381755,-0.335653706333
-0.546875000,0.187500000,-0.683644232860,-0.324731010608
-0.531250000,0.187500000,-0.656132486085,-0.311662930890
-0.515625000,0.187500000,-0.624825443039,-0.296792085443
-0.500000000,0.187500000,-0.590378281506,-0.280429683715
-0.484375000,0.187500000,-0.553384908988,-0.262857831769
-0.468750000,0.187500000,-0.514382584919,-0.244331727837
-0.453125000,0.187500000,-0.473856308946,-0.225081746749
-0.437500000,0.187500000,-0.432242972769,-0.205315412065
-0.421875000,0.187500000,-0.389935276384,-0.185219256282
-0.406250000,0.187500000,-0.347285412571,-0.164960570971
-0.390625000,0.187500000,-0.304608523374,-0.144689048603
-0.375000000,0.187500000,-0.262185934886,-0.124538319071
-0.359375000,0.187500000,-0.220268177112,-0.104627384128
-0.343750000,0.187500000,-0.179077797255,-0.0850619536960
-0.328125000,0.187500000,-0.138811972944,-0.0659356871486
-0.312500000,0.187500000,-0.0996449356120,-0.0473313444157
-0.296875000,0.187500000,-0.0617302120905,-0.0293218507430
-0.281250000,0.187500000,-0.0252026924693,-0.0119712789229
-0.265625000,0.187500000,0.00981946529811,0.00466424601660
-0.250000000,0.187500000,0.0432330870746,0.0205357163604
-0.234375000,0.187500000,0.0749483810609,0.0356004810039
-0.218750000,0.187500000,0.104887475143,0.0498215506930
-0.203125000,0.187500000,0.132983084785,0.0631669652727
-0.187500000,0.187500000,0.159177305163,0.0756092199522
-0.171875000,0.187500000,0.183420518030,0.0871247460641
-0.156250000,0.187500000,0.205670408692,0.0976934441288
-0.140625000,0.187500000,0.225891085697,0.107298265706
-0.125000000,0.187500000,0.244052296937,0.115924841045
-0.109375000,0.187500000,0.260128737688,0.123561150402
-0.093750000,0.187500000,0.274099444726,0.130197236245
-0.078125000,0.187500000,0.285947272270,0.135824954328
-0.062500000,0.187500000,0.295658446510,0.140437762092
-0.046875000,0.187500000,0.303222193975,0.144030542138
-0.031250000,0.187500000,0.308630441552,0.146599459737
-0.015625000,0.187500000,0.311877585882,0.148141853294
0.000000000,0.187500000,0.312960330056,0.148656156777
0.015625000,0.187500000,0.311877585882,0.148141853294
0.031250000,0.187500000,0.308630441552,0.146599459737
0.046875000,0.187500000,0.303222193975,0.144030542138
0.062500000,0.187500000,0.295658446510,0.140437762092
0.078125000,0.187500000,0.285947272270,0.135824954328
0.093750000,0.187500000,0.274099444726,0.130197236245
0.109375000,0.187500000,0.260128737688,0.123561150402
0.125000000,0.187500000,0.244052296937,0.115924841045
0.140625000,0.187500000,0.225891085697,0.107298265706
0.156250000,0.187500000,0.205670408692,0.0976934441288
0.171875000,0.187500000,0.183420518030,0.0871247460641
0.187500000,0.187500000,0.159177305163,0.0756092199522
0.203125000,0.187500000,0.132983084785,0.0631669652727
0.218750000,0.187500000,0.104887475143,0.0498215506930
0.234375000,0.187500000,0.0749483810609,0.0356004810039
0.250000000,0.187500000,0.0432330870746,0.0205357163604
0.265625000,0.187500000,0.00981946529811,0.00466424601660
0.281250000,0.187500000,-0.0252026924693,-0.0119712789229
0.296875000,0.187500000,-0.0617302120905,-0.0293218507430
0.312500000,0.187500000,-0.0996449356120,-0.0473313444157
0.328125000,0.187500000,-0.138811972944,-0.0659356871486
0.343750000,0.187500000,-0.179077797255,-0.0850619536960
0.359375000,0.187500000,-0.220268177112,-0.104627384128
0.375000000,0.187500000,-0.262185934886,-0.124538319071
0.390625000,0.187500000,-0.304608523374,-0.144689048603
0.406250000,0.187500000,-0.347285412571,-0.164960570971
0.421875000,0.187500000,-0.389935276384,-0.185219256282
0.437500000,0.187500000,-0.432242972769,-0.205315412065
0.453125000,0.187500000,-0.473856308946,-0.225081746749
0.468750000,0.187500000,-0.514382584919,-0.244331727837
0.484375000,0.187500000,-0.553384908988,-0.262857831769
0.500000000,0.187500000,-0.590378281506,-0.280429683715
0.515625000,0.187500000,-0.624825443039,-0.296792085443
0.531250000,0.187500000,-0.656132486085,-0.311662930890
0.546875000,0.187500000,-0.683644232860,-0.324731010608
0.562500000,0.187500000,-0.706639381755,-0.335653706333
0.578125000,0.187500000,-0.724325433614,-0.344054580967
0.593750000,0.187500000,-0.735833408253,-0.349520868920
0.609375000,0.187500000,-0.740212371559,-0.351600876491
0.625000000,0.187500000,-0.736423798005,-0.349801304053
0.640625000,0.187500000,-0.723335802345,-0.343584506114
0.656250000,0.187500000,-0.699717282442,-0.332365709160
0.671875000,0.187500000,-0.664232030509,-0.315510214492
0.687500000,0.187500000,-0.615432879717,-0.292330617866
0.703125000,0.187500000,-0.551755972460,-0.262084086919
0.718750000,0.187500000,-0.471515257483,-0.223969747304
0.734375000,0.187500000,-0.372897343847,-0.177126238327
0.750000000,0.187500000,-0.253956873424,-0.120629514876
0.765625000,0.187500000,-0.112612602854,-0.0534909863558
0.781250000,0.187500000,0.0533555666793,0.0253438941727
0.796875000,0.187500000,0.246308328674,0.116996456120
0.812500000,0.187500000,0.468747132513,0.222654887944
0.828125000,0.187500000,0.723312349873,0.343573366190
0.843750000,0.187500000,1.01277894034,0.481069996663
0.859375000,0.187500000,1.34004900656,0.636523278115
0.875000000,0.187500000,1.70814050244,0.811366738661
0.890625000,0.187500000,2.12017120153,1.00708132073
0.906250000,0.187500000,2.57933684912,1.22518500333
0.921875000,0.187500000,3.08905651774,1.46730184593
0.937500000,0.187500000,3.65225647640,1.73482182629
0.953125000,0.187500000,,
0.968750000,0.187500000,,
0.984375000,0.187500000,,
1.000000000,0.187500000,,
-1.000000000,0.203125000,,
-0.984375000,0.203125000,,
-0.968750000,0.203125000,,
-0.953125000,0.203125000,,
-0.937500000,0.203125000,,
-0.921875000,0.203125000,3.36564057687,1.59867927402
-0.906250000,0.203125000,2.83663374425,1.34740102852
-0.890625000,0.203125000,2.35873791890,1.12040051148
-0.875000000,0.203125000,1.92902843611,0.916288507152
-0.859375000,0.203125000,1.54413503107,0.733464139757
-0.843750000,0.203125000,1.20093044451,0.570441961142
-0.828125000,0.203125000,0.896383937595,0.425782370358
-0.812500000,0.203125000,0.627577995888,0.298099548047
-0.796875000,0.203125000,0.391720163688,0.186067077752
-0.781250000,0.203125000,0.186150924211,0.0884216890000
-0.765625000,0.203125000,0.00834838352986,0.00396548217668
-0.750000000,0.203125000,-0.144069615396,-0.0684330673131
-0.734375000,0.203125000,-0.273345430180,-0.129839079336
-0.718750000,0.203125000,-0.381583178919,-0.181252009986
-0.703125000,0.203125000,-0.470751568209,-0.223606994899
-0.687500000,0.203125000,-0.542687696336,-0.257776655759
-0.671875000,0.203125000,-0.599101590103,-0.284573255299
-0.656250000,0.203125000,-0.641581276392,-0.304751106286
-0.640625000,0.203125000,-0.671598225373,-0.319009157052
-0.625000000,0.203125000,-0.690513032785,-0.327993690573
-0.609375000,0.203125000,-0.699581231099,-0.332301084772
-0.593750000,0.203125000,-0.699959142727,-0.332480592795
-0.578125000,0.203125000,-0.692709704404,-0.329037109592
-0.562500000,0.203125000,-0.678808206496,-0.322433898086
-0.546875000,0.203125000,-0.659147902208,-0.313095253549
-0.531250000,0.203125000,-0.634545453594,-0.301409090457
-0.515625000,0.203125000,-0.605746187210,-0.287729438925
-0.500000000,0.203125000,-0.573429141299,-0.272378842117
-0.484375000,0.203125000,-0.538211889935,-0.255650647719
-0.468750000,0.203125000,-0.500655137383,-0.237811190257
-0.453125000,0.203125000,-0.461267075178,-0.219101860710
-0.437500000,0.203125000,-0.420507503254,-0.199741064046
-0.421875000,0.203125000,-0.378791713640,-0.179926063979
-0.406250000,0.203125000,-0.336494141773,-0.159834717342
-0.390625000,0.203125000,-0.293951787996,-0.139627099298
-0.375000000,0.203125000,-0.251467417765,-0.119447023438
-0.359375000,0.203125000,-0.209312545607,-0.0994234591635
-0.343750000,0.203125000,-0.167730211236,-0.0796718503371
-0.328125000,0.203125000,-0.126937556557,-0.0602953393645
-0.312500000,0.203125000,-0.0871282121059,-0.0413859007503
-0.296875000,0.203125000,-0.0484745009752,-0.0230253879632
-0.281250000,0.203125000,-0.0111294707901,-0.00528649862529
-0.265625000,0.203125000,0.0247712390687,0.0117663385576
-0.250000000,0.203125000,0.0591076841223,0.0280761499581
-0.234375000,0.203125000,0.0917740492197,0.0435926733793
-0.218750000,0.203125000,0.122677219327,0.0582716791805
-0.203125000,0.203125000,0.151735481208,0.0720743535740
-0.187500000,0.203125000,0.178877346409,0.0849667395444
-0.171875000,0.203125000,0.204040489157,0.0969192323494
-0.156250000,0.203125000,0.227170791830,0.107906126119
-0.140625000,0.203125000,0.248221491295,0.117905208365
-0.125000000,0.203125000,0.267152420508,0.126897399741
-0.109375000,0.203125000,0.283929339314,0.134866436174
-0.093750000,0.203125000,0.298523349569,0.141798591045
-0.078125000,0.203125000,0.310910390078,0.147682435287
-0.062500000,0.203125000,0.321070806997,0.152508633323
-0.046875000,0.203125000,0.328988996677,0.156269773422
-0.031250000,0.203125000,0.334653117142,0.158960230642
-0.015625000,0.203125000,0.338054866575,0.160576061623
0.000000000,0.203125000,0.339189326060,0.161114929878
0.015625000,0.203125000,0.338054866575,0.160576061623
0.031250000,0.203125000,0.334653117142,0.158960230642
0.046875000,0.203125000,0.328988996677,0.156269773422
0.062500000,0.203125000,0.321070806997,0.152508633323
0.078125000,0.203125000,0.310910390078,0.147682435287
0.093750000,0.203125000,0.298523349569,0.141798591045
0.109375000,0.203125000,0.283929339314,0.134866436174
0.125000000,0.203125000,0.267152420508,0.126897399741
0.140625000,0.203125000,0.248221491295,0.117905208365
0.156250000,0.203125000,0.227170791830,0.107906126119
0.171875000,0.203125000,0.204040489157,0.0969192323494
0.187500000,0.203125000,0.178877346409,0.0849667395444
0.203125000,0.203125000,0.151735481208,0.0720743535740
0.218750000,0.203125000,0.122677219327,0.0582716791805
0.234375000,0.203125000,0.0917740492197,0.0435926733793
0.250000000,0.203125000,0.0591076841223,0.0280761499581
0.265625000,0.203125000,0.0247712390687,0.0117663385576
0.281250000,0.203125000,-0.0111294707901,-0.00528649862529
0.296875000,0.203125000,-0.0484745009752,-0.0230253879632
0.312500000,0.203125000,-0.0871282121059,-0.0413859007503
0.328125000,0.203125000,-0.126937556557,-0.0602953393645
0.343750000,0.203125000,-0.167730211236,-0.0796718503371
0.359375000,0.203125000,-0.209312545607,-0.0994234591635
0.375000000,0.203125000,-0.251467417765,-0.119447023438
0.390625000,0.203125000,-0.293951787996,-0.139627099298
0.406250000,0.203125000,-0.336494141773,-0.159834717342
0.421875000,0.203125000,-0.378791713640,-0.179926063979
0.437500000,0.203125000,-0.420507503254,-0.199741064046
0.453125000,0.203125000,-0.461267075178,-0.219101860710
0.468750000,0.203125000,-0.500655137383,-0.237811190257
0.484375000,0.203125000,-0.538211889935,-0.255650647719
0.500000000,0.203125000,-0.573429141299,-0.272378842117
0.515625000,0.203125000,-0.605746187210,-0.287729438925
0.531250000,0.203125000,-0.634545453594,-0.301409090457
0.546875000,0.203125000,-0.659147902208,-0.313095253549
0.562500000,0.203125000,-0.678808206496,-0.322433898086
0.578125000,0.203125000,-0.692709704404,-0.329037109592
0.593750000,0.203125000,-0.699959142727,-0.332480592795
0.609375000,0.203125000,-0.699581231099,-0.332301084772
0.625000000,0.203125000,-0.690513032785,-0.327993690573
0.640625000,0.203125000,-0.671598225373,-0.319009157052
0.656250000,0.203125000,-0.641581276392,-0.304751106286
0.671875000,0.203125000,-0.599101590103,-0.284573255299
0.687500000,0.203125000,-0.542687696336,-0.257776655759
0.703125000,0.203125000,-0.470751568209,-0.223606994899
0.718750000,0.203125000,-0.381583178919,-0.181252009986
0.734375000,0.203125000,-0.273345430180,-0.129839079336
0.750000000,0.203125000,-0.144069615396,-0.0684330673131
0.765625000,0.203125000,0.00834838352986,0.00396548217668
0.781250000,0.203125000,0.186150924211,0.0884216890000
0.796875000,0.203125000,0.391720163688,0.186067077752
0.812500000,0.203125000,0.627577995888,0.298099548047
0.828125000,0.203125000,0.896383937595,0.425782370358
0.843750000,0.203125000,1.20093044451,0.570441961142
0.859375000,0.203125000,1.54413503107,0.733464139757
0.875000000,0.203125000,1.92902843611,0.916288507152
0.890625000,0.203125000,2.35873791890,1.12040051148
0.906250000,0.203125000,2.83663374425,1.34740102852
0.921875000,0.203125000,3.36564057687,1.59867927402
0.937500000,0.203125000,,
0.953125000,0.203125000,,
0.968750000,0.203125000,,
0.984375000,0.203125000,,
1.000000000,0.203125000,,
-1.000000000,0.218750000,,
-0.984375000,0.218750000,,
-0.968750000,0.218750000,,
-0.953125000,0.218750000,,
-0.937500000,0.218750000,,
-0.921875000,0.218750000,3.65871981307,1.73789191121
-0.906250000,0.218750000,3.10912444731,1.47683411247
-0.890625000,0.218750000,2.61171174436,1.24056307857
-0.875000000,0.218750000,2.16309129027,1.02746836288
-0.859375000,0.218750000,1.76037184328,0.836176625559
-0.843750000,0.218750000,1.40025410524,0.665120699989
-0.828125000,0.218750000,1.07969612666,0.512855660164
-0.812500000,0.218750000,0.795766003647,0.377988851732
-0.796875000,0.218750000,0.545654340402,0.259185811691
-0.781250000,0.218750000,0.326682637326,0.155174252730
-0.765625000,0.218750000,0.136308385854,0.0647464832805
-0.750000000,0.218750000,-0.0278724858180,-0.0132394307635
-0.734375000,0.218750000,-0.168125282191,-0.0798595090406
-0.718750000,0.218750000,-0.286577884426,-0.136124495103
-0.703125000,0.218750000,-0.385223403505,-0.182981116665
-0.687500000,0.218750000,-0.465923842334,-0.221313825109
-0.671875000,0.218750000,-0.530414517916,-0.251946896010
-0.656250000,0.218750000,-0.580309038764,-0.275646793413
-0.640625000,0.218750000,-0.617104671517,-0.293124718971
-0.625000000,0.218750000,-0.642187957875,-0.305039279991
-0.609375000,0.218750000,-0.656840471227,-0.311999223833
-0.593750000,0.218750000,-0.662244622946,-0.314566195900
-0.578125000,0.218750000,-0.659489443842,-0.313257485825
-0.562500000,0.218750000,-0.649576285648,-0.308548735683
-0.546875000,0.218750000,-0.633424394253,-0.300876587270
-0.531250000,0.218750000,-0.611876321500,-0.290641252713
-0.515625000,0.218750000,-0.585703147580,-0.278208995101
-0.500000000,0.218750000,-0.555609494961,-0.263914510107
-0.484375000,0.218750000,-0.522238319566,-0.248063201794
-0.468750000,0.218750000,-0.486175470521,-0.230933348497
-0.453125000,0.218750000,-0.447954013796,-0.212778156553
-0.437500000,0.218750000,-0.408058317563,-0.193827700843
-0.421875000,0.218750000,-0.366927899985,-0.174290752493
-0.406250000,0.218750000,-0.324961043384,-0.154356495607
-0.390625000,0.218750000,-0.282518178855,-0.134196134956
-0.375000000,0.218750000,-0.239925047847,-0.113964397727
-0.359375000,0.218750000,-0.197475646989,-0.0938009323200
-0.343750000,0.218750000,-0.155434965944,-0.0738316088232
-0.328125000,0.218750000,-0.114041524544,-0.0541697241582
-0.312500000,0.218750000,-0.0735097195169,-0.0349171167705
-0.296875000,0.218750000,-0.0340319898353,-0.0161651951718
-0.281250000,0.218750000,0.00421919099503,0.00200411572264
-0.265625000,0.218750000,0.0410894855729,0.0195175056471
-0.250000000,0.218750000,0.0764410176499,0.0363094833837
-0.234375000,0.218750000,0.110150843016,0.0523216504324
-0.218750000,0.218750000,0.142109556456,0.0675020393164
-0.203125000,0.218750000,0.172220028089,0.0818045133424
-0.187500000,0.218750000,0.200396259617,0.0951882233181
-0.171875000,0.218750000,0.226562353911,0.107617118108
-0.156250000,0.218750000,0.250651590624,0.119059505547
-0.140625000,0.218750000,0.272605600809,0.129487660384
-0.125000000,0.218750000,0.292373634395,0.138877476338
-0.109375000,0.218750000,0.309911915280,0.147208159758
-0.093750000,0.218750000,0.325183078538,0.154461962306
-0.078125000,0.218750000,0.338155684596,0.160623950183
-0.062500000,0.218750000,0.348803806970,0.165681808311
-0.046875000,0.218750000,0.357106689573,0.169625677547
-0.031250000,0.218750000,0.363048470211,0.172448023350
-0.015625000,0.218750000,0.366617968858,0.174143535208
0.000000000,0.218750000,0.367808537194,0.174709055167
0.015625000,0.218750000,0.366617968858,0.174143535208
0.031250000,0.218750000,0.363048470211,0.172448023350
0.046875000,0.218750000,0.357106689573,0.169625677547
0.062500000,0.218750000,0.348803806970,0.165681808311
0.078125000,0.218750000,0.338155684596,0.160623950183
0.093750000,0.218750000,0.325183078538,0.154461962306
0.109375000,0.218750000,0.309911915280,0.147208159758
0.125000000,0.218750000,0.292373634395,0.138877476338
0.140625000,0.218750000,0.272605600809,0.129487660384
0.156250000,0.218750000,0.250651590624,0.119059505547
0.171875000,0.218750000,0.226562353911,0.107617118108
0.187500000,0.218750000,0.200396259617,0.0951882233181
0.203125000,0.218750000,0.172220028089,0.0818045133424
0.218750000,0.218750000,0.142109556456,0.0675020393164
0.234375000,0.218750000,0.110150843016,0.0523216504324
0.250000000,0.218750000,0.0764410176499,0.0363094833837
0.265625000,0.218750000,0.0410894855729,0.0195175056471
0.281250000,0.218750000,0.00421919099503,0.00200411572264
0.296875000,0.218750000,-0.0340319898353,-0.0161651951718
0.312500000,0.218750000,-0.0735097195169,-0.0349171167705
0.328125000,0.218750000,-0.114041524544,-0.0541697241582
0.343750000,0.218750000,-0.155434965944,-0.0738316088232
0.359375000,0.218750000,-0.197475646989,-0.0938009323200
0.375000000,0.218750000,-0.239925047847,-0.113964397727
0.390625000,0.218750000,-0.282518178855,-0.134196134956
0.406250000,0.218750000,-0.324961043384,-0.154356495607
0.421875000,0.218750000,-0.366927899985,-0.174290752493
0.437500000,0.218750000,-0.408058317563,-0.193827700843
0.453125000,0.218750000,-0.447954013796,-0.212778156553
0.468750000,0.218750000,-0.486175470521,-0.230933348497
0.484375000,0.218750000,-0.522238319566,-0.248063201794
0.500000000,0.218750000,-0.555609494961,-0.263914510107
0.515625000,0.218750000,-0.585703147580,-0.278208995101
0.531250000,0.218750000,-0.611876321500,-0.290641252713
0.546875000,0.218750000,-0.633424394253,-0.300876587270
0.562500000,0.218750000,-0.649576285648,-0.308548735683
0.578125000,0.218750000,-0.659489443842,-0.313257485825
0.593750000,0.218750000,-0.662244622946,-0.314566195900
0.609375000,0.218750000,-0.656840471227,-0.311999223833
0.625000000,0.218750000,-0.642187957875,-0.305039279991
0.640625000,0.218750000,-0.617104671517,-0.293124718971
0.656250000,0.218750000,-0.580309038764,-0.275646793413
0.671875000,0.218750000,-0.530414517916,-0.251946896010
0.687500000,0.218750000,-0.465923842334,-0.221313825109
0.703125000,0.218750000,-0.385223403505,-0.182981116665
0.718750000,0.218750000,-0.286577884426,-0.136124495103
0.734375000,0.218750000,-0.168125282191,-0.0798595090406
0.750000000,0.218750000,-0.0278724858180,-0.0132394307635
0.765625000,0.218750000,0.136308385854,0.0647464832805
0.781250000,0.218750000,0.326682637326,0.155174252730
0.796875000,0.218750000,0.545654340402,0.259185811691
0.812500000,0.218750000,0.795766003647,0.377988851732
0.828125000,0.218750000,1.07969612666,0.512855660164
0.843750000,0.218750000,1.40025410524,0.665120699989
0.859375000,0.218750000,1.76037184328,0.836176625559
0.875000000,0.218750000,2.16309129027,1.02746836288
0.890625000,0.218750000,2.61171174436,1.24056307857
0.906250000,0.218750000,3.10912444731,1.47683411247
0.921875000,0.218750000,3.65871981307,1.73789191121
0.937500000,0.218750000,,
0.953125000,0.218750000,,
0.968750000,0.218750000,,
0.984375000,0.218750000,,
1.000000000,0.218750000,,
-1.000000000,0.234375000,,
-0.984375000,0.234375000,,
-0.968750000,0.234375000,,
-0.953125000,0.234375000,,
-0.937500000,0.234375000,,
-0.921875000,0.234375000,3.96913121962,1.88533732932
-0.906250000,0.234375000,3.39776969383,1.61394060457
-0.890625000,0.234375000,2.87954506622,1.36778390645
-0.875000000,0.234375000,2.41122404879,1.14533142318
-0.859375000,0.234375000,1.98945809491,0.944992595084
-0.843750000,0.234375000,1.61141347063,0.765421398550
-0.828125000,0.234375000,1.27387770342,0.605091909125
-0.812500000,0.234375000,0.973905717889,0.462605215997
-0.796875000,0.234375000,0.708671893090,0.336619149218
-0.781250000,0.234375000,0.475479036856,0.225852542506
-0.765625000,0.234375000,0.271763957454,0.129087879791
-0.750000000,0.234375000,0.0951002965852,0.0451726408780
-0.734375000,0.234375000,-0.0568008247779,-0.0269803917695
-0.718750000,0.234375000,-0.186091894636,-0.0883936499521
-0.703125000,0.234375000,-0.294791453997,-0.140025940649
-0.687500000,0.234375000,-0.384787588489,-0.182774104532
-0.671875000,0.234375000,-0.457842210563,-0.217475050018
-0.656250000,0.234375000,-0.515595922459,-0.244908063168
-0.640625000,0.234375000,-0.559573286053,-0.265797310875
-0.625000000,0.234375000,-0.591188359659,-0.280814470838
-0.609375000,0.234375000,-0.611750385968,-0.290581433335
-0.593750000,0.234375000,-0.622469538366,-0.295673030724
-0.578125000,0.234375000,-0.624462649835,-0.296619758672
-0.562500000,0.234375000,-0.618758866587,-0.293910461629
-0.546875000,0.234375000,-0.606305177365,-0.287994959248
-0.531250000,0.234375000,-0.587971783550,-0.279286597186
-0.515625000,0.234375000,-0.564557281393,-0.268164708662
-0.500000000,0.234375000,-0.536793636885,-0.254976977521
-0.484375000,0.234375000,-0.505350938472,-0.240041695774
-0.468750000,0.234375000,-0.470841917693,-0.223649910904
-0.453125000,0.234375000,-0.433826234279,-0.206067461282
-0.437500000,0.234375000,-0.394814521653,-0.187536897785
-0.421875000,0.234375000,-0.354272195229,-0.168279292734
-0.406250000,0.234375000,-0.312623026357,-0.148495937519
-0.390625000,0.234375000,-0.270252485297,-0.128369930516
-0.375000000,0.234375000,-0.227510861942,-0.108067659422
-0.359375000,0.234375000,-0.184716169191,-0.0877401803660
-0.343750000,0.234375000,-0.142156838281,-0.0675244981837
-0.328125000,0.234375000,-0.100094214069,-0.0475447516827
-0.312500000,0.234375000,-0.0587648603457,-0.0279133086642
-0.296875000,0.234375000,-0.0183826828841,-0.00873177436994
-0.281250000,0.234375000,0.0208591190992,0.00990808157211
-0.265625000,0.234375000,0.0587862643003,0.0279234755426
-0.250000000,0.234375000,0.0952417545399,0.0452398334065
-0.234375000,0.234375000,0.130084383801,0.0617900823053
-0.218750000,0.234375000,0.163187383602,0.0775140072110
-0.203125000,0.234375000,0.194437195269,0.0923576677528
-0.187500000,0.234375000,0.223732361341,0.106272871637
-0.171875000,0.234375000,0.250982528367,0.119216700974
-0.156250000,0.234375000,0.276107553658,0.131151087988
-0.140625000,0.234375000,0.299036709669,0.142042437093
-0.125000000,0.234375000,0.319707978967,0.151861290009
-0.109375000,0.234375000,0.338067434297,0.160582031291
-0.093750000,0.234375000,0.354068698415,0.168182631747
-0.078125000,0.234375000,0.367672479139,0.174644427591
-0.062500000,0.234375000,0.378846174781,0.179951933021
-0.046875000,0.234375000,0.387563546279,0.184092684483
-0.031250000,0.234375000,0.393804454420,0.187057115849
-0.015625000,0.234375000,0.397554656501,0.188838461838
0.000000000,0.234375000,0.398805663915,0.189432690360
0.015625000,0.234375000,0.397554656501,0.188838461838
0.031250000,0.234375000,0.393804454420,0.187057115849
0.046875000,0.234375000,0.387563546279,0.184092684483
0.062500000,0.234375000,0.378846174781,0.179951933021
0.078125000,0.234375000,0.367672479139,0.174644427591
0.093750000,0.234375000,0.354068698415,0.168182631747
0.109375000,0.234375000,0.338067434297,0.160582031291
0.125000000,0.234375000,0.319707978967,0.151861290009
0.140625000,0.234375000,0.299036709669,0.142042437093
0.156250000,0.234375000,0.276107553658,0.131151087988
0.171875000,0.234375000,0.250982528367,0.119216700974
0.187500000,0.234375000,0.223732361341,0.106272871637
0.203125000,0.234375000,0.194437195269,0.0923576677528
0.218750000,0.234375000,0.163187383602,0.0775140072110
0.234375000,0.234375000,0.130084383801,0.0617900823053
0.250000000,0.234375000,0.0952417545399,0.0452398334065
0.265625000,0.234375000,0.0587862643003,0.0279234755426
0.281250000,0.234375000,0.0208591190992,0.00990808157211
0.296875000,0.234375000,-0.0183826828841,-0.00873177436994
0.312500000,0.234375000,-0.0587648603457,-0.0279133086642
0.328125000,0.234375000,-0.100094214069,-0.0475447516827
0.343750000,0.234375000,-0.142156838281,-0.0675244981837
0.359375000,0.234375000,-0.184716169191,-0.0877401803660
0.375000000,0.234375000,-0.227510861942,-0.108067659422
0.390625000,0.234375000,-0.270252485297,-0.128369930516
0.406250000,0.234375000,-0.312623026357,-0.148495937519
0.421875000,0.234375000,-0.354272195229,-0.168279292734
0.437500000,0.234375000,-0.394814521653,-0.187536897785
0.453125000,0.234375000,-0.433826234279,-0.206067461282
0.468750000,0.234375000,-0.470841917693,-0.223649910904
0.484375000,0.234375000,-0.505350938472,-0.240041695774
0.500000000,0.234375000,-0.536793636885,-0.254976977521
0.515625000,0.234375000,-0.564557281393,-0.268164708662
0.531250000,0.234375000,-0.587971783550,-0.279286597186
0.546875000,0.234375000,-0.606305177365,-0.287994959248
0.562500000,0.234375000,-0.618758866587,-0.293910461629
0.578125000,0.234375000,-0.624462649835,-0.296619758672
0.593750000,0.234375000,-0.622469538366,-0.295673030724
0.609375000,0.234375000,-0.611750385968,-0.290581433335
0.625000000,0.234375000,-0.591188359659,-0.280814470838
0.640625000,0.234375000,-0.559573286053,-0.265797310875
0.656250000,0.234375000,-0.515595922459,-0.244908063168
0.671875000,0.234375000,-0.457842210563,-0.217475050018
0.687500000,0.234375000,-0.384787588489,-0.182774104532
0.703125000,0.234375000,-0.294791453997,-0.140025940649
0.718750000,0.234375000,-0.186091894636,-0.0883936499521
0.734375000,0.234375000,-0.0568008247779,-0.0269803917695
0.750000000,0.234375000,0.0951002965852,0.0451726408780
0.765625000,0.234375000,0.271763957454,0.129087879791
0.781250000,0.234375000,0.475479036856,0.225852542506
0.796875000,0.234375000,0.708671893090,0.336619149218
0.812500000,0.234375000,0.973905717889,0.462605215997
0.828125000,0.234375000,1.27387770342,0.605091909125
0.843750000,0.234375000,1.61141347063,0.765421398550
0.859375000,0.234375000,1.98945809491,0.944992595084
0.875000000,0.234375000,2.41122404879,1.14533142318
0.890625000,0.234375000,2.87954506622,1.36778390645
0.906250000,0.234375000,3.39776969383,1.61394060457
0.921875000,0.234375000,3.96913121962,1.88533732932
0.937500000,0.234375000,,
0.953125000,0.234375000,,
0.968750000,0.234375000,,
0.984375000,0.234375000,,
1.000000000,0.234375000,,
-1.000000000,0.250000000,,
-0.984375000,0.250000000,,
-0.968750000,0.250000000,,
-0.953125000,0.250000000,,
-0.937500000,0.250000000,,
-0.921875000,0.250000000,,
-0.906250000,0.250000000,3.70343438125,1.75913133110
-0.890625000,0.250000000,3.16322089431,1.50252992480
-0.875000000,0.250000000,2.67391216955,1.27010828054
-0.859375000,0.250000000,2.23215221048,1.06027229998
-0.843750000,0.250000000,1.83513072848,0.871687096028
-0.828125000,0.250000000,1.47961474396,0.702817003379
-0.812500000,0.250000000,1.16264745823,0.552257542659
-0.796875000,0.250000000,0.881387929384,0.418659266457
-0.781250000,0.250000000,0.633120717521,0.300732340822
-0.765625000,0.250000000,0.415262003569,0.197249451695
-0.750000000,0.250000000,0.225362870160,0.107047363326
-0.734375000,0.250000000,0.0611103133100,0.0290273988222
-0.718750000,0.250000000,-0.0796735459061,-0.0378449343054
-0.703125000,0.250000000,-0.199033660010,-0.0945409885047
-0.687500000,0.250000000,-0.298885345019,-0.141970538884
-0.671875000,0.250000000,-0.381018395492,-0.180983737859
-0.656250000,0.250000000,-0.447101808923,-0.212373359239
-0.640625000,0.250000000,-0.498688940246,-0.236877246617
-0.625000000,0.250000000,-0.537222940305,-0.255180896645
-0.609375000,0.250000000,-0.564042360408,-0.267920121194
-0.593750000,0.250000000,-0.580386825377,-0.275683742054
-0.578125000,0.250000000,-0.587402699084,-0.279016282065
-0.562500000,0.250000000,-0.586148679002,-0.278420622526
-0.546875000,0.250000000,-0.577601273757,-0.274360605035
-0.531250000,0.250000000,-0.562660122621,-0.267263558245
-0.515625000,0.250000000,-0.542153131543,-0.257522737483
-0.500000000,0.250000000,-0.516841401832,-0.245499665870
-0.484375000,0.250000000,-0.487423938704,-0.231526370884
-0.468750000,0.250000000,-0.454542128141,-0.215907510867
-0.453125000,0.250000000,-0.418783977823,-0.198922389466
-0.437500000,0.250000000,-0.380688119377,-0.180826856704
-0.421875000,0.250000000,-0.340747572141,-0.161855096767
-0.406250000,0.250000000,-0.299413273324,-0.142221304829
-0.390625000,0.250000000,-0.257097376717,-0.122121253940
-0.375000000,0.250000000,-0.214176328353,-0.101733755968
-0.359375000,0.250000000,-0.170993725093,-0.0812220194190
-0.343750000,0.250000000,-0.127862965395,-0.0607349085626
-0.328125000,0.250000000,-0.0850696999433,-0.0404081074731
-0.312500000,0.250000000,-0.0428740920053,-0.0203651937025
-0.296875000,0.250000000,-0.00151289658522,-0.000718625877981
-0.281250000,0.250000000,0.0387986315030,0.0184293499639
-0.265625000,0.250000000,0.0778649921994,0.0369858712947
-0.250000000,0.250000000,0.115508847002,0.0548667023257
-0.234375000,0.250000000,0.151569568985,0.0719955452680
-0.218750000,0.250000000,0.185901927894,0.0883034157495
-0.203125000,0.250000000,0.218374900266,0.103728077626
-0.187500000,0.250000000,0.248870597518,0.118213533821
-0.171875000,0.250000000,0.277283303664,0.131709569241
-0.156250000,0.250000000,0.303518614926,0.144171342090
-0.140625000,0.250000000,0.327492674517,0.155559020396
-0.125000000,0.250000000,0.349131496716,0.165837460940
-0.109375000,0.250000000,0.368370372834,0.174975927096
-0.093750000,0.250000000,0.385153355255,0.182947843746
-0.078125000,0.250000000,0.399432813417,0.189730586373
-0.062500000,0.250000000,0.411169058030,0.195305302564
-0.046875000,0.250000000,0.420330029345,0.199656763939
-0.031250000,0.250000000,0.426891046865,0.202773247261
-0.015625000,0.250000000,0.430834617045,0.204646443096
0.000000000,0.250000000,0.432150297748,0.205271391430
0.015625000,0.250000000,0.430834617045,0.204646443096
0.031250000,0.250000000,0.426891046865,0.202773247261
0.046875000,0.250000000,0.420330029345,0.199656763939
0.062500000,0.250000000,0.411169058030,0.195305302564
0.078125000,0.250000000,0.399432813417,0.189730586373
0.093750000,0.250000000,0.385153355255,0.182947843746
0.109375000,0.250000000,0.368370372834,0.174975927096
0.125000000,0.250000000,0.349131496716,0.165837460940
0.140625000,0.250000000,0.327492674517,0.155559020396
0.156250000,0.250000000,0.303518614926,0.144171342090
0.171875000,0.250000000,0.277283303664,0.131709569241
0.187500000,0.250000000,0.248870597518,0.118213533821
0.203125000,0.250000000,0.218374900266,0.103728077626
0.218750000,0.250000000,0.185901927894,0.0883034157495
0.234375000,0.250000000,0.151569568985,0.0719955452680
0.250000000,0.250000000,0.115508847002,0.0548667023257
0.265625000,0.250000000,0.0778649921994,0.0369858712947
0.281250000,0.250000000,0.0387986315030,0.0184293499639
0.296875000,0.250000000,-0.00151289658522,-0.000718625877981
0.312500000,0.250000000,-0.0428740920053,-0.0203651937025
0.328125000,0.250000000,-0.0850696999433,-0.0404081074731
0.343750000,0.250000000,-0.127862965395,-0.0607349085626
0.359375000,0.250000000,-0.170993725093,-0.0812220194190
0.375000000,0.250000000,-0.214176328353,-0.101733755968
0.390625000,0.250000000,-0.257097376717,-0.122121253940
0.406250000,0.250000000,-0.299413273324,-0.142221304829
0.421875000,0.250000000,-0.340747572141,-0.161855096767
0.437500000,0.250000000,-0.380688119377,-0.180826856704
0.453125000,0.250000000,-0.418783977823,-0.198922389466
0.468750000,0.250000000,-0.454542128141,-0.215907510867
0.484375000,0.250000000,-0.487423938704,-0.231526370884
0.500000000,0.250000000,-0.516841401832,-0.245499665870
0.515625000,0.250000000,-0.542153131543,-0.257522737483
0.531250000,0.250000000,-0.562660122621,-0.267263558245
0.546875000,0.250000000,-0.577601273757,-0.274360605035
0.562500000,0.250000000,-0.586148679002,-0.278420622526
0.578125000,0.250000000,-0.587402699084,-0.279016282065
0.593750000,0.250000000,-0.580386825377,-0.275683742054
0.609375000,0.250000000,-0.564042360408,-0.267920121194
0.625000000,0.250000000,-0.537222940305,-0.255180896645
0.640625000,0.250000000,-0.498688940246,-0.236877246617
0.656250000,0.250000000,-0.447101808923,-0.212373359239
0.671875000,0.250000000,-0.381018395492,-0.180983737859
0.687500000,0.250000000,-0.298885345019,-0.141970538884
0.703125000,0.250000000,-0.199033660010,-0.0945409885047
0.718750000,0.250000000,-0.0796735459061,-0.0378449343054
0.734375000,0.250000000,0.0611103133100,0.0290273988222
0.750000000,0.250000000,0.225362870160,0.107047363326
0.765625000,0.250000000,0.415262003569,0.197249451695
0.781250000,0.250000000,0.633120717521,0.300732340822
0.796875000,0.250000000,0.881387929384,0.418659266457
0.812500000,0.250000000,1.16264745823,0.552257542659
0.828125000,0.250000000,1.47961474396,0.702817003379
0.843750000,0.250000000,1.83513072848,0.871687096028
0.859375000,0.250000000,2.23215221048,1.06027229998
0.875000000,0.250000000,2.67391216955,1.27010828054
0.890625000,0.250000000,3.16322089431,1.50252992480
0.906250000,0.250000000,3.70343438125,1.75913133110
0.921875000,0.250000000,,
0.937500000,0.250000000,,
0.953125000,0.250000000,,
0.968750000,0.250000000,,
0.984375000,0.250000000,,
1.000000000,0.250000000,,
-1.000000000,0.265625000,,
-0.984375000,0.265625000,,
-0.968750000,0.265625000,,
-0.953125000,0.265625000,,
-0.937500000,0.265625000,,
-0.921875000,0.265625000,,
-0.906250000,0.265625000,4.02704726053,1.91284744875
-0.890625000,0.265625000,3.46363326644,1.64522580156
-0.875000000,0.265625000,2.95216271983,1.40227729192
-0.859375000,0.265625000,2.48944677063,1.18248721605
-0.843750000,0.265625000,2.07218963396,0.984290076131
-0.828125000,0.265625000,1.69765357769,0.806385449400
-0.812500000,0.265625000,1.36270027449,0.647282630382
-0.796875000,0.265625000,1.06447458920,0.505625429872
-0.781250000,0.265625000,0.800243462235,0.380115644562
-0.765625000,0.265625000,0.567402653199,0.269516260270
-0.750000000,0.265625000,0.363480534455,0.172653253866
-0.734375000,0.265625000,0.186139524070,0.0884162739333
-0.718750000,0.265625000,0.0331756441018,0.0157584309483
-0.703125000,0.265625000,-0.0974833928186,-0.0463046115888
-0.687500000,0.265625000,-0.207781236823,-0.0986960874907
-0.671875000,0.265625000,-0.299536820111,-0.142279989553
-0.656250000,0.265625000,-0.374448917923,-0.177863236014
-0.640625000,0.265625000,-0.434101165346,-0.206198053539
-0.625000000,0.265625000,-0.479967379453,-0.227984505240
-0.609375000,0.265625000,-0.513417063716,-0.243873105265
-0.593750000,0.265625000,-0.535720994186,-0.254467472238
-0.578125000,0.265625000,-0.548056808232,-0.260326983910
-0.562500000,0.265625000,-0.551514531298,-0.261969402367
-0.546875000,0.265625000,-0.547101990351,-0.259873445417
-0.531250000,0.265625000,-0.535750076937,-0.254481286545
-0.515625000,0.265625000,-0.518317827126,-0.246200967885
-0.500000000,0.265625000,-0.495597298937,-0.235408716995
-0.484375000,0.265625000,-0.468318229512,-0.222451159018
-0.468750000,0.265625000,-0.437152462866,-0.207647419861
-0.453125000,0.265625000,-0.402718142000,-0.191291117450
-0.437500000,0.265625000,-0.365583662316,-0.173652239600
-0.421875000,0.265625000,-0.326271388067,-0.154978909332
-0.406250000,0.265625000,-0.285261133018,-0.135499038184
-0.390625000,0.265625000,-0.242993412193,-0.115421870792
-0.375000000,0.265625000,-0.199872468747,-0.0949394226550
-0.359375000,0.265625000,-0.156269085005,-0.0742278153772
-0.343750000,0.265625000,-0.112523184762,-0.0534485127621
-0.328125000,0.265625000,-0.0689462368959,-0.0327494625256
-0.312500000,0.265625000,-0.0258234679930,-0.0122661472967
-0.296875000,0.265625000,0.0165841048253,0.00787744979202
-0.281250000,0.265625000,0.0580378121312,0.0275679607623
-0.265625000,0.265625000,0.0983196315218,0.0467018249728
-0.250000000,0.265625000,0.137230638818,0.0651845534388
-0.234375000,0.265625000,0.174589601082,0.0829300605141
-0.218750000,0.265625000,0.210231702925,0.0998600588892
-0.203125000,0.265625000,0.244007396535,0.115903513354
-0.187500000,0.265625000,0.275781368470,0.130996150023
-0.171875000,0.265625000,0.305431613328,0.145080016331
-0.156250000,0.265625000,0.332848607918,0.158103088761
-0.140625000,0.265625000,0.357934578161,0.170018924626
-0.125000000,0.265625000,0.380602853087,0.180786355216
-0.109375000,0.265625000,0.400777298002,0.190369216551
-0.093750000,0.265625000,0.418391823743,0.198736116278
-0.078125000,0.265625000,0.433389964512,0.205860233143
-0.062500000,0.265625000,0.445724521676,0.211719147796
-0.046875000,0.265625000,0.455357268702,0.216294702634
-0.031250000,0.265625000,0.462258714283,0.219572889284
-0.015625000,0.265625000,0.466407921070,0.221543762508
0.000000000,0.265625000,0.467792377378,0.222201379255
0.015625000,0.265625000,0.466407921070,0.221543762508
0.031250000,0.265625000,0.462258714283,0.219572889284
0.046875000,0.265625000,0.455357268702,0.216294702634
0.062500000,0.265625000,0.445724521676,0.211719147796
0.078125000,0.265625000,0.433389964512,0.205860233143
0.093750000,0.265625000,0.418391823743,0.198736116278
0.109375000,0.265625000,0.400777298002,0.190369216551
0.125000000,0.265625000,0.380602853087,0.180786355216
0.140625000,0.265625000,0.357934578161,0.170018924626
0.156250000,0.265625000,0.332848607918,0.158103088761
0.171875000,0.265625000,0.305431613328,0.145080016331
0.187500000,0.265625000,0.275781368470,0.130996150023
0.203125000,0.265625000,0.244007396535,0.115903513354
0.218750000,0.265625000,0.210231702925,0.0998600588892
0.234375000,0.265625000,0.174589601082,0.0829300605141
0.250000000,0.265625000,0.137230638818,0.0651845534388
0.265625000,0.265625000,0.0983196315218,0.0467018249728
0.281250000,0.265625000,0.0580378121312,0.0275679607623
0.296875000,0.265625000,0.0165841048253,0.00787744979202
0.312500000,0.265625000,-0.0258234679930,-0.0122661472967
0.328125000,0.265625000,-0.0689462368959,-0.0327494625256
0.343750000,0.265625000,-0.112523184762,-0.0534485127621
0.359375000,0.265625000,-0.156269085005,-0.0742278153772
0.375000000,0.265625000,-0.199872468747,-0.0949394226550
0.390625000,0.265625000,-0.242993412193,-0.115421870792
0.406250000,0.265625000,-0.285261133018,-0.135499038184
0.421875000,0.265625000,-0.326271388067,-0.154978909332
0.437500000,0.265625000,-0.365583662316,-0.173652239600
0.453125000,0.265625000,-0.402718142000,-0.191291117450
0.468750000,0.265625000,-0.437152462866,-0.207647419861
0.484375000,0.265625000,-0.468318229512,-0.222451159018
0.500000000,0.265625000,-0.495597298937,-0.235408716995
0.515625000,0.265625000,-0.518317827126,-0.246200967885
0.531250000,0.265625000,-0.535750076937,-0.254481286545
0.546875000,0.265625000,-0.547101990351,-0.259873445417
0.562500000,0.265625000,-0.551514531298,-0.261969402367
0.578125000,0.265625000,-0.548056808232,-0.260326983910
0.593750000,0.265625000,-0.535720994186,-0.254467472238
0.609375000,0.265625000,-0.513417063716,-0.243873105265
0.625000000,0.265625000,-0.479967379453,-0.227984505240
0.640625000,0.265625000,-0.434101165346,-0.206198053539
0.656250000,0.265625000,-0.374448917923,-0.177863236014
0.671875000,0.265625000,-0.299536820111,-0.142279989553
0.687500000,0.265625000,-0.207781236823,-0.0986960874907
0.703125000,0.265625000,-0.0974833928186,-0.0463046115888
0.718750000,0.265625000,0.0331756441018,0.0157584309483
0.734375000,0.265625000,0.186139524070,0.0884162739333
0.750000000,0.265625000,0.363480534455,0.172653253866
0.765625000,0.265625000,0.567402653199,0.269516260270
0.781250000,0.265625000,0.800243462235,0.380115644562
0.796875000,0.265625000,1.06447458920,0.505625429872
0.812500000,0.265625000,1.36270027449,0.647282630382
0.828125000,0.265625000,1.69765357769,0.806385449400
0.843750000,0.265625000,2.07218963396,0.984290076131
0.859375000,0.265625000,2.48944677063,1.18248721605
0.875000000,0.265625000,2.95216271983,1.40227729192
0.890625000,0.265625000,3.46363326644,1.64522580156
0.906250000,0.265625000,4.02704726053,1.91284744875
0.921875000,0.265625000,,
0.937500000,0.265625000,,
0.953125000,0.265625000,,
0.968750000,0.265625000,,
0.984375000,0.265625000,,
1.000000000,0.265625000,,
-1.000000000,0.281250000,,
-0.984375000,0.281250000,,
-0.968750000,0.281250000,,
-0.953125000,0.281250000,,
-0.937500000,0.281250000,,
-0.921875000,0.281250000,,
-0.906250000,0.281250000,4.36960315823,2.07556150016
-0.890625000,0.281250000,3.78174252733,1.79632770048
-0.875000000,0.281250000,3.24689979082,1.54227740064
-0.859375000,0.281250000,2.76189985140,1.31190242942
-0.843750000,0.281250000,2.32360782859,1.10371371858
-0.828125000,0.281250000,1.92880375726,0.916181784698
-0.812500000,0.281250000,1.57483495148,0.748046601953
-0.796875000,0.281250000,1.25866405706,0.597865427103
-0.781250000,0.281250000,0.977541239611,0.464332088815
-0.765625000,0.281250000,0.728842221799,0.346200055354
-0.750000000,0.281250000,0.510072661076,0.242284514011
-0.734375000,0.281250000,0.318870063081,0.151463279964
-0.718750000,0.281250000,0.153003737980,0.0726767755403
-0.703125000,0.281250000,0.0103732160255,0.00492727761213
-0.687500000,0.281250000,-0.110994532912,-0.0527224031332
-0.671875000,0.281250000,-0.212948790905,-0.101150675680
-0.656250000,0.281250000,-0.297219462041,-0.141179244470
-0.640625000,0.281250000,-0.365421928447,-0.173575416013
-0.625000000,0.281250000,-0.419062235537,-0.199054561880
-0.609375000,0.281250000,-0.459542479074,-0.218282677560
-0.593750000,0.281250000,-0.488166288893,-0.231878987224
-0.578125000,0.281250000,-0.506144328196,-0.240418555893
-0.562500000,0.281250000,-0.514599738935,-0.244434875994
-0.546875000,0.281250000,-0.514573483662,-0.244422404740
-0.531250000,0.281250000,-0.507029540058,-0.240839031528
-0.515625000,0.281250000,-0.492859918990,-0.234108461520
-0.500000000,0.281250000,-0.472889481590,-0.224622503755
-0.484375000,0.281250000,-0.447880539833,-0.212743256421
-0.468750000,0.281250000,-0.418537228645,-0.198805183606
-0.453125000,0.281250000,-0.385509643514,-0.183117080669
-0.437500000,0.281250000,-0.349397740750,-0.165963926856
-0.421875000,0.281250000,-0.310755000835,-0.147608625397
-0.406250000,0.281250000,-0.270091857516,-0.128293632320
-0.390625000,0.281250000,-0.227878896421,-0.108242475800
-0.375000000,0.281250000,-0.184549831060,-0.0876611697534
-0.359375000,0.281250000,-0.140504261656,-0.0667395242865
-0.343750000,0.281250000,-0.0961102272845,-0.0456523579601
-0.328125000,0.281250000,-0.0517065577036,-0.0245606149092
-0.312500000,0.281250000,-0.00760503700995,-0.00361239257973
-0.296875000,0.281250000,0.0359076134630,0.0170561163949
-0.281250000,0.281250000,0.0785679220298,0.0373197629641
-0.265625000,0.281250000,0.120134013158,0.0570636562502
-0.250000000,0.281250000,0.160384105289,0.0761824500122
-0.234375000,0.281250000,0.199115148669,0.0945796956179
-0.218750000,0.281250000,0.236141595056,0.112167257652
-0.203125000,0.281250000,0.271294290474,0.128864787975
-0.187500000,0.281250000,0.304419480973,0.144599253462
-0.171875000,0.281250000,0.335377924754,0.159304514258
-0.156250000,0.281250000,0.364044102287,0.172920948586
-0.140625000,0.281250000,0.390305516844,0.185395120501
-0.125000000,0.281250000,0.414062079398,0.196679487714
-0.109375000,0.281250000,0.435225570632,0.206732146050
-0.093750000,0.281250000,0.453719176010,0.215516608605
-0.078125000,0.281250000,0.469477086667,0.223001616167
-0.062500000,0.281250000,0.482444163569,0.229160977695
-0.046875000,0.281250000,0.492575659737,0.233973438375
-0.031250000,0.281250000,0.499836997358,0.237422573745
-0.015625000,0.281250000,0.504203598090,0.239496709093
0.000000000,0.281250000,0.505660762302,0.240188862094
0.015625000,0.281250000,0.504203598090,0.239496709093
0.031250000,0.281250000,0.499836997358,0.237422573745
0.046875000,0.281250000,0.492575659737,0.233973438375
0.062500000,0.281250000,0.482444163569,0.229160977695
0.078125000,0.281250000,0.469477086667,0.223001616167
0.093750000,0.281250000,0.453719176010,0.215516608605
0.109375000,0.281250000,0.435225570632,0.206732146050
0.125000000,0.281250000,0.414062079398,0.196679487714
0.140625000,0.281250000,0.390305516844,0.185395120501
0.156250000,0.281250000,0.364044102287,0.172920948586
0.171875000,0.281250000,0.335377924754,0.159304514258
0.187500000,0.281250000,0.304419480973,0.144599253462
0.203125000,0.281250000,0.271294290474,0.128864787975
0.218750000,0.281250000,0.236141595056,0.112167257652
0.234375000,0.281250000,0.199115148669,0.0945796956179
0.250000000,0.281250000,0.160384105289,0.0761824500122
0.265625000,0.281250000,0.120134013158,0.0570636562502
0.281250000,0.281250000,0.0785679220298,0.0373197629641
0.296875000,0.281250000,0.0359076134630,0.0170561163949
0.312500000,0.281250000,-0.00760503700995,-0.00361239257973
0.328125000,0.281250000,-0.0517065577036,-0.0245606149092
0.343750000,0.281250000,-0.0961102272845,-0.0456523579601
0.359375000,0.281250000,-0.140504261656,-0.0667395242865
0.375000000,0.281250000,-0.184549831060,-0.0876611697534
0.390625000,0.281250000,-0.227878896421,-0.108242475800
0.406250000,0.281250000,-0.270091857516,-0.128293632320
0.421875000,0.281250000,-0.310755000835,-0.147608625397
0.437500000,0.281250000,-0.349397740750,-0.165963926856
0.453125000,0.281250000,-0.385509643514,-0.183117080669
0.468750000,0.281250000,-0.418537228645,-0.198805183606
0.484375000,0.281250000,-0.447880539833,-0.212743256421
0.500000000,0.281250000,-0.472889481590,-0.224622503755
0.515625000,0.281250000,-0.492859918990,-0.234108461520
0.531250000,0.281250000,-0.507029540058,-0.240839031528
0.546875000,0.281250000,-0.514573483662,-0.244422404740
0.562500000,0.281250000,-0.514599738935,-0.244434875994
0.578125000,0.281250000,-0.506144328196,-0.240418555893
0.593750000,0.281250000,-0.488166288893,-0.231878987224
0.609375000,0.281250000,-0.459542479074,-0.218282677560
0.625000000,0.281250000,-0.419062235537,-0.199054561880
0.640625000,0.281250000,-0.365421928447,-0.173575416013
0.656250000,0.281250000,-0.297219462041,-0.141179244470
0.671875000,0.281250000,-0.212948790905,-0.101150675680
0.687500000,0.281250000,-0.110994532912,-0.0527224031332
0.703125000,0.281250000,0.0103732160255,0.00492727761213
0.718750000,0.281250000,0.153003737980,0.0726767755403
0.734375000,0.281250000,0.318870063081,0.151463279964
0.750000000,0.281250000,0.510072661076,0.242284514011
0.765625000,0.281250000,0.728842221799,0.346200055354
0.781250000,0.281250000,0.977541239611,0.464332088815
0.796875000,0.281250000,1.25866405706,0.597865427103
0.812500000,0.281250000,1.57483495148,0.748046601953
0.828125000,0.281250000,1.92880375726,0.916181784698
0.843750000,0.281250000,2.32360782859,1.10371371858
0.859375000,0.281250000,2.76189985140,1.31190242942
0.875000000,0.281250000,3.24689979082,1.54227740064
0.890625000,0.281250000,3.78174252733,1.79632770048
0.906250000,0.281250000,4.36960315823,2.07556150016
0.921875000,0.281250000,,
0.937500000,0.281250000,,
0.953125000,0.281250000,,
0.968750000,0.281250000,,
0.984375000,0.281250000,,
1.000000000,0.281250000,,
-1.000000000,0.296875000,,
-0.984375000,0.296875000,,
-0.968750000,0.296875000,,
-0.953125000,0.296875000,,
-0.937500000,0.296875000,,
-0.921875000,0.296875000,,
-0.906250000,0.296875000,,
-0.890625000,0.296875000,4.11857760829,1.95632436394
-0.875000000,0.296875000,3.55911607206,1.69058013423
-0.859375000,0.296875000,3.05062437582,1.44904657852
-0.843750000,0.296875000,2.58997690239,1.23023902863
-0.828125000,0.296875000,2.17410899676,1.03270177346
-0.812500000,0.296875000,1.79988703465,0.854946341457
-0.796875000,0.296875000,1.46475162311,0.695757020977
-0.781250000,0.296875000,1.16576927270,0.553740404532
-0.765625000,0.296875000,0.900296264848,0.427640725803
-0.750000000,0.296875000,0.665815711360,0.316262462896
-0.734375000,0.296875000,0.459940014682,0.218471506974
-0.718750000,0.296875000,0.280411277050,0.133195356599
-0.703125000,0.296875000,0.125100092343,0.0594225438627
-0.687500000,0.296875000,-0.00799692058124,-0.00379853727609
-0.671875000,0.296875000,-0.120760547870,-0.0573612602382
-0.656250000,0.296875000,-0.214953129644,-0.102102736581
-0.640625000,0.296875000,-0.292223230314,-0.138806034399
-0.625000000,0.296875000,-0.354110664546,-0.168202565659
-0.609375000,0.296875000,-0.402051747860,-0.190974580233
-0.593750000,0.296875000,-0.437384661839,-0.207757714373
-0.578125000,0.296875000,-0.461354848472,-0.219143553024
-0.562500000,0.296875000,-0.475120363064,-0.225682172456
-0.546875000,0.296875000,-0.479757131551,-0.227884637486
-0.531250000,0.296875000,-0.476264067956,-0.226225432279
-0.515625000,0.296875000,-0.465568020907,-0.221144809931
-0.500000000,0.296875000,-0.448528523409,-0.213051048619
-0.484375000,0.296875000,-0.425942328748,-0.202322606156
-0.468750000,0.296875000,-0.398547720884,-0.189310167420
-0.453125000,0.296875000,-0.367028592155,-0.174338581273
-0.437500000,0.296875000,-0.332018284878,-0.157708685317
-0.421875000,0.296875000,-0.294103197212,-0.139699018676
-0.406250000,0.296875000,-0.253826154541,-0.120567423407
-0.390625000,0.296875000,-0.211689553087,-0.100552537716
-0.375000000,0.296875000,-0.168158279286,-0.0798751826608
-0.359375000,0.296875000,-0.123662414518,-0.0587396468958
-0.343750000,0.296875000,-0.0785997318123,-0.0373348726108
-0.328125000,0.296875000,-0.0333379946330,-0.0158355474507
-0.312500000,0.296875000,0.0117829327804,0.00559689307069
-0.296875000,0.296875000,0.0564491549010,0.0268133485780
-0.281250000,0.296875000,0.100370982598,0.0476762167342
-0.265625000,0.296875000,0.143281329729,0.0680586316214
-0.250000000,0.296875000,0.184934260116,0.0878437735551
-0.234375000,0.296875000,0.225103671947,0.106924244175
-0.218750000,0.296875000,0.263582113727,0.125201504020
-0.203125000,0.296875000,0.300179720295,0.142585367140
-0.187500000,0.296875000,0.334723260942,0.158993548947
-0.171875000,0.296875000,0.367055291036,0.174351263242
-0.156250000,0.296875000,0.397033399503,0.188590864764
-0.140625000,0.296875000,0.424529544702,0.201651533734
-0.125000000,0.296875000,0.449429471450,0.213478998939
-0.109375000,0.296875000,0.471632203426,0.224025296627
-0.093750000,0.296875000,0.491049604414,0.233248562097
-0.078125000,0.296875000,0.507606004112,0.241112851953
-0.062500000,0.296875000,0.521237882907,0.247587994381
-0.046875000,0.296875000,0.531893612058,0.252649465728
-0.031250000,0.296875000,0.539533246084,0.256278291890
-0.015625000,0.296875000,0.544128363954,0.258460972878
0.000000000,0.296875000,0.545661957312,0.259189429723
0.015625000,0.296875000,0.544128363954,0.258460972878
0.031250000,0.296875000,0.539533246084,0.256278291890
0.046875000,0.296875000,0.531893612058,0.252649465728
0.062500000,0.296875000,0.521237882907,0.247587994381
0.078125000,0.296875000,0.507606004112,0.241112851953
0.093750000,0.296875000,0.491049604414,0.233248562097
0.109375000,0.296875000,0.471632203426,0.224025296627
0.125000000,0.296875000,0.449429471450,0.213478998939
0.140625000,0.296875000,0.424529544702,0.201651533734
0.156250000,0.296875000,0.397033399503,0.188590864764
0.171875000,0.296875000,0.367055291036,0.174351263242
0.187500000,0.296875000,0.334723260942,0.158993548947
0.203125000,0.296875000,0.300179720295,0.142585367140
0.218750000,0.296875000,0.263582113727,0.125201504020
0.234375000,0.296875000,0.225103671947,0.106924244175
0.250000000,0.296875000,0.184934260116,0.0878437735551
0.265625000,0.296875000,0.143281329729,0.0680586316214
0.281250000,0.296875000,0.100370982598,0.0476762167342
0.296875000,0.296875000,0.0564491549010,0.0268133485780
0.312500000,0.296875000,0.0117829327804,0.00559689307069
0.328125000,0.296875000,-0.0333379946330,-0.0158355474507
0.343750000,0.296875000,-0.0785997318123,-0.0373348726108
0.359375000,0.296875000,-0.123662414518,-0.0587396468958
0.375000000,0.296875000,-0.168158279286,-0.0798751826608
0.390625000,0.296875000,-0.211689553087,-0.100552537716
0.406250000,0.296875000,-0.253826154541,-0.120567423407
0.421875000,0.296875000,-0.294103197212,-0.139699018676
0.437500000,0.296875000,-0.332018284878,-0.157708685317
0.453125000,0.296875000,-0.367028592155,-0.174338581273
0.468750000,0.296875000,-0.398547720884,-0.189310167420
0.484375000,0.296875000,-0.425942328748,-0.202322606156
0.500000000,0.296875000,-0.448528523409,-0.213051048619
0.515625000,0.296875000,-0.465568020907,-0.221144809931
0.531250000,0.296875000,-0.476264067956,-0.226225432279
0.546875000,0.296875000,-0.479757131551,-0.227884637486
0.562500000,0.296875000,-0.475120363064,-0.225682172456
0.578125000,0.296875000,-0.461354848472,-0.219143553024
0.593750000,0.296875000,-0.437384661839,-0.207757714373
0.609375000,0.296875000,-0.402051747860,-0.190974580233
0.625000000,0.296875000,-0.354110664546,-0.168202565659
0.640625000,0.296875000,-0.292223230314,-0.138806034399
0.656250000,0.296875000,-0.214953129644,-0.102102736581
0.671875000,0.296875000,-0.120760547870,-0.0573612602382
0.687500000,0.296875000,-0.00799692058124,-0.00379853727609
0.703125000,0.296875000,0.125100092343,0.0594225438627
0.718750000,0.296875000,0.280411277050,0.133195356599
0.734375000,0.296875000,0.459940014682,0.218471506974
0.750000000,0.296875000,0.665815711360,0.316262462896
0.765625000,0.296875000,0.900296264848,0.427640725803
0.781250000,0.296875000,1.16576927270,0.553740404532
0.796875000,0.296875000,1.46475162311,0.695757020977
0.812500000,0.296875000,1.79988703465,0.854946341457
0.828125000,0.296875000,2.17410899676,1.03270177346
0.843750000,0.296875000,2.58997690239,1.23023902863
0.859375000,0.296875000,3.05062437582,1.44904657852
0.875000000,0.296875000,3.55911607206,1.69058013423
0.890625000,0.296875000,4.11857760829,1.95632436394
0.906250000,0.296875000,,
0.921875000,0.296875000,,
0.937500000,0.296875000,,
0.953125000,0.296875000,,
0.968750000,0.296875000,,
0.984375000,0.296875000,,
1.000000000,0.296875000,,
-1.000000000,0.312500000,,
-0.984375000,0.312500000,,
-0.968750000,0.312500000,,
-0.953125000,0.312500000,,
-0.937500000,0.312500000,,
-0.921875000,0.312500000,,
-0.906250000,0.312500000,,
-0.890625000,0.312500000,4.47523806424,2.12573808051
-0.875000000,0.312500000,3.88987519695,1.84769071855
-0.859375000,0.312500000,3.35664585865,1.59440678286
-0.843750000,0.312500000,2.87243850024,1.36440828762
-0.828125000,0.312500000,2.43419331988,1.15624182694
-0.812500000,0.312500000,2.03892705751,0.968490352317
-0.796875000,0.312500000,1.68359877698,0.799709419066
-0.781250000,0.312500000,1.36574716973,0.648729905623
-0.765625000,0.312500000,1.08254271794,0.514207791024
-0.750000000,0.312500000,0.831446363316,0.394937022575
-0.734375000,0.312500000,0.610045384965,0.289771557858
-0.718750000,0.312500000,0.416054321923,0.197625802914
-0.703125000,0.312500000,0.247314193365,0.117474241848
-0.687500000,0.312500000,0.101790388919,0.0483504347365
-0.671875000,0.312500000,-0.0224304609418,-0.0106544689474
-0.656250000,0.312500000,-0.127144381587,-0.0603935812540
-0.640625000,0.312500000,-0.214034510212,-0.101666392351
-0.625000000,0.312500000,-0.284675939162,-0.135221071102
-0.609375000,0.312500000,-0.340540808603,-0.161756884086
-0.593750000,0.312500000,-0.383003535576,-0.181926679398
-0.578125000,0.312500000,-0.413346088119,-0.196339391857
-0.562500000,0.312500000,-0.432763231019,-0.205562534734
-0.546875000,0.312500000,-0.442367686844,-0.210124651251
-0.531250000,0.312500000,-0.443195166070,-0.210517703883
-0.515625000,0.312500000,-0.436209231911,-0.207199385158
-0.500000000,0.312500000,-0.422305974347,-0.200595337815
-0.484375000,0.312500000,-0.402318474123,-0.191101275208
-0.468750000,0.312500000,-0.377021044599,-0.179084996184
-0.453125000,0.312500000,-0.347133243086,-0.164888290466
-0.437500000,0.312500000,-0.313323647990,-0.148828732795
-0.421875000,0.312500000,-0.276213401646,-0.131201365782
-0.406250000,0.312500000,-0.236379521123,-0.112280272534
-0.390625000,0.312500000,-0.194357979916,-0.0923200404602
-0.375000000,0.312500000,-0.150646568539,-0.0715571200560
-0.359375000,0.312500000,-0.105707539797,-0.0502110814036
-0.343750000,0.312500000,-0.0599700479796,-0.0284857727903
-0.328125000,0.312500000,-0.0138323903832,-0.00657038543201
-0.312500000,0.312500000,0.0323359387510,0.0153595709067
-0.296875000,0.312500000,0.0781923726542,0.0371413770107
-0.281250000,0.312500000,0.123419563477,0.0586242926514
-0.265625000,0.312500000,0.167723832112,0.0796688202530
-0.250000000,0.312500000,0.210833765444,0.100146038586
-0.234375000,0.312500000,0.252498951178,0.119937001810
-0.218750000,0.312500000,0.292488841101,0.138932199523
-0.203125000,0.312500000,0.330591733181,0.157031073261
-0.187500000,0.312500000,0.366613863190,0.174141585015
-0.171875000,0.312500000,0.400378598050,0.190179834074
-0.156250000,0.312500000,0.431725722524,0.205069718199
-0.140625000,0.312500000,0.460510811367,0.218742635399
-0.125000000,0.312500000,0.486604680479,0.231137223228
-0.109375000,0.312500000,0.509892910269,0.242199132378
-0.093750000,0.312500000,0.530275435073,0.251880831660
-0.078125000,0.312500000,0.547666194257,0.260141442272
-0.062500000,0.312500000,0.561992838370,0.266946598226
-0.046875000,0.312500000,0.573196488722,0.272268332143
-0.031250000,0.312500000,0.581231544718,0.276084983741
-0.015625000,0.312500000,0.586065537357,0.278381130244
0.000000000,0.312500000,0.587679026021,0.279147537360
0.015625000,0.312500000,0.586065537357,0.278381130244
0.031250000,0.312500000,0.581231544718,0.276084983741
0.046875000,0.312500000,0.573196488722,0.272268332143
0.062500000,0.312500000,0.561992838370,0.266946598226
0.078125000,0.312500000,0.547666194257,0.260141442272
0.093750000,0.312500000,0.530275435073,0.251880831660
0.109375000,0.312500000,0.509892910269,0.242199132378
0.125000000,0.312500000,0.486604680479,0.231137223228
0.140625000,0.312500000,0.460510811367,0.218742635399
0.156250000,0.312500000,0.431725722524,0.205069718199
0.171875000,0.312500000,0.400378598050,0.190179834074
0.187500000,0.312500000,0.366613863190,0.174141585015
0.203125000,0.312500000,0.330591733181,0.157031073261
0.218750000,0.312500000,0.292488841101,0.138932199523
0.234375000,0.312500000,0.252498951178,0.119937001810
0.250000000,0.312500000,0.210833765444,0.100146038586
0.265625000,0.312500000,0.167723832112,0.0796688202530
0.281250000,0.312500000,0.123419563477,0.0586242926514
0.296875000,0.312500000,0.0781923726542,0.0371413770107
0.312500000,0.312500000,0.0323359387510,0.0153595709067
0.328125000,0.312500000,-0.0138323903832,-0.00657038543201
0.343750000,0.312500000,-0.0599700479796,-0.0284857727903
0.359375000,0.312500000,-0.105707539797,-0.0502110814036
0.375000000,0.312500000,-0.150646568539,-0.0715571200560
0.390625000,0.312500000,-0.194357979916,-0.0923200404602
0.406250000,0.312500000,-0.236379521123,-0.112280272534
0.421875000,0.312500000,-0.276213401646,-0.131201365782
0.437500000,0.312500000,-0.313323647990,-0.148828732795
0.453125000,0.312500000,-0.347133243086,-0.164888290466
0.468750000,0.312500000,-0.377021044599,-0.179084996184
0.484375000,0.312500000,-0.402318474123,-0.191101275208
0.500000000,0.312500000,-0.422305974347,-0.200595337815
0.515625000,0.312500000,-0.436209231911,-0.207199385158
0.531250000,0.312500000,-0.443195166070,-0.210517703883
0.546875000,0.312500000,-0.442367686844,-0.210124651251
0.562500000,0.312500000,-0.432763231019,-0.205562534734
0.578125000,0.312500000,-0.413346088119,-0.196339391857
0.593750000,0.312500000,-0.383003535576,-0.181926679398
0.609375000,0.312500000,-0.340540808603,-0.161756884086
0.625000000,0.312500000,-0.284675939162,-0.135221071102
0.640625000,0.312500000,-0.214034510212,-0.101666392351
0.656250000,0.312500000,-0.127144381587,-0.0603935812540
0.671875000,0.312500000,-0.0224304609418,-0.0106544689474
0.687500000,0.312500000,0.101790388919,0.0483504347365
0.703125000,0.312500000,0.247314193365,0.117474241848
0.718750000,0.312500000,0.416054321923,0.197625802914
0.734375000,0.312500000,0.610045384965,0.289771557858
0.750000000,0.312500000,0.831446363316,0.394937022575
0.765625000,0.312500000,1.08254271794,0.514207791024
0.781250000,0.312500000,1.36574716973,0.648729905623
0.796875000,0.312500000,1.68359877698,0.799709419066
0.812500000,0.312500000,2.03892705751,0.968490352317
0.828125000,0.312500000,2.43419331988,1.15624182694
0.843750000,0.312500000,2.87243850024,1.36440828762
0.859375000,0.312500000,3.35664585865,1.59440678286
0.875000000,0.312500000,3.88987519695,1.84769071855
0.890625000,0.312500000,4.47523806424,2.12573808051
0.906250000,0.312500000,,
0.921875000,0.312500000,,
0.937500000,0.312500000,,
0.953125000,0.312500000,,
0.968750000,0.312500000,,
0.984375000,0.312500000,,
1.000000000,0.312500000,,
-1.000000000,0.328125000,,
-0.984375000,0.328125000,,
-0.968750000,0.328125000,,
-0.953125000,0.328125000,,
-0.937500000,0.328125000,,
-0.921875000,0.328125000,,
-0.906250000,0.328125000,,
-0.890625000,0.328125000,,
-0.875000000,0.328125000,4.24031385116,2.01414907930
-0.859375000,0.328125000,3.68106298439,1.74850491759
-0.843750000,0.328125000,3.17205120095,1.50672432045
-0.828125000,0.328125000,2.71022785015,1.28735822882
-0.812500000,0.328125000,2.29261020238,1.08898984613
-0.796875000,0.328125000,1.91630338998,0.910244110243
-0.781250000,0.328125000,1.57836210375,0.749721999284
-0.765625000,0.328125000,1.27642511495,0.606301929601
-0.750000000,0.328125000,1.00776474088,0.478688251917
-0.734375000,0.328125000,0.769943319128,0.365723076586
-0.718750000,0.328125000,0.560647638704,0.266307628384
-0.703125000,0.328125000,0.377688644416,0.179402106097
-0.687500000,0.328125000,0.218999732952,0.104024873152
-0.671875000,0.328125000,0.0826339647598,0.0392511332609
-0.656250000,0.328125000,-0.0332395451989,-0.0157887839695
-0.640625000,0.328125000,-0.130339838509,-0.0619114232917
-0.625000000,0.328125000,-0.210278747609,-0.0998824051145
-0.609375000,0.328125000,-0.274565808759,-0.130418759161
-0.593750000,0.328125000,-0.324613334332,-0.154191333808
-0.578125000,0.328125000,-0.361741549615,-0.171827236067
-0.562500000,0.328125000,-0.387183716908,-0.183912265531
-0.546875000,0.328125000,-0.402091187025,-0.190993313837
-0.531250000,0.328125000,-0.407538329774,-0.193580706642
-0.515625000,0.328125000,-0.404527307721,-0.192150471167
-0.500000000,0.328125000,-0.393992664785,-0.187146515773
-0.484375000,0.328125000,-0.376805710147,-0.178982712320
-0.468750000,0.328125000,-0.353778684274,-0.168044875030
-0.453125000,0.328125000,-0.325668696992,-0.154692631071
-0.437500000,0.328125000,-0.293181434379,-0.139261181330
-0.421875000,0.328125000,-0.256974633533,-0.122062950928
-0.406250000,0.328125000,-0.217661325817,-0.103389129763
-0.390625000,0.328125000,-0.175812854110,-0.0835111057021
-0.375000000,0.328125000,-0.131961669153,-0.0626817928475
-0.359375000,0.328125000,-0.0866039117488,-0.0411368580807
-0.343750000,0.328125000,-0.0402017903335,-0.0190958504084
-0.328125000,0.328125000,0.00681423822253,0.00323676315570
-0.312500000,0.328125000,0.0540434740220,0.0256706501605
-0.296875000,0.328125000,0.101113156845,0.0480287495013
-0.281250000,0.328125000,0.147676814426,0.0701464868526
-0.265625000,0.328125000,0.193412767659,0.0918710646378
-0.250000000,0.328125000,0.238022781574,0.113060821247
-0.234375000,0.328125000,0.281230852218,0.133584654803
-0.218750000,0.328125000,0.322782119729,0.153321506871
-0.203125000,0.328125000,0.362441898915,0.172159901985
-0.187500000,0.328125000,0.399994815822,0.189997537515
-0.171875000,0.328125000,0.435244045396,0.206740921563
-0.156250000,0.328125000,0.468010638214,0.222305053152
-0.140625000,0.328125000,0.498132931306,0.236613142371
-0.125000000,0.328125000,0.525466034482,0.249596366379
-0.109375000,0.328125000,0.549881385829,0.261193658269
-0.093750000,0.328125000,0.571266370828,0.271351526143
-0.078125000,0.328125000,0.589523999111,0.280023899578
-0.062500000,0.328125000,0.604572634116,0.287172001205
-0.046875000,0.328125000,0.616345771660,0.292764241539
-0.031250000,0.328125000,0.624745312308,0.296754023346
-0.015625000,0.328125000,0.629836722030,0.299172442964
0.000000000,0.328125000,0.631536081334,0.299979638634
0.015625000,0.328125000,0.629836722030,0.299172442964
0.031250000,0.328125000,0.624745312308,0.296754023346
0.046875000,0.328125000,0.616345771660,0.292764241539
0.062500000,0.328125000,0.604572634116,0.287172001205
0.078125000,0.328125000,0.589523999111,0.280023899578
0.093750000,0.328125000,0.571266370828,0.271351526143
0.109375000,0.328125000,0.549881385829,0.261193658269
0.125000000,0.328125000,0.525466034482,0.249596366379
0.140625000,0.328125000,0.498132931306,0.236613142371
0.156250000,0.328125000,0.468010638214,0.222305053152
0.171875000,0.328125000,0.435244045396,0.206740921563
0.187500000,0.328125000,0.399994815822,0.189997537515
0.203125000,0.328125000,0.362441898915,0.172159901985
0.218750000,0.328125000,0.322782119729,0.153321506871
0.234375000,0.328125000,0.281230852218,0.133584654803
0.250000000,0.328125000,0.238022781574,0.113060821247
0.265625000,0.328125000,0.193412767659,0.0918710646378
0.281250000,0.328125000,0.147676814426,0.0701464868526
0.296875000,0.328125000,0.101113156845,0.0480287495013
0.312500000,0.328125000,0.0540434740220,0.0256706501605
0.328125000,0.328125000,0.00681423822253,0.00323676315570
0.343750000,0.328125000,-0.0402017903335,-0.0190958504084
0.359375000,0.328125000,-0.0866039117488,-0.0411368580807
0.375000000,0.328125000,-0.131961669153,-0.0626817928475
0.390625000,0.328125000,-0.175812854110,-0.0835111057021
0.406250000,0.328125000,-0.217661325817,-0.103389129763
0.421875000,0.328125000,-0.256974633533,-0.122062950928
0.437500000,0.328125000,-0.293181434379,-0.139261181330
0.453125000,0.328125000,-0.325668696992,-0.154692631071
0.468750000,0.328125000,-0.353778684274,-0.168044875030
0.484375000,0.328125000,-0.376805710147,-0.178982712320
0.500000000,0.328125000,-0.393992664785,-0.187146515773
0.515625000,0.328125000,-0.404527307721,-0.192150471167
0.531250000,0.328125000,-0.407538329774,-0.193580706642
0.546875000,0.328125000,-0.402091187025,-0.190993313837
0.562500000,0.328125000,-0.387183716908,-0.183912265531
0.578125000,0.328125000,-0.361741549615,-0.171827236067
0.593750000,0.328125000,-0.324613334332,-0.154191333808
0.609375000,0.328125000,-0.274565808759,-0.130418759161
0.625000000,0.328125000,-0.210278747609,-0.0998824051145
0.640625000,0.328125000,-0.130339838509,-0.0619114232917
0.656250000,0.328125000,-0.0332395451989,-0.0157887839695
0.671875000,0.328125000,0.0826339647598,0.0392511332609
0.687500000,0.328125000,0.218999732952,0.104024873152
0.703125000,0.328125000,0.377688644416,0.179402106097
0.718750000,0.328125000,0.560647638704,0.266307628384
0.734375000,0.328125000,0.769943319128,0.365723076586
0.750000000,0.328125000,1.00776474088,0.478688251917
0.765625000,0.328125000,1.27642511495,0.606301929601
0.781250000,0.328125000,1.57836210375,0.749721999284
0.796875000,0.328125000,1.91630338998,0.910244110243
0.812500000,0.328125000,2.29261020238,1.08898984613
0.828125000,0.328125000,2.71022785015,1.28735822882
0.843750000,0.328125000,3.17205120095,1.50672432045
0.859375000,0.328125000,3.68106298439,1.74850491759
0.875000000,0.328125000,4.24031385116,2.01414907930
0.890625000,0.328125000,,
0.906250000,0.328125000,,
0.921875000,0.328125000,,
0.937500000,0.328125000,,
0.953125000,0.328125000,,
0.968750000,0.328125000,,
0.984375000,0.328125000,,
1.000000000,0.328125000,,
-1.000000000,0.343750000,,
-0.984375000,0.343750000,,
-0.968750000,0.343750000,,
-0.953125000,0.343750000,,
-0.937500000,0.343750000,,
-0.921875000,0.343750000,,
-0.906250000,0.343750000,,
-0.890625000,0.343750000,,
-0.875000000,0.343750000,4.61164357613,2.19053069866
-0.859375000,0.343750000,4.02504979625,1.91189865322
-0.843750000,0.343750000,3.48994887325,1.65772571480
-0.828125000,0.343750000,3.00330425942,1.42656952323
-0.812500000,0.343750000,2.56213760787,1.21701536374
-0.796875000,0.343750000,2.16355035261,1.02768641749
-0.781250000,0.343750000,1.80473961138,0.857251315407
-0.765625000,0.343750000,1.48285587124,0.704356538839
-0.750000000,0.343750000,1.19563773982,0.567927926413
-0.734375000,0.343750000,0.940455442912,0.446716335383
-0.718750000,0.343750000,0.714968031408,0.339609814919
-0.703125000,0.343750000,0.516956042194,0.245554120042
-0.687500000,0.343750000,0.344320253816,0.163552120563
-0.671875000,0.343750000,0.195079283343,0.0926626595880
-0.656250000,0.343750000,0.0673663052042,0.0319989949720
-0.640625000,0.343750000,-0.0405748829348,-0.0192730693940
-0.625000000,0.343750000,-0.130394256411,-0.0619372717953
-0.609375000,0.343750000,-0.203640271719,-0.0967291290665
-0.593750000,0.343750000,-0.261764761005,-0.124338261477
-0.578125000,0.343750000,-0.306127912291,-0.145410758338
-0.562500000,0.343750000,-0.338003256043,-0.160551546620
-0.546875000,0.343750000,-0.358582592319,-0.170326731352
-0.531250000,0.343750000,-0.368980809623,-0.175265884571
-0.515625000,0.343750000,-0.370240555405,-0.175864263817
-0.500000000,0.343750000,-0.363336730094,-0.172584946795
-0.484375000,0.343750000,-0.349180781787,-0.165860871349
-0.468750000,0.343750000,-0.328624788250,-0.156096774419
-0.453125000,0.343750000,-0.302465314656,-0.143671024461
-0.437500000,0.343750000,-0.271447044100,-0.128937345947
-0.421875000,0.343750000,-0.236266177063,-0.112226434105
-0.406250000,0.343750000,-0.197573603701,-0.0938474617580
-0.390625000,0.343750000,-0.155977849972,-0.0740894787369
-0.375000000,0.343750000,-0.112047805223,-0.0532227074811
-0.359375000,0.343750000,-0.0663152381342,-0.0314997381137
-0.343750000,0.343750000,-0.0192771075899,-0.00915662610520
-0.328125000,0.343750000,0.0286023203334,0.0135861021583
-0.312500000,0.343750000,0.0768895410911,0.0365225320183
-0.296875000,0.343750000,0.125180055228,0.0594605262334
-0.281250000,0.343750000,0.173096777378,0.0822209692543
-0.265625000,0.343750000,0.220288599114,0.104637084579
-0.250000000,0.343750000,0.266429096346,0.126553820765
-0.234375000,0.343750000,0.311215371065,0.147827301256
-0.218750000,0.343750000,0.354367016860,0.168324333008
-0.203125000,0.343750000,0.395625198972,0.187921969512
-0.187500000,0.343750000,0.434751839868,0.206507123937
-0.171875000,0.343750000,0.471528900978,0.223976227965
-0.156250000,0.343750000,0.505757752919,0.240234932636
-0.140625000,0.343750000,0.537258625669,0.255197847193
-0.125000000,0.343750000,0.565870131795,0.268788312603
-0.109375000,0.343750000,0.591448855796,0.280938206503
-0.093750000,0.343750000,0.613869003614,0.291587776717
-0.078125000,0.343750000,0.633022106596,0.300685500633
-0.062500000,0.343750000,0.648816775142,0.308187968193
-0.046875000,0.343750000,0.661145954305,0.314044328295
-0.031250000,0.343750000,0.670028960429,0.318263756204
-0.015625000,0.343750000,0.675373893195,0.320802599267
0.000000000,0.343750000,0.677158057489,0.321650077307
0.015625000,0.343750000,0.675373893195,0.320802599267
0.031250000,0.343750000,0.670028960429,0.318263756204
0.046875000,0.343750000,0.661145954305,0.314044328295
0.062500000,0.343750000,0.648816775142,0.308187968193
0.078125000,0.343750000,0.633022106596,0.300685500633
0.093750000,0.343750000,0.613869003614,0.291587776717
0.109375000,0.343750000,0.591448855796,0.280938206503
0.125000000,0.343750000,0.565870131795,0.268788312603
0.140625000,0.343750000,0.537258625669,0.255197847193
0.156250000,0.343750000,0.505757752919,0.240234932636
0.171875000,0.343750000,0.471528900978,0.223976227965
0.187500000,0.343750000,0.434751839868,0.206507123937
0.203125000,0.343750000,0.395625198972,0.187921969512
0.218750000,0.343750000,0.354367016860,0.168324333008
0.234375000,0.343750000,0.311215371065,0.147827301256
0.250000000,0.343750000,0.266429096346,0.126553820765
0.265625000,0.343750000,0.220288599114,0.104637084579
0.281250000,0.343750000,0.173096777378,0.0822209692543
0.296875000,0.343750000,0.125180055228,0.0594605262334
0.312500000,0.343750000,0.0768895410911,0.0365225320183
0.328125000,0.343750000,0.0286023203334,0.0135861021583
0.343750000,0.343750000,-0.0192771075899,-0.00915662610520
0.359375000,0.343750000,-0.0663152381342,-0.0314997381137
0.375000000,0.343750000,-0.112047805223,-0.0532227074811
0.390625000,0.343750000,-0.155977849972,-0.0740894787369
0.406250000,0.343750000,-0.197573603701,-0.0938474617580
0.421875000,0.343750000,-0.236266177063,-0.112226434105
0.437500000,0.343750000,-0.271447044100,-0.128937345947
0.453125000,0.343750000,-0.302465314656,-0.143671024461
0.468750000,0.343750000,-0.328624788250,-0.156096774419
0.484375000,0.343750000,-0.349180781787,-0.165860871349
0.500000000,0.343750000,-0.363336730094,-0.172584946795
0.515625000,0.343750000,-0.370240555405,-0.175864263817
0.531250000,0.343750000,-0.368980809623,-0.175265884571
0.546875000,0.343750000,-0.358582592319,-0.170326731352
0.562500000,0.343750000,-0.338003256043,-0.160551546620
0.578125000,0.343750000,-0.306127912291,-0.145410758338
0.593750000,0.343750000,-0.261764761005,-0.124338261477
0.609375000,0.343750000,-0.203640271719,-0.0967291290665
0.625000000,0.343750000,-0.130394256411,-0.0619372717953
0.640625000,0.343750000,-0.0405748829348,-0.0192730693940
0.656250000,0.343750000,0.0673663052042,0.0319989949720
0.671875000,0.343750000,0.195079283343,0.0926626595880
0.687500000,0.343750000,0.344320253816,0.163552120563
0.703125000,0.343750000,0.516956042194,0.245554120042
0.718750000,0.343750000,0.714968031408,0.339609814919
0.734375000,0.343750000,0.940455442912,0.446716335383
0.750000000,0.343750000,1.19563773982,0.567927926413
0.765625000,0.343750000,1.48285587124,0.704356538839
0.781250000,0.343750000,1.80473961138,0.857251315407
0.796875000,0.343750000,2.16355035261,1.02768641749
0.812500000,0.343750000,2.56213760787,1.21701536374
0.828125000,0.343750000,3.00330425942,1.42656952323
0.843750000,0.343750000,3.48994887325,1.65772571480
0.859375000,0.343750000,4.02504979625,1.91189865322
0.875000000,0.343750000,4.61164357613,2.19053069866
0.890625000,0.343750000,,
0.906250000,0.343750000,,
0.921875000,0.343750000,,
0.937500000,0.343750000,,
0.953125000,0.343750000,,
0.968750000,0.343750000,,
0.984375000,0.343750000,,
1.000000000,0.343750000,,
-1.000000000,0.359375000,,
-0.984375000,0.359375000,,
-0.968750000,0.359375000,,
-0.953125000,0.359375000,,
-0.937500000,0.359375000,,
-0.921875000,0.359375000,,
-0.906250000,0.359375000,,
-0.890625000,0.359375000,,
-0.875000000,0.359375000,,
-0.859375000,0.359375000,4.38985758289,2.08518235187
-0.843750000,0.359375000,3.82734295325,1.81798790279
-0.828125000,0.359375000,3.31459154869,1.57443098563
-0.812500000,0.359375000,2.84863389045,1.35310109796
-0.796875000,0.359375000,2.42657117392,1.15262130761
-0.781250000,0.359375000,2.04559268826,0.971656526922
-0.765625000,0.359375000,1.70298836799,0.808919474796
-0.750000000,0.359375000,1.39600243286,0.663101155607
-0.734375000,0.359375000,1.12247131473,0.533173874499
-0.718750000,0.359375000,0.879857814311,0.417932461798
-0.703125000,0.359375000,0.665911924137,0.316308163965
-0.687500000,0.359375000,0.478501343292,0.227288138064
-0.671875000,0.359375000,0.315609510779,0.149914517620
-0.656250000,0.359375000,0.175332692767,0.0832830290645
-0.640625000,0.359375000,0.0558763640050,0.0265412729024
-0.625000000,0.359375000,-0.0444489200586,-0.0211132370278
-0.609375000,0.359375000,-0.127231998911,-0.0604351994825
-0.593750000,0.359375000,-0.193965800048,-0.0921337550226
-0.578125000,0.359375000,-0.246052142801,-0.116874767830
-0.562500000,0.359375000,-0.284806568407,-0.135283119993
-0.546875000,0.359375000,-0.311463127855,-0.147944985731
-0.531250000,0.359375000,-0.327179074612,-0.155410060441
-0.515625000,0.359375000,-0.333039420564,-0.158193724768
-0.500000000,0.359375000,-0.330061323897,-0.156779128851
-0.484375000,0.359375000,-0.319198285387,-0.151619185559
-0.468750000,0.359375000,-0.301344137087,-0.143138465116
-0.453125000,0.359375000,-0.277336812910,-0.131734986132
-0.437500000,0.359375000,-0.247961894374,-0.117781899828
-0.421875000,0.359375000,-0.213955930214,-0.101629066852
-0.406250000,0.359375000,-0.176009529800,-0.0836045266549
-0.390625000,0.359375000,-0.134770233913,-0.0640158611087
-0.375000000,0.359375000,-0.0908451693586,-0.0431514554453
-0.359375000,0.359375000,-0.0448034919677,-0.0212816586847
-0.343750000,0.359375000,0.00282137142817,0.00134015142838
-0.328125000,0.359375000,0.0515296749347,0.0244765955940
-0.312500000,0.359375000,0.100853488515,0.0479054070447
-0.296875000,0.359375000,0.150355006979,0.0714186283148
-0.281250000,0.359375000,0.199625021420,0.0948218851745
-0.265625000,0.359375000,0.248281543933,0.117933733368
-0.250000000,0.359375000,0.295968574107,0.140585072701
-0.234375000,0.359375000,0.342354997718,0.162618623916
-0.218750000,0.359375000,0.387133607113,0.183888463378
-0.203125000,0.359375000,0.430020234395,0.204259611338
-0.187500000,0.359375000,0.470752985997,0.223607668349
-0.171875000,0.359375000,0.509091572781,0.241818497071
-0.156250000,0.359375000,0.544816723765,0.258787943789
-0.140625000,0.359375000,0.577729678466,0.274421597271
-0.125000000,0.359375000,0.607651748148,0.288634580371
-0.109375000,0.359375000,0.634423940412,0.301351371696
-0.093750000,0.359375000,0.657906640717,0.312505654341
-0.078125000,0.359375000,0.677979344283,0.322040188534
-0.062500000,0.359375000,0.694508770937,0.329891666195
-0.046875000,0.359375000,0.707491197322,0.336058318728
-0.031250000,0.359375000,0.716806887262,0.340483271449
-0.015625000,0.359375000,0.722413298842,0.343146316950
0.000000000,0.359375000,0.724284934302,0.344035343793
0.015625000,0.359375000,0.722413298842,0.343146316950
0.031250000,0.359375000,0.716806887262,0.340483271449
0.046875000,0.359375000,0.707491197322,0.336058318728
0.062500000,0.359375000,0.694508770937,0.329891666195
0.078125000,0.359375000,0.677979344283,0.322040188534
0.093750000,0.359375000,0.657906640717,0.312505654341
0.109375000,0.359375000,0.634423940412,0.301351371696
0.125000000,0.359375000,0.607651748148,0.288634580371
0.140625000,0.359375000,0.577729678466,0.274421597271
0.156250000,0.359375000,0.544816723765,0.258787943789
0.171875000,0.359375000,0.509091572781,0.241818497071
0.187500000,0.359375000,0.470752985997,0.223607668349
0.203125000,0.359375000,0.430020234395,0.204259611338
0.218750000,0.359375000,0.387133607113,0.183888463378
0.234375000,0.359375000,0.342354997718,0.162618623916
0.250000000,0.359375000,0.295968574107,0.140585072701
0.265625000,0.359375000,0.248281543933,0.117933733368
0.281250000,0.359375000,0.199625021420,0.0948218851745
0.296875000,0.359375000,0.150355006979,0.0714186283148
0.312500000,0.359375000,0.100853488515,0.0479054070447
0.328125000,0.359375000,0.0515296749347,0.0244765955940
0.343750000,0.359375000,0.00282137142817,0.00134015142838
0.359375000,0.359375000,-0.0448034919677,-0.0212816586847
0.375000000,0.359375000,-0.0908451693586,-0.0431514554453
0.390625000,0.359375000,-0.134770233913,-0.0640158611087
0.406250000,0.359375000,-0.176009529800,-0.0836045266549
0.421875000,0.359375000,-0.213955930214,-0.101629066852
0.437500000,0.359375000,-0.247961894374,-0.117781899828
0.453125000,0.359375000,-0.277336812910,-0.131734986132
0.468750000,0.359375000,-0.301344137087,-0.143138465116
0.484375000,0.359375000,-0.319198285387,-0.151619185559
0.500000000,0.359375000,-0.330061323897,-0.156779128851
0.515625000,0.359375000,-0.333039420564,-0.158193724768
0.531250000,0.359375000,-0.327179074612,-0.155410060441
0.546875000,0.359375000,-0.311463127855,-0.147944985731
0.562500000,0.359375000,-0.284806568407,-0.135283119993
0.578125000,0.359375000,-0.246052142801,-0.116874767830
0.593750000,0.359375000,-0.193965800048,-0.0921337550226
0.609375000,0.359375000,-0.127231998911,-0.0604351994825
0.625000000,0.359375000,-0.0444489200586,-0.0211132370278
0.640625000,0.359375000,0.0558763640050,0.0265412729024
0.656250000,0.359375000,0.175332692767,0.0832830290645
0.671875000,0.359375000,0.315609510779,0.149914517620
0.687500000,0.359375000,0.478501343292,0.227288138064
0.703125000,0.359375000,0.665911924137,0.316308163965
0.718750000,0.359375000,0.879857814311,0.417932461798
0.734375000,0.359375000,1.12247131473,0.533173874499
0.750000000,0.359375000,1.39600243286,0.663101155607
0.765625000,0.359375000,1.70298836799,0.808919474796
0.781250000,0.359375000,2.04559268826,0.971656526922
0.796875000,0.359375000,2.42657117392,1.15262130761
0.812500000,0.359375000,2.84863389045,1.35310109796
0.828125000,0.359375000,3.31459154869,1.57443098563
0.843750000,0.359375000,3.82734295325,1.81798790279
0.859375000,0.359375000,4.38985758289,2.08518235187
0.875000000,0.359375000,,
0.890625000,0.359375000,,
0.906250000,0.359375000,,
0.921875000,0.359375000,,
0.937500000,0.359375000,,
0.953125000,0.359375000,,
0.968750000,0.359375000,,
0.984375000,0.359375000,,
1.000000000,0.359375000,,
-1.000000000,0.375000000,,
-0.984375000,0.375000000,,
-0.968750000,0.375000000,,
-0.953125000,0.375000000,,
-0.937500000,0.375000000,,
-0.921875000,0.375000000,,
-0.906250000,0.375000000,,
-0.890625000,0.375000000,,
-0.875000000,0.375000000,,
-0.859375000,0.375000000,4.77681637293,2.26898777714
-0.843750000,0.375000000,4.18552442159,1.98812410025
-0.828125000,0.375000000,3.64533842412,1.73153575146
-0.812500000,0.375000000,3.15330298124,1.49781891609
-0.796875000,0.375000000,2.70652312519,1.28559848447
-0.781250000,0.375000000,2.30218343063,1.09353712955
-0.765625000,0.375000000,1.93756197428,0.920341937785
-0.750000000,0.375000000,1.61004012016,0.764769057076
-0.734375000,0.375000000,1.31695197546,0.625552188345
-0.718750000,0.375000000,1.05622841562,0.501708497418
-0.703125000,0.375000000,0.825418397137,0.392073738640
-0.687500000,0.375000000,0.622356274291,0.295619230288
-0.671875000,0.375000000,0.444989736578,0.211370124875
-0.656250000,0.375000000,0.291377312923,0.138404223638
-0.640625000,0.375000000,0.159685107151,0.0758504258970
-0.625000000,0.375000000,0.0481829745948,0.0228869129325
-0.609375000,0.375000000,-0.0447596922528,-0.0212608538201
-0.593750000,0.375000000,-0.120678428843,-0.0573222537003
-0.578125000,0.375000000,-0.181018303274,-0.0859836940553
-0.562500000,0.375000000,-0.227138570580,-0.107890821025
-0.546875000,0.375000000,-0.260317304174,-0.123650719483
-0.531250000,0.375000000,-0.281755947062,-0.133834074855
-0.515625000,0.375000000,-0.292583740009,-0.138977276504
-0.500000000,0.375000000,-0.293861991393,-0.139584445912
-0.484375000,0.375000000,-0.286588164201,-0.136129377995
-0.468750000,0.375000000,-0.271699763058,-0.129057387452
-0.453125000,0.375000000,-0.250078007871,-0.118787053739
-0.437500000,0.375000000,-0.222551288401,-0.105711861990
-0.421875000,0.375000000,-0.189898395820,-0.0902017380145
-0.406250000,0.375000000,-0.152851532100,-0.0726044777475
-0.390625000,0.375000000,-0.112099099429,-0.0532470722289
-0.375000000,0.375000000,-0.0682882755584,-0.0324369308903
-0.359375000,0.375000000,-0.0220273807083,-0.0104630058365
-0.343750000,0.375000000,0.0261119552525,0.0124031787449
-0.328125000,0.375000000,0.0755928174250,0.0359065882769
-0.312500000,0.375000000,0.125911211100,0.0598078252723
-0.296875000,0.375000000,0.176594439005,0.0838823585276
-0.281250000,0.375000000,0.227199639982,0.107919828991
-0.265625000,0.375000000,0.277312477372,0.131723426752
-0.250000000,0.375000000,0.326545968258,0.155109334923
-0.234375000,0.375000000,0.374539441993,0.177906234947
-0.218750000,0.375000000,0.420957617873,0.199954868490
-0.203125000,0.375000000,0.465489793483,0.221107651904
-0.187500000,0.375000000,0.507849131658,0.241228337537
-0.171875000,0.375000000,0.547772039428,0.260191718728
-0.156250000,0.375000000,0.585017628833,0.277883373696
-0.140625000,0.375000000,0.619367251924,0.294199444664
-0.125000000,0.375000000,0.650624102327,0.309046448605
-0.109375000,0.375000000,0.678612876667,0.322341116417
-0.093750000,0.375000000,0.703179488442,0.334010257010
-0.078125000,0.375000000,0.724147238986,0.343969938518
-0.062500000,0.375000000,0.741514594420,0.352219432349
-0.046875000,0.375000000,0.755111120358,0.358677782170
-0.031250000,0.375000000,0.764870338176,0.363313410633
-0.015625000,0.375000000,0.770744822545,0.366103790709
0.000000000,0.375000000,0.772706141802,0.367035417356
0.015625000,0.375000000,0.770744822545,0.366103790709
0.031250000,0.375000000,0.764870338176,0.363313410633
0.046875000,0.375000000,0.755111120358,0.358677782170
0.062500000,0.375000000,0.741514594420,0.352219432349
0.078125000,0.375000000,0.724147238986,0.343969938518
0.093750000,0.375000000,0.703179488442,0.334010257010
0.109375000,0.375000000,0.678612876667,0.322341116417
0.125000000,0.375000000,0.650624102327,0.309046448605
0.140625000,0.375000000,0.619367251924,0.294199444664
0.156250000,0.375000000,0.585017628833,0.277883373696
0.171875000,0.375000000,0.547772039428,0.260191718728
0.187500000,0.375000000,0.507849131658,0.241228337537
0.203125000,0.375000000,0.465489793483,0.221107651904
0.218750000,0.375000000,0.420957617873,0.199954868490
0.234375000,0.375000000,0.374539441993,0.177906234947
0.250000000,0.375000000,0.326545968258,0.155109334923
0.265625000,0.375000000,0.277312477372,0.131723426752
0.281250000,0.375000000,0.227199639982,0.107919828991
0.296875000,0.375000000,0.176594439005,0.0838823585276
0.312500000,0.375000000,0.125911211100,0.0598078252723
0.328125000,0.375000000,0.0755928174250,0.0359065882769
0.343750000,0.375000000,0.0261119552525,0.0124031787449
0.359375000,0.375000000,-0.0220273807083,-0.0104630058365
0.375000000,0.375000000,-0.0682882755584,-0.0324369308903
0.390625000,0.375000000,-0.112099099429,-0.0532470722289
0.406250000,0.375000000,-0.152851532100,-0.0726044777475
0.421875000,0.375000000,-0.189898395820,-0.0902017380145
0.437500000,0.375000000,-0.222551288401,-0.105711861990
0.453125000,0.375000000,-0.250078007871,-0.118787053739
0.468750000,0.375000000,-0.271699763058,-0.129057387452
0.484375000,0.375000000,-0.286588164201,-0.136129377995
0.500000000,0.375000000,-0.293861991393,-0.139584445912
0.515625000,0.375000000,-0.292583740009,-0.138977276504
0.531250000,0.375000000,-0.281755947062,-0.133834074855
0.546875000,0.375000000,-0.260317304174,-0.123650719483
0.562500000,0.375000000,-0.227138570580,-0.107890821025
0.578125000,0.375000000,-0.181018303274,-0.0859836940553
0.593750000,0.375000000,-0.120678428843,-0.0573222537003
0.609375000,0.375000000,-0.0447596922528,-0.0212608538201
0.625000000,0.375000000,0.0481829745948,0.0228869129325
0.640625000,0.375000000,0.159685107151,0.0758504258970
0.656250000,0.375000000,0.291377312923,0.138404223638
0.671875000,0.375000000,0.444989736578,0.211370124875
0.687500000,0.375000000,0.622356274291,0.295619230288
0.703125000,0.375000000,0.825418397137,0.392073738640
0.718750000,0.375000000,1.05622841562,0.501708497418
0.734375000,0.375000000,1.31695197546,0.625552188345
0.750000000,0.375000000,1.61004012016,0.764769057076
0.765625000,0.375000000,1.93756197428,0.920341937785
0.781250000,0.375000000,2.30218343063,1.09353712955
0.796875000,0.375000000,2.70652312519,1.28559848447
0.812500000,0.375000000,3.15330298124,1.49781891609
0.828125000,0.375000000,3.64533842412,1.73153575146
0.843750000,0.375000000,4.18552442159,1.98812410025
0.859375000,0.375000000,4.77681637293,2.26898777714
0.875000000,0.375000000,,
0.890625000,0.375000000,,
0.906250000,0.375000000,,
0.921875000,0.375000000,,
0.937500000,0.375000000,,
0.953125000,0.375000000,,
0.968750000,0.375000000,,
0.984375000,0.375000000,,
1.000000000,0.375000000,,
-1.000000000,0.390625000,,
-0.984375000,0.390625000,,
-0.968750000,0.390625000,,
-0.953125000,0.390625000,,
-0.937500000,0.390625000,,
-0.921875000,0.390625000,,
-0.906250000,0.390625000,,
-0.890625000,0.390625000,,
-0.875000000,0.390625000,,
-0.859375000,0.390625000,,
-0.843750000,0.390625000,4.56586538594,2.16878605832
-0.828125000,0.390625000,3.99687537242,1.89851580190
-0.812500000,0.390625000,3.47743061032,1.65177953990
-0.796875000,0.390625000,3.00464475059,1.42720625653
-0.781250000,0.390625000,2.57570136911,1.22345815033
-0.765625000,0.390625000,2.18786949616,1.03923801068
-0.750000000,0.390625000,1.83851471267,0.873294488517
-0.734375000,0.390625000,1.52510666174,0.724425664325
-0.718750000,0.390625000,1.24522367896,0.591481247507
-0.703125000,0.390625000,0.996407915405,0.473293759817
-0.687500000,0.390625000,0.776766011429,0.368963855429
-0.671875000,0.390625000,0.584049944625,0.277423723697
-0.656250000,0.390625000,0.416279841546,0.197732924734
-0.640625000,0.390625000,0.271581526369,0.129001225025
-0.625000000,0.390625000,0.148183038570,0.0703869433209
-0.609375000,0.390625000,0.0444107149410,0.0210950895970
-0.593750000,0.390625000,-0.0413150203633,-0.0196246346726
-0.578125000,0.390625000,-0.110484036450,-0.0524799173136
-0.562500000,0.390625000,-0.164500952491,-0.0781379524332
-0.546875000,0.390625000,-0.204689593283,-0.0972275568092
-0.531250000,0.390625000,-0.232297383553,-0.110341257187
-0.515625000,0.390625000,-0.248499632255,-0.118037325321
-0.500000000,0.390625000,-0.254403672831,-0.120841744594
-0.484375000,0.390625000,-0.251052828759,-0.119250093660
-0.468750000,0.390625000,-0.239430188407,-0.113729339493
-0.453125000,0.390625000,-0.220462173370,-0.104719532351
-0.437500000,0.390625000,-0.195021892689,-0.0926353990275
-0.421875000,0.390625000,-0.163932279474,-0.0778678327503
-0.406250000,0.390625000,-0.127969009279,-0.0607852794074
-0.390625000,0.390625000,-0.0878632018884,-0.0417350208970
-0.375000000,0.390625000,-0.0443039118410,-0.0210443581245
-0.359375000,0.390625000,0.00205958631445,0.000978303499366
-0.343750000,0.390625000,0.0506157103732,0.0240424624273
-0.328125000,0.390625000,0.100788671609,0.0478746190141
-0.312500000,0.390625000,0.152036755080,0.0722174586630
-0.296875000,0.390625000,0.203850769483,0.0968291155043
-0.281250000,0.390625000,0.255752655166,0.121482511204
-0.265625000,0.390625000,0.307294241265,0.145964764601
-0.250000000,0.390625000,0.358056139492,0.170076666259
-0.234375000,0.390625000,0.407646766144,0.193632213919
-0.218750000,0.390625000,0.455701479937,0.216458202970
-0.203125000,0.390625000,0.501881827189,0.238393867915
-0.187500000,0.390625000,0.545874884359,0.259290570071
-0.171875000,0.390625000,0.587392687833,0.279011526720
-0.156250000,0.390625000,0.626171743777,0.297431578294
-0.140625000,0.390625000,0.661972607413,0.314436988521
-0.125000000,0.390625000,0.694579527416,0.329925275522
-0.109375000,0.390625000,0.723800144371,0.343805068576
-0.093750000,0.390625000,0.749465239985,0.355995988993
-0.078125000,0.390625000,0.771392211215,0.366411300327
-0.062500000,0.390625000,0.789551390780,0.375036910621
-0.046875000,0.390625000,0.803773299775,0.381792317393
-0.031250000,0.390625000,0.813984327043,0.386642555346
-0.015625000,0.390625000,0.820131942131,0.389562672512
0.000000000,0.390625000,0.822184646093,0.390537706894
0.015625000,0.390625000,0.820131942131,0.389562672512
0.031250000,0.390625000,0.813984327043,0.386642555346
0.046875000,0.390625000,0.803773299775,0.381792317393
0.062500000,0.390625000,0.789551390780,0.375036910621
0.078125000,0.390625000,0.771392211215,0.366411300327
0.093750000,0.390625000,0.749465239985,0.355995988993
0.109375000,0.390625000,0.723800144371,0.343805068576
0.125000000,0.390625000,0.694579527416,0.329925275522
0.140625000,0.390625000,0.661972607413,0.314436988521
0.156250000,0.390625000,0.626171743777,0.297431578294
0.171875000,0.390625000,0.587392687833,0.279011526720
0.187500000,0.390625000,0.545874884359,0.259290570071
0.203125000,0.390625000,0.501881827189,0.238393867915
0.218750000,0.390625000,0.455701479937,0.216458202970
0.234375000,0.390625000,0.407646766144,0.193632213919
0.250000000,0.390625000,0.358056139492,0.170076666259
0.265625000,0.390625000,0.307294241265,0.145964764601
0.281250000,0.390625000,0.255752655166,0.121482511204
0.296875000,0.390625000,0.203850769483,0.0968291155043
0.312500000,0.390625000,0.152036755080,0.0722174586630
0.328125000,0.390625000,0.100788671609,0.0478746190141
0.343750000,0.390625000,0.0506157103732,0.0240424624273
0.359375000,0.390625000,0.00205958631445,0.000978303499366
0.375000000,0.390625000,-0.0443039118410,-0.0210443581245
0.390625000,0.390625000,-0.0878632018884,-0.0417350208970
0.406250000,0.390625000,-0.127969009279,-0.0607852794074
0.421875000,0.390625000,-0.163932279474,-0.0778678327503
0.437500000,0.390625000,-0.195021892689,-0.0926353990275
0.453125000,0.390625000,-0.220462173370,-0.104719532351
0.468750000,0.390625000,-0.239430188407,-0.113729339493
0.484375000,0.390625000,-0.251052828759,-0.119250093660
0.500000000,0.390625000,-0.254403672831,-0.120841744594
0.515625000,0.390625000,-0.248499632255,-0.118037325321
0.531250000,0.390625000,-0.232297383553,-0.110341257187
0.546875000,0.390625000,-0.204689593283,-0.0972275568092
0.562500000,0.390625000,-0.164500952491,-0.0781379524332
0.578125000,0.390625000,-0.110484036450,-0.0524799173136
0.593750000,0.390625000,-0.0413150203633,-0.0196246346726
0.609375000,0.390625000,0.0444107149410,0.0210950895970
0.625000000,0.390625000,0.148183038570,0.0703869433209
0.640625000,0.390625000,0.271581526369,0.129001225025
0.656250000,0.390625000,0.416279841546,0.197732924734
0.671875000,0.390625000,0.584049944625,0.277423723697
0.687500000,0.390625000,0.776766011429,0.368963855429
0.703125000,0.390625000,0.996407915405,0.473293759817
0.718750000,0.390625000,1.24522367896,0.591481247507
0.734375000,0.390625000,1.52510666174,0.724425664325
0.750000000,0.390625000,1.83851471267,0.873294488517
0.765625000,0.390625000,2.18786949616,1.03923801068
0.781250000,0.390625000,2.57570136911,1.22345815033
0.796875000,0.390625000,3.00464475059,1.42720625653
0.812500000,0.390625000,3.47743061032,1.65177953990
0.828125000,0.390625000,3.99687537242,1.89851580190
0.843750000,0.390625000,4.56586538594,2.16878605832
0.859375000,0.390625000,,
0.875000000,0.390625000,,
0.890625000,0.390625000,,
0.906250000,0.390625000,,
0.921875000,0.390625000,,
0.937500000,0.390625000,,
0.953125000,0.390625000,,
0.968750000,0.390625000,,
0.984375000,0.390625000,,
1.000000000,0.390625000,,
-1.000000000,0.406250000,,
-0.984375000,0.406250000,,
-0.968750000,0.406250000,,
-0.953125000,0.406250000,,
-0.937500000,0.406250000,,
-0.921875000,0.406250000,,
-0.906250000,0.406250000,,
-0.890625000,0.406250000,,
-0.875000000,0.406250000,,
-0.859375000,0.406250000,,
-0.843750000,0.406250000,4.96982015364,2.36066457298
-0.828125000,0.406250000,4.37061633548,2.07604275935
-0.812500000,0.406250000,3.82238648868,1.81563358212
-0.796875000,0.406250000,3.32225847250,1.57807277444
-0.781250000,0.406250000,2.86741926935,1.36202415294
-0.765625000,0.406250000,2.45513226422,1.16618782550
-0.750000000,0.406250000,2.08274980229,0.989306156087
-0.734375000,0.406250000,1.74772192548,0.830167914601
-0.718750000,0.406250000,1.44760203072,0.687610964593
-0.703125000,0.406250000,1.18005006248,0.560523779680
-0.687500000,0.406250000,0.942683187686,0.447774514151
-0.671875000,0.406250000,0.733689032123,0.348502290258
-0.656250000,0.406250000,0.550885972555,0.261670836964
-0.640625000,0.406250000,0.392358809197,0.186370434369
-0.625000000,0.406250000,0.256292791405,0.121739075917
-0.609375000,0.406250000,0.140970029629,0.0669607640739
-0.593750000,0.406250000,0.0447655741238,0.0212636477088
-0.578125000,0.406250000,-0.0338567149970,-0.0160819396236
-0.562500000,0.406250000,-0.0963484029187,-0.0457654913864
-0.546875000,0.406250000,-0.144080739658,-0.0684383513376
-0.531250000,0.406250000,-0.178348878135,-0.0847157171139
-0.515625000,0.406250000,-0.200375999982,-0.0951785999914
-0.500000000,0.406250000,-0.211317310393,-0.100375722436
-0.484375000,0.406250000,-0.212263871093,-0.100825338769
-0.468750000,0.406250000,-0.204246251180,-0.0970169693105
-0.453125000,0.406250000,-0.188237979497,-0.0894130402612
-0.437500000,0.406250000,-0.165158790877,-0.0784504256664
-0.421875000,0.406250000,-0.135877658757,-0.0645418879094
-0.406250000,0.406250000,-0.101215615185,-0.0480774172131
-0.390625000,0.406250000,-0.0619483584706,-0.0294254702735
-0.375000000,0.406250000,-0.0188086527377,-0.00893411005042
-0.359375000,0.406250000,0.0275114738842,0.0130679500950
-0.343750000,0.406250000,0.0763587267868,0.0362703952238
-0.328125000,0.406250000,0.127116727216,0.0603804454277
-0.312500000,0.406250000,0.179204371822,0.0851220766152
-0.296875000,0.406250000,0.232074359155,0.110235320599
-0.281250000,0.406250000,0.285211871799,0.135475639105
-0.265625000,0.406250000,0.338133404219,0.160613367004
-0.250000000,0.406250000,0.390385726246,0.185433219967
-0.234375000,0.406250000,0.441544970039,0.209733860768
-0.218750000,0.406250000,0.491215831549,0.233327519986
-0.203125000,0.406250000,0.539030876267,0.256039666227
-0.187500000,0.406250000,0.584649937908,0.277708720506
-0.171875000,0.406250000,0.627759603010,0.298185811430
-0.156250000,0.406250000,0.668072770594,0.317334566032
-0.140625000,0.406250000,0.705328279289,0.335030932662
-0.125000000,0.406250000,0.739290594256,0.351163032271
-0.109375000,0.406250000,0.769749546178,0.365631034434
-0.093750000,0.406250000,0.796520116131,0.378347055162
-0.078125000,0.406250000,0.819405900699,0.389217802832
-0.062500000,0.406250000,0.838365705183,0.398223709962
-0.046875000,0.406250000,0.853220261920,0.405279624412
-0.031250000,0.406250000,0.863888512879,0.410347043618
-0.015625000,0.406250000,0.870312597475,0.413398483801
0.000000000,0.406250000,0.872457813916,0.414417461610
0.015625000,0.406250000,0.870312597475,0.413398483801
0.031250000,0.406250000,0.863888512879,0.410347043618
0.046875000,0.406250000,0.853220261920,0.405279624412
0.062500000,0.406250000,0.838365705183,0.398223709962
0.078125000,0.406250000,0.819405900699,0.389217802832
0.093750000,0.406250000,0.796520116131,0.378347055162
0.109375000,0.406250000,0.769749546178,0.365631034434
0.125000000,0.406250000,0.739290594256,0.351163032271
0.140625000,0.406250000,0.705328279289,0.335030932662
0.156250000,0.406250000,0.668072770594,0.317334566032
0.171875000,0.406250000,0.627759603010,0.298185811430
0.187500000,0.406250000,0.584649937908,0.277708720506
0.203125000,0.406250000,0.539030876267,0.256039666227
0.218750000,0.406250000,0.491215831549,0.233327519986
0.234375000,0.406250000,0.441544970039,0.209733860768
0.250000000,0.406250000,0.390385726246,0.185433219967
0.265625000,0.406250000,0.338133404219,0.160613367004
0.281250000,0.406250000,0.285211871799,0.135475639105
0.296875000,0.406250000,0.232074359155,0.110235320599
0.312500000,0.406250000,0.179204371822,0.0851220766152
0.328125000,0.406250000,0.127116727216,0.0603804454277
0.343750000,0.406250000,0.0763587267868,0.0362703952238
0.359375000,0.406250000,0.0275114738842,0.0130679500950
0.375000000,0.406250000,-0.0188086527377,-0.00893411005042
0.390625000,0.406250000,-0.0619483584706,-0.0294254702735
0.406250000,0.406250000,-0.101215615185,-0.0480774172131
0.421875000,0.406250000,-0.135877658757,-0.0645418879094
0.437500000,0.406250000,-0.165158790877,-0.0784504256664
0.453125000,0.406250000,-0.188237979497,-0.0894130402612
0.468750000,0.406250000,-0.204246251180,-0.0970169693105
0.484375000,0.406250000,-0.212263871093,-0.100825338769
0.500000000,0.406250000,-0.211317310393,-0.100375722436
0.515625000,0.406250000,-0.200375999982,-0.0951785999914
0.531250000,0.406250000,-0.178348878135,-0.0847157171139
0.546875000,0.406250000,-0.144080739658,-0.0684383513376
0.562500000,0.406250000,-0.0963484029187,-0.0457654913864
0.578125000,0.406250000,-0.0338567149970,-0.0160819396236
0.593750000,0.406250000,0.0447655741238,0.0212636477088
0.609375000,0.406250000,0.140970029629,0.0669607640739
0.625000000,0.406250000,0.256292791405,0.121739075917
0.640625000,0.406250000,0.392358809197,0.186370434369
0.656250000,0.406250000,0.550885972555,0.261670836964
0.671875000,0.406250000,0.733689032123,0.348502290258
0.687500000,0.406250000,0.942683187686,0.447774514151
0.703125000,0.406250000,1.18005006248,0.560523779680
0.718750000,0.406250000,1.44760203072,0.687610964593
0.734375000,0.406250000,1.74772192548,0.830167914601
0.750000000,0.406250000,2.08274980229,0.989306156087
0.765625000,0.406250000,2.45513226422,1.16618782550
0.781250000,0.406250000,2.86741926935,1.36202415294
0.796875000,0.406250000,3.32225847250,1.57807277444
0.812500000,0.406250000,3.82238648868,1.81563358212
0.828125000,0.406250000,4.37061633548,2.07604275935
0.843750000,0.406250000,4.96982015364,2.36066457298
0.859375000,0.406250000,,
0.875000000,0.406250000,,
0.890625000,0.406250000,,
0.906250000,0.406250000,,
0.921875000,0.406250000,,
0.937500000,0.406250000,,
0.953125000,0.406250000,,
0.968750000,0.406250000,,
0.984375000,0.406250000,,
1.000000000,0.406250000,,
-1.000000000,0.421875000,,
-0.984375000,0.421875000,,
-0.968750000,0.421875000,,
-0.953125000,0.421875000,,
-0.937500000,0.421875000,,
-0.921875000,0.421875000,,
-0.906250000,0.421875000,,
-0.890625000,0.421875000,,
-0.875000000,0.421875000,,
-0.859375000,0.421875000,,
-0.843750000,0.421875000,,
-0.828125000,0.421875000,4.76805986281,2.26482843484
-0.812500000,0.421875000,4.18962608021,1.99007238810
-0.796875000,0.421875000,3.66077288719,1.73886712141
-0.781250000,0.421875000,3.17869586822,1.50988053740
-0.765625000,0.421875000,2.74065684009,1.30181199904
-0.750000000,0.421875000,2.34399803919,1.11339906861
-0.734375000,0.421875000,1.98615222498,0.943422306864
-0.718750000,0.421875000,1.66464948630,0.790708505993
-0.703125000,0.421875000,1.37712140109,0.654132665518
-0.687500000,0.421875000,1.12130308751,0.532618966568
-0.671875000,0.421875000,0.894879012002,0.425067530701
-0.656250000,0.421875000,0.696111673055,0.330653044701
-0.640625000,0.421875000,0.522877435810,0.248366782010
-0.625000000,0.421875000,0.373317950895,0.177326026675
-0.609375000,0.421875000,0.245670074793,0.116693285527
-0.593750000,0.421875000,0.138262270249,0.0656745783680
-0.578125000,0.421875000,0.0495107588253,0.0235176104420
-0.562500000,0.421875000,-0.0220844677500,-0.0104901221813
-0.546875000,0.421875000,-0.0779436870400,-0.0370232513440
-0.531250000,0.421875000,-0.119411468231,-0.0567204474095
-0.515625000,0.421875000,-0.147760621575,-0.0701862952479
-0.500000000,0.421875000,-0.164196032292,-0.0779931153385
-0.484375000,0.421875000,-0.169858347124,-0.0806827148838
-0.468750000,0.421875000,-0.165827488598,-0.0787680570838
-0.453125000,0.421875000,-0.153125981670,-0.0727348412931
-0.437500000,0.421875000,-0.132722080247,-0.0630429881173
-0.421875000,0.421875000,-0.105532688337,-0.0501280269603
-0.406250000,0.421875000,-0.0724260733471,-0.0344023848399
-0.390625000,0.421875000,-0.0342243721583,-0.0162565767752
-0.375000000,0.421875000,0.00829410662498,0.00393970064687
-0.359375000,0.421875000,0.0543927783645,0.0258365697231
-0.343750000,0.421875000,0.103374869420,0.0491030629743
-0.328125000,0.421875000,0.154581686924,0.0734263012888
-0.312500000,0.421875000,0.207391062154,0.0985107545234
-0.296875000,0.421875000,0.261215957437,0.124077579782
-0.281250000,0.421875000,0.315503226745,0.149864032704
-0.265625000,0.421875000,0.369732518937,0.175622946495
-0.250000000,0.421875000,0.423415312911,0.201122273633
-0.234375000,0.421875000,0.476094074042,0.226144685170
-0.218750000,0.421875000,0.527341522062,0.250487222979
-0.203125000,0.421875000,0.576759999404,0.273960999717
-0.187500000,0.421875000,0.623980929947,0.296390941725
-0.171875000,0.421875000,0.668664359652,0.317615570835
-0.156250000,0.421875000,0.710498569218,0.337486820378
-0.140625000,0.421875000,0.749199750181,0.355869881336
-0.125000000,0.421875000,0.784511737320,0.372643075227
-0.109375000,0.421875000,0.816205788841,0.387697749700
-0.093750000,0.421875000,0.844080408872,0.400938194214
-0.078125000,0.421875000,0.867917389037,0.412260759792
-0.062500000,0.421875000,0.887680870373,0.421648413427
-0.046875000,0.421875000,0.903170872974,0.429006164662
-0.031250000,0.421875000,0.914298573986,0.434291822643
-0.015625000,0.421875000,0.921000554894,0.437475263574
0.000000000,0.421875000,0.923238774741,0.438538418002
0.015625000,0.421875000,0.921000554894,0.437475263574
0.031250000,0.421875000,0.914298573986,0.434291822643
0.046875000,0.421875000,0.903170872974,0.429006164662
0.062500000,0.421875000,0.887680870373,0.421648413427
0.078125000,0.421875000,0.867917389037,0.412260759792
0.093750000,0.421875000,0.844080408872,0.400938194214
0.109375000,0.421875000,0.816205788841,0.387697749700
0.125000000,0.421875000,0.784511737320,0.372643075227
0.140625000,0.421875000,0.749199750181,0.355869881336
0.156250000,0.421875000,0.710498569218,0.337486820378
0.171875000,0.421875000,0.668664359652,0.317615570835
0.187500000,0.421875000,0.623980929947,0.296390941725
0.203125000,0.421875000,0.576759999404,0.273960999717
0.218750000,0.421875000,0.527341522062,0.250487222979
0.234375000,0.421875000,0.476094074042,0.226144685170
0.250000000,0.421875000,0.423415312911,0.201122273633
0.265625000,0.421875000,0.369732518937,0.175622946495
0.281250000,0.421875000,0.315503226745,0.149864032704
0.296875000,0.421875000,0.261215957437,0.124077579782
0.312500000,0.421875000,0.207391062154,0.0985107545234
0.328125000,0.421875000,0.154581686924,0.0734263012888
0.343750000,0.421875000,0.103374869420,0.0491030629743
0.359375000,0.421875000,0.0543927783645,0.0258365697231
0.375000000,0.421875000,0.00829410662498,0.00393970064687
0.390625000,0.421875000,-0.0342243721583,-0.0162565767752
0.406250000,0.421875000,-0.0724260733471,-0.0344023848399
0.421875000,0.421875000,-0.105532688337,-0.0501280269603
0.437500000,0.421875000,-0.132722080247,-0.0630429881173
0.453125000,0.421875000,-0.153125981670,-0.0727348412931
0.468750000,0.421875000,-0.165827488598,-0.0787680570838
0.484375000,0.421875000,-0.169858347124,-0.0806827148838
0.500000000,0.421875000,-0.164196032292,-0.0779931153385
0.515625000,0.421875000,-0.147760621575,-0.0701862952479
0.531250000,0.421875000,-0.119411468231,-0.0567204474095
0.546875000,0.421875000,-0.0779436870400,-0.0370232513440
0.562500000,0.421875000,-0.0220844677500,-0.0104901221813
0.578125000,0.421875000,0.0495107588253,0.0235176104420
0.593750000,0.421875000,0.138262270249,0.0656745783680
0.609375000,0.421875000,0.245670074793,0.116693285527
0.625000000,0.421875000,0.373317950895,0.177326026675
0.640625000,0.421875000,0.522877435810,0.248366782010
0.656250000,0.421875000,0.696111673055,0.330653044701
0.671875000,0.421875000,0.894879012002,0.425067530701
0.687500000,0.421875000,1.12130308751,0.532618966568
0.703125000,0.421875000,1.37712140109,0.654132665518
0.718750000,0.421875000,1.66464948630,0.790708505993
0.734375000,0.421875000,1.98615222498,0.943422306864
0.750000000,0.421875000,2.34399803919,1.11339906861
0.765625000,0.421875000,2.74065684009,1.30181199904
0.781250000,0.421875000,3.17869586822,1.50988053740
0.796875000,0.421875000,3.66077288719,1.73886712141
0.812500000,0.421875000,4.18962608021,1.99007238810
0.828125000,0.421875000,4.76805986281,2.26482843484
0.843750000,0.421875000,,
0.859375000,0.421875000,,
0.875000000,0.421875000,,
0.890625000,0.421875000,,
0.906250000,0.421875000,,
0.921875000,0.421875000,,
0.937500000,0.421875000,,
0.953125000,0.421875000,,
0.968750000,0.421875000,,
0.984375000,0.421875000,,
1.000000000,0.421875000,,
-1.000000000,0.437500000,,
-0.984375000,0.437500000,,
-0.968750000,0.437500000,,
-0.953125000,0.437500000,,
-0.937500000,0.437500000,,
-0.921875000,0.437500000,,
-0.906250000,0.437500000,,
-0.890625000,0.437500000,,
-0.875000000,0.437500000,,
-0.859375000,0.437500000,,
-0.843750000,0.437500000,,
-0.828125000,0.437500000,,
-0.812500000,0.437500000,4.58069183354,2.17582862093
-0.796875000,0.437500000,4.02168463776,1.91030020294
-0.781250000,0.437500000,3.51097829087,1.66771468816
-0.765625000,0.437500000,3.04583789326,1.44677299930
-0.750000000,0.437500000,2.62359936515,1.24620969844
-0.734375000,0.437500000,2.24168107393,1.06479851012
-0.718750000,0.437500000,1.89759192232,0.901356163101
-0.703125000,0.437500000,1.58893658911,0.754744879828
-0.687500000,0.437500000,1.31341849345,0.623873784389
-0.671875000,0.437500000,1.06884095460,0.507699453435
-0.656250000,0.437500000,0.853106935530,0.405225794377
-0.640625000,0.437500000,0.664069699051,0.315433107049
-0.625000000,0.437500000,0.500132993883,0.237563172094
-0.609375000,0.437500000,0.359328267043,0.170680926845
-0.593750000,0.437500000,0.239936325368,0.113969754550
-0.578125000,0.437500000,0.140324506835,0.0666541407465
-0.562500000,0.437500000,0.0589429681773,0.0279979098842
-0.546875000,0.437500000,-0.00567910958726,-0.00269757705395
-0.531250000,0.437500000,-0.0549373255871,-0.0260952296539
-0.515625000,0.437500000,-0.0901558121664,-0.0428240107791
-0.500000000,0.437500000,-0.112590891570,-0.0534806734957
-0.484375000,0.437500000,-0.123434599756,-0.0586314348839
-0.468750000,0.437500000,-0.123818051855,-0.0588135746312
-0.453125000,0.437500000,-0.114814629441,-0.0545369489846
-0.437500000,0.437500000,-0.0974429783273,-0.0462854147055
-0.421875000,0.437500000,-0.0726698074828,-0.0345181585543
-0.406250000,0.437500000,-0.0414124871590,-0.0196709314005
-0.390625000,0.437500000,-0.00454144545685,-0.00215718659200
-0.375000000,0.437500000,0.0371176339632,0.0176308761325
-0.359375000,0.437500000,0.0827818077123,0.0393213586634
-0.343750000,0.437500000,0.131709055774,0.0625618014926
-0.328125000,0.437500000,0.183196643725,0.0870184057693
-0.312500000,0.437500000,0.236579655083,0.112375336165
-0.296875000,0.437500000,0.291229683964,0.138334099883
-0.281250000,0.437500000,0.346553678014,0.164612997057
-0.265625000,0.437500000,0.401992920604,0.190946637287
-0.250000000,0.437500000,0.457022142123,0.217085517508
-0.234375000,0.437500000,0.511148749313,0.242795655924
-0.218750000,0.437500000,0.563912162602,0.267858277236
-0.203125000,0.437500000,0.614883249978,0.292069543740
-0.187500000,0.437500000,0.663663848710,0.315240328137
-0.171875000,0.437500000,0.709886364533,0.337196023153
-0.156250000,0.437500000,0.753213439472,0.357776383749
-0.140625000,0.437500000,0.793337679504,0.376835397764
-0.125000000,0.437500000,0.829981433874,0.394241181090
-0.109375000,0.437500000,0.862896618728,0.409875893896
-0.093750000,0.437500000,0.891864578125,0.423635674609
-0.078125000,0.437500000,0.916695976619,0.435430588894
-0.062500000,0.437500000,0.937198965252,0.445169508495
-0.046875000,0.437500000,0.953322276464,0.452828081321
-0.031250000,0.437500000,0.964908130981,0.458331362216
-0.015625000,0.437500000,0.971887322302,0.461646478093
0.000000000,0.437500000,0.974218332304,0.462753707845
0.015625000,0.437500000,0.971887322302,0.461646478093
0.031250000,0.437500000,0.964908130981,0.458331362216
0.046875000,0.437500000,0.953322276464,0.452828081321
0.062500000,0.437500000,0.937198965252,0.445169508495
0.078125000,0.437500000,0.916695976619,0.435430588894
0.093750000,0.437500000,0.891864578125,0.423635674609
0.109375000,0.437500000,0.862896618728,0.409875893896
0.125000000,0.437500000,0.829981433874,0.394241181090
0.140625000,0.437500000,0.793337679504,0.376835397764
0.156250000,0.437500000,0.753213439472,0.357776383749
0.171875000,0.437500000,0.709886364533,0.337196023153
0.187500000,0.437500000,0.663663848710,0.315240328137
0.203125000,0.437500000,0.614883249978,0.292069543740
0.218750000,0.437500000,0.563912162602,0.267858277236
0.234375000,0.437500000,0.511148749313,0.242795655924
0.250000000,0.437500000,0.457022142123,0.217085517508
0.265625000,0.437500000,0.401992920604,0.190946637287
0.281250000,0.437500000,0.346553678014,0.164612997057
0.296875000,0.437500000,0.291229683964,0.138334099883
0.312500000,0.437500000,0.236579655083,0.112375336165
0.328125000,0.437500000,0.183196643725,0.0870184057693
0.343750000,0.437500000,0.131709055774,0.0625618014926
0.359375000,0.437500000,0.0827818077123,0.0393213586634
0.375000000,0.437500000,0.0371176339632,0.0176308761325
0.390625000,0.437500000,-0.00454144545685,-0.00215718659200
0.406250000,0.437500000,-0.0414124871590,-0.0196709314005
0.421875000,0.437500000,-0.0726698074828,-0.0345181585543
0.437500000,0.437500000,-0.0974429783273,-0.0462854147055
0.453125000,0.437500000,-0.114814629441,-0.0545369489846
0.468750000,0.437500000,-0.123818051855,-0.0588135746312
0.484375000,0.437500000,-0.123434599756,-0.0586314348839
0.500000000,0.437500000,-0.112590891570,-0.0534806734957
0.515625000,0.437500000,-0.0901558121664,-0.0428240107791
0.531250000,0.437500000,-0.0549373255871,-0.0260952296539
0.546875000,0.437500000,-0.00567910958726,-0.00269757705395
0.562500000,0.437500000,0.0589429681773,0.0279979098842
0.578125000,0.437500000,0.140324506835,0.0666541407465
0.593750000,0.437500000,0.239936325368,0.113969754550
0.609375000,0.437500000,0.359328267043,0.170680926845
0.625000000,0.437500000,0.500132993883,0.237563172094
0.640625000,0.437500000,0.664069699051,0.315433107049
0.656250000,0.437500000,0.853106935530,0.405225794377
0.671875000,0.437500000,1.06884095460,0.507699453435
0.687500000,0.437500000,1.31341849345,0.623873784389
0.703125000,0.437500000,1.58893658911,0.754744879828
0.718750000,0.437500000,1.89759192232,0.901356163101
0.734375000,0.437500000,2.24168107393,1.06479851012
0.750000000,0.437500000,2.62359936515,1.24620969844
0.765625000,0.437500000,3.04583789326,1.44677299930
0.781250000,0.437500000,3.51097829087,1.66771468816
0.796875000,0.437500000,4.02168463776,1.91030020294
0.812500000,0.437500000,4.58069183354,2.17582862093
0.828125000,0.437500000,,
0.843750000,0.437500000,,
0.859375000,0.437500000,,
0.875000000,0.437500000,,
0.890625000,0.437500000,,
0.906250000,0.437500000,,
0.921875000,0.437500000,,
0.937500000,0.437500000,,
0.953125000,0.437500000,,
0.968750000,0.437500000,,
0.984375000,0.437500000,,
1.000000000,0.437500000,,
-1.000000000,0.453125000,,
-0.984375000,0.453125000,,
-0.968750000,0.453125000,,
-0.953125000,0.453125000,,
-0.937500000,0.453125000,,
-0.921875000,0.453125000,,
-0.906250000,0.453125000,,
-0.890625000,0.453125000,,
-0.875000000,0.453125000,,
-0.859375000,0.453125000,,
-0.843750000,0.453125000,,
-0.828125000,0.453125000,,
-0.812500000,0.453125000,4.99721371589,2.37367651505
-0.796875000,0.453125000,4.40657972550,2.09312536961
-0.781250000,0.453125000,3.86580402799,1.83625691329
-0.765625000,0.453125000,3.37216074698,1.60177635482
-0.750000000,0.453125000,2.92298404211,1.38841742000
-0.734375000,0.453125000,2.51568143603,1.19494868212
-0.718750000,0.453125000,2.14774333362,1.02017808347
-0.703125000,0.453125000,1.81674946964,0.862955998081
-0.687500000,0.453125000,1.52037289438,0.722177124832
-0.671875000,0.453125000,1.25638199920,0.596781449619
-0.656250000,0.453125000,1.02264099787,0.485754473989
-0.640625000,0.453125000,0.817109204692,0.388126872229
-0.625000000,0.453125000,0.637685971374,0.302900836403
-0.609375000,0.453125000,0.482832485587,0.229345430654
-0.593750000,0.453125000,0.350616237114,0.166542712629
-0.578125000,0.453125000,0.239354583048,0.113693426948
-0.562500000,0.453125000,0.147446580202,0.0700371255961
-0.546875000,0.453125000,0.0733694624833,0.0348504946796
-0.531250000,0.453125000,0.0156750796697,0.00744566284313
-0.515625000,0.453125000,-0.0270136383070,-0.0128314781958
-0.500000000,0.453125000,-0.0560061411996,-0.0266029170698
-0.484375000,0.453125000,-0.0725476034540,-0.0344601116407
-0.468750000,0.453125000,-0.0778221252601,-0.0369655094985
-0.453125000,0.453125000,-0.0729557681872,-0.0346539898889
-0.437500000,0.453125000,-0.0590194116457,-0.0280342205317
-0.421875000,0.453125000,-0.0370314190360,-0.0175899240421
-0.406250000,0.453125000,-0.00796011173272,-0.00378105307304
-0.390625000,0.453125000,0.0272739531435,0.0129551277431
-0.375000000,0.453125000,0.0677958969073,0.0322030510310
-0.359375000,0.453125000,0.112774622612,0.0535679457409
-0.343750000,0.453125000,0.161421100756,0.0766750228593
-0.328125000,0.453125000,0.212986829820,0.101168744164
-0.312500000,0.453125000,0.266762463413,0.126712170121
-0.296875000,0.453125000,0.322076593022,0.152986381685
-0.281250000,0.453125000,0.378294678519,0.179689972297
-0.265625000,0.453125000,0.434818113723,0.206538604018
-0.250000000,0.453125000,0.491083417624,0.233264623371
-0.234375000,0.453125000,0.546561540318,0.259616731651
-0.218750000,0.453125000,0.600757272667,0.285359704517
-0.203125000,0.453125000,0.653208750245,0.310274156366
-0.187500000,0.453125000,0.703487039420,0.334156343725
-0.171875000,0.453125000,0.751195799257,0.356818004647
-0.156250000,0.453125000,0.795971005923,0.378086227814
-0.140625000,0.453125000,0.837480734333,0.397803348808
-0.125000000,0.453125000,0.875424986727,0.415826868695
-0.109375000,0.453125000,0.909535561437,0.432029391683
-0.093750000,0.453125000,0.939575954362,0.446298578322
-0.078125000,0.453125000,0.965341287764,0.458537111688
-0.062500000,0.453125000,0.986658259472,0.468662673249
-0.046875000,0.453125000,1.00335243369,0.476592406004
-0.031250000,0.453125000,1.01539127240,0.482310854389
-0.015625000,0.453125000,1.02275895728,0.485810504710
0.000000000,0.453125000,1.02518157077,0.486961246117
0.015625000,0.453125000,1.02275895728,0.485810504710
0.031250000,0.453125000,1.01539127240,0.482310854389
0.046875000,0.453125000,1.00335243369,0.476592406004
0.062500000,0.453125000,0.986658259472,0.468662673249
0.078125000,0.453125000,0.965341287764,0.458537111688
0.093750000,0.453125000,0.939575954362,0.446298578322
0.109375000,0.453125000,0.909535561437,0.432029391683
0.125000000,0.453125000,0.875424986727,0.415826868695
0.140625000,0.453125000,0.837480734333,0.397803348808
0.156250000,0.453125000,0.795971005923,0.378086227814
0.171875000,0.453125000,0.751195799257,0.356818004647
0.187500000,0.453125000,0.703487039420,0.334156343725
0.203125000,0.453125000,0.653208750245,0.310274156366
0.218750000,0.453125000,0.600757272667,0.285359704517
0.234375000,0.453125000,0.546561540318,0.259616731651
0.250000000,0.453125000,0.491083417624,0.233264623371
0.265625000,0.453125000,0.434818113723,0.206538604018
0.281250000,0.453125000,0.378294678519,0.179689972297
0.296875000,0.453125000,0.322076593022,0.152986381685
0.312500000,0.453125000,0.266762463413,0.126712170121
0.328125000,0.453125000,0.212986829820,0.101168744164
0.343750000,0.453125000,0.161421100756,0.0766750228593
0.359375000,0.453125000,0.112774622612,0.0535679457409
0.375000000,0.453125000,0.0677958969073,0.0322030510310
0.390625000,0.453125000,0.0272739531435,0.0129551277431
0.406250000,0.453125000,-0.00796011173272,-0.00378105307304
0.421875000,0.453125000,-0.0370314190360,-0.0175899240421
0.437500000,0.453125000,-0.0590194116457,-0.0280342205317
0.453125000,0.453125000,-0.0729557681872,-0.0346539898889
0.468750000,0.453125000,-0.0778221252601,-0.0369655094985
0.484375000,0.453125000,-0.0725476034540,-0.0344601116407
0.500000000,0.453125000,-0.0560061411996,-0.0266029170698
0.515625000,0.453125000,-0.0270136383070,-0.0128314781958
0.531250000,0.453125000,0.0156750796697,0.00744566284313
0.546875000,0.453125000,0.0733694624833,0.0348504946796
0.562500000,0.453125000,0.147446580202,0.0700371255961
0.578125000,0.453125000,0.239354583048,0.113693426948
0.593750000,0.453125000,0.350616237114,0.166542712629
0.609375000,0.453125000,0.482832485587,0.229345430654
0.625000000,0.453125000,0.637685971374,0.302900836403
0.640625000,0.453125000,0.817109204692,0.388126872229
0.656250000,0.453125000,1.02264099787,0.485754473989
0.671875000,0.453125000,1.25638199920,0.596781449619
0.687500000,0.453125000,1.52037289438,0.722177124832
0.703125000,0.453125000,1.81674946964,0.862955998081
0.718750000,0.453125000,2.14774333362,1.02017808347
0.734375000,0.453125000,2.51568143603,1.19494868212
0.750000000,0.453125000,2.92298404211,1.38841742000
0.765625000,0.453125000,3.37216074698,1.60177635482
0.781250000,0.453125000,3.86580402799,1.83625691329
0.796875000,0.453125000,4.40657972550,2.09312536961
0.812500000,0.453125000,4.99721371589,2.37367651505
0.828125000,0.453125000,,
0.843750000,0.453125000,,
0.859375000,0.453125000,,
0.875000000,0.453125000,,
0.890625000,0.453125000,,
0.906250000,0.453125000,,
0.921875000,0.453125000,,
0.937500000,0.453125000,,
0.953125000,0.453125000,,
0.968750000,0.453125000,,
0.984375000,0.453125000,,
1.000000000,0.453125000,,
-1.000000000,0.468750000,,
-0.984375000,0.468750000,,
-0.968750000,0.468750000,,
-0.953125000,0.468750000,,
-0.937500000,0.468750000,,
-0.921875000,0.468750000,,
-0.906250000,0.468750000,,
-0.890625000,0.468750000,,
-0.875000000,0.468750000,,
-0.859375000,0.468750000,,
-0.843750000,0.468750000,,
-0.828125000,0.468750000,,
-0.812500000,0.468750000,,
-0.796875000,0.468750000,4.81713408778,2.28813869170
-0.781250000,0.468750000,4.24480232239,2.01628110314
-0.765625000,0.468750000,3.72120346005,1.76757164352
-0.750000000,0.468750000,3.24367533013,1.54074578181
-0.734375000,0.468750000,2.80961891231,1.33456898335
-0.718750000,0.468750000,2.41650945281,1.14784199009
-0.703125000,0.468750000,2.06190426043,0.979404523707
-0.687500000,0.468750000,1.74344783245,0.828137720415
-0.671875000,0.468750000,1.45887484931,0.692965553422
-0.656250000,0.468750000,1.20601148063,0.572855453301
-0.640625000,0.468750000,0.982775367997,0.466818299799
-0.625000000,0.468750000,0.787174587113,0.373907928879
-0.609375000,0.468750000,0.617305835152,0.293220271697
-0.593750000,0.468750000,0.471202950910,0.223821401682
-0.578125000,0.468750000,0.347440225917,0.165034107311
-0.562500000,0.468750000,0.244204878962,0.115997317507
-0.546875000,0.468750000,0.159920922332,0.0759624381078
-0.531250000,0.468750000,0.0930862459020,0.0442159668035
-0.515625000,0.468750000,0.0422693229761,0.0200779284137
-0.500000000,0.468750000,0.00610596793679,0.00290033476998
-0.484375000,0.468750000,-0.0167038109911,-0.00793431022077
-0.468750000,0.468750000,-0.0273988324531,-0.0130144454152
-0.453125000,0.468750000,-0.0271596111794,-0.0129008153102
-0.437500000,0.468750000,-0.0171110596409,-0.00812775332942
-0.421875000,0.468750000,0.00167498915194,0.000795619847172
-0.406250000,0.468750000,0.0281774433146,0.0133842855744
-0.390625000,0.468750000,0.0614238016331,0.0291763057757
-0.375000000,0.468750000,0.100488188950,0.0477318897512
-0.359375000,0.468750000,0.144489574135,0.0686325477144
-0.343750000,0.468750000,0.192590166098,0.0914803288967
-0.328125000,0.468750000,0.243993978250,0.115897139669
-0.312500000,0.468750000,0.297945556828,0.141524139493
-0.296875000,0.468750000,0.353728859630,0.168021208324
-0.281250000,0.468750000,0.410666278364,0.195066482223
-0.265625000,0.468750000,0.468117792467,0.222355951422
-0.250000000,0.468750000,0.525480244923,0.249603116339
-0.234375000,0.468750000,0.582186727986,0.276538695793
-0.218750000,0.468750000,0.637706070107,0.302910383301
-0.203125000,0.468750000,0.691542411389,0.328482645410
-0.187500000,0.468750000,0.743234859470,0.353036558248
-0.171875000,0.468750000,0.792357214524,0.376369676899
-0.156250000,0.468750000,0.838517755027,0.398295933638
-0.140625000,0.468750000,0.881472485470,0.418699430598
-0.125000000,0.468750000,0.920667986199,0.437317293445
-0.109375000,0.468750000,0.955932420421,0.454067899700
-0.093750000,0.468750000,0.987010717905,0.468830091005
-0.078125000,0.468750000,1.01368183339,0.481498870861
-0.062500000,0.468750000,1.03575872910,0.491985396325
-0.046875000,0.468750000,1.05308836782,0.500216974713
-0.031250000,0.468750000,1.06550443471,0.506114606486
-0.015625000,0.468750000,1.07302593897,0.509687321013
0.000000000,0.468750000,1.07553854026,0.510880806625
0.015625000,0.468750000,1.07302593897,0.509687321013
0.031250000,0.468750000,1.06550443471,0.506114606486
0.046875000,0.468750000,1.05308836782,0.500216974713
0.062500000,0.468750000,1.03575872910,0.491985396325
0.078125000,0.468750000,1.01368183339,0.481498870861
0.093750000,0.468750000,0.987010717905,0.468830091005
0.109375000,0.468750000,0.955932420421,0.454067899700
0.125000000,0.468750000,0.920667986199,0.437317293445
0.140625000,0.468750000,0.881472485470,0.418699430598
0.156250000,0.468750000,0.838517755027,0.398295933638
0.171875000,0.468750000,0.792357214524,0.376369676899
0.187500000,0.468750000,0.743234859470,0.353036558248
0.203125000,0.468750000,0.691542411389,0.328482645410
0.218750000,0.468750000,0.637706070107,0.302910383301
0.234375000,0.468750000,0.582186727986,0.276538695793
0.250000000,0.468750000,0.525480244923,0.249603116339
0.265625000,0.468750000,0.468117792467,0.222355951422
0.281250000,0.468750000,0.410666278364,0.195066482223
0.296875000,0.468750000,0.353728859630,0.168021208324
0.312500000,0.468750000,0.297945556828,0.141524139493
0.328125000,0.468750000,0.243993978250,0.115897139669
0.343750000,0.468750000,0.192590166098,0.0914803288967
0.359375000,0.468750000,0.144489574135,0.0686325477144
0.375000000,0.468750000,0.100488188950,0.0477318897512
0.390625000,0.468750000,0.0614238016331,0.0291763057757
0.406250000,0.468750000,0.0281774433146,0.0133842855744
0.421875000,0.468750000,0.00167498915194,0.000795619847172
0.437500000,0.468750000,-0.0171110596409,-0.00812775332942
0.453125000,0.468750000,-0.0271596111794,-0.0129008153102
0.468750000,0.468750000,-0.0273988324531,-0.0130144454152
0.484375000,0.468750000,-0.0167038109911,-0.00793431022077
0.500000000,0.468750000,0.00610596793679,0.00290033476998
0.515625000,0.468750000,0.0422693229761,0.0200779284137
0.531250000,0.468750000,0.0930862459020,0.0442159668035
0.546875000,0.468750000,0.159920922332,0.0759624381078
0.562500000,0.468750000,0.244204878962,0.115997317507
0.578125000,0.468750000,0.347440225917,0.165034107311
0.593750000,0.468750000,0.471202950910,0.223821401682
0.609375000,0.468750000,0.617305835152,0.293220271697
0.625000000,0.468750000,0.787174587113,0.373907928879
0.640625000,0.468750000,0.982775367997,0.466818299799
0.656250000,0.468750000,1.20601148063,0.572855453301
0.671875000,0.468750000,1.45887484931,0.692965553422
0.687500000,0.468750000,1.74344783245,0.828137720415
0.703125000,0.468750000,2.06190426043,0.979404523707
0.718750000,0.468750000,2.41650945281,1.14784199009
0.734375000,0.468750000,2.80961891231,1.33456898335
0.750000000,0.468750000,3.24367533013,1.54074578181
0.765625000,0.468750000,3.72120346005,1.76757164352
0.781250000,0.468750000,4.24480232239,2.01628110314
0.796875000,0.468750000,4.81713408778,2.28813869170
0.812500000,0.468750000,,
0.828125000,0.468750000,,
0.843750000,0.468750000,,
0.859375000,0.468750000,,
0.875000000,0.468750000,,
0.890625000,0.468750000,,
0.906250000,0.468750000,,
0.921875000,0.468750000,,
0.937500000,0.468750000,,
0.953125000,0.468750000,,
0.968750000,0.468750000,,
0.984375000,0.468750000,,
1.000000000,0.468750000,,
-1.000000000,0.484375000,,
-0.984375000,0.484375000,,
-0.968750000,0.484375000,,
-0.953125000,0.484375000,,
-0.937500000,0.484375000,,
-0.921875000,0.484375000,,
-0.906250000,0.484375000,,
-0.890625000,0.484375000,,
-0.875000000,0.484375000,,
-0.859375000,0.484375000,,
-0.843750000,0.484375000,,
-0.828125000,0.484375000,,
-0.812500000,0.484375000,,
-0.796875000,0.484375000,,
-0.781250000,0.484375000,4.64969478039,2.20860502069
-0.765625000,0.484375000,4.09463828271,1.94495318429
-0.750000000,0.484375000,3.58729167275,1.70396354455
-0.734375000,0.484375000,3.12505455455,1.48440091341
-0.718750000,0.484375000,2.70539110339,1.28506077411
-0.703125000,0.484375000,2.32583936684,1.10477369925
-0.687500000,0.484375000,1.98401766673,0.942408391697
-0.671875000,0.484375000,1.67762867571,0.796873620964
-0.656250000,0.484375000,1.40446164612,0.667119281905
-0.640625000,0.484375000,1.16239318085,0.552136760905
-0.625000000,0.484375000,0.949386872472,0.450958764424
-0.609375000,0.484375000,0.763492073596,0.362658734958
-0.593750000,0.484375000,0.602842019161,0.286349959101
-0.578125000,0.484375000,0.465495435073,0.221110331660
-0.562500000,0.484375000,0.350067848943,0.166282228248
-0.546875000,0.484375000,0.254762264019,0.121012075409
-0.531250000,0.484375000,0.178021337114,0.0845601351290
-0.515625000,0.484375000,0.118357682919,0.0562198993864
-0.500000000,0.484375000,0.0743508727967,0.0353166645784
-0.484375000,0.484375000,0.0446445056635,0.0212061401902
-0.468750000,0.484375000,0.0279433857910,0.0132731082507
-0.453125000,0.484375000,0.0230108363373,0.0109301472602
-0.437500000,0.484375000,0.0286661661500,0.0136164289213
-0.421875000,0.484375000,0.0437823037569,0.0207965942845
-0.406250000,0.484375000,0.0672836061650,0.0319597129284
-0.390625000,0.484375000,0.0981438456161,0.0466183266676
-0.375000000,0.484375000,0.135384375887,0.0643075785464
-0.359375000,0.484375000,0.178072473530,0.0845844249269
-0.343750000,0.484375000,0.225319850773,0.107026929117
-0.328125000,0.484375000,0.276281333067,0.131233633207
-0.312500000,0.484375000,0.330153692791,0.156823004076
-0.296875000,0.484375000,0.386174631174,0.183432949808
-0.281250000,0.484375000,0.443621897398,0.210720401264
-0.265625000,0.484375000,0.501812536269,0.238360954728
-0.250000000,0.484375000,0.560102252029,0.266048569714
-0.234375000,0.484375000,0.617884879703,0.293495317859
-0.218750000,0.484375000,0.674591951367,0.320431176900
-0.203125000,0.484375000,0.729692348734,0.346603865648
-0.187500000,0.484375000,0.782801569906,0.371830745705
-0.171875000,0.484375000,0.833238847185,0.395788452413
-0.156250000,0.484375000,0.880698304050,0.418331694424
-0.140625000,0.484375000,0.924796062379,0.439278129630
-0.125000000,0.484375000,0.965184796477,0.458462778327
-0.109375000,0.484375000,1.00155369696,0.475738006057
-0.093750000,0.484375000,1.03362845917,0.490973518106
-0.078125000,0.484375000,1.06117128809,0.504056361843
-0.062500000,0.484375000,1.08398091430,0.514890934292
-0.046875000,0.484375000,1.10189261679,0.523398992975
-0.031250000,0.484375000,1.11477824705,0.529519667349
-0.015625000,0.484375000,1.12254625200,0.533209469701
0.000000000,0.484375000,1.12514169182,0.534442303612
0.015625000,0.484375000,1.12254625200,0.533209469701
0.031250000,0.484375000,1.11477824705,0.529519667349
0.046875000,0.484375000,1.10189261679,0.523398992975
0.062500000,0.484375000,1.08398091430,0.514890934292
0.078125000,0.484375000,1.06117128809,0.504056361843
0.093750000,0.484375000,1.03362845917,0.490973518106
0.109375000,0.484375000,1.00155369696,0.475738006057
0.125000000,0.484375000,0.965184796477,0.458462778327
0.140625000,0.484375000,0.924796062379,0.439278129630
0.156250000,0.484375000,0.880698304050,0.418331694424
0.171875000,0.484375000,0.833238847185,0.395788452413
0.187500000,0.484375000,0.782801569906,0.371830745705
0.203125000,0.484375000,0.729692348734,0.346603865648
0.218750000,0.484375000,0.674591951367,0.320431176900
0.234375000,0.484375000,0.617884879703,0.293495317859
0.250000000,0.484375000,0.560102252029,0.266048569714
0.265625000,0.484375000,0.501812536269,0.238360954728
0.281250000,0.484375000,0.443621897398,0.210720401264
0.296875000,0.484375000,0.386174631174,0.183432949808
0.312500000,0.484375000,0.330153692791,0.156823004076
0.328125000,0.484375000,0.276281333067,0.131233633207
0.343750000,0.484375000,0.225319850773,0.107026929117
0.359375000,0.484375000,0.178072473530,0.0845844249269
0.375000000,0.484375000,0.135384375887,0.0643075785464
0.390625000,0.484375000,0.0981438456161,0.0466183266676
0.406250000,0.484375000,0.0672836061650,0.0319597129284
0.421875000,0.484375000,0.0437823037569,0.0207965942845
0.437500000,0.484375000,0.0286661661500,0.0136164289213
0.453125000,0.484375000,0.0230108363373,0.0109301472602
0.468750000,0.484375000,0.0279433857910,0.0132731082507
0.484375000,0.484375000,0.0446445056635,0.0212061401902
0.500000000,0.484375000,0.0743508727967,0.0353166645784
0.515625000,0.484375000,0.118357682919,0.0562198993864
0.531250000,0.484375000,0.178021337114,0.0845601351290
0.546875000,0.484375000,0.254762264019,0.121012075409
0.562500000,0.484375000,0.350067848943,0.166282228248
0.578125000,0.484375000,0.465495435073,0.221110331660
0.593750000,0.484375000,0.602842019161,0.286349959101
0.609375000,0.484375000,0.763492073596,0.362658734958
0.625000000,0.484375000,0.949386872472,0.450958764424
0.640625000,0.484375000,1.16239318085,0.552136760905
0.656250000,0.484375000,1.40446164612,0.667119281905
0.671875000,0.484375000,1.67762867571,0.796873620964
0.687500000,0.484375000,1.98401766673,0.942408391697
0.703125000,0.484375000,2.32583936684,1.10477369925
0.718750000,0.484375000,2.70539110339,1.28506077411
0.734375000,0.484375000,3.12505455455,1.48440091341
0.750000000,0.484375000,3.58729167275,1.70396354455
0.765625000,0.484375000,4.09463828271,1.94495318429
0.781250000,0.484375000,4.64969478039,2.20860502069
0.796875000,0.484375000,,
0.812500000,0.484375000,,
0.828125000,0.484375000,,
0.843750000,0.484375000,,
0.859375000,0.484375000,,
0.875000000,0.484375000,,
0.890625000,0.484375000,,
0.906250000,0.484375000,,
0.921875000,0.484375000,,
0.937500000,0.484375000,,
0.953125000,0.484375000,,
0.968750000,0.484375000,,
0.984375000,0.484375000,,
1.000000000,0.484375000,,
-1.000000000,0.500000000,,
-0.984375000,0.500000000,,
-0.968750000,0.500000000,,
-0.953125000,0.500000000,,
-0.937500000,0.500000000,,
-0.921875000,0.500000000,,
-0.906250000,0.500000000,,
-0.890625000,0.500000000,,
-0.875000000,0.500000000,,
-0.859375000,0.500000000,,
-0.843750000,0.500000000,,
-0.828125000,0.500000000,,
-0.812500000,0.500000000,,
-0.796875000,0.500000000,,
-0.781250000,0.500000000,,
-0.765625000,0.500000000,4.49423228557,2.13476033564
-0.750000000,0.500000000,3.95554821119,1.87888540032
-0.734375000,0.500000000,3.46364714787,1.64523239524
-0.718750000,0.500000000,3.01598714619,1.43259389444
-0.703125000,0.500000000,2.61009090301,1.23979317893
-0.687500000,0.500000000,2.24355358757,1.06568795409
-0.671875000,0.500000000,1.91404812955,0.909172861535
-0.656250000,0.500000000,1.61932847854,0.769181027307
-0.640625000,0.500000000,1.35723125788,0.644684847491
-0.625000000,0.500000000,1.12567615941,0.534696175717
-0.609375000,0.500000000,0.922665366854,0.438266049256
-0.593750000,0.500000000,0.746282242071,0.354484064984
-0.578125000,0.500000000,0.594689467381,0.282477497006
-0.562500000,0.500000000,0.466126801607,0.221410230763
-0.546875000,0.500000000,0.358754638906,0.170408453480
-0.531250000,0.500000000,0.271276295761,0.128856240486
-0.515625000,0.500000000,0.201983390104,0.0959421102995
-0.500000000,0.500000000,0.149397865491,0.0709639861081
-0.484375000,0.500000000,0.112105425328,0.0532500770307
-0.468750000,0.500000000,0.0887529302771,0.0421576418816
-0.453125000,0.500000000,0.0780459117826,0.0370718080968
-0.437500000,0.500000000,0.0787462232064,0.0374044560230
-0.421875000,0.500000000,0.0896698448173,0.0425931762882
-0.406250000,0.500000000,0.109684852159,0.0521003047754
-0.390625000,0.500000000,0.137709552133,0.0654120372633
-0.375000000,0.500000000,0.172710789451,0.0820376249893
-0.359375000,0.500000000,0.213702420716,0.101508649840
-0.343750000,0.500000000,0.259743953556,0.123378377939
-0.328125000,0.500000000,0.309939343156,0.147221187999
-0.312500000,0.500000000,0.363435940124,0.172632071559
-0.296875000,0.500000000,0.419423580443,0.199226200711
-0.281250000,0.500000000,0.477133808771,0.226638559166
-0.265625000,0.500000000,0.535839223628,0.254523631223
-0.250000000,0.500000000,0.594852935694,0.282555144454
-0.234375000,0.500000000,0.653637853093,0.310477980219
-0.218750000,0.500000000,0.711361658052,0.337896787575
-0.203125000,0.500000000,0.767572827343,0.364597092988
-0.187500000,0.500000000,0.821742929781,0.390327891646
-0.171875000,0.500000000,0.873382661872,0.414856764389
-0.156250000,0.500000000,0.922041762039,0.437969836968
-0.140625000,0.500000000,0.967308966726,0.459471759195
-0.125000000,0.500000000,1.00881199990,0.479185699950
-0.109375000,0.500000000,1.04621758903,0.496953354791
-0.093750000,0.500000000,1.07923149886,0.512634961958
-0.078125000,0.500000000,1.10759857752,0.526109324321
-0.062500000,0.500000000,1.13110280810,0.537273833849
-0.046875000,0.500000000,1.14956736214,0.546044497016
-0.031250000,0.500000000,1.16285464812,0.552355957858
-0.015625000,0.500000000,1.17086635387,0.556161518086
0.000000000,0.500000000,1.17354347890,0.557433152476
0.015625000,0.500000000,1.17086635387,0.556161518086
0.031250000,0.500000000,1.16285464812,0.552355957858
0.046875000,0.500000000,1.14956736214,0.546044497016
0.062500000,0.500000000,1.13110280810,0.537273833849
0.078125000,0.500000000,1.10759857752,0.526109324321
0.093750000,0.500000000,1.07923149886,0.512634961958
0.109375000,0.500000000,1.04621758903,0.496953354791
0.125000000,0.500000000,1.00881199990,0.479185699950
0.140625000,0.500000000,0.967308966726,0.459471759195
0.156250000,0.500000000,0.922041762039,0.437969836968
0.171875000,0.500000000,0.873382661872,0.414856764389
0.187500000,0.500000000,0.821742929781,0.390327891646
0.203125000,0.500000000,0.767572827343,0.364597092988
0.218750000,0.500000000,0.711361658052,0.337896787575
0.234375000,0.500000000,0.653637853093,0.310477980219
0.250000000,0.500000000,0.594852935694,0.282555144454
0.265625000,0.500000000,0.535839223628,0.254523631223
0.281250000,0.500000000,0.477133808771,0.226638559166
0.296875000,0.500000000,0.419423580443,0.199226200711
0.312500000,0.500000000,0.363435940124,0.172632071559
0.328125000,0.500000000,0.309939343156,0.147221187999
0.343750000,0.500000000,0.259743953556,0.123378377939
0.359375000,0.500000000,0.213702420716,0.101508649840
0.375000000,0.500000000,0.172710789451,0.0820376249893
0.390625000,0.500000000,0.137709552133,0.0654120372633
0.406250000,0.500000000,0.109684852159,0.0521003047754
0.421875000,0.500000000,0.0896698448173,0.0425931762882
0.437500000,0.500000000,0.0787462232064,0.0374044560230
0.453125000,0.500000000,0.0780459117826,0.0370718080968
0.468750000,0.500000000,0.0887529302771,0.0421576418816
0.484375000,0.500000000,0.112105425328,0.0532500770307
0.500000000,0.500000000,0.149397865491,0.0709639861081
0.515625000,0.500000000,0.201983390104,0.0959421102995
0.531250000,0.500000000,0.271276295761,0.128856240486
0.546875000,0.500000000,0.358754638906,0.170408453480
0.562500000,0.500000000,0.466126801607,0.221410230763
0.578125000,0.500000000,0.594689467381,0.282477497006
0.593750000,0.500000000,0.746282242071,0.354484064984
0.609375000,0.500000000,0.922665366854,0.438266049256
0.625000000,0.500000000,1.12567615941,0.534696175717
0.640625000,0.500000000,1.35723125788,0.644684847491
0.656250000,0.500000000,1.61932847854,0.769181027307
0.671875000,0.500000000,1.91404812955,0.909172861535
0.687500000,0.500000000,2.24355358757,1.06568795409
0.703125000,0.500000000,2.61009090301,1.23979317893
0.718750000,0.500000000,3.01598714619,1.43259389444
0.734375000,0.500000000,3.46364714787,1.64523239524
0.750000000,0.500000000,3.95554821119,1.87888540032
0.765625000,0.500000000,4.49423228557,2.13476033564
0.781250000,0.500000000,,
0.796875000,0.500000000,,
0.812500000,0.500000000,,
0.828125000,0.500000000,,
0.843750000,0.500000000,,
0.859375000,0.500000000,,
0.875000000,0.500000000,,
0.890625000,0.500000000,,
0.906250000,0.500000000,,
0.921875000,0.500000000,,
0.937500000,0.500000000,,
0.953125000,0.500000000,,
0.968750000,0.500000000,,
0.984375000,0.500000000,,
1.000000000,0.500000000,,
-1.000000000,0.515625000,,
-0.984375000,0.515625000,,
-0.968750000,0.515625000,,
-0.953125000,0.515625000,,
-0.937500000,0.515625000,,
-0.921875000,0.515625000,,
-0.906250000,0.515625000,,
-0.890625000,0.515625000,,
-0.875000000,0.515625000,,
-0.859375000,0.515625000,,
-0.843750000,0.515625000,,
-0.828125000,0.515625000,,
-0.812500000,0.515625000,,
-0.796875000,0.515625000,,
-0.781250000,0.515625000,,
-0.765625000,0.515625000,4.92184691829,2.33787728619
-0.750000000,0.515625000,4.35025741096,2.06637227021
-0.734375000,0.515625000,3.82715476830,1.81789851494
-0.718750000,0.515625000,3.34999684974,1.59124850363
-0.703125000,0.515625000,2.91629576691,1.38524048928
-0.687500000,0.515625000,2.52362730396,1.19872296938
-0.671875000,0.515625000,2.16963755878,1.03057784042
-0.656250000,0.515625000,1.85204735719,0.879722494663
-0.640625000,0.515625000,1.56865489261,0.745111073992
-0.625000000,0.515625000,1.31733696795,0.625735059778
-0.609375000,0.515625000,1.09604914807,0.520623345334
-0.593750000,0.515625000,0.902825077216,0.428841911678
-0.578125000,0.515625000,0.735775169219,0.349493205379
-0.562500000,0.515625000,0.593084843352,0.281715300592
-0.546875000,0.515625000,0.473012442317,0.224680910100
-0.531250000,0.515625000,0.373886947278,0.177596299957
-0.515625000,0.515625000,0.293952311924,0.139627348164
-0.500000000,0.515625000,0.231986729274,0.110193696405
-0.484375000,0.515625000,0.186354049502,0.0885181735133
-0.468750000,0.515625000,0.155641734493,0.0739298238843
-0.453125000,0.515625000,0.138495991450,0.0657855959389
-0.437500000,0.515625000,0.133619626217,0.0634693224529
-0.421875000,0.515625000,0.139770034903,0.0663907665788
-0.406250000,0.515625000,0.155757345315,0.0739847390244
-0.390625000,0.515625000,0.180442715094,0.0857102896698
-0.375000000,0.515625000,0.212736789773,0.101049975142
-0.359375000,0.515625000,0.251598320047,0.119509202023
-0.343750000,0.515625000,0.296032935530,0.140615644377
-0.328125000,0.515625000,0.345092069573,0.163918733047
-0.312500000,0.515625000,0.397872028187,0.188989213389
-0.296875000,0.515625000,0.453513195977,0.215418768089
-0.281250000,0.515625000,0.511199368322,0.242819699953
-0.265625000,0.515625000,0.570264133650,0.270875463484
-0.250000000,0.515625000,0.629756174498,0.299134182887
-0.234375000,0.515625000,0.689100782025,0.327322871462
-0.218750000,0.515625000,0.747650853383,0.355134155357
-0.203125000,0.515625000,0.804800921875,0.382280437891
-0.187500000,0.515625000,0.859987038108,0.408493843101
-0.171875000,0.515625000,0.912686706834,0.433526185746
-0.156250000,0.515625000,0.962418870442,0.457148963460
-0.140625000,0.515625000,1.00874392867,0.479153366119
-0.125000000,0.515625000,1.05126378745,0.499350299037
-0.109375000,0.515625000,1.08962192810,0.517570415848
-0.093750000,0.515625000,1.12350348939,0.533664157460
-0.078125000,0.515625000,1.15263535613,0.547501794160
-0.062500000,0.515625000,1.17678624866,0.558973468114
-0.046875000,0.515625000,1.19576680697,0.567989233311
-0.031250000,0.515625000,1.20942966593,0.574479091315
-0.015625000,0.515625000,1.21766951795,0.578393021025
0.000000000,0.515625000,1.22042315898,0.579701000518
0.015625000,0.515625000,1.21766951795,0.578393021025
0.031250000,0.515625000,1.20942966593,0.574479091315
0.046875000,0.515625000,1.19576680697,0.567989233311
0.062500000,0.515625000,1.17678624866,0.558973468114
0.078125000,0.515625000,1.15263535613,0.547501794160
0.093750000,0.515625000,1.12350348939,0.533664157460
0.109375000,0.515625000,1.08962192810,0.517570415848
0.125000000,0.515625000,1.05126378745,0.499350299037
0.140625000,0.515625000,1.00874392867,0.479153366119
0.156250000,0.515625000,0.962418870442,0.457148963460
0.171875000,0.515625000,0.912686706834,0.433526185746
0.187500000,0.515625000,0.859987038108,0.408493843101
0.203125000,0.515625000,0.804800921875,0.382280437891
0.218750000,0.515625000,0.747650853383,0.355134155357
0.234375000,0.515625000,0.689100782025,0.327322871462
0.250000000,0.515625000,0.629756174498,0.299134182887
0.265625000,0.515625000,0.570264133650,0.270875463484
0.281250000,0.515625000,0.511199368322,0.242819699953
0.296875000,0.515625000,0.453513195977,0.215418768089
0.312500000,0.515625000,0.397872028187,0.188989213389
0.328125000,0.515625000,0.345092069573,0.163918733047
0.343750000,0.515625000,0.296032935530,0.140615644377
0.359375000,0.515625000,0.251598320047,0.119509202023
0.375000000,0.515625000,0.212736789773,0.101049975142
0.390625000,0.515625000,0.180442715094,0.0857102896698
0.406250000,0.515625000,0.155757345315,0.0739847390244
0.421875000,0.515625000,0.139770034903,0.0663907665788
0.437500000,0.515625000,0.133619626217,0.0634693224529
0.453125000,0.515625000,0.138495991450,0.0657855959389
0.468750000,0.515625000,0.155641734493,0.0739298238843
0.484375000,0.515625000,0.186354049502,0.0885181735133
0.500000000,0.515625000,0.231986729274,0.110193696405
0.515625000,0.515625000,0.293952311924,0.139627348164
0.531250000,0.515625000,0.373886947278,0.177596299957
0.546875000,0.515625000,0.473012442317,0.224680910100
0.562500000,0.515625000,0.593084843352,0.281715300592
0.578125000,0.515625000,0.735775169219,0.349493205379
0.593750000,0.515625000,0.902825077216,0.428841911678
0.609375000,0.515625000,1.09604914807,0.520623345334
0.625000000,0.515625000,1.31733696795,0.625735059778
0.640625000,0.515625000,1.56865489261,0.745111073992
0.656250000,0.515625000,1.85204735719,0.879722494663
0.671875000,0.515625000,2.16963755878,1.03057784042
0.687500000,0.515625000,2.52362730396,1.19872296938
0.703125000,0.515625000,2.91629576691,1.38524048928
0.718750000,0.515625000,3.34999684974,1.59124850363
0.734375000,0.515625000,3.82715476830,1.81789851494
0.750000000,0.515625000,4.35025741096,2.06637227021
0.765625000,0.515625000,4.92184691829,2.33787728619
0.781250000,0.515625000,,
0.796875000,0.515625000,,
0.812500000,0.515625000,,
0.828125000,0.515625000,,
0.843750000,0.515625000,,
0.859375000,0.515625000,,
0.875000000,0.515625000,,
0.890625000,0.515625000,,
0.906250000,0.515625000,,
0.921875000,0.515625000,,
0.937500000,0.515625000,,
0.953125000,0.515625000,,
0.968750000,0.515625000,,
0.984375000,0.515625000,,
1.000000000,0.515625000,,
-1.000000000,0.531250000,,
-0.984375000,0.531250000,,
-0.968750000,0.531250000,,
-0.953125000,0.531250000,,
-0.937500000,0.531250000,,
-0.921875000,0.531250000,,
-0.906250000,0.531250000,,
-0.890625000,0.531250000,,
-0.875000000,0.531250000,,
-0.859375000,0.531250000,,
-0.843750000,0.531250000,,
-0.828125000,0.531250000,,
-0.812500000,0.531250000,,
-0.796875000,0.531250000,,
-0.781250000,0.531250000,,
-0.765625000,0.531250000,,
-0.750000000,0.531250000,4.77332853287,2.26733105311
-0.734375000,0.531250000,4.21743537844,2.00328180476
-0.718750000,0.531250000,3.70922146933,1.76188019793
-0.703125000,0.531250000,3.24619408153,1.54194218873
-0.687500000,0.531250000,2.82591423654,1.34230926236
-0.671875000,0.531250000,2.44600485771,1.16185230741
-0.656250000,0.531250000,2.10415647537,0.999474325800
-0.640625000,0.531250000,1.79813097107,0.854112211256
-0.625000000,0.531250000,1.52576376694,0.724737789294
-0.609375000,0.531250000,1.28496479354,0.610358276931
-0.593750000,0.531250000,1.07371851299,0.510016293668
-0.578125000,0.531250000,0.890083222854,0.422789530855
-0.562500000,0.531250000,0.732189825461,0.347790167094
-0.546875000,0.531250000,0.598240216341,0.284164102762
-0.531250000,0.531250000,0.486505412436,0.231090070907
-0.515625000,0.531250000,0.395323520893,0.187778672424
-0.500000000,0.531250000,0.323097627552,0.153471373087
-0.484375000,0.531250000,0.268139657147,0.127366337145
-0.468750000,0.531250000,0.229292475111,0.108913925678
-0.453125000,0.531250000,0.204978739134,0.0973649010888
-0.437500000,0.531250000,0.193840718856,0.0920743414566
-0.421875000,0.531250000,0.194575680258,0.0924234481226
-0.406250000,0.531250000,0.205934216325,0.0978187527544
-0.390625000,0.531250000,0.226718720917,0.107691392435
-0.375000000,0.531250000,0.255782010438,0.121496454958
-0.359375000,0.531250000,0.292026096081,0.138712395639
-0.343750000,0.531250000,0.334401102141,0.158840523517
-0.328125000,0.531250000,0.381904327998,0.181404555799
-0.312500000,0.531250000,0.433579447132,0.205950237388
-0.296875000,0.531250000,0.488622072425,0.232095484402
-0.281250000,0.531250000,0.545946875577,0.259324765899
-0.265625000,0.531250000,0.604847489904,0.287302557704
-0.250000000,0.531250000,0.664547454655,0.315660040961
-0.234375000,0.531250000,0.724314445571,0.344049361646
-0.218750000,0.531250000,0.783460108378,0.372143551479
-0.203125000,0.531250000,0.841339963224,0.399636482531
-0.187500000,0.531250000,0.897353368828,0.426242850194
-0.171875000,0.531250000,0.950943537456,0.451698180292
-0.156250000,0.531250000,1.00159759035,0.475758855415
-0.140625000,0.531250000,1.04884664524,0.498202156489
-0.125000000,0.531250000,1.09226592638,0.518826315032
-0.109375000,0.531250000,1.13147488966,0.537450572589
-0.093750000,0.531250000,1.16613735517,0.553915243704
-0.078125000,0.531250000,1.19596164055,0.568081779262
-0.062500000,0.531250000,1.22070068925,0.579832827393
-0.046875000,0.531250000,1.24015218749,0.589072289056
-0.031250000,0.531250000,1.25415866695,0.595725366803
-0.015625000,0.531250000,1.26260758814,0.599738604366
0.000000000,0.531250000,1.26543140203,0.601079915965
0.015625000,0.531250000,1.26260758814,0.599738604366
0.031250000,0.531250000,1.25415866695,0.595725366803
0.046875000,0.531250000,1.24015218749,0.589072289056
0.062500000,0.531250000,1.22070068925,0.579832827393
0.078125000,0.531250000,1.19596164055,0.568081779262
0.093750000,0.531250000,1.16613735517,0.553915243704
0.109375000,0.531250000,1.13147488966,0.537450572589
0.125000000,0.531250000,1.09226592638,0.518826315032
0.140625000,0.531250000,1.04884664524,0.498202156489
0.156250000,0.531250000,1.00159759035,0.475758855415
0.171875000,0.531250000,0.950943537456,0.451698180292
0.187500000,0.531250000,0.897353368828,0.426242850194
0.203125000,0.531250000,0.841339963224,0.399636482531
0.218750000,0.531250000,0.783460108378,0.372143551479
0.234375000,0.531250000,0.724314445571,0.344049361646
0.250000000,0.531250000,0.664547454655,0.315660040961
0.265625000,0.531250000,0.604847489904,0.287302557704
0.281250000,0.531250000,0.545946875577,0.259324765899
0.296875000,0.531250000,0.488622072425,0.232095484402
0.312500000,0.531250000,0.433579447132,0.205950237388
0.328125000,0.531250000,0.381904327998,0.181404555799
0.343750000,0.531250000,0.334401102141,0.158840523517
0.359375000,0.531250000,0.292026096081,0.138712395639
0.375000000,0.531250000,0.255782010438,0.121496454958
0.390625000,0.531250000,0.226718720917,0.107691392435
0.406250000,0.531250000,0.205934216325,0.0978187527544
0.421875000,0.531250000,0.194575680258,0.0924234481226
0.437500000,0.531250000,0.193840718856,0.0920743414566
0.453125000,0.531250000,0.204978739134,0.0973649010888
0.468750000,0.531250000,0.229292475111,0.108913925678
0.484375000,0.531250000,0.268139657147,0.127366337145
0.500000000,0.531250000,0.323097627552,0.153471373087
0.515625000,0.531250000,0.395323520893,0.187778672424
0.531250000,0.531250000,0.486505412436,0.231090070907
0.546875000,0.531250000,0.598240216341,0.284164102762
0.562500000,0.531250000,0.732189825461,0.347790167094
0.578125000,0.531250000,0.890083222854,0.422789530855
0.593750000,0.531250000,1.07371851299,0.510016293668
0.609375000,0.531250000,1.28496479354,0.610358276931
0.625000000,0.531250000,1.52576376694,0.724737789294
0.640625000,0.531250000,1.79813097107,0.854112211256
0.656250000,0.531250000,2.10415647537,0.999474325800
0.671875000,0.531250000,2.44600485771,1.16185230741
0.687500000,0.531250000,2.82591423654,1.34230926236
0.703125000,0.531250000,3.24619408153,1.54194218873
0.718750000,0.531250000,3.70922146933,1.76188019793
0.734375000,0.531250000,4.21743537844,2.00328180476
0.750000000,0.531250000,4.77332853287,2.26733105311
0.765625000,0.531250000,,
0.781250000,0.531250000,,
0.796875000,0.531250000,,
0.812500000,0.531250000,,
0.828125000,0.531250000,,
0.843750000,0.531250000,,
0.859375000,0.531250000,,
0.875000000,0.531250000,,
0.890625000,0.531250000,,
0.906250000,0.531250000,,
0.921875000,0.531250000,,
0.937500000,0.531250000,,
0.953125000,0.531250000,,
0.968750000,0.531250000,,
0.984375000,0.531250000,,
1.000000000,0.531250000,,
-1.000000000,0.546875000,,
-0.984375000,0.546875000,,
-0.968750000,0.546875000,,
-0.953125000,0.546875000,,
-0.937500000,0.546875000,,
-0.921875000,0.546875000,,
-0.906250000,0.546875000,,
-0.890625000,0.546875000,,
-0.875000000,0.546875000,,
-0.859375000,0.546875000,,
-0.843750000,0.546875000,,
-0.828125000,0.546875000,,
-0.812500000,0.546875000,,
-0.796875000,0.546875000,,
-0.781250000,0.546875000,,
-0.765625000,0.546875000,,
-0.750000000,0.546875000,,
-0.734375000,0.546875000,4.63644616835,2.20231192997
-0.718750000,0.546875000,4.09556477479,1.94539326802
-0.703125000,0.546875000,3.60163076531,1.71077461352
-0.687500000,0.546875000,3.15219600497,1.49729310236
-0.671875000,0.546875000,2.74486475769,1.30381075990
-0.656250000,0.546875000,2.37730083633,1.12921789726
-0.640625000,0.546875000,2.04723258387,0.972435477337
-0.625000000,0.546875000,1.75245612338,0.832416658606
-0.609375000,0.546875000,1.49083723891,0.708147688483
-0.593750000,0.546875000,1.26031218835,0.598648289465
-0.578125000,0.546875000,1.05888769183,0.502971653618
-0.562500000,0.546875000,0.884640299420,0.420204142224
-0.546875000,0.546875000,0.735715302511,0.349464768693
-0.531250000,0.546875000,0.610325323273,0.289904528555
-0.515625000,0.546875000,0.506748692071,0.240705628734
-0.500000000,0.546875000,0.423327699808,0.201080657409
-0.484375000,0.546875000,0.358466795969,0.170271728086
-0.468750000,0.546875000,0.310630786440,0.147549623559
-0.453125000,0.546875000,0.278186886800,0.132138771230
-0.437500000,0.546875000,0.260035513484,0.123516868905
-0.421875000,0.546875000,0.254647853338,0.120957730335
-0.406250000,0.546875000,0.260713473877,0.123838900092
-0.390625000,0.546875000,0.276974474901,0.131562875578
-0.375000000,0.546875000,0.302224289200,0.143556537370
-0.359375000,0.546875000,0.335306620109,0.159270644552
-0.343750000,0.546875000,0.375114516771,0.178179395466
-0.328125000,0.546875000,0.420697312432,0.199831223405
-0.312500000,0.546875000,0.470820663004,0.223639814927
-0.296875000,0.546875000,0.524638420042,0.249203249520
-0.281250000,0.546875000,0.581234267015,0.276086276832
-0.265625000,0.546875000,0.639738502013,0.303875788456
-0.250000000,0.546875000,0.699327809556,0.332180709539
-0.234375000,0.546875000,0.759225118535,0.360631931304
-0.218750000,0.546875000,0.818699535168,0.388882279205
-0.203125000,0.546875000,0.877066340198,0.416606511594
-0.187500000,0.546875000,0.933687041066,0.443501344506
-0.171875000,0.546875000,0.987969468616,0.469285497592
-0.156250000,0.546875000,1.03936790904,0.493699756794
-0.140625000,0.546875000,1.08738326120,0.516507049070
-0.125000000,0.546875000,1.13156321151,0.537492525469
-0.109375000,0.546875000,1.17150241731,0.556463648222
-0.093750000,0.546875000,1.20684269282,0.573250279090
-0.078125000,0.546875000,1.23727318874,0.587704764653
-0.062500000,0.546875000,1.26253056100,0.599702016474
-0.046875000,0.546875000,1.28239912236,0.609139583123
-0.031250000,0.546875000,1.29671097372,0.615937712517
-0.015625000,0.546875000,1.30534610905,0.620039401797
0.000000000,0.546875000,1.30823249316,0.621410434250
0.015625000,0.546875000,1.30534610905,0.620039401797
0.031250000,0.546875000,1.29671097372,0.615937712517
0.046875000,0.546875000,1.28239912236,0.609139583123
0.062500000,0.546875000,1.26253056100,0.599702016474
0.078125000,0.546875000,1.23727318874,0.587704764653
0.093750000,0.546875000,1.20684269282,0.573250279090
0.109375000,0.546875000,1.17150241731,0.556463648222
0.125000000,0.546875000,1.13156321151,0.537492525469
0.140625000,0.546875000,1.08738326120,0.516507049070
0.156250000,0.546875000,1.03936790904,0.493699756794
0.171875000,0.546875000,0.987969468616,0.469285497592
0.187500000,0.546875000,0.933687041066,0.443501344506
0.203125000,0.546875000,0.877066340198,0.416606511594
0.218750000,0.546875000,0.818699535168,0.388882279205
0.234375000,0.546875000,0.759225118535,0.360631931304
0.250000000,0.546875000,0.699327809556,0.332180709539
0.265625000,0.546875000,0.639738502013,0.303875788456
0.281250000,0.546875000,0.581234267015,0.276086276832
0.296875000,0.546875000,0.524638420042,0.249203249520
0.312500000,0.546875000,0.470820663004,0.223639814927
0.328125000,0.546875000,0.420697312432,0.199831223405
0.343750000,0.546875000,0.375114516771,0.178179395466
0.359375000,0.546875000,0.335306620109,0.159270644552
0.375000000,0.546875000,0.302224289200,0.143556537370
0.390625000,0.546875000,0.276974474901,0.131562875578
0.406250000,0.546875000,0.260713473877,0.123838900092
0.421875000,0.546875000,0.254647853338,0.120957730335
0.437500000,0.546875000,0.260035513484,0.123516868905
0.453125000,0.546875000,0.278186886800,0.132138771230
0.468750000,0.546875000,0.310630786440,0.147549623559
0.484375000,0.546875000,0.358466795969,0.170271728086
0.500000000,0.546875000,0.423327699808,0.201080657409
0.515625000,0.546875000,0.506748692071,0.240705628734
0.531250000,0.546875000,0.610325323273,0.289904528555
0.546875000,0.546875000,0.735715302511,0.349464768693
0.562500000,0.546875000,0.884640299420,0.420204142224
0.578125000,0.546875000,1.05888769183,0.502971653618
0.593750000,0.546875000,1.26031218835,0.598648289465
0.609375000,0.546875000,1.49083723891,0.708147688483
0.625000000,0.546875000,1.75245612338,0.832416658606
0.640625000,0.546875000,2.04723258387,0.972435477337
0.656250000,0.546875000,2.37730083633,1.12921789726
0.671875000,0.546875000,2.74486475769,1.30381075990
0.687500000,0.546875000,3.15219600497,1.49729310236
0.703125000,0.546875000,3.60163076531,1.71077461352
0.718750000,0.546875000,4.09556477479,1.94539326802
0.734375000,0.546875000,4.63644616835,2.20231192997
0.750000000,0.546875000,,
0.765625000,0.546875000,,
0.781250000,0.546875000,,
0.796875000,0.546875000,,
0.812500000,0.546875000,,
0.828125000,0.546875000,,
0.843750000,0.546875000,,
0.859375000,0.546875000,,
0.875000000,0.546875000,,
0.890625000,0.546875000,,
0.906250000,0.546875000,,
0.921875000,0.546875000,,
0.937500000,0.546875000,,
0.953125000,0.546875000,,
0.968750000,0.546875000,,
0.984375000,0.546875000,,
1.000000000,0.546875000,,
-1.000000000,0.562500000,,
-0.984375000,0.562500000,,
-0.968750000,0.562500000,,
-0.953125000,0.562500000,,
-0.937500000,0.562500000,,
-0.921875000,0.562500000,,
-0.906250000,0.562500000,,
-0.890625000,0.562500000,,
-0.875000000,0.562500000,,
-0.859375000,0.562500000,,
-0.843750000,0.562500000,,
-0.828125000,0.562500000,,
-0.812500000,0.562500000,,
-0.796875000,0.562500000,,
-0.781250000,0.562500000,,
-0.765625000,0.562500000,,
-0.750000000,0.562500000,,
-0.734375000,0.562500000,,
-0.718750000,0.562500000,4.51103220700,2.14274029833
-0.703125000,0.562500000,3.98455594547,1.89266407410
-0.687500000,0.562500000,3.50436195049,1.66457192648
-0.671875000,0.562500000,3.06804132852,1.45731963105
-0.656250000,0.562500000,2.67323561639,1.26978691778
-0.640625000,0.562500000,2.31764314790,1.10088049525
-0.625000000,0.562500000,1.99902349134,0.949536158385
-0.609375000,0.562500000,1.71520035416,0.814720168227
-0.593750000,0.562500000,1.46406327873,0.695430057396
-0.578125000,0.562500000,1.24356839771,0.590694988913
-0.562500000,0.562500000,1.05173846953,0.499575773026
-0.546875000,0.562500000,0.886662374271,0.421164627779
-0.531250000,0.562500000,0.746494217525,0.354584753324
-0.515625000,0.562500000,0.629452162276,0.298989777081
-0.500000000,0.562500000,0.533817086190,0.253563115940
-0.484375000,0.562500000,0.457931140047,0.217517291522
-0.468750000,0.562500000,0.400196271886,0.190093229146
-0.453125000,0.562500000,0.359072762792,0.170559562326
-0.437500000,0.562500000,0.333077812501,0.158211960938
-0.421875000,0.562500000,0.320784202161,0.152372496026
-0.406250000,0.562500000,0.320666527814,0.152316600712
-0.390625000,0.562500000,0.331716974664,0.157565562965
-0.375000000,0.562500000,0.352508276709,0.167441431437
-0.359375000,0.562500000,0.381935949168,0.181419575855
-0.343750000,0.562500000,0.418601665829,0.198835791269
-0.328125000,0.562500000,0.461512070679,0.219218233573
-0.312500000,0.562500000,0.509600884433,0.242060420106
-0.296875000,0.562500000,0.561850861940,0.266879159421
-0.281250000,0.562500000,0.617293496327,0.293214410755
-0.265625000,0.562500000,0.675008821572,0.320629190247
-0.250000000,0.562500000,0.734125302914,0.348709518884
-0.234375000,0.562500000,0.793819805925,0.377064407814
-0.218750000,0.562500000,0.853317634420,0.405325876349
-0.203125000,0.562500000,0.911892626213,0.433148997451
-0.187500000,0.562500000,0.968867297921,0.460211966513
-0.171875000,0.562500000,1.02361302752,0.486216188073
-0.156250000,0.562500000,1.07555026626,0.510886376474
-0.140625000,0.562500000,1.12414877031,0.533970665898
-0.125000000,0.562500000,1.16892784285,0.555240725351
-0.109375000,0.562500000,1.20945657956,0.574491875291
-0.093750000,0.562500000,1.24535410887,0.591543201711
-0.078125000,0.562500000,1.27628982109,0.606237665018
-0.062500000,0.562500000,1.30198357946,0.618442200243
-0.046875000,0.562500000,1.32220590834,0.628047806460
-0.031250000,0.562500000,1.33677815293,0.634969622644
-0.015625000,0.562500000,1.34557260839,0.639146988987
0.000000000,0.562500000,1.34851261356,0.640543491442
0.015625000,0.562500000,1.34557260839,0.639146988987
0.031250000,0.562500000,1.33677815293,0.634969622644
0.046875000,0.562500000,1.32220590834,0.628047806460
0.062500000,0.562500000,1.30198357946,0.618442200243
0.078125000,0.562500000,1.27628982109,0.606237665018
0.093750000,0.562500000,1.24535410887,0.591543201711
0.109375000,0.562500000,1.20945657956,0.574491875291
0.125000000,0.562500000,1.16892784285,0.555240725351
0.140625000,0.562500000,1.12414877031,0.533970665898
0.156250000,0.562500000,1.07555026626,0.510886376474
0.171875000,0.562500000,1.02361302752,0.486216188073
0.187500000,0.562500000,0.968867297921,0.460211966513
0.203125000,0.562500000,0.911892626213,0.433148997451
0.218750000,0.562500000,0.853317634420,0.405325876349
0.234375000,0.562500000,0.793819805925,0.377064407814
0.250000000,0.562500000,0.734125302914,0.348709518884
0.265625000,0.562500000,0.675008821572,0.320629190247
0.281250000,0.562500000,0.617293496327,0.293214410755
0.296875000,0.562500000,0.561850861940,0.266879159421
0.312500000,0.562500000,0.509600884433,0.242060420106
0.328125000,0.562500000,0.461512070679,0.219218233573
0.343750000,0.562500000,0.418601665829,0.198835791269
0.359375000,0.562500000,0.381935949168,0.181419575855
0.375000000,0.562500000,0.352508276709,0.167441431437
0.390625000,0.562500000,0.331716974664,0.157565562965
0.406250000,0.562500000,0.320666527814,0.152316600712
0.421875000,0.562500000,0.320784202161,0.152372496026
0.437500000,0.562500000,0.333077812501,0.158211960938
0.453125000,0.562500000,0.359072762792,0.170559562326
0.468750000,0.562500000,0.400196271886,0.190093229146
0.484375000,0.562500000,0.457931140047,0.217517291522
0.500000000,0.562500000,0.533817086190,0.253563115940
0.515625000,0.562500000,0.629452162276,0.298989777081
0.531250000,0.562500000,0.746494217525,0.354584753324
0.546875000,0.562500000,0.886662374271,0.421164627779
0.562500000,0.562500000,1.05173846953,0.499575773026
0.578125000,0.562500000,1.24356839771,0.590694988913
0.593750000,0.562500000,1.46406327873,0.695430057396
0.609375000,0.562500000,1.71520035416,0.814720168227
0.625000000,0.562500000,1.99902349134,0.949536158385
0.640625000,0.562500000,2.31764314790,1.10088049525
0.656250000,0.562500000,2.67323561639,1.26978691778
0.671875000,0.562500000,3.06804132852,1.45731963105
0.687500000,0.562500000,3.50436195049,1.66457192648
0.703125000,0.562500000,3.98455594547,1.89266407410
0.718750000,0.562500000,4.51103220700,2.14274029833
0.734375000,0.562500000,,
0.750000000,0.562500000,,
0.765625000,0.562500000,,
0.781250000,0.562500000,,
0.796875000,0.562500000,,
0.812500000,0.562500000,,
0.828125000,0.562500000,,
0.843750000,0.562500000,,
0.859375000,0.562500000,,
0.875000000,0.562500000,,
0.890625000,0.562500000,,
0.906250000,0.562500000,,
0.921875000,0.562500000,,
0.937500000,0.562500000,,
0.953125000,0.562500000,,
0.968750000,0.562500000,,
0.984375000,0.562500000,,
1.000000000,0.562500000,,
-1.000000000,0.578125000,,
-0.984375000,0.578125000,,
-0.968750000,0.578125000,,
-0.953125000,0.578125000,,
-0.937500000,0.578125000,,
-0.921875000,0.578125000,,
-0.906250000,0.578125000,,
-0.890625000,0.578125000,,
-0.875000000,0.578125000,,
-0.859375000,0.578125000,,
-0.843750000,0.578125000,,
-0.828125000,0.578125000,,
-0.812500000,0.578125000,,
-0.796875000,0.578125000,,
-0.781250000,0.578125000,,
-0.765625000,0.578125000,,
-0.750000000,0.578125000,,
-0.734375000,0.578125000,,
-0.718750000,0.578125000,,
-0.703125000,0.578125000,4.39702386152,2.08858633422
-0.687500000,0.578125000,3.88440937449,1.84509445288
-0.671875000,0.578125000,3.41746939993,1.62329796497
-0.656250000,0.578125000,2.99382863447,1.42206860138
-0.640625000,0.578125000,2.61115980287,1.24030090636
-0.625000000,0.578125000,2.26718942822,1.07691497841
-0.609375000,0.578125000,1.95970188305,0.930858394450
-0.593750000,0.578125000,1.68654207503,0.801107485638
-0.578125000,0.578125000,1.44561706054,0.686668103756
-0.562500000,0.578125000,1.23489682742,0.586575993022
-0.546875000,0.578125000,1.05241444381,0.499896860809
-0.531250000,0.578125000,0.896265736551,0.425726224862
-0.515625000,0.578125000,0.764608629150,0.363189098846
-0.500000000,0.578125000,0.655662248880,0.311439568218
-0.484375000,0.578125000,0.567705887037,0.269660296343
-0.468750000,0.578125000,0.499077882486,0.237061994181
-0.453125000,0.578125000,0.448174481985,0.212882878943
-0.437500000,0.578125000,0.413448721484,0.196388142705
-0.421875000,0.578125000,0.393409356827,0.186869444493
-0.406250000,0.578125000,0.386619871809,0.183644439109
-0.390625000,0.578125000,0.391697578053,0.186056349575
-0.375000000,0.578125000,0.407419955403,0.193524478816
-0.359375000,0.578125000,0.432133908642,0.205263606605
-0.343750000,0.578125000,0.465041276308,0.220894606246
-0.328125000,0.578125000,0.504809614107,0.239784566701
-0.312500000,0.578125000,0.550315561835,0.261399891872
-0.296875000,0.578125000,0.600486473849,0.285231075078
-0.281250000,0.578125000,0.654300265084,0.310792625915
-0.265625000,0.578125000,0.710785346810,0.337623039735
-0.250000000,0.578125000,0.769020642482,0.365284805179
-0.234375000,0.578125000,0.828135675396,0.393364445813
-0.218750000,0.578125000,0.887310717355,0.421472590744
-0.203125000,0.578125000,0.945776989118,0.449244069831
-0.187500000,0.578125000,1.00281690206,0.476338028480
-0.171875000,0.578125000,1.05776433256,0.502438057965
-0.156250000,0.578125000,1.11000491714,0.527252335639
-0.140625000,0.578125000,1.15897636230,0.550513772092
-0.125000000,0.578125000,1.20416875783,0.571980159969
-0.109375000,0.578125000,1.24512488652,0.591434321095
-0.093750000,0.578125000,1.28144052251,0.608684248192
-0.078125000,0.578125000,1.31276471161,0.623563238013
-0.062500000,0.578125000,1.33880002676,0.635930012711
-0.046875000,0.578125000,1.35930279398,0.645668827142
-0.031250000,0.578125000,1.37408328337,0.652689559599
-0.015625000,0.578125000,1.38300586183,0.656927784367
0.000000000,0.578125000,1.38598910436,0.658344824570
0.015625000,0.578125000,1.38300586183,0.656927784367
0.031250000,0.578125000,1.37408328337,0.652689559599
0.046875000,0.578125000,1.35930279398,0.645668827142
0.062500000,0.578125000,1.33880002676,0.635930012711
0.078125000,0.578125000,1.31276471161,0.623563238013
0.093750000,0.578125000,1.28144052251,0.608684248192
0.109375000,0.578125000,1.24512488652,0.591434321095
0.125000000,0.578125000,1.20416875783,0.571980159969
0.140625000,0.578125000,1.15897636230,0.550513772092
0.156250000,0.578125000,1.11000491714,0.527252335639
0.171875000,0.578125000,1.05776433256,0.502438057965
0.187500000,0.578125000,1.00281690206,0.476338028480
0.203125000,0.578125000,0.945776989118,0.449244069831
0.218750000,0.578125000,0.887310717355,0.421472590744
0.234375000,0.578125000,0.828135675396,0.393364445813
0.250000000,0.578125000,0.769020642482,0.365284805179
0.265625000,0.578125000,0.710785346810,0.337623039735
0.281250000,0.578125000,0.654300265084,0.310792625915
0.296875000,0.578125000,0.600486473849,0.285231075078
0.312500000,0.578125000,0.550315561835,0.261399891872
0.328125000,0.578125000,0.504809614107,0.239784566701
0.343750000,0.578125000,0.465041276308,0.220894606246
0.359375000,0.578125000,0.432133908642,0.205263606605
0.375000000,0.578125000,0.407419955403,0.193524478816
0.390625000,0.578125000,0.391697578053,0.186056349575
0.406250000,0.578125000,0.386619871809,0.183644439109
0.421875000,0.578125000,0.393409356827,0.186869444493
0.437500000,0.578125000,0.413448721484,0.196388142705
0.453125000,0.578125000,0.448174481985,0.212882878943
0.468750000,0.578125000,0.499077882486,0.237061994181
0.484375000,0.578125000,0.567705887037,0.269660296343
0.500000000,0.578125000,0.655662248880,0.311439568218
0.515625000,0.578125000,0.764608629150,0.363189098846
0.531250000,0.578125000,0.896265736551,0.425726224862
0.546875000,0.578125000,1.05241444381,0.499896860809
0.562500000,0.578125000,1.23489682742,0.586575993022
0.578125000,0.578125000,1.44561706054,0.686668103756
0.593750000,0.578125000,1.68654207503,0.801107485638
0.609375000,0.578125000,1.95970188305,0.930858394450
0.625000000,0.578125000,2.26718942822,1.07691497841
0.640625000,0.578125000,2.61115980287,1.24030090636
0.656250000,0.578125000,2.99382863447,1.42206860138
0.671875000,0.578125000,3.41746939993,1.62329796497
0.687500000,0.578125000,3.88440937449,1.84509445288
0.703125000,0.578125000,4.39702386152,2.08858633422
0.718750000,0.578125000,,
0.734375000,0.578125000,,
0.750000000,0.578125000,,
0.765625000,0.578125000,,
0.781250000,0.578125000,,
0.796875000,0.578125000,,
0.812500000,0.578125000,,
0.828125000,0.578125000,,
0.843750000,0.578125000,,
0.859375000,0.578125000,,
0.875000000,0.578125000,,
0.890625000,0.578125000,,
0.906250000,0.578125000,,
0.921875000,0.578125000,,
0.937500000,0.578125000,,
0.953125000,0.578125000,,
0.968750000,0.578125000,,
0.984375000,0.578125000,,
1.000000000,0.578125000,,
-1.000000000,0.593750000,,
-0.984375000,0.593750000,,
-0.968750000,0.593750000,,
-0.953125000,0.593750000,,
-0.937500000,0.593750000,,
-0.921875000,0.593750000,,
-0.906250000,0.593750000,,
-0.890625000,0.593750000,,
-0.875000000,0.593750000,,
-0.859375000,0.593750000,,
-0.843750000,0.593750000,,
-0.828125000,0.593750000,,
-0.812500000,0.593750000,,
-0.796875000,0.593750000,,
-0.781250000,0.593750000,,
-0.765625000,0.593750000,,
-0.750000000,0.593750000,,
-0.734375000,0.593750000,,
-0.718750000,0.593750000,,
-0.703125000,0.593750000,,
-0.687500000,0.593750000,4.29444210500,2.03985999987
-0.671875000,0.593750000,3.79519455176,1.80271741208
-0.656250000,0.593750000,3.34106160661,1.58700426314
-0.640625000,0.593750000,2.92969579012,1.39160550031
-0.625000000,0.593750000,2.55879497199,1.21542761170
-0.609375000,0.593750000,2.22610770772,1.05740116117
-0.593750000,0.593750000,1.92943703507,0.916482591658
-0.578125000,0.593750000,1.66664304863,0.791655448100
-0.562500000,0.593750000,1.43564451974,0.681931146875
-0.546875000,0.593750000,1.23441977638,0.586349393782
-0.531250000,0.593750000,1.06100702170,0.503978335308
-0.515625000,0.593750000,0.913504238558,0.433914513315
-0.500000000,0.593750000,0.790068796195,0.375282678193
-0.484375000,0.593750000,0.688916857184,0.327235507162
-0.468750000,0.593750000,0.608322659946,0.288953263474
-0.453125000,0.593750000,0.546617738870,0.259643425963
-0.437500000,0.593750000,0.502190129228,0.238540311383
-0.421875000,0.593750000,0.473483595443,0.224904707835
-0.406250000,0.593750000,0.458996908228,0.218023531408
-0.390625000,0.593750000,0.457386859083,0.217258758064
-0.375000000,0.593750000,0.467042884997,0.221845370373
-0.359375000,0.593750000,0.486740175712,0.231201583463
-0.343750000,0.593750000,0.515191760666,0.244716086317
-0.328125000,0.593750000,0.551163341568,0.261802587245
-0.312500000,0.593750000,0.593319539692,0.281826781354
-0.296875000,0.593750000,0.640843332042,0.304400582720
-0.281250000,0.593750000,0.692498489367,0.328936782449
-0.265625000,0.593750000,0.747260500109,0.354948737552
-0.250000000,0.593750000,0.804157476299,0.381974801242
-0.234375000,0.593750000,0.862270366462,0.409578424070
-0.218750000,0.593750000,0.920733222503,0.437348280689
-0.203125000,0.593750000,0.978733510429,0.464898417454
-0.187500000,0.593750000,1.03551245536,0.491868416295
-0.171875000,0.593750000,1.09036541109,0.517923570268
-0.156250000,0.593750000,1.14264224547,0.542755066597
-0.140625000,0.593750000,1.19174773068,0.566080172071
-0.125000000,0.593750000,1.23714193185,0.587642417628
-0.109375000,0.593750000,1.27834058482,0.607211777790
-0.093750000,0.593750000,1.31491545487,0.624584841065
-0.078125000,0.593750000,1.34649467110,0.639584968773
-0.062500000,0.593750000,1.37276302843,0.652062438505
-0.046875000,0.593750000,1.39346225299,0.661894570171
-0.031250000,0.593750000,1.40839122573,0.668985832220
-0.015625000,0.593750000,1.41740616053,0.673267926254
0.000000000,0.593750000,1.42042073329,0.674699848311
0.015625000,0.593750000,1.41740616053,0.673267926254
0.031250000,0.593750000,1.40839122573,0.668985832220
0.046875000,0.593750000,1.39346225299,0.661894570171
0.062500000,0.593750000,1.37276302843,0.652062438505
0.078125000,0.593750000,1.34649467110,0.639584968773
0.093750000,0.593750000,1.31491545487,0.624584841065
0.109375000,0.593750000,1.27834058482,0.607211777790
0.125000000,0.593750000,1.23714193185,0.587642417628
0.140625000,0.593750000,1.19174773068,0.566080172071
0.156250000,0.593750000,1.14264224547,0.542755066597
0.171875000,0.593750000,1.09036541109,0.517923570268
0.187500000,0.593750000,1.03551245536,0.491868416295
0.203125000,0.593750000,0.978733510429,0.464898417454
0.218750000,0.593750000,0.920733222503,0.437348280689
0.234375000,0.593750000,0.862270366462,0.409578424070
0.250000000,0.593750000,0.804157476299,0.381974801242
0.265625000,0.593750000,0.747260500109,0.354948737552
0.281250000,0.593750000,0.692498489367,0.328936782449
0.296875000,0.593750000,0.640843332042,0.304400582720
0.312500000,0.593750000,0.593319539692,0.281826781354
0.328125000,0.593750000,0.551163341568,0.261802587245
0.343750000,0.593750000,0.515191760666,0.244716086317
0.359375000,0.593750000,0.486740175712,0.231201583463
0.375000000,0.593750000,0.467042884997,0.221845370373
0.390625000,0.593750000,0.457386859083,0.217258758064
0.406250000,0.593750000,0.458996908228,0.218023531408
0.421875000,0.593750000,0.473483595443,0.224904707835
0.437500000,0.593750000,0.502190129228,0.238540311383
0.453125000,0.593750000,0.546617738870,0.259643425963
0.468750000,0.593750000,0.608322659946,0.288953263474
0.484375000,0.593750000,0.688916857184,0.327235507162
0.500000000,0.593750000,0.790068796195,0.375282678193
0.515625000,0.593750000,0.913504238558,0.433914513315
0.531250000,0.593750000,1.06100702170,0.503978335308
0.546875000,0.593750000,1.23441977638,0.586349393782
0.562500000,0.593750000,1.43564451974,0.681931146875
0.578125000,0.593750000,1.66664304863,0.791655448100
0.593750000,0.593750000,1.92943703507,0.916482591658
0.609375000,0.593750000,2.22610770772,1.05740116117
0.625000000,0.593750000,2.55879497199,1.21542761170
0.640625000,0.593750000,2.92969579012,1.39160550031
0.656250000,0.593750000,3.34106160661,1.58700426314
0.671875000,0.593750000,3.79519455176,1.80271741208
0.687500000,0.593750000,4.29444210500,2.03985999987
0.703125000,0.593750000,,
0.718750000,0.593750000,,
0.734375000,0.593750000,,
0.750000000,0.593750000,,
0.765625000,0.593750000,,
0.781250000,0.593750000,,
0.796875000,0.593750000,,
0.812500000,0.593750000,,
0.828125000,0.593750000,,
0.843750000,0.593750000,,
0.859375000,0.593750000,,
0.875000000,0.593750000,,
0.890625000,0.593750000,,
0.906250000,0.593750000,,
0.921875000,0.593750000,,
0.937500000,0.593750000,,
0.953125000,0.593750000,,
0.968750000,0.593750000,,
0.984375000,0.593750000,,
1.000000000,0.593750000,,
-1.000000000,0.609375000,,
-0.984375000,0.609375000,,
-0.968750000,0.609375000,,
-0.953125000,0.609375000,,
-0.937500000,0.609375000,,
-0.921875000,0.609375000,,
-0.906250000,0.609375000,,
-0.890625000,0.609375000,,
-0.875000000,0.609375000,,
-0.859375000,0.609375000,,
-0.843750000,0.609375000,,
-0.828125000,0.609375000,,
-0.812500000,0.609375000,,
-0.796875000,0.609375000,,
-0.781250000,0.609375000,,
-0.765625000,0.609375000,,
-0.750000000,0.609375000,,
-0.734375000,0.609375000,,
-0.718750000,0.609375000,,
-0.703125000,0.609375000,,
-0.687500000,0.609375000,,
-0.671875000,0.609375000,4.20337123784,1.99660133797
-0.656250000,0.609375000,3.71702979167,1.76558915104
-0.640625000,0.609375000,3.27528145516,1.55575869120
-0.625000000,0.609375000,2.87580085390,1.36600540560
-0.609375000,0.609375000,2.51630514034,1.19524494166
-0.593750000,0.609375000,2.19455903646,1.04241554232
-0.578125000,0.609375000,1.90837848813,0.906479781861
-0.562500000,0.609375000,1.65563322178,0.786425780348
-0.546875000,0.609375000,1.43424844279,0.681268010327
-0.531250000,0.609375000,1.24220587147,0.590047788950
-0.515625000,0.609375000,1.07754427885,0.511833532454
-0.500000000,0.609375000,0.938359651532,0.445720834478
-0.484375000,0.609375000,0.822805095286,0.390832420261
-0.468750000,0.609375000,0.729090560579,0.346318016275
-0.453125000,0.609375000,0.655482461107,0.311354169026
-0.437500000,0.609375000,0.600303238034,0.285144038066
-0.421875000,0.609375000,0.561930913271,0.266917183804
-0.406250000,0.609375000,0.538899844957,0.255977426355
-0.390625000,0.609375000,0.529485118752,0.251505431407
-0.375000000,0.609375000,0.532342064876,0.252862480816
-0.359375000,0.609375000,0.546067167482,0.259381904554
-0.343750000,0.609375000,0.569310979371,0.270422715201
-0.328125000,0.609375000,0.600778042219,0.285369570054
-0.312500000,0.609375000,0.639226889275,0.303632772406
-0.296875000,0.609375000,0.683470129367,0.324648311450
-0.281250000,0.609375000,0.732374607795,0.347877938702
-0.265625000,0.609375000,0.784861636191,0.372809277191
-0.250000000,0.609375000,0.839753522502,0.398882923189
-0.234375000,0.609375000,0.896393156977,0.425786749564
-0.218750000,0.609375000,0.953708911470,0.453011732948
-0.203125000,0.609375000,1.01084340529,0.480150617511
-0.187500000,0.609375000,1.06699563608,0.506822927139
-0.171875000,0.609375000,1.12142145122,0.532675189329
-0.156250000,0.609375000,1.17343402636,0.557381162521
-0.140625000,0.609375000,1.22240434275,0.580642062804
-0.125000000,0.609375000,1.26776165426,0.602186785772
-0.109375000,0.609375000,1.30899393639,0.621772119784
-0.093750000,0.609375000,1.34564830959,0.639182947054
-0.078125000,0.609375000,1.37733142884,0.654232428700
-0.062500000,0.609375000,1.40370983617,0.666762172180
-0.046875000,0.609375000,1.42451026626,0.676642376472
-0.031250000,0.609375000,1.43951990515,0.683771954947
-0.015625000,0.609375000,1.44858659390,0.688078632103
0.000000000,0.609375000,1.45161897746,0.689519014292
0.015625000,0.609375000,1.44858659390,0.688078632103
0.031250000,0.609375000,1.43951990515,0.683771954947
0.046875000,0.609375000,1.42451026626,0.676642376472
0.062500000,0.609375000,1.40370983617,0.666762172180
0.078125000,0.609375000,1.37733142884,0.654232428700
0.093750000,0.609375000,1.34564830959,0.639182947054
0.109375000,0.609375000,1.30899393639,0.621772119784
0.125000000,0.609375000,1.26776165426,0.602186785772
0.140625000,0.609375000,1.22240434275,0.580642062804
0.156250000,0.609375000,1.17343402636,0.557381162521
0.171875000,0.609375000,1.12142145122,0.532675189329
0.187500000,0.609375000,1.06699563608,0.506822927139
0.203125000,0.609375000,1.01084340529,0.480150617511
0.218750000,0.609375000,0.953708911470,0.453011732948
0.234375000,0.609375000,0.896393156977,0.425786749564
0.250000000,0.609375000,0.839753522502,0.398882923189
0.265625000,0.609375000,0.784861636191,0.372809277191
0.281250000,0.609375000,0.732374607795,0.347877938702
0.296875000,0.609375000,0.683470129367,0.324648311450
0.312500000,0.609375000,0.639226889275,0.303632772406
0.328125000,0.609375000,0.600778042219,0.285369570054
0.343750000,0.609375000,0.569310979371,0.270422715201
0.359375000,0.609375000,0.546067167482,0.259381904554
0.375000000,0.609375000,0.532342064876,0.252862480816
0.390625000,0.609375000,0.529485118752,0.251505431407
0.406250000,0.609375000,0.538899844957,0.255977426355
0.421875000,0.609375000,0.561930913271,0.266917183804
0.437500000,0.609375000,0.600303238034,0.285144038066
0.453125000,0.609375000,0.655482461107,0.311354169026
0.468750000,0.609375000,0.729090560579,0.346318016275
0.484375000,0.609375000,0.822805095286,0.390832420261
0.500000000,0.609375000,0.938359651532,0.445720834478
0.515625000,0.609375000,1.07754427885,0.511833532454
0.531250000,0.609375000,1.24220587147,0.590047788950
0.546875000,0.609375000,1.43424844279,0.681268010327
0.562500000,0.609375000,1.65563322178,0.786425780348
0.578125000,0.609375000,1.90837848813,0.906479781861
0.593750000,0.609375000,2.19455903646,1.04241554232
0.609375000,0.609375000,2.51630514034,1.19524494166
0.625000000,0.609375000,2.87580085390,1.36600540560
0.640625000,0.609375000,3.27528145516,1.55575869120
0.656250000,0.609375000,3.71702979167,1.76558915104
0.671875000,0.609375000,4.20337123784,1.99660133797
0.687500000,0.609375000,,
0.703125000,0.609375000,,
0.718750000,0.609375000,,
0.734375000,0.609375000,,
0.750000000,0.609375000,,
0.765625000,0.609375000,,
0.781250000,0.609375000,,
0.796875000,0.609375000,,
0.812500000,0.609375000,,
0.828125000,0.609375000,,
0.843750000,0.609375000,,
0.859375000,0.609375000,,
0.875000000,0.609375000,,
0.890625000,0.609375000,,
0.906250000,0.609375000,,
0.921875000,0.609375000,,
0.937500000,0.609375000,,
0.953125000,0.609375000,,
0.968750000,0.609375000,,
0.984375000,0.609375000,,
1.000000000,0.609375000,,
-1.000000000,0.625000000,,
-0.984375000,0.625000000,,
-0.968750000,0.625000000,,
-0.953125000,0.625000000,,
-0.937500000,0.625000000,,
-0.921875000,0.625000000,,
-0.906250000,0.625000000,,
-0.890625000,0.625000000,,
-0.875000000,0.625000000,,
-0.859375000,0.625000000,,
-0.843750000,0.625000000,,
-0.828125000,0.625000000,,
-0.812500000,0.625000000,,
-0.796875000,0.625000000,,
-0.781250000,0.625000000,,
-0.765625000,0.625000000,,
-0.750000000,0.625000000,,
-0.734375000,0.625000000,,
-0.718750000,0.625000000,,
-0.703125000,0.625000000,,
-0.687500000,0.625000000,,
-0.671875000,0.625000000,,
-0.656250000,0.625000000,4.12393954754,1.95887128508
-0.640625000,0.625000000,3.65006343366,1.73378013099
-0.625000000,0.625000000,3.22028814213,1.52963686751
-0.609375000,0.625000000,2.83230487056,1.34534481352
-0.593750000,0.625000000,2.48384449289,1.17982613412
-0.578125000,0.625000000,2.17268242470,1.03202415173
-0.562500000,0.625000000,1.89664223301,0.900905060681
-0.546875000,0.625000000,1.65359825182,0.785459169614
-0.531250000,0.625000000,1.44147742107,0.684701775008
-0.515625000,0.625000000,1.25826052838,0.597673750982
-0.500000000,0.625000000,1.10198299813,0.523441924113
-0.484375000,0.625000000,0.970735347501,0.461099290063
-0.468750000,0.625000000,0.862663405397,0.409765117563
-0.453125000,0.625000000,0.775968372906,0.368584977131
-0.437500000,0.625000000,0.708906785067,0.336730722907
-0.421875000,0.625000000,0.659890106473,0.313447800575
-0.406250000,0.625000000,0.627074956807,0.297860604483
-0.390625000,0.625000000,0.608995283128,0.289272759486
-0.375000000,0.625000000,0.604127952529,0.286960777451
-0.359375000,0.625000000,0.611004883904,0.290227319854
-0.343750000,0.625000000,0.628213116446,0.298401230312
-0.328125000,0.625000000,0.654394945404,0.310837599067
-0.312500000,0.625000000,0.688248126474,0.326917860075
-0.296875000,0.625000000,0.728526146909,0.346049919782
-0.281250000,0.625000000,0.774038561382,0.367668316656
-0.265625000,0.625000000,0.823651385837,0.391234408273
-0.250000000,0.625000000,0.876287542806,0.416236582833
-0.234375000,0.625000000,0.930927351624,0.442190492021
-0.218750000,0.625000000,0.986609054014,0.468639300657
-0.203125000,0.625000000,1.04242936614,0.495153948916
-0.187500000,0.625000000,1.09754404908,0.521333423314
-0.171875000,0.625000000,1.15101296716,0.546731159400
-0.156250000,0.625000000,1.20242561911,0.571152169079
-0.140625000,0.625000000,1.25095965583,0.594205836517
-0.125000000,0.625000000,1.29601276310,0.615606062470
-0.109375000,0.625000000,1.33704446917,0.635096122854
-0.093750000,0.625000000,1.37357663525,0.652448901743
-0.078125000,0.625000000,1.40519390492,0.667467104836
-0.062500000,0.625000000,1.43154410722,0.679983450930
-0.046875000,0.625000000,1.45233860740,0.689860838517
-0.031250000,0.625000000,1.46735259973,0.696992484871
-0.015625000,0.625000000,1.47642534030,0.701302036643
0.000000000,0.625000000,1.47946031473,0.702743649498
0.015625000,0.625000000,1.47642534030,0.701302036643
0.031250000,0.625000000,1.46735259973,0.696992484871
0.046875000,0.625000000,1.45233860740,0.689860838517
0.062500000,0.625000000,1.43154410722,0.679983450930
0.078125000,0.625000000,1.40519390492,0.667467104836
0.093750000,0.625000000,1.37357663525,0.652448901743
0.109375000,0.625000000,1.33704446917,0.635096122854
0.125000000,0.625000000,1.29601276310,0.615606062470
0.140625000,0.625000000,1.25095965583,0.594205836517
0.156250000,0.625000000,1.20242561911,0.571152169079
0.171875000,0.625000000,1.15101296716,0.546731159400
0.187500000,0.625000000,1.09754404908,0.521333423314
0.203125000,0.625000000,1.04242936614,0.495153948916
0.218750000,0.625000000,0.986609054014,0.468639300657
0.234375000,0.625000000,0.930927351624,0.442190492021
0.250000000,0.625000000,0.876287542806,0.416236582833
0.265625000,0.625000000,0.823651385837,0.391234408273
0.281250000,0.625000000,0.774038561382,0.367668316656
0.296875000,0.625000000,0.728526146909,0.346049919782
0.312500000,0.625000000,0.688248126474,0.326917860075
0.328125000,0.625000000,0.654394945404,0.310837599067
0.343750000,0.625000000,0.628213116446,0.298401230312
0.359375000,0.625000000,0.611004883904,0.290227319854
0.375000000,0.625000000,0.604127952529,0.286960777451
0.390625000,0.625000000,0.608995283128,0.289272759486
0.406250000,0.625000000,0.627074956807,0.297860604483
0.421875000,0.625000000,0.659890106473,0.313447800575
0.437500000,0.625000000,0.708906785067,0.336730722907
0.453125000,0.625000000,0.775968372906,0.368584977131
0.468750000,0.625000000,0.862663405397,0.409765117563
0.484375000,0.625000000,0.970735347501,0.461099290063
0.500000000,0.625000000,1.10198299813,0.523441924113
0.515625000,0.625000000,1.25826052838,0.597673750982
0.531250000,0.625000000,1.44147742107,0.684701775008
0.546875000,0.625000000,1.65359825182,0.785459169614
0.562500000,0.625000000,1.89664223301,0.900905060681
0.578125000,0.625000000,2.17268242470,1.03202415173
0.593750000,0.625000000,2.48384449289,1.17982613412
0.609375000,0.625000000,2.83230487056,1.34534481352
0.625000000,0.625000000,3.22028814213,1.52963686751
0.640625000,0.625000000,3.65006343366,1.73378013099
0.656250000,0.625000000,4.12393954754,1.95887128508
0.671875000,0.625000000,,
0.687500000,0.625000000,,
0.703125000,0.625000000,,
0.718750000,0.625000000,,
0.734375000,0.625000000,,
0.750000000,0.625000000,,
0.765625000,0.625000000,,
0.781250000,0.625000000,,
0.796875000,0.625000000,,
0.812500000,0.625000000,,
0.828125000,0.625000000,,
0.843750000,0.625000000,,
0.859375000,0.625000000,,
0.875000000,0.625000000,,
0.890625000,0.625000000,,
0.906250000,0.625000000,,
0.921875000,0.625000000,,
0.937500000,0.625000000,,
0.953125000,0.625000000,,
0.968750000,0.625000000,,
0.984375000,0.625000000,,
1.000000000,0.625000000,,
-1.000000000,0.640625000,,
-0.984375000,0.640625000,,
-0.968750000,0.640625000,,
-0.953125000,0.640625000,,
-0.937500000,0.640625000,,
-0.921875000,0.640625000,,
-0.906250000,0.640625000,,
-0.890625000,0.640625000,,
-0.875000000,0.640625000,,
-0.859375000,0.640625000,,
-0.843750000,0.640625000,,
-0.828125000,0.640625000,,
-0.812500000,0.640625000,,
-0.796875000,0.640625000,,
-0.781250000,0.640625000,,
-0.765625000,0.640625000,,
-0.750000000,0.640625000,,
-0.734375000,0.640625000,,
-0.718750000,0.640625000,,
-0.703125000,0.640625000,,
-0.687500000,0.640625000,,
-0.671875000,0.640625000,,
-0.656250000,0.640625000,,
-0.640625000,0.640625000,4.05630148252,1.92674320420
-0.625000000,0.640625000,3.59445682404,1.70736699142
-0.609375000,0.640625000,3.17624112012,1.50871453206
-0.593750000,0.640625000,2.79935691731,1.32969453572
-0.578125000,0.640625000,2.46154365226,1.16923323483
-0.562500000,0.640625000,2.16058244370,1.02627666076
-0.546875000,0.640625000,1.89429973729,0.899792375215
-0.531250000,0.640625000,1.66057004622,0.788770771953
-0.515625000,0.640625000,1.45731798280,0.692226041829
-0.500000000,0.640625000,1.28251974514,0.609196878941
-0.484375000,0.640625000,1.13420419034,0.538746990410
-0.468750000,0.640625000,1.01045360390,0.479965461852
-0.453125000,0.640625000,0.909404250023,0.431967018761
-0.437500000,0.640625000,0.829345971174,0.393939336308
-0.421875000,0.640625000,0.768314237842,0.364949262975
-0.406250000,0.640625000,0.724721441447,0.344242684687
-0.390625000,0.640625000,0.696922910269,0.331038382378
-0.375000000,0.640625000,0.683329453854,0.324581490581
-0.359375000,0.640625000,0.682407646144,0.324143631919
-0.343750000,0.640625000,0.692680147707,0.329023070161
-0.328125000,0.640625000,0.712726077315,0.338544886725
-0.312500000,0.640625000,0.741181433444,0.352061180886
-0.296875000,0.640625000,0.776739569093,0.368951295319
-0.281250000,0.640625000,0.818151715309,0.388622064772
-0.265625000,0.640625000,0.864227551645,0.410508087032
-0.250000000,0.640625000,0.913835815044,0.434072012146
-0.234375000,0.640625000,0.965904943185,0.458804848013
-0.218750000,0.640625000,1.01942374303,0.484226277941
-0.203125000,0.640625000,1.07344207514,0.509884985693
-0.187500000,0.640625000,1.12707154763,0.535358985125
-0.171875000,0.640625000,1.17948620853,0.560255949049
-0.156250000,0.640625000,1.22992322923,0.584213533885
-0.140625000,0.640625000,1.27768356871,0.606899695136
-0.125000000,0.640625000,1.32213261224,0.628012990816
-0.109375000,0.640625000,1.36270077473,0.647282867996
-0.093750000,0.640625000,1.39888406200,0.664469929452
-0.078125000,0.640625000,1.43024458318,0.679366177013
-0.062500000,0.640625000,1.45641100803,0.691795228812
-0.046875000,0.640625000,1.47707896303,0.701612507441
-0.031250000,0.640625000,1.49201136248,0.708705397178
-0.015625000,0.640625000,1.50103867009,0.712993368295
0.000000000,0.640625000,1.50405908772,0.714428066665
0.015625000,0.640625000,1.50103867009,0.712993368295
0.031250000,0.640625000,1.49201136248,0.708705397178
0.046875000,0.640625000,1.47707896303,0.701612507441
0.062500000,0.640625000,1.45641100803,0.691795228812
0.078125000,0.640625000,1.43024458318,0.679366177013
0.093750000,0.640625000,1.39888406200,0.664469929452
0.109375000,0.640625000,1.36270077473,0.647282867996
0.125000000,0.640625000,1.32213261224,0.628012990816
0.140625000,0.640625000,1.27768356871,0.606899695136
0.156250000,0.640625000,1.22992322923,0.584213533885
0.171875000,0.640625000,1.17948620853,0.560255949049
0.187500000,0.640625000,1.12707154763,0.535358985125
0.203125000,0.640625000,1.07344207514,0.509884985693
0.218750000,0.640625000,1.01942374303,0.484226277941
0.234375000,0.640625000,0.965904943185,0.458804848013
0.250000000,0.640625000,0.913835815044,0.434072012146
0.265625000,0.640625000,0.864227551645,0.410508087032
0.281250000,0.640625000,0.818151715309,0.388622064772
0.296875000,0.640625000,0.776739569093,0.368951295319
0.312500000,0.640625000,0.741181433444,0.352061180886
0.328125000,0.640625000,0.712726077315,0.338544886725
0.343750000,0.640625000,0.692680147707,0.329023070161
0.359375000,0.640625000,0.682407646144,0.324143631919
0.375000000,0.640625000,0.683329453854,0.324581490581
0.390625000,0.640625000,0.696922910269,0.331038382378
0.406250000,0.640625000,0.724721441447,0.344242684687
0.421875000,0.640625000,0.768314237842,0.364949262975
0.437500000,0.640625000,0.829345971174,0.393939336308
0.453125000,0.640625000,0.909404250023,0.431967018761
0.468750000,0.640625000,1.01045360390,0.479965461852
0.484375000,0.640625000,1.13420419034,0.538746990410
0.500000000,0.640625000,1.28251974514,0.609196878941
0.515625000,0.640625000,1.45731798280,0.692226041829
0.531250000,0.640625000,1.66057004622,0.788770771953
0.546875000,0.640625000,1.89429973729,0.899792375215
0.562500000,0.640625000,2.16058244370,1.02627666076
0.578125000,0.640625000,2.46154365226,1.16923323483
0.593750000,0.640625000,2.79935691731,1.32969453572
0.609375000,0.640625000,3.17624112012,1.50871453206
0.625000000,0.640625000,3.59445682404,1.70736699142
0.640625000,0.640625000,4.05630148252,1.92674320420
0.656250000,0.640625000,,
0.671875000,0.640625000,,
0.687500000,0.640625000,,
0.703125000,0.640625000,,
0.718750000,0.640625000,,
0.734375000,0.640625000,,
0.750000000,0.640625000,,
0.765625000,0.640625000,,
0.781250000,0.640625000,,
0.796875000,0.640625000,,
0.812500000,0.640625000,,
0.828125000,0.640625000,,
0.843750000,0.640625000,,
0.859375000,0.640625000,,
0.875000000,0.640625000,,
0.890625000,0.640625000,,
0.906250000,0.640625000,,
0.921875000,0.640625000,,
0.937500000,0.640625000,,
0.953125000,0.640625000,,
0.968750000,0.640625000,,
0.984375000,0.640625000,,
1.000000000,0.640625000,,
-1.000000000,0.656250000,,
-0.984375000,0.656250000,,
-0.968750000,0.656250000,,
-0.953125000,0.656250000,,
-0.937500000,0.656250000,,
-0.921875000,0.656250000,,
-0.906250000,0.656250000,,
-0.890625000,0.656250000,,
-0.875000000,0.656250000,,
-0.859375000,0.656250000,,
-0.843750000,0.656250000,,
-0.828125000,0.656250000,,
-0.812500000,0.656250000,,
-0.796875000,0.656250000,,
-0.781250000,0.656250000,,
-0.765625000,0.656250000,,
-0.750000000,0.656250000,,
-0.734375000,0.656250000,,
-0.718750000,0.656250000,,
-0.703125000,0.656250000,,
-0.687500000,0.656250000,,
-0.671875000,0.656250000,,
-0.656250000,0.656250000,,
-0.640625000,0.656250000,,
-0.625000000,0.656250000,4.00062172518,1.90029531946
-0.609375000,0.656250000,3.55036944467,1.68642548622
-0.593750000,0.656250000,3.14328642047,1.49306104973
-0.578125000,0.656250000,2.77708173856,1.31911382582
-0.562500000,0.656250000,2.44949873471,1.16351189899
-0.546875000,0.656250000,2.15831979744,1.02520190378
-0.531250000,0.656250000,1.90137011978,0.903150806898
-0.515625000,0.656250000,1.67652061736,0.796347293246
-0.500000000,0.656250000,1.48169019613,0.703802843163
-0.484375000,0.656250000,1.31484751669,0.624552570426
-0.468750000,0.656250000,1.17401237599,0.557655878594
-0.453125000,0.656250000,1.05735657287,0.502244372114
-0.437500000,0.656250000,0.962793612327,0.457326965856
-0.421875000,0.656250000,0.888615961403,0.422092581667
-0.406250000,0.656250000,0.833057012325,0.395702080855
-0.390625000,0.656250000,0.794405332732,0.377342533048
-0.375000000,0.656250000,0.771005250820,0.366227494139
-0.359375000,0.656250000,0.761257440303,0.361597284144
-0.343750000,0.656250000,0.763619521727,0.362719272821
-0.328125000,0.656250000,0.776606689231,0.368888177385
-0.312500000,0.656250000,0.798792370040,0.379426375769
-0.296875000,0.656250000,0.828808918462,0.393684236270
-0.281250000,0.656250000,0.865348343296,0.411040463066
-0.265625000,0.656250000,0.907163067469,0.430902457048
-0.250000000,0.656250000,0.953066714475,0.452706689376
-0.234375000,0.656250000,1.00193491489,0.475919084575
-0.218750000,0.656250000,1.05270612746,0.500035410546
-0.203125000,0.656250000,1.10438246600,0.524581671352
-0.187500000,0.656250000,1.15603052413,0.549114498961
-0.171875000,0.656250000,1.20678218940,0.573221539964
-0.156250000,0.656250000,1.25583543803,0.596521833065
-0.140625000,0.656250000,1.30245510225,0.618666173566
-0.125000000,0.656250000,1.34597360166,0.639337460786
-0.109375000,0.656250000,1.38579163053,0.658251024502
-0.093750000,0.656250000,1.42137879466,0.675154927462
-0.078125000,0.656250000,1.45227418921,0.689830239876
-0.062500000,0.656250000,1.47808691401,0.702091284156
-0.046875000,0.656250000,1.49849651760,0.711785845859
-0.031250000,0.656250000,1.51325336830,0.718795349940
-0.015625000,0.656250000,1.52217894617,0.723034999430
0.000000000,0.656250000,1.52516605438,0.724453875830
0.015625000,0.656250000,1.52217894617,0.723034999430
0.031250000,0.656250000,1.51325336830,0.718795349940
0.046875000,0.656250000,1.49849651760,0.711785845859
0.062500000,0.656250000,1.47808691401,0.702091284156
0.078125000,0.656250000,1.45227418921,0.689830239876
0.093750000,0.656250000,1.42137879466,0.675154927462
0.109375000,0.656250000,1.38579163053,0.658251024502
0.125000000,0.656250000,1.34597360166,0.639337460786
0.140625000,0.656250000,1.30245510225,0.618666173566
0.156250000,0.656250000,1.25583543803,0.596521833065
0.171875000,0.656250000,1.20678218940,0.573221539964
0.187500000,0.656250000,1.15603052413,0.549114498961
0.203125000,0.656250000,1.10438246600,0.524581671352
0.218750000,0.656250000,1.05270612746,0.500035410546
0.234375000,0.656250000,1.00193491489,0.475919084575
0.250000000,0.656250000,0.953066714475,0.452706689376
0.265625000,0.656250000,0.907163067469,0.430902457048
0.281250000,0.656250000,0.865348343296,0.411040463066
0.296875000,0.656250000,0.828808918462,0.393684236270
0.312500000,0.656250000,0.798792370040,0.379426375769
0.328125000,0.656250000,0.776606689231,0.368888177385
0.343750000,0.656250000,0.763619521727,0.362719272821
0.359375000,0.656250000,0.761257440303,0.361597284144
0.375000000,0.656250000,0.771005250820,0.366227494139
0.390625000,0.656250000,0.794405332732,0.377342533048
0.406250000,0.656250000,0.833057012325,0.395702080855
0.421875000,0.656250000,0.888615961403,0.422092581667
0.437500000,0.656250000,0.962793612327,0.457326965856
0.453125000,0.656250000,1.05735657287,0.502244372114
0.468750000,0.656250000,1.17401237599,0.557655878594
0.484375000,0.656250000,1.31484751669,0.624552570426
0.500000000,0.656250000,1.48169019613,0.703802843163
0.515625000,0.656250000,1.67652061736,0.796347293246
0.531250000,0.656250000,1.90137011978,0.903150806898
0.546875000,0.656250000,2.15831979744,1.02520190378
0.562500000,0.656250000,2.44949873471,1.16351189899
0.578125000,0.656250000,2.77708173856,1.31911382582
0.593750000,0.656250000,3.14328642047,1.49306104973
0.609375000,0.656250000,3.55036944467,1.68642548622
0.625000000,0.656250000,4.00062172518,1.90029531946
0.640625000,0.656250000,,
0.656250000,0.656250000,,
0.671875000,0.656250000,,
0.687500000,0.656250000,,
0.703125000,0.656250000,,
0.718750000,0.656250000,,
0.734375000,0.656250000,,
0.750000000,0.656250000,,
0.765625000,0.656250000,,
0.781250000,0.656250000,,
0.796875000,0.656250000,,
0.812500000,0.656250000,,
0.828125000,0.656250000,,
0.843750000,0.656250000,,
0.859375000,0.656250000,,
0.875000000,0.656250000,,
0.890625000,0.656250000,,
0.906250000,0.656250000,,
0.921875000,0.656250000,,
0.937500000,0.656250000,,
0.953125000,0.656250000,,
0.968750000,0.656250000,,
0.984375000,0.656250000,,
1.000000000,0.656250000,,
-1.000000000,0.671875000,,
-0.984375000,0.671875000,,
-0.968750000,0.671875000,,
-0.953125000,0.671875000,,
-0.937500000,0.671875000,,
-0.921875000,0.671875000,,
-0.906250000,0.671875000,,
-0.890625000,0.671875000,,
-0.875000000,0.671875000,,
-0.859375000,0.671875000,,
-0.843750000,0.671875000,,
-0.828125000,0.671875000,,
-0.812500000,0.671875000,,
-0.796875000,0.671875000,,
-0.781250000,0.671875000,,
-0.765625000,0.671875000,,
-0.750000000,0.671875000,,
-0.734375000,0.671875000,,
-0.718750000,0.671875000,,
-0.703125000,0.671875000,,
-0.687500000,0.671875000,,
-0.671875000,0.671875000,,
-0.656250000,0.671875000,,
-0.640625000,0.671875000,,
-0.625000000,0.671875000,,
-0.609375000,0.671875000,,
-0.593750000,0.671875000,3.51794652038,1.67102459718
-0.578125000,0.671875000,3.12154566865,1.48273419261
-0.562500000,0.671875000,2.76557027795,1.31364588203
-0.546875000,0.671875000,2.44776349090,1.16268765818
-0.531250000,0.671875000,2.16590515853,1.02880495030
-0.515625000,0.671875000,1.91781575555,0.910962483888
-0.500000000,0.671875000,1.70135952369,0.808145773754
-0.484375000,0.671875000,1.51444700873,0.719362329149
-0.468750000,0.671875000,1.35513860146,0.643690835693
-0.453125000,0.671875000,1.22122746323,0.580083045033
-0.437500000,0.671875000,1.11089015744,0.527672824784
-0.421875000,0.671875000,1.02223975408,0.485563883187
-0.406250000,0.671875000,0.953443216373,0.452885527777
-0.390625000,0.671875000,0.902722408210,0.428793143900
-0.375000000,0.671875000,0.868355043587,0.412468645704
-0.359375000,0.671875000,0.848675604611,0.403120912190
-0.343750000,0.671875000,0.842076246542,0.399986217107
-0.328125000,0.671875000,0.847007705891,0.402328660298
-0.312500000,0.671875000,0.861980217135,0.409440603139
-0.296875000,0.671875000,0.885564445994,0.420643111847
-0.281250000,0.671875000,0.916392437668,0.435286407892
-0.265625000,0.671875000,0.953158581622,0.452750326270
-0.250000000,0.671875000,0.994620587441,0.472444779035
-0.234375000,0.671875000,1.03960046862,0.493810222594
-0.218750000,0.671875000,1.08698552738,0.516318125504
-0.203125000,0.671875000,1.13572933287,0.539471433114
-0.187500000,0.671875000,1.18485268673,0.562805026195
-0.171875000,0.671875000,1.23344456663,0.585886169150
-0.156250000,0.671875000,1.28066304008,0.608314944037
-0.140625000,0.671875000,1.32573614055,0.629724666762
-0.125000000,0.671875000,1.36796269762,0.649782281368
-0.109375000,0.671875000,1.40671311362,0.668188728968
-0.093750000,0.671875000,1.44143007967,0.684679287842
-0.078125000,0.671875000,1.47162922427,0.699023881527
-0.062500000,0.671875000,1.49689968790,0.711027351753
-0.046875000,0.671875000,1.51690461958,0.720529694299
-0.031250000,0.671875000,1.53138158863,0.727406254600
-0.015625000,0.671875000,1.54014291012,0.731567882308
0.000000000,0.671875000,1.54307587870,0.732961042381
0.015625000,0.671875000,1.54014291012,0.731567882308
0.031250000,0.671875000,1.53138158863,0.727406254600
0.046875000,0.671875000,1.51690461958,0.720529694299
0.062500000,0.671875000,1.49689968790,0.711027351753
0.078125000,0.671875000,1.47162922427,0.699023881527
0.093750000,0.671875000,1.44143007967,0.684679287842
0.109375000,0.671875000,1.40671311362,0.668188728968
0.125000000,0.671875000,1.36796269762,0.649782281368
0.140625000,0.671875000,1.32573614055,0.629724666762
0.156250000,0.671875000,1.28066304008,0.608314944037
0.171875000,0.671875000,1.23344456663,0.585886169150
0.187500000,0.671875000,1.18485268673,0.562805026195
0.203125000,0.671875000,1.13572933287,0.539471433114
0.218750000,0.671875000,1.08698552738,0.516318125504
0.234375000,0.671875000,1.03960046862,0.493810222594
0.250000000,0.671875000,0.994620587441,0.472444779035
0.265625000,0.671875000,0.953158581622,0.452750326270
0.281250000,0.671875000,0.916392437668,0.435286407892
0.296875000,0.671875000,0.885564445994,0.420643111847
0.312500000,0.671875000,0.861980217135,0.409440603139
0.328125000,0.671875000,0.847007705891,0.402328660298
0.343750000,0.671875000,0.842076246542,0.399986217107
0.359375000,0.671875000,0.848675604611,0.403120912190
0.375000000,0.671875000,0.868355043587,0.412468645704
0.390625000,0.671875000,0.902722408210,0.428793143900
0.406250000,0.671875000,0.953443216373,0.452885527777
0.421875000,0.671875000,1.02223975408,0.485563883187
0.437500000,0.671875000,1.11089015744,0.527672824784
0.453125000,0.671875000,1.22122746323,0.580083045033
0.468750000,0.671875000,1.35513860146,0.643690835693
0.484375000,0.671875000,1.51444700873,0.719362329149
0.500000000,0.671875000,1.70135952369,0.808145773754
0.515625000,0.671875000,1.91781575555,0.910962483888
0.531250000,0.671875000,2.16590515853,1.02880495030
0.546875000,0.671875000,2.44776349090,1.16268765818
0.562500000,0.671875000,2.76557027795,1.31364588203
0.578125000,0.671875000,3.12154566865,1.48273419261
0.593750000,0.671875000,3.51794652038,1.67102459718
0.609375000,0.671875000,,
0.625000000,0.671875000,,
0.640625000,0.671875000,,
0.656250000,0.671875000,,
0.671875000,0.671875000,,
0.687500000,0.671875000,,
0.703125000,0.671875000,,
0.718750000,0.671875000,,
0.734375000,0.671875000,,
0.750000000,0.671875000,,
0.765625000,0.671875000,,
0.781250000,0.671875000,,
0.796875000,0.671875000,,
0.812500000,0.671875000,,
0.828125000,0.671875000,,
0.843750000,0.671875000,,
0.859375000,0.671875000,,
0.875000000,0.671875000,,
0.890625000,0.671875000,,
0.906250000,0.671875000,,
0.921875000,0.671875000,,
0.937500000,0.671875000,,
0.953125000,0.671875000,,
0.968750000,0.671875000,,
0.984375000,0.671875000,,
1.000000000,0.671875000,,
-1.000000000,0.687500000,,
-0.984375000,0.687500000,,
-0.968750000,0.687500000,,
-0.953125000,0.687500000,,
-0.937500000,0.687500000,,
-0.921875000,0.687500000,,
-0.906250000,0.687500000,,
-0.890625000,0.687500000,,
-0.875000000,0.687500000,,
-0.859375000,0.687500000,,
-0.843750000,0.687500000,,
-0.828125000,0.687500000,,
-0.812500000,0.687500000,,
-0.796875000,0.687500000,,
-0.781250000,0.687500000,,
-0.765625000,0.687500000,,
-0.750000000,0.687500000,,
-0.734375000,0.687500000,,
-0.718750000,0.687500000,,
-0.703125000,0.687500000,,
-0.687500000,0.687500000,,
-0.671875000,0.687500000,,
-0.656250000,0.687500000,,
-0.640625000,0.687500000,,
-0.625000000,0.687500000,,
-0.609375000,0.687500000,,
-0.593750000,0.687500000,,
-0.578125000,0.687500000,3.49730940013,1.66122196506
-0.562500000,0.687500000,3.11110807878,1.47777633742
-0.546875000,0.687500000,2.76487337799,1.31331485455
-0.531250000,0.687500000,2.45634479513,1.16676377769
-0.515625000,0.687500000,2.18329651881,1.03706584643
-0.500000000,0.687500000,1.94354155652,0.923182239345
-0.484375000,0.687500000,1.73503955822,0.824143790153
-0.468750000,0.687500000,1.55546815550,0.738847373864
-0.453125000,0.687500000,1.40289517650,0.666375208838
-0.437500000,0.687500000,1.27531762583,0.605775872269
-0.421875000,0.687500000,1.17078382612,0.556122317409
-0.406250000,0.687500000,1.08739500999,0.516512629745
-0.390625000,0.687500000,1.02330677120,0.486070716318
-0.375000000,0.687500000,0.976730416793,0.463946947977
-0.359375000,0.687500000,0.945934250985,0.449318769218
-0.343750000,0.687500000,0.929244816192,0.441391287691
-0.328125000,0.687500000,0.925048107163,0.439397850902
-0.312500000,0.687500000,0.931790770604,0.442600616037
-0.296875000,0.687500000,0.947981297885,0.450291116495
-0.281250000,0.687500000,0.972191213952,0.461790826627
-0.265625000,0.687500000,1.00305626379,0.476451725299
-0.250000000,0.687500000,1.03927759408,0.493656857187
-0.234375000,0.687500000,1.07962292761,0.512820890615
-0.218750000,0.687500000,1.12292772334,0.533390668588
-0.203125000,0.687500000,1.16809631876,0.554845751413
-0.187500000,0.687500000,1.21410304491,0.576698946332
-0.171875000,0.687500000,1.25999330905,0.598496821799
-0.156250000,0.687500000,1.30488463505,0.619820201649
-0.140625000,0.687500000,1.34796765603,0.640284636613
-0.125000000,0.687500000,1.38850704899,0.659540848269
-0.109375000,0.687500000,1.42584240696,0.677275143304
-0.093750000,0.687500000,1.45938903890,0.693209793479
-0.078125000,0.687500000,1.48863869260,0.707103378984
-0.062500000,0.687500000,1.51316019392,0.718751092112
-0.046875000,0.687500000,1.53259999660,0.727984998384
-0.031250000,0.687500000,1.54668263936,0.734674253696
-0.015625000,0.687500000,1.55521110486,0.738725274809
0.000000000,0.687500000,1.55806707849,0.740081862281
0.015625000,0.687500000,1.55521110486,0.738725274809
0.031250000,0.687500000,1.54668263936,0.734674253696
0.046875000,0.687500000,1.53259999660,0.727984998384
0.062500000,0.687500000,1.51316019392,0.718751092112
0.078125000,0.687500000,1.48863869260,0.707103378984
0.093750000,0.687500000,1.45938903890,0.693209793479
0.109375000,0.687500000,1.42584240696,0.677275143304
0.125000000,0.687500000,1.38850704899,0.659540848269
0.140625000,0.687500000,1.34796765603,0.640284636613
0.156250000,0.687500000,1.30488463505,0.619820201649
0.171875000,0.687500000,1.25999330905,0.598496821799
0.187500000,0.687500000,1.21410304491,0.576698946332
0.203125000,0.687500000,1.16809631876,0.554845751413
0.218750000,0.687500000,1.12292772334,0.533390668588
0.234375000,0.687500000,1.07962292761,0.512820890615
0.250000000,0.687500000,1.03927759408,0.493656857187
0.265625000,0.687500000,1.00305626379,0.476451725299
0.281250000,0.687500000,0.972191213952,0.461790826627
0.296875000,0.687500000,0.947981297885,0.450291116495
0.312500000,0.687500000,0.931790770604,0.442600616037
0.328125000,0.687500000,0.925048107163,0.439397850902
0.343750000,0.687500000,0.929244816192,0.441391287691
0.359375000,0.687500000,0.945934250985,0.449318769218
0.375000000,0.687500000,0.976730416793,0.463946947977
0.390625000,0.687500000,1.02330677120,0.486070716318
0.406250000,0.687500000,1.08739500999,0.516512629745
0.421875000,0.687500000,1.17078382612,0.556122317409
0.437500000,0.687500000,1.27531762583,0.605775872269
0.453125000,0.687500000,1.40289517650,0.666375208838
0.468750000,0.687500000,1.55546815550,0.738847373864
0.484375000,0.687500000,1.73503955822,0.824143790153
0.500000000,0.687500000,1.94354155652,0.923182239345
0.515625000,0.687500000,2.18329651881,1.03706584643
0.531250000,0.687500000,2.45634479513,1.16676377769
0.546875000,0.687500000,2.76487337799,1.31331485455
0.562500000,0.687500000,3.11110807878,1.47777633742
0.578125000,0.687500000,3.49730940013,1.66122196506
0.593750000,0.687500000,,
0.609375000,0.687500000,,
0.625000000,0.687500000,,
0.640625000,0.687500000,,
0.656250000,0.687500000,,
0.671875000,0.687500000,,
0.687500000,0.687500000,,
0.703125000,0.687500000,,
0.718750000,0.687500000,,
0.734375000,0.687500000,,
0.750000000,0.687500000,,
0.765625000,0.687500000,,
0.781250000,0.687500000,,
0.796875000,0.687500000,,
0.812500000,0.687500000,,
0.828125000,0.687500000,,
0.843750000,0.687500000,,
0.859375000,0.687500000,,
0.875000000,0.687500000,,
0.890625000,0.687500000,,
0.906250000,0.687500000,,
0.921875000,0.687500000,,
0.937500000,0.687500000,,
0.953125000,0.687500000,,
0.968750000,0.687500000,,
0.984375000,0.687500000,,
1.000000000,0.687500000,,
-1.000000000,0.703125000,,
-0.984375000,0.703125000,,
-0.968750000,0.703125000,,
-0.953125000,0.703125000,,
-0.937500000,0.703125000,,
-0.921875000,0.703125000,,
-0.906250000,0.703125000,,
-0.890625000,0.703125000,,
-0.875000000,0.703125000,,
-0.859375000,0.703125000,,
-0.843750000,0.703125000,,
-0.828125000,0.703125000,,
-0.812500000,0.703125000,,
-0.796875000,0.703125000,,
-0.781250000,0.703125000,,
-0.765625000,0.703125000,,
-0.750000000,0.703125000,,
-0.734375000,0.703125000,,
-0.718750000,0.703125000,,
-0.703125000,0.703125000,,
-0.687500000,0.703125000,,
-0.671875000,0.703125000,,
-0.656250000,0.703125000,,
-0.640625000,0.703125000,,
-0.625000000,0.703125000,,
-0.609375000,0.703125000,,
-0.593750000,0.703125000,,
-0.578125000,0.703125000,,
-0.562500000,0.703125000,,
-0.546875000,0.703125000,3.11202566487,1.47821219081
-0.531250000,0.703125000,2.77499887962,1.31812446782
-0.515625000,0.703125000,2.47520170467,1.17572080972
-0.500000000,0.703125000,2.21040027365,1.04994012998
-0.484375000,0.703125000,1.97849194541,0.939783674071
-0.468750000,0.703125000,1.77712085736,0.844132407248
-0.453125000,0.703125000,1.60428442610,0.762035102397
-0.437500000,0.703125000,1.45791834674,0.692511214702
-0.421875000,0.703125000,1.33600774034,0.634603676660
-0.406250000,0.703125000,1.23658929283,0.587379914095
-0.390625000,0.703125000,1.15775319899,0.549932769521
-0.375000000,0.703125000,1.09764496039,0.521381356183
-0.359375000,0.703125000,1.05446707446,0.500871860370
-0.343750000,0.703125000,1.02648064445,0.487578306116
-0.328125000,0.703125000,1.01200693086,0.480703292156
-0.312500000,0.703125000,1.00942886045,0.479478708714
-0.296875000,0.703125000,1.01719250282,0.483166438838
-0.281250000,0.703125000,1.03380852126,0.491059047600
-0.265625000,0.703125000,1.05785360084,0.502480460401
-0.250000000,0.703125000,1.08797185233,0.516786629858
-0.234375000,0.703125000,1.12287619248,0.533366191429
-0.218750000,0.703125000,1.16134969510,0.551641105174
-0.203125000,0.703125000,1.20224690743,0.571067281031
-0.187500000,0.703125000,1.24449512811,0.591135185852
-0.171875000,0.703125000,1.28709563718,0.611370427659
-0.156250000,0.703125000,1.32912487328,0.631334314809
-0.140625000,0.703125000,1.36973554958,0.650624386049
-0.125000000,0.703125000,1.40815770115,0.668874908048
-0.109375000,0.703125000,1.44369965770,0.685757337409
-0.093750000,0.703125000,1.47574893342,0.700980743376
-0.078125000,0.703125000,1.50377302879,0.714292188674
-0.062500000,0.703125000,1.52732013788,0.725477065495
-0.046875000,0.703125000,1.54601975568,0.734359383946
-0.031250000,0.703125000,1.55958318243,0.740802011652
-0.015625000,0.703125000,1.56780391844,0.744706861260
0.000000000,0.703125000,1.57055794952,0.746015026024
0.015625000,0.703125000,1.56780391844,0.744706861260
0.031250000,0.703125000,1.55958318243,0.740802011652
0.046875000,0.703125000,1.54601975568,0.734359383946
0.062500000,0.703125000,1.52732013788,0.725477065495
0.078125000,0.703125000,1.50377302879,0.714292188674
0.093750000,0.703125000,1.47574893342,0.700980743376
0.109375000,0.703125000,1.44369965770,0.685757337409
0.125000000,0.703125000,1.40815770115,0.668874908048
0.140625000,0.703125000,1.36973554958,0.650624386049
0.156250000,0.703125000,1.32912487328,0.631334314809
0.171875000,0.703125000,1.28709563718,0.611370427659
0.187500000,0.703125000,1.24449512811,0.591135185852
0.203125000,0.703125000,1.20224690743,0.571067281031
0.218750000,0.703125000,1.16134969510,0.551641105174
0.234375000,0.703125000,1.12287619248,0.533366191429
0.250000000,0.703125000,1.08797185233,0.516786629858
0.265625000,0.703125000,1.05785360084,0.502480460401
0.281250000,0.703125000,1.03380852126,0.491059047600
0.296875000,0.703125000,1.01719250282,0.483166438838
0.312500000,0.703125000,1.00942886045,0.479478708714
0.328125000,0.703125000,1.01200693086,0.480703292156
0.343750000,0.703125000,1.02648064445,0.487578306116
0.359375000,0.703125000,1.05446707446,0.500871860370
0.375000000,0.703125000,1.09764496039,0.521381356183
0.390625000,0.703125000,1.15775319899,0.549932769521
0.406250000,0.703125000,1.23658929283,0.587379914095
0.421875000,0.703125000,1.33600774034,0.634603676660
0.437500000,0.703125000,1.45791834674,0.692511214702
0.453125000,0.703125000,1.60428442610,0.762035102397
0.468750000,0.703125000,1.77712085736,0.844132407248
0.484375000,0.703125000,1.97849194541,0.939783674071
0.500000000,0.703125000,2.21040027365,1.04994012998
0.515625000,0.703125000,2.47520170467,1.17572080972
0.531250000,0.703125000,2.77499887962,1.31812446782
0.546875000,0.703125000,3.11202566487,1.47821219081
0.562500000,0.703125000,,
0.578125000,0.703125000,,
0.593750000,0.703125000,,
0.609375000,0.703125000,,
0.625000000,0.703125000,,
0.640625000,0.703125000,,
0.656250000,0.703125000,,
0.671875000,0.703125000,,
0.687500000,0.703125000,,
0.703125000,0.703125000,,
0.718750000,0.703125000,,
0.734375000,0.703125000,,
0.750000000,0.703125000,,
0.765625000,0.703125000,,
0.781250000,0.703125000,,
0.796875000,0.703125000,,
0.812500000,0.703125000,,
0.828125000,0.703125000,,
0.843750000,0.703125000,,
0.859375000,0.703125000,,
0.875000000,0.703125000,,
0.890625000,0.703125000,,
0.906250000,0.703125000,,
0.921875000,0.703125000,,
0.937500000,0.703125000,,
0.953125000,0.703125000,,
0.968750000,0.703125000,,
0.984375000,0.703125000,,
1.000000000,0.703125000,,
-1.000000000,0.718750000,,
-0.984375000,0.718750000,,
-0.968750000,0.718750000,,
-0.953125000,0.718750000,,
-0.937500000,0.718750000,,
-0.921875000,0.718750000,,
-0.906250000,0.718750000,,
-0.890625000,0.718750000,,
-0.875000000,0.718750000,,
-0.859375000,0.718750000,,
-0.843750000,0.718750000,,
-0.828125000,0.718750000,,
-0.812500000,0.718750000,,
-0.796875000,0.718750000,,
-0.781250000,0.718750000,,
-0.765625000,0.718750000,,
-0.750000000,0.718750000,,
-0.734375000,0.718750000,,
-0.718750000,0.718750000,,
-0.703125000,0.718750000,,
-0.687500000,0.718750000,,
-0.671875000,0.718750000,,
-0.656250000,0.718750000,,
-0.640625000,0.718750000,,
-0.625000000,0.718750000,,
-0.609375000,0.718750000,,
-0.593750000,0.718750000,,
-0.578125000,0.718750000,,
-0.562500000,0.718750000,,
-0.546875000,0.718750000,,
-0.531250000,0.718750000,3.12431185873,1.48404813290
-0.515625000,0.718750000,2.79591230072,1.32805834284
-0.500000000,0.718750000,2.50434664050,1.18956465424
-0.484375000,0.718750000,2.24716055457,1.06740126342
-0.468750000,0.718750000,2.02226130872,0.960574121642
-0.453125000,0.718750000,1.82748197569,0.868053938453
-0.437500000,0.718750000,1.66069960014,0.788832310069
-0.421875000,0.718750000,1.51983827322,0.721923179778
-0.406250000,0.718750000,1.40287188132,0.666364143627
-0.390625000,0.718750000,1.30782659966,0.621217634837
-0.375000000,0.718750000,1.23278318438,0.585572012583
-0.359375000,0.718750000,1.17587911127,0.558542577851
-0.343750000,0.718750000,1.13531059280,0.539272531582
-0.328125000,0.718750000,1.10933450114,0.526933888043
-0.312500000,0.718750000,1.09627021733,0.520728353233
-0.296875000,0.718750000,1.09450141948,0.519888174254
-0.281250000,0.718750000,1.10247781917,0.523676964108
-0.265625000,0.718750000,1.11871685257,0.531390504971
-0.250000000,0.718750000,1.14180532728,0.542357530458
-0.234375000,0.718750000,1.17040102544,0.555940487085
-0.218750000,0.718750000,1.20323426033,0.571536273657
-0.203125000,0.718750000,1.23910938267,0.588576956768
-0.187500000,0.718750000,1.27690623190,0.606530460153
-0.171875000,0.718750000,1.31558152643,0.624901225055
-0.156250000,0.718750000,1.35417018644,0.643230838559
-0.140625000,0.718750000,1.39178658255,0.661098626713
-0.125000000,0.718750000,1.42762570369,0.678122209254
-0.109375000,0.718750000,1.46096423678,0.693958012471
-0.093750000,0.718750000,1.49116155325,0.708301737792
-0.078125000,0.718750000,1.51766059448,0.720888782378
-0.062500000,0.718750000,1.53998865154,0.731494609481
-0.046875000,0.718750000,1.55775803439,0.739935066336
-0.031250000,0.718750000,1.57066662482,0.746066646792
-0.015625000,0.718750000,1.57849831171,0.749786698062
0.000000000,0.718750000,1.58112330233,0.751033568609
0.015625000,0.718750000,1.57849831171,0.749786698062
0.031250000,0.718750000,1.57066662482,0.746066646792
0.046875000,0.718750000,1.55775803439,0.739935066336
0.062500000,0.718750000,1.53998865154,0.731494609481
0.078125000,0.718750000,1.51766059448,0.720888782378
0.093750000,0.718750000,1.49116155325,0.708301737792
0.109375000,0.718750000,1.46096423678,0.693958012471
0.125000000,0.718750000,1.42762570369,0.678122209254
0.140625000,0.718750000,1.39178658255,0.661098626713
0.156250000,0.718750000,1.35417018644,0.643230838559
0.171875000,0.718750000,1.31558152643,0.624901225055
0.187500000,0.718750000,1.27690623190,0.606530460153
0.203125000,0.718750000,1.23910938267,0.588576956768
0.218750000,0.718750000,1.20323426033,0.571536273657
0.234375000,0.718750000,1.17040102544,0.555940487085
0.250000000,0.718750000,1.14180532728,0.542357530458
0.265625000,0.718750000,1.11871685257,0.531390504971
0.281250000,0.718750000,1.10247781917,0.523676964108
0.296875000,0.718750000,1.09450141948,0.519888174254
0.312500000,0.718750000,1.09627021733,0.520728353233
0.328125000,0.718750000,1.10933450114,0.526933888043
0.343750000,0.718750000,1.13531059280,0.539272531582
0.359375000,0.718750000,1.17587911127,0.558542577851
0.375000000,0.718750000,1.23278318438,0.585572012583
0.390625000,0.718750000,1.30782659966,0.621217634837
0.406250000,0.718750000,1.40287188132,0.666364143627
0.421875000,0.718750000,1.51983827322,0.721923179778
0.437500000,0.718750000,1.66069960014,0.788832310069
0.453125000,0.718750000,1.82748197569,0.868053938453
0.468750000,0.718750000,2.02226130872,0.960574121642
0.484375000,0.718750000,2.24716055457,1.06740126342
0.500000000,0.718750000,2.50434664050,1.18956465424
0.515625000,0.718750000,2.79591230072,1.32805834284
0.531250000,0.718750000,3.12431185873,1.48404813290
0.546875000,0.718750000,,
0.562500000,0.718750000,,
0.578125000,0.718750000,,
0.593750000,0.718750000,,
0.609375000,0.718750000,,
0.625000000,0.718750000,,
0.640625000,0.718750000,,
0.656250000,0.718750000,,
0.671875000,0.718750000,,
0.687500000,0.718750000,,
0.703125000,0.718750000,,
0.718750000,0.718750000,,
0.734375000,0.718750000,,
0.750000000,0.718750000,,
0.765625000,0.718750000,,
0.781250000,0.718750000,,
0.796875000,0.718750000,,
0.812500000,0.718750000,,
0.828125000,0.718750000,,
0.843750000,0.718750000,,
0.859375000,0.718750000,,
0.875000000,0.718750000,,
0.890625000,0.718750000,,
0.906250000,0.718750000,,
0.921875000,0.718750000,,
0.937500000,0.718750000,,
0.953125000,0.718750000,,
0.968750000,0.718750000,,
0.984375000,0.718750000,,
1.000000000,0.718750000,,
-1.000000000,0.734375000,,
-0.984375000,0.734375000,,
-0.968750000,0.734375000,,
-0.953125000,0.734375000,,
-0.937500000,0.734375000,,
-0.921875000,0.734375000,,
-0.906250000,0.734375000,,
-0.890625000,0.734375000,,
-0.875000000,0.734375000,,
-0.859375000,0.734375000,,
-0.843750000,0.734375000,,
-0.828125000,0.734375000,,
-0.812500000,0.734375000,,
-0.796875000,0.734375000,,
-0.781250000,0.734375000,,
-0.765625000,0.734375000,,
-0.750000000,0.734375000,,
-0.734375000,0.734375000,,
-0.718750000,0.734375000,,
-0.703125000,0.734375000,,
-0.687500000,0.734375000,,
-0.671875000,0.734375000,,
-0.656250000,0.734375000,,
-0.640625000,0.734375000,,
-0.625000000,0.734375000,,
-0.609375000,0.734375000,,
-0.593750000,0.734375000,,
-0.578125000,0.734375000,,
-0.562500000,0.734375000,,
-0.546875000,0.734375000,,
-0.531250000,0.734375000,,
-0.515625000,0.734375000,,
-0.500000000,0.734375000,2.82763034864,1.34312441560
-0.484375000,0.734375000,2.54343609542,1.20813214532
-0.468750000,0.734375000,2.29321110434,1.08927527456
-0.453125000,0.734375000,2.07473697501,0.985500063128
-0.437500000,0.734375000,1.88583556743,0.895771894527
-0.421875000,0.734375000,1.72437284019,0.819077099091
-0.406250000,0.734375000,1.58826228218,0.754424584034
-0.390625000,0.734375000,1.47546801737,0.700847308249
-0.375000000,0.734375000,1.38400764959,0.657403633556
-0.359375000,0.734375000,1.31195489882,0.623178576938
-0.343750000,0.734375000,1.25744206974,0.597284983126
-0.328125000,0.734375000,1.21866238619,0.578864633442
-0.312500000,0.734375000,1.19387221433,0.567089301809
-0.296875000,0.734375000,1.18139319288,0.561161766618
-0.281250000,0.734375000,1.17961428379,0.560316784803
-0.265625000,0.734375000,1.18699375074,0.563822031600
-0.250000000,0.734375000,1.20206106997,0.570979008235
-0.234375000,0.734375000,1.22341877646,0.581123918820
-0.218750000,0.734375000,1.24974424389,0.593628515849
-0.203125000,0.734375000,1.27979139554,0.607900912881
-0.187500000,0.734375000,1.31239234406,0.623386363428
-0.171875000,0.734375000,1.34645895385,0.639568003078
-0.156250000,0.734375000,1.38098432059,0.655967552280
-0.140625000,0.734375000,1.41504416261,0.672145977238
-0.125000000,0.734375000,1.44779811754,0.687704105833
-0.109375000,0.734375000,1.47849093800,0.702283195552
-0.093750000,0.734375000,1.50645357974,0.715565450376
-0.078125000,0.734375000,1.53110417754,0.727274484331
-0.062500000,0.734375000,1.55194890216,0.737175728526
-0.046875000,0.734375000,1.56858269466,0.745076779965
-0.031250000,0.734375000,1.58068987310,0.750827689724
-0.015625000,0.734375000,1.58804460803,0.754321188814
0.000000000,0.734375000,1.59051126453,0.755492850652
0.015625000,0.734375000,1.58804460803,0.754321188814
0.031250000,0.734375000,1.58068987310,0.750827689724
0.046875000,0.734375000,1.56858269466,0.745076779965
0.062500000,0.734375000,1.55194890216,0.737175728526
0.078125000,0.734375000,1.53110417754,0.727274484331
0.093750000,0.734375000,1.50645357974,0.715565450376
0.109375000,0.734375000,1.47849093800,0.702283195552
0.125000000,0.734375000,1.44779811754,0.687704105833
0.140625000,0.734375000,1.41504416261,0.672145977238
0.156250000,0.734375000,1.38098432059,0.655967552280
0.171875000,0.734375000,1.34645895385,0.639568003078
0.187500000,0.734375000,1.31239234406,0.623386363428
0.203125000,0.734375000,1.27979139554,0.607900912881
0.218750000,0.734375000,1.24974424389,0.593628515849
0.234375000,0.734375000,1.22341877646,0.581123918820
0.250000000,0.734375000,1.20206106997,0.570979008235
0.265625000,0.734375000,1.18699375074,0.563822031600
0.281250000,0.734375000,1.17961428379,0.560316784803
0.296875000,0.734375000,1.18139319288,0.561161766618
0.312500000,0.734375000,1.19387221433,0.567089301809
0.328125000,0.734375000,1.21866238619,0.578864633442
0.343750000,0.734375000,1.25744206974,0.597284983126
0.359375000,0.734375000,1.31195489882,0.623178576938
0.375000000,0.734375000,1.38400764959,0.657403633556
0.390625000,0.734375000,1.47546801737,0.700847308249
0.406250000,0.734375000,1.58826228218,0.754424584034
0.421875000,0.734375000,1.72437284019,0.819077099091
0.437500000,0.734375000,1.88583556743,0.895771894527
0.453125000,0.734375000,2.07473697501,0.985500063128
0.468750000,0.734375000,2.29321110434,1.08927527456
0.484375000,0.734375000,2.54343609542,1.20813214532
0.500000000,0.734375000,2.82763034864,1.34312441560
0.515625000,0.734375000,,
0.531250000,0.734375000,,
0.546875000,0.734375000,,
0.562500000,0.734375000,,
0.578125000,0.734375000,,
0.593750000,0.734375000,,
0.609375000,0.734375000,,
0.625000000,0.734375000,,
0.640625000,0.734375000,,
0.656250000,0.734375000,,
0.671875000,0.734375000,,
0.687500000,0.734375000,,
0.703125000,0.734375000,,
0.718750000,0.734375000,,
0.734375000,0.734375000,,
0.750000000,0.734375000,,
0.765625000,0.734375000,,
0.781250000,0.734375000,,
0.796875000,0.734375000,,
0.812500000,0.734375000,,
0.828125000,0.734375000,,
0.843750000,0.734375000,,
0.859375000,0.734375000,,
0.875000000,0.734375000,,
0.890625000,0.734375000,,
0.906250000,0.734375000,,
0.921875000,0.734375000,,
0.937500000,0.734375000,,
0.953125000,0.734375000,,
0.968750000,0.734375000,,
0.984375000,0.734375000,,
1.000000000,0.734375000,,
-1.000000000,0.750000000,,
-0.984375000,0.750000000,,
-0.968750000,0.750000000,,
-0.953125000,0.750000000,,
-0.937500000,0.750000000,,
-0.921875000,0.750000000,,
-0.906250000,0.750000000,,
-0.890625000,0.750000000,,
-0.875000000,0.750000000,,
-0.859375000,0.750000000,,
-0.843750000,0.750000000,,
-0.828125000,0.750000000,,
-0.812500000,0.750000000,,
-0.796875000,0.750000000,,
-0.781250000,0.750000000,,
-0.765625000,0.750000000,,
-0.750000000,0.750000000,,
-0.734375000,0.750000000,,
-0.718750000,0.750000000,,
-0.703125000,0.750000000,,
-0.687500000,0.750000000,,
-0.671875000,0.750000000,,
-0.656250000,0.750000000,,
-0.640625000,0.750000000,,
-0.625000000,0.750000000,,
-0.609375000,0.750000000,,
-0.593750000,0.750000000,,
-0.578125000,0.750000000,,
-0.562500000,0.750000000,,
-0.546875000,0.750000000,,
-0.531250000,0.750000000,,
-0.515625000,0.750000000,,
-0.500000000,0.750000000,,
-0.484375000,0.750000000,,
-0.468750000,0.750000000,2.59244314406,1.23141049343
-0.453125000,0.750000000,2.34845739595,1.11551726308
-0.437500000,0.750000000,2.13566571007,1.01444121228
-0.421875000,0.750000000,1.95187965287,0.927142835112
-0.406250000,0.750000000,1.79495547566,0.852603850937
-0.390625000,0.750000000,1.66279790487,0.789829004814
-0.375000000,0.750000000,1.55336360269,0.737847711278
-0.359375000,0.750000000,1.46466435740,0.695715569764
-0.343750000,0.750000000,1.39477005463,0.662515775948
-0.328125000,0.750000000,1.34181146652,0.637360446599
-0.312500000,0.750000000,1.30398288879,0.619391872176
-0.296875000,0.750000000,1.27954464862,0.607783708093
-0.281250000,0.750000000,1.26682549984,0.601742112422
-0.265625000,0.750000000,1.26422491714,0.600506835640
-0.250000000,0.750000000,1.27021529592,0.603352265561
-0.234375000,0.750000000,1.28334406344,0.609588430135
-0.218750000,0.750000000,1.30223570173,0.618561958320
-0.203125000,0.750000000,1.32559368153,0.629656998725
-0.187500000,0.750000000,1.35220230566,0.642296095187
-0.171875000,0.750000000,1.38092845746,0.655941017296
-0.156250000,0.750000000,1.41072324982,0.670093543664
-0.140625000,0.750000000,1.44062357083,0.684296196144
-0.125000000,0.750000000,1.46975351846,0.698132921269
-0.109375000,0.750000000,1.49732572020,0.711229717097
-0.093750000,0.750000000,1.52264253179,0.723255202599
-0.078125000,0.750000000,1.54509710850,0.733921126537
-0.062500000,0.750000000,1.56417434593,0.742982814319
-0.046875000,0.750000000,1.57945168359,0.750239549706
-0.031250000,0.750000000,1.59059976840,0.755534889989
-0.015625000,0.750000000,1.59738297455,0.758756912912
0.000000000,0.750000000,1.59965977663,0.759838393900
0.015625000,0.750000000,1.59738297455,0.758756912912
0.031250000,0.750000000,1.59059976840,0.755534889989
0.046875000,0.750000000,1.57945168359,0.750239549706
0.062500000,0.750000000,1.56417434593,0.742982814319
0.078125000,0.750000000,1.54509710850,0.733921126537
0.093750000,0.750000000,1.52264253179,0.723255202599
0.109375000,0.750000000,1.49732572020,0.711229717097
0.125000000,0.750000000,1.46975351846,0.698132921269
0.140625000,0.750000000,1.44062357083,0.684296196144
0.156250000,0.750000000,1.41072324982,0.670093543664
0.171875000,0.750000000,1.38092845746,0.655941017296
0.187500000,0.750000000,1.35220230566,0.642296095187
0.203125000,0.750000000,1.32559368153,0.629656998725
0.218750000,0.750000000,1.30223570173,0.618561958320
0.234375000,0.750000000,1.28334406344,0.609588430135
0.250000000,0.750000000,1.27021529592,0.603352265561
0.265625000,0.750000000,1.26422491714,0.600506835640
0.281250000,0.750000000,1.26682549984,0.601742112422
0.296875000,0.750000000,1.27954464862,0.607783708093
0.312500000,0.750000000,1.30398288879,0.619391872176
0.328125000,0.750000000,1.34181146652,0.637360446599
0.343750000,0.750000000,1.39477005463,0.662515775948
0.359375000,0.750000000,1.46466435740,0.695715569764
0.375000000,0.750000000,1.55336360269,0.737847711278
0.390625000,0.750000000,1.66279790487,0.789829004814
0.406250000,0.750000000,1.79495547566,0.852603850937
0.421875000,0.750000000,1.95187965287,0.927142835112
0.437500000,0.750000000,2.13566571007,1.01444121228
0.453125000,0.750000000,2.34845739595,1.11551726308
0.468750000,0.750000000,2.59244314406,1.23141049343
0.484375000,0.750000000,,
0.500000000,0.750000000,,
0.515625000,0.750000000,,
0.531250000,0.750000000,,
0.546875000,0.750000000,,
0.562500000,0.750000000,,
0.578125000,0.750000000,,
0.593750000,0.750000000,,
0.609375000,0.750000000,,
0.625000000,0.750000000,,
0.640625000,0.750000000,,
0.656250000,0.750000000,,
0.671875000,0.750000000,,
0.687500000,0.750000000,,
0.703125000,0.750000000,,
0.718750000,0.750000000,,
0.734375000,0.750000000,,
0.750000000,0.750000000,,
0.765625000,0.750000000,,
0.781250000,0.750000000,,
0.796875000,0.750000000,,
0.812500000,0.750000000,,
0.828125000,0.750000000,,
0.843750000,0.750000000,,
0.859375000,0.750000000,,
0.875000000,0.750000000,,
0.890625000,0.750000000,,
0.906250000,0.750000000,,
0.921875000,0.750000000,,
0.937500000,0.750000000,,
0.953125000,0.750000000,,
0.968750000,0.750000000,,
0.984375000,0.750000000,,
1.000000000,0.750000000,,
-1.000000000,0.765625000,,
-0.984375000,0.765625000,,
-0.968750000,0.765625000,,
-0.953125000,0.765625000,,
-0.937500000,0.765625000,,
-0.921875000,0.765625000,,
-0.906250000,0.765625000,,
-0.890625000,0.765625000,,
-0.875000000,0.765625000,,
-0.859375000,0.765625000,,
-0.843750000,0.765625000,,
-0.828125000,0.765625000,,
-0.812500000,0.765625000,,
-0.796875000,0.765625000,,
-0.781250000,0.765625000,,
-0.765625000,0.765625000,,
-0.750000000,0.765625000,,
-0.734375000,0.765625000,,
-0.718750000,0.765625000,,
-0.703125000,0.765625000,,
-0.687500000,0.765625000,,
-0.671875000,0.765625000,,
-0.656250000,0.765625000,,
-0.640625000,0.765625000,,
-0.625000000,0.765625000,,
-0.609375000,0.765625000,,
-0.593750000,0.765625000,,
-0.578125000,0.765625000,,
-0.562500000,0.765625000,,
-0.546875000,0.765625000,,
-0.531250000,0.765625000,,
-0.515625000,0.765625000,,
-0.500000000,0.765625000,,
-0.484375000,0.765625000,,
-0.468750000,0.765625000,,
-0.453125000,0.765625000,2.65120143079,1.25932067963
-0.437500000,0.765625000,2.41268850004,1.14602703752
-0.421875000,0.765625000,2.20479358389,1.04727695235
-0.406250000,0.765625000,2.02531973763,0.962026875373
-0.390625000,0.765625000,1.87211573846,0.889254975769
-0.375000000,0.765625000,1.74308023456,0.827963111417
-0.359375000,0.765625000,1.63616555562,0.777178638918
-0.343750000,0.765625000,1.54938124317,0.735956090504
-0.328125000,0.765625000,1.48079734498,0.703378738866
-0.312500000,0.765625000,1.42854751166,0.678560068037
-0.296875000,0.765625000,1.39083192194,0.660645162923
-0.281250000,0.765625000,1.36592005774,0.648812027427
-0.265625000,0.765625000,1.35215334554,0.642272839133
-0.250000000,0.765625000,1.34794767399,0.640275145146
-0.234375000,0.765625000,1.35179579465,0.642103002459
-0.218750000,0.765625000,1.36226961074,0.647078065102
-0.203125000,0.765625000,1.37802235343,0.654560617881
-0.187500000,0.765625000,1.39779064738,0.663950557506
-0.171875000,0.765625000,1.42039646046,0.674688318720
-0.156250000,0.765625000,1.44474893733,0.686255745231
-0.140625000,0.765625000,1.46984611024,0.698176902366
-0.125000000,0.765625000,1.49477648412,0.710018829959
-0.109375000,0.765625000,1.51872048939,0.721392232458
-0.093750000,0.765625000,1.54095179914,0.731952104593
-0.078125000,0.765625000,1.56083850433,0.741398289559
-0.062500000,0.765625000,1.57784414300,0.749475967923
-0.046875000,0.765625000,1.59152857893,0.755976074993
-0.031250000,0.765625000,1.60154872627,0.760735644978
-0.015625000,0.765625000,1.60765911637,0.763638080274
0.000000000,0.765625000,1.60971230488,0.764613344819
0.015625000,0.765625000,1.60765911637,0.763638080274
0.031250000,0.765625000,1.60154872627,0.760735644978
0.046875000,0.765625000,1.59152857893,0.755976074993
0.062500000,0.765625000,1.57784414300,0.749475967923
0.078125000,0.765625000,1.56083850433,0.741398289559
0.093750000,0.765625000,1.54095179914,0.731952104593
0.109375000,0.765625000,1.51872048939,0.721392232458
0.125000000,0.765625000,1.49477648412,0.710018829959
0.140625000,0.765625000,1.46984611024,0.698176902366
0.156250000,0.765625000,1.44474893733,0.686255745231
0.171875000,0.765625000,1.42039646046,0.674688318720
0.187500000,0.765625000,1.39779064738,0.663950557506
0.203125000,0.765625000,1.37802235343,0.654560617881
0.218750000,0.765625000,1.36226961074,0.647078065102
0.234375000,0.765625000,1.35179579465,0.642103002459
0.250000000,0.765625000,1.34794767399,0.640275145146
0.265625000,0.765625000,1.35215334554,0.642272839133
0.281250000,0.765625000,1.36592005774,0.648812027427
0.296875000,0.765625000,1.39083192194,0.660645162923
0.312500000,0.765625000,1.42854751166,0.678560068037
0.328125000,0.765625000,1.48079734498,0.703378738866
0.343750000,0.765625000,1.54938124317,0.735956090504
0.359375000,0.765625000,1.63616555562,0.777178638918
0.375000000,0.765625000,1.74308023456,0.827963111417
0.390625000,0.765625000,1.87211573846,0.889254975769
0.406250000,0.765625000,2.02531973763,0.962026875373
0.421875000,0.765625000,2.20479358389,1.04727695235
0.437500000,0.765625000,2.41268850004,1.14602703752
0.453125000,0.765625000,2.65120143079,1.25932067963
0.468750000,0.765625000,,
0.484375000,0.765625000,,
0.500000000,0.765625000,,
0.515625000,0.765625000,,
0.531250000,0.765625000,,
0.546875000,0.765625000,,
0.562500000,0.765625000,,
0.578125000,0.765625000,,
0.593750000,0.765625000,,
0.609375000,0.765625000,,
0.625000000,0.765625000,,
0.640625000,0.765625000,,
0.656250000,0.765625000,,
0.671875000,0.765625000,,
0.687500000,0.765625000,,
0.703125000,0.765625000,,
0.718750000,0.765625000,,
0.734375000,0.765625000,,
0.750000000,0.765625000,,
0.765625000,0.765625000,,
0.781250000,0.765625000,,
0.796875000,0.765625000,,
0.812500000,0.765625000,,
0.828125000,0.765625000,,
0.843750000,0.765625000,,
0.859375000,0.765625000,,
0.875000000,0.765625000,,
0.890625000,0.765625000,,
0.906250000,0.765625000,,
0.921875000,0.765625000,,
0.937500000,0.765625000,,
0.953125000,0.765625000,,
0.968750000,0.765625000,,
0.984375000,0.765625000,,
1.000000000,0.765625000,,
-1.000000000,0.781250000,,
-0.984375000,0.781250000,,
-0.968750000,0.781250000,,
-0.953125000,0.781250000,,
-0.937500000,0.781250000,,
-0.921875000,0.781250000,,
-0.906250000,0.781250000,,
-0.890625000,0.781250000,,
-0.875000000,0.781250000,,
-0.859375000,0.781250000,,
-0.843750000,0.781250000,,
-0.828125000,0.781250000,,
-0.812500000,0.781250000,,
-0.796875000,0.781250000,,
-0.781250000,0.781250000,,
-0.765625000,0.781250000,,
-0.750000000,0.781250000,,
-0.734375000,0.781250000,,
-0.718750000,0.781250000,,
-0.703125000,0.781250000,,
-0.687500000,0.781250000,,
-0.671875000,0.781250000,,
-0.656250000,0.781250000,,
-0.640625000,0.781250000,,
-0.625000000,0.781250000,,
-0.609375000,0.781250000,,
-0.593750000,0.781250000,,
-0.578125000,0.781250000,,
-0.562500000,0.781250000,,
-0.546875000,0.781250000,,
-0.531250000,0.781250000,,
-0.515625000,0.781250000,,
-0.500000000,0.781250000,,
-0.484375000,0.781250000,,
-0.468750000,0.781250000,,
-0.453125000,0.781250000,,
-0.437500000,0.781250000,,
-0.421875000,0.781250000,,
-0.406250000,0.781250000,2.28188931071,1.08389742259
-0.390625000,0.781250000,2.10589484330,1.00030005057
-0.375000000,0.781250000,1.95556748294,0.928894554396
-0.359375000,0.781250000,1.82880332660,0.868681580135
-0.343750000,0.781250000,1.72355432725,0.818688305443
-0.328125000,0.781250000,1.63783215270,0.777970272534
-0.312500000,0.781250000,1.56971179233,0.745613101356
-0.296875000,0.781250000,1.51733494451,0.720734098640
-0.281250000,0.781250000,1.47891321373,0.702483776522
-0.265625000,0.781250000,1.45273113451,0.690047288891
-0.250000000,0.781250000,1.43714903809,0.682645793094
-0.234375000,0.781250000,1.43060577288,0.679537742116
-0.218750000,0.781250000,1.43162128282,0.680020109340
-0.203125000,0.781250000,1.43879905026,0.683429548871
-0.187500000,0.781250000,1.45082840225,0.689143491067
-0.171875000,0.781250000,1.46648668113,0.696581173538
-0.156250000,0.781250000,1.48464127714,0.705204606644
-0.140625000,0.781250000,1.50425151969,0.714519471855
-0.125000000,0.781250000,1.52437042390,0.724075951353
-0.109375000,0.781250000,1.54414628892,0.733469487238
-0.093750000,0.781250000,1.56282414200,0.742341467450
-0.078125000,0.781250000,1.57974702562,0.750379837171
-0.062500000,0.781250000,1.59435712271,0.757319633287
-0.046875000,0.781250000,1.60619671586,0.762943440033
-0.031250000,0.781250000,1.61490897727,0.767081764204
-0.015625000,0.781250000,1.62023858655,0.769613328613
0.000000000,0.781250000,1.62203217401,0.770465282653
0.015625000,0.781250000,1.62023858655,0.769613328613
0.031250000,0.781250000,1.61490897727,0.767081764204
0.046875000,0.781250000,1.60619671586,0.762943440033
0.062500000,0.781250000,1.59435712271,0.757319633287
0.078125000,0.781250000,1.57974702562,0.750379837171
0.093750000,0.781250000,1.56282414200,0.742341467450
0.109375000,0.781250000,1.54414628892,0.733469487238
0.125000000,0.781250000,1.52437042390,0.724075951353
0.140625000,0.781250000,1.50425151969,0.714519471855
0.156250000,0.781250000,1.48464127714,0.705204606644
0.171875000,0.781250000,1.46648668113,0.696581173538
0.187500000,0.781250000,1.45082840225,0.689143491067
0.203125000,0.781250000,1.43879905026,0.683429548871
0.218750000,0.781250000,1.43162128282,0.680020109340
0.234375000,0.781250000,1.43060577288,0.679537742116
0.250000000,0.781250000,1.43714903809,0.682645793094
0.265625000,0.781250000,1.45273113451,0.690047288891
0.281250000,0.781250000,1.47891321373,0.702483776522
0.296875000,0.781250000,1.51733494451,0.720734098640
0.312500000,0.781250000,1.56971179233,0.745613101356
0.328125000,0.781250000,1.63783215270,0.777970272534
0.343750000,0.781250000,1.72355432725,0.818688305443
0.359375000,0.781250000,1.82880332660,0.868681580135
0.375000000,0.781250000,1.95556748294,0.928894554396
0.390625000,0.781250000,2.10589484330,1.00030005057
0.406250000,0.781250000,2.28188931071,1.08389742259
0.421875000,0.781250000,,
0.437500000,0.781250000,,
0.453125000,0.781250000,,
0.468750000,0.781250000,,
0.484375000,0.781250000,,
0.500000000,0.781250000,,
0.515625000,0.781250000,,
0.531250000,0.781250000,,
0.546875000,0.781250000,,
0.562500000,0.781250000,,
0.578125000,0.781250000,,
0.593750000,0.781250000,,
0.609375000,0.781250000,,
0.625000000,0.781250000,,
0.640625000,0.781250000,,
0.656250000,0.781250000,,
0.671875000,0.781250000,,
0.687500000,0.781250000,,
0.703125000,0.781250000,,
0.718750000,0.781250000,,
0.734375000,0.781250000,,
0.750000000,0.781250000,,
0.765625000,0.781250000,,
0.781250000,0.781250000,,
0.796875000,0.781250000,,
0.812500000,0.781250000,,
0.828125000,0.781250000,,
0.843750000,0.781250000,,
0.859375000,0.781250000,,
0.875000000,0.781250000,,
0.890625000,0.781250000,,
0.906250000,0.781250000,,
0.921875000,0.781250000,,
0.937500000,0.781250000,,
0.953125000,0.781250000,,
0.968750000,0.781250000,,
0.984375000,0.781250000,,
1.000000000,0.781250000,,
-1.000000000,0.796875000,,
-0.984375000,0.796875000,,
-0.968750000,0.796875000,,
-0.953125000,0.796875000,,
-0.937500000,0.796875000,,
-0.921875000,0.796875000,,
-0.906250000,0.796875000,,
-0.890625000,0.796875000,,
-0.875000000,0.796875000,,
-0.859375000,0.796875000,,
-0.843750000,0.796875000,,
-0.828125000,0.796875000,,
-0.812500000,0.796875000,,
-0.796875000,0.796875000,,
-0.781250000,0.796875000,,
-0.765625000,0.796875000,,
-0.750000000,0.796875000,,
-0.734375000,0.796875000,,
-0.718750000,0.796875000,,
-0.703125000,0.796875000,,
-0.687500000,0.796875000,,
-0.671875000,0.796875000,,
-0.656250000,0.796875000,,
-0.640625000,0.796875000,,
-0.625000000,0.796875000,,
-0.609375000,0.796875000,,
-0.593750000,0.796875000,,
-0.578125000,0.796875000,,
-0.562500000,0.796875000,,
-0.546875000,0.796875000,,
-0.531250000,0.796875000,,
-0.515625000,0.796875000,,
-0.500000000,0.796875000,,
-0.484375000,0.796875000,,
-0.468750000,0.796875000,,
-0.453125000,0.796875000,,
-0.437500000,0.796875000,,
-0.421875000,0.796875000,,
-0.406250000,0.796875000,,
-0.390625000,0.796875000,,
-0.375000000,0.796875000,2.19340705224,1.04186834981
-0.359375000,0.796875000,2.04510246611,0.971423671402
-0.343750000,0.796875000,1.91975519482,0.911883717539
-0.328125000,0.796875000,1.81532158626,0.862277753473
-0.312500000,0.796875000,1.72982060015,0.821664785073
-0.296875000,0.796875000,1.66133771124,0.789135412837
-0.281250000,0.796875000,1.60802857284,0.763813572097
-0.265625000,0.796875000,1.56812246539,0.744858171061
-0.250000000,0.796875000,1.53992554943,0.731464635980
-0.234375000,0.796875000,1.52182393658,0.722866369873
-0.218750000,0.796875000,1.51228658865,0.718336129609
-0.203125000,0.796875000,1.50986805106,0.717187324252
-0.187500000,0.796875000,1.51321102428,0.718775236533
-0.171875000,0.796875000,1.52104877457,0.722498167923
-0.156250000,0.796875000,1.53220738399,0.727798507395
-0.140625000,0.796875000,1.54560783825,0.734163723169
-0.125000000,0.796875000,1.56026794917,0.741127275857
-0.109375000,0.796875000,1.57530410941,0.748269451969
-0.093750000,0.796875000,1.58993287548,0.755218115855
-0.078125000,0.796875000,1.60347237550,0.761649378364
-0.062500000,0.796875000,1.61534353788,0.767288180493
-0.046875000,0.796875000,1.62507113768,0.771908790396
-0.031250000,0.796875000,1.63228465755,0.775335212334
-0.015625000,0.796875000,1.63671895979,0.777441505902
0.000000000,0.796875000,1.63821476855,0.778152015060
0.015625000,0.796875000,1.63671895979,0.777441505902
0.031250000,0.796875000,1.63228465755,0.775335212334
0.046875000,0.796875000,1.62507113768,0.771908790396
0.062500000,0.796875000,1.61534353788,0.767288180493
0.078125000,0.796875000,1.60347237550,0.761649378364
0.093750000,0.796875000,1.58993287548,0.755218115855
0.109375000,0.796875000,1.57530410941,0.748269451969
0.125000000,0.796875000,1.56026794917,0.741127275857
0.140625000,0.796875000,1.54560783825,0.734163723169
0.156250000,0.796875000,1.53220738399,0.727798507395
0.171875000,0.796875000,1.52104877457,0.722498167923
0.187500000,0.796875000,1.51321102428,0.718775236533
0.203125000,0.796875000,1.50986805106,0.717187324252
0.218750000,0.796875000,1.51228658865,0.718336129609
0.234375000,0.796875000,1.52182393658,0.722866369873
0.250000000,0.796875000,1.53992554943,0.731464635980
0.265625000,0.796875000,1.56812246539,0.744858171061
0.281250000,0.796875000,1.60802857284,0.763813572097
0.296875000,0.796875000,1.66133771124,0.789135412837
0.312500000,0.796875000,1.72982060015,0.821664785073
0.328125000,0.796875000,1.81532158626,0.862277753473
0.343750000,0.796875000,1.91975519482,0.911883717539
0.359375000,0.796875000,2.04510246611,0.971423671402
0.375000000,0.796875000,2.19340705224,1.04186834981
0.390625000,0.796875000,,
0.406250000,0.796875000,,
0.421875000,0.796875000,,
0.437500000,0.796875000,,
0.453125000,0.796875000,,
0.468750000,0.796875000,,
0.484375000,0.796875000,,
0.500000000,0.796875000,,
0.515625000,0.796875000,,
0.531250000,0.796875000,,
0.546875000,0.796875000,,
0.562500000,0.796875000,,
0.578125000,0.796875000,,
0.593750000,0.796875000,,
0.609375000,0.796875000,,
0.625000000,0.796875000,,
0.640625000,0.796875000,,
0.656250000,0.796875000,,
0.671875000,0.796875000,,
0.687500000,0.796875000,,
0.703125000,0.796875000,,
0.718750000,0.796875000,,
0.734375000,0.796875000,,
0.750000000,0.796875000,,
0.765625000,0.796875000,,
0.781250000,0.796875000,,
0.796875000,0.796875000,,
0.812500000,0.796875000,,
0.828125000,0.796875000,,
0.843750000,0.796875000,,
0.859375000,0.796875000,,
0.875000000,0.796875000,,
0.890625000,0.796875000,,
0.906250000,0.796875000,,
0.921875000,0.796875000,,
0.937500000,0.796875000,,
0.953125000,0.796875000,,
0.968750000,0.796875000,,
0.984375000,0.796875000,,
1.000000000,0.796875000,,
-1.000000000,0.812500000,,
-0.984375000,0.812500000,,
-0.968750000,0.812500000,,
-0.953125000,0.812500000,,
-0.937500000,0.812500000,,
-0.921875000,0.812500000,,
-0.906250000,0.812500000,,
-0.890625000,0.812500000,,
-0.875000000,0.812500000,,
-0.859375000,0.812500000,,
-0.843750000,0.812500000,,
-0.828125000,0.812500000,,
-0.812500000,0.812500000,,
-0.796875000,0.812500000,,
-0.781250000,0.812500000,,
-0.765625000,0.812500000,,
-0.750000000,0.812500000,,
-0.734375000,0.812500000,,
-0.718750000,0.812500000,,
-0.703125000,0.812500000,,
-0.687500000,0.812500000,,
-0.671875000,0.812500000,,
-0.656250000,0.812500000,,
-0.640625000,0.812500000,,
-0.625000000,0.812500000,,
-0.609375000,0.812500000,,
-0.593750000,0.812500000,,
-0.578125000,0.812500000,,
-0.562500000,0.812500000,,
-0.546875000,0.812500000,,
-0.531250000,0.812500000,,
-0.515625000,0.812500000,,
-0.500000000,0.812500000,,
-0.484375000,0.812500000,,
-0.468750000,0.812500000,,
-0.453125000,0.812500000,,
-0.437500000,0.812500000,,
-0.421875000,0.812500000,,
-0.406250000,0.812500000,,
-0.390625000,0.812500000,,
-0.375000000,0.812500000,,
-0.359375000,0.812500000,,
-0.343750000,0.812500000,,
-0.328125000,0.812500000,2.01585574482,0.957531478789
-0.312500000,0.812500000,1.91141082835,0.907920143467
-0.296875000,0.812500000,1.82532300273,0.867028426298
-0.281250000,0.812500000,1.75569451497,0.833954894609
-0.265625000,0.812500000,1.70070158958,0.807833255050
-0.250000000,0.812500000,1.65859810956,0.787834102041
-0.234375000,0.812500000,1.62771907538,0.773166560806
-0.218750000,0.812500000,1.60648385798,0.763079832542
-0.203125000,0.812500000,1.59339925177,0.756864644590
-0.187500000,0.812500000,1.58706233765,0.753854610385
-0.171875000,0.812500000,1.58616315731,0.753427499721
-0.156250000,0.812500000,1.58948720090,0.755006420429
-0.140625000,0.812500000,1.59591770933,0.758060911930
-0.125000000,0.812500000,1.60443778905,0.762107949800
-0.109375000,0.812500000,1.61413233683,0.766712859996
-0.093750000,0.812500000,1.62418977415,0.771490142723
-0.078125000,0.812500000,1.63390358524,0.776104202988
-0.062500000,0.812500000,1.64267365900,0.780269988023
-0.046875000,0.812500000,1.65000742908,0.783753528811
-0.031250000,0.812500000,1.65552081133,0.786372385382
-0.015625000,0.812500000,1.65893893580,0.787995994503
0.000000000,0.812500000,1.66009667025,0.788545918368
0.015625000,0.812500000,1.65893893580,0.787995994503
0.031250000,0.812500000,1.65552081133,0.786372385382
0.046875000,0.812500000,1.65000742908,0.783753528811
0.062500000,0.812500000,1.64267365900,0.780269988023
0.078125000,0.812500000,1.63390358524,0.776104202988
0.093750000,0.812500000,1.62418977415,0.771490142723
0.109375000,0.812500000,1.61413233683,0.766712859996
0.125000000,0.812500000,1.60443778905,0.762107949800
0.140625000,0.812500000,1.59591770933,0.758060911930
0.156250000,0.812500000,1.58948720090,0.755006420429
0.171875000,0.812500000,1.58616315731,0.753427499721
0.187500000,0.812500000,1.58706233765,0.753854610385
0.203125000,0.812500000,1.59339925177,0.756864644590
0.218750000,0.812500000,1.60648385798,0.763079832542
0.234375000,0.812500000,1.62771907538,0.773166560806
0.250000000,0.812500000,1.65859810956,0.787834102041
0.265625000,0.812500000,1.70070158958,0.807833255050
0.281250000,0.812500000,1.75569451497,0.833954894609
0.296875000,0.812500000,1.82532300273,0.867028426298
0.312500000,0.812500000,1.91141082835,0.907920143467
0.328125000,0.812500000,2.01585574482,0.957531478789
0.343750000,0.812500000,,
0.359375000,0.812500000,,
0.375000000,0.812500000,,
0.390625000,0.812500000,,
0.406250000,0.812500000,,
0.421875000,0.812500000,,
0.437500000,0.812500000,,
0.453125000,0.812500000,,
0.468750000,0.812500000,,
0.484375000,0.812500000,,
0.500000000,0.812500000,,
0.515625000,0.812500000,,
0.531250000,0.812500000,,
0.546875000,0.812500000,,
0.562500000,0.812500000,,
0.578125000,0.812500000,,
0.593750000,0.812500000,,
0.609375000,0.812500000,,
0.625000000,0.812500000,,
0.640625000,0.812500000,,
0.656250000,0.812500000,,
0.671875000,0.812500000,,
0.687500000,0.812500000,,
0.703125000,0.812500000,,
0.718750000,0.812500000,,
0.734375000,0.812500000,,
0.750000000,0.812500000,,
0.765625000,0.812500000,,
0.781250000,0.812500000,,
0.796875000,0.812500000,,
0.812500000,0.812500000,,
0.828125000,0.812500000,,
0.843750000,0.812500000,,
0.859375000,0.812500000,,
0.875000000,0.812500000,,
0.890625000,0.812500000,,
0.906250000,0.812500000,,
0.921875000,0.812500000,,
0.937500000,0.812500000,,
0.953125000,0.812500000,,
0.968750000,0.812500000,,
0.984375000,0.812500000,,
1.000000000,0.812500000,,
-1.000000000,0.828125000,,
-0.984375000,0.828125000,,
-0.968750000,0.828125000,,
-0.953125000,0.828125000,,
-0.937500000,0.828125000,,
-0.921875000,0.828125000,,
-0.906250000,0.828125000,,
-0.890625000,0.828125000,,
-0.875000000,0.828125000,,
-0.859375000,0.828125000,,
-0.843750000,0.828125000,,
-0.828125000,0.828125000,,
-0.812500000,0.828125000,,
-0.796875000,0.828125000,,
-0.781250000,0.828125000,,
-0.765625000,0.828125000,,
-0.750000000,0.828125000,,
-0.734375000,0.828125000,,
-0.718750000,0.828125000,,
-0.703125000,0.828125000,,
-0.687500000,0.828125000,,
-0.671875000,0.828125000,,
-0.656250000,0.828125000,,
-0.640625000,0.828125000,,
-0.625000000,0.828125000,,
-0.609375000,0.828125000,,
-0.593750000,0.828125000,,
-0.578125000,0.828125000,,
-0.562500000,0.828125000,,
-0.546875000,0.828125000,,
-0.531250000,0.828125000,,
-0.515625000,0.828125000,,
-0.500000000,0.828125000,,
-0.484375000,0.828125000,,
-0.468750000,0.828125000,,
-0.453125000,0.828125000,,
-0.437500000,0.828125000,,
-0.421875000,0.828125000,,
-0.406250000,0.828125000,,
-0.390625000,0.828125000,,
-0.375000000,0.828125000,,
-0.359375000,0.828125000,,
-0.343750000,0.828125000,,
-0.328125000,0.828125000,,
-0.312500000,0.828125000,,
-0.296875000,0.828125000,,
-0.281250000,0.828125000,1.92453379382,0.914153552064
-0.265625000,0.828125000,1.85304430248,0.880196043679
-0.250000000,0.828125000,1.79569555075,0.852955386608
-0.234375000,0.828125000,1.75077358699,0.831617453821
-0.218750000,0.828125000,1.71665006347,0.815408780149
-0.203125000,0.828125000,1.69178564431,0.803598181047
-0.187500000,0.828125000,1.67473318887,0.795498264714
-0.171875000,0.828125000,1.66414071570,0.790466839957
-0.156250000,0.828125000,1.65875415272,0.787908222544
-0.140625000,0.828125000,1.65741987377,0.787274440041
-0.125000000,0.828125000,1.65908702345,0.788066336137
-0.109375000,0.828125000,1.66280962894,0.789834573746
-0.093750000,0.828125000,1.66774849831,0.792180536699
-0.078125000,0.828125000,1.67317290170,0.794757128306
-0.062500000,0.828125000,1.67846203539,0.797269466809
-0.046875000,0.828125000,1.68310626470,0.799475475730
-0.031250000,0.828125000,1.68670814480,0.801186368782
-0.015625000,0.828125000,1.68898321635,0.802267027768
0.000000000,0.828125000,1.68976057554,0.802636273383
0.015625000,0.828125000,1.68898321635,0.802267027768
0.031250000,0.828125000,1.68670814480,0.801186368782
0.046875000,0.828125000,1.68310626470,0.799475475730
0.062500000,0.828125000,1.67846203539,0.797269466809
0.078125000,0.828125000,1.67317290170,0.794757128306
0.093750000,0.828125000,1.66774849831,0.792180536699
0.109375000,0.828125000,1.66280962894,0.789834573746
0.125000000,0.828125000,1.65908702345,0.788066336137
0.140625000,0.828125000,1.65741987377,0.787274440041
0.156250000,0.828125000,1.65875415272,0.787908222544
0.171875000,0.828125000,1.66414071570,0.790466839957
0.187500000,0.828125000,1.67473318887,0.795498264714
0.203125000,0.828125000,1.69178564431,0.803598181047
0.218750000,0.828125000,1.71665006347,0.815408780149
0.234375000,0.828125000,1.75077358699,0.831617453821
0.250000000,0.828125000,1.79569555075,0.852955386608
0.265625000,0.828125000,1.85304430248,0.880196043679
0.281250000,0.828125000,1.92453379382,0.914153552064
0.296875000,0.828125000,,
0.312500000,0.828125000,,
0.328125000,0.828125000,,
0.343750000,0.828125000,,
0.359375000,0.828125000,,
0.375000000,0.828125000,,
0.390625000,0.828125000,,
0.406250000,0.828125000,,
0.421875000,0.828125000,,
0.437500000,0.828125000,,
0.453125000,0.828125000,,
0.468750000,0.828125000,,
0.484375000,0.828125000,,
0.500000000,0.828125000,,
0.515625000,0.828125000,,
0.531250000,0.828125000,,
0.546875000,0.828125000,,
0.562500000,0.828125000,,
0.578125000,0.828125000,,
0.593750000,0.828125000,,
0.609375000,0.828125000,,
0.625000000,0.828125000,,
0.640625000,0.828125000,,
0.656250000,0.828125000,,
0.671875000,0.828125000,,
0.687500000,0.828125000,,
0.703125000,0.828125000,,
0.718750000,0.828125000,,
0.734375000,0.828125000,,
0.750000000,0.828125000,,
0.765625000,0.828125000,,
0.781250000,0.828125000,,
0.796875000,0.828125000,,
0.812500000,0.828125000,,
0.828125000,0.828125000,,
0.843750000,0.828125000,,
0.859375000,0.828125000,,
0.875000000,0.828125000,,
0.890625000,0.828125000,,
0.906250000,0.828125000,,
0.921875000,0.828125000,,
0.937500000,0.828125000,,
0.953125000,0.828125000,,
0.968750000,0.828125000,,
0.984375000,0.828125000,,
1.000000000,0.828125000,,
-1.000000000,0.843750000,,
-0.984375000,0.843750000,,
-0.968750000,0.843750000,,
-0.953125000,0.843750000,,
-0.937500000,0.843750000,,
-0.921875000,0.843750000,,
-0.906250000,0.843750000,,
-0.890625000,0.843750000,,
-0.875000000,0.843750000,,
-0.859375000,0.843750000,,
-0.843750000,0.843750000,,
-0.828125000,0.843750000,,
-0.812500000,0.843750000,,
-0.796875000,0.843750000,,
-0.781250000,0.843750000,,
-0.765625000,0.843750000,,
-0.750000000,0.843750000,,
-0.734375000,0.843750000,,
-0.718750000,0.843750000,,
-0.703125000,0.843750000,,
-0.687500000,0.843750000,,
-0.671875000,0.843750000,,
-0.656250000,0.843750000,,
-0.640625000,0.843750000,,
-0.625000000,0.843750000,,
-0.609375000,0.843750000,,
-0.593750000,0.843750000,,
-0.578125000,0.843750000,,
-0.562500000,0.843750000,,
-0.546875000,0.843750000,,
-0.531250000,0.843750000,,
-0.515625000,0.843750000,,
-0.500000000,0.843750000,,
-0.484375000,0.843750000,,
-0.468750000,0.843750000,,
-0.453125000,0.843750000,,
-0.437500000,0.843750000,,
-0.421875000,0.843750000,,
-0.406250000,0.843750000,,
-0.390625000,0.843750000,,
-0.375000000,0.843750000,,
-0.359375000,0.843750000,,
-0.343750000,0.843750000,,
-0.328125000,0.843750000,,
-0.312500000,0.843750000,,
-0.296875000,0.843750000,,
-0.281250000,0.843750000,,
-0.265625000,0.843750000,,
-0.250000000,0.843750000,,
-0.234375000,0.843750000,1.89367051920,0.899493496618
-0.218750000,0.843750000,1.84542957841,0.876579049746
-0.203125000,0.843750000,1.80763363286,0.858625975606
-0.187500000,0.843750000,1.77879317208,0.844926756740
-0.171875000,0.843750000,1.75751580138,0.834820005656
-0.156250000,0.843750000,1.74250927964,0.827691907829
-0.140625000,0.843750000,1.73258431457,0.822977549422
-0.125000000,0.843750000,1.72665711866,0.820162131366
-0.109375000,0.843750000,1.72375172560,0.818782069660
-0.093750000,0.843750000,1.72300206817,0.818425982381
-0.078125000,0.843750000,1.72365381628,0.818735562735
-0.062500000,0.843750000,1.72506597474,0.819406338003
-0.046875000,0.843750000,1.72671223811,0.820188313102
-0.031250000,0.843750000,1.72818210174,0.820886498329
-0.015625000,0.843750000,1.72918172851,0.821361321043
0.000000000,0.843750000,1.72953456793,0.821528919768
0.015625000,0.843750000,1.72918172851,0.821361321043
0.031250000,0.843750000,1.72818210174,0.820886498329
0.046875000,0.843750000,1.72671223811,0.820188313102
0.062500000,0.843750000,1.72506597474,0.819406338003
0.078125000,0.843750000,1.72365381628,0.818735562735
0.093750000,0.843750000,1.72300206817,0.818425982381
0.109375000,0.843750000,1.72375172560,0.818782069660
0.125000000,0.843750000,1.72665711866,0.820162131366
0.140625000,0.843750000,1.73258431457,0.822977549422
0.156250000,0.843750000,1.74250927964,0.827691907829
0.171875000,0.843750000,1.75751580138,0.834820005656
0.187500000,0.843750000,1.77879317208,0.844926756740
0.203125000,0.843750000,1.80763363286,0.858625975606
0.218750000,0.843750000,1.84542957841,0.876579049746
0.234375000,0.843750000,1.89367051920,0.899493496618
0.250000000,0.843750000,,
0.265625000,0.843750000,,
0.281250000,0.843750000,,
0.296875000,0.843750000,,
0.312500000,0.843750000,,
0.328125000,0.843750000,,
0.343750000,0.843750000,,
0.359375000,0.843750000,,
0.375000000,0.843750000,,
0.390625000,0.843750000,,
0.406250000,0.843750000,,
0.421875000,0.843750000,,
0.437500000,0.843750000,,
0.453125000,0.843750000,,
0.468750000,0.843750000,,
0.484375000,0.843750000,,
0.500000000,0.843750000,,
0.515625000,0.843750000,,
0.531250000,0.843750000,,
0.546875000,0.843750000,,
0.562500000,0.843750000,,
0.578125000,0.843750000,,
0.593750000,0.843750000,,
0.609375000,0.843750000,,
0.625000000,0.843750000,,
0.640625000,0.843750000,,
0.656250000,0.843750000,,
0.671875000,0.843750000,,
0.687500000,0.843750000,,
0.703125000,0.843750000,,
0.718750000,0.843750000,,
0.734375000,0.843750000,,
0.750000000,0.843750000,,
0.765625000,0.843750000,,
0.781250000,0.843750000,,
0.796875000,0.843750000,,
0.812500000,0.843750000,,
0.828125000,0.843750000,,
0.843750000,0.843750000,,
0.859375000,0.843750000,,
0.875000000,0.843750000,,
0.890625000,0.843750000,,
0.906250000,0.843750000,,
0.921875000,0.843750000,,
0.937500000,0.843750000,,
0.953125000,0.843750000,,
0.968750000,0.843750000,,
0.984375000,0.843750000,,
1.000000000,0.843750000,,
-1.000000000,0.859375000,,
-0.984375000,0.859375000,,
-0.968750000,0.859375000,,
-0.953125000,0.859375000,,
-0.937500000,0.859375000,,
-0.921875000,0.859375000,,
-0.906250000,0.859375000,,
-0.890625000,0.859375000,,
-0.875000000,0.859375000,,
-0.859375000,0.859375000,,
-0.843750000,0.859375000,,
-0.828125000,0.859375000,,
-0.812500000,0.859375000,,
-0.796875000,0.859375000,,
-0.781250000,0.859375000,,
-0.765625000,0.859375000,,
-0.750000000,0.859375000,,
-0.734375000,0.859375000,,
-0.718750000,0.859375000,,
-0.703125000,0.859375000,,
-0.687500000,0.859375000,,
-0.671875000,0.859375000,,
-0.656250000,0.859375000,,
-0.640625000,0.859375000,,
-0.625000000,0.859375000,,
-0.609375000,0.859375000,,
-0.593750000,0.859375000,,
-0.578125000,0.859375000,,
-0.562500000,0.859375000,,
-0.546875000,0.859375000,,
-0.531250000,0.859375000,,
-0.515625000,0.859375000,,
-0.500000000,0.859375000,,
-0.484375000,0.859375000,,
-0.468750000,0.859375000,,
-0.453125000,0.859375000,,
-0.437500000,0.859375000,,
-0.421875000,0.859375000,,
-0.406250000,0.859375000,,
-0.390625000,0.859375000,,
-0.375000000,0.859375000,,
-0.359375000,0.859375000,,
-0.343750000,0.859375000,,
-0.328125000,0.859375000,,
-0.312500000,0.859375000,,
-0.296875000,0.859375000,,
-0.281250000,0.859375000,,
-0.265625000,0.859375000,,
-0.250000000,0.859375000,,
-0.234375000,0.859375000,,
-0.218750000,0.859375000,,
-0.203125000,0.859375000,,
-0.187500000,0.859375000,,
-0.171875000,0.859375000,,
-0.156250000,0.859375000,,
-0.140625000,0.859375000,1.82409916388,0.866447102841
-0.125000000,0.859375000,1.80981190524,0.859660654987
-0.109375000,0.859375000,1.79960035857,0.854810170319
-0.093750000,0.859375000,1.79257257126,0.851471971348
-0.078125000,0.859375000,1.78795144138,0.849276934657
-0.062500000,0.859375000,1.78507646169,0.847911319301
-0.046875000,0.859375000,1.78340519738,0.847117468756
-0.031250000,0.859375000,1.78251449724,0.846694386191
-0.015625000,0.859375000,1.78210143617,0.846498182182
0.000000000,0.859375000,1.78198398912,0.846442394834
0.015625000,0.859375000,1.78210143617,0.846498182182
0.031250000,0.859375000,1.78251449724,0.846694386191
0.046875000,0.859375000,1.78340519738,0.847117468756
0.062500000,0.859375000,1.78507646169,0.847911319301
0.078125000,0.859375000,1.78795144138,0.849276934657
0.093750000,0.859375000,1.79257257126,0.851471971348
0.109375000,0.859375000,1.79960035857,0.854810170319
0.125000000,0.859375000,1.80981190524,0.859660654987
0.140625000,0.859375000,1.82409916388,0.866447102841
0.156250000,0.859375000,,
0.171875000,0.859375000,,
0.187500000,0.859375000,,
0.203125000,0.859375000,,
0.218750000,0.859375000,,
0.234375000,0.859375000,,
0.250000000,0.859375000,,
0.265625000,0.859375000,,
0.281250000,0.859375000,,
0.296875000,0.859375000,,
0.312500000,0.859375000,,
0.328125000,0.859375000,,
0.343750000,0.859375000,,
0.359375000,0.859375000,,
0.375000000,0.859375000,,
0.390625000,0.859375000,,
0.406250000,0.859375000,,
0.421875000,0.859375000,,
0.437500000,0.859375000,,
0.453125000,0.859375000,,
0.468750000,0.859375000,,
0.484375000,0.859375000,,
0.500000000,0.859375000,,
0.515625000,0.859375000,,
0.531250000,0.859375000,,
0.546875000,0.859375000,,
0.562500000,0.859375000,,
0.578125000,0.859375000,,
0.593750000,0.859375000,,
0.609375000,0.859375000,,
0.625000000,0.859375000,,
0.640625000,0.859375000,,
0.656250000,0.859375000,,
0.671875000,0.859375000,,
0.687500000,0.859375000,,
0.703125000,0.859375000,,
0.718750000,0.859375000,,
0.734375000,0.859375000,,
0.750000000,0.859375000,,
0.765625000,0.859375000,,
0.781250000,0.859375000,,
0.796875000,0.859375000,,
0.812500000,0.859375000,,
0.828125000,0.859375000,,
0.843750000,0.859375000,,
0.859375000,0.859375000,,
0.875000000,0.859375000,,
0.890625000,0.859375000,,
0.906250000,0.859375000,,
0.921875000,0.859375000,,
0.937500000,0.859375000,,
0.953125000,0.859375000,,
0.968750000,0.859375000,,
0.984375000,0.859375000,,
1.000000000,0.859375000,,
-1.000000000,0.875000000,,
-0.984375000,0.875000000,,
-0.968750000,0.875000000,,
-0.953125000,0.875000000,,
-0.937500000,0.875000000,,
-0.921875000,0.875000000,,
-0.906250000,0.875000000,,
-0.890625000,0.875000000,,
-0.875000000,0.875000000,,
-0.859375000,0.875000000,,
-0.843750000,0.875000000,,
-0.828125000,0.875000000,,
-0.812500000,0.875000000,,
-0.796875000,0.875000000,,
-0.781250000,0.875000000,,
-0.765625000,0.875000000,,
-0.750000000,0.875000000,,
-0.734375000,0.875000000,,
-0.718750000,0.875000000,,
-0.703125000,0.875000000,,
-0.687500000,0.875000000,,
-0.671875000,0.875000000,,
-0.656250000,0.875000000,,
-0.640625000,0.875000000,,
-0.625000000,0.875000000,,
-0.609375000,0.875000000,,
-0.593750000,0.875000000,,
-0.578125000,0.875000000,,
-0.562500000,0.875000000,,
-0.546875000,0.875000000,,
-0.531250000,0.875000000,,
-0.515625000,0.875000000,,
-0.500000000,0.875000000,,
-0.484375000,0.875000000,,
-0.468750000,0.875000000,,
-0.453125000,0.875000000,,
-0.437500000,0.875000000,,
-0.421875000,0.875000000,,
-0.406250000,0.875000000,,
-0.390625000,0.875000000,,
-0.375000000,0.875000000,,
-0.359375000,0.875000000,,
-0.343750000,0.875000000,,
-0.328125000,0.875000000,,
-0.312500000,0.875000000,,
-0.296875000,0.875000000,,
-0.281250000,0.875000000,,
-0.265625000,0.875000000,,
-0.250000000,0.875000000,,
-0.234375000,0.875000000,,
-0.218750000,0.875000000,,
-0.203125000,0.875000000,,
-0.187500000,0.875000000,,
-0.171875000,0.875000000,,
-0.156250000,0.875000000,,
-0.140625000,0.875000000,,
-0.125000000,0.875000000,,
-0.109375000,0.875000000,,
-0.093750000,0.875000000,,
-0.078125000,0.875000000,,
-0.062500000,0.875000000,,
-0.046875000,0.875000000,,
-0.031250000,0.875000000,,
-0.015625000,0.875000000,,
0.000000000,0.875000000,,
0.015625000,0.875000000,,
0.031250000,0.875000000,,
0.046875000,0.875000000,,
0.062500000,0.875000000,,
0.078125000,0.875000000,,
0.093750000,0.875000000,,
0.109375000,0.875000000,,
0.125000000,0.875000000,,
0.140625000,0.875000000,,
0.156250000,0.875000000,,
0.171875000,0.875000000,,
0.187500000,0.875000000,,
0.203125000,0.875000000,,
0.218750000,0.875000000,,
0.234375000,0.875000000,,
0.250000000,0.875000000,,
0.265625000,0.875000000,,
0.281250000,0.875000000,,
0.296875000,0.875000000,,
0.312500000,0.875000000,,
0.328125000,0.875000000,,
0.343750000,0.875000000,,
0.359375000,0.875000000,,
0.375000000,0.875000000,,
0.390625000,0.875000000,,
0.406250000,0.875000000,,
0.421875000,0.875000000,,
0.437500000,0.875000000,,
0.453125000,0.875000000,,
0.468750000,0.875000000,,
0.484375000,0.875000000,,
0.500000000,0.875000000,,
0.515625000,0.875000000,,
0.531250000,0.875000000,,
0.546875000,0.875000000,,
0.562500000,0.875000000,,
0.578125000,0.875000000,,
0.593750000,0.875000000,,
0.609375000,0.875000000,,
0.625000000,0.875000000,,
0.640625000,0.875000000,,
0.656250000,0.875000000,,
0.671875000,0.875000000,,
0.687500000,0.875000000,,
0.703125000,0.875000000,,
0.718750000,0.875000000,,
0.734375000,0.875000000,,
0.750000000,0.875000000,,
0.765625000,0.875000000,,
0.781250000,0.875000000,,
0.796875000,0.875000000,,
0.812500000,0.875000000,,
0.828125000,0.875000000,,
0.843750000,0.875000000,,
0.859375000,0.875000000,,
0.875000000,0.875000000,,
0.890625000,0.875000000,,
0.906250000,0.875000000,,
0.921875000,0.875000000,,
0.937500000,0.875000000,,
0.953125000,0.875000000,,
0.968750000,0.875000000,,
0.984375000,0.875000000,,
1.000000000,0.875000000,,
-1.000000000,0.890625000,,
-0.984375000,0.890625000,,
-0.968750000,0.890625000,,
-0.953125000,0.890625000,,
-0.937500000,0.890625000,,
-0.921875000,0.890625000,,
-0.906250000,0.890625000,,
-0.890625000,0.890625000,,
-0.875000000,0.890625000,,
-0.859375000,0.890625000,,
-0.843750000,0.890625000,,
-0.828125000,0.890625000,,
-0.812500000,0.890625000,,
-0.796875000,0.890625000,,
-0.781250000,0.890625000,,
-0.765625000,0.890625000,,
-0.750000000,0.890625000,,
-0.734375000,0.890625000,,
-0.718750000,0.890625000,,
-0.703125000,0.890625000,,
-0.687500000,0.890625000,,
-0.671875000,0.890625000,,
-0.656250000,0.890625000,,
-0.640625000,0.890625000,,
-0.625000000,0.890625000,,
-0.609375000,0.890625000,,
-0.593750000,0.890625000,,
-0.578125000,0.890625000,,
-0.562500000,0.890625000,,
-0.546875000,0.890625000,,
-0.531250000,0.890625000,,
-0.515625000,0.890625000,,
-0.500000000,0.890625000,,
-0.484375000,0.890625000,,
-0.468750000,0.890625000,,
-0.453125000,0.890625000,,
-0.437500000,0.890625000,,
-0.421875000,0.890625000,,
-0.406250000,0.890625000,,
-0.390625000,0.890625000,,
-0.375000000,0.890625000,,
-0.359375000,0.890625000,,
-0.343750000,0.890625000,,
-0.328125000,0.890625000,,
-0.312500000,0.890625000,,
-0.296875000,0.890625000,,
-0.281250000,0.890625000,,
-0.265625000,0.890625000,,
-0.250000000,0.890625000,,
-0.234375000,0.890625000,,
-0.218750000,0.890625000,,
-0.203125000,0.890625000,,
-0.187500000,0.890625000,,
-0.171875000,0.890625000,,
-0.156250000,0.890625000,,
-0.140625000,0.890625000,,
-0.125000000,0.890625000,,
-0.109375000,0.890625000,,
-0.093750000,0.890625000,,
-0.078125000,0.890625000,,
-0.062500000,0.890625000,,
-0.046875000,0.890625000,,
-0.031250000,0.890625000,,
-0.015625000,0.890625000,,
0.000000000,0.890625000,,
0.015625000,0.890625000,,
0.031250000,0.890625000,,
0.046875000,0.890625000,,
0.062500000,0.890625000,,
0.078125000,0.890625000,,
0.093750000,0.890625000,,
0.109375000,0.890625000,,
0.125000000,0.890625000,,
0.140625000,0.890625000,,
0.156250000,0.890625000,,
0.171875000,0.890625000,,
0.187500000,0.890625000,,
0.203125000,0.890625000,,
0.218750000,0.890625000,,
0.234375000,0.890625000,,
0.250000000,0.890625000,,
0.265625000,0.890625000,,
0.281250000,0.890625000,,
0.296875000,0.890625000,,
0.312500000,0.890625000,,
0.328125000,0.890625000,,
0.343750000,0.890625000,,
0.359375000,0.890625000,,
0.375000000,0.890625000,,
0.390625000,0.890625000,,
0.406250000,0.890625000,,
0.421875000,0.890625000,,
0.437500000,0.890625000,,
0.453125000,0.890625000,,
0.468750000,0.890625000,,
0.484375000,0.890625000,,
0.500000000,0.890625000,,
0.515625000,0.890625000,,
0.531250000,0.890625000,,
0.546875000,0.890625000,,
0.562500000,0.890625000,,
0.578125000,0.890625000,,
0.593750000,0.890625000,,
0.609375000,0.890625000,,
0.625000000,0.890625000,,
0.640625000,0.890625000,,
0.656250000,0.890625000,,
0.671875000,0.890625000,,
0.687500000,0.890625000,,
0.703125000,0.890625000,,
0.718750000,0.890625000,,
0.734375000,0.890625000,,
0.750000000,0.890625000,,
0.765625000,0.890625000,,
0.781250000,0.890625000,,
0.796875000,0.890625000,,
0.812500000,0.890625000,,
0.828125000,0.890625000,,
0.843750000,0.890625000,,
0.859375000,0.890625000,,
0.875000000,0.890625000,,
0.890625000,0.890625000,,
0.906250000,0.890625000,,
0.921875000,0.890625000,,
0.937500000,0.890625000,,
0.953125000,0.890625000,,
0.968750000,0.890625000,,
0.984375000,0.890625000,,
1.000000000,0.890625000,,
-1.000000000,0.906250000,,
-0.984375000,0.906250000,,
-0.968750000,0.906250000,,
-0.953125000,0.906250000,,
-0.937500000,0.906250000,,
-0.921875000,0.906250000,,
-0.906250000,0.906250000,,
-0.890625000,0.906250000,,
-0.875000000,0.906250000,,
-0.859375000,0.906250000,,
-0.843750000,0.906250000,,
-0.828125000,0.906250000,,
-0.812500000,0.906250000,,
-0.796875000,0.906250000,,
-0.781250000,0.906250000,,
-0.765625000,0.906250000,,
-0.750000000,0.906250000,,
-0.734375000,0.906250000,,
-0.718750000,0.906250000,,
-0.703125000,0.906250000,,
-0.687500000,0.906250000,,
-0.671875000,0.906250000,,
-0.656250000,0.906250000,,
-0.640625000,0.906250000,,
-0.625000000,0.906250000,,
-0.609375000,0.906250000,,
-0.593750000,0.906250000,,
-0.578125000,0.906250000,,
-0.562500000,0.906250000,,
-0.546875000,0.906250000,,
-0.531250000,0.906250000,,
-0.515625000,0.906250000,,
-0.500000000,0.906250000,,
-0.484375000,0.906250000,,
-0.468750000,0.906250000,,
-0.453125000,0.906250000,,
-0.437500000,0.906250000,,
-0.421875000,0.906250000,,
-0.406250000,0.906250000,,
-0.390625000,0.906250000,,
-0.375000000,0.906250000,,
-0.359375000,0.906250000,,
-0.343750000,0.906250000,,
-0.328125000,0.906250000,,
-0.312500000,0.906250000,,
-0.296875000,0.906250000,,
-0.281250000,0.906250000,,
-0.265625000,0.906250000,,
-0.250000000,0.906250000,,
-0.234375000,0.906250000,,
-0.218750000,0.906250000,,
-0.203125000,0.906250000,,
-0.187500000,0.906250000,,
-0.171875000,0.906250000,,
-0.156250000,0.906250000,,
-0.140625000,0.906250000,,
-0.125000000,0.906250000,,
-0.109375000,0.906250000,,
-0.093750000,0.906250000,,
-0.078125000,0.906250000,,
-0.062500000,0.906250000,,
-0.046875000,0.906250000,,
-0.031250000,0.906250000,,
-0.015625000,0.906250000,,
0.000000000,0.906250000,,
0.015625000,0.906250000,,
0.031250000,0.906250000,,
0.046875000,0.906250000,,
0.062500000,0.906250000,,
0.078125000,0.906250000,,
0.093750000,0.906250000,,
0.109375000,0.906250000,,
0.125000000,0.906250000,,
0.140625000,0.906250000,,
0.156250000,0.906250000,,
0.171875000,0.906250000,,
0.187500000,0.906250000,,
0.203125000,0.906250000,,
0.218750000,0.906250000,,
0.234375000,0.906250000,,
0.250000000,0.906250000,,
0.265625000,0.906250000,,
0.281250000,0.906250000,,
0.296875000,0.906250000,,
0.312500000,0.906250000,,
0.328125000,0.906250000,,
0.343750000,0.906250000,,
0.359375000,0.906250000,,
0.375000000,0.906250000,,
0.390625000,0.906250000,,
0.406250000,0.906250000,,
0.421875000,0.906250000,,
0.437500000,0.906250000,,
0.453125000,0.906250000,,
0.468750000,0.906250000,,
0.484375000,0.906250000,,
0.500000000,0.906250000,,
0.515625000,0.906250000,,
0.531250000,0.906250000,,
0.546875000,0.906250000,,
0.562500000,0.906250000,,
0.578125000,0.906250000,,
0.593750000,0.906250000,,
0.609375000,0.906250000,,
0.625000000,0.906250000,,
0.640625000,0.906250000,,
0.656250000,0.906250000,,
0.671875000,0.906250000,,
0.687500000,0.906250000,,
0.703125000,0.906250000,,
0.718750000,0.906250000,,
0.734375000,0.906250000,,
0.750000000,0.906250000,,
0.765625000,0.906250000,,
0.781250000,0.906250000,,
0.796875000,0.906250000,,
0.812500000,0.906250000,,
0.828125000,0.906250000,,
0.843750000,0.906250000,,
0.859375000,0.906250000,,
0.875000000,0.906250000,,
0.890625000,0.906250000,,
0.906250000,0.906250000,,
0.921875000,0.906250000,,
0.937500000,0.906250000,,
0.953125000,0.906250000,,
0.968750000,0.906250000,,
0.984375000,0.906250000,,
1.000000000,0.906250000,,
-1.000000000,0.921875000,,
-0.984375000,0.921875000,,
-0.968750000,0.921875000,,
-0.953125000,0.921875000,,
-0.937500000,0.921875000,,
-0.921875000,0.921875000,,
-0.906250000,0.921875000,,
-0.890625000,0.921875000,,
-0.875000000,0.921875000,,
-0.859375000,0.921875000,,
-0.843750000,0.921875000,,
-0.828125000,0.921875000,,
-0.812500000,0.921875000,,
-0.796875000,0.921875000,,
-0.781250000,0.921875000,,
-0.765625000,0.921875000,,
-0.750000000,0.921875000,,
-0.734375000,0.921875000,,
-0.718750000,0.921875000,,
-0.703125000,0.921875000,,
-0.687500000,0.921875000,,
-0.671875000,0.921875000,,
-0.656250000,0.921875000,,
-0.640625000,0.921875000,,
-0.625000000,0.921875000,,
-0.609375000,0.921875000,,
-0.593750000,0.921875000,,
-0.578125000,0.921875000,,
-0.562500000,0.921875000,,
-0.546875000,0.921875000,,
-0.531250000,0.921875000,,
-0.515625000,0.921875000,,
-0.500000000,0.921875000,,
-0.484375000,0.921875000,,
-0.468750000,0.921875000,,
-0.453125000,0.921875000,,
-0.437500000,0.921875000,,
-0.421875000,0.921875000,,
-0.406250000,0.921875000,,
-0.390625000,0.921875000,,
-0.375000000,0.921875000,,
-0.359375000,0.921875000,,
-0.343750000,0.921875000,,
-0.328125000,0.921875000,,
-0.312500000,0.921875000,,
-0.296875000,0.921875000,,
-0.281250000,0.921875000,,
-0.265625000,0.921875000,,
-0.250000000,0.921875000,,
-0.234375000,0.921875000,,
-0.218750000,0.921875000,,
-0.203125000,0.921875000,,
-0.187500000,0.921875000,,
-0.171875000,0.921875000,,
-0.156250000,0.921875000,,
-0.140625000,0.921875000,,
-0.125000000,0.921875000,,
-0.109375000,0.921875000,,
-0.093750000,0.921875000,,
-0.078125000,0.921875000,,
-0.062500000,0.921875000,,
-0.046875000,0.921875000,,
-0.031250000,0.921875000,,
-0.015625000,0.921875000,,
0.000000000,0.921875000,,
0.015625000,0.921875000,,
0.031250000,0.921875000,,
0.046875000,0.921875000,,
0.062500000,0.921875000,,
0.078125000,0.921875000,,
0.093750000,0.921875000,,
0.109375000,0.921875000,,
0.125000000,0.921875000,,
0.140625000,0.921875000,,
0.156250000,0.921875000,,
0.171875000,0.921875000,,
0.187500000,0.921875000,,
0.203125000,0.921875000,,
0.218750000,0.921875000,,
0.234375000,0.921875000,,
0.250000000,0.921875000,,
0.265625000,0.921875000,,
0.281250000,0.921875000,,
0.296875000,0.921875000,,
0.312500000,0.921875000,,
0.328125000,0.921875000,,
0.343750000,0.921875000,,
0.359375000,0.921875000,,
0.375000000,0.921875000,,
0.390625000,0.921875000,,
0.406250000,0.921875000,,
0.421875000,0.921875000,,
0.437500000,0.921875000,,
0.453125000,0.921875000,,
0.468750000,0.921875000,,
0.484375000,0.921875000,,
0.500000000,0.921875000,,
0.515625000,0.921875000,,
0.531250000,0.921875000,,
0.546875000,0.921875000,,
0.562500000,0.921875000,,
0.578125000,0.921875000,,
0.593750000,0.921875000,,
0.609375000,0.921875000,,
0.625000000,0.921875000,,
0.640625000,0.921875000,,
0.656250000,0.921875000,,
0.671875000,0.921875000,,
0.687500000,0.921875000,,
0.703125000,0.921875000,,
0.718750000,0.921875000,,
0.734375000,0.921875000,,
0.750000000,0.921875000,,
0.765625000,0.921875000,,
0.781250000,0.921875000,,
0.796875000,0.921875000,,
0.812500000,0.921875000,,
0.828125000,0.921875000,,
0.843750000,0.921875000,,
0.859375000,0.921875000,,
0.875000000,0.921875000,,
0.890625000,0.921875000,,
0.906250000,0.921875000,,
0.921875000,0.921875000,,
0.937500000,0.921875000,,
0.953125000,0.921875000,,
0.968750000,0.921875000,,
0.984375000,0.921875000,,
1.000000000,0.921875000,,
-1.000000000,0.937500000,,
-0.984375000,0.937500000,,
-0.968750000,0.937500000,,
-0.953125000,0.937500000,,
-0.937500000,0.937500000,,
-0.921875000,0.937500000,,
-0.906250000,0.937500000,,
-0.890625000,0.937500000,,
-0.875000000,0.937500000,,
-0.859375000,0.937500000,,
-0.843750000,0.937500000,,
-0.828125000,0.937500000,,
-0.812500000,0.937500000,,
-0.796875000,0.937500000,,
-0.781250000,0.937500000,,
-0.765625000,0.937500000,,
-0.750000000,0.937500000,,
-0.734375000,0.937500000,,
-0.718750000,0.937500000,,
-0.703125000,0.937500000,,
-0.687500000,0.937500000,,
-0.671875000,0.937500000,,
-0.656250000,0.937500000,,
-0.640625000,0.937500000,,
-0.625000000,0.937500000,,
-0.609375000,0.937500000,,
-0.593750000,0.937500000,,
-0.578125000,0.937500000,,
-0.562500000,0.937500000,,
-0.546875000,0.937500000,,
-0.531250000,0.937500000,,
-0.515625000,0.937500000,,
-0.500000000,0.937500000,,
-0.484375000,0.937500000,,
-0.468750000,0.937500000,,
-0.453125000,0.937500000,,
-0.437500000,0.937500000,,
-0.421875000,0.937500000,,
-0.406250000,0.937500000,,
-0.390625000,0.937500000,,
-0.375000000,0.937500000,,
-0.359375000,0.937500000,,
-0.343750000,0.937500000,,
-0.328125000,0.937500000,,
-0.312500000,0.937500000,,
-0.296875000,0.937500000,,
-0.281250000,0.937500000,,
-0.265625000,0.937500000,,
-0.250000000,0.937500000,,
-0.234375000,0.937500000,,
-0.218750000,0.937500000,,
-0.203125000,0.937500000,,
-0.187500000,0.937500000,,
-0.171875000,0.937500000,,
-0.156250000,0.937500000,,
-0.140625000,0.937500000,,
-0.125000000,0.937500000,,
-0.109375000,0.937500000,,
-0.093750000,0.937500000,,
-0.078125000,0.937500000,,
-0.062500000,0.937500000,,
-0.046875000,0.937500000,,
-0.031250000,0.937500000,,
-0.015625000,0.937500000,,
0.000000000,0.937500000,,
0.015625000,0.937500000,,
0.031250000,0.937500000,,
0.046875000,0.937500000,,
0.062500000,0.937500000,,
0.078125000,0.937500000,,
0.093750000,0.937500000,,
0.109375000,0.937500000,,
0.125000000,0.937500000,,
0.140625000,0.937500000,,
0.156250000,0.937500000,,
0.171875000,0.937500000,,
0.187500000,0.937500000,,
0.203125000,0.937500000,,
0.218750000,0.937500000,,
0.234375000,0.937500000,,
0.250000000,0.937500000,,
0.265625000,0.937500000,,
0.281250000,0.937500000,,
0.296875000,0.937500000,,
0.312500000,0.937500000,,
0.328125000,0.937500000,,
0.343750000,0.937500000,,
0.359375000,0.937500000,,
0.375000000,0.937500000,,
0.390625000,0.937500000,,
0.406250000,0.937500000,,
0.421875000,0.937500000,,
0.437500000,0.937500000,,
0.453125000,0.937500000,,
0.468750000,0.937500000,,
0.484375000,0.937500000,,
0.500000000,0.937500000,,
0.515625000,0.937500000,,
0.531250000,0.937500000,,
0.546875000,0.937500000,,
0.562500000,0.937500000,,
0.578125000,0.937500000,,
0.593750000,0.937500000,,
0.609375000,0.937500000,,
0.625000000,0.937500000,,
0.640625000,0.937500000,,
0.656250000,0.937500000,,
0.671875000,0.937500000,,
0.687500000,0.937500000,,
0.703125000,0.937500000,,
0.718750000,0.937500000,,
0.734375000,0.937500000,,
0.750000000,0.937500000,,
0.765625000,0.937500000,,
0.781250000,0.937500000,,
0.796875000,0.937500000,,
0.812500000,0.937500000,,
0.828125000,0.937500000,,
0.843750000,0.937500000,,
0.859375000,0.937500000,,
0.875000000,0.937500000,,
0.890625000,0.937500000,,
0.906250000,0.937500000,,
0.921875000,0.937500000,,
0.937500000,0.937500000,,
0.953125000,0.937500000,,
0.968750000,0.937500000,,
0.984375000,0.937500000,,
1.000000000,0.937500000,,
-1.000000000,0.953125000,,
-0.984375000,0.953125000,,
-0.968750000,0.953125000,,
-0.953125000,0.953125000,,
-0.937500000,0.953125000,,
-0.921875000,0.953125000,,
-0.906250000,0.953125000,,
-0.890625000,0.953125000,,
-0.875000000,0.953125000,,
-0.859375000,0.953125000,,
-0.843750000,0.953125000,,
-0.828125000,0.953125000,,
-0.812500000,0.953125000,,
-0.796875000,0.953125000,,
-0.781250000,0.953125000,,
-0.765625000,0.953125000,,
-0.750000000,0.953125000,,
-0.734375000,0.953125000,,
-0.718750000,0.953125000,,
-0.703125000,0.953125000,,
-0.687500000,0.953125000,,
-0.671875000,0.953125000,,
-0.656250000,0.953125000,,
-0.640625000,0.953125000,,
-0.625000000,0.953125000,,
-0.609375000,0.953125000,,
-0.593750000,0.953125000,,
-0.578125000,0.953125000,,
-0.562500000,0.953125000,,
-0.546875000,0.953125000,,
-0.531250000,0.953125000,,
-0.515625000,0.953125000,,
-0.500000000,0.953125000,,
-0.484375000,0.953125000,,
-0.468750000,0.953125000,,
-0.453125000,0.953125000,,
-0.437500000,0.953125000,,
-0.421875000,0.953125000,,
-0.406250000,0.953125000,,
-0.390625000,0.953125000,,
-0.375000000,0.953125000,,
-0.359375000,0.953125000,,
-0.343750000,0.953125000,,
-0.328125000,0.953125000,,
-0.312500000,0.953125000,,
-0.296875000,0.953125000,,
-0.281250000,0.953125000,,
-0.265625000,0.953125000,,
-0.250000000,0.953125000,,
-0.234375000,0.953125000,,
-0.218750000,0.953125000,,
-0.203125000,0.953125000,,
-0.187500000,0.953125000,,
-0.171875000,0.953125000,,
-0.156250000,0.953125000,,
-0.140625000,0.953125000,,
-0.125000000,0.953125000,,
-0.109375000,0.953125000,,
-0.093750000,0.953125000,,
-0.078125000,0.953125000,,
-0.062500000,0.953125000,,
-0.046875000,0.953125000,,
-0.031250000,0.953125000,,
-0.015625000,0.953125000,,
0.000000000,0.953125000,,
0.015625000,0.953125000,,
0.031250000,0.953125000,,
0.046875000,0.953125000,,
0.062500000,0.953125000,,
0.078125000,0.953125000,,
0.093750000,0.953125000,,
0.109375000,0.953125000,,
0.125000000,0.953125000,,
0.140625000,0.953125000,,
0.156250000,0.953125000,,
0.171875000,0.953125000,,
0.187500000,0.953125000,,
0.203125000,0.953125000,,
0.218750000,0.953125000,,
0.234375000,0.953125000,,
0.250000000,0.953125000,,
0.265625000,0.953125000,,
0.281250000,0.953125000,,
0.296875000,0.953125000,,
0.312500000,0.953125000,,
0.328125000,0.953125000,,
0.343750000,0.953125000,,
0.359375000,0.953125000,,
0.375000000,0.953125000,,
0.390625000,0.953125000,,
0.406250000,0.953125000,,
0.421875000,0.953125000,,
0.437500000,0.953125000,,
0.453125000,0.953125000,,
0.468750000,0.953125000,,
0.484375000,0.953125000,,
0.500000000,0.953125000,,
0.515625000,0.953125000,,
0.531250000,0.953125000,,
0.546875000,0.953125000,,
0.562500000,0.953125000,,
0.578125000,0.953125000,,
0.593750000,0.953125000,,
0.609375000,0.953125000,,
0.625000000,0.953125000,,
0.640625000,0.953125000,,
0.656250000,0.953125000,,
0.671875000,0.953125000,,
0.687500000,0.953125000,,
0.703125000,0.953125000,,
0.718750000,0.953125000,,
0.734375000,0.953125000,,
0.750000000,0.953125000,,
0.765625000,0.953125000,,
0.781250000,0.953125000,,
0.796875000,0.953125000,,
0.812500000,0.953125000,,
0.828125000,0.953125000,,
0.843750000,0.953125000,,
0.859375000,0.953125000,,
0.875000000,0.953125000,,
0.890625000,0.953125000,,
0.906250000,0.953125000,,
0.921875000,0.953125000,,
0.937500000,0.953125000,,
0.953125000,0.953125000,,
0.968750000,0.953125000,,
0.984375000,0.953125000,,
1.000000000,0.953125000,,
-1.000000000,0.968750000,,
-0.984375000,0.968750000,,
-0.968750000,0.968750000,,
-0.953125000,0.968750000,,
-0.937500000,0.968750000,,
-0.921875000,0.968750000,,
-0.906250000,0.968750000,,
-0.890625000,0.968750000,,
-0.875000000,0.968750000,,
-0.859375000,0.968750000,,
-0.843750000,0.968750000,,
-0.828125000,0.968750000,,
-0.812500000,0.968750000,,
-0.796875000,0.968750000,,
-0.781250000,0.968750000,,
-0.765625000,0.968750000,,
-0.750000000,0.968750000,,
-0.734375000,0.968750000,,
-0.718750000,0.968750000,,
-0.703125000,0.968750000,,
-0.687500000,0.968750000,,
-0.671875000,0.968750000,,
-0.656250000,0.968750000,,
-0.640625000,0.968750000,,
-0.625000000,0.968750000,,
-0.609375000,0.968750000,,
-0.593750000,0.968750000,,
-0.578125000,0.968750000,,
-0.562500000,0.968750000,,
-0.546875000,0.968750000,,
-0.531250000,0.968750000,,
-0.515625000,0.968750000,,
-0.500000000,0.968750000,,
-0.484375000,0.968750000,,
-0.468750000,0.968750000,,
-0.453125000,0.968750000,,
-0.437500000,0.968750000,,
-0.421875000,0.968750000,,
-0.406250000,0.968750000,,
-0.390625000,0.968750000,,
-0.375000000,0.968750000,,
-0.359375000,0.968750000,,
-0.343750000,0.968750000,,
-0.328125000,0.968750000,,
-0.312500000,0.968750000,,
-0.296875000,0.968750000,,
-0.281250000,0.968750000,,
-0.265625000,0.968750000,,
-0.250000000,0.968750000,,
-0.234375000,0.968750000,,
-0.218750000,0.968750000,,
-0.203125000,0.968750000,,
-0.187500000,0.968750000,,
-0.171875000,0.968750000,,
-0.156250000,0.968750000,,
-0.140625000,0.968750000,,
-0.125000000,0.968750000,,
-0.109375000,0.968750000,,
-0.093750000,0.968750000,,
-0.078125000,0.968750000,,
-0.062500000,0.968750000,,
-0.046875000,0.968750000,,
-0.031250000,0.968750000,,
-0.015625000,0.968750000,,
0.000000000,0.968750000,,
0.015625000,0.968750000,,
0.031250000,0.968750000,,
0.046875000,0.968750000,,
0.062500000,0.968750000,,
0.078125000,0.968750000,,
0.093750000,0.968750000,,
0.109375000,0.968750000,,
0.125000000,0.968750000,,
0.140625000,0.968750000,,
0.156250000,0.968750000,,
0.171875000,0.968750000,,
0.187500000,0.968750000,,
0.203125000,0.968750000,,
0.218750000,0.968750000,,
0.234375000,0.968750000,,
0.250000000,0.968750000,,
0.265625000,0.968750000,,
0.281250000,0.968750000,,
0.296875000,0.968750000,,
0.312500000,0.968750000,,
0.328125000,0.968750000,,
0.343750000,0.968750000,,
0.359375000,0.968750000,,
0.375000000,0.968750000,,
0.390625000,0.968750000,,
0.406250000,0.968750000,,
0.421875000,0.968750000,,
0.437500000,0.968750000,,
0.453125000,0.968750000,,
0.468750000,0.968750000,,
0.484375000,0.968750000,,
0.500000000,0.968750000,,
0.515625000,0.968750000,,
0.531250000,0.968750000,,
0.546875000,0.968750000,,
0.562500000,0.968750000,,
0.578125000,0.968750000,,
0.593750000,0.968750000,,
0.609375000,0.968750000,,
0.625000000,0.968750000,,
0.640625000,0.968750000,,
0.656250000,0.968750000,,
0.671875000,0.968750000,,
0.687500000,0.968750000,,
0.703125000,0.968750000,,
0.718750000,0.968750000,,
0.734375000,0.968750000,,
0.750000000,0.968750000,,
0.765625000,0.968750000,,
0.781250000,0.968750000,,
0.796875000,0.968750000,,
0.812500000,0.968750000,,
0.828125000,0.968750000,,
0.843750000,0.968750000,,
0.859375000,0.968750000,,
0.875000000,0.968750000,,
0.890625000,0.968750000,,
0.906250000,0.968750000,,
0.921875000,0.968750000,,
0.937500000,0.968750000,,
0.953125000,0.968750000,,
0.968750000,0.968750000,,
0.984375000,0.968750000,,
1.000000000,0.968750000,,
-1.000000000,0.984375000,,
-0.984375000,0.984375000,,
-0.968750000,0.984375000,,
-0.953125000,0.984375000,,
-0.937500000,0.984375000,,
-0.921875000,0.984375000,,
-0.906250000,0.984375000,,
-0.890625000,0.984375000,,
-0.875000000,0.984375000,,
-0.859375000,0.984375000,,
-0.843750000,0.984375000,,
-0.828125000,0.984375000,,
-0.812500000,0.984375000,,
-0.796875000,0.984375000,,
-0.781250000,0.984375000,,
-0.765625000,0.984375000,,
-0.750000000,0.984375000,,
-0.734375000,0.984375000,,
-0.718750000,0.984375000,,
-0.703125000,0.984375000,,
-0.687500000,0.984375000,,
-0.671875000,0.984375000,,
-0.656250000,0.984375000,,
-0.640625000,0.984375000,,
-0.625000000,0.984375000,,
-0.609375000,0.984375000,,
-0.593750000,0.984375000,,
-0.578125000,0.984375000,,
-0.562500000,0.984375000,,
-0.546875000,0.984375000,,
-0.531250000,0.984375000,,
-0.515625000,0.984375000,,
-0.500000000,0.984375000,,
-0.484375000,0.984375000,,
-0.468750000,0.984375000,,
-0.453125000,0.984375000,,
-0.437500000,0.984375000,,
-0.421875000,0.984375000,,
-0.406250000,0.984375000,,
-0.390625000,0.984375000,,
-0.375000000,0.984375000,,
-0.359375000,0.984375000,,
-0.343750000,0.984375000,,
-0.328125000,0.984375000,,
-0.312500000,0.984375000,,
-0.296875000,0.984375000,,
-0.281250000,0.984375000,,
-0.265625000,0.984375000,,
-0.250000000,0.984375000,,
-0.234375000,0.984375000,,
-0.218750000,0.984375000,,
-0.203125000,0.984375000,,
-0.187500000,0.984375000,,
-0.171875000,0.984375000,,
-0.156250000,0.984375000,,
-0.140625000,0.984375000,,
-0.125000000,0.984375000,,
-0.109375000,0.984375000,,
-0.093750000,0.984375000,,
-0.078125000,0.984375000,,
-0.062500000,0.984375000,,
-0.046875000,0.984375000,,
-0.031250000,0.984375000,,
-0.015625000,0.984375000,,
0.000000000,0.984375000,,
0.015625000,0.984375000,,
0.031250000,0.984375000,,
0.046875000,0.984375000,,
0.062500000,0.984375000,,
0.078125000,0.984375000,,
0.093750000,0.984375000,,
0.109375000,0.984375000,,
0.125000000,0.984375000,,
0.140625000,0.984375000,,
0.156250000,0.984375000,,
0.171875000,0.984375000,,
0.187500000,0.984375000,,
0.203125000,0.984375000,,
0.218750000,0.984375000,,
0.234375000,0.984375000,,
0.250000000,0.984375000,,
0.265625000,0.984375000,,
0.281250000,0.984375000,,
0.296875000,0.984375000,,
0.312500000,0.984375000,,
0.328125000,0.984375000,,
0.343750000,0.984375000,,
0.359375000,0.984375000,,
0.375000000,0.984375000,,
0.390625000,0.984375000,,
0.406250000,0.984375000,,
0.421875000,0.984375000,,
0.437500000,0.984375000,,
0.453125000,0.984375000,,
0.468750000,0.984375000,,
0.484375000,0.984375000,,
0.500000000,0.984375000,,
0.515625000,0.984375000,,
0.531250000,0.984375000,,
0.546875000,0.984375000,,
0.562500000,0.984375000,,
0.578125000,0.984375000,,
0.593750000,0.984375000,,
0.609375000,0.984375000,,
0.625000000,0.984375000,,
0.640625000,0.984375000,,
0.656250000,0.984375000,,
0.671875000,0.984375000,,
0.687500000,0.984375000,,
0.703125000,0.984375000,,
0.718750000,0.984375000,,
0.734375000,0.984375000,,
0.750000000,0.984375000,,
0.765625000,0.984375000,,
0.781250000,0.984375000,,
0.796875000,0.984375000,,
0.812500000,0.984375000,,
0.828125000,0.984375000,,
0.843750000,0.984375000,,
0.859375000,0.984375000,,
0.875000000,0.984375000,,
0.890625000,0.984375000,,
0.906250000,0.984375000,,
0.921875000,0.984375000,,
0.937500000,0.984375000,,
0.953125000,0.984375000,,
0.968750000,0.984375000,,
0.984375000,0.984375000,,
1.000000000,0.984375000,,
-1.000000000,1.000000000,,
-0.984375000,1.000000000,,
-0.968750000,1.000000000,,
-0.953125000,1.000000000,,
-0.937500000,1.000000000,,
-0.921875000,1.000000000,,
-0.906250000,1.000000000,,
-0.890625000,1.000000000,,
-0.875000000,1.000000000,,
-0.859375000,1.000000000,,
-0.843750000,1.000000000,,
-0.828125000,1.000000000,,
-0.812500000,1.000000000,,
-0.796875000,1.000000000,,
-0.781250000,1.000000000,,
-0.765625000,1.000000000,,
-0.750000000,1.000000000,,
-0.734375000,1.000000000,,
-0.718750000,1.000000000,,
-0.703125000,1.000000000,,
-0.687500000,1.000000000,,
-0.671875000,1.000000000,,
-0.656250000,1.000000000,,
-0.640625000,1.000000000,,
-0.625000000,1.000000000,,
-0.609375000,1.000000000,,
-0.593750000,1.000000000,,
-0.578125000,1.000000000,,
-0.562500000,1.000000000,,
-0.546875000,1.000000000,,
-0.531250000,1.000000000,,
-0.515625000,1.000000000,,
-0.500000000,1.000000000,,
-0.484375000,1.000000000,,
-0.468750000,1.000000000,,
-0.453125000,1.000000000,,
-0.437500000,1.000000000,,
-0.421875000,1.000000000,,
-0.406250000,1.000000000,,
-0.390625000,1.000000000,,
-0.375000000,1.000000000,,
-0.359375000,1.000000000,,
-0.343750000,1.000000000,,
-0.328125000,1.000000000,,
-0.312500000,1.000000000,,
-0.296875000,1.000000000,,
-0.281250000,1.000000000,,
-0.265625000,1.000000000,,
-0.250000000,1.000000000,,
-0.234375000,1.000000000,,
-0.218750000,1.000000000,,
-0.203125000,1.000000000,,
-0.187500000,1.000000000,,
-0.171875000,1.000000000,,
-0.156250000,1.000000000,,
-0.140625000,1.000000000,,
-0.125000000,1.000000000,,
-0.109375000,1.000000000,,
-0.093750000,1.000000000,,
-0.078125000,1.000000000,,
-0.062500000,1.000000000,,
-0.046875000,1.000000000,,
-0.031250000,1.000000000,,
-0.015625000,1.000000000,,
0.000000000,1.000000000,,
0.015625000,1.000000000,,
0.031250000,1.000000000,,
0.046875000,1.000000000,,
0.062500000,1.000000000,,
0.078125000,1.000000000,,
0.093750000,1.000000000,,
0.109375000,1.000000000,,
0.125000000,1.000000000,,
0.140625000,1.000000000,,
0.156250000,1.000000000,,
0.171875000,1.000000000,,
0.187500000,1.000000000,,
0.203125000,1.000000000,,
0.218750000,1.000000000,,
0.234375000,1.000000000,,
0.250000000,1.000000000,,
0.265625000,1.000000000,,
0.281250000,1.000000000,,
0.296875000,1.000000000,,
0.312500000,1.000000000,,
0.328125000,1.000000000,,
0.343750000,1.000000000,,
0.359375000,1.000000000,,
0.375000000,1.000000000,,
0.390625000,1.000000000,,
0.406250000,1.000000000,,
0.421875000,1.000000000,,
0.437500000,1.000000000,,
0.453125000,1.000000000,,
0.468750000,1.000000000,,
0.484375000,1.000000000,,
0.500000000,1.000000000,,
0.515625000,1.000000000,,
0.531250000,1.000000000,,
0.546875000,1.000000000,,
0.562500000,1.000000000,,
0.578125000,1.000000000,,
0.593750000,1.000000000,,
0.609375000,1.000000000,,
0.625000000,1.000000000,,
0.640625000,1.000000000,,
0.656250000,1.000000000,,
0.671875000,1.000000000,,
0.687500000,1.000000000,,
0.703125000,1.000000000,,
0.718750000,1.000000000,,
0.734375000,1.000000000,,
0.750000000,1.000000000,,
0.765625000,1.000000000,,
0.781250000,1.000000000,,
0.796875000,1.000000000,,
0.812500000,1.000000000,,
0.828125000,1.000000000,,
0.843750000,1.000000000,,
0.859375000,1.000000000,,
0.875000000,1.000000000,,
0.890625000,1.000000000,,
0.906250000,1.000000000,,
0.921875000,1.000000000,,
0.937500000,1.000000000,,
0.953125000,1.000000000,,
0.968750000,1.000000000,,
0.984375000,1.000000000,,
1.000000000,1.000000000,,
