xNormalized,yNormalized,displayWaves,displayMicron
-1.000000000,-1.000000000,,
-0.984375000,-1.000000000,,
-0.968750000,-1.000000000,,
-0.953125000,-1.000000000,,
-0.937500000,-1.000000000,,
-0.921875000,-1.000000000,,
-0.906250000,-1.000000000,,
-0.890625000,-1.000000000,,
-0.875000000,-1.000000000,,
-0.859375000,-1.000000000,,
-0.843750000,-1.000000000,,
-0.828125000,-1.000000000,,
-0.812500000,-1.000000000,,
-0.796875000,-1.000000000,,
-0.781250000,-1.000000000,,
-0.765625000,-1.000000000,,
-0.750000000,-1.000000000,,
-0.734375000,-1.000000000,,
-0.718750000,-1.000000000,,
-0.703125000,-1.000000000,,
-0.687500000,-1.000000000,,
-0.671875000,-1.000000000,,
-0.656250000,-1.000000000,,
-0.640625000,-1.000000000,,
-0.625000000,-1.000000000,,
-0.609375000,-1.000000000,,
-0.593750000,-1.000000000,,
-0.578125000,-1.000000000,,
-0.562500000,-1.000000000,,
-0.546875000,-1.000000000,,
-0.531250000,-1.000000000,,
-0.515625000,-1.000000000,,
-0.500000000,-1.000000000,,
-0.484375000,-1.000000000,,
-0.468750000,-1.000000000,,
-0.453125000,-1.000000000,,
-0.437500000,-1.000000000,,
-0.421875000,-1.000000000,,
-0.406250000,-1.000000000,,
-0.390625000,-1.000000000,,
-0.375000000,-1.000000000,,
-0.359375000,-1.000000000,,
-0.343750000,-1.000000000,,
-0.328125000,-1.000000000,,
-0.312500000,-1.000000000,,
-0.296875000,-1.000000000,,
-0.281250000,-1.000000000,,
-0.265625000,-1.000000000,,
-0.250000000,-1.000000000,,
-0.234375000,-1.000000000,,
-0.218750000,-1.000000000,,
-0.203125000,-1.000000000,,
-0.187500000,-1.000000000,,
-0.171875000,-1.000000000,,
-0.156250000,-1.000000000,,
-0.140625000,-1.000000000,,
-0.125000000,-1.000000000,,
-0.109375000,-1.000000000,,
-0.093750000,-1.000000000,,
-0.078125000,-1.000000000,,
-0.062500000,-1.000000000,,
-0.046875000,-1.000000000,,
-0.031250000,-1.000000000,,
-0.015625000,-1.000000000,,
0.000000000,-1.000000000,,
0.015625000,-1.000000000,,
0.031250000,-1.000000000,,
0.046875000,-1.000000000,,
0.062500000,-1.000000000,,
0.078125000,-1.000000000,,
0.093750000,-1.000000000,,
0.109375000,-1.000000000,,
0.125000000,-1.000000000,,
0.140625000,-1.000000000,,
0.156250000,-1.000000000,,
0.171875000,-1.000000000,,
0.187500000,-1.000000000,,
0.203125000,-1.000000000,,
0.218750000,-1.000000000,,
0.234375000,-1.000000000,,
0.250000000,-1.000000000,,
0.265625000,-1.000000000,,
0.281250000,-1.000000000,,
0.296875000,-1.000000000,,
0.312500000,-1.000000000,,
0.328125000,-1.000000000,,
0.343750000,-1.000000000,,
0.359375000,-1.000000000,,
0.375000000,-1.000000000,,
0.390625000,-1.000000000,,
0.406250000,-1.000000000,,
0.421875000,-1.000000000,,
0.437500000,-1.000000000,,
0.453125000,-1.000000000,,
0.468750000,-1.000000000,,
0.484375000,-1.000000000,,
0.500000000,-1.000000000,,
0.515625000,-1.000000000,,
0.531250000,-1.000000000,,
0.546875000,-1.000000000,,
0.562500000,-1.000000000,,
0.578125000,-1.000000000,,
0.593750000,-1.000000000,,
0.609375000,-1.000000000,,
0.625000000,-1.000000000,,
0.640625000,-1.000000000,,
0.656250000,-1.000000000,,
0.671875000,-1.000000000,,
0.687500000,-1.000000000,,
0.703125000,-1.000000000,,
0.718750000,-1.000000000,,
0.734375000,-1.000000000,,
0.750000000,-1.000000000,,
0.765625000,-1.000000000,,
0.781250000,-1.000000000,,
0.796875000,-1.000000000,,
0.812500000,-1.000000000,,
0.828125000,-1.000000000,,
0.843750000,-1.000000000,,
0.859375000,-1.000000000,,
0.875000000,-1.000000000,,
0.890625000,-1.000000000,,
0.906250000,-1.000000000,,
0.921875000,-1.000000000,,
0.937500000,-1.000000000,,
0.953125000,-1.000000000,,
0.968750000,-1.000000000,,
0.984375000,-1.000000000,,
1.000000000,-1.000000000,,
-1.000000000,-0.984375000,,
-0.984375000,-0.984375000,,
-0.968750000,-0.984375000,,
-0.953125000,-0.984375000,,
-0.937500000,-0.984375000,,
-0.921875000,-0.984375000,,
-0.906250000,-0.984375000,,
-0.890625000,-0.984375000,,
-0.875000000,-0.984375000,,
-0.859375000,-0.984375000,,
-0.843750000,-0.984375000,,
-0.828125000,-0.984375000,,
-0.812500000,-0.984375000,,
-0.796875000,-0.984375000,,
-0.781250000,-0.984375000,,
-0.765625000,-0.984375000,,
-0.750000000,-0.984375000,,
-0.734375000,-0.984375000,,
-0.718750000,-0.984375000,,
-0.703125000,-0.984375000,,
-0.687500000,-0.984375000,,
-0.671875000,-0.984375000,,
-0.656250000,-0.984375000,,
-0.640625000,-0.984375000,,
-0.625000000,-0.984375000,,
-0.609375000,-0.984375000,,
-0.593750000,-0.984375000,,
-0.578125000,-0.984375000,,
-0.562500000,-0.984375000,,
-0.546875000,-0.984375000,,
-0.531250000,-0.984375000,,
-0.515625000,-0.984375000,,
-0.500000000,-0.984375000,,
-0.484375000,-0.984375000,,
-0.468750000,-0.984375000,,
-0.453125000,-0.984375000,,
-0.437500000,-0.984375000,,
-0.421875000,-0.984375000,,
-0.406250000,-0.984375000,,
-0.390625000,-0.984375000,,
-0.375000000,-0.984375000,,
-0.359375000,-0.984375000,,
-0.343750000,-0.984375000,,
-0.328125000,-0.984375000,,
-0.312500000,-0.984375000,,
-0.296875000,-0.984375000,,
-0.281250000,-0.984375000,,
-0.265625000,-0.984375000,,
-0.250000000,-0.984375000,,
-0.234375000,-0.984375000,,
-0.218750000,-0.984375000,,
-0.203125000,-0.984375000,,
-0.187500000,-0.984375000,,
-0.171875000,-0.984375000,,
-0.156250000,-0.984375000,,
-0.140625000,-0.984375000,,
-0.125000000,-0.984375000,,
-0.109375000,-0.984375000,,
-0.093750000,-0.984375000,,
-0.078125000,-0.984375000,,
-0.062500000,-0.984375000,,
-0.046875000,-0.984375000,,
-0.031250000,-0.984375000,,
-0.015625000,-0.984375000,,
0.000000000,-0.984375000,,
0.015625000,-0.984375000,,
0.031250000,-0.984375000,,
0.046875000,-0.984375000,,
0.062500000,-0.984375000,,
0.078125000,-0.984375000,,
0.093750000,-0.984375000,,
0.109375000,-0.984375000,,
0.125000000,-0.984375000,,
0.140625000,-0.984375000,,
0.156250000,-0.984375000,,
0.171875000,-0.984375000,,
0.187500000,-0.984375000,,
0.203125000,-0.984375000,,
0.218750000,-0.984375000,,
0.234375000,-0.984375000,,
0.250000000,-0.984375000,,
0.265625000,-0.984375000,,
0.281250000,-0.984375000,,
0.296875000,-0.984375000,,
0.312500000,-0.984375000,,
0.328125000,-0.984375000,,
0.343750000,-0.984375000,,
0.359375000,-0.984375000,,
0.375000000,-0.984375000,,
0.390625000,-0.984375000,,
0.406250000,-0.984375000,,
0.421875000,-0.984375000,,
0.437500000,-0.984375000,,
0.453125000,-0.984375000,,
0.468750000,-0.984375000,,
0.484375000,-0.984375000,,
0.500000000,-0.984375000,,
0.515625000,-0.984375000,,
0.531250000,-0.984375000,,
0.546875000,-0.984375000,,
0.562500000,-0.984375000,,
0.578125000,-0.984375000,,
0.593750000,-0.984375000,,
0.609375000,-0.984375000,,
0.625000000,-0.984375000,,
0.640625000,-0.984375000,,
0.656250000,-0.984375000,,
0.671875000,-0.984375000,,
0.687500000,-0.984375000,,
0.703125000,-0.984375000,,
0.718750000,-0.984375000,,
0.734375000,-0.984375000,,
0.750000000,-0.984375000,,
0.765625000,-0.984375000,,
0.781250000,-0.984375000,,
0.796875000,-0.984375000,,
0.812500000,-0.984375000,,
0.828125000,-0.984375000,,
0.843750000,-0.984375000,,
0.859375000,-0.984375000,,
0.875000000,-0.984375000,,
0.890625000,-0.984375000,,
0.906250000,-0.984375000,,
0.921875000,-0.984375000,,
0.937500000,-0.984375000,,
0.953125000,-0.984375000,,
0.968750000,-0.984375000,,
0.984375000,-0.984375000,,
1.000000000,-0.984375000,,
-1.000000000,-0.968750000,,
-0.984375000,-0.968750000,,
-0.968750000,-0.968750000,,
-0.953125000,-0.968750000,,
-0.937500000,-0.968750000,,
-0.921875000,-0.968750000,,
-0.906250000,-0.968750000,,
-0.890625000,-0.968750000,,
-0.875000000,-0.968750000,,
-0.859375000,-0.968750000,,
-0.843750000,-0.968750000,,
-0.828125000,-0.968750000,,
-0.812500000,-0.968750000,,
-0.796875000,-0.968750000,,
-0.781250000,-0.968750000,,
-0.765625000,-0.968750000,,
-0.750000000,-0.968750000,,
-0.734375000,-0.968750000,,
-0.718750000,-0.968750000,,
-0.703125000,-0.968750000,,
-0.687500000,-0.968750000,,
-0.671875000,-0.968750000,,
-0.656250000,-0.968750000,,
-0.640625000,-0.968750000,,
-0.625000000,-0.968750000,,
-0.609375000,-0.968750000,,
-0.593750000,-0.968750000,,
-0.578125000,-0.968750000,,
-0.562500000,-0.968750000,,
-0.546875000,-0.968750000,,
-0.531250000,-0.968750000,,
-0.515625000,-0.968750000,,
-0.500000000,-0.968750000,,
-0.484375000,-0.968750000,,
-0.468750000,-0.968750000,,
-0.453125000,-0.968750000,,
-0.437500000,-0.968750000,,
-0.421875000,-0.968750000,,
-0.406250000,-0.968750000,,
-0.390625000,-0.968750000,,
-0.375000000,-0.968750000,,
-0.359375000,-0.968750000,,
-0.343750000,-0.968750000,,
-0.328125000,-0.968750000,,
-0.312500000,-0.968750000,,
-0.296875000,-0.968750000,,
-0.281250000,-0.968750000,,
-0.265625000,-0.968750000,,
-0.250000000,-0.968750000,,
-0.234375000,-0.968750000,,
-0.218750000,-0.968750000,,
-0.203125000,-0.968750000,,
-0.187500000,-0.968750000,,
-0.171875000,-0.968750000,,
-0.156250000,-0.968750000,,
-0.140625000,-0.968750000,,
-0.125000000,-0.968750000,,
-0.109375000,-0.968750000,-0.267714846625,-0.167321779141
-0.093750000,-0.968750000,-0.253010698573,-0.158131686608
-0.078125000,-0.968750000,-0.240466848931,-0.150291780582
-0.062500000,-0.968750000,-0.230134017686,-0.143833761054
-0.046875000,-0.968750000,-0.222053908457,-0.138783692786
-0.031250000,-0.968750000,-0.216259076551,-0.135161922844
-0.015625000,-0.968750000,-0.212772835697,-0.132983022311
0.000000000,-0.968750000,-0.211609197272,-0.132255748295
0.015625000,-0.968750000,-0.212772835697,-0.132983022311
0.031250000,-0.968750000,-0.216259076551,-0.135161922844
0.046875000,-0.968750000,-0.222053908457,-0.138783692786
0.062500000,-0.968750000,-0.230134017686,-0.143833761054
0.078125000,-0.968750000,-0.240466848931,-0.150291780582
0.093750000,-0.968750000,-0.253010698573,-0.158131686608
0.109375000,-0.968750000,-0.267714846625,-0.167321779141
0.125000000,-0.968750000,,
0.140625000,-0.968750000,,
0.156250000,-0.968750000,,
0.171875000,-0.968750000,,
0.187500000,-0.968750000,,
0.203125000,-0.968750000,,
0.218750000,-0.968750000,,
0.234375000,-0.968750000,,
0.250000000,-0.968750000,,
0.265625000,-0.968750000,,
0.281250000,-0.968750000,,
0.296875000,-0.968750000,,
0.312500000,-0.968750000,,
0.328125000,-0.968750000,,
0.343750000,-0.968750000,,
0.359375000,-0.968750000,,
0.375000000,-0.968750000,,
0.390625000,-0.968750000,,
0.406250000,-0.968750000,,
0.421875000,-0.968750000,,
0.437500000,-0.968750000,,
0.453125000,-0.968750000,,
0.468750000,-0.968750000,,
0.484375000,-0.968750000,,
0.500000000,-0.968750000,,
0.515625000,-0.968750000,,
0.531250000,-0.968750000,,
0.546875000,-0.968750000,,
0.562500000,-0.968750000,,
0.578125000,-0.968750000,,
0.593750000,-0.968750000,,
0.609375000,-0.968750000,,
0.625000000,-0.968750000,,
0.640625000,-0.968750000,,
0.656250000,-0.968750000,,
0.671875000,-0.968750000,,
0.687500000,-0.968750000,,
0.703125000,-0.968750000,,
0.718750000,-0.968750000,,
0.734375000,-0.968750000,,
0.750000000,-0.968750000,,
0.765625000,-0.968750000,,
0.781250000,-0.968750000,,
0.796875000,-0.968750000,,
0.812500000,-0.968750000,,
0.828125000,-0.968750000,,
0.843750000,-0.968750000,,
0.859375000,-0.968750000,,
0.875000000,-0.968750000,,
0.890625000,-0.968750000,,
0.906250000,-0.968750000,,
0.921875000,-0.968750000,,
0.937500000,-0.968750000,,
0.953125000,-0.968750000,,
0.968750000,-0.968750000,,
0.984375000,-0.968750000,,
1.000000000,-0.968750000,,
-1.000000000,-0.953125000,,
-0.984375000,-0.953125000,,
-0.968750000,-0.953125000,,
-0.953125000,-0.953125000,,
-0.937500000,-0.953125000,,
-0.921875000,-0.953125000,,
-0.906250000,-0.953125000,,
-0.890625000,-0.953125000,,
-0.875000000,-0.953125000,,
-0.859375000,-0.953125000,,
-0.843750000,-0.953125000,,
-0.828125000,-0.953125000,,
-0.812500000,-0.953125000,,
-0.796875000,-0.953125000,,
-0.781250000,-0.953125000,,
-0.765625000,-0.953125000,,
-0.750000000,-0.953125000,,
-0.734375000,-0.953125000,,
-0.718750000,-0.953125000,,
-0.703125000,-0.953125000,,
-0.687500000,-0.953125000,,
-0.671875000,-0.953125000,,
-0.656250000,-0.953125000,,
-0.640625000,-0.953125000,,
-0.625000000,-0.953125000,,
-0.609375000,-0.953125000,,
-0.593750000,-0.953125000,,
-0.578125000,-0.953125000,,
-0.562500000,-0.953125000,,
-0.546875000,-0.953125000,,
-0.531250000,-0.953125000,,
-0.515625000,-0.953125000,,
-0.500000000,-0.953125000,,
-0.484375000,-0.953125000,,
-0.468750000,-0.953125000,,
-0.453125000,-0.953125000,,
-0.437500000,-0.953125000,,
-0.421875000,-0.953125000,,
-0.406250000,-0.953125000,,
-0.390625000,-0.953125000,,
-0.375000000,-0.953125000,,
-0.359375000,-0.953125000,,
-0.343750000,-0.953125000,,
-0.328125000,-0.953125000,,
-0.312500000,-0.953125000,,
-0.296875000,-0.953125000,,
-0.281250000,-0.953125000,,
-0.265625000,-0.953125000,,
-0.250000000,-0.953125000,,
-0.234375000,-0.953125000,,
-0.218750000,-0.953125000,,
-0.203125000,-0.953125000,-0.292587676959,-0.182867298099
-0.187500000,-0.953125000,-0.265910800451,-0.166194250282
-0.171875000,-0.953125000,-0.240929551100,-0.150580969437
-0.156250000,-0.953125000,-0.217751556087,-0.136094722554
-0.140625000,-0.953125000,-0.196476163136,-0.122797601960
-0.125000000,-0.953125000,-0.177194010599,-0.110746256624
-0.109375000,-0.953125000,-0.159986705297,-0.0999916908106
-0.093750000,-0.953125000,-0.144926587395,-0.0905791171218
-0.078125000,-0.953125000,-0.132076561435,-0.0825478508969
-0.062500000,-0.953125000,-0.121489980322,-0.0759312377010
-0.046875000,-0.953125000,-0.113210566950,-0.0707566043440
-0.031250000,-0.953125000,-0.107272364522,-0.0670452278262
-0.015625000,-0.953125000,-0.103699705876,-0.0648123161723
0.000000000,-0.953125000,-0.102507196637,-0.0640669978979
0.015625000,-0.953125000,-0.103699705876,-0.0648123161723
0.031250000,-0.953125000,-0.107272364522,-0.0670452278262
0.046875000,-0.953125000,-0.113210566950,-0.0707566043440
0.062500000,-0.953125000,-0.121489980322,-0.0759312377010
0.078125000,-0.953125000,-0.132076561435,-0.0825478508969
0.093750000,-0.953125000,-0.144926587395,-0.0905791171218
0.109375000,-0.953125000,-0.159986705297,-0.0999916908106
0.125000000,-0.953125000,-0.177194010599,-0.110746256624
0.140625000,-0.953125000,-0.196476163136,-0.122797601960
0.156250000,-0.953125000,-0.217751556087,-0.136094722554
0.171875000,-0.953125000,-0.240929551100,-0.150580969437
0.187500000,-0.953125000,-0.265910800451,-0.166194250282
0.203125000,-0.953125000,-0.292587676959,-0.182867298099
0.218750000,-0.953125000,,
0.234375000,-0.953125000,,
0.250000000,-0.953125000,,
0.265625000,-0.953125000,,
0.281250000,-0.953125000,,
0.296875000,-0.953125000,,
0.312500000,-0.953125000,,
0.328125000,-0.953125000,,
0.343750000,-0.953125000,,
0.359375000,-0.953125000,,
0.375000000,-0.953125000,,
0.390625000,-0.953125000,,
0.406250000,-0.953125000,,
0.421875000,-0.953125000,,
0.437500000,-0.953125000,,
0.453125000,-0.953125000,,
0.468750000,-0.953125000,,
0.484375000,-0.953125000,,
0.500000000,-0.953125000,,
0.515625000,-0.953125000,,
0.531250000,-0.953125000,,
0.546875000,-0.953125000,,
0.562500000,-0.953125000,,
0.578125000,-0.953125000,,
0.593750000,-0.953125000,,
0.609375000,-0.953125000,,
0.625000000,-0.953125000,,
0.640625000,-0.953125000,,
0.656250000,-0.953125000,,
0.671875000,-0.953125000,,
0.687500000,-0.953125000,,
0.703125000,-0.953125000,,
0.718750000,-0.953125000,,
0.734375000,-0.953125000,,
0.750000000,-0.953125000,,
0.765625000,-0.953125000,,
0.781250000,-0.953125000,,
0.796875000,-0.953125000,,
0.812500000,-0.953125000,,
0.828125000,-0.953125000,,
0.843750000,-0.953125000,,
0.859375000,-0.953125000,,
0.875000000,-0.953125000,,
0.890625000,-0.953125000,,
0.906250000,-0.953125000,,
0.921875000,-0.953125000,,
0.937500000,-0.953125000,,
0.953125000,-0.953125000,,
0.968750000,-0.953125000,,
0.984375000,-0.953125000,,
1.000000000,-0.953125000,,
-1.000000000,-0.937500000,,
-0.984375000,-0.937500000,,
-0.968750000,-0.937500000,,
-0.953125000,-0.937500000,,
-0.937500000,-0.937500000,,
-0.921875000,-0.937500000,,
-0.906250000,-0.937500000,,
-0.890625000,-0.937500000,,
-0.875000000,-0.937500000,,
-0.859375000,-0.937500000,,
-0.843750000,-0.937500000,,
-0.828125000,-0.937500000,,
-0.812500000,-0.937500000,,
-0.796875000,-0.937500000,,
-0.781250000,-0.937500000,,
-0.765625000,-0.937500000,,
-0.750000000,-0.937500000,,
-0.734375000,-0.937500000,,
-0.718750000,-0.937500000,,
-0.703125000,-0.937500000,,
-0.687500000,-0.937500000,,
-0.671875000,-0.937500000,,
-0.656250000,-0.937500000,,
-0.640625000,-0.937500000,,
-0.625000000,-0.937500000,,
-0.609375000,-0.937500000,,
-0.593750000,-0.937500000,,
-0.578125000,-0.937500000,,
-0.562500000,-0.937500000,,
-0.546875000,-0.937500000,,
-0.531250000,-0.937500000,,
-0.515625000,-0.937500000,,
-0.500000000,-0.937500000,,
-0.484375000,-0.937500000,,
-0.468750000,-0.937500000,,
-0.453125000,-0.937500000,,
-0.437500000,-0.937500000,,
-0.421875000,-0.937500000,,
-0.406250000,-0.937500000,,
-0.390625000,-0.937500000,,
-0.375000000,-0.937500000,,
-0.359375000,-0.937500000,,
-0.343750000,-0.937500000,,
-0.328125000,-0.937500000,,
-0.312500000,-0.937500000,,
-0.296875000,-0.937500000,,
-0.281250000,-0.937500000,,
-0.265625000,-0.937500000,-0.316541175813,-0.197838234883
-0.250000000,-0.937500000,-0.283587434440,-0.177242146525
-0.234375000,-0.937500000,-0.251821122153,-0.157388201346
-0.218750000,-0.937500000,-0.221389591038,-0.138368494399
-0.203125000,-0.937500000,-0.192432894361,-0.120270558976
-0.187500000,-0.937500000,-0.165082971613,-0.103176857258
-0.171875000,-0.937500000,-0.139463029389,-0.0871643933682
-0.156250000,-0.937500000,-0.115687083109,-0.0723044269431
-0.140625000,-0.937500000,-0.0938596277741,-0.0586622673588
-0.125000000,-0.937500000,-0.0740754123068,-0.0462971326918
-0.109375000,-0.937500000,-0.0564192935549,-0.0352620584718
-0.093750000,-0.937500000,-0.0409661517055,-0.0256038448159
-0.078125000,-0.937500000,-0.0277808504126,-0.0173630315079
-0.062500000,-0.937500000,-0.0169182274046,-0.0105738921279
-0.046875000,-0.937500000,-0.00842310472349,-0.00526444045218
-0.031250000,-0.937500000,-0.00233030949444,-0.00145644343403
-0.015625000,-0.937500000,0.00133530324092,0.000834564525576
0.000000000,-0.937500000,0.00255882959622,0.00159926849764
0.015625000,-0.937500000,0.00133530324092,0.000834564525576
0.031250000,-0.937500000,-0.00233030949444,-0.00145644343403
0.046875000,-0.937500000,-0.00842310472349,-0.00526444045218
0.062500000,-0.937500000,-0.0169182274046,-0.0105738921279
0.078125000,-0.937500000,-0.0277808504126,-0.0173630315079
0.093750000,-0.937500000,-0.0409661517055,-0.0256038448159
0.109375000,-0.937500000,-0.0564192935549,-0.0352620584718
0.125000000,-0.937500000,-0.0740754123068,-0.0462971326918
0.140625000,-0.937500000,-0.0938596277741,-0.0586622673588
0.156250000,-0.937500000,-0.115687083109,-0.0723044269431
0.171875000,-0.937500000,-0.139463029389,-0.0871643933682
0.187500000,-0.937500000,-0.165082971613,-0.103176857258
0.203125000,-0.937500000,-0.192432894361,-0.120270558976
0.218750000,-0.937500000,-0.221389591038,-0.138368494399
0.234375000,-0.937500000,-0.251821122153,-0.157388201346
0.250000000,-0.937500000,-0.283587434440,-0.177242146525
0.265625000,-0.937500000,-0.316541175813,-0.197838234883
0.281250000,-0.937500000,,
0.296875000,-0.937500000,,
0.312500000,-0.937500000,,
0.328125000,-0.937500000,,
0.343750000,-0.937500000,,
0.359375000,-0.937500000,,
0.375000000,-0.937500000,,
0.390625000,-0.937500000,,
0.406250000,-0.937500000,,
0.421875000,-0.937500000,,
0.437500000,-0.937500000,,
0.453125000,-0.937500000,,
0.468750000,-0.937500000,,
0.484375000,-0.937500000,,
0.500000000,-0.937500000,,
0.515625000,-0.937500000,,
0.531250000,-0.937500000,,
0.546875000,-0.937500000,,
0.562500000,-0.937500000,,
0.578125000,-0.937500000,,
0.593750000,-0.937500000,,
0.609375000,-0.937500000,,
0.625000000,-0.937500000,,
0.640625000,-0.937500000,,
0.656250000,-0.937500000,,
0.671875000,-0.937500000,,
0.687500000,-0.937500000,,
0.703125000,-0.937500000,,
0.718750000,-0.937500000,,
0.734375000,-0.937500000,,
0.750000000,-0.937500000,,
0.765625000,-0.937500000,,
0.781250000,-0.937500000,,
0.796875000,-0.937500000,,
0.812500000,-0.937500000,,
0.828125000,-0.937500000,,
0.843750000,-0.937500000,,
0.859375000,-0.937500000,,
0.875000000,-0.937500000,,
0.890625000,-0.937500000,,
0.906250000,-0.937500000,,
0.921875000,-0.937500000,,
0.937500000,-0.937500000,,
0.953125000,-0.937500000,,
0.968750000,-0.937500000,,
0.984375000,-0.937500000,,
1.000000000,-0.937500000,,
-1.000000000,-0.921875000,,
-0.984375000,-0.921875000,,
-0.968750000,-0.921875000,,
-0.953125000,-0.921875000,,
-0.937500000,-0.921875000,,
-0.921875000,-0.921875000,,
-0.906250000,-0.921875000,,
-0.890625000,-0.921875000,,
-0.875000000,-0.921875000,,
-0.859375000,-0.921875000,,
-0.843750000,-0.921875000,,
-0.828125000,-0.921875000,,
-0.812500000,-0.921875000,,
-0.796875000,-0.921875000,,
-0.781250000,-0.921875000,,
-0.765625000,-0.921875000,,
-0.750000000,-0.921875000,,
-0.734375000,-0.921875000,,
-0.718750000,-0.921875000,,
-0.703125000,-0.921875000,,
-0.687500000,-0.921875000,,
-0.671875000,-0.921875000,,
-0.656250000,-0.921875000,,
-0.640625000,-0.921875000,,
-0.625000000,-0.921875000,,
-0.609375000,-0.921875000,,
-0.593750000,-0.921875000,,
-0.578125000,-0.921875000,,
-0.562500000,-0.921875000,,
-0.546875000,-0.921875000,,
-0.531250000,-0.921875000,,
-0.515625000,-0.921875000,,
-0.500000000,-0.921875000,,
-0.484375000,-0.921875000,,
-0.468750000,-0.921875000,,
-0.453125000,-0.921875000,,
-0.437500000,-0.921875000,,
-0.421875000,-0.921875000,,
-0.406250000,-0.921875000,,
-0.390625000,-0.921875000,,
-0.375000000,-0.921875000,,
-0.359375000,-0.921875000,,
-0.343750000,-0.921875000,,
-0.328125000,-0.921875000,,
-0.312500000,-0.921875000,-0.331169062040,-0.206980663775
-0.296875000,-0.921875000,-0.294748600705,-0.184217875440
-0.281250000,-0.921875000,-0.259015388411,-0.161884617757
-0.265625000,-0.921875000,-0.224149319507,-0.140093324692
-0.250000000,-0.921875000,-0.190323916984,-0.118952448115
-0.234375000,-0.921875000,-0.157705105878,-0.0985656911739
-0.218750000,-0.921875000,-0.126450272457,-0.0790314202856
-0.203125000,-0.921875000,-0.0967075609316,-0.0604422255823
-0.187500000,-0.921875000,-0.0686153638790,-0.0428846024244
-0.171875000,-0.921875000,-0.0423019705605,-0.0264387316003
-0.156250000,-0.921875000,-0.0178853421610,-0.0111783388506
-0.140625000,-0.921875000,0.00452701462729,0.00282938414206
-0.125000000,-0.921875000,0.0248380971342,0.0155238107089
-0.109375000,-0.921875000,0.0429614004679,0.0268508752924
-0.093750000,-0.921875000,0.0588208721919,0.0367630451199
-0.078125000,-0.921875000,0.0723508418675,0.0452192761672
-0.062500000,-0.921875000,0.0834959373936,0.0521849608710
-0.046875000,-0.921875000,0.0922109991767,0.0576318744854
-0.031250000,-0.921875000,0.0984609986401,0.0615381241501
-0.015625000,-0.921875000,0.102220969539,0.0638881059620
0.000000000,-0.921875000,0.103475953934,0.0646724712086
0.015625000,-0.921875000,0.102220969539,0.0638881059620
0.031250000,-0.921875000,0.0984609986401,0.0615381241501
0.046875000,-0.921875000,0.0922109991767,0.0576318744854
0.062500000,-0.921875000,0.0834959373936,0.0521849608710
0.078125000,-0.921875000,0.0723508418675,0.0452192761672
0.093750000,-0.921875000,0.0588208721919,0.0367630451199
0.109375000,-0.921875000,0.0429614004679,0.0268508752924
0.125000000,-0.921875000,0.0248380971342,0.0155238107089
0.140625000,-0.921875000,0.00452701462729,0.00282938414206
0.156250000,-0.921875000,-0.0178853421610,-0.0111783388506
0.171875000,-0.921875000,-0.0423019705605,-0.0264387316003
0.187500000,-0.921875000,-0.0686153638790,-0.0428846024244
0.203125000,-0.921875000,-0.0967075609316,-0.0604422255823
0.218750000,-0.921875000,-0.126450272457,-0.0790314202856
0.234375000,-0.921875000,-0.157705105878,-0.0985656911739
0.250000000,-0.921875000,-0.190323916984,-0.118952448115
0.265625000,-0.921875000,-0.224149319507,-0.140093324692
0.281250000,-0.921875000,-0.259015388411,-0.161884617757
0.296875000,-0.921875000,-0.294748600705,-0.184217875440
0.312500000,-0.921875000,-0.331169062040,-0.206980663775
0.328125000,-0.921875000,,
0.343750000,-0.921875000,,
0.359375000,-0.921875000,,
0.375000000,-0.921875000,,
0.390625000,-0.921875000,,
0.406250000,-0.921875000,,
0.421875000,-0.921875000,,
0.437500000,-0.921875000,,
0.453125000,-0.921875000,,
0.468750000,-0.921875000,,
0.484375000,-0.921875000,,
0.500000000,-0.921875000,,
0.515625000,-0.921875000,,
0.531250000,-0.921875000,,
0.546875000,-0.921875000,,
0.562500000,-0.921875000,,
0.578125000,-0.921875000,,
0.593750000,-0.921875000,,
0.609375000,-0.921875000,,
0.625000000,-0.921875000,,
0.640625000,-0.921875000,,
0.656250000,-0.921875000,,
0.671875000,-0.921875000,,
0.687500000,-0.921875000,,
0.703125000,-0.921875000,,
0.718750000,-0.921875000,,
0.734375000,-0.921875000,,
0.750000000,-0.921875000,,
0.765625000,-0.921875000,,
0.781250000,-0.921875000,,
0.796875000,-0.921875000,,
0.812500000,-0.921875000,,
0.828125000,-0.921875000,,
0.843750000,-0.921875000,,
0.859375000,-0.921875000,,
0.875000000,-0.921875000,,
0.890625000,-0.921875000,,
0.906250000,-0.921875000,,
0.921875000,-0.921875000,,
0.937500000,-0.921875000,,
0.953125000,-0.921875000,,
0.968750000,-0.921875000,,
0.984375000,-0.921875000,,
1.000000000,-0.921875000,,
-1.000000000,-0.906250000,,
-0.984375000,-0.906250000,,
-0.968750000,-0.906250000,,
-0.953125000,-0.906250000,,
-0.937500000,-0.906250000,,
-0.921875000,-0.906250000,,
-0.906250000,-0.906250000,,
-0.890625000,-0.906250000,,
-0.875000000,-0.906250000,,
-0.859375000,-0.906250000,,
-0.843750000,-0.906250000,,
-0.828125000,-0.906250000,,
-0.812500000,-0.906250000,,
-0.796875000,-0.906250000,,
-0.781250000,-0.906250000,,
-0.765625000,-0.906250000,,
-0.750000000,-0.906250000,,
-0.734375000,-0.906250000,,
-0.718750000,-0.906250000,,
-0.703125000,-0.906250000,,
-0.687500000,-0.906250000,,
-0.671875000,-0.906250000,,
-0.656250000,-0.906250000,,
-0.640625000,-0.906250000,,
-0.625000000,-0.906250000,,
-0.609375000,-0.906250000,,
-0.593750000,-0.906250000,,
-0.578125000,-0.906250000,,
-0.562500000,-0.906250000,,
-0.546875000,-0.906250000,,
-0.531250000,-0.906250000,,
-0.515625000,-0.906250000,,
-0.500000000,-0.906250000,,
-0.484375000,-0.906250000,,
-0.468750000,-0.906250000,,
-0.453125000,-0.906250000,,
-0.437500000,-0.906250000,,
-0.421875000,-0.906250000,,
-0.406250000,-0.906250000,,
-0.390625000,-0.906250000,,
-0.375000000,-0.906250000,,
-0.359375000,-0.906250000,-0.360925243241,-0.225578277026
-0.343750000,-0.906250000,-0.322627808862,-0.201642380539
-0.328125000,-0.906250000,-0.284404778477,-0.177752986548
-0.312500000,-0.906250000,-0.246468056046,-0.154042535029
-0.296875000,-0.906250000,-0.209025048667,-0.130640655417
-0.281250000,-0.906250000,-0.172276787582,-0.107672992238
-0.265625000,-0.906250000,-0.136416461821,-0.0852602886384
-0.250000000,-0.906250000,-0.101628297786,-0.0635176861165
-0.234375000,-0.906250000,-0.0680867272736,-0.0425542045460
-0.218750000,-0.906250000,-0.0359557911394,-0.0224723694621
-0.203125000,-0.906250000,-0.00538873867216,-0.00336796167010
-0.187500000,-0.906250000,0.0234722176471,0.0146701360295
-0.171875000,-0.906250000,0.0504960219471,0.0315600137169
-0.156250000,-0.906250000,0.0755627985663,0.0472267491039
-0.140625000,-0.906250000,0.0985638026825,0.0616023766766
-0.125000000,-0.906250000,0.119401317577,0.0746258234854
-0.109375000,-0.906250000,0.137988517579,0.0862428234872
-0.093750000,-0.906250000,0.154249309985,0.0964058187409
-0.078125000,-0.906250000,0.168118169267,0.105073855792
-0.062500000,-0.906250000,0.179539974435,0.112212484022
-0.046875000,-0.906250000,0.188469856803,0.117793660502
-0.031250000,-0.906250000,0.194873067032,0.121795666895
-0.015625000,-0.906250000,0.198724865649,0.124203041031
0.000000000,-0.906250000,0.200010442244,0.125006526402
0.015625000,-0.906250000,0.198724865649,0.124203041031
0.031250000,-0.906250000,0.194873067032,0.121795666895
0.046875000,-0.906250000,0.188469856803,0.117793660502
0.062500000,-0.906250000,0.179539974435,0.112212484022
0.078125000,-0.906250000,0.168118169267,0.105073855792
0.093750000,-0.906250000,0.154249309985,0.0964058187409
0.109375000,-0.906250000,0.137988517579,0.0862428234872
0.125000000,-0.906250000,0.119401317577,0.0746258234854
0.140625000,-0.906250000,0.0985638026825,0.0616023766766
0.156250000,-0.906250000,0.0755627985663,0.0472267491039
0.171875000,-0.906250000,0.0504960219471,0.0315600137169
0.187500000,-0.906250000,0.0234722176471,0.0146701360295
0.203125000,-0.906250000,-0.00538873867216,-0.00336796167010
0.218750000,-0.906250000,-0.0359557911394,-0.0224723694621
0.234375000,-0.906250000,-0.0680867272736,-0.0425542045460
0.250000000,-0.906250000,-0.101628297786,-0.0635176861165
0.265625000,-0.906250000,-0.136416461821,-0.0852602886384
0.281250000,-0.906250000,-0.172276787582,-0.107672992238
0.296875000,-0.906250000,-0.209025048667,-0.130640655417
0.312500000,-0.906250000,-0.246468056046,-0.154042535029
0.328125000,-0.906250000,-0.284404778477,-0.177752986548
0.343750000,-0.906250000,-0.322627808862,-0.201642380539
0.359375000,-0.906250000,-0.360925243241,-0.225578277026
0.375000000,-0.906250000,,
0.390625000,-0.906250000,,
0.406250000,-0.906250000,,
0.421875000,-0.906250000,,
0.437500000,-0.906250000,,
0.453125000,-0.906250000,,
0.468750000,-0.906250000,,
0.484375000,-0.906250000,,
0.500000000,-0.906250000,,
0.515625000,-0.906250000,,
0.531250000,-0.906250000,,
0.546875000,-0.906250000,,
0.562500000,-0.906250000,,
0.578125000,-0.906250000,,
0.593750000,-0.906250000,,
0.609375000,-0.906250000,,
0.625000000,-0.906250000,,
0.640625000,-0.906250000,,
0.656250000,-0.906250000,,
0.671875000,-0.906250000,,
0.687500000,-0.906250000,,
0.703125000,-0.906250000,,
0.718750000,-0.906250000,,
0.734375000,-0.906250000,,
0.750000000,-0.906250000,,
0.765625000,-0.906250000,,
0.781250000,-0.906250000,,
0.796875000,-0.906250000,,
0.812500000,-0.906250000,,
0.828125000,-0.906250000,,
0.843750000,-0.906250000,,
0.859375000,-0.906250000,,
0.875000000,-0.906250000,,
0.890625000,-0.906250000,,
0.906250000,-0.906250000,,
0.921875000,-0.906250000,,
0.937500000,-0.906250000,,
0.953125000,-0.906250000,,
0.968750000,-0.906250000,,
0.984375000,-0.906250000,,
1.000000000,-0.906250000,,
-1.000000000,-0.890625000,,
-0.984375000,-0.890625000,,
-0.968750000,-0.890625000,,
-0.953125000,-0.890625000,,
-0.937500000,-0.890625000,,
-0.921875000,-0.890625000,,
-0.906250000,-0.890625000,,
-0.890625000,-0.890625000,,
-0.875000000,-0.890625000,,
-0.859375000,-0.890625000,,
-0.843750000,-0.890625000,,
-0.828125000,-0.890625000,,
-0.812500000,-0.890625000,,
-0.796875000,-0.890625000,,
-0.781250000,-0.890625000,,
-0.765625000,-0.890625000,,
-0.750000000,-0.890625000,,
-0.734375000,-0.890625000,,
-0.718750000,-0.890625000,,
-0.703125000,-0.890625000,,
-0.687500000,-0.890625000,,
-0.671875000,-0.890625000,,
-0.656250000,-0.890625000,,
-0.640625000,-0.890625000,,
-0.625000000,-0.890625000,,
-0.609375000,-0.890625000,,
-0.593750000,-0.890625000,,
-0.578125000,-0.890625000,,
-0.562500000,-0.890625000,,
-0.546875000,-0.890625000,,
-0.531250000,-0.890625000,,
-0.515625000,-0.890625000,,
-0.500000000,-0.890625000,,
-0.484375000,-0.890625000,,
-0.468750000,-0.890625000,,
-0.453125000,-0.890625000,,
-0.437500000,-0.890625000,,
-0.421875000,-0.890625000,,
-0.406250000,-0.890625000,,
-0.390625000,-0.890625000,-0.362619345304,-0.226637090815
-0.375000000,-0.890625000,-0.323763813517,-0.202352383448
-0.359375000,-0.890625000,-0.284495258053,-0.177809536283
-0.343750000,-0.890625000,-0.245053769878,-0.153158606174
-0.328125000,-0.890625000,-0.205675562690,-0.128547226681
-0.312500000,-0.890625000,-0.166590680998,-0.104119175624
-0.296875000,-0.890625000,-0.128021209040,-0.0800132556502
-0.281250000,-0.890625000,-0.0901798993899,-0.0563624371187
-0.265625000,-0.890625000,-0.0532691519633,-0.0332932199771
-0.250000000,-0.890625000,-0.0174802837269,-0.0109251773293
-0.234375000,-0.890625000,0.0170069618616,0.0106293511635
-0.218750000,-0.890625000,0.0500247109449,0.0312654443405
-0.203125000,-0.890625000,0.0814170981440,0.0508856863400
-0.187500000,-0.890625000,0.111040281904,0.0694001761903
-0.171875000,-0.890625000,0.138762364619,0.0867264778869
-0.156250000,-0.890625000,0.164463241077,0.102789525673
-0.140625000,-0.890625000,0.188034396984,0.117521498115
-0.125000000,-0.890625000,0.209378675182,0.130861671989
-0.109375000,-0.890625000,0.228410024905,0.142756265566
-0.093750000,-0.890625000,0.245053246829,0.153158279268
-0.078125000,-0.890625000,0.259243745055,0.162027340659
-0.062500000,-0.890625000,0.270927295364,0.169329559602
-0.046875000,-0.890625000,0.280059836725,0.175037397953
-0.031250000,-0.890625000,0.286607293396,0.179129558373
-0.015625000,-0.890625000,0.290545431172,0.181590894483
0.000000000,-0.890625000,0.291859752218,0.182412345136
0.015625000,-0.890625000,0.290545431172,0.181590894483
0.031250000,-0.890625000,0.286607293396,0.179129558373
0.046875000,-0.890625000,0.280059836725,0.175037397953
0.062500000,-0.890625000,0.270927295364,0.169329559602
0.078125000,-0.890625000,0.259243745055,0.162027340659
0.093750000,-0.890625000,0.245053246829,0.153158279268
0.109375000,-0.890625000,0.228410024905,0.142756265566
0.125000000,-0.890625000,0.209378675182,0.130861671989
0.140625000,-0.890625000,0.188034396984,0.117521498115
0.156250000,-0.890625000,0.164463241077,0.102789525673
0.171875000,-0.890625000,0.138762364619,0.0867264778869
0.187500000,-0.890625000,0.111040281904,0.0694001761903
0.203125000,-0.890625000,0.0814170981440,0.0508856863400
0.218750000,-0.890625000,0.0500247109449,0.0312654443405
0.234375000,-0.890625000,0.0170069618616,0.0106293511635
0.250000000,-0.890625000,-0.0174802837269,-0.0109251773293
0.265625000,-0.890625000,-0.0532691519633,-0.0332932199771
0.281250000,-0.890625000,-0.0901798993899,-0.0563624371187
0.296875000,-0.890625000,-0.128021209040,-0.0800132556502
0.312500000,-0.890625000,-0.166590680998,-0.104119175624
0.328125000,-0.890625000,-0.205675562690,-0.128547226681
0.343750000,-0.890625000,-0.245053769878,-0.153158606174
0.359375000,-0.890625000,-0.284495258053,-0.177809536283
0.375000000,-0.890625000,-0.323763813517,-0.202352383448
0.390625000,-0.890625000,-0.362619345304,-0.226637090815
0.406250000,-0.890625000,,
0.421875000,-0.890625000,,
0.437500000,-0.890625000,,
0.453125000,-0.890625000,,
0.468750000,-0.890625000,,
0.484375000,-0.890625000,,
0.500000000,-0.890625000,,
0.515625000,-0.890625000,,
0.531250000,-0.890625000,,
0.546875000,-0.890625000,,
0.562500000,-0.890625000,,
0.578125000,-0.890625000,,
0.593750000,-0.890625000,,
0.609375000,-0.890625000,,
0.625000000,-0.890625000,,
0.640625000,-0.890625000,,
0.656250000,-0.890625000,,
0.671875000,-0.890625000,,
0.687500000,-0.890625000,,
0.703125000,-0.890625000,,
0.718750000,-0.890625000,,
0.734375000,-0.890625000,,
0.750000000,-0.890625000,,
0.765625000,-0.890625000,,
0.781250000,-0.890625000,,
0.796875000,-0.890625000,,
0.812500000,-0.890625000,,
0.828125000,-0.890625000,,
0.843750000,-0.890625000,,
0.859375000,-0.890625000,,
0.875000000,-0.890625000,,
0.890625000,-0.890625000,,
0.906250000,-0.890625000,,
0.921875000,-0.890625000,,
0.937500000,-0.890625000,,
0.953125000,-0.890625000,,
0.968750000,-0.890625000,,
0.984375000,-0.890625000,,
1.000000000,-0.890625000,,
-1.000000000,-0.875000000,,
-0.984375000,-0.875000000,,
-0.968750000,-0.875000000,,
-0.953125000,-0.875000000,,
-0.937500000,-0.875000000,,
-0.921875000,-0.875000000,,
-0.906250000,-0.875000000,,
-0.890625000,-0.875000000,,
-0.875000000,-0.875000000,,
-0.859375000,-0.875000000,,
-0.843750000,-0.875000000,,
-0.828125000,-0.875000000,,
-0.812500000,-0.875000000,,
-0.796875000,-0.875000000,,
-0.781250000,-0.875000000,,
-0.765625000,-0.875000000,,
-0.750000000,-0.875000000,,
-0.734375000,-0.875000000,,
-0.718750000,-0.875000000,,
-0.703125000,-0.875000000,,
-0.687500000,-0.875000000,,
-0.671875000,-0.875000000,,
-0.656250000,-0.875000000,,
-0.640625000,-0.875000000,,
-0.625000000,-0.875000000,,
-0.609375000,-0.875000000,,
-0.593750000,-0.875000000,,
-0.578125000,-0.875000000,,
-0.562500000,-0.875000000,,
-0.546875000,-0.875000000,,
-0.531250000,-0.875000000,,
-0.515625000,-0.875000000,,
-0.500000000,-0.875000000,,
-0.484375000,-0.875000000,,
-0.468750000,-0.875000000,,
-0.453125000,-0.875000000,,
-0.437500000,-0.875000000,-0.408845826301,-0.255528641438
-0.421875000,-0.875000000,-0.371618935103,-0.232261834439
-0.406250000,-0.875000000,-0.333159800185,-0.208224875116
-0.390625000,-0.875000000,-0.293736717299,-0.183585448312
-0.375000000,-0.875000000,-0.253618746012,-0.158511716257
-0.359375000,-0.875000000,-0.213072155999,-0.133170097499
-0.343750000,-0.875000000,-0.172357593547,-0.107723495967
-0.328125000,-0.875000000,-0.131727855134,-0.0823299094587
-0.312500000,-0.875000000,-0.0914261730345,-0.0571413581466
-0.296875000,-0.875000000,-0.0516849290315,-0.0323030806447
-0.281250000,-0.875000000,-0.0127247252121,-0.00795295325753
-0.265625000,-0.875000000,0.0252462491996,0.0157789057498
-0.250000000,-0.875000000,0.0620326087334,0.0387703804584
-0.234375000,-0.875000000,0.0974519653193,0.0609074783246
-0.218750000,-0.875000000,0.131334963239,0.0820843520242
-0.203125000,-0.875000000,0.163525191046,0.102203244404
-0.187500000,-0.875000000,0.193878997498,0.121174373436
-0.171875000,-0.875000000,0.222265237561,0.138915773476
-0.156250000,-0.875000000,0.248564969806,0.155353106129
-0.140625000,-0.875000000,0.272671123279,0.170419452049
-0.125000000,-0.875000000,0.294488149653,0.184055093533
-0.109375000,-0.875000000,0.313931674913,0.196207296821
-0.093750000,-0.875000000,0.330928159819,0.206830099887
-0.078125000,-0.875000000,0.345414581296,0.215884113310
-0.062500000,-0.875000000,0.357338141211,0.223336338257
-0.046875000,-0.875000000,0.366656009177,0.229160005735
-0.031250000,-0.875000000,0.373335105489,0.233334440930
-0.015625000,-0.875000000,0.377351928407,0.235844955254
0.000000000,-0.875000000,0.378692427714,0.236682767321
0.015625000,-0.875000000,0.377351928407,0.235844955254
0.031250000,-0.875000000,0.373335105489,0.233334440930
0.046875000,-0.875000000,0.366656009177,0.229160005735
0.062500000,-0.875000000,0.357338141211,0.223336338257
0.078125000,-0.875000000,0.345414581296,0.215884113310
0.093750000,-0.875000000,0.330928159819,0.206830099887
0.109375000,-0.875000000,0.313931674913,0.196207296821
0.125000000,-0.875000000,0.294488149653,0.184055093533
0.140625000,-0.875000000,0.272671123279,0.170419452049
0.156250000,-0.875000000,0.248564969806,0.155353106129
0.171875000,-0.875000000,0.222265237561,0.138915773476
0.187500000,-0.875000000,0.193878997498,0.121174373436
0.203125000,-0.875000000,0.163525191046,0.102203244404
0.218750000,-0.875000000,0.131334963239,0.0820843520242
0.234375000,-0.875000000,0.0974519653193,0.0609074783246
0.250000000,-0.875000000,0.0620326087334,0.0387703804584
0.265625000,-0.875000000,0.0252462491996,0.0157789057498
0.281250000,-0.875000000,-0.0127247252121,-0.00795295325753
0.296875000,-0.875000000,-0.0516849290315,-0.0323030806447
0.312500000,-0.875000000,-0.0914261730345,-0.0571413581466
0.328125000,-0.875000000,-0.131727855134,-0.0823299094587
0.343750000,-0.875000000,-0.172357593547,-0.107723495967
0.359375000,-0.875000000,-0.213072155999,-0.133170097499
0.375000000,-0.875000000,-0.253618746012,-0.158511716257
0.390625000,-0.875000000,-0.293736717299,-0.183585448312
0.406250000,-0.875000000,-0.333159800185,-0.208224875116
0.421875000,-0.875000000,-0.371618935103,-0.232261834439
0.437500000,-0.875000000,-0.408845826301,-0.255528641438
0.453125000,-0.875000000,,
0.468750000,-0.875000000,,
0.484375000,-0.875000000,,
0.500000000,-0.875000000,,
0.515625000,-0.875000000,,
0.531250000,-0.875000000,,
0.546875000,-0.875000000,,
0.562500000,-0.875000000,,
0.578125000,-0.875000000,,
0.593750000,-0.875000000,,
0.609375000,-0.875000000,,
0.625000000,-0.875000000,,
0.640625000,-0.875000000,,
0.656250000,-0.875000000,,
0.671875000,-0.875000000,,
0.687500000,-0.875000000,,
0.703125000,-0.875000000,,
0.718750000,-0.875000000,,
0.734375000,-0.875000000,,
0.750000000,-0.875000000,,
0.765625000,-0.875000000,,
0.781250000,-0.875000000,,
0.796875000,-0.875000000,,
0.812500000,-0.875000000,,
0.828125000,-0.875000000,,
0.843750000,-0.875000000,,
0.859375000,-0.875000000,,
0.875000000,-0.875000000,,
0.890625000,-0.875000000,,
0.906250000,-0.875000000,,
0.921875000,-0.875000000,,
0.937500000,-0.875000000,,
0.953125000,-0.875000000,,
0.968750000,-0.875000000,,
0.984375000,-0.875000000,,
1.000000000,-0.875000000,,
-1.000000000,-0.859375000,,
-0.984375000,-0.859375000,,
-0.968750000,-0.859375000,,
-0.953125000,-0.859375000,,
-0.937500000,-0.859375000,,
-0.921875000,-0.859375000,,
-0.906250000,-0.859375000,,
-0.890625000,-0.859375000,,
-0.875000000,-0.859375000,,
-0.859375000,-0.859375000,,
-0.843750000,-0.859375000,,
-0.828125000,-0.859375000,,
-0.812500000,-0.859375000,,
-0.796875000,-0.859375000,,
-0.781250000,-0.859375000,,
-0.765625000,-0.859375000,,
-0.750000000,-0.859375000,,
-0.734375000,-0.859375000,,
-0.718750000,-0.859375000,,
-0.703125000,-0.859375000,,
-0.687500000,-0.859375000,,
-0.671875000,-0.859375000,,
-0.656250000,-0.859375000,,
-0.640625000,-0.859375000,,
-0.625000000,-0.859375000,,
-0.609375000,-0.859375000,,
-0.593750000,-0.859375000,,
-0.578125000,-0.859375000,,
-0.562500000,-0.859375000,,
-0.546875000,-0.859375000,,
-0.531250000,-0.859375000,,
-0.515625000,-0.859375000,,
-0.500000000,-0.859375000,,
-0.484375000,-0.859375000,,
-0.468750000,-0.859375000,-0.421140127344,-0.263212579590
-0.453125000,-0.859375000,-0.386056517706,-0.241285323566
-0.437500000,-0.859375000,-0.349095214809,-0.218184509256
-0.421875000,-0.859375000,-0.310551199496,-0.194094499685
-0.406250000,-0.859375000,-0.270722840267,-0.169201775167
-0.390625000,-0.859375000,-0.229907476751,-0.143692172969
-0.375000000,-0.859375000,-0.188397878426,-0.117748674017
-0.359375000,-0.859375000,-0.146479444996,-0.0915496531227
-0.343750000,-0.859375000,-0.104428030900,-0.0652675193123
-0.328125000,-0.859375000,-0.0625082952849,-0.0390676845531
-0.312500000,-0.859375000,-0.0209724909721,-0.0131078068576
-0.296875000,-0.859375000,0.0199403807479,0.0124627379674
-0.281250000,-0.859375000,0.0600051132708,0.0375031957943
-0.265625000,-0.859375000,0.0990105904268,0.0618816190168
-0.250000000,-0.859375000,0.136759881227,0.0854749257666
-0.234375000,-0.859375000,0.173070174298,0.108168858936
-0.218750000,-0.859375000,0.207772587045,0.129857866903
-0.203125000,-0.859375000,0.240711878736,0.150444924210
-0.187500000,-0.859375000,0.271746093772,0.169841308608
-0.171875000,-0.859375000,0.300746156480,0.187966347800
-0.156250000,-0.859375000,0.327595437464,0.204747148415
-0.140625000,-0.859375000,0.352189305836,0.220118316148
-0.125000000,-0.859375000,0.374434683631,0.234021677269
-0.109375000,-0.859375000,0.394249611233,0.246406007020
-0.093750000,-0.859375000,0.411562836724,0.257226772952
-0.078125000,-0.859375000,0.426313434701,0.266445896688
-0.062500000,-0.859375000,0.438450464201,0.274031540126
-0.046875000,-0.859375000,0.447932669591,0.279957918495
-0.031250000,-0.859375000,0.454728229538,0.284205143461
-0.015625000,-0.859375000,0.458814558991,0.286759099369
0.000000000,-0.859375000,0.460178164755,0.287611352972
0.015625000,-0.859375000,0.458814558991,0.286759099369
0.031250000,-0.859375000,0.454728229538,0.284205143461
0.046875000,-0.859375000,0.447932669591,0.279957918495
0.062500000,-0.859375000,0.438450464201,0.274031540126
0.078125000,-0.859375000,0.426313434701,0.266445896688
0.093750000,-0.859375000,0.411562836724,0.257226772952
0.109375000,-0.859375000,0.394249611233,0.246406007020
0.125000000,-0.859375000,0.374434683631,0.234021677269
0.140625000,-0.859375000,0.352189305836,0.220118316148
0.156250000,-0.859375000,0.327595437464,0.204747148415
0.171875000,-0.859375000,0.300746156480,0.187966347800
0.187500000,-0.859375000,0.271746093772,0.169841308608
0.203125000,-0.859375000,0.240711878736,0.150444924210
0.218750000,-0.859375000,0.207772587045,0.129857866903
0.234375000,-0.859375000,0.173070174298,0.108168858936
0.250000000,-0.859375000,0.136759881227,0.0854749257666
0.265625000,-0.859375000,0.0990105904268,0.0618816190168
0.281250000,-0.859375000,0.0600051132708,0.0375031957943
0.296875000,-0.859375000,0.0199403807479,0.0124627379674
0.312500000,-0.859375000,-0.0209724909721,-0.0131078068576
0.328125000,-0.859375000,-0.0625082952849,-0.0390676845531
0.343750000,-0.859375000,-0.104428030900,-0.0652675193123
0.359375000,-0.859375000,-0.146479444996,-0.0915496531227
0.375000000,-0.859375000,-0.188397878426,-0.117748674017
0.390625000,-0.859375000,-0.229907476751,-0.143692172969
0.406250000,-0.859375000,-0.270722840267,-0.169201775167
0.421875000,-0.859375000,-0.310551199496,-0.194094499685
0.437500000,-0.859375000,-0.349095214809,-0.218184509256
0.453125000,-0.859375000,-0.386056517706,-0.241285323566
0.468750000,-0.859375000,-0.421140127344,-0.263212579590
0.484375000,-0.859375000,,
0.500000000,-0.859375000,,
0.515625000,-0.859375000,,
0.531250000,-0.859375000,,
0.546875000,-0.859375000,,
0.562500000,-0.859375000,,
0.578125000,-0.859375000,,
0.593750000,-0.859375000,,
0.609375000,-0.859375000,,
0.625000000,-0.859375000,,
0.640625000,-0.859375000,,
0.656250000,-0.859375000,,
0.671875000,-0.859375000,,
0.687500000,-0.859375000,,
0.703125000,-0.859375000,,
0.718750000,-0.859375000,,
0.734375000,-0.859375000,,
0.750000000,-0.859375000,,
0.765625000,-0.859375000,,
0.781250000,-0.859375000,,
0.796875000,-0.859375000,,
0.812500000,-0.859375000,,
0.828125000,-0.859375000,,
0.843750000,-0.859375000,,
0.859375000,-0.859375000,,
0.875000000,-0.859375000,,
0.890625000,-0.859375000,,
0.906250000,-0.859375000,,
0.921875000,-0.859375000,,
0.937500000,-0.859375000,,
0.953125000,-0.859375000,,
0.968750000,-0.859375000,,
0.984375000,-0.859375000,,
1.000000000,-0.859375000,,
-1.000000000,-0.843750000,,
-0.984375000,-0.843750000,,
-0.968750000,-0.843750000,,
-0.953125000,-0.843750000,,
-0.937500000,-0.843750000,,
-0.921875000,-0.843750000,,
-0.906250000,-0.843750000,,
-0.890625000,-0.843750000,,
-0.875000000,-0.843750000,,
-0.859375000,-0.843750000,,
-0.843750000,-0.843750000,,
-0.828125000,-0.843750000,,
-0.812500000,-0.843750000,,
-0.796875000,-0.843750000,,
-0.781250000,-0.843750000,,
-0.765625000,-0.843750000,,
-0.750000000,-0.843750000,,
-0.734375000,-0.843750000,,
-0.718750000,-0.843750000,,
-0.703125000,-0.843750000,,
-0.687500000,-0.843750000,,
-0.671875000,-0.843750000,,
-0.656250000,-0.843750000,,
-0.640625000,-0.843750000,,
-0.625000000,-0.843750000,,
-0.609375000,-0.843750000,,
-0.593750000,-0.843750000,,
-0.578125000,-0.843750000,,
-0.562500000,-0.843750000,,
-0.546875000,-0.843750000,,
-0.531250000,-0.843750000,,
-0.515625000,-0.843750000,,
-0.500000000,-0.843750000,,
-0.484375000,-0.843750000,-0.403725735695,-0.252328584809
-0.468750000,-0.843750000,-0.369520616607,-0.230950385379
-0.453125000,-0.843750000,-0.333042070190,-0.208151293869
-0.437500000,-0.843750000,-0.294617335577,-0.184135834735
-0.421875000,-0.843750000,-0.254575324070,-0.159109577544
-0.406250000,-0.843750000,-0.213242162321,-0.133276351450
-0.390625000,-0.843750000,-0.170937641603,-0.106836026002
-0.375000000,-0.843750000,-0.127972433137,-0.0799827707107
-0.359375000,-0.843750000,-0.0846459477378,-0.0529037173361
-0.343750000,-0.843750000,-0.0412447376187,-0.0257779610117
-0.328125000,-0.843750000,0.00195865013996,0.00122415633748
-0.312500000,-0.843750000,0.0447064438909,0.0279415274318
-0.296875000,-0.843750000,0.0867561071275,0.0542225669547
-0.281250000,-0.843750000,0.127880544301,0.0799253401882
-0.265625000,-0.843750000,0.167868101694,0.104917563559
-0.250000000,-0.843750000,0.206522403830,0.129076502394
-0.234375000,-0.843750000,0.243662062196,0.152288788873
-0.218750000,-0.843750000,0.279120286921,0.174450179326
-0.203125000,-0.843750000,0.312744427224,0.195465267015
-0.187500000,-0.843750000,0.344395464212,0.215247165133
-0.171875000,-0.843750000,0.373947474661,0.233717171663
-0.156250000,-0.843750000,0.401287082535,0.250804426584
-0.140625000,-0.843750000,0.426312913160,0.266445570725
-0.125000000,-0.843750000,0.448935061021,0.280584413138
-0.109375000,-0.843750000,0.469074582586,0.293171614116
-0.093750000,-0.843750000,0.486663021967,0.304164388730
-0.078125000,-0.843750000,0.501641977092,0.313526235682
-0.062500000,-0.843750000,0.513962713277,0.321226695798
-0.046875000,-0.843750000,0.523585827243,0.327241142027
-0.031250000,-0.843750000,0.530480967692,0.331550604807
-0.015625000,-0.843750000,0.534626615011,0.334141634382
0.000000000,-0.843750000,0.536009921370,0.335006200856
0.015625000,-0.843750000,0.534626615011,0.334141634382
0.031250000,-0.843750000,0.530480967692,0.331550604807
0.046875000,-0.843750000,0.523585827243,0.327241142027
0.062500000,-0.843750000,0.513962713277,0.321226695798
0.078125000,-0.843750000,0.501641977092,0.313526235682
0.093750000,-0.843750000,0.486663021967,0.304164388730
0.109375000,-0.843750000,0.469074582586,0.293171614116
0.125000000,-0.843750000,0.448935061021,0.280584413138
0.140625000,-0.843750000,0.426312913160,0.266445570725
0.156250000,-0.843750000,0.401287082535,0.250804426584
0.171875000,-0.843750000,0.373947474661,0.233717171663
0.187500000,-0.843750000,0.344395464212,0.215247165133
0.203125000,-0.843750000,0.312744427224,0.195465267015
0.218750000,-0.843750000,0.279120286921,0.174450179326
0.234375000,-0.843750000,0.243662062196,0.152288788873
0.250000000,-0.843750000,0.206522403830,0.129076502394
0.265625000,-0.843750000,0.167868101694,0.104917563559
0.281250000,-0.843750000,0.127880544301,0.0799253401882
0.296875000,-0.843750000,0.0867561071275,0.0542225669547
0.312500000,-0.843750000,0.0447064438909,0.0279415274318
0.328125000,-0.843750000,0.00195865013996,0.00122415633748
0.343750000,-0.843750000,-0.0412447376187,-0.0257779610117
0.359375000,-0.843750000,-0.0846459477378,-0.0529037173361
0.375000000,-0.843750000,-0.127972433137,-0.0799827707107
0.390625000,-0.843750000,-0.170937641603,-0.106836026002
0.406250000,-0.843750000,-0.213242162321,-0.133276351450
0.421875000,-0.843750000,-0.254575324070,-0.159109577544
0.437500000,-0.843750000,-0.294617335577,-0.184135834735
0.453125000,-0.843750000,-0.333042070190,-0.208151293869
0.468750000,-0.843750000,-0.369520616607,-0.230950385379
0.484375000,-0.843750000,-0.403725735695,-0.252328584809
0.500000000,-0.843750000,,
0.515625000,-0.843750000,,
0.531250000,-0.843750000,,
0.546875000,-0.843750000,,
0.562500000,-0.843750000,,
0.578125000,-0.843750000,,
0.593750000,-0.843750000,,
0.609375000,-0.843750000,,
0.625000000,-0.843750000,,
0.640625000,-0.843750000,,
0.656250000,-0.843750000,,
0.671875000,-0.843750000,,
0.687500000,-0.843750000,,
0.703125000,-0.843750000,,
0.718750000,-0.843750000,,
0.734375000,-0.843750000,,
0.750000000,-0.843750000,,
0.765625000,-0.843750000,,
0.781250000,-0.843750000,,
0.796875000,-0.843750000,,
0.812500000,-0.843750000,,
0.828125000,-0.843750000,,
0.843750000,-0.843750000,,
0.859375000,-0.843750000,,
0.875000000,-0.843750000,,
0.890625000,-0.843750000,,
0.906250000,-0.843750000,,
0.921875000,-0.843750000,,
0.937500000,-0.843750000,,
0.953125000,-0.843750000,,
0.968750000,-0.843750000,,
0.984375000,-0.843750000,,
1.000000000,-0.843750000,,
-1.000000000,-0.828125000,,
-0.984375000,-0.828125000,,
-0.968750000,-0.828125000,,
-0.953125000,-0.828125000,,
-0.937500000,-0.828125000,,
-0.921875000,-0.828125000,,
-0.906250000,-0.828125000,,
-0.890625000,-0.828125000,,
-0.875000000,-0.828125000,,
-0.859375000,-0.828125000,,
-0.843750000,-0.828125000,,
-0.828125000,-0.828125000,,
-0.812500000,-0.828125000,,
-0.796875000,-0.828125000,,
-0.781250000,-0.828125000,,
-0.765625000,-0.828125000,,
-0.750000000,-0.828125000,,
-0.734375000,-0.828125000,,
-0.718750000,-0.828125000,,
-0.703125000,-0.828125000,,
-0.687500000,-0.828125000,,
-0.671875000,-0.828125000,,
-0.656250000,-0.828125000,,
-0.640625000,-0.828125000,,
-0.625000000,-0.828125000,,
-0.609375000,-0.828125000,,
-0.593750000,-0.828125000,,
-0.578125000,-0.828125000,,
-0.562500000,-0.828125000,,
-0.546875000,-0.828125000,,
-0.531250000,-0.828125000,,
-0.515625000,-0.828125000,-0.422054149359,-0.263783843349
-0.500000000,-0.828125000,-0.392031221682,-0.245019513551
-0.484375000,-0.828125000,-0.358968883837,-0.224355552398
-0.468750000,-0.828125000,-0.323221568780,-0.202013480488
-0.453125000,-0.828125000,-0.285149372252,-0.178218357657
-0.437500000,-0.828125000,-0.245112413937,-0.153195258711
-0.421875000,-0.828125000,-0.203466312060,-0.127166445038
-0.406250000,-0.828125000,-0.160558598370,-0.100349123981
-0.390625000,-0.828125000,-0.116725928542,-0.0729537053386
-0.375000000,-0.828125000,-0.0722919609556,-0.0451824755973
-0.359375000,-0.828125000,-0.0275657950922,-0.0172286219326
-0.343750000,-0.828125000,0.0171591207353,0.0107244504596
-0.328125000,-0.828125000,0.0616056942222,0.0385035588889
-0.312500000,-0.828125000,0.105513572846,0.0659459830290
-0.296875000,-0.828125000,0.148639266660,0.0928995416623
-0.281250000,-0.828125000,0.190756058516,0.119222536573
-0.265625000,-0.828125000,0.231653746847,0.144783591779
-0.250000000,-0.828125000,0.271138256675,0.169461410422
-0.234375000,-0.828125000,0.309031150854,0.193144469284
-0.218750000,-0.828125000,0.345169069584,0.215730668490
-0.203125000,-0.828125000,0.379403120447,0.237126950279
-0.187500000,-0.828125000,0.411598239814,0.257248899884
-0.171875000,-0.828125000,0.441632542484,0.276020339053
-0.156250000,-0.828125000,0.469396674175,0.293372921359
-0.140625000,-0.828125000,0.494793179307,0.309245737067
-0.125000000,-0.828125000,0.517735894722,0.323584934201
-0.109375000,-0.828125000,0.538149378553,0.336343361596
-0.093750000,-0.828125000,0.555968381576,0.347480238485
-0.078125000,-0.828125000,0.571137367330,0.356960854581
-0.062500000,-0.828125000,0.583610087051,0.364756304407
-0.046875000,-0.828125000,0.593349212511,0.370843257819
-0.031250000,-0.828125000,0.600326031669,0.375203769793
-0.015625000,-0.828125000,0.604520208753,0.377825130470
0.000000000,-0.828125000,0.605919611937,0.378699757460
0.015625000,-0.828125000,0.604520208753,0.377825130470
0.031250000,-0.828125000,0.600326031669,0.375203769793
0.046875000,-0.828125000,0.593349212511,0.370843257819
0.062500000,-0.828125000,0.583610087051,0.364756304407
0.078125000,-0.828125000,0.571137367330,0.356960854581
0.093750000,-0.828125000,0.555968381576,0.347480238485
0.109375000,-0.828125000,0.538149378553,0.336343361596
0.125000000,-0.828125000,0.517735894722,0.323584934201
0.140625000,-0.828125000,0.494793179307,0.309245737067
0.156250000,-0.828125000,0.469396674175,0.293372921359
0.171875000,-0.828125000,0.441632542484,0.276020339053
0.187500000,-0.828125000,0.411598239814,0.257248899884
0.203125000,-0.828125000,0.379403120447,0.237126950279
0.218750000,-0.828125000,0.345169069584,0.215730668490
0.234375000,-0.828125000,0.309031150854,0.193144469284
0.250000000,-0.828125000,0.271138256675,0.169461410422
0.265625000,-0.828125000,0.231653746847,0.144783591779
0.281250000,-0.828125000,0.190756058516,0.119222536573
0.296875000,-0.828125000,0.148639266660,0.0928995416623
0.312500000,-0.828125000,0.105513572846,0.0659459830290
0.328125000,-0.828125000,0.0616056942222,0.0385035588889
0.343750000,-0.828125000,0.0171591207353,0.0107244504596
0.359375000,-0.828125000,-0.0275657950922,-0.0172286219326
0.375000000,-0.828125000,-0.0722919609556,-0.0451824755973
0.390625000,-0.828125000,-0.116725928542,-0.0729537053386
0.406250000,-0.828125000,-0.160558598370,-0.100349123981
0.421875000,-0.828125000,-0.203466312060,-0.127166445038
0.437500000,-0.828125000,-0.245112413937,-0.153195258711
0.453125000,-0.828125000,-0.285149372252,-0.178218357657
0.468750000,-0.828125000,-0.323221568780,-0.202013480488
0.484375000,-0.828125000,-0.358968883837,-0.224355552398
0.500000000,-0.828125000,-0.392031221682,-0.245019513551
0.515625000,-0.828125000,-0.422054149359,-0.263783843349
0.531250000,-0.828125000,,
0.546875000,-0.828125000,,
0.562500000,-0.828125000,,
0.578125000,-0.828125000,,
0.593750000,-0.828125000,,
0.609375000,-0.828125000,,
0.625000000,-0.828125000,,
0.640625000,-0.828125000,,
0.656250000,-0.828125000,,
0.671875000,-0.828125000,,
0.687500000,-0.828125000,,
0.703125000,-0.828125000,,
0.718750000,-0.828125000,,
0.734375000,-0.828125000,,
0.750000000,-0.828125000,,
0.765625000,-0.828125000,,
0.781250000,-0.828125000,,
0.796875000,-0.828125000,,
0.812500000,-0.828125000,,
0.828125000,-0.828125000,,
0.843750000,-0.828125000,,
0.859375000,-0.828125000,,
0.875000000,-0.828125000,,
0.890625000,-0.828125000,,
0.906250000,-0.828125000,,
0.921875000,-0.828125000,,
0.937500000,-0.828125000,,
0.953125000,-0.828125000,,
0.968750000,-0.828125000,,
0.984375000,-0.828125000,,
1.000000000,-0.828125000,,
-1.000000000,-0.812500000,,
-0.984375000,-0.812500000,,
-0.968750000,-0.812500000,,
-0.953125000,-0.812500000,,
-0.937500000,-0.812500000,,
-0.921875000,-0.812500000,,
-0.906250000,-0.812500000,,
-0.890625000,-0.812500000,,
-0.875000000,-0.812500000,,
-0.859375000,-0.812500000,,
-0.843750000,-0.812500000,,
-0.828125000,-0.812500000,,
-0.812500000,-0.812500000,,
-0.796875000,-0.812500000,,
-0.781250000,-0.812500000,,
-0.765625000,-0.812500000,,
-0.750000000,-0.812500000,,
-0.734375000,-0.812500000,,
-0.718750000,-0.812500000,,
-0.703125000,-0.812500000,,
-0.687500000,-0.812500000,,
-0.671875000,-0.812500000,,
-0.656250000,-0.812500000,,
-0.640625000,-0.812500000,,
-0.625000000,-0.812500000,,
-0.609375000,-0.812500000,,
-0.593750000,-0.812500000,,
-0.578125000,-0.812500000,,
-0.562500000,-0.812500000,,
-0.546875000,-0.812500000,-0.438074943350,-0.273796839594
-0.531250000,-0.812500000,-0.413838484409,-0.258649052756
-0.515625000,-0.812500000,-0.385719638831,-0.241074774269
-0.500000000,-0.812500000,-0.354096506437,-0.221310316523
-0.484375000,-0.812500000,-0.319358582518,-0.199599114074
-0.468750000,-0.812500000,-0.281899599041,-0.176187249401
-0.453125000,-0.812500000,-0.242111736443,-0.151319835277
-0.437500000,-0.812500000,-0.200380998537,-0.125238124085
-0.421875000,-0.812500000,-0.157083568153,-0.0981772300954
-0.406250000,-0.812500000,-0.112582990312,-0.0703643689452
-0.390625000,-0.812500000,-0.0672280518285,-0.0420175323928
-0.375000000,-0.812500000,-0.0213512426126,-0.0133445266329
-0.359375000,-0.812500000,0.0247322954502,0.0154576846564
-0.343750000,-0.812500000,0.0707254178864,0.0442033861790
-0.328125000,-0.812500000,0.116349293596,0.0727183084977
-0.312500000,-0.812500000,0.161343450018,0.100839656261
-0.296875000,-0.812500000,0.205465599614,0.128415999759
-0.281250000,-0.812500000,0.248491291766,0.155307057354
-0.265625000,-0.812500000,0.290213428988,0.181383393118
-0.250000000,-0.812500000,0.330441680509,0.206526050318
-0.234375000,-0.812500000,0.369001821488,0.230626138430
-0.218750000,-0.812500000,0.405735021103,0.253584388189
-0.203125000,-0.812500000,0.440497102258,0.275310688911
-0.187500000,-0.812500000,0.473157787479,0.295723617174
-0.171875000,-0.812500000,0.503599949959,0.314749968724
-0.156250000,-0.812500000,0.531718878986,0.332324299366
-0.140625000,-0.812500000,0.557421573268,0.348388483293
-0.125000000,-0.812500000,0.580626069859,0.362891293662
-0.109375000,-0.812500000,0.601260817784,0.375788011115
-0.093750000,-0.812500000,0.619264102266,0.387040063916
-0.078125000,-0.812500000,0.634583524741,0.396614702963
-0.062500000,-0.812500000,0.647175544423,0.404484715264
-0.046875000,-0.812500000,0.657005084477,0.410628177798
-0.031250000,-0.812500000,0.664045205472,0.415028253420
-0.015625000,-0.812500000,0.668276849504,0.417673030940
0.000000000,-0.812500000,0.669688655656,0.418555409785
0.015625000,-0.812500000,0.668276849504,0.417673030940
0.031250000,-0.812500000,0.664045205472,0.415028253420
0.046875000,-0.812500000,0.657005084477,0.410628177798
0.062500000,-0.812500000,0.647175544423,0.404484715264
0.078125000,-0.812500000,0.634583524741,0.396614702963
0.093750000,-0.812500000,0.619264102266,0.387040063916
0.109375000,-0.812500000,0.601260817784,0.375788011115
0.125000000,-0.812500000,0.580626069859,0.362891293662
0.140625000,-0.812500000,0.557421573268,0.348388483293
0.156250000,-0.812500000,0.531718878986,0.332324299366
0.171875000,-0.812500000,0.503599949959,0.314749968724
0.187500000,-0.812500000,0.473157787479,0.295723617174
0.203125000,-0.812500000,0.440497102258,0.275310688911
0.218750000,-0.812500000,0.405735021103,0.253584388189
0.234375000,-0.812500000,0.369001821488,0.230626138430
0.250000000,-0.812500000,0.330441680509,0.206526050318
0.265625000,-0.812500000,0.290213428988,0.181383393118
0.281250000,-0.812500000,0.248491291766,0.155307057354
0.296875000,-0.812500000,0.205465599614,0.128415999759
0.312500000,-0.812500000,0.161343450018,0.100839656261
0.328125000,-0.812500000,0.116349293596,0.0727183084977
0.343750000,-0.812500000,0.0707254178864,0.0442033861790
0.359375000,-0.812500000,0.0247322954502,0.0154576846564
0.375000000,-0.812500000,-0.0213512426126,-0.0133445266329
0.390625000,-0.812500000,-0.0672280518285,-0.0420175323928
0.406250000,-0.812500000,-0.112582990312,-0.0703643689452
0.421875000,-0.812500000,-0.157083568153,-0.0981772300954
0.437500000,-0.812500000,-0.200380998537,-0.125238124085
0.453125000,-0.812500000,-0.242111736443,-0.151319835277
0.468750000,-0.812500000,-0.281899599041,-0.176187249401
0.484375000,-0.812500000,-0.319358582518,-0.199599114074
0.500000000,-0.812500000,-0.354096506437,-0.221310316523
0.515625000,-0.812500000,-0.385719638831,-0.241074774269
0.531250000,-0.812500000,-0.413838484409,-0.258649052756
0.546875000,-0.812500000,-0.438074943350,-0.273796839594
0.562500000,-0.812500000,,
0.578125000,-0.812500000,,
0.593750000,-0.812500000,,
0.609375000,-0.812500000,,
0.625000000,-0.812500000,,
0.640625000,-0.812500000,,
0.656250000,-0.812500000,,
0.671875000,-0.812500000,,
0.687500000,-0.812500000,,
0.703125000,-0.812500000,,
0.718750000,-0.812500000,,
0.734375000,-0.812500000,,
0.750000000,-0.812500000,,
0.765625000,-0.812500000,,
0.781250000,-0.812500000,,
0.796875000,-0.812500000,,
0.812500000,-0.812500000,,
0.828125000,-0.812500000,,
0.843750000,-0.812500000,,
0.859375000,-0.812500000,,
0.875000000,-0.812500000,,
0.890625000,-0.812500000,,
0.906250000,-0.812500000,,
0.921875000,-0.812500000,,
0.937500000,-0.812500000,,
0.953125000,-0.812500000,,
0.968750000,-0.812500000,,
0.984375000,-0.812500000,,
1.000000000,-0.812500000,,
-1.000000000,-0.796875000,,
-0.984375000,-0.796875000,,
-0.968750000,-0.796875000,,
-0.953125000,-0.796875000,,
-0.937500000,-0.796875000,,
-0.921875000,-0.796875000,,
-0.906250000,-0.796875000,,
-0.890625000,-0.796875000,,
-0.875000000,-0.796875000,,
-0.859375000,-0.796875000,,
-0.843750000,-0.796875000,,
-0.828125000,-0.796875000,,
-0.812500000,-0.796875000,,
-0.796875000,-0.796875000,,
-0.781250000,-0.796875000,,
-0.765625000,-0.796875000,,
-0.750000000,-0.796875000,,
-0.734375000,-0.796875000,,
-0.718750000,-0.796875000,,
-0.703125000,-0.796875000,,
-0.687500000,-0.796875000,,
-0.671875000,-0.796875000,,
-0.656250000,-0.796875000,,
-0.640625000,-0.796875000,,
-0.625000000,-0.796875000,,
-0.609375000,-0.796875000,,
-0.593750000,-0.796875000,,
-0.578125000,-0.796875000,,
-0.562500000,-0.796875000,-0.431739790683,-0.269837369177
-0.546875000,-0.796875000,-0.410280039254,-0.256425024533
-0.531250000,-0.796875000,-0.384414483719,-0.240259052324
-0.515625000,-0.796875000,-0.354558159518,-0.221598849699
-0.500000000,-0.796875000,-0.321136448739,-0.200710280462
-0.484375000,-0.796875000,-0.284577665364,-0.177861040852
-0.468750000,-0.796875000,-0.245307078903,-0.153316924314
-0.453125000,-0.796875000,-0.203742155070,-0.127338846919
-0.437500000,-0.796875000,-0.160288823562,-0.100180514726
-0.421875000,-0.796875000,-0.115338611147,-0.0720866319667
-0.406250000,-0.796875000,-0.0692665021845,-0.0432915638653
-0.390625000,-0.796875000,-0.0224294073996,-0.0140183796248
-0.375000000,-0.796875000,0.0248348607354,0.0155217879596
-0.359375000,-0.796875000,0.0722081910300,0.0451301193938
-0.343750000,-0.796875000,0.119392431198,0.0746202694989
-0.328125000,-0.796875000,0.166109363305,0.103818352066
-0.312500000,-0.796875000,0.212100450457,0.132562781536
-0.296875000,-0.796875000,0.257126403396,0.160704002122
-0.281250000,-0.796875000,0.300966604475,0.188104127797
-0.265625000,-0.796875000,0.343418426796,0.214636516747
-0.250000000,-0.796875000,0.384296473587,0.240185295992
-0.234375000,-0.796875000,0.423431766447,0.264644854029
-0.218750000,-0.796875000,0.460670902314,0.287919313946
-0.203125000,-0.796875000,0.495875197389,0.309921998368
-0.187500000,-0.796875000,0.528919834204,0.330574896378
-0.171875000,-0.796875000,0.559693024764,0.349808140477
-0.156250000,-0.796875000,0.588095201476,0.367559500922
-0.140625000,-0.796875000,0.614038244662,0.383773902914
-0.125000000,-0.796875000,0.637444756179,0.398402972612
-0.109375000,-0.796875000,0.658247384047,0.411404615029
-0.093750000,-0.796875000,0.676388206114,0.422742628821
-0.078125000,-0.796875000,0.691818175626,0.432386359766
-0.062500000,-0.796875000,0.704496633791,0.440310396119
-0.046875000,-0.796875000,0.714390892456,0.446494307785
-0.031250000,-0.796875000,0.721475888620,0.450922430388
-0.015625000,-0.796875000,0.725733914799,0.453583696749
0.000000000,-0.796875000,0.727154424372,0.454471515232
0.015625000,-0.796875000,0.725733914799,0.453583696749
0.031250000,-0.796875000,0.721475888620,0.450922430388
0.046875000,-0.796875000,0.714390892456,0.446494307785
0.062500000,-0.796875000,0.704496633791,0.440310396119
0.078125000,-0.796875000,0.691818175626,0.432386359766
0.093750000,-0.796875000,0.676388206114,0.422742628821
0.109375000,-0.796875000,0.658247384047,0.411404615029
0.125000000,-0.796875000,0.637444756179,0.398402972612
0.140625000,-0.796875000,0.614038244662,0.383773902914
0.156250000,-0.796875000,0.588095201476,0.367559500922
0.171875000,-0.796875000,0.559693024764,0.349808140477
0.187500000,-0.796875000,0.528919834204,0.330574896378
0.203125000,-0.796875000,0.495875197389,0.309921998368
0.218750000,-0.796875000,0.460670902314,0.287919313946
0.234375000,-0.796875000,0.423431766447,0.264644854029
0.250000000,-0.796875000,0.384296473587,0.240185295992
0.265625000,-0.796875000,0.343418426796,0.214636516747
0.281250000,-0.796875000,0.300966604475,0.188104127797
0.296875000,-0.796875000,0.257126403396,0.160704002122
0.312500000,-0.796875000,0.212100450457,0.132562781536
0.328125000,-0.796875000,0.166109363305,0.103818352066
0.343750000,-0.796875000,0.119392431198,0.0746202694989
0.359375000,-0.796875000,0.0722081910300,0.0451301193938
0.375000000,-0.796875000,0.0248348607354,0.0155217879596
0.390625000,-0.796875000,-0.0224294073996,-0.0140183796248
0.406250000,-0.796875000,-0.0692665021845,-0.0432915638653
0.421875000,-0.796875000,-0.115338611147,-0.0720866319667
0.437500000,-0.796875000,-0.160288823562,-0.100180514726
0.453125000,-0.796875000,-0.203742155070,-0.127338846919
0.468750000,-0.796875000,-0.245307078903,-0.153316924314
0.484375000,-0.796875000,-0.284577665364,-0.177861040852
0.500000000,-0.796875000,-0.321136448739,-0.200710280462
0.515625000,-0.796875000,-0.354558159518,-0.221598849699
0.531250000,-0.796875000,-0.384414483719,-0.240259052324
0.546875000,-0.796875000,-0.410280039254,-0.256425024533
0.562500000,-0.796875000,-0.431739790683,-0.269837369177
0.578125000,-0.796875000,,
0.593750000,-0.796875000,,
0.609375000,-0.796875000,,
0.625000000,-0.796875000,,
0.640625000,-0.796875000,,
0.656250000,-0.796875000,,
0.671875000,-0.796875000,,
0.687500000,-0.796875000,,
0.703125000,-0.796875000,,
0.718750000,-0.796875000,,
0.734375000,-0.796875000,,
0.750000000,-0.796875000,,
0.765625000,-0.796875000,,
0.781250000,-0.796875000,,
0.796875000,-0.796875000,,
0.812500000,-0.796875000,,
0.828125000,-0.796875000,,
0.843750000,-0.796875000,,
0.859375000,-0.796875000,,
0.875000000,-0.796875000,,
0.890625000,-0.796875000,,
0.906250000,-0.796875000,,
0.921875000,-0.796875000,,
0.937500000,-0.796875000,,
0.953125000,-0.796875000,,
0.968750000,-0.796875000,,
0.984375000,-0.796875000,,
1.000000000,-0.796875000,,
-1.000000000,-0.781250000,,
-0.984375000,-0.781250000,,
-0.968750000,-0.781250000,,
-0.953125000,-0.781250000,,
-0.937500000,-0.781250000,,
-0.921875000,-0.781250000,,
-0.906250000,-0.781250000,,
-0.890625000,-0.781250000,,
-0.875000000,-0.781250000,,
-0.859375000,-0.781250000,,
-0.843750000,-0.781250000,,
-0.828125000,-0.781250000,,
-0.812500000,-0.781250000,,
-0.796875000,-0.781250000,,
-0.781250000,-0.781250000,,
-0.765625000,-0.781250000,,
-0.750000000,-0.781250000,,
-0.734375000,-0.781250000,,
-0.718750000,-0.781250000,,
-0.703125000,-0.781250000,,
-0.687500000,-0.781250000,,
-0.671875000,-0.781250000,,
-0.656250000,-0.781250000,,
-0.640625000,-0.781250000,,
-0.625000000,-0.781250000,,
-0.609375000,-0.781250000,,
-0.593750000,-0.781250000,-0.442087559231,-0.276304724519
-0.578125000,-0.781250000,-0.429200497853,-0.268250311158
-0.562500000,-0.781250000,-0.410925361000,-0.256828350625
-0.546875000,-0.781250000,-0.387695886814,-0.242309929259
-0.531250000,-0.781250000,-0.359964815540,-0.224978009712
-0.515625000,-0.781250000,-0.328194376489,-0.205121485305
-0.500000000,-0.781250000,-0.292848564462,-0.183030352789
-0.484375000,-0.781250000,-0.254386930345,-0.158991831466
-0.468750000,-0.781250000,-0.213259650654,-0.133287281659
-0.453125000,-0.781250000,-0.169903676645,-0.106189797903
-0.437500000,-0.781250000,-0.124739791896,-0.0779623699352
-0.421875000,-0.781250000,-0.0781704322435,-0.0488565201522
-0.406250000,-0.781250000,-0.0305781438312,-0.0191113398945
-0.390625000,-0.781250000,0.0176754275559,0.0110471422224
-0.375000000,-0.781250000,0.0662501067431,0.0414063167144
-0.359375000,-0.781250000,0.114827397391,0.0717671233691
-0.343750000,-0.781250000,0.163110394523,0.101943996577
-0.328125000,-0.781250000,0.210823459122,0.131764661951
-0.312500000,-0.781250000,0.257711702540,0.161069814087
-0.296875000,-0.781250000,0.303540323565,0.189712702228
-0.281250000,-0.781250000,0.348093833653,0.217558646033
-0.265625000,-0.781250000,0.391175200348,0.244484500217
-0.250000000,-0.781250000,0.432604935962,0.270378084976
-0.234375000,-0.781250000,0.472220152495,0.295137595309
-0.218750000,-0.781250000,0.509873603375,0.318671002110
-0.203125000,-0.781250000,0.545432726953,0.340895454346
-0.187500000,-0.781250000,0.578778705888,0.361736691180
-0.171875000,-0.781250000,0.609805555194,0.381128471996
-0.156250000,-0.781250000,0.638419246428,0.399012029018
-0.140625000,-0.781250000,0.664536879207,0.415335549505
-0.125000000,-0.781250000,0.688085905620,0.430053691013
-0.109375000,-0.781250000,0.709003413212,0.443127133258
-0.093750000,-0.781250000,0.727235472957,0.454522170598
-0.078125000,-0.781250000,0.742736554874,0.464210346796
-0.062500000,-0.781250000,0.755469015620,0.472168134762
-0.046875000,-0.781250000,0.765402660446,0.478376662779
-0.031250000,-0.781250000,0.772514382525,0.482821489078
-0.015625000,-0.781250000,0.776787879586,0.485492424741
0.000000000,-0.781250000,0.778213451823,0.486383407389
0.015625000,-0.781250000,0.776787879586,0.485492424741
0.031250000,-0.781250000,0.772514382525,0.482821489078
0.046875000,-0.781250000,0.765402660446,0.478376662779
0.062500000,-0.781250000,0.755469015620,0.472168134762
0.078125000,-0.781250000,0.742736554874,0.464210346796
0.093750000,-0.781250000,0.727235472957,0.454522170598
0.109375000,-0.781250000,0.709003413212,0.443127133258
0.125000000,-0.781250000,0.688085905620,0.430053691013
0.140625000,-0.781250000,0.664536879207,0.415335549505
0.156250000,-0.781250000,0.638419246428,0.399012029018
0.171875000,-0.781250000,0.609805555194,0.381128471996
0.187500000,-0.781250000,0.578778705888,0.361736691180
0.203125000,-0.781250000,0.545432726953,0.340895454346
0.218750000,-0.781250000,0.509873603375,0.318671002110
0.234375000,-0.781250000,0.472220152495,0.295137595309
0.250000000,-0.781250000,0.432604935962,0.270378084976
0.265625000,-0.781250000,0.391175200348,0.244484500217
0.281250000,-0.781250000,0.348093833653,0.217558646033
0.296875000,-0.781250000,0.303540323565,0.189712702228
0.312500000,-0.781250000,0.257711702540,0.161069814087
0.328125000,-0.781250000,0.210823459122,0.131764661951
0.343750000,-0.781250000,0.163110394523,0.101943996577
0.359375000,-0.781250000,0.114827397391,0.0717671233691
0.375000000,-0.781250000,0.0662501067431,0.0414063167144
0.390625000,-0.781250000,0.0176754275559,0.0110471422224
0.406250000,-0.781250000,-0.0305781438312,-0.0191113398945
0.421875000,-0.781250000,-0.0781704322435,-0.0488565201522
0.437500000,-0.781250000,-0.124739791896,-0.0779623699352
0.453125000,-0.781250000,-0.169903676645,-0.106189797903
0.468750000,-0.781250000,-0.213259650654,-0.133287281659
0.484375000,-0.781250000,-0.254386930345,-0.158991831466
0.500000000,-0.781250000,-0.292848564462,-0.183030352789
0.515625000,-0.781250000,-0.328194376489,-0.205121485305
0.531250000,-0.781250000,-0.359964815540,-0.224978009712
0.546875000,-0.781250000,-0.387695886814,-0.242309929259
0.562500000,-0.781250000,-0.410925361000,-0.256828350625
0.578125000,-0.781250000,-0.429200497853,-0.268250311158
0.593750000,-0.781250000,-0.442087559231,-0.276304724519
0.609375000,-0.781250000,,
0.625000000,-0.781250000,,
0.640625000,-0.781250000,,
0.656250000,-0.781250000,,
0.671875000,-0.781250000,,
0.687500000,-0.781250000,,
0.703125000,-0.781250000,,
0.718750000,-0.781250000,,
0.734375000,-0.781250000,,
0.750000000,-0.781250000,,
0.765625000,-0.781250000,,
0.781250000,-0.781250000,,
0.796875000,-0.781250000,,
0.812500000,-0.781250000,,
0.828125000,-0.781250000,,
0.843750000,-0.781250000,,
0.859375000,-0.781250000,,
0.875000000,-0.781250000,,
0.890625000,-0.781250000,,
0.906250000,-0.781250000,,
0.921875000,-0.781250000,,
0.937500000,-0.781250000,,
0.953125000,-0.781250000,,
0.968750000,-0.781250000,,
0.984375000,-0.781250000,,
1.000000000,-0.781250000,,
-1.000000000,-0.765625000,,
-0.984375000,-0.765625000,,
-0.968750000,-0.765625000,,
-0.953125000,-0.765625000,,
-0.937500000,-0.765625000,,
-0.921875000,-0.765625000,,
-0.906250000,-0.765625000,,
-0.890625000,-0.765625000,,
-0.875000000,-0.765625000,,
-0.859375000,-0.765625000,,
-0.843750000,-0.765625000,,
-0.828125000,-0.765625000,,
-0.812500000,-0.765625000,,
-0.796875000,-0.765625000,,
-0.781250000,-0.765625000,,
-0.765625000,-0.765625000,,
-0.750000000,-0.765625000,,
-0.734375000,-0.765625000,,
-0.718750000,-0.765625000,,
-0.703125000,-0.765625000,,
-0.687500000,-0.765625000,,
-0.671875000,-0.765625000,,
-0.656250000,-0.765625000,,
-0.640625000,-0.765625000,,
-0.625000000,-0.765625000,,
-0.609375000,-0.765625000,-0.438562826206,-0.274101766379
-0.593750000,-0.765625000,-0.429920431951,-0.268700269970
-0.578125000,-0.765625000,-0.415274662585,-0.259546664115
-0.562500000,-0.765625000,-0.395097993023,-0.246936245640
-0.546875000,-0.765625000,-0.369881728627,-0.231176080392
-0.531250000,-0.765625000,-0.340126022506,-0.212578764066
-0.515625000,-0.765625000,-0.306331785263,-0.191457365790
-0.500000000,-0.765625000,-0.268994192434,-0.168121370271
-0.484375000,-0.765625000,-0.228597543213,-0.142873464508
-0.468750000,-0.765625000,-0.185611256245,-0.116007035153
-0.453125000,-0.765625000,-0.140486823485,-0.0878042646780
-0.437500000,-0.765625000,-0.0936555666108,-0.0585347291318
-0.421875000,-0.765625000,-0.0455270650987,-0.0284544156867
-0.406250000,-0.765625000,0.00351185653761,0.00219491033601
-0.390625000,-0.765625000,0.0530976789146,0.0331860493216
-0.375000000,-0.765625000,0.102890356820,0.0643064730122
-0.359375000,-0.765625000,0.152573177871,0.0953582361696
-0.343750000,-0.765625000,0.201852370757,0.126157731723
-0.328125000,-0.765625000,0.250456513419,0.156535320887
-0.312500000,-0.765625000,0.298135786725,0.186334866703
-0.296875000,-0.765625000,0.344661109504,0.215413193440
-0.281250000,-0.765625000,0.389823187196,0.243639491997
-0.265625000,-0.765625000,0.433431502580,0.270894689112
-0.250000000,-0.765625000,0.475313270290,0.297070793931
-0.234375000,-0.765625000,0.515312375739,0.322070234837
-0.218750000,-0.765625000,0.553288315264,0.345805197040
-0.203125000,-0.765625000,0.589115151617,0.368196969761
-0.187500000,-0.765625000,0.622680496969,0.389175310606
-0.171875000,-0.765625000,0.653884534232,0.408677833895
-0.156250000,-0.765625000,0.682639084354,0.426649427721
-0.140625000,-0.765625000,0.708866728210,0.443041705132
-0.125000000,-0.765625000,0.732499988199,0.457812492625
-0.109375000,-0.765625000,0.753480575116,0.470925359448
-0.093750000,-0.765625000,0.771758705060,0.482349190663
-0.078125000,-0.765625000,0.787292488914,0.492057805571
-0.062500000,-0.765625000,0.800047398635,0.500029624147
-0.046875000,-0.765625000,0.809995811221,0.506247382013
-0.031250000,-0.765625000,0.817116633910,0.510697896193
-0.015625000,-0.765625000,0.821395010941,0.513371881838
0.000000000,-0.765625000,0.822822112902,0.514263820564
0.015625000,-0.765625000,0.821395010941,0.513371881838
0.031250000,-0.765625000,0.817116633910,0.510697896193
0.046875000,-0.765625000,0.809995811221,0.506247382013
0.062500000,-0.765625000,0.800047398635,0.500029624147
0.078125000,-0.765625000,0.787292488914,0.492057805571
0.093750000,-0.765625000,0.771758705060,0.482349190663
0.109375000,-0.765625000,0.753480575116,0.470925359448
0.125000000,-0.765625000,0.732499988199,0.457812492625
0.140625000,-0.765625000,0.708866728210,0.443041705132
0.156250000,-0.765625000,0.682639084354,0.426649427721
0.171875000,-0.765625000,0.653884534232,0.408677833895
0.187500000,-0.765625000,0.622680496969,0.389175310606
0.203125000,-0.765625000,0.589115151617,0.368196969761
0.218750000,-0.765625000,0.553288315264,0.345805197040
0.234375000,-0.765625000,0.515312375739,0.322070234837
0.250000000,-0.765625000,0.475313270290,0.297070793931
0.265625000,-0.765625000,0.433431502580,0.270894689112
0.281250000,-0.765625000,0.389823187196,0.243639491997
0.296875000,-0.765625000,0.344661109504,0.215413193440
0.312500000,-0.765625000,0.298135786725,0.186334866703
0.328125000,-0.765625000,0.250456513419,0.156535320887
0.343750000,-0.765625000,0.201852370757,0.126157731723
0.359375000,-0.765625000,0.152573177871,0.0953582361696
0.375000000,-0.765625000,0.102890356820,0.0643064730122
0.390625000,-0.765625000,0.0530976789146,0.0331860493216
0.406250000,-0.765625000,0.00351185653761,0.00219491033601
0.421875000,-0.765625000,-0.0455270650987,-0.0284544156867
0.437500000,-0.765625000,-0.0936555666108,-0.0585347291318
0.453125000,-0.765625000,-0.140486823485,-0.0878042646780
0.468750000,-0.765625000,-0.185611256245,-0.116007035153
0.484375000,-0.765625000,-0.228597543213,-0.142873464508
0.500000000,-0.765625000,-0.268994192434,-0.168121370271
0.515625000,-0.765625000,-0.306331785263,-0.191457365790
0.531250000,-0.765625000,-0.340126022506,-0.212578764066
0.546875000,-0.765625000,-0.369881728627,-0.231176080392
0.562500000,-0.765625000,-0.395097993023,-0.246936245640
0.578125000,-0.765625000,-0.415274662585,-0.259546664115
0.593750000,-0.765625000,-0.429920431951,-0.268700269970
0.609375000,-0.765625000,-0.438562826206,-0.274101766379
0.625000000,-0.765625000,,
0.640625000,-0.765625000,,
0.656250000,-0.765625000,,
0.671875000,-0.765625000,,
0.687500000,-0.765625000,,
0.703125000,-0.765625000,,
0.718750000,-0.765625000,,
0.734375000,-0.765625000,,
0.750000000,-0.765625000,,
0.765625000,-0.765625000,,
0.781250000,-0.765625000,,
0.796875000,-0.765625000,,
0.812500000,-0.765625000,,
0.828125000,-0.765625000,,
0.843750000,-0.765625000,,
0.859375000,-0.765625000,,
0.875000000,-0.765625000,,
0.890625000,-0.765625000,,
0.906250000,-0.765625000,,
0.921875000,-0.765625000,,
0.937500000,-0.765625000,,
0.953125000,-0.765625000,,
0.968750000,-0.765625000,,
0.984375000,-0.765625000,,
1.000000000,-0.765625000,,
-1.000000000,-0.750000000,,
-0.984375000,-0.750000000,,
-0.968750000,-0.750000000,,
-0.953125000,-0.750000000,,
-0.937500000,-0.750000000,,
-0.921875000,-0.750000000,,
-0.906250000,-0.750000000,,
-0.890625000,-0.750000000,,
-0.875000000,-0.750000000,,
-0.859375000,-0.750000000,,
-0.843750000,-0.750000000,,
-0.828125000,-0.750000000,,
-0.812500000,-0.750000000,,
-0.796875000,-0.750000000,,
-0.781250000,-0.750000000,,
-0.765625000,-0.750000000,,
-0.750000000,-0.750000000,,
-0.734375000,-0.750000000,,
-0.718750000,-0.750000000,,
-0.703125000,-0.750000000,,
-0.687500000,-0.750000000,,
-0.671875000,-0.750000000,,
-0.656250000,-0.750000000,,
-0.640625000,-0.750000000,,
-0.625000000,-0.750000000,-0.437196669439,-0.273247918399
-0.609375000,-0.750000000,-0.433313144815,-0.270820715510
-0.593750000,-0.750000000,-0.422779344954,-0.264237090596
-0.578125000,-0.750000000,-0.406107079285,-0.253816924553
-0.562500000,-0.750000000,-0.383827140983,-0.239891963115
-0.546875000,-0.750000000,-0.356478777487,-0.222799235929
-0.531250000,-0.750000000,-0.324601167284,-0.202875729552
-0.515625000,-0.750000000,-0.288726591362,-0.180454119601
-0.500000000,-0.750000000,-0.249375034367,-0.155859396479
-0.484375000,-0.750000000,-0.207049990713,-0.129406244196
-0.468750000,-0.750000000,-0.162235282663,-0.101397051664
-0.453125000,-0.750000000,-0.115392727973,-0.0721204549832
-0.437500000,-0.750000000,-0.0669605169572,-0.0418503230983
-0.421875000,-0.750000000,-0.0173521796718,-0.0108451122949
-0.406250000,-0.750000000,0.0330439579557,0.0206524737223
-0.390625000,-0.750000000,0.0838649154122,0.0524155721326
-0.375000000,-0.750000000,0.134772871944,0.0842330449648
-0.359375000,-0.750000000,0.185454715472,0.115909197170
-0.343750000,-0.750000000,0.235621380456,0.147263362785
-0.328125000,-0.750000000,0.285007022506,0.178129389067
-0.312500000,-0.750000000,0.333368066376,0.208355041485
-0.296875000,-0.750000000,0.380482162926,0.237801351829
-0.281250000,-0.750000000,0.426147082895,0.266341926809
-0.265625000,-0.750000000,0.470179572188,0.293862232618
-0.250000000,-0.750000000,0.512414188204,0.320258867627
-0.234375000,-0.750000000,0.552702136973,0.345438835608
-0.218750000,-0.750000000,0.590910124301,0.369318827688
-0.203125000,-0.750000000,0.626919233341,0.391824520838
-0.187500000,-0.750000000,0.660623841236,0.412889900773
-0.171875000,-0.750000000,0.691930581974,0.432456613734
-0.156250000,-0.750000000,0.720757363491,0.450473352182
-0.140625000,-0.750000000,0.747032446591,0.466895279119
-0.125000000,-0.750000000,0.770693589319,0.481683493325
-0.109375000,-0.750000000,0.791687262139,0.494804538837
-0.093750000,-0.750000000,0.809967937768,0.506229961105
-0.078125000,-0.750000000,0.825497458467,0.515935911542
-0.062500000,-0.750000000,0.838244483034,0.523902801896
-0.046875000,-0.750000000,0.848184015909,0.530115009943
-0.031250000,-0.750000000,0.855297019933,0.534560637458
-0.015625000,-0.750000000,0.859570114037,0.537231321273
0.000000000,-0.750000000,0.860995356422,0.538122097764
0.015625000,-0.750000000,0.859570114037,0.537231321273
0.031250000,-0.750000000,0.855297019933,0.534560637458
0.046875000,-0.750000000,0.848184015909,0.530115009943
0.062500000,-0.750000000,0.838244483034,0.523902801896
0.078125000,-0.750000000,0.825497458467,0.515935911542
0.093750000,-0.750000000,0.809967937768,0.506229961105
0.109375000,-0.750000000,0.791687262139,0.494804538837
0.125000000,-0.750000000,0.770693589319,0.481683493325
0.140625000,-0.750000000,0.747032446591,0.466895279119
0.156250000,-0.750000000,0.720757363491,0.450473352182
0.171875000,-0.750000000,0.691930581974,0.432456613734
0.187500000,-0.750000000,0.660623841236,0.412889900773
0.203125000,-0.750000000,0.626919233341,0.391824520838
0.218750000,-0.750000000,0.590910124301,0.369318827688
0.234375000,-0.750000000,0.552702136973,0.345438835608
0.250000000,-0.750000000,0.512414188204,0.320258867627
0.265625000,-0.750000000,0.470179572188,0.293862232618
0.281250000,-0.750000000,0.426147082895,0.266341926809
0.296875000,-0.750000000,0.380482162926,0.237801351829
0.312500000,-0.750000000,0.333368066376,0.208355041485
0.328125000,-0.750000000,0.285007022506,0.178129389067
0.343750000,-0.750000000,0.235621380456,0.147263362785
0.359375000,-0.750000000,0.185454715472,0.115909197170
0.375000000,-0.750000000,0.134772871944,0.0842330449648
0.390625000,-0.750000000,0.0838649154122,0.0524155721326
0.406250000,-0.750000000,0.0330439579557,0.0206524737223
0.421875000,-0.750000000,-0.0173521796718,-0.0108451122949
0.437500000,-0.750000000,-0.0669605169572,-0.0418503230983
0.453125000,-0.750000000,-0.115392727973,-0.0721204549832
0.468750000,-0.750000000,-0.162235282663,-0.101397051664
0.484375000,-0.750000000,-0.207049990713,-0.129406244196
0.500000000,-0.750000000,-0.249375034367,-0.155859396479
0.515625000,-0.750000000,-0.288726591362,-0.180454119601
0.531250000,-0.750000000,-0.324601167284,-0.202875729552
0.546875000,-0.750000000,-0.356478777487,-0.222799235929
0.562500000,-0.750000000,-0.383827140983,-0.239891963115
0.578125000,-0.750000000,-0.406107079285,-0.253816924553
0.593750000,-0.750000000,-0.422779344954,-0.264237090596
0.609375000,-0.750000000,-0.433313144815,-0.270820715510
0.625000000,-0.750000000,-0.437196669439,-0.273247918399
0.640625000,-0.750000000,,
0.656250000,-0.750000000,,
0.671875000,-0.750000000,,
0.687500000,-0.750000000,,
0.703125000,-0.750000000,,
0.718750000,-0.750000000,,
0.734375000,-0.750000000,,
0.750000000,-0.750000000,,
0.765625000,-0.750000000,,
0.781250000,-0.750000000,,
0.796875000,-0.750000000,,
0.812500000,-0.750000000,,
0.828125000,-0.750000000,,
0.843750000,-0.750000000,,
0.859375000,-0.750000000,,
0.875000000,-0.750000000,,
0.890625000,-0.750000000,,
0.906250000,-0.750000000,,
0.921875000,-0.750000000,,
0.937500000,-0.750000000,,
0.953125000,-0.750000000,,
0.968750000,-0.750000000,,
0.984375000,-0.750000000,,
1.000000000,-0.750000000,,
-1.000000000,-0.734375000,,
-0.984375000,-0.734375000,,
-0.968750000,-0.734375000,,
-0.953125000,-0.734375000,,
-0.937500000,-0.734375000,,
-0.921875000,-0.734375000,,
-0.906250000,-0.734375000,,
-0.890625000,-0.734375000,,
-0.875000000,-0.734375000,,
-0.859375000,-0.734375000,,
-0.843750000,-0.734375000,,
-0.828125000,-0.734375000,,
-0.812500000,-0.734375000,,
-0.796875000,-0.734375000,,
-0.781250000,-0.734375000,,
-0.765625000,-0.734375000,,
-0.750000000,-0.734375000,,
-0.734375000,-0.734375000,,
-0.718750000,-0.734375000,,
-0.703125000,-0.734375000,,
-0.687500000,-0.734375000,,
-0.671875000,-0.734375000,,
-0.656250000,-0.734375000,,
-0.640625000,-0.734375000,-0.437307741615,-0.273317338509
-0.625000000,-0.734375000,-0.438739726854,-0.274212329284
-0.609375000,-0.734375000,-0.432839921030,-0.270524950644
-0.593750000,-0.734375000,-0.420160050033,-0.262600031271
-0.578125000,-0.734375000,-0.401271348687,-0.250794592929
-0.562500000,-0.734375000,-0.376753396624,-0.235470872890
-0.546875000,-0.734375000,-0.347185090306,-0.216990681441
-0.531250000,-0.734375000,-0.313137416934,-0.195710885584
-0.515625000,-0.734375000,-0.275167748332,-0.171979842708
-0.500000000,-0.734375000,-0.233815415122,-0.146134634451
-0.484375000,-0.734375000,-0.189598355236,-0.118498972022
-0.468750000,-0.734375000,-0.143010663292,-0.0893816645575
-0.453125000,-0.734375000,-0.0945208935247,-0.0590755584529
-0.437500000,-0.734375000,-0.0445709875203,-0.0278568672002
-0.421875000,-0.734375000,0.00642427867702,0.00401517417314
-0.406250000,-0.734375000,0.0580774217749,0.0362983886093
-0.390625000,-0.734375000,0.110028030282,0.0687675189263
-0.375000000,-0.734375000,0.161942263049,0.101213914406
-0.359375000,-0.734375000,0.213512123314,0.133445077071
-0.343750000,-0.734375000,0.264454558412,0.165284099008
-0.328125000,-0.734375000,0.314510425246,0.196569015779
-0.312500000,-0.734375000,0.363443357505,0.227152098441
-0.296875000,-0.734375000,0.411038565190,0.256899103244
-0.281250000,-0.734375000,0.457101590741,0.285688494213
-0.265625000,-0.734375000,0.501457045056,0.313410653160
-0.250000000,-0.734375000,0.543947339968,0.339967087480
-0.234375000,-0.734375000,0.584431435511,0.365269647194
-0.218750000,-0.734375000,0.622783611867,0.389239757417
-0.203125000,-0.734375000,0.658892279978,0.411807674986
-0.187500000,-0.734375000,0.692658838790,0.432911774243
-0.171875000,-0.734375000,0.723996587198,0.452497866999
-0.156250000,-0.734375000,0.752829697660,0.470518561038
-0.140625000,-0.734375000,0.779092256774,0.486932660483
-0.125000000,-0.734375000,0.802727377688,0.501704611055
-0.109375000,-0.734375000,0.823686387369,0.514803992105
-0.093750000,-0.734375000,0.841928093684,0.526205058552
-0.078125000,-0.734375000,0.857418131808,0.535886332380
-0.062500000,-0.734375000,0.870128396121,0.543830247575
-0.046875000,-0.734375000,0.880036555516,0.550022847198
-0.031250000,-0.734375000,0.887125655559,0.554453534724
-0.015625000,-0.734375000,0.891383808365,0.557114880228
0.000000000,-0.734375000,0.892803970280,0.558002481425
0.015625000,-0.734375000,0.891383808365,0.557114880228
0.031250000,-0.734375000,0.887125655559,0.554453534724
0.046875000,-0.734375000,0.880036555516,0.550022847198
0.062500000,-0.734375000,0.870128396121,0.543830247575
0.078125000,-0.734375000,0.857418131808,0.535886332380
0.093750000,-0.734375000,0.841928093684,0.526205058552
0.109375000,-0.734375000,0.823686387369,0.514803992105
0.125000000,-0.734375000,0.802727377688,0.501704611055
0.140625000,-0.734375000,0.779092256774,0.486932660483
0.156250000,-0.734375000,0.752829697660,0.470518561038
0.171875000,-0.734375000,0.723996587198,0.452497866999
0.187500000,-0.734375000,0.692658838790,0.432911774243
0.203125000,-0.734375000,0.658892279978,0.411807674986
0.218750000,-0.734375000,0.622783611867,0.389239757417
0.234375000,-0.734375000,0.584431435511,0.365269647194
0.250000000,-0.734375000,0.543947339968,0.339967087480
0.265625000,-0.734375000,0.501457045056,0.313410653160
0.281250000,-0.734375000,0.457101590741,0.285688494213
0.296875000,-0.734375000,0.411038565190,0.256899103244
0.312500000,-0.734375000,0.363443357505,0.227152098441
0.328125000,-0.734375000,0.314510425246,0.196569015779
0.343750000,-0.734375000,0.264454558412,0.165284099008
0.359375000,-0.734375000,0.213512123314,0.133445077071
0.375000000,-0.734375000,0.161942263049,0.101213914406
0.390625000,-0.734375000,0.110028030282,0.0687675189263
0.406250000,-0.734375000,0.0580774217749,0.0362983886093
0.421875000,-0.734375000,0.00642427867702,0.00401517417314
0.437500000,-0.734375000,-0.0445709875203,-0.0278568672002
0.453125000,-0.734375000,-0.0945208935247,-0.0590755584529
0.468750000,-0.734375000,-0.143010663292,-0.0893816645575
0.484375000,-0.734375000,-0.189598355236,-0.118498972022
0.500000000,-0.734375000,-0.233815415122,-0.146134634451
0.515625000,-0.734375000,-0.275167748332,-0.171979842708
0.531250000,-0.734375000,-0.313137416934,-0.195710885584
0.546875000,-0.734375000,-0.347185090306,-0.216990681441
0.562500000,-0.734375000,-0.376753396624,-0.235470872890
0.578125000,-0.734375000,-0.401271348687,-0.250794592929
0.593750000,-0.734375000,-0.420160050033,-0.262600031271
0.609375000,-0.734375000,-0.432839921030,-0.270524950644
0.625000000,-0.734375000,-0.438739726854,-0.274212329284
0.640625000,-0.734375000,-0.437307741615,-0.273317338509
0.656250000,-0.734375000,,
0.671875000,-0.734375000,,
0.687500000,-0.734375000,,
0.703125000,-0.734375000,,
0.718750000,-0.734375000,,
0.734375000,-0.734375000,,
0.750000000,-0.734375000,,
0.765625000,-0.734375000,,
0.781250000,-0.734375000,,
0.796875000,-0.734375000,,
0.812500000,-0.734375000,,
0.828125000,-0.734375000,,
0.843750000,-0.734375000,,
0.859375000,-0.734375000,,
0.875000000,-0.734375000,,
0.890625000,-0.734375000,,
0.906250000,-0.734375000,,
0.921875000,-0.734375000,,
0.937500000,-0.734375000,,
0.953125000,-0.734375000,,
0.968750000,-0.734375000,,
0.984375000,-0.734375000,,
1.000000000,-0.734375000,,
-1.000000000,-0.718750000,,
-0.984375000,-0.718750000,,
-0.968750000,-0.718750000,,
-0.953125000,-0.718750000,,
-0.937500000,-0.718750000,,
-0.921875000,-0.718750000,,
-0.906250000,-0.718750000,,
-0.890625000,-0.718750000,,
-0.875000000,-0.718750000,,
-0.859375000,-0.718750000,,
-0.843750000,-0.718750000,,
-0.828125000,-0.718750000,,
-0.812500000,-0.718750000,,
-0.796875000,-0.718750000,,
-0.781250000,-0.718750000,,
-0.765625000,-0.718750000,,
-0.750000000,-0.718750000,,
-0.734375000,-0.718750000,,
-0.718750000,-0.718750000,,
-0.703125000,-0.718750000,,
-0.687500000,-0.718750000,,
-0.671875000,-0.718750000,-0.422200885104,-0.263875553190
-0.656250000,-0.718750000,-0.438157622808,-0.273848514255
-0.640625000,-0.718750000,-0.445506311583,-0.278441444739
-0.625000000,-0.718750000,-0.444804057214,-0.278002535759
-0.609375000,-0.718750000,-0.436643024150,-0.272901890094
-0.593750000,-0.718750000,-0.421635836934,-0.263522398084
-0.578125000,-0.718750000,-0.400403684444,-0.250252302778
-0.562500000,-0.718750000,-0.373566704405,-0.233479190253
-0.546875000,-0.718750000,-0.341736292810,-0.213585183007
-0.531250000,-0.718750000,-0.305509034714,-0.190943146696
-0.515625000,-0.718750000,-0.265461999145,-0.165913749466
-0.500000000,-0.718750000,-0.222149178682,-0.138843236676
-0.484375000,-0.718750000,-0.176098890634,-0.110061806646
-0.468750000,-0.718750000,-0.127811977396,-0.0798824858727
-0.453125000,-0.718750000,-0.0777606745727,-0.0486004216079
-0.437500000,-0.718750000,-0.0263880310443,-0.0164925194027
-0.421875000,-0.718750000,0.0258922181621,0.0161826363513
-0.406250000,-0.718750000,0.0786954075606,0.0491846297254
-0.390625000,-0.718750000,0.131665397705,0.0822908735658
-0.375000000,-0.718750000,0.184473793170,0.115296120732
-0.359375000,-0.718750000,0.236818972546,0.148011857841
-0.343750000,-0.718750000,0.288424975562,0.180265609726
-0.328125000,-0.718750000,0.339040284003,0.211900177502
-0.312500000,-0.718750000,0.388436528473,0.242772830296
-0.296875000,-0.718750000,0.436407147552,0.272754467220
-0.281250000,-0.718750000,0.482766022932,0.301728764333
-0.265625000,-0.718750000,0.527346109448,0.329591318405
-0.250000000,-0.718750000,0.569998076350,0.356248797719
-0.234375000,-0.718750000,0.610588974272,0.381618108920
-0.218750000,-0.718750000,0.649000938574,0.405625586609
-0.203125000,-0.718750000,0.685129940367,0.428206212729
-0.187500000,-0.718750000,0.718884591241,0.449302869525
-0.171875000,-0.718750000,0.750185011553,0.468865632220
-0.156250000,-0.718750000,0.778961764776,0.486851102985
-0.140625000,-0.718750000,0.805154865560,0.503221790975
-0.125000000,-0.718750000,0.828712863255,0.517945539534
-0.109375000,-0.718750000,0.849592006019,0.530995003762
-0.093750000,-0.718750000,0.867755486291,0.542347178932
-0.078125000,-0.718750000,0.883172771401,0.551982982126
-0.062500000,-0.718750000,0.895819020304,0.559886887690
-0.046875000,-0.718750000,0.905674587835,0.566046617397
-0.031250000,-0.718750000,0.912724617810,0.570452886132
-0.015625000,-0.718750000,0.916958725932,0.573099203707
0.000000000,-0.718750000,0.918370772402,0.573981732751
0.015625000,-0.718750000,0.916958725932,0.573099203707
0.031250000,-0.718750000,0.912724617810,0.570452886132
0.046875000,-0.718750000,0.905674587835,0.566046617397
0.062500000,-0.718750000,0.895819020304,0.559886887690
0.078125000,-0.718750000,0.883172771401,0.551982982126
0.093750000,-0.718750000,0.867755486291,0.542347178932
0.109375000,-0.718750000,0.849592006019,0.530995003762
0.125000000,-0.718750000,0.828712863255,0.517945539534
0.140625000,-0.718750000,0.805154865560,0.503221790975
0.156250000,-0.718750000,0.778961764776,0.486851102985
0.171875000,-0.718750000,0.750185011553,0.468865632220
0.187500000,-0.718750000,0.718884591241,0.449302869525
0.203125000,-0.718750000,0.685129940367,0.428206212729
0.218750000,-0.718750000,0.649000938574,0.405625586609
0.234375000,-0.718750000,0.610588974272,0.381618108920
0.250000000,-0.718750000,0.569998076350,0.356248797719
0.265625000,-0.718750000,0.527346109448,0.329591318405
0.281250000,-0.718750000,0.482766022932,0.301728764333
0.296875000,-0.718750000,0.436407147552,0.272754467220
0.312500000,-0.718750000,0.388436528473,0.242772830296
0.328125000,-0.718750000,0.339040284003,0.211900177502
0.343750000,-0.718750000,0.288424975562,0.180265609726
0.359375000,-0.718750000,0.236818972546,0.148011857841
0.375000000,-0.718750000,0.184473793170,0.115296120732
0.390625000,-0.718750000,0.131665397705,0.0822908735658
0.406250000,-0.718750000,0.0786954075606,0.0491846297254
0.421875000,-0.718750000,0.0258922181621,0.0161826363513
0.437500000,-0.718750000,-0.0263880310443,-0.0164925194027
0.453125000,-0.718750000,-0.0777606745727,-0.0486004216079
0.468750000,-0.718750000,-0.127811977396,-0.0798824858727
0.484375000,-0.718750000,-0.176098890634,-0.110061806646
0.500000000,-0.718750000,-0.222149178682,-0.138843236676
0.515625000,-0.718750000,-0.265461999145,-0.165913749466
0.531250000,-0.718750000,-0.305509034714,-0.190943146696
0.546875000,-0.718750000,-0.341736292810,-0.213585183007
0.562500000,-0.718750000,-0.373566704405,-0.233479190253
0.578125000,-0.718750000,-0.400403684444,-0.250252302778
0.593750000,-0.718750000,-0.421635836934,-0.263522398084
0.609375000,-0.718750000,-0.436643024150,-0.272901890094
0.625000000,-0.718750000,-0.444804057214,-0.278002535759
0.640625000,-0.718750000,-0.445506311583,-0.278441444739
0.656250000,-0.718750000,-0.438157622808,-0.273848514255
0.671875000,-0.718750000,-0.422200885104,-0.263875553190
0.687500000,-0.718750000,,
0.703125000,-0.718750000,,
0.718750000,-0.718750000,,
0.734375000,-0.718750000,,
0.750000000,-0.718750000,,
0.765625000,-0.718750000,,
0.781250000,-0.718750000,,
0.796875000,-0.718750000,,
0.812500000,-0.718750000,,
0.828125000,-0.718750000,,
0.843750000,-0.718750000,,
0.859375000,-0.718750000,,
0.875000000,-0.718750000,,
0.890625000,-0.718750000,,
0.906250000,-0.718750000,,
0.921875000,-0.718750000,,
0.937500000,-0.718750000,,
0.953125000,-0.718750000,,
0.968750000,-0.718750000,,
0.984375000,-0.718750000,,
1.000000000,-0.718750000,,
-1.000000000,-0.703125000,,
-0.984375000,-0.703125000,,
-0.968750000,-0.703125000,,
-0.953125000,-0.703125000,,
-0.937500000,-0.703125000,,
-0.921875000,-0.703125000,,
-0.906250000,-0.703125000,,
-0.890625000,-0.703125000,,
-0.875000000,-0.703125000,,
-0.859375000,-0.703125000,,
-0.843750000,-0.703125000,,
-0.828125000,-0.703125000,,
-0.812500000,-0.703125000,,
-0.796875000,-0.703125000,,
-0.781250000,-0.703125000,,
-0.765625000,-0.703125000,,
-0.750000000,-0.703125000,,
-0.734375000,-0.703125000,,
-0.718750000,-0.703125000,,
-0.703125000,-0.703125000,,
-0.687500000,-0.703125000,-0.415627821428,-0.259767388392
-0.671875000,-0.703125000,-0.438947769131,-0.274342355707
-0.656250000,-0.703125000,-0.452861506227,-0.283038441392
-0.640625000,-0.703125000,-0.457964507514,-0.286227817196
-0.625000000,-0.703125000,-0.454889786594,-0.284306116621
-0.609375000,-0.703125000,-0.444292258683,-0.277682661677
-0.593750000,-0.703125000,-0.426836002893,-0.266772501808
-0.578125000,-0.703125000,-0.403183968791,-0.251989980494
-0.562500000,-0.703125000,-0.373989744853,-0.233743590533
-0.546875000,-0.703125000,-0.339891062176,-0.212431913860
-0.531250000,-0.703125000,-0.301504758351,-0.188440473969
-0.515625000,-0.703125000,-0.259422965464,-0.162139353415
-0.500000000,-0.703125000,-0.214210325212,-0.133881453257
-0.484375000,-0.703125000,-0.166402059364,-0.104001287102
-0.468750000,-0.703125000,-0.116502753067,-0.0728142206671
-0.453125000,-0.703125000,-0.0649857280024,-0.0406160800015
-0.437500000,-0.703125000,-0.0122928999057,-0.00768306244109
-0.421875000,-0.703125000,0.0411649666388,0.0257281041492
-0.406250000,-0.703125000,0.0950076834521,0.0593798021576
-0.390625000,-0.703125000,0.148884807555,0.0930530047216
-0.375000000,-0.703125000,0.202474608986,0.126546630616
-0.359375000,-0.703125000,0.255482883500,0.159676802187
-0.343750000,-0.703125000,0.307641650883,0.192276031802
-0.328125000,-0.703125000,0.358707771229,0.224192357018
-0.312500000,-0.703125000,0.408461508976,0.255288443110
-0.296875000,-0.703125000,0.456705068143,0.285440667589
-0.281250000,-0.703125000,0.503261119434,0.314538199646
-0.265625000,-0.703125000,0.547971336981,0.342482085613
-0.250000000,-0.703125000,0.590694958386,0.369184348992
-0.234375000,-0.703125000,0.631307381025,0.394567113141
-0.218750000,-0.703125000,0.669698804956,0.418561753097
-0.203125000,-0.703125000,0.705772930709,0.441108081693
-0.187500000,-0.703125000,0.739445719042,0.462153574402
-0.171875000,-0.703125000,0.770644219513,0.481652637196
-0.156250000,-0.703125000,0.799305471354,0.499565919596
-0.140625000,-0.703125000,0.825375482488,0.515859676555
-0.125000000,-0.703125000,0.848808288495,0.530505180309
-0.109375000,-0.703125000,0.869565095292,0.543478184558
-0.093750000,-0.703125000,0.887613507300,0.554758442062
-0.078125000,-0.703125000,0.902926842894,0.564329276809
-0.062500000,-0.703125000,0.915483539072,0.572177211920
-0.046875000,-0.703125000,0.925266645420,0.578291653388
-0.031250000,-0.703125000,0.932263409751,0.582664631094
-0.015625000,-0.703125000,0.936464954522,0.585290596576
0.000000000,-0.703125000,0.937866045861,0.586166278663
0.015625000,-0.703125000,0.936464954522,0.585290596576
0.031250000,-0.703125000,0.932263409751,0.582664631094
0.046875000,-0.703125000,0.925266645420,0.578291653388
0.062500000,-0.703125000,0.915483539072,0.572177211920
0.078125000,-0.703125000,0.902926842894,0.564329276809
0.093750000,-0.703125000,0.887613507300,0.554758442062
0.109375000,-0.703125000,0.869565095292,0.543478184558
0.125000000,-0.703125000,0.848808288495,0.530505180309
0.140625000,-0.703125000,0.825375482488,0.515859676555
0.156250000,-0.703125000,0.799305471354,0.499565919596
0.171875000,-0.703125000,0.770644219513,0.481652637196
0.187500000,-0.703125000,0.739445719042,0.462153574402
0.203125000,-0.703125000,0.705772930709,0.441108081693
0.218750000,-0.703125000,0.669698804956,0.418561753097
0.234375000,-0.703125000,0.631307381025,0.394567113141
0.250000000,-0.703125000,0.590694958386,0.369184348992
0.265625000,-0.703125000,0.547971336981,0.342482085613
0.281250000,-0.703125000,0.503261119434,0.314538199646
0.296875000,-0.703125000,0.456705068143,0.285440667589
0.312500000,-0.703125000,0.408461508976,0.255288443110
0.328125000,-0.703125000,0.358707771229,0.224192357018
0.343750000,-0.703125000,0.307641650883,0.192276031802
0.359375000,-0.703125000,0.255482883500,0.159676802187
0.375000000,-0.703125000,0.202474608986,0.126546630616
0.390625000,-0.703125000,0.148884807555,0.0930530047216
0.406250000,-0.703125000,0.0950076834521,0.0593798021576
0.421875000,-0.703125000,0.0411649666388,0.0257281041492
0.437500000,-0.703125000,-0.0122928999057,-0.00768306244109
0.453125000,-0.703125000,-0.0649857280024,-0.0406160800015
0.468750000,-0.703125000,-0.116502753067,-0.0728142206671
0.484375000,-0.703125000,-0.166402059364,-0.104001287102
0.500000000,-0.703125000,-0.214210325212,-0.133881453257
0.515625000,-0.703125000,-0.259422965464,-0.162139353415
0.531250000,-0.703125000,-0.301504758351,-0.188440473969
0.546875000,-0.703125000,-0.339891062176,-0.212431913860
0.562500000,-0.703125000,-0.373989744853,-0.233743590533
0.578125000,-0.703125000,-0.403183968791,-0.251989980494
0.593750000,-0.703125000,-0.426836002893,-0.266772501808
0.609375000,-0.703125000,-0.444292258683,-0.277682661677
0.625000000,-0.703125000,-0.454889786594,-0.284306116621
0.640625000,-0.703125000,-0.457964507514,-0.286227817196
0.656250000,-0.703125000,-0.452861506227,-0.283038441392
0.671875000,-0.703125000,-0.438947769131,-0.274342355707
0.687500000,-0.703125000,-0.415627821428,-0.259767388392
0.703125000,-0.703125000,,
0.718750000,-0.703125000,,
0.734375000,-0.703125000,,
0.750000000,-0.703125000,,
0.765625000,-0.703125000,,
0.781250000,-0.703125000,,
0.796875000,-0.703125000,,
0.812500000,-0.703125000,,
0.828125000,-0.703125000,,
0.843750000,-0.703125000,,
0.859375000,-0.703125000,,
0.875000000,-0.703125000,,
0.890625000,-0.703125000,,
0.906250000,-0.703125000,,
0.921875000,-0.703125000,,
0.937500000,-0.703125000,,
0.953125000,-0.703125000,,
0.968750000,-0.703125000,,
0.984375000,-0.703125000,,
1.000000000,-0.703125000,,
-1.000000000,-0.687500000,,
-0.984375000,-0.687500000,,
-0.968750000,-0.687500000,,
-0.953125000,-0.687500000,,
-0.937500000,-0.687500000,,
-0.921875000,-0.687500000,,
-0.906250000,-0.687500000,,
-0.890625000,-0.687500000,,
-0.875000000,-0.687500000,,
-0.859375000,-0.687500000,,
-0.843750000,-0.687500000,,
-0.828125000,-0.687500000,,
-0.812500000,-0.687500000,,
-0.796875000,-0.687500000,,
-0.781250000,-0.687500000,,
-0.765625000,-0.687500000,,
-0.750000000,-0.687500000,,
-0.734375000,-0.687500000,,
-0.718750000,-0.687500000,,
-0.703125000,-0.687500000,-0.407391453336,-0.254619658335
-0.687500000,-0.687500000,-0.438816264293,-0.274260165183
-0.671875000,-0.687500000,-0.459993579637,-0.287495987273
-0.656250000,-0.687500000,-0.471556767006,-0.294722979379
-0.640625000,-0.687500000,-0.474179928265,-0.296362455166
-0.625000000,-0.687500000,-0.468561074495,-0.292850671560
-0.609375000,-0.687500000,-0.455408422091,-0.284630263807
-0.593750000,-0.687500000,-0.435429318459,-0.272143324037
-0.578125000,-0.687500000,-0.409321383473,-0.255825864670
-0.562500000,-0.687500000,-0.377765515269,-0.236103447043
-0.546875000,-0.687500000,-0.341420463572,-0.213387789733
-0.531250000,-0.687500000,-0.300918717482,-0.188074198426
-0.515625000,-0.687500000,-0.256863493996,-0.160539683748
-0.500000000,-0.687500000,-0.209826645309,-0.131141653318
-0.484375000,-0.687500000,-0.160347330516,-0.100217081573
-0.468750000,-0.687500000,-0.108931319053,-0.0680820744079
-0.453125000,-0.687500000,-0.0560508152756,-0.0350317595472
-0.437500000,-0.687500000,-0.00214470926122,-0.00134044328826
-0.421875000,-0.687500000,0.0523808289489,0.0327380180930
-0.406250000,-0.687500000,0.107151478164,0.0669696738524
-0.390625000,-0.687500000,0.161823678354,0.101139798971
-0.375000000,-0.687500000,0.216083374769,0.135052109230
-0.359375000,-0.687500000,0.269644636931,0.168527898082
-0.343750000,-0.687500000,0.322248188260,0.201405117663
-0.328125000,-0.687500000,0.373659875927,0.233537422454
-0.312500000,-0.687500000,0.423669107867,0.264793192417
-0.296875000,-0.687500000,0.472087277634,0.295054548521
-0.281250000,-0.687500000,0.518746195673,0.324216372296
-0.265625000,-0.687500000,0.563496542878,0.352185339298
-0.250000000,-0.687500000,0.606206359093,0.378878974433
-0.234375000,-0.687500000,0.646759576683,0.404224735427
-0.218750000,-0.687500000,0.685054609838,0.428159131149
-0.203125000,-0.687500000,0.721003005694,0.450626878559
-0.187500000,-0.687500000,0.754528164292,0.471580102683
-0.171875000,-0.687500000,0.785564132014,0.490977582509
-0.156250000,-0.687500000,0.814054473515,0.508784045947
-0.140625000,-0.687500000,0.839951224863,0.524969515540
-0.125000000,-0.687500000,0.863213931099,0.539508706937
-0.109375000,-0.687500000,0.883808770635,0.552380481647
-0.093750000,-0.687500000,0.901707767546,0.563567354716
-0.078125000,-0.687500000,0.916888094613,0.573055059133
-0.062500000,-0.687500000,0.929331466799,0.580832166749
-0.046875000,-0.687500000,0.939023626905,0.586889766815
-0.031250000,-0.687500000,0.945953924198,0.591221202624
-0.015625000,-0.687500000,0.950114985912,0.593821866195
0.000000000,-0.687500000,0.951502482322,0.594689051451
0.015625000,-0.687500000,0.950114985912,0.593821866195
0.031250000,-0.687500000,0.945953924198,0.591221202624
0.046875000,-0.687500000,0.939023626905,0.586889766815
0.062500000,-0.687500000,0.929331466799,0.580832166749
0.078125000,-0.687500000,0.916888094613,0.573055059133
0.093750000,-0.687500000,0.901707767546,0.563567354716
0.109375000,-0.687500000,0.883808770635,0.552380481647
0.125000000,-0.687500000,0.863213931099,0.539508706937
0.140625000,-0.687500000,0.839951224863,0.524969515540
0.156250000,-0.687500000,0.814054473515,0.508784045947
0.171875000,-0.687500000,0.785564132014,0.490977582509
0.187500000,-0.687500000,0.754528164292,0.471580102683
0.203125000,-0.687500000,0.721003005694,0.450626878559
0.218750000,-0.687500000,0.685054609838,0.428159131149
0.234375000,-0.687500000,0.646759576683,0.404224735427
0.250000000,-0.687500000,0.606206359093,0.378878974433
0.265625000,-0.687500000,0.563496542878,0.352185339298
0.281250000,-0.687500000,0.518746195673,0.324216372296
0.296875000,-0.687500000,0.472087277634,0.295054548521
0.312500000,-0.687500000,0.423669107867,0.264793192417
0.328125000,-0.687500000,0.373659875927,0.233537422454
0.343750000,-0.687500000,0.322248188260,0.201405117663
0.359375000,-0.687500000,0.269644636931,0.168527898082
0.375000000,-0.687500000,0.216083374769,0.135052109230
0.390625000,-0.687500000,0.161823678354,0.101139798971
0.406250000,-0.687500000,0.107151478164,0.0669696738524
0.421875000,-0.687500000,0.0523808289489,0.0327380180930
0.437500000,-0.687500000,-0.00214470926122,-0.00134044328826
0.453125000,-0.687500000,-0.0560508152756,-0.0350317595472
0.468750000,-0.687500000,-0.108931319053,-0.0680820744079
0.484375000,-0.687500000,-0.160347330516,-0.100217081573
0.500000000,-0.687500000,-0.209826645309,-0.131141653318
0.515625000,-0.687500000,-0.256863493996,-0.160539683748
0.531250000,-0.687500000,-0.300918717482,-0.188074198426
0.546875000,-0.687500000,-0.341420463572,-0.213387789733
0.562500000,-0.687500000,-0.377765515269,-0.236103447043
0.578125000,-0.687500000,-0.409321383473,-0.255825864670
0.593750000,-0.687500000,-0.435429318459,-0.272143324037
0.609375000,-0.687500000,-0.455408422091,-0.284630263807
0.625000000,-0.687500000,-0.468561074495,-0.292850671560
0.640625000,-0.687500000,-0.474179928265,-0.296362455166
0.656250000,-0.687500000,-0.471556767006,-0.294722979379
0.671875000,-0.687500000,-0.459993579637,-0.287495987273
0.687500000,-0.687500000,-0.438816264293,-0.274260165183
0.703125000,-0.687500000,-0.407391453336,-0.254619658335
0.718750000,-0.687500000,,
0.734375000,-0.687500000,,
0.750000000,-0.687500000,,
0.765625000,-0.687500000,,
0.781250000,-0.687500000,,
0.796875000,-0.687500000,,
0.812500000,-0.687500000,,
0.828125000,-0.687500000,,
0.843750000,-0.687500000,,
0.859375000,-0.687500000,,
0.875000000,-0.687500000,,
0.890625000,-0.687500000,,
0.906250000,-0.687500000,,
0.921875000,-0.687500000,,
0.937500000,-0.687500000,,
0.953125000,-0.687500000,,
0.968750000,-0.687500000,,
0.984375000,-0.687500000,,
1.000000000,-0.687500000,,
-1.000000000,-0.671875000,,
-0.984375000,-0.671875000,,
-0.968750000,-0.671875000,,
-0.953125000,-0.671875000,,
-0.937500000,-0.671875000,,
-0.921875000,-0.671875000,,
-0.906250000,-0.671875000,,
-0.890625000,-0.671875000,,
-0.875000000,-0.671875000,,
-0.859375000,-0.671875000,,
-0.843750000,-0.671875000,,
-0.828125000,-0.671875000,,
-0.812500000,-0.671875000,,
-0.796875000,-0.671875000,,
-0.781250000,-0.671875000,,
-0.765625000,-0.671875000,,
-0.750000000,-0.671875000,,
-0.734375000,-0.671875000,,
-0.718750000,-0.671875000,-0.396506791321,-0.247816744575
-0.703125000,-0.671875000,-0.436834247508,-0.273021404692
-0.687500000,-0.671875000,-0.466027275093,-0.291267046933
-0.671875000,-0.671875000,-0.484756308724,-0.302972692953
-0.656250000,-0.671875000,-0.493736536089,-0.308585335055
-0.640625000,-0.671875000,-0.493709717094,-0.308568573184
-0.625000000,-0.671875000,-0.485429372771,-0.303393357982
-0.609375000,-0.671875000,-0.469648813437,-0.293530508398
-0.593750000,-0.671875000,-0.447111555841,-0.279444722401
-0.578125000,-0.671875000,-0.418543751240,-0.261589844525
-0.562500000,-0.671875000,-0.384648300400,-0.240405187750
-0.546875000,-0.671875000,-0.346100386364,-0.216312741478
-0.531250000,-0.671875000,-0.303544190935,-0.189715119334
-0.515625000,-0.671875000,-0.257590601025,-0.160994125641
-0.500000000,-0.671875000,-0.208815737252,-0.130509835782
-0.484375000,-0.671875000,-0.157760163684,-0.0986001023028
-0.468750000,-0.671875000,-0.104928658799,-0.0655804117493
-0.453125000,-0.671875000,-0.0507904450272,-0.0317440281420
-0.437500000,-0.671875000,0.00422020969299,0.00263763105812
-0.421875000,-0.671875000,0.0597030917098,0.0373144323186
-0.406250000,-0.671875000,0.115290906211,0.0720568163822
-0.390625000,-0.671875000,0.170647958929,0.106654974330
-0.375000000,-0.671875000,0.225468700969,0.140917938105
-0.359375000,-0.671875000,0.279476174196,0.174672608872
-0.343750000,-0.671875000,0.332420389962,0.207762743726
-0.328125000,-0.671875000,0.384076668759,0.240047917974
-0.312500000,-0.671875000,0.434243963444,0.271402477152
-0.296875000,-0.671875000,0.482743185844,0.301714491153
-0.281250000,-0.671875000,0.529415552764,0.330884720477
-0.265625000,-0.671875000,0.574120965823,0.358825603640
-0.250000000,-0.671875000,0.616736435622,0.385460272264
-0.234375000,-0.671875000,0.657154560851,0.410721600532
-0.218750000,-0.671875000,0.695282069262,0.434551293289
-0.203125000,-0.671875000,0.731038427674,0.456899017296
-0.187500000,-0.671875000,0.764354526737,0.477721579211
-0.171875000,-0.671875000,0.795171444400,0.496982152750
-0.156250000,-0.671875000,0.823439290636,0.514649556647
-0.140625000,-0.671875000,0.849116139447,0.530697587155
-0.125000000,-0.671875000,0.872167046949,0.545104404343
-0.109375000,-0.671875000,0.892563159551,0.557851974719
-0.093750000,-0.671875000,0.910280913231,0.568925570769
-0.078125000,-0.671875000,0.925301324989,0.578313328118
-0.062500000,-0.671875000,0.937609377037,0.586005860648
-0.046875000,-0.671875000,0.947193495231,0.591995934519
-0.031250000,-0.671875000,0.954045121299,0.596278200812
-0.015625000,-0.671875000,0.958158380315,0.598848987697
0.000000000,-0.671875000,0.959529842419,0.599706151512
0.015625000,-0.671875000,0.958158380315,0.598848987697
0.031250000,-0.671875000,0.954045121299,0.596278200812
0.046875000,-0.671875000,0.947193495231,0.591995934519
0.062500000,-0.671875000,0.937609377037,0.586005860648
0.078125000,-0.671875000,0.925301324989,0.578313328118
0.093750000,-0.671875000,0.910280913231,0.568925570769
0.109375000,-0.671875000,0.892563159551,0.557851974719
0.125000000,-0.671875000,0.872167046949,0.545104404343
0.140625000,-0.671875000,0.849116139447,0.530697587155
0.156250000,-0.671875000,0.823439290636,0.514649556647
0.171875000,-0.671875000,0.795171444400,0.496982152750
0.187500000,-0.671875000,0.764354526737,0.477721579211
0.203125000,-0.671875000,0.731038427674,0.456899017296
0.218750000,-0.671875000,0.695282069262,0.434551293289
0.234375000,-0.671875000,0.657154560851,0.410721600532
0.250000000,-0.671875000,0.616736435622,0.385460272264
0.265625000,-0.671875000,0.574120965823,0.358825603640
0.281250000,-0.671875000,0.529415552764,0.330884720477
0.296875000,-0.671875000,0.482743185844,0.301714491153
0.312500000,-0.671875000,0.434243963444,0.271402477152
0.328125000,-0.671875000,0.384076668759,0.240047917974
0.343750000,-0.671875000,0.332420389962,0.207762743726
0.359375000,-0.671875000,0.279476174196,0.174672608872
0.375000000,-0.671875000,0.225468700969,0.140917938105
0.390625000,-0.671875000,0.170647958929,0.106654974330
0.406250000,-0.671875000,0.115290906211,0.0720568163822
0.421875000,-0.671875000,0.0597030917098,0.0373144323186
0.437500000,-0.671875000,0.00422020969299,0.00263763105812
0.453125000,-0.671875000,-0.0507904450272,-0.0317440281420
0.468750000,-0.671875000,-0.104928658799,-0.0655804117493
0.484375000,-0.671875000,-0.157760163684,-0.0986001023028
0.500000000,-0.671875000,-0.208815737252,-0.130509835782
0.515625000,-0.671875000,-0.257590601025,-0.160994125641
0.531250000,-0.671875000,-0.303544190935,-0.189715119334
0.546875000,-0.671875000,-0.346100386364,-0.216312741478
0.562500000,-0.671875000,-0.384648300400,-0.240405187750
0.578125000,-0.671875000,-0.418543751240,-0.261589844525
0.593750000,-0.671875000,-0.447111555841,-0.279444722401
0.609375000,-0.671875000,-0.469648813437,-0.293530508398
0.625000000,-0.671875000,-0.485429372771,-0.303393357982
0.640625000,-0.671875000,-0.493709717094,-0.308568573184
0.656250000,-0.671875000,-0.493736536089,-0.308585335055
0.671875000,-0.671875000,-0.484756308724,-0.302972692953
0.687500000,-0.671875000,-0.466027275093,-0.291267046933
0.703125000,-0.671875000,-0.436834247508,-0.273021404692
0.718750000,-0.671875000,-0.396506791321,-0.247816744575
0.734375000,-0.671875000,,
0.750000000,-0.671875000,,
0.765625000,-0.671875000,,
0.781250000,-0.671875000,,
0.796875000,-0.671875000,,
0.812500000,-0.671875000,,
0.828125000,-0.671875000,,
0.843750000,-0.671875000,,
0.859375000,-0.671875000,,
0.875000000,-0.671875000,,
0.890625000,-0.671875000,,
0.906250000,-0.671875000,,
0.921875000,-0.671875000,,
0.937500000,-0.671875000,,
0.953125000,-0.671875000,,
0.968750000,-0.671875000,,
0.984375000,-0.671875000,,
1.000000000,-0.671875000,,
-1.000000000,-0.656250000,,
-0.984375000,-0.656250000,,
-0.968750000,-0.656250000,,
-0.953125000,-0.656250000,,
-0.937500000,-0.656250000,,
-0.921875000,-0.656250000,,
-0.906250000,-0.656250000,,
-0.890625000,-0.656250000,,
-0.875000000,-0.656250000,,
-0.859375000,-0.656250000,,
-0.843750000,-0.656250000,,
-0.828125000,-0.656250000,,
-0.812500000,-0.656250000,,
-0.796875000,-0.656250000,,
-0.781250000,-0.656250000,,
-0.765625000,-0.656250000,,
-0.750000000,-0.656250000,,
-0.734375000,-0.656250000,-0.381914406978,-0.238696504361
-0.718750000,-0.656250000,-0.432001931450,-0.270001207156
-0.703125000,-0.656250000,-0.470020155454,-0.293762597159
-0.687500000,-0.656250000,-0.496675305106,-0.310422065691
-0.671875000,-0.656250000,-0.512723329541,-0.320452080963
-0.656250000,-0.656250000,-0.518950171456,-0.324343857160
-0.640625000,-0.656250000,-0.516155690923,-0.322597306827
-0.625000000,-0.656250000,-0.505140662082,-0.315712913801
-0.609375000,-0.656250000,-0.486696357230,-0.304185223269
-0.593750000,-0.656250000,-0.461596303821,-0.288497689888
-0.578125000,-0.656250000,-0.430589867676,-0.269118667298
-0.562500000,-0.656250000,-0.394397365824,-0.246498353640
-0.546875000,-0.656250000,-0.353706460525,-0.221066537828
-0.531250000,-0.656250000,-0.309169621323,-0.193231013327
-0.515625000,-0.656250000,-0.261402476092,-0.163376547558
-0.500000000,-0.656250000,-0.210982898160,-0.131864311350
-0.484375000,-0.656250000,-0.158450699872,-0.0990316874198
-0.468750000,-0.656250000,-0.104307823243,-0.0651923895268
-0.453125000,-0.656250000,-0.0490189330197,-0.0306368331373
-0.437500000,-0.656250000,0.00698766559997,0.00436729099998
-0.421875000,-0.656250000,0.0633188533406,0.0395742833379
-0.406250000,-0.656250000,0.119615323201,0.0747595770008
-0.390625000,-0.656250000,0.175550056288,0.109718785180
-0.375000000,-0.656250000,0.230826687025,0.144266679391
-0.359375000,-0.656250000,0.285177793386,0.178236120866
-0.343750000,-0.656250000,0.338363140869,0.211476963043
-0.328125000,-0.656250000,0.390167904949,0.243854940593
-0.312500000,-0.656250000,0.440400893170,0.275250558231
-0.296875000,-0.656250000,0.488892783681,0.305557989800
-0.281250000,-0.656250000,0.535494395431,0.334683997144
-0.265625000,-0.656250000,0.580075002058,0.362546876287
-0.250000000,-0.656250000,0.622520699425,0.389075437141
-0.234375000,-0.656250000,0.662732835097,0.414208021936
-0.218750000,-0.656250000,0.700626507909,0.437891567443
-0.203125000,-0.656250000,0.736129140741,0.460080712963
-0.187500000,-0.656250000,0.769179134672,0.480736959170
-0.171875000,-0.656250000,0.799724604638,0.499827877899
-0.156250000,-0.656250000,0.827722202706,0.517326376691
-0.140625000,-0.656250000,0.853136029063,0.533210018164
-0.125000000,-0.656250000,0.875936634230,0.547460396394
-0.109375000,-0.656250000,0.896100113142,0.560062570714
-0.093750000,-0.656250000,0.913607292565,0.571004557853
-0.078125000,-0.656250000,0.928443012685,0.580276882928
-0.062500000,-0.656250000,0.940595503383,0.587872189614
-0.046875000,-0.656250000,0.950055855898,0.593784909936
-0.031250000,-0.656250000,0.956817590341,0.598010993963
-0.015625000,-0.656250000,0.960974861492,0.600609288433
0.000000000,-0.656250000,0.962314793803,0.601446746127
0.015625000,-0.656250000,0.960974861492,0.600609288433
0.031250000,-0.656250000,0.956817590341,0.598010993963
0.046875000,-0.656250000,0.950055855898,0.593784909936
0.062500000,-0.656250000,0.940595503383,0.587872189614
0.078125000,-0.656250000,0.928443012685,0.580276882928
0.093750000,-0.656250000,0.913607292565,0.571004557853
0.109375000,-0.656250000,0.896100113142,0.560062570714
0.125000000,-0.656250000,0.875936634230,0.547460396394
0.140625000,-0.656250000,0.853136029063,0.533210018164
0.156250000,-0.656250000,0.827722202706,0.517326376691
0.171875000,-0.656250000,0.799724604638,0.499827877899
0.187500000,-0.656250000,0.769179134672,0.480736959170
0.203125000,-0.656250000,0.736129140741,0.460080712963
0.218750000,-0.656250000,0.700626507909,0.437891567443
0.234375000,-0.656250000,0.662732835097,0.414208021936
0.250000000,-0.656250000,0.622520699425,0.389075437141
0.265625000,-0.656250000,0.580075002058,0.362546876287
0.281250000,-0.656250000,0.535494395431,0.334683997144
0.296875000,-0.656250000,0.488892783681,0.305557989800
0.312500000,-0.656250000,0.440400893170,0.275250558231
0.328125000,-0.656250000,0.390167904949,0.243854940593
0.343750000,-0.656250000,0.338363140869,0.211476963043
0.359375000,-0.656250000,0.285177793386,0.178236120866
0.375000000,-0.656250000,0.230826687025,0.144266679391
0.390625000,-0.656250000,0.175550056288,0.109718785180
0.406250000,-0.656250000,0.119615323201,0.0747595770008
0.421875000,-0.656250000,0.0633188533406,0.0395742833379
0.437500000,-0.656250000,0.00698766559997,0.00436729099998
0.453125000,-0.656250000,-0.0490189330197,-0.0306368331373
0.468750000,-0.656250000,-0.104307823243,-0.0651923895268
0.484375000,-0.656250000,-0.158450699872,-0.0990316874198
0.500000000,-0.656250000,-0.210982898160,-0.131864311350
0.515625000,-0.656250000,-0.261402476092,-0.163376547558
0.531250000,-0.656250000,-0.309169621323,-0.193231013327
0.546875000,-0.656250000,-0.353706460525,-0.221066537828
0.562500000,-0.656250000,-0.394397365824,-0.246498353640
0.578125000,-0.656250000,-0.430589867676,-0.269118667298
0.593750000,-0.656250000,-0.461596303821,-0.288497689888
0.609375000,-0.656250000,-0.486696357230,-0.304185223269
0.625000000,-0.656250000,-0.505140662082,-0.315712913801
0.640625000,-0.656250000,-0.516155690923,-0.322597306827
0.656250000,-0.656250000,-0.518950171456,-0.324343857160
0.671875000,-0.656250000,-0.512723329541,-0.320452080963
0.687500000,-0.656250000,-0.496675305106,-0.310422065691
0.703125000,-0.656250000,-0.470020155454,-0.293762597159
0.718750000,-0.656250000,-0.432001931450,-0.270001207156
0.734375000,-0.656250000,-0.381914406978,-0.238696504361
0.750000000,-0.656250000,,
0.765625000,-0.656250000,,
0.781250000,-0.656250000,,
0.796875000,-0.656250000,,
0.812500000,-0.656250000,,
0.828125000,-0.656250000,,
0.843750000,-0.656250000,,
0.859375000,-0.656250000,,
0.875000000,-0.656250000,,
0.890625000,-0.656250000,,
0.906250000,-0.656250000,,
0.921875000,-0.656250000,,
0.937500000,-0.656250000,,
0.953125000,-0.656250000,,
0.968750000,-0.656250000,,
0.984375000,-0.656250000,,
1.000000000,-0.656250000,,
-1.000000000,-0.640625000,,
-0.984375000,-0.640625000,,
-0.968750000,-0.640625000,,
-0.953125000,-0.640625000,,
-0.937500000,-0.640625000,,
-0.921875000,-0.640625000,,
-0.906250000,-0.640625000,,
-0.890625000,-0.640625000,,
-0.875000000,-0.640625000,,
-0.859375000,-0.640625000,,
-0.843750000,-0.640625000,,
-0.828125000,-0.640625000,,
-0.812500000,-0.640625000,,
-0.796875000,-0.640625000,,
-0.781250000,-0.640625000,,
-0.765625000,-0.640625000,,
-0.750000000,-0.640625000,,
-0.734375000,-0.640625000,-0.423244154134,-0.264527596334
-0.718750000,-0.640625000,-0.470958415138,-0.294349009462
-0.703125000,-0.640625000,-0.506358764013,-0.316474227508
-0.687500000,-0.640625000,-0.530241168348,-0.331400730217
-0.671875000,-0.640625000,-0.543435892032,-0.339647432520
-0.656250000,-0.640625000,-0.546789972075,-0.341743732547
-0.640625000,-0.640625000,-0.541153033476,-0.338220645922
-0.625000000,-0.640625000,-0.527365914022,-0.329603696264
-0.609375000,-0.640625000,-0.506251647391,-0.316407279619
-0.593750000,-0.640625000,-0.478608426559,-0.299130266599
-0.578125000,-0.640625000,-0.445204227184,-0.278252641990
-0.562500000,-0.640625000,-0.406772819009,-0.254233011881
-0.546875000,-0.640625000,-0.364010935115,-0.227506834447
-0.531250000,-0.640625000,-0.317576406285,-0.198485253928
-0.515625000,-0.640625000,-0.268087091655,-0.167554432284
-0.500000000,-0.640625000,-0.216120469664,-0.135075293540
-0.484375000,-0.640625000,-0.162213767260,-0.101383604537
-0.468750000,-0.640625000,-0.106864527783,-0.0667903298646
-0.453125000,-0.640625000,-0.0505315323773,-0.0315822077358
-0.437500000,-0.640625000,0.00636399871754,0.00397749919846
-0.421875000,-0.640625000,0.0634369858414,0.0396481161508
-0.406250000,-0.640625000,0.120336902592,0.0752105641203
-0.390625000,-0.640625000,0.176746065951,0.110466291219
-0.375000000,-0.640625000,0.232377840730,0.145236150456
-0.359375000,-0.640625000,0.286974790083,0.179359243802
-0.343750000,-0.640625000,0.340306798647,0.212691749154
-0.328125000,-0.640625000,0.392169190243,0.245105743902
-0.312500000,-0.640625000,0.442380858744,0.276488036715
-0.296875000,-0.640625000,0.490782428348,0.306739017717
-0.281250000,-0.640625000,0.537234455961,0.335771534976
-0.265625000,-0.640625000,0.581615686030,0.363509803769
-0.250000000,-0.640625000,0.623821367441,0.389888354651
-0.234375000,-0.640625000,0.663761639841,0.414851024900
-0.218750000,-0.640625000,0.701359994683,0.438349996677
-0.203125000,-0.640625000,0.736551816729,0.460344885455
-0.187500000,-0.640625000,0.769283009868,0.480801881167
-0.171875000,-0.640625000,0.799508709222,0.499692943264
-0.156250000,-0.640625000,0.827192084239,0.516995052650
-0.140625000,-0.640625000,0.852303232664,0.532689520415
-0.125000000,-0.640625000,0.874818167702,0.546761354814
-0.109375000,-0.640625000,0.894717900638,0.559198687899
-0.093750000,-0.640625000,0.911987616855,0.569992260534
-0.078125000,-0.640625000,0.926615949747,0.579134968592
-0.062500000,-0.640625000,0.938594349850,0.586621468657
-0.046875000,-0.640625000,0.947916550583,0.592447844114
-0.031250000,-0.640625000,0.954644894042,0.596653058776
-0.015625000,-0.640625000,0.958605980109,0.599128737568
0.000000000,-0.640625000,0.959926536413,0.599954085258
0.015625000,-0.640625000,0.958605980109,0.599128737568
0.031250000,-0.640625000,0.954644894042,0.596653058776
0.046875000,-0.640625000,0.947916550583,0.592447844114
0.062500000,-0.640625000,0.938594349850,0.586621468657
0.078125000,-0.640625000,0.926615949747,0.579134968592
0.093750000,-0.640625000,0.911987616855,0.569992260534
0.109375000,-0.640625000,0.894717900638,0.559198687899
0.125000000,-0.640625000,0.874818167702,0.546761354814
0.140625000,-0.640625000,0.852303232664,0.532689520415
0.156250000,-0.640625000,0.827192084239,0.516995052650
0.171875000,-0.640625000,0.799508709222,0.499692943264
0.187500000,-0.640625000,0.769283009868,0.480801881167
0.203125000,-0.640625000,0.736551816729,0.460344885455
0.218750000,-0.640625000,0.701359994683,0.438349996677
0.234375000,-0.640625000,0.663761639841,0.414851024900
0.250000000,-0.640625000,0.623821367441,0.389888354651
0.265625000,-0.640625000,0.581615686030,0.363509803769
0.281250000,-0.640625000,0.537234455961,0.335771534976
0.296875000,-0.640625000,0.490782428348,0.306739017717
0.312500000,-0.640625000,0.442380858744,0.276488036715
0.328125000,-0.640625000,0.392169190243,0.245105743902
0.343750000,-0.640625000,0.340306798647,0.212691749154
0.359375000,-0.640625000,0.286974790083,0.179359243802
0.375000000,-0.640625000,0.232377840730,0.145236150456
0.390625000,-0.640625000,0.176746065951,0.110466291219
0.406250000,-0.640625000,0.120336902592,0.0752105641203
0.421875000,-0.640625000,0.0634369858414,0.0396481161508
0.437500000,-0.640625000,0.00636399871754,0.00397749919846
0.453125000,-0.640625000,-0.0505315323773,-0.0315822077358
0.468750000,-0.640625000,-0.106864527783,-0.0667903298646
0.484375000,-0.640625000,-0.162213767260,-0.101383604537
0.500000000,-0.640625000,-0.216120469664,-0.135075293540
0.515625000,-0.640625000,-0.268087091655,-0.167554432284
0.531250000,-0.640625000,-0.317576406285,-0.198485253928
0.546875000,-0.640625000,-0.364010935115,-0.227506834447
0.562500000,-0.640625000,-0.406772819009,-0.254233011881
0.578125000,-0.640625000,-0.445204227184,-0.278252641990
0.593750000,-0.640625000,-0.478608426559,-0.299130266599
0.609375000,-0.640625000,-0.506251647391,-0.316407279619
0.625000000,-0.640625000,-0.527365914022,-0.329603696264
0.640625000,-0.640625000,-0.541153033476,-0.338220645922
0.656250000,-0.640625000,-0.546789972075,-0.341743732547
0.671875000,-0.640625000,-0.543435892032,-0.339647432520
0.687500000,-0.640625000,-0.530241168348,-0.331400730217
0.703125000,-0.640625000,-0.506358764013,-0.316474227508
0.718750000,-0.640625000,-0.470958415138,-0.294349009462
0.734375000,-0.640625000,-0.423244154134,-0.264527596334
0.750000000,-0.640625000,,
0.765625000,-0.640625000,,
0.781250000,-0.640625000,,
0.796875000,-0.640625000,,
0.812500000,-0.640625000,,
0.828125000,-0.640625000,,
0.843750000,-0.640625000,,
0.859375000,-0.640625000,,
0.875000000,-0.640625000,,
0.890625000,-0.640625000,,
0.906250000,-0.640625000,,
0.921875000,-0.640625000,,
0.937500000,-0.640625000,,
0.953125000,-0.640625000,,
0.968750000,-0.640625000,,
0.984375000,-0.640625000,,
1.000000000,-0.640625000,,
-1.000000000,-0.625000000,,
-0.984375000,-0.625000000,,
-0.968750000,-0.625000000,,
-0.953125000,-0.625000000,,
-0.937500000,-0.625000000,,
-0.921875000,-0.625000000,,
-0.906250000,-0.625000000,,
-0.890625000,-0.625000000,,
-0.875000000,-0.625000000,,
-0.859375000,-0.625000000,,
-0.843750000,-0.625000000,,
-0.828125000,-0.625000000,,
-0.812500000,-0.625000000,,
-0.796875000,-0.625000000,,
-0.781250000,-0.625000000,,
-0.765625000,-0.625000000,,
-0.750000000,-0.625000000,-0.409405442161,-0.255878401351
-0.734375000,-0.625000000,-0.467752125723,-0.292345078577
-0.718750000,-0.625000000,-0.512780034650,-0.320487521656
-0.703125000,-0.625000000,-0.545323881114,-0.340827425696
-0.687500000,-0.625000000,-0.566258001385,-0.353911250865
-0.671875000,-0.625000000,-0.576477176748,-0.360298235467
-0.656250000,-0.625000000,-0.576881095873,-0.360550684921
-0.640625000,-0.625000000,-0.568361876331,-0.355226172707
-0.625000000,-0.625000000,-0.551794154982,-0.344871346864
-0.609375000,-0.625000000,-0.528027334102,-0.330017083814
-0.593750000,-0.625000000,-0.497879632722,-0.311174770451
-0.578125000,-0.625000000,-0.462133648504,-0.288833530315
-0.562500000,-0.625000000,-0.421533179337,-0.263458237086
-0.546875000,-0.625000000,-0.376781093761,-0.235488183601
-0.531250000,-0.625000000,-0.328538069840,-0.205336293650
-0.515625000,-0.625000000,-0.277422051110,-0.173388781943
-0.500000000,-0.625000000,-0.224008291314,-0.140005182071
-0.484375000,-0.625000000,-0.168829876268,-0.105518672668
-0.468750000,-0.625000000,-0.112378633586,-0.0702366459915
-0.453125000,-0.625000000,-0.0551063486703,-0.0344414679189
-0.437500000,-0.625000000,0.00257377695313,0.00160861059571
-0.421875000,-0.625000000,0.0602854835928,0.0376784272455
-0.406250000,-0.625000000,0.117687672874,0.0735547955463
-0.390625000,-0.625000000,0.174472531203,0.109045332002
-0.375000000,-0.625000000,0.230363588912,0.143977243070
-0.359375000,-0.625000000,0.285113745591,0.178196090995
-0.343750000,-0.625000000,0.338503284121,0.211564552575
-0.328125000,-0.625000000,0.390337894046,0.243961183779
-0.312500000,-0.625000000,0.440446721464,0.275279200915
-0.296875000,-0.625000000,0.488680458326,0.305425286454
-0.281250000,-0.625000000,0.534909484453,0.334318427783
-0.265625000,-0.625000000,0.579022069155,0.361888793222
-0.250000000,-0.625000000,0.620922643734,0.388076652334
-0.234375000,-0.625000000,0.660530148360,0.412831342725
-0.218750000,-0.625000000,0.697776459671,0.436110287294
-0.203125000,-0.625000000,0.732604903910,0.457878064944
-0.187500000,-0.625000000,0.764968857667,0.478105536042
-0.171875000,-0.625000000,0.794830439819,0.496769024887
-0.156250000,-0.625000000,0.822159295997,0.513849559998
-0.140625000,-0.625000000,0.846931477876,0.529332173673
-0.125000000,-0.625000000,0.869128417610,0.543205261006
-0.109375000,-0.625000000,0.888735999020,0.555459999387
-0.093750000,-0.625000000,0.905743726048,0.566089828780
-0.078125000,-0.625000000,0.920143987592,0.575089992245
-0.062500000,-0.625000000,0.931931421325,0.582457138328
-0.046875000,-0.625000000,0.941205827932,0.588253642458
-0.031250000,-0.625000000,0.947700529492,0.592312830932
-0.015625000,-0.625000000,0.951597956459,0.594748722787
0.000000000,-0.625000000,0.952897194842,0.595560746776
0.015625000,-0.625000000,0.951597956459,0.594748722787
0.031250000,-0.625000000,0.947700529492,0.592312830932
0.046875000,-0.625000000,0.941205827932,0.588253642458
0.062500000,-0.625000000,0.931931421325,0.582457138328
0.078125000,-0.625000000,0.920143987592,0.575089992245
0.093750000,-0.625000000,0.905743726048,0.566089828780
0.109375000,-0.625000000,0.888735999020,0.555459999387
0.125000000,-0.625000000,0.869128417610,0.543205261006
0.140625000,-0.625000000,0.846931477876,0.529332173673
0.156250000,-0.625000000,0.822159295997,0.513849559998
0.171875000,-0.625000000,0.794830439819,0.496769024887
0.187500000,-0.625000000,0.764968857667,0.478105536042
0.203125000,-0.625000000,0.732604903910,0.457878064944
0.218750000,-0.625000000,0.697776459671,0.436110287294
0.234375000,-0.625000000,0.660530148360,0.412831342725
0.250000000,-0.625000000,0.620922643734,0.388076652334
0.265625000,-0.625000000,0.579022069155,0.361888793222
0.281250000,-0.625000000,0.534909484453,0.334318427783
0.296875000,-0.625000000,0.488680458326,0.305425286454
0.312500000,-0.625000000,0.440446721464,0.275279200915
0.328125000,-0.625000000,0.390337894046,0.243961183779
0.343750000,-0.625000000,0.338503284121,0.211564552575
0.359375000,-0.625000000,0.285113745591,0.178196090995
0.375000000,-0.625000000,0.230363588912,0.143977243070
0.390625000,-0.625000000,0.174472531203,0.109045332002
0.406250000,-0.625000000,0.117687672874,0.0735547955463
0.421875000,-0.625000000,0.0602854835928,0.0376784272455
0.437500000,-0.625000000,0.00257377695313,0.00160861059571
0.453125000,-0.625000000,-0.0551063486703,-0.0344414679189
0.468750000,-0.625000000,-0.112378633586,-0.0702366459915
0.484375000,-0.625000000,-0.168829876268,-0.105518672668
0.500000000,-0.625000000,-0.224008291314,-0.140005182071
0.515625000,-0.625000000,-0.277422051110,-0.173388781943
0.531250000,-0.625000000,-0.328538069840,-0.205336293650
0.546875000,-0.625000000,-0.376781093761,-0.235488183601
0.562500000,-0.625000000,-0.421533179337,-0.263458237086
0.578125000,-0.625000000,-0.462133648504,-0.288833530315
0.593750000,-0.625000000,-0.497879632722,-0.311174770451
0.609375000,-0.625000000,-0.528027334102,-0.330017083814
0.625000000,-0.625000000,-0.551794154982,-0.344871346864
0.640625000,-0.625000000,-0.568361876331,-0.355226172707
0.656250000,-0.625000000,-0.576881095873,-0.360550684921
0.671875000,-0.625000000,-0.576477176748,-0.360298235467
0.687500000,-0.625000000,-0.566258001385,-0.353911250865
0.703125000,-0.625000000,-0.545323881114,-0.340827425696
0.718750000,-0.625000000,-0.512780034650,-0.320487521656
0.734375000,-0.625000000,-0.467752125723,-0.292345078577
0.750000000,-0.625000000,-0.409405442161,-0.255878401351
0.765625000,-0.625000000,,
0.781250000,-0.625000000,,
0.796875000,-0.625000000,,
0.812500000,-0.625000000,,
0.828125000,-0.625000000,,
0.843750000,-0.625000000,,
0.859375000,-0.625000000,,
0.875000000,-0.625000000,,
0.890625000,-0.625000000,,
0.906250000,-0.625000000,,
0.921875000,-0.625000000,,
0.937500000,-0.625000000,,
0.953125000,-0.625000000,,
0.968750000,-0.625000000,,
0.984375000,-0.625000000,,
1.000000000,-0.625000000,,
-1.000000000,-0.609375000,,
-0.984375000,-0.609375000,,
-0.968750000,-0.609375000,,
-0.953125000,-0.609375000,,
-0.937500000,-0.609375000,,
-0.921875000,-0.609375000,,
-0.906250000,-0.609375000,,
-0.890625000,-0.609375000,,
-0.875000000,-0.609375000,,
-0.859375000,-0.609375000,,
-0.843750000,-0.609375000,,
-0.828125000,-0.609375000,,
-0.812500000,-0.609375000,,
-0.796875000,-0.609375000,,
-0.781250000,-0.609375000,,
-0.765625000,-0.609375000,-0.389244590849,-0.243277869281
-0.750000000,-0.609375000,-0.459229905338,-0.287018690836
-0.734375000,-0.609375000,-0.514835663807,-0.321772289879
-0.718750000,-0.609375000,-0.556933385802,-0.348083366126
-0.703125000,-0.609375000,-0.586440734253,-0.366525458908
-0.687500000,-0.609375000,-0.604300444935,-0.377687778084
-0.671875000,-0.609375000,-0.611463237332,-0.382164523332
-0.656250000,-0.609375000,-0.608874069585,-0.380546293491
-0.640625000,-0.609375000,-0.597461201647,-0.373413251030
-0.625000000,-0.609375000,-0.578127609809,-0.361329756131
-0.609375000,-0.609375000,-0.551744373727,-0.344840233579
-0.593750000,-0.609375000,-0.519145711494,-0.324466069684
-0.578125000,-0.609375000,-0.481125389527,-0.300703368455
-0.562500000,-0.609375000,-0.438434277788,-0.274021423618
-0.546875000,-0.609375000,-0.391778852685,-0.244861782928
-0.531250000,-0.609375000,-0.341820484609,-0.213637802881
-0.515625000,-0.609375000,-0.289175368089,-0.180734605055
-0.500000000,-0.609375000,-0.234414976095,-0.146509360060
-0.484375000,-0.609375000,-0.178066938904,-0.111291836815
-0.468750000,-0.609375000,-0.120616261212,-0.0753851632577
-0.453125000,-0.609375000,-0.0625068060154,-0.0390667537596
-0.437500000,-0.609375000,-0.00414298384302,-0.00258936490189
-0.421875000,-0.609375000,0.0541084035384,0.0338177522115
-0.406250000,-0.609375000,0.111916209333,0.0699476308331
-0.390625000,-0.609375000,0.168982913442,0.105614320902
-0.375000000,-0.609375000,0.225042551571,0.140651594732
-0.359375000,-0.609375000,0.279858626759,0.174911641724
-0.343750000,-0.609375000,0.333222025630,0.208263766019
-0.328125000,-0.609375000,0.384948957018,0.240593098136
-0.312500000,-0.609375000,0.434878928460,0.271799330287
-0.296875000,-0.609375000,0.482872772343,0.301795482714
-0.281250000,-0.609375000,0.528810732675,0.330506707922
-0.265625000,-0.609375000,0.572590620881,0.357869138051
-0.250000000,-0.609375000,0.614126046553,0.383828779096
-0.234375000,-0.609375000,0.653344730143,0.408340456339
-0.218750000,-0.609375000,0.690186900981,0.431366813113
-0.203125000,-0.609375000,0.724603784620,0.452877365387
-0.187500000,-0.609375000,0.756556181745,0.472847613591
-0.171875000,-0.609375000,0.786013141597,0.491258213498
-0.156250000,-0.609375000,0.812950730800,0.508094206750
-0.140625000,-0.609375000,0.837350899396,0.523344312122
-0.125000000,-0.609375000,0.859200443824,0.537000277390
-0.109375000,-0.609375000,0.878490068876,0.549056293047
-0.093750000,-0.609375000,0.895213547972,0.559508467483
-0.078125000,-0.609375000,0.909366982259,0.568354363912
-0.062500000,-0.609375000,0.920948158468,0.575592599043
-0.046875000,-0.609375000,0.929956006056,0.581222503785
-0.031250000,-0.609375000,0.936457212586,0.585285757866
-0.015625000,-0.609375000,0.940285702448,0.587678564030
0.000000000,-0.609375000,0.941561864906,0.588476165566
0.015625000,-0.609375000,0.940285702448,0.587678564030
0.031250000,-0.609375000,0.936457212586,0.585285757866
0.046875000,-0.609375000,0.929956006056,0.581222503785
0.062500000,-0.609375000,0.920948158468,0.575592599043
0.078125000,-0.609375000,0.909366982259,0.568354363912
0.093750000,-0.609375000,0.895213547972,0.559508467483
0.109375000,-0.609375000,0.878490068876,0.549056293047
0.125000000,-0.609375000,0.859200443824,0.537000277390
0.140625000,-0.609375000,0.837350899396,0.523344312122
0.156250000,-0.609375000,0.812950730800,0.508094206750
0.171875000,-0.609375000,0.786013141597,0.491258213498
0.187500000,-0.609375000,0.756556181745,0.472847613591
0.203125000,-0.609375000,0.724603784620,0.452877365387
0.218750000,-0.609375000,0.690186900981,0.431366813113
0.234375000,-0.609375000,0.653344730143,0.408340456339
0.250000000,-0.609375000,0.614126046553,0.383828779096
0.265625000,-0.609375000,0.572590620881,0.357869138051
0.281250000,-0.609375000,0.528810732675,0.330506707922
0.296875000,-0.609375000,0.482872772343,0.301795482714
0.312500000,-0.609375000,0.434878928460,0.271799330287
0.328125000,-0.609375000,0.384948957018,0.240593098136
0.343750000,-0.609375000,0.333222025630,0.208263766019
0.359375000,-0.609375000,0.279858626759,0.174911641724
0.375000000,-0.609375000,0.225042551571,0.140651594732
0.390625000,-0.609375000,0.168982913442,0.105614320902
0.406250000,-0.609375000,0.111916209333,0.0699476308331
0.421875000,-0.609375000,0.0541084035384,0.0338177522115
0.437500000,-0.609375000,-0.00414298384302,-0.00258936490189
0.453125000,-0.609375000,-0.0625068060154,-0.0390667537596
0.468750000,-0.609375000,-0.120616261212,-0.0753851632577
0.484375000,-0.609375000,-0.178066938904,-0.111291836815
0.500000000,-0.609375000,-0.234414976095,-0.146509360060
0.515625000,-0.609375000,-0.289175368089,-0.180734605055
0.531250000,-0.609375000,-0.341820484609,-0.213637802881
0.546875000,-0.609375000,-0.391778852685,-0.244861782928
0.562500000,-0.609375000,-0.438434277788,-0.274021423618
0.578125000,-0.609375000,-0.481125389527,-0.300703368455
0.593750000,-0.609375000,-0.519145711494,-0.324466069684
0.609375000,-0.609375000,-0.551744373727,-0.344840233579
0.625000000,-0.609375000,-0.578127609809,-0.361329756131
0.640625000,-0.609375000,-0.597461201647,-0.373413251030
0.656250000,-0.609375000,-0.608874069585,-0.380546293491
0.671875000,-0.609375000,-0.611463237332,-0.382164523332
0.687500000,-0.609375000,-0.604300444935,-0.377687778084
0.703125000,-0.609375000,-0.586440734253,-0.366525458908
0.718750000,-0.609375000,-0.556933385802,-0.348083366126
0.734375000,-0.609375000,-0.514835663807,-0.321772289879
0.750000000,-0.609375000,-0.459229905338,-0.287018690836
0.765625000,-0.609375000,-0.389244590849,-0.243277869281
0.781250000,-0.609375000,,
0.796875000,-0.609375000,,
0.812500000,-0.609375000,,
0.828125000,-0.609375000,,
0.843750000,-0.609375000,,
0.859375000,-0.609375000,,
0.875000000,-0.609375000,,
0.890625000,-0.609375000,,
0.906250000,-0.609375000,,
0.921875000,-0.609375000,,
0.937500000,-0.609375000,,
0.953125000,-0.609375000,,
0.968750000,-0.609375000,,
0.984375000,-0.609375000,,
1.000000000,-0.609375000,,
-1.000000000,-0.593750000,,
-0.984375000,-0.593750000,,
-0.968750000,-0.593750000,,
-0.953125000,-0.593750000,,
-0.937500000,-0.593750000,,
-0.921875000,-0.593750000,,
-0.906250000,-0.593750000,,
-0.890625000,-0.593750000,,
-0.875000000,-0.593750000,,
-0.859375000,-0.593750000,,
-0.843750000,-0.593750000,,
-0.828125000,-0.593750000,,
-0.812500000,-0.593750000,,
-0.796875000,-0.593750000,,
-0.781250000,-0.593750000,-0.361428796816,-0.225892998010
-0.765625000,-0.593750000,-0.444133030700,-0.277583144188
-0.750000000,-0.593750000,-0.511339606918,-0.319587254324
-0.734375000,-0.593750000,-0.563954093456,-0.352471308410
-0.718750000,-0.593750000,-0.602936111073,-0.376835069421
-0.703125000,-0.593750000,-0.629276096905,-0.393297560566
-0.687500000,-0.593750000,-0.643976438627,-0.402485274142
-0.671875000,-0.593750000,-0.648036275683,-0.405022672302
-0.656250000,-0.593750000,-0.642439377658,-0.401524611036
-0.640625000,-0.593750000,-0.628144599534,-0.392590374709
-0.625000000,-0.593750000,-0.606078497049,-0.378799060656
-0.609375000,-0.593750000,-0.577129746406,-0.360706091504
-0.593750000,-0.593750000,-0.542145069736,-0.338840668585
-0.578125000,-0.593750000,-0.501926414224,-0.313704008890
-0.562500000,-0.593750000,-0.457229171086,-0.285768231929
-0.546875000,-0.593750000,-0.408761252792,-0.255475782995
-0.531250000,-0.593750000,-0.357182877091,-0.223239298182
-0.515625000,-0.593750000,-0.303106926572,-0.189441829108
-0.500000000,-0.593750000,-0.247099776038,-0.154437360024
-0.484375000,-0.593750000,-0.189682493060,-0.118551558163
-0.468750000,-0.593750000,-0.131332334845,-0.0820827092784
-0.453125000,-0.593750000,-0.0724844739836,-0.0453027962397
-0.437500000,-0.593750000,-0.0135338978196,-0.00845868613727
-0.421875000,-0.593750000,0.0451625661067,0.0282266038167
-0.406250000,-0.593750000,0.103284138366,0.0645525864787
-0.390625000,-0.593750000,0.160543923187,0.100339951992
-0.375000000,-0.593750000,0.216686718975,0.135429199360
-0.359375000,-0.593750000,0.271486827802,0.169679267376
-0.343750000,-0.593750000,0.324745882932,0.202966176833
-0.328125000,-0.593750000,0.376290710701,0.235181694188
-0.312500000,-0.593750000,0.425971241387,0.266232025867
-0.296875000,-0.593750000,0.473658477951,0.296036548719
-0.281250000,-0.593750000,0.519242534118,0.324526583824
-0.265625000,-0.593750000,0.562630747471,0.351644217170
-0.250000000,-0.593750000,0.603745874303,0.377341171440
-0.234375000,-0.593750000,0.642524371215,0.401577732009
-0.218750000,-0.593750000,0.678914766203,0.424321728877
-0.203125000,-0.593750000,0.712876123408,0.445547577130
-0.187500000,-0.593750000,0.744376602895,0.465235376809
-0.171875000,-0.593750000,0.773392117249,0.483370073281
-0.156250000,-0.593750000,0.799905087148,0.499940679467
-0.140625000,-0.593750000,0.823903294751,0.514939559219
-0.125000000,-0.593750000,0.845378837628,0.528361773517
-0.109375000,-0.593750000,0.864327181983,0.540204488739
-0.093750000,-0.593750000,0.880746316477,0.550466447798
-0.078125000,-0.593750000,0.894636005211,0.559147503257
-0.062500000,-0.593750000,0.905997141592,0.566248213495
-0.046875000,-0.593750000,0.914831201398,0.571769500874
-0.031250000,-0.593750000,0.921139795603,0.575712372252
-0.015625000,-0.593750000,0.925016262918,0.578135164324
0.000000000,-0.593750000,0.926267766203,0.578917353877
0.015625000,-0.593750000,0.925016262918,0.578135164324
0.031250000,-0.593750000,0.921139795603,0.575712372252
0.046875000,-0.593750000,0.914831201398,0.571769500874
0.062500000,-0.593750000,0.905997141592,0.566248213495
0.078125000,-0.593750000,0.894636005211,0.559147503257
0.093750000,-0.593750000,0.880746316477,0.550466447798
0.109375000,-0.593750000,0.864327181983,0.540204488739
0.125000000,-0.593750000,0.845378837628,0.528361773517
0.140625000,-0.593750000,0.823903294751,0.514939559219
0.156250000,-0.593750000,0.799905087148,0.499940679467
0.171875000,-0.593750000,0.773392117249,0.483370073281
0.187500000,-0.593750000,0.744376602895,0.465235376809
0.203125000,-0.593750000,0.712876123408,0.445547577130
0.218750000,-0.593750000,0.678914766203,0.424321728877
0.234375000,-0.593750000,0.642524371215,0.401577732009
0.250000000,-0.593750000,0.603745874303,0.377341171440
0.265625000,-0.593750000,0.562630747471,0.351644217170
0.281250000,-0.593750000,0.519242534118,0.324526583824
0.296875000,-0.593750000,0.473658477951,0.296036548719
0.312500000,-0.593750000,0.425971241387,0.266232025867
0.328125000,-0.593750000,0.376290710701,0.235181694188
0.343750000,-0.593750000,0.324745882932,0.202966176833
0.359375000,-0.593750000,0.271486827802,0.169679267376
0.375000000,-0.593750000,0.216686718975,0.135429199360
0.390625000,-0.593750000,0.160543923187,0.100339951992
0.406250000,-0.593750000,0.103284138366,0.0645525864787
0.421875000,-0.593750000,0.0451625661067,0.0282266038167
0.437500000,-0.593750000,-0.0135338978196,-0.00845868613727
0.453125000,-0.593750000,-0.0724844739836,-0.0453027962397
0.468750000,-0.593750000,-0.131332334845,-0.0820827092784
0.484375000,-0.593750000,-0.189682493060,-0.118551558163
0.500000000,-0.593750000,-0.247099776038,-0.154437360024
0.515625000,-0.593750000,-0.303106926572,-0.189441829108
0.531250000,-0.593750000,-0.357182877091,-0.223239298182
0.546875000,-0.593750000,-0.408761252792,-0.255475782995
0.562500000,-0.593750000,-0.457229171086,-0.285768231929
0.578125000,-0.593750000,-0.501926414224,-0.313704008890
0.593750000,-0.593750000,-0.542145069736,-0.338840668585
0.609375000,-0.593750000,-0.577129746406,-0.360706091504
0.625000000,-0.593750000,-0.606078497049,-0.378799060656
0.640625000,-0.593750000,-0.628144599534,-0.392590374709
0.656250000,-0.593750000,-0.642439377658,-0.401524611036
0.671875000,-0.593750000,-0.648036275683,-0.405022672302
0.687500000,-0.593750000,-0.643976438627,-0.402485274142
0.703125000,-0.593750000,-0.629276096905,-0.393297560566
0.718750000,-0.593750000,-0.602936111073,-0.376835069421
0.734375000,-0.593750000,-0.563954093456,-0.352471308410
0.750000000,-0.593750000,-0.511339606918,-0.319587254324
0.765625000,-0.593750000,-0.444133030700,-0.277583144188
0.781250000,-0.593750000,-0.361428796816,-0.225892998010
0.796875000,-0.593750000,,
0.812500000,-0.593750000,,
0.828125000,-0.593750000,,
0.843750000,-0.593750000,,
0.859375000,-0.593750000,,
0.875000000,-0.593750000,,
0.890625000,-0.593750000,,
0.906250000,-0.593750000,,
0.921875000,-0.593750000,,
0.937500000,-0.593750000,,
0.953125000,-0.593750000,,
0.968750000,-0.593750000,,
0.984375000,-0.593750000,,
1.000000000,-0.593750000,,
-1.000000000,-0.578125000,,
-0.984375000,-0.578125000,,
-0.968750000,-0.578125000,,
-0.953125000,-0.578125000,,
-0.937500000,-0.578125000,,
-0.921875000,-0.578125000,,
-0.906250000,-0.578125000,,
-0.890625000,-0.578125000,,
-0.875000000,-0.578125000,,
-0.859375000,-0.578125000,,
-0.843750000,-0.578125000,,
-0.828125000,-0.578125000,,
-0.812500000,-0.578125000,,
-0.796875000,-0.578125000,-0.324527411245,-0.202829632028
-0.781250000,-0.578125000,-0.421109036966,-0.263193148104
-0.765625000,-0.578125000,-0.501016819802,-0.313135512376
-0.750000000,-0.578125000,-0.565186610514,-0.353241631571
-0.734375000,-0.578125000,-0.614617841757,-0.384136151098
-0.718750000,-0.578125000,-0.650347812890,-0.406467383056
-0.703125000,-0.578125000,-0.673430786913,-0.420894241820
-0.687500000,-0.578125000,-0.684921122447,-0.428075701529
-0.671875000,-0.578125000,-0.685859787812,-0.428662367383
-0.656250000,-0.578125000,-0.677263709235,-0.423289818272
-0.640625000,-0.578125000,-0.660117490625,-0.412573431640
-0.625000000,-0.578125000,-0.635367117013,-0.397104448133
-0.609375000,-0.578125000,-0.603915311036,-0.377447069398
-0.593750000,-0.578125000,-0.566618267595,-0.354136417247
-0.578125000,-0.578125000,-0.524283530725,-0.327677206703
-0.562500000,-0.578125000,-0.477668815213,-0.298543009508
-0.546875000,-0.578125000,-0.427481605624,-0.267176003515
-0.531250000,-0.578125000,-0.374379391406,-0.233987119629
-0.515625000,-0.578125000,-0.318970416635,-0.199356510397
-0.500000000,-0.578125000,-0.261814845461,-0.163634278413
-0.484375000,-0.578125000,-0.203426256009,-0.127141410005
-0.468750000,-0.578125000,-0.144273390523,-0.0901708690766
-0.453125000,-0.578125000,-0.0847821013303,-0.0529888133315
-0.437500000,-0.578125000,-0.0253374407078,-0.0158359004424
-0.421875000,-0.578125000,0.0337141484223,0.0210713427640
-0.406250000,-0.578125000,0.0920625781609,0.0575391113505
-0.390625000,-0.578125000,0.149431826880,0.0933948918001
-0.375000000,-0.578125000,0.205577642773,0.128486026733
-0.359375000,-0.578125000,0.260285260579,0.162678287862
-0.343750000,-0.578125000,0.313367148655,0.195854467909
-0.328125000,-0.578125000,0.364660802456,0.227913001535
-0.312500000,-0.578125000,0.414026594742,0.258766621714
-0.296875000,-0.578125000,0.461345693753,0.288341058595
-0.281250000,-0.578125000,0.506518056288,0.316573785180
-0.265625000,-0.578125000,0.549460503442,0.343412814651
-0.250000000,-0.578125000,0.590104882589,0.368815551618
-0.234375000,-0.578125000,0.628396321025,0.392747700640
-0.218750000,-0.578125000,0.664291573657,0.415182233535
-0.203125000,-0.578125000,0.697757466908,0.436098416817
-0.187500000,-0.578125000,0.728769441537,0.455480900961
-0.171875000,-0.578125000,0.757310195424,0.473318872140
-0.156250000,-0.578125000,0.783368425248,0.489605265780
-0.140625000,-0.578125000,0.806937670886,0.504336044303
-0.125000000,-0.578125000,0.828015260208,0.517509537630
-0.109375000,-0.578125000,0.846601355218,0.529125847011
-0.093750000,-0.578125000,0.862698099597,0.539186312248
-0.078125000,-0.578125000,0.876308867300,0.547693042063
-0.062500000,-0.578125000,0.887437612242,0.554648507651
-0.046875000,-0.578125000,0.896088317941,0.560055198713
-0.031250000,-0.578125000,0.902264548508,0.563915342817
-0.015625000,-0.578125000,0.905969098941,0.566230686838
0.000000000,-0.578125000,0.907203746134,0.567002341334
0.015625000,-0.578125000,0.905969098941,0.566230686838
0.031250000,-0.578125000,0.902264548508,0.563915342817
0.046875000,-0.578125000,0.896088317941,0.560055198713
0.062500000,-0.578125000,0.887437612242,0.554648507651
0.078125000,-0.578125000,0.876308867300,0.547693042063
0.093750000,-0.578125000,0.862698099597,0.539186312248
0.109375000,-0.578125000,0.846601355218,0.529125847011
0.125000000,-0.578125000,0.828015260208,0.517509537630
0.140625000,-0.578125000,0.806937670886,0.504336044303
0.156250000,-0.578125000,0.783368425248,0.489605265780
0.171875000,-0.578125000,0.757310195424,0.473318872140
0.187500000,-0.578125000,0.728769441537,0.455480900961
0.203125000,-0.578125000,0.697757466908,0.436098416817
0.218750000,-0.578125000,0.664291573657,0.415182233535
0.234375000,-0.578125000,0.628396321025,0.392747700640
0.250000000,-0.578125000,0.590104882589,0.368815551618
0.265625000,-0.578125000,0.549460503442,0.343412814651
0.281250000,-0.578125000,0.506518056288,0.316573785180
0.296875000,-0.578125000,0.461345693753,0.288341058595
0.312500000,-0.578125000,0.414026594742,0.258766621714
0.328125000,-0.578125000,0.364660802456,0.227913001535
0.343750000,-0.578125000,0.313367148655,0.195854467909
0.359375000,-0.578125000,0.260285260579,0.162678287862
0.375000000,-0.578125000,0.205577642773,0.128486026733
0.390625000,-0.578125000,0.149431826880,0.0933948918001
0.406250000,-0.578125000,0.0920625781609,0.0575391113505
0.421875000,-0.578125000,0.0337141484223,0.0210713427640
0.437500000,-0.578125000,-0.0253374407078,-0.0158359004424
0.453125000,-0.578125000,-0.0847821013303,-0.0529888133315
0.468750000,-0.578125000,-0.144273390523,-0.0901708690766
0.484375000,-0.578125000,-0.203426256009,-0.127141410005
0.500000000,-0.578125000,-0.261814845461,-0.163634278413
0.515625000,-0.578125000,-0.318970416635,-0.199356510397
0.531250000,-0.578125000,-0.374379391406,-0.233987119629
0.546875000,-0.578125000,-0.427481605624,-0.267176003515
0.562500000,-0.578125000,-0.477668815213,-0.298543009508
0.578125000,-0.578125000,-0.524283530725,-0.327677206703
0.593750000,-0.578125000,-0.566618267595,-0.354136417247
0.609375000,-0.578125000,-0.603915311036,-0.377447069398
0.625000000,-0.578125000,-0.635367117013,-0.397104448133
0.640625000,-0.578125000,-0.660117490625,-0.412573431640
0.656250000,-0.578125000,-0.677263709235,-0.423289818272
0.671875000,-0.578125000,-0.685859787812,-0.428662367383
0.687500000,-0.578125000,-0.684921122447,-0.428075701529
0.703125000,-0.578125000,-0.673430786913,-0.420894241820
0.718750000,-0.578125000,-0.650347812890,-0.406467383056
0.734375000,-0.578125000,-0.614617841757,-0.384136151098
0.750000000,-0.578125000,-0.565186610514,-0.353241631571
0.765625000,-0.578125000,-0.501016819802,-0.313135512376
0.781250000,-0.578125000,-0.421109036966,-0.263193148104
0.796875000,-0.578125000,-0.324527411245,-0.202829632028
0.812500000,-0.578125000,,
0.828125000,-0.578125000,,
0.843750000,-0.578125000,,
0.859375000,-0.578125000,,
0.875000000,-0.578125000,,
0.890625000,-0.578125000,,
0.906250000,-0.578125000,,
0.921875000,-0.578125000,,
0.937500000,-0.578125000,,
0.953125000,-0.578125000,,
0.968750000,-0.578125000,,
0.984375000,-0.578125000,,
1.000000000,-0.578125000,,
-1.000000000,-0.562500000,,
-0.984375000,-0.562500000,,
-0.968750000,-0.562500000,,
-0.953125000,-0.562500000,,
-0.937500000,-0.562500000,,
-0.921875000,-0.562500000,,
-0.906250000,-0.562500000,,
-0.890625000,-0.562500000,,
-0.875000000,-0.562500000,,
-0.859375000,-0.562500000,,
-0.843750000,-0.562500000,,
-0.828125000,-0.562500000,,
-0.812500000,-0.562500000,,
-0.796875000,-0.562500000,-0.388704880871,-0.242940550544
-0.781250000,-0.562500000,-0.482496285536,-0.301560178460
-0.765625000,-0.562500000,-0.559340771605,-0.349587982253
-0.750000000,-0.562500000,-0.620274480263,-0.387671550164
-0.734375000,-0.562500000,-0.666380000105,-0.416487500066
-0.718750000,-0.562500000,-0.698763126460,-0.436726954037
-0.703125000,-0.562500000,-0.718534074972,-0.449083796858
-0.687500000,-0.562500000,-0.726792425981,-0.454245266238
-0.671875000,-0.562500000,-0.724615193903,-0.452884496190
-0.656250000,-0.562500000,-0.713047510203,-0.445654693877
-0.640625000,-0.562500000,-0.693095492924,-0.433184683078
-0.625000000,-0.562500000,-0.665720937726,-0.416075586079
-0.609375000,-0.562500000,-0.631837527670,-0.394898454794
-0.593750000,-0.562500000,-0.592308302849,-0.370192689281
-0.578125000,-0.562500000,-0.547944171915,-0.342465107447
-0.562500000,-0.562500000,-0.499503283301,-0.312189552063
-0.546875000,-0.562500000,-0.447691097956,-0.279806936223
-0.531250000,-0.562500000,-0.393161035238,-0.245725647024
-0.515625000,-0.562500000,-0.336515578568,-0.210322236605
-0.500000000,-0.562500000,-0.278307748165,-0.173942342603
-0.484375000,-0.562500000,-0.219042861771,-0.136901788607
-0.468750000,-0.562500000,-0.159180516044,-0.0994878225273
-0.453125000,-0.562500000,-0.0991367323546,-0.0619604577216
-0.437500000,-0.562500000,-0.0392862205626,-0.0245538878517
-0.421875000,-0.562500000,0.0200352807191,0.0125220504494
-0.406250000,-0.562500000,0.0785286190380,0.0490803868987
-0.390625000,-0.562500000,0.135928827222,0.0849555170134
-0.375000000,-0.562500000,0.192002729216,0.120001705760
-0.359375000,-0.562500000,0.246546572625,0.154091607890
-0.343750000,-0.562500000,0.299383703651,0.187114814782
-0.328125000,-0.562500000,0.350362297031,0.218976435644
-0.312500000,-0.562500000,0.399353152792,0.249595720495
-0.296875000,-0.562500000,0.446247567544,0.278904729715
-0.281250000,-0.562500000,0.490955288114,0.306847055072
-0.265625000,-0.562500000,0.533402552511,0.333376595319
-0.250000000,-0.562500000,0.573530222993,0.358456389371
-0.234375000,-0.562500000,0.611292014549,0.382057509093
-0.218750000,-0.562500000,0.646652821055,0.404158013159
-0.203125000,-0.562500000,0.679587141838,0.424741963649
-0.187500000,-0.562500000,0.710077608449,0.443798505280
-0.171875000,-0.562500000,0.738113614365,0.461321008978
-0.156250000,-0.562500000,0.763690046627,0.477306279142
-0.140625000,-0.562500000,0.786806120781,0.491753825488
-0.125000000,-0.562500000,0.807464317503,0.504665198440
-0.109375000,-0.562500000,0.825669423291,0.516043389557
-0.093750000,-0.562500000,0.841427672607,0.525892295379
-0.078125000,-0.562500000,0.854745991819,0.534216244887
-0.062500000,-0.562500000,0.865631345951,0.541019591219
-0.046875000,-0.562500000,0.874090185601,0.546306366000
-0.031250000,-0.562500000,0.880127995704,0.550079997315
-0.015625000,-0.562500000,0.883748944484,0.552343090302
0.000000000,-0.562500000,0.884955632738,0.553097270462
0.015625000,-0.562500000,0.883748944484,0.552343090302
0.031250000,-0.562500000,0.880127995704,0.550079997315
0.046875000,-0.562500000,0.874090185601,0.546306366000
0.062500000,-0.562500000,0.865631345951,0.541019591219
0.078125000,-0.562500000,0.854745991819,0.534216244887
0.093750000,-0.562500000,0.841427672607,0.525892295379
0.109375000,-0.562500000,0.825669423291,0.516043389557
0.125000000,-0.562500000,0.807464317503,0.504665198440
0.140625000,-0.562500000,0.786806120781,0.491753825488
0.156250000,-0.562500000,0.763690046627,0.477306279142
0.171875000,-0.562500000,0.738113614365,0.461321008978
0.187500000,-0.562500000,0.710077608449,0.443798505280
0.203125000,-0.562500000,0.679587141838,0.424741963649
0.218750000,-0.562500000,0.646652821055,0.404158013159
0.234375000,-0.562500000,0.611292014549,0.382057509093
0.250000000,-0.562500000,0.573530222993,0.358456389371
0.265625000,-0.562500000,0.533402552511,0.333376595319
0.281250000,-0.562500000,0.490955288114,0.306847055072
0.296875000,-0.562500000,0.446247567544,0.278904729715
0.312500000,-0.562500000,0.399353152792,0.249595720495
0.328125000,-0.562500000,0.350362297031,0.218976435644
0.343750000,-0.562500000,0.299383703651,0.187114814782
0.359375000,-0.562500000,0.246546572625,0.154091607890
0.375000000,-0.562500000,0.192002729216,0.120001705760
0.390625000,-0.562500000,0.135928827222,0.0849555170134
0.406250000,-0.562500000,0.0785286190380,0.0490803868987
0.421875000,-0.562500000,0.0200352807191,0.0125220504494
0.437500000,-0.562500000,-0.0392862205626,-0.0245538878517
0.453125000,-0.562500000,-0.0991367323546,-0.0619604577216
0.468750000,-0.562500000,-0.159180516044,-0.0994878225273
0.484375000,-0.562500000,-0.219042861771,-0.136901788607
0.500000000,-0.562500000,-0.278307748165,-0.173942342603
0.515625000,-0.562500000,-0.336515578568,-0.210322236605
0.531250000,-0.562500000,-0.393161035238,-0.245725647024
0.546875000,-0.562500000,-0.447691097956,-0.279806936223
0.562500000,-0.562500000,-0.499503283301,-0.312189552063
0.578125000,-0.562500000,-0.547944171915,-0.342465107447
0.593750000,-0.562500000,-0.592308302849,-0.370192689281
0.609375000,-0.562500000,-0.631837527670,-0.394898454794
0.625000000,-0.562500000,-0.665720937726,-0.416075586079
0.640625000,-0.562500000,-0.693095492924,-0.433184683078
0.656250000,-0.562500000,-0.713047510203,-0.445654693877
0.671875000,-0.562500000,-0.724615193903,-0.452884496190
0.687500000,-0.562500000,-0.726792425981,-0.454245266238
0.703125000,-0.562500000,-0.718534074972,-0.449083796858
0.718750000,-0.562500000,-0.698763126460,-0.436726954037
0.734375000,-0.562500000,-0.666380000105,-0.416487500066
0.750000000,-0.562500000,-0.620274480263,-0.387671550164
0.765625000,-0.562500000,-0.559340771605,-0.349587982253
0.781250000,-0.562500000,-0.482496285536,-0.301560178460
0.796875000,-0.562500000,-0.388704880871,-0.242940550544
0.812500000,-0.562500000,,
0.828125000,-0.562500000,,
0.843750000,-0.562500000,,
0.859375000,-0.562500000,,
0.875000000,-0.562500000,,
0.890625000,-0.562500000,,
0.906250000,-0.562500000,,
0.921875000,-0.562500000,,
0.937500000,-0.562500000,,
0.953125000,-0.562500000,,
0.968750000,-0.562500000,,
0.984375000,-0.562500000,,
1.000000000,-0.562500000,,
-1.000000000,-0.546875000,,
-0.984375000,-0.546875000,,
-0.968750000,-0.546875000,,
-0.953125000,-0.546875000,,
-0.937500000,-0.546875000,,
-0.921875000,-0.546875000,,
-0.906250000,-0.546875000,,
-0.890625000,-0.546875000,,
-0.875000000,-0.546875000,,
-0.859375000,-0.546875000,,
-0.843750000,-0.546875000,,
-0.828125000,-0.546875000,,
-0.812500000,-0.546875000,-0.345359776799,-0.215849860499
-0.796875000,-0.546875000,-0.454303556286,-0.283939722679
-0.781250000,-0.546875000,-0.545028062876,-0.340642539297
-0.765625000,-0.546875000,-0.618601870268,-0.386626168917
-0.750000000,-0.546875000,-0.676150373104,-0.422593983190
-0.734375000,-0.546875000,-0.718829862361,-0.449268663975
-0.718750000,-0.546875000,-0.747806532996,-0.467379083123
-0.703125000,-0.546875000,-0.764239620317,-0.477649762698
-0.687500000,-0.546875000,-0.769267992767,-0.480792495480
-0.671875000,-0.546875000,-0.763999635449,-0.477499772156
-0.656250000,-0.546875000,-0.749503549225,-0.468439718266
-0.640625000,-0.546875000,-0.726803664928,-0.454252290580
-0.625000000,-0.546875000,-0.696874435843,-0.435546522402
-0.609375000,-0.546875000,-0.660637823775,-0.412898639859
-0.593750000,-0.546875000,-0.618961438859,-0.386850899287
-0.578125000,-0.546875000,-0.572657630361,-0.357911018976
-0.562500000,-0.546875000,-0.522483357371,-0.326552098357
-0.546875000,-0.546875000,-0.469140695747,-0.293212934842
-0.531250000,-0.546875000,-0.413277857164,-0.258298660728
-0.515625000,-0.546875000,-0.355490620290,-0.222181637681
-0.500000000,-0.546875000,-0.296324083306,-0.185202552067
-0.484375000,-0.546875000,-0.236274668979,-0.147671668112
-0.468750000,-0.546875000,-0.175792315991,-0.109870197494
-0.453125000,-0.546875000,-0.115282808071,-0.0720517550442
-0.437500000,-0.546875000,-0.0551101955617,-0.0344438722261
-0.421875000,-0.546875000,0.00440072736555,0.00275045460347
-0.406250000,-0.546875000,0.0629619187252,0.0393511992033
-0.390625000,-0.546875000,0.120319585364,0.0751997408522
-0.375000000,-0.546875000,0.176251700190,0.110157312619
-0.359375000,-0.546875000,0.230565558172,0.144103473857
-0.343750000,-0.546875000,0.283095384921,0.176934615576
-0.328125000,-0.546875000,0.333700010008,0.208562506255
-0.312500000,-0.546875000,0.382260614186,0.238912883866
-0.296875000,-0.546875000,0.428678559256,0.267924099535
-0.281250000,-0.546875000,0.472873304944,0.295545815590
-0.265625000,-0.546875000,0.514780419471,0.321737762170
-0.250000000,-0.546875000,0.554349685686,0.346468553554
-0.234375000,-0.546875000,0.591543307634,0.369714567271
-0.218750000,-0.546875000,0.626334217271,0.391458885794
-0.203125000,-0.546875000,0.658704484945,0.411690303091
-0.187500000,-0.546875000,0.688643832532,0.430402395333
-0.171875000,-0.546875000,0.716148251641,0.447592657276
-0.156250000,-0.546875000,0.741218725743,0.463261703590
-0.140625000,-0.546875000,0.763860056891,0.477412535557
-0.125000000,-0.546875000,0.784079796100,0.490049872563
-0.109375000,-0.546875000,0.801887278186,0.501179548866
-0.093750000,-0.546875000,0.817292759364,0.510807974603
-0.078125000,-0.546875000,0.830306658251,0.518941661407
-0.062500000,-0.546875000,0.840938898751,0.525586811719
-0.046875000,-0.546875000,0.849198355546,0.530748972216
-0.031250000,-0.546875000,0.855092400373,0.534432750233
-0.015625000,-0.546875000,0.858626550286,0.536641593929
0.000000000,-0.546875000,0.859804215672,0.537377634795
0.015625000,-0.546875000,0.858626550286,0.536641593929
0.031250000,-0.546875000,0.855092400373,0.534432750233
0.046875000,-0.546875000,0.849198355546,0.530748972216
0.062500000,-0.546875000,0.840938898751,0.525586811719
0.078125000,-0.546875000,0.830306658251,0.518941661407
0.093750000,-0.546875000,0.817292759364,0.510807974603
0.109375000,-0.546875000,0.801887278186,0.501179548866
0.125000000,-0.546875000,0.784079796100,0.490049872563
0.140625000,-0.546875000,0.763860056891,0.477412535557
0.156250000,-0.546875000,0.741218725743,0.463261703590
0.171875000,-0.546875000,0.716148251641,0.447592657276
0.187500000,-0.546875000,0.688643832532,0.430402395333
0.203125000,-0.546875000,0.658704484945,0.411690303091
0.218750000,-0.546875000,0.626334217271,0.391458885794
0.234375000,-0.546875000,0.591543307634,0.369714567271
0.250000000,-0.546875000,0.554349685686,0.346468553554
0.265625000,-0.546875000,0.514780419471,0.321737762170
0.281250000,-0.546875000,0.472873304944,0.295545815590
0.296875000,-0.546875000,0.428678559256,0.267924099535
0.312500000,-0.546875000,0.382260614186,0.238912883866
0.328125000,-0.546875000,0.333700010008,0.208562506255
0.343750000,-0.546875000,0.283095384921,0.176934615576
0.359375000,-0.546875000,0.230565558172,0.144103473857
0.375000000,-0.546875000,0.176251700190,0.110157312619
0.390625000,-0.546875000,0.120319585364,0.0751997408522
0.406250000,-0.546875000,0.0629619187252,0.0393511992033
0.421875000,-0.546875000,0.00440072736555,0.00275045460347
0.437500000,-0.546875000,-0.0551101955617,-0.0344438722261
0.453125000,-0.546875000,-0.115282808071,-0.0720517550442
0.468750000,-0.546875000,-0.175792315991,-0.109870197494
0.484375000,-0.546875000,-0.236274668979,-0.147671668112
0.500000000,-0.546875000,-0.296324083306,-0.185202552067
0.515625000,-0.546875000,-0.355490620290,-0.222181637681
0.531250000,-0.546875000,-0.413277857164,-0.258298660728
0.546875000,-0.546875000,-0.469140695747,-0.293212934842
0.562500000,-0.546875000,-0.522483357371,-0.326552098357
0.578125000,-0.546875000,-0.572657630361,-0.357911018976
0.593750000,-0.546875000,-0.618961438859,-0.386850899287
0.609375000,-0.546875000,-0.660637823775,-0.412898639859
0.625000000,-0.546875000,-0.696874435843,-0.435546522402
0.640625000,-0.546875000,-0.726803664928,-0.454252290580
0.656250000,-0.546875000,-0.749503549225,-0.468439718266
0.671875000,-0.546875000,-0.763999635449,-0.477499772156
0.687500000,-0.546875000,-0.769267992767,-0.480792495480
0.703125000,-0.546875000,-0.764239620317,-0.477649762698
0.718750000,-0.546875000,-0.747806532996,-0.467379083123
0.734375000,-0.546875000,-0.718829862361,-0.449268663975
0.750000000,-0.546875000,-0.676150373104,-0.422593983190
0.765625000,-0.546875000,-0.618601870268,-0.386626168917
0.781250000,-0.546875000,-0.545028062876,-0.340642539297
0.796875000,-0.546875000,-0.454303556286,-0.283939722679
0.812500000,-0.546875000,-0.345359776799,-0.215849860499
0.828125000,-0.546875000,,
0.843750000,-0.546875000,,
0.859375000,-0.546875000,,
0.875000000,-0.546875000,,
0.890625000,-0.546875000,,
0.906250000,-0.546875000,,
0.921875000,-0.546875000,,
0.937500000,-0.546875000,,
0.953125000,-0.546875000,,
0.968750000,-0.546875000,,
0.984375000,-0.546875000,,
1.000000000,-0.546875000,,
-1.000000000,-0.531250000,,
-0.984375000,-0.531250000,,
-0.968750000,-0.531250000,,
-0.953125000,-0.531250000,,
-0.937500000,-0.531250000,,
-0.921875000,-0.531250000,,
-0.906250000,-0.531250000,,
-0.890625000,-0.531250000,,
-0.875000000,-0.531250000,,
-0.859375000,-0.531250000,,
-0.843750000,-0.531250000,,
-0.828125000,-0.531250000,-0.289397855416,-0.180873659635
-0.812500000,-0.531250000,-0.414852924560,-0.259283077850
-0.796875000,-0.531250000,-0.520753520488,-0.325470950305
-0.781250000,-0.531250000,-0.608194943105,-0.380121839440
-0.765625000,-0.531250000,-0.678341789938,-0.423963618711
-0.750000000,-0.531250000,-0.732398946050,-0.457749341281
-0.734375000,-0.531250000,-0.771588052475,-0.482242532797
-0.718750000,-0.531250000,-0.797128559286,-0.498205349554
-0.703125000,-0.531250000,-0.810222613191,-0.506389133245
-0.687500000,-0.531250000,-0.812043151607,-0.507526969754
-0.671875000,-0.531250000,-0.803724675498,-0.502327922186
-0.656250000,-0.531250000,-0.786356257052,-0.491472660658
-0.640625000,-0.531250000,-0.760976407142,-0.475610254464
-0.625000000,-0.531250000,-0.728569490391,-0.455355931494
-0.609375000,-0.531250000,-0.690063420016,-0.431289637510
-0.593750000,-0.531250000,-0.646328409493,-0.403955255933
-0.578125000,-0.531250000,-0.598176592718,-0.373860370448
-0.562500000,-0.531250000,-0.546362351716,-0.341476469823
-0.546875000,-0.531250000,-0.491583219131,-0.307239511957
-0.531250000,-0.531250000,-0.434481239962,-0.271550774976
-0.515625000,-0.531250000,-0.375644698903,-0.234777936814
-0.500000000,-0.531250000,-0.315610130492,-0.197256331558
-0.484375000,-0.531250000,-0.254864545661,-0.159290341038
-0.468750000,-0.531250000,-0.193847816818,-0.121154885512
-0.453125000,-0.531250000,-0.132955173295,-0.0830969833094
-0.437500000,-0.531250000,-0.0725397679277,-0.0453373549548
-0.421875000,-0.531250000,-0.0129152794993,-0.00807204968706
-0.406250000,-0.531250000,0.0456414751137,0.0285259219461
-0.390625000,-0.531250000,0.102887943900,0.0643049649377
-0.375000000,-0.531250000,0.158613275932,0.0991332974577
-0.359375000,-0.531250000,0.212635807323,0.132897379577
-0.343750000,-0.531250000,0.264800609809,0.165500381131
-0.328125000,-0.531250000,0.314977112073,0.196860695045
-0.312500000,-0.531250000,0.363056802651,0.226910501657
-0.296875000,-0.531250000,0.408951021302,0.255594388314
-0.281250000,-0.531250000,0.452588843261,0.282868027038
-0.265625000,-0.531250000,0.493915061869,0.308696913668
-0.250000000,-0.531250000,0.532888270920,0.333055169325
-0.234375000,-0.531250000,0.569479050967,0.355924406854
-0.218750000,-0.531250000,0.603668258991,0.377292661869
-0.203125000,-0.531250000,0.635445423938,0.397153389961
-0.187500000,-0.531250000,0.664807248792,0.415504530495
-0.171875000,-0.531250000,0.691756217460,0.432347635913
-0.156250000,-0.531250000,0.716299309173,0.447687068233
-0.140625000,-0.531250000,0.738446817612,0.461529261007
-0.125000000,-0.531250000,0.758211276208,0.473882047630
-0.109375000,-0.531250000,0.775606487296,0.484754054560
-0.093750000,-0.531250000,0.790646656903,0.494154160564
-0.078125000,-0.531250000,0.803345631946,0.502091019966
-0.062500000,-0.531250000,0.813716240730,0.508572650456
-0.046875000,-0.531250000,0.821769736834,0.513606085521
-0.031250000,-0.531250000,0.827515343421,0.517197089638
-0.015625000,-0.531250000,0.830959900817,0.519349938010
0.000000000,-0.531250000,0.832107613784,0.520067258615
0.015625000,-0.531250000,0.830959900817,0.519349938010
0.031250000,-0.531250000,0.827515343421,0.517197089638
0.046875000,-0.531250000,0.821769736834,0.513606085521
0.062500000,-0.531250000,0.813716240730,0.508572650456
0.078125000,-0.531250000,0.803345631946,0.502091019966
0.093750000,-0.531250000,0.790646656903,0.494154160564
0.109375000,-0.531250000,0.775606487296,0.484754054560
0.125000000,-0.531250000,0.758211276208,0.473882047630
0.140625000,-0.531250000,0.738446817612,0.461529261007
0.156250000,-0.531250000,0.716299309173,0.447687068233
0.171875000,-0.531250000,0.691756217460,0.432347635913
0.187500000,-0.531250000,0.664807248792,0.415504530495
0.203125000,-0.531250000,0.635445423938,0.397153389961
0.218750000,-0.531250000,0.603668258991,0.377292661869
0.234375000,-0.531250000,0.569479050967,0.355924406854
0.250000000,-0.531250000,0.532888270920,0.333055169325
0.265625000,-0.531250000,0.493915061869,0.308696913668
0.281250000,-0.531250000,0.452588843261,0.282868027038
0.296875000,-0.531250000,0.408951021302,0.255594388314
0.312500000,-0.531250000,0.363056802651,0.226910501657
0.328125000,-0.531250000,0.314977112073,0.196860695045
0.343750000,-0.531250000,0.264800609809,0.165500381131
0.359375000,-0.531250000,0.212635807323,0.132897379577
0.375000000,-0.531250000,0.158613275932,0.0991332974577
0.390625000,-0.531250000,0.102887943900,0.0643049649377
0.406250000,-0.531250000,0.0456414751137,0.0285259219461
0.421875000,-0.531250000,-0.0129152794993,-0.00807204968706
0.437500000,-0.531250000,-0.0725397679277,-0.0453373549548
0.453125000,-0.531250000,-0.132955173295,-0.0830969833094
0.468750000,-0.531250000,-0.193847816818,-0.121154885512
0.484375000,-0.531250000,-0.254864545661,-0.159290341038
0.500000000,-0.531250000,-0.315610130492,-0.197256331558
0.515625000,-0.531250000,-0.375644698903,-0.234777936814
0.531250000,-0.531250000,-0.434481239962,-0.271550774976
0.546875000,-0.531250000,-0.491583219131,-0.307239511957
0.562500000,-0.531250000,-0.546362351716,-0.341476469823
0.578125000,-0.531250000,-0.598176592718,-0.373860370448
0.593750000,-0.531250000,-0.646328409493,-0.403955255933
0.609375000,-0.531250000,-0.690063420016,-0.431289637510
0.625000000,-0.531250000,-0.728569490391,-0.455355931494
0.640625000,-0.531250000,-0.760976407142,-0.475610254464
0.656250000,-0.531250000,-0.786356257052,-0.491472660658
0.671875000,-0.531250000,-0.803724675498,-0.502327922186
0.687500000,-0.531250000,-0.812043151607,-0.507526969754
0.703125000,-0.531250000,-0.810222613191,-0.506389133245
0.718750000,-0.531250000,-0.797128559286,-0.498205349554
0.734375000,-0.531250000,-0.771588052475,-0.482242532797
0.750000000,-0.531250000,-0.732398946050,-0.457749341281
0.765625000,-0.531250000,-0.678341789938,-0.423963618711
0.781250000,-0.531250000,-0.608194943105,-0.380121839440
0.796875000,-0.531250000,-0.520753520488,-0.325470950305
0.812500000,-0.531250000,-0.414852924560,-0.259283077850
0.828125000,-0.531250000,-0.289397855416,-0.180873659635
0.843750000,-0.531250000,,
0.859375000,-0.531250000,,
0.875000000,-0.531250000,,
0.890625000,-0.531250000,,
0.906250000,-0.531250000,,
0.921875000,-0.531250000,,
0.937500000,-0.531250000,,
0.953125000,-0.531250000,,
0.968750000,-0.531250000,,
0.984375000,-0.531250000,,
1.000000000,-0.531250000,,
-1.000000000,-0.515625000,,
-0.984375000,-0.515625000,,
-0.968750000,-0.515625000,,
-0.953125000,-0.515625000,,
-0.937500000,-0.515625000,,
-0.921875000,-0.515625000,,
-0.906250000,-0.515625000,,
-0.890625000,-0.515625000,,
-0.875000000,-0.515625000,,
-0.859375000,-0.515625000,,
-0.843750000,-0.515625000,,
-0.828125000,-0.515625000,-0.362439376688,-0.226524610430
-0.812500000,-0.515625000,-0.484907221319,-0.303067013324
-0.796875000,-0.515625000,-0.587538957135,-0.367211848210
-0.781250000,-0.515625000,-0.671533410496,-0.419708381560
-0.765625000,-0.515625000,-0.738141088408,-0.461338180255
-0.750000000,-0.515625000,-0.788637722567,-0.492898576605
-0.734375000,-0.515625000,-0.824302918442,-0.515189324026
-0.718750000,-0.515625000,-0.846403072937,-0.529001920586
-0.703125000,-0.515625000,-0.856177859903,-0.535111162439
-0.687500000,-0.515625000,-0.854829694144,-0.534268558840
-0.671875000,-0.515625000,-0.843515682103,-0.527197301314
-0.656250000,-0.515625000,-0.823341641464,-0.514588525915
-0.640625000,-0.515625000,-0.795357841125,-0.497098650703
-0.625000000,-0.515625000,-0.760556167410,-0.475347604631
-0.609375000,-0.515625000,-0.719868468004,-0.449917792503
-0.593750000,-0.515625000,-0.674165863655,-0.421353664784
-0.578125000,-0.515625000,-0.624258852252,-0.390161782657
-0.562500000,-0.515625000,-0.570898055713,-0.356811284820
-0.546875000,-0.515625000,-0.514775484573,-0.321734677858
-0.531250000,-0.515625000,-0.456526213860,-0.285328883663
-0.515625000,-0.515625000,-0.396730381604,-0.247956488502
-0.500000000,-0.515625000,-0.335915435121,-0.209947146951
-0.484375000,-0.515625000,-0.274558561029,-0.171599100643
-0.468750000,-0.515625000,-0.213089247197,-0.133180779498
-0.453125000,-0.515625000,-0.151891931495,-0.0949324571841
-0.437500000,-0.515625000,-0.0913087001854,-0.0570679376158
-0.421875000,-0.515625000,-0.0316420060699,-0.0197762537937
-0.406250000,-0.515625000,0.0268426209963,0.0167766381227
-0.390625000,-0.515625000,0.0839138907031,0.0524461816894
-0.375000000,-0.515625000,0.139372114791,0.0871075717441
-0.359375000,-0.515625000,0.193046629138,0.120654143211
-0.343750000,-0.515625000,0.244793287076,0.152995804423
-0.328125000,-0.515625000,0.294492033876,0.184057521173
-0.312500000,-0.515625000,0.342044568652,0.213777855408
-0.296875000,-0.515625000,0.387372101038,0.242107563149
-0.281250000,-0.515625000,0.430413206182,0.269008253864
-0.265625000,-0.515625000,0.471121781342,0.294451113339
-0.250000000,-0.515625000,0.509465107435,0.318415692147
-0.234375000,-0.515625000,0.545422016532,0.340888760332
-0.218750000,-0.515625000,0.578981166605,0.361863229128
-0.203125000,-0.515625000,0.610139424124,0.381337140078
-0.187500000,-0.515625000,0.638900354653,0.399312721658
-0.171875000,-0.515625000,0.665272821842,0.415795513651
-0.156250000,-0.515625000,0.689269693288,0.430793558305
-0.140625000,-0.515625000,0.710906654210,0.444316658881
-0.125000000,-0.515625000,0.730201127457,0.456375704661
-0.109375000,-0.515625000,0.747171298744,0.466982061715
-0.093750000,-0.515625000,0.761835247765,0.476147029853
-0.078125000,-0.515625000,0.774210183061,0.483881364413
-0.062500000,-0.515625000,0.784311780643,0.490194862902
-0.046875000,-0.515625000,0.792153625437,0.495096015898
-0.031250000,-0.515625000,0.797746755760,0.498591722350
-0.015625000,-0.515625000,0.801099308407,0.500687067754
0.000000000,-0.515625000,0.802216266695,0.501385166684
0.015625000,-0.515625000,0.801099308407,0.500687067754
0.031250000,-0.515625000,0.797746755760,0.498591722350
0.046875000,-0.515625000,0.792153625437,0.495096015898
0.062500000,-0.515625000,0.784311780643,0.490194862902
0.078125000,-0.515625000,0.774210183061,0.483881364413
0.093750000,-0.515625000,0.761835247765,0.476147029853
0.109375000,-0.515625000,0.747171298744,0.466982061715
0.125000000,-0.515625000,0.730201127457,0.456375704661
0.140625000,-0.515625000,0.710906654210,0.444316658881
0.156250000,-0.515625000,0.689269693288,0.430793558305
0.171875000,-0.515625000,0.665272821842,0.415795513651
0.187500000,-0.515625000,0.638900354653,0.399312721658
0.203125000,-0.515625000,0.610139424124,0.381337140078
0.218750000,-0.515625000,0.578981166605,0.361863229128
0.234375000,-0.515625000,0.545422016532,0.340888760332
0.250000000,-0.515625000,0.509465107435,0.318415692147
0.265625000,-0.515625000,0.471121781342,0.294451113339
0.281250000,-0.515625000,0.430413206182,0.269008253864
0.296875000,-0.515625000,0.387372101038,0.242107563149
0.312500000,-0.515625000,0.342044568652,0.213777855408
0.328125000,-0.515625000,0.294492033876,0.184057521173
0.343750000,-0.515625000,0.244793287076,0.152995804423
0.359375000,-0.515625000,0.193046629138,0.120654143211
0.375000000,-0.515625000,0.139372114791,0.0871075717441
0.390625000,-0.515625000,0.0839138907031,0.0524461816894
0.406250000,-0.515625000,0.0268426209963,0.0167766381227
0.421875000,-0.515625000,-0.0316420060699,-0.0197762537937
0.437500000,-0.515625000,-0.0913087001854,-0.0570679376158
0.453125000,-0.515625000,-0.151891931495,-0.0949324571841
0.468750000,-0.515625000,-0.213089247197,-0.133180779498
0.484375000,-0.515625000,-0.274558561029,-0.171599100643
0.500000000,-0.515625000,-0.335915435121,-0.209947146951
0.515625000,-0.515625000,-0.396730381604,-0.247956488502
0.531250000,-0.515625000,-0.456526213860,-0.285328883663
0.546875000,-0.515625000,-0.514775484573,-0.321734677858
0.562500000,-0.515625000,-0.570898055713,-0.356811284820
0.578125000,-0.515625000,-0.624258852252,-0.390161782657
0.593750000,-0.515625000,-0.674165863655,-0.421353664784
0.609375000,-0.515625000,-0.719868468004,-0.449917792503
0.625000000,-0.515625000,-0.760556167410,-0.475347604631
0.640625000,-0.515625000,-0.795357841125,-0.497098650703
0.656250000,-0.515625000,-0.823341641464,-0.514588525915
0.671875000,-0.515625000,-0.843515682103,-0.527197301314
0.687500000,-0.515625000,-0.854829694144,-0.534268558840
0.703125000,-0.515625000,-0.856177859903,-0.535111162439
0.718750000,-0.515625000,-0.846403072937,-0.529001920586
0.734375000,-0.515625000,-0.824302918442,-0.515189324026
0.750000000,-0.515625000,-0.788637722567,-0.492898576605
0.765625000,-0.515625000,-0.738141088408,-0.461338180255
0.781250000,-0.515625000,-0.671533410496,-0.419708381560
0.796875000,-0.515625000,-0.587538957135,-0.367211848210
0.812500000,-0.515625000,-0.484907221319,-0.303067013324
0.828125000,-0.515625000,-0.362439376688,-0.226524610430
0.843750000,-0.515625000,,
0.859375000,-0.515625000,,
0.875000000,-0.515625000,,
0.890625000,-0.515625000,,
0.906250000,-0.515625000,,
0.921875000,-0.515625000,,
0.937500000,-0.515625000,,
0.953125000,-0.515625000,,
0.968750000,-0.515625000,,
0.984375000,-0.515625000,,
1.000000000,-0.515625000,,
-1.000000000,-0.500000000,,
-0.984375000,-0.500000000,,
-0.968750000,-0.500000000,,
-0.953125000,-0.500000000,,
-0.937500000,-0.500000000,,
-0.921875000,-0.500000000,,
-0.906250000,-0.500000000,,
-0.890625000,-0.500000000,,
-0.875000000,-0.500000000,,
-0.859375000,-0.500000000,,
-0.843750000,-0.500000000,-0.295230527250,-0.184519079531
-0.828125000,-0.500000000,-0.435755521361,-0.272347200850
-0.812500000,-0.500000000,-0.555000298217,-0.346875186386
-0.796875000,-0.500000000,-0.654191266486,-0.408869541554
-0.781250000,-0.500000000,-0.734620267599,-0.459137667250
-0.765625000,-0.500000000,-0.797614745256,-0.498509215785
-0.750000000,-0.500000000,-0.844513618901,-0.527821011813
-0.734375000,-0.500000000,-0.876647923195,-0.547904951997
-0.718750000,-0.500000000,-0.895325429447,-0.559578393404
-0.703125000,-0.500000000,-0.901818590858,-0.563636619286
-0.687500000,-0.500000000,-0.897355260253,-0.560847037658
-0.671875000,-0.500000000,-0.883111717227,-0.551944823267
-0.656250000,-0.500000000,-0.860207614632,-0.537629759145
-0.640625000,-0.500000000,-0.829702517949,-0.518564073718
-0.625000000,-0.500000000,-0.792593759569,-0.495371099731
-0.609375000,-0.500000000,-0.749815377243,-0.468634610777
-0.593750000,-0.500000000,-0.702237940118,-0.438898712574
-0.578125000,-0.500000000,-0.650669096265,-0.406668185166
-0.562500000,-0.500000000,-0.595854704681,-0.372409190426
-0.546875000,-0.500000000,-0.538480431900,-0.336550269937
-0.531250000,-0.500000000,-0.479173716396,-0.299483572747
-0.515625000,-0.500000000,-0.418506016669,-0.261566260418
-0.500000000,-0.500000000,-0.356995273456,-0.223122045910
-0.484375000,-0.500000000,-0.295108527697,-0.184442829810
-0.468750000,-0.500000000,-0.233264644313,-0.145790402695
-0.453125000,-0.500000000,-0.171837101569,-0.107398188480
-0.437500000,-0.500000000,-0.111156811948,-0.0694730074677
-0.421875000,-0.500000000,-0.0515149444585,-0.0321968402866
-0.406250000,-0.500000000,0.00683427304135,0.00427142065085
-0.390625000,-0.500000000,0.0636707916221,0.0397942447638
-0.375000000,-0.500000000,0.118806036507,0.0742537728167
-0.359375000,-0.500000000,0.172080270078,0.107550168799
-0.343750000,-0.500000000,0.223360035611,0.139600022257
-0.328125000,-0.500000000,0.272535687466,0.170334804666
-0.312500000,-0.500000000,0.319519017146,0.199699385716
-0.296875000,-0.500000000,0.364240977400,0.227650610875
-0.281250000,-0.500000000,0.406649510657,0.254155944160
-0.265625000,-0.500000000,0.446707482704,0.279192176690
-0.250000000,-0.500000000,0.484390724636,0.302744202897
-0.234375000,-0.500000000,0.519686184072,0.324803865045
-0.218750000,-0.500000000,0.552590185808,0.345368866130
-0.203125000,-0.500000000,0.583106803321,0.364441752076
-0.187500000,-0.500000000,0.611246339368,0.382028962105
-0.171875000,-0.500000000,0.637023917331,0.398139948332
-0.156250000,-0.500000000,0.660458180328,0.412786362705
-0.140625000,-0.500000000,0.681570099524,0.425981312202
-0.125000000,-0.500000000,0.700381889923,0.437738681202
-0.109375000,-0.500000000,0.716916031908,0.448072519942
-0.093750000,-0.500000000,0.731194399890,0.456996499931
-0.078125000,-0.500000000,0.743237494634,0.464523434146
-0.062500000,-0.500000000,0.753063780166,0.470664862604
-0.046875000,-0.500000000,0.760689124528,0.475430702830
-0.031250000,-0.500000000,0.766126342165,0.478828963853
-0.015625000,-0.500000000,0.769384839382,0.480865524613
0.000000000,-0.500000000,0.770470361220,0.481543975763
0.015625000,-0.500000000,0.769384839382,0.480865524613
0.031250000,-0.500000000,0.766126342165,0.478828963853
0.046875000,-0.500000000,0.760689124528,0.475430702830
0.062500000,-0.500000000,0.753063780166,0.470664862604
0.078125000,-0.500000000,0.743237494634,0.464523434146
0.093750000,-0.500000000,0.731194399890,0.456996499931
0.109375000,-0.500000000,0.716916031908,0.448072519942
0.125000000,-0.500000000,0.700381889923,0.437738681202
0.140625000,-0.500000000,0.681570099524,0.425981312202
0.156250000,-0.500000000,0.660458180328,0.412786362705
0.171875000,-0.500000000,0.637023917331,0.398139948332
0.187500000,-0.500000000,0.611246339368,0.382028962105
0.203125000,-0.500000000,0.583106803321,0.364441752076
0.218750000,-0.500000000,0.552590185808,0.345368866130
0.234375000,-0.500000000,0.519686184072,0.324803865045
0.250000000,-0.500000000,0.484390724636,0.302744202897
0.265625000,-0.500000000,0.446707482704,0.279192176690
0.281250000,-0.500000000,0.406649510657,0.254155944160
0.296875000,-0.500000000,0.364240977400,0.227650610875
0.312500000,-0.500000000,0.319519017146,0.199699385716
0.328125000,-0.500000000,0.272535687466,0.170334804666
0.343750000,-0.500000000,0.223360035611,0.139600022257
0.359375000,-0.500000000,0.172080270078,0.107550168799
0.375000000,-0.500000000,0.118806036507,0.0742537728167
0.390625000,-0.500000000,0.0636707916221,0.0397942447638
0.406250000,-0.500000000,0.00683427304135,0.00427142065085
0.421875000,-0.500000000,-0.0515149444585,-0.0321968402866
0.437500000,-0.500000000,-0.111156811948,-0.0694730074677
0.453125000,-0.500000000,-0.171837101569,-0.107398188480
0.468750000,-0.500000000,-0.233264644313,-0.145790402695
0.484375000,-0.500000000,-0.295108527697,-0.184442829810
0.500000000,-0.500000000,-0.356995273456,-0.223122045910
0.515625000,-0.500000000,-0.418506016669,-0.261566260418
0.531250000,-0.500000000,-0.479173716396,-0.299483572747
0.546875000,-0.500000000,-0.538480431900,-0.336550269937
0.562500000,-0.500000000,-0.595854704681,-0.372409190426
0.578125000,-0.500000000,-0.650669096265,-0.406668185166
0.593750000,-0.500000000,-0.702237940118,-0.438898712574
0.609375000,-0.500000000,-0.749815377243,-0.468634610777
0.625000000,-0.500000000,-0.792593759569,-0.495371099731
0.640625000,-0.500000000,-0.829702517949,-0.518564073718
0.656250000,-0.500000000,-0.860207614632,-0.537629759145
0.671875000,-0.500000000,-0.883111717227,-0.551944823267
0.687500000,-0.500000000,-0.897355260253,-0.560847037658
0.703125000,-0.500000000,-0.901818590858,-0.563636619286
0.718750000,-0.500000000,-0.895325429447,-0.559578393404
0.734375000,-0.500000000,-0.876647923195,-0.547904951997
0.750000000,-0.500000000,-0.844513618901,-0.527821011813
0.765625000,-0.500000000,-0.797614745256,-0.498509215785
0.781250000,-0.500000000,-0.734620267599,-0.459137667250
0.796875000,-0.500000000,-0.654191266486,-0.408869541554
0.812500000,-0.500000000,-0.555000298217,-0.346875186386
0.828125000,-0.500000000,-0.435755521361,-0.272347200850
0.843750000,-0.500000000,-0.295230527250,-0.184519079531
0.859375000,-0.500000000,,
0.875000000,-0.500000000,,
0.890625000,-0.500000000,,
0.906250000,-0.500000000,,
0.921875000,-0.500000000,,
0.937500000,-0.500000000,,
0.953125000,-0.500000000,,
0.968750000,-0.500000000,,
0.984375000,-0.500000000,,
1.000000000,-0.500000000,,
-1.000000000,-0.484375000,,
-0.984375000,-0.484375000,,
-0.968750000,-0.484375000,,
-0.953125000,-0.484375000,,
-0.937500000,-0.484375000,,
-0.921875000,-0.484375000,,
-0.906250000,-0.484375000,,
-0.890625000,-0.484375000,,
-0.875000000,-0.484375000,,
-0.859375000,-0.484375000,,
-0.843750000,-0.484375000,-0.371432243714,-0.232145152321
-0.828125000,-0.484375000,-0.508816997118,-0.318010623199
-0.812500000,-0.484375000,-0.624658364818,-0.390411478012
-0.796875000,-0.484375000,-0.720283624118,-0.450177265074
-0.781250000,-0.484375000,-0.797068288005,-0.498167680003
-0.765625000,-0.484375000,-0.856408769667,-0.535255481042
-0.750000000,-0.484375000,-0.899700384841,-0.562312740526
-0.734375000,-0.484375000,-0.928319812017,-0.580199882510
-0.718750000,-0.484375000,-0.943611272563,-0.589757045352
-0.703125000,-0.484375000,-0.946875812555,-0.591797382847
-0.687500000,-0.484375000,-0.939363168859,-0.587101980537
-0.671875000,-0.484375000,-0.922265783513,-0.576416114696
-0.656250000,-0.484375000,-0.896714600676,-0.560446625423
-0.640625000,-0.484375000,-0.863776338070,-0.539860211294
-0.625000000,-0.484375000,-0.824451974609,-0.515282484131
-0.609375000,-0.484375000,-0.779676234286,-0.487297646429
-0.593750000,-0.484375000,-0.730317884326,-0.456448677704
-0.578125000,-0.484375000,-0.677180691723,-0.423237932327
-0.562500000,-0.484375000,-0.621004907986,-0.388128067491
-0.546875000,-0.484375000,-0.562469172239,-0.351543232649
-0.531250000,-0.484375000,-0.502192740651,-0.313870462907
-0.515625000,-0.484375000,-0.440737964316,-0.275461227697
-0.500000000,-0.484375000,-0.378612950682,-0.236633094176
-0.484375000,-0.484375000,-0.316274353589,-0.197671470993
-0.468750000,-0.484375000,-0.254130247181,-0.158831404488
-0.453125000,-0.484375000,-0.192543044369,-0.120339402731
-0.437500000,-0.484375000,-0.131832429298,-0.0823952683111
-0.421875000,-0.484375000,-0.0722782776575,-0.0451739235359
-0.406250000,-0.484375000,-0.0141235420861,-0.00882721380384
-0.390625000,-0.484375000,0.0424229136181,0.0265143210113
-0.375000000,-0.484375000,0.0971835463001,0.0607397164376
-0.359375000,-0.484375000,0.150009443909,0.0937559024433
-0.343750000,-0.484375000,0.200777722083,0.125486076302
-0.328125000,-0.484375000,0.249389015768,0.155868134855
-0.312500000,-0.484375000,0.295765070583,0.184853169115
-0.296875000,-0.484375000,0.339846438570,0.212404024106
-0.281250000,-0.484375000,0.381590281878,0.238493926174
-0.265625000,-0.484375000,0.420968285682,0.263105178551
-0.250000000,-0.484375000,0.457964682348,0.286227926468
-0.234375000,-0.484375000,0.492574388230,0.307858992644
-0.218750000,-0.484375000,0.524801251754,0.328000782346
-0.203125000,-0.484375000,0.554656414447,0.346660259030
-0.187500000,-0.484375000,0.582156783441,0.363847989650
-0.171875000,-0.484375000,0.607323615298,0.379577259562
-0.156250000,-0.484375000,0.630181209867,0.393863256167
-0.140625000,-0.484375000,0.650755713683,0.406722321052
-0.125000000,-0.484375000,0.669074032075,0.418171270047
-0.109375000,-0.484375000,0.685162848042,0.428226780026
-0.093750000,-0.484375000,0.699047747872,0.436904842420
-0.078125000,-0.484375000,0.710752452327,0.444220282704
-0.062500000,-0.484375000,0.720298152195,0.450186345122
-0.046875000,-0.484375000,0.727702947228,0.454814342017
-0.031250000,-0.484375000,0.732981388812,0.458113368007
-0.015625000,-0.484375000,0.736159880101,0.460099925063
0.000000000,-0.484375000,0.737224165033,0.460765103145
0.015625000,-0.484375000,0.736159880101,0.460099925063
0.031250000,-0.484375000,0.732981388812,0.458113368007
0.046875000,-0.484375000,0.727702947228,0.454814342017
0.062500000,-0.484375000,0.720298152195,0.450186345122
0.078125000,-0.484375000,0.710752452327,0.444220282704
0.093750000,-0.484375000,0.699047747872,0.436904842420
0.109375000,-0.484375000,0.685162848042,0.428226780026
0.125000000,-0.484375000,0.669074032075,0.418171270047
0.140625000,-0.484375000,0.650755713683,0.406722321052
0.156250000,-0.484375000,0.630181209867,0.393863256167
0.171875000,-0.484375000,0.607323615298,0.379577259562
0.187500000,-0.484375000,0.582156783441,0.363847989650
0.203125000,-0.484375000,0.554656414447,0.346660259030
0.218750000,-0.484375000,0.524801251754,0.328000782346
0.234375000,-0.484375000,0.492574388230,0.307858992644
0.250000000,-0.484375000,0.457964682348,0.286227926468
0.265625000,-0.484375000,0.420968285682,0.263105178551
0.281250000,-0.484375000,0.381590281878,0.238493926174
0.296875000,-0.484375000,0.339846438570,0.212404024106
0.312500000,-0.484375000,0.295765070583,0.184853169115
0.328125000,-0.484375000,0.249389015768,0.155868134855
0.343750000,-0.484375000,0.200777722083,0.125486076302
0.359375000,-0.484375000,0.150009443909,0.0937559024433
0.375000000,-0.484375000,0.0971835463001,0.0607397164376
0.390625000,-0.484375000,0.0424229136181,0.0265143210113
0.406250000,-0.484375000,-0.0141235420861,-0.00882721380384
0.421875000,-0.484375000,-0.0722782776575,-0.0451739235359
0.437500000,-0.484375000,-0.131832429298,-0.0823952683111
0.453125000,-0.484375000,-0.192543044369,-0.120339402731
0.468750000,-0.484375000,-0.254130247181,-0.158831404488
0.484375000,-0.484375000,-0.316274353589,-0.197671470993
0.500000000,-0.484375000,-0.378612950682,-0.236633094176
0.515625000,-0.484375000,-0.440737964316,-0.275461227697
0.531250000,-0.484375000,-0.502192740651,-0.313870462907
0.546875000,-0.484375000,-0.562469172239,-0.351543232649
0.562500000,-0.484375000,-0.621004907986,-0.388128067491
0.578125000,-0.484375000,-0.677180691723,-0.423237932327
0.593750000,-0.484375000,-0.730317884326,-0.456448677704
0.609375000,-0.484375000,-0.779676234286,-0.487297646429
0.625000000,-0.484375000,-0.824451974609,-0.515282484131
0.640625000,-0.484375000,-0.863776338070,-0.539860211294
0.656250000,-0.484375000,-0.896714600676,-0.560446625423
0.671875000,-0.484375000,-0.922265783513,-0.576416114696
0.687500000,-0.484375000,-0.939363168859,-0.587101980537
0.703125000,-0.484375000,-0.946875812555,-0.591797382847
0.718750000,-0.484375000,-0.943611272563,-0.589757045352
0.734375000,-0.484375000,-0.928319812017,-0.580199882510
0.750000000,-0.484375000,-0.899700384841,-0.562312740526
0.765625000,-0.484375000,-0.856408769667,-0.535255481042
0.781250000,-0.484375000,-0.797068288005,-0.498167680003
0.796875000,-0.484375000,-0.720283624118,-0.450177265074
0.812500000,-0.484375000,-0.624658364818,-0.390411478012
0.828125000,-0.484375000,-0.508816997118,-0.318010623199
0.843750000,-0.484375000,-0.371432243714,-0.232145152321
0.859375000,-0.484375000,,
0.875000000,-0.484375000,,
0.890625000,-0.484375000,,
0.906250000,-0.484375000,,
0.921875000,-0.484375000,,
0.937500000,-0.484375000,,
0.953125000,-0.484375000,,
0.968750000,-0.484375000,,
0.984375000,-0.484375000,,
1.000000000,-0.484375000,,
-1.000000000,-0.468750000,,
-0.984375000,-0.468750000,,
-0.968750000,-0.468750000,,
-0.953125000,-0.468750000,,
-0.937500000,-0.468750000,,
-0.921875000,-0.468750000,,
-0.906250000,-0.468750000,,
-0.890625000,-0.468750000,,
-0.875000000,-0.468750000,,
-0.859375000,-0.468750000,-0.289930074650,-0.181206296656
-0.843750000,-0.468750000,-0.447089169677,-0.279430731048
-0.828125000,-0.468750000,-0.581144482950,-0.363215301844
-0.812500000,-0.468750000,-0.693450864240,-0.433406790150
-0.796875000,-0.468750000,-0.785426699519,-0.490891687200
-0.781250000,-0.468750000,-0.858522860058,-0.536576787536
-0.765625000,-0.468750000,-0.914197648870,-0.571373530544
-0.750000000,-0.468750000,-0.953896752961,-0.596185470601
-0.734375000,-0.468750000,-0.979037370787,-0.611898356742
-0.718750000,-0.468750000,-0.990995821273,-0.619372388296
-0.703125000,-0.468750000,-0.991098051997,-0.619436282498
-0.687500000,-0.468750000,-0.980612559413,-0.612882849633
-0.671875000,-0.468750000,-0.960745309024,-0.600465818140
-0.656250000,-0.468750000,-0.932636314828,-0.582897696768
-0.640625000,-0.468750000,-0.897357583612,-0.560848489758
-0.625000000,-0.468750000,-0.855912184528,-0.534945115330
-0.609375000,-0.468750000,-0.809234235917,-0.505771397448
-0.593750000,-0.468750000,-0.758189637907,-0.473868523692
-0.578125000,-0.468750000,-0.703577405524,-0.439735878453
-0.562500000,-0.468750000,-0.646131478557,-0.403832174098
-0.546875000,-0.468750000,-0.586522907622,-0.366576817264
-0.531250000,-0.468750000,-0.525362327859,-0.328351454912
-0.515625000,-0.468750000,-0.463202648389,-0.289501655243
-0.500000000,-0.468750000,-0.400541897874,-0.250338686171
-0.484375000,-0.468750000,-0.337826173954,-0.211141358721
-0.468750000,-0.468750000,-0.275452654327,-0.172157908955
-0.453125000,-0.468750000,-0.213772635272,-0.133607897045
-0.437500000,-0.468750000,-0.153094567676,-0.0956841047975
-0.421875000,-0.468750000,-0.0936870660040,-0.0585544162525
-0.406250000,-0.468750000,-0.0357818714639,-0.0223636696650
-0.390625000,-0.468750000,0.0204232469497,0.0127645293436
-0.375000000,-0.468750000,0.0747616677439,0.0467260423399
-0.359375000,-0.468750000,0.127095176801,0.0794344855008
-0.343750000,-0.468750000,0.177311322742,0.110819576714
-0.328125000,-0.468750000,0.225320871581,0.140825544738
-0.312500000,-0.468750000,0.271055367087,0.169409604430
-0.296875000,-0.468750000,0.314464800758,0.196540500474
-0.281250000,-0.468750000,0.355515392492,0.222197120307
-0.265625000,-0.468750000,0.394187484979,0.246367178112
-0.250000000,-0.468750000,0.430473551969,0.269045969981
-0.234375000,-0.468750000,0.464376321285,0.290235200803
-0.218750000,-0.468750000,0.495907012611,0.309941882882
-0.203125000,-0.468750000,0.525083688659,0.328177305412
-0.187500000,-0.468750000,0.551929720730,0.344956075456
-0.171875000,-0.468750000,0.576472365726,0.360295228579
-0.156250000,-0.468750000,0.598741455681,0.374213409801
-0.140625000,-0.468750000,0.618768196781,0.386730122988
-0.125000000,-0.468750000,0.636584078443,0.397865049027
-0.109375000,-0.468750000,0.652219889902,0.407637431189
-0.093750000,-0.468750000,0.665704843678,0.416065527299
-0.078125000,-0.468750000,0.677065805490,0.423166128431
-0.062500000,-0.468750000,0.686470522117,0.429044076323
-0.046875000,-0.468750000,0.693490437221,0.433431523263
-0.031250000,-0.468750000,0.698656645625,0.436660403515
-0.015625000,-0.468750000,0.701742695131,0.438589184457
0.000000000,-0.468750000,0.702769094337,0.439230683961
0.015625000,-0.468750000,0.701742695131,0.438589184457
0.031250000,-0.468750000,0.698656645625,0.436660403515
0.046875000,-0.468750000,0.693490437221,0.433431523263
0.062500000,-0.468750000,0.686470522117,0.429044076323
0.078125000,-0.468750000,0.677065805490,0.423166128431
0.093750000,-0.468750000,0.665704843678,0.416065527299
0.109375000,-0.468750000,0.652219889902,0.407637431189
0.125000000,-0.468750000,0.636584078443,0.397865049027
0.140625000,-0.468750000,0.618768196781,0.386730122988
0.156250000,-0.468750000,0.598741455681,0.374213409801
0.171875000,-0.468750000,0.576472365726,0.360295228579
0.187500000,-0.468750000,0.551929720730,0.344956075456
0.203125000,-0.468750000,0.525083688659,0.328177305412
0.218750000,-0.468750000,0.495907012611,0.309941882882
0.234375000,-0.468750000,0.464376321285,0.290235200803
0.250000000,-0.468750000,0.430473551969,0.269045969981
0.265625000,-0.468750000,0.394187484979,0.246367178112
0.281250000,-0.468750000,0.355515392492,0.222197120307
0.296875000,-0.468750000,0.314464800758,0.196540500474
0.312500000,-0.468750000,0.271055367087,0.169409604430
0.328125000,-0.468750000,0.225320871581,0.140825544738
0.343750000,-0.468750000,0.177311322742,0.110819576714
0.359375000,-0.468750000,0.127095176801,0.0794344855008
0.375000000,-0.468750000,0.0747616677439,0.0467260423399
0.390625000,-0.468750000,0.0204232469497,0.0127645293436
0.406250000,-0.468750000,-0.0357818714639,-0.0223636696650
0.421875000,-0.468750000,-0.0936870660040,-0.0585544162525
0.437500000,-0.468750000,-0.153094567676,-0.0956841047975
0.453125000,-0.468750000,-0.213772635272,-0.133607897045
0.468750000,-0.468750000,-0.275452654327,-0.172157908955
0.484375000,-0.468750000,-0.337826173954,-0.211141358721
0.500000000,-0.468750000,-0.400541897874,-0.250338686171
0.515625000,-0.468750000,-0.463202648389,-0.289501655243
0.531250000,-0.468750000,-0.525362327859,-0.328351454912
0.546875000,-0.468750000,-0.586522907622,-0.366576817264
0.562500000,-0.468750000,-0.646131478557,-0.403832174098
0.578125000,-0.468750000,-0.703577405524,-0.439735878453
0.593750000,-0.468750000,-0.758189637907,-0.473868523692
0.609375000,-0.468750000,-0.809234235917,-0.505771397448
0.625000000,-0.468750000,-0.855912184528,-0.534945115330
0.640625000,-0.468750000,-0.897357583612,-0.560848489758
0.656250000,-0.468750000,-0.932636314828,-0.582897696768
0.671875000,-0.468750000,-0.960745309024,-0.600465818140
0.687500000,-0.468750000,-0.980612559413,-0.612882849633
0.703125000,-0.468750000,-0.991098051997,-0.619436282498
0.718750000,-0.468750000,-0.990995821273,-0.619372388296
0.734375000,-0.468750000,-0.979037370787,-0.611898356742
0.750000000,-0.468750000,-0.953896752961,-0.596185470601
0.765625000,-0.468750000,-0.914197648870,-0.571373530544
0.781250000,-0.468750000,-0.858522860058,-0.536576787536
0.796875000,-0.468750000,-0.785426699519,-0.490891687200
0.812500000,-0.468750000,-0.693450864240,-0.433406790150
0.828125000,-0.468750000,-0.581144482950,-0.363215301844
0.843750000,-0.468750000,-0.447089169677,-0.279430731048
0.859375000,-0.468750000,-0.289930074650,-0.181206296656
0.875000000,-0.468750000,,
0.890625000,-0.468750000,,
0.906250000,-0.468750000,,
0.921875000,-0.468750000,,
0.937500000,-0.468750000,,
0.953125000,-0.468750000,,
0.968750000,-0.468750000,,
0.984375000,-0.468750000,,
1.000000000,-0.468750000,,
-1.000000000,-0.453125000,,
-0.984375000,-0.453125000,,
-0.968750000,-0.453125000,,
-0.953125000,-0.453125000,,
-0.937500000,-0.453125000,,
-0.921875000,-0.453125000,,
-0.906250000,-0.453125000,,
-0.890625000,-0.453125000,,
-0.875000000,-0.453125000,-0.189092499389,-0.118182812118
-0.859375000,-0.453125000,-0.367769639971,-0.229856024982
-0.843750000,-0.453125000,-0.521715862243,-0.326072413902
-0.828125000,-0.453125000,-0.652303333310,-0.407689583318
-0.812500000,-0.453125000,-0.760986213678,-0.475616383549
-0.796875000,-0.453125000,-0.849265296658,-0.530790810411
-0.781250000,-0.453125000,-0.918659409111,-0.574162130695
-0.765625000,-0.453125000,-0.970682449565,-0.606676530978
-0.750000000,-0.453125000,-1.00682512820,-0.629265705125
-0.734375000,-0.453125000,-1.02854062454,-0.642837890337
-0.718750000,-0.453125000,-1.03723350854,-0.648270942838
-0.703125000,-0.453125000,-1.03425137617,-0.646407110104
-0.687500000,-0.453125000,-1.02087873751,-0.638049210945
-0.671875000,-0.453125000,-0.998332772817,-0.623957983010
-0.656250000,-0.453125000,-0.967760629269,-0.604850393293
-0.640625000,-0.453125000,-0.930237987645,-0.581398742278
-0.625000000,-0.453125000,-0.886768667234,-0.554230417021
-0.609375000,-0.453125000,-0.838285076368,-0.523928172730
-0.593750000,-0.453125000,-0.785649346521,-0.491030841576
-0.578125000,-0.453125000,-0.729655012123,-0.456034382577
-0.562500000,-0.453125000,-0.671029121970,-0.419393201231
-0.546875000,-0.453125000,-0.610434685606,-0.381521678504
-0.531250000,-0.453125000,-0.548473372817,-0.342795858011
-0.515625000,-0.453125000,-0.485688400063,-0.303555250040
-0.500000000,-0.453125000,-0.422567544685,-0.264104715428
-0.484375000,-0.453125000,-0.359546242213,-0.224716401383
-0.468750000,-0.453125000,-0.297010725084,-0.185631703177
-0.453125000,-0.453125000,-0.235301171461,-0.147063232163
-0.437500000,-0.453125000,-0.174714836467,-0.109196772792
-0.421875000,-0.453125000,-0.115509144591,-0.0721932153696
-0.406250000,-0.453125000,-0.0579047237989,-0.0361904523743
-0.390625000,-0.453125000,-0.00208836768500,-0.00130522980312
-0.375000000,-0.453125000,0.0517840861523,0.0323650538452
-0.359375000,-0.453125000,0.103584971088,0.0647406069303
-0.343750000,-0.453125000,0.153212107438,0.0957575671485
-0.328125000,-0.453125000,0.200586223853,0.125366389908
-0.312500000,-0.453125000,0.245648489932,0.153530306207
-0.296875000,-0.453125000,0.288358161104,0.180223850690
-0.281250000,-0.453125000,0.328690339732,0.205431462332
-0.265625000,-0.453125000,0.366633851822,0.229146157389
-0.250000000,-0.453125000,0.402189241299,0.251368275812
-0.234375000,-0.453125000,0.435366880874,0.272104300546
-0.218750000,-0.453125000,0.466185199753,0.291365749846
-0.203125000,-0.453125000,0.494669027261,0.309168142038
-0.187500000,-0.453125000,0.520848050999,0.325530031875
-0.171875000,-0.453125000,0.544755389115,0.340472118197
-0.156250000,-0.453125000,0.566426275367,0.354016422104
-0.140625000,-0.453125000,0.585896854834,0.366185534271
-0.125000000,-0.453125000,0.603203090273,0.377001931421
-0.109375000,-0.453125000,0.618379776636,0.386487360397
-0.093750000,-0.453125000,0.631459663537,0.394662289711
-0.078125000,-0.453125000,0.642597375316,0.401623359572
-0.062500000,-0.453125000,0.651543158297,0.407214473936
-0.046875000,-0.453125000,0.658409681981,0.411506051238
-0.031250000,-0.453125000,0.663394283699,0.414621427312
-0.015625000,-0.453125000,0.666370951909,0.416481844943
0.000000000,-0.453125000,0.667360821151,0.417100513220
0.015625000,-0.453125000,0.666370951909,0.416481844943
0.031250000,-0.453125000,0.663394283699,0.414621427312
0.046875000,-0.453125000,0.658409681981,0.411506051238
0.062500000,-0.453125000,0.651543158297,0.407214473936
0.078125000,-0.453125000,0.642597375316,0.401623359572
0.093750000,-0.453125000,0.631459663537,0.394662289711
0.109375000,-0.453125000,0.618379776636,0.386487360397
0.125000000,-0.453125000,0.603203090273,0.377001931421
0.140625000,-0.453125000,0.585896854834,0.366185534271
0.156250000,-0.453125000,0.566426275367,0.354016422104
0.171875000,-0.453125000,0.544755389115,0.340472118197
0.187500000,-0.453125000,0.520848050999,0.325530031875
0.203125000,-0.453125000,0.494669027261,0.309168142038
0.218750000,-0.453125000,0.466185199753,0.291365749846
0.234375000,-0.453125000,0.435366880874,0.272104300546
0.250000000,-0.453125000,0.402189241299,0.251368275812
0.265625000,-0.453125000,0.366633851822,0.229146157389
0.281250000,-0.453125000,0.328690339732,0.205431462332
0.296875000,-0.453125000,0.288358161104,0.180223850690
0.312500000,-0.453125000,0.245648489932,0.153530306207
0.328125000,-0.453125000,0.200586223853,0.125366389908
0.343750000,-0.453125000,0.153212107438,0.0957575671485
0.359375000,-0.453125000,0.103584971088,0.0647406069303
0.375000000,-0.453125000,0.0517840861523,0.0323650538452
0.390625000,-0.453125000,-0.00208836768500,-0.00130522980312
0.406250000,-0.453125000,-0.0579047237989,-0.0361904523743
0.421875000,-0.453125000,-0.115509144591,-0.0721932153696
0.437500000,-0.453125000,-0.174714836467,-0.109196772792
0.453125000,-0.453125000,-0.235301171461,-0.147063232163
0.468750000,-0.453125000,-0.297010725084,-0.185631703177
0.484375000,-0.453125000,-0.359546242213,-0.224716401383
0.500000000,-0.453125000,-0.422567544685,-0.264104715428
0.515625000,-0.453125000,-0.485688400063,-0.303555250040
0.531250000,-0.453125000,-0.548473372817,-0.342795858011
0.546875000,-0.453125000,-0.610434685606,-0.381521678504
0.562500000,-0.453125000,-0.671029121970,-0.419393201231
0.578125000,-0.453125000,-0.729655012123,-0.456034382577
0.593750000,-0.453125000,-0.785649346521,-0.491030841576
0.609375000,-0.453125000,-0.838285076368,-0.523928172730
0.625000000,-0.453125000,-0.886768667234,-0.554230417021
0.640625000,-0.453125000,-0.930237987645,-0.581398742278
0.656250000,-0.453125000,-0.967760629269,-0.604850393293
0.671875000,-0.453125000,-0.998332772817,-0.623957983010
0.687500000,-0.453125000,-1.02087873751,-0.638049210945
0.703125000,-0.453125000,-1.03425137617,-0.646407110104
0.718750000,-0.453125000,-1.03723350854,-0.648270942838
0.734375000,-0.453125000,-1.02854062454,-0.642837890337
0.750000000,-0.453125000,-1.00682512820,-0.629265705125
0.765625000,-0.453125000,-0.970682449565,-0.606676530978
0.781250000,-0.453125000,-0.918659409111,-0.574162130695
0.796875000,-0.453125000,-0.849265296658,-0.530790810411
0.812500000,-0.453125000,-0.760986213678,-0.475616383549
0.828125000,-0.453125000,-0.652303333310,-0.407689583318
0.843750000,-0.453125000,-0.521715862243,-0.326072413902
0.859375000,-0.453125000,-0.367769639971,-0.229856024982
0.875000000,-0.453125000,-0.189092499389,-0.118182812118
0.890625000,-0.453125000,,
0.906250000,-0.453125000,,
0.921875000,-0.453125000,,
0.937500000,-0.453125000,,
0.953125000,-0.453125000,,
0.968750000,-0.453125000,,
0.984375000,-0.453125000,,
1.000000000,-0.453125000,,
-1.000000000,-0.437500000,,
-0.984375000,-0.437500000,,
-0.968750000,-0.437500000,,
-0.953125000,-0.437500000,,
-0.937500000,-0.437500000,,
-0.921875000,-0.437500000,,
-0.906250000,-0.437500000,,
-0.890625000,-0.437500000,,
-0.875000000,-0.437500000,-0.268655081507,-0.167909425942
-0.859375000,-0.437500000,-0.444285063475,-0.277678164672
-0.843750000,-0.437500000,-0.594872966017,-0.371795603761
-0.828125000,-0.437500000,-0.721899302602,-0.451187064126
-0.812500000,-0.437500000,-0.826908408463,-0.516817755289
-0.796875000,-0.437500000,-0.911475719953,-0.569672324971
-0.781250000,-0.437500000,-0.977181423487,-0.610738389680
-0.765625000,-0.437500000,-1.02558941390,-0.640993383687
-0.750000000,-0.437500000,-1.05823067639,-0.661394172742
-0.734375000,-0.437500000,-1.07659035098,-0.672868969361
-0.718750000,-0.437500000,-1.08209786064,-0.676311162897
-0.703125000,-0.437500000,-1.07611958408,-0.672574740053
-0.687500000,-0.437500000,-1.05995363633,-0.662471022704
-0.671875000,-0.437500000,-1.03482639391,-0.646766496191
-0.656250000,-0.437500000,-1.00189045513,-0.626181534459
-0.640625000,-0.437500000,-0.962223779458,-0.601389862161
-0.625000000,-0.437500000,-0.916829787602,-0.573018617251
-0.609375000,-0.437500000,-0.866638240722,-0.541648900451
-0.593750000,-0.437500000,-0.812506745120,-0.507816715700
-0.578125000,-0.437500000,-0.755222753294,-0.472014220808
-0.562500000,-0.437500000,-0.695505954420,-0.434691221513
-0.546875000,-0.437500000,-0.634010961248,-0.396256850780
-0.531250000,-0.437500000,-0.571330219894,-0.357081387433
-0.515625000,-0.437500000,-0.507997076890,-0.317498173056
-0.500000000,-0.437500000,-0.444488951577,-0.277805594735
-0.484375000,-0.437500000,-0.381230569513,-0.238269105946
-0.468750000,-0.437500000,-0.318597219355,-0.199123262097
-0.453125000,-0.437500000,-0.256918004174,-0.160573752609
-0.437500000,-0.437500000,-0.196479061745,-0.122799413591
-0.421875000,-0.437500000,-0.137526732234,-0.0859542076465
-0.406250000,-0.437500000,-0.0802706596071,-0.0501691622544
-0.390625000,-0.437500000,-0.0248868100409,-0.0155542562755
-0.375000000,-0.437500000,0.0284796007062,0.0177997504414
-0.359375000,-0.437500000,0.0797112802022,0.0498195501264
-0.343750000,-0.437500000,0.128716139562,0.0804475872263
-0.328125000,-0.437500000,0.175424684024,0.109640427515
-0.312500000,-0.437500000,0.219787519679,0.137367199799
-0.296875000,-0.437500000,0.261772976479,0.163608110299
-0.281250000,-0.437500000,0.301364850285,0.188353031428
-0.265625000,-0.437500000,0.338560264420,0.211600165263
-0.250000000,-0.437500000,0.373367650900,0.233354781813
-0.234375000,-0.437500000,0.405804850690,0.253628031681
-0.218750000,-0.437500000,0.435897332235,0.272435832647
-0.203125000,-0.437500000,0.463676528148,0.289797830092
-0.187500000,-0.437500000,0.489178287627,0.305736429767
-0.171875000,-0.437500000,0.512441444311,0.320275902695
-0.156250000,-0.437500000,0.533506496973,0.333441560608
-0.140625000,-0.437500000,0.552414403593,0.345259002246
-0.125000000,-0.437500000,0.569205484565,0.355753427853
-0.109375000,-0.437500000,0.583918436235,0.364949022647
-0.093750000,-0.437500000,0.596708176441,0.372942610275
-0.078125000,-0.437500000,0.607338185523,0.379586365952
-0.062500000,-0.437500000,0.615884984118,0.384928115074
-0.046875000,-0.437500000,0.622669713894,0.389168571184
-0.031250000,-0.437500000,0.627479818755,0.392174886722
-0.015625000,-0.437500000,0.630351381948,0.393969613717
0.000000000,-0.437500000,0.631306148214,0.394566342633
0.015625000,-0.437500000,0.630351381948,0.393969613717
0.031250000,-0.437500000,0.627479818755,0.392174886722
0.046875000,-0.437500000,0.622669713894,0.389168571184
0.062500000,-0.437500000,0.615884984118,0.384928115074
0.078125000,-0.437500000,0.607338185523,0.379586365952
0.093750000,-0.437500000,0.596708176441,0.372942610275
0.109375000,-0.437500000,0.583918436235,0.364949022647
0.125000000,-0.437500000,0.569205484565,0.355753427853
0.140625000,-0.437500000,0.552414403593,0.345259002246
0.156250000,-0.437500000,0.533506496973,0.333441560608
0.171875000,-0.437500000,0.512441444311,0.320275902695
0.187500000,-0.437500000,0.489178287627,0.305736429767
0.203125000,-0.437500000,0.463676528148,0.289797830092
0.218750000,-0.437500000,0.435897332235,0.272435832647
0.234375000,-0.437500000,0.405804850690,0.253628031681
0.250000000,-0.437500000,0.373367650900,0.233354781813
0.265625000,-0.437500000,0.338560264420,0.211600165263
0.281250000,-0.437500000,0.301364850285,0.188353031428
0.296875000,-0.437500000,0.261772976479,0.163608110299
0.312500000,-0.437500000,0.219787519679,0.137367199799
0.328125000,-0.437500000,0.175424684024,0.109640427515
0.343750000,-0.437500000,0.128716139562,0.0804475872263
0.359375000,-0.437500000,0.0797112802022,0.0498195501264
0.375000000,-0.437500000,0.0284796007062,0.0177997504414
0.390625000,-0.437500000,-0.0248868100409,-0.0155542562755
0.406250000,-0.437500000,-0.0802706596071,-0.0501691622544
0.421875000,-0.437500000,-0.137526732234,-0.0859542076465
0.437500000,-0.437500000,-0.196479061745,-0.122799413591
0.453125000,-0.437500000,-0.256918004174,-0.160573752609
0.468750000,-0.437500000,-0.318597219355,-0.199123262097
0.484375000,-0.437500000,-0.381230569513,-0.238269105946
0.500000000,-0.437500000,-0.444488951577,-0.277805594735
0.515625000,-0.437500000,-0.507997076890,-0.317498173056
0.531250000,-0.437500000,-0.571330219894,-0.357081387433
0.546875000,-0.437500000,-0.634010961248,-0.396256850780
0.562500000,-0.437500000,-0.695505954420,-0.434691221513
0.578125000,-0.437500000,-0.755222753294,-0.472014220808
0.593750000,-0.437500000,-0.812506745120,-0.507816715700
0.609375000,-0.437500000,-0.866638240722,-0.541648900451
0.625000000,-0.437500000,-0.916829787602,-0.573018617251
0.640625000,-0.437500000,-0.962223779458,-0.601389862161
0.656250000,-0.437500000,-1.00189045513,-0.626181534459
0.671875000,-0.437500000,-1.03482639391,-0.646766496191
0.687500000,-0.437500000,-1.05995363633,-0.662471022704
0.703125000,-0.437500000,-1.07611958408,-0.672574740053
0.718750000,-0.437500000,-1.08209786064,-0.676311162897
0.734375000,-0.437500000,-1.07659035098,-0.672868969361
0.750000000,-0.437500000,-1.05823067639,-0.661394172742
0.765625000,-0.437500000,-1.02558941390,-0.640993383687
0.781250000,-0.437500000,-0.977181423487,-0.610738389680
0.796875000,-0.437500000,-0.911475719953,-0.569672324971
0.812500000,-0.437500000,-0.826908408463,-0.516817755289
0.828125000,-0.437500000,-0.721899302602,-0.451187064126
0.843750000,-0.437500000,-0.594872966017,-0.371795603761
0.859375000,-0.437500000,-0.444285063475,-0.277678164672
0.875000000,-0.437500000,-0.268655081507,-0.167909425942
0.890625000,-0.437500000,,
0.906250000,-0.437500000,,
0.921875000,-0.437500000,,
0.937500000,-0.437500000,,
0.953125000,-0.437500000,,
0.968750000,-0.437500000,,
0.984375000,-0.437500000,,
1.000000000,-0.437500000,,
-1.000000000,-0.421875000,,
-0.984375000,-0.421875000,,
-0.968750000,-0.421875000,,
-0.953125000,-0.421875000,,
-0.937500000,-0.421875000,,
-0.921875000,-0.421875000,,
-0.906250000,-0.421875000,,
-0.890625000,-0.421875000,-0.147378098997,-0.0921113118734
-0.875000000,-0.421875000,-0.346601322341,-0.216625826463
-0.859375000,-0.421875000,-0.519031380668,-0.324394612918
-0.843750000,-0.421875000,-0.666162888308,-0.416351805192
-0.828125000,-0.421875000,-0.789575083023,-0.493484426889
-0.812500000,-0.421875000,-0.890894305776,-0.556808941110
-0.796875000,-0.421875000,-0.971763702268,-0.607352313918
-0.781250000,-0.421875000,-1.03381893830,-0.646136836440
-0.765625000,-0.421875000,-1.07866892260,-0.674168076627
-0.750000000,-0.421875000,-1.10788069956,-0.692425437228
-0.734375000,-0.421875000,-1.12296780936,-0.701854880853
-0.718750000,-0.421875000,-1.12538152787,-0.703363454919
-0.703125000,-0.421875000,-1.11650449549,-0.697815309683
-0.687500000,-0.421875000,-1.09764632227,-0.686028951416
-0.671875000,-0.421875000,-1.07004082225,-0.668775513904
-0.656250000,-0.421875000,-1.03484458766,-0.646777867289
-0.640625000,-0.421875000,-0.993136657555,-0.620710410972
-0.625000000,-0.421875000,-0.945919076092,-0.591199422557
-0.609375000,-0.421875000,-0.894118168640,-0.558823855400
-0.593750000,-0.421875000,-0.838586389727,-0.524116493580
-0.578125000,-0.421875000,-0.780104622642,-0.487565389151
-0.562500000,-0.421875000,-0.719384827111,-0.449615516945
-0.546875000,-0.421875000,-0.657072951012,-0.410670594382
-0.531250000,-0.421875000,-0.593752034157,-0.371095021348
-0.515625000,-0.421875000,-0.529945443982,-0.331215902489
-0.500000000,-0.421875000,-0.466120194125,-0.291325121328
-0.484375000,-0.421875000,-0.402690304618,-0.251681440386
-0.468750000,-0.421875000,-0.340020168382,-0.212512605239
-0.453125000,-0.421875000,-0.278427898011,-0.174017436257
-0.437500000,-0.421875000,-0.218188627676,-0.136367892297
-0.421875000,-0.421875000,-0.159537752519,-0.0997110953242
-0.406250000,-0.421875000,-0.102674090621,-0.0641713066381
-0.390625000,-0.421875000,-0.0477629547822,-0.0298518467389
-0.375000000,-0.421875000,0.00506087537029,0.00316304710643
-0.359375000,-0.421875000,0.0556902873954,0.0348064296221
-0.343750000,-0.421875000,0.104043082842,0.0650269267763
-0.328125000,-0.421875000,0.150059340204,0.0937870876276
-0.312500000,-0.421875000,0.193698897254,0.121061810784
-0.296875000,-0.421875000,0.234938954104,0.146836846315
-0.281250000,-0.421875000,0.273771798529,0.171107374081
-0.265625000,-0.421875000,0.310202653239,0.193876658275
-0.250000000,-0.421875000,0.344247645328,0.215154778330
-0.234375000,-0.421875000,0.375931897142,0.234957435714
-0.218750000,-0.421875000,0.405287737111,0.253304835695
-0.203125000,-0.421875000,0.432353029610,0.270220643506
-0.187500000,-0.421875000,0.457169623194,0.285731014496
-0.171875000,-0.421875000,0.479781913825,0.299863696141
-0.156250000,-0.421875000,0.500235523134,0.312647201959
-0.140625000,-0.421875000,0.518576089658,0.324110056036
-0.125000000,-0.421875000,0.534848171149,0.334280106968
-0.109375000,-0.421875000,0.549220041324,0.343262525828
-0.093750000,-0.421875000,0.561440599638,0.350900374774
-0.078125000,-0.421875000,0.571722269815,0.357326418634
-0.062500000,-0.421875000,0.579995309897,0.362497068686
-0.046875000,-0.421875000,0.586547580341,0.366592237713
-0.031250000,-0.421875000,0.591190652763,0.369494157977
-0.015625000,-0.421875000,0.593961600415,0.371226000260
0.000000000,-0.421875000,0.594869732000,0.371793582500
0.015625000,-0.421875000,0.593961600415,0.371226000260
0.031250000,-0.421875000,0.591190652763,0.369494157977
0.046875000,-0.421875000,0.586547580341,0.366592237713
0.062500000,-0.421875000,0.579995309897,0.362497068686
0.078125000,-0.421875000,0.571722269815,0.357326418634
0.093750000,-0.421875000,0.561440599638,0.350900374774
0.109375000,-0.421875000,0.549220041324,0.343262525828
0.125000000,-0.421875000,0.534848171149,0.334280106968
0.140625000,-0.421875000,0.518576089658,0.324110056036
0.156250000,-0.421875000,0.500235523134,0.312647201959
0.171875000,-0.421875000,0.479781913825,0.299863696141
0.187500000,-0.421875000,0.457169623194,0.285731014496
0.203125000,-0.421875000,0.432353029610,0.270220643506
0.218750000,-0.421875000,0.405287737111,0.253304835695
0.234375000,-0.421875000,0.375931897142,0.234957435714
0.250000000,-0.421875000,0.344247645328,0.215154778330
0.265625000,-0.421875000,0.310202653239,0.193876658275
0.281250000,-0.421875000,0.273771798529,0.171107374081
0.296875000,-0.421875000,0.234938954104,0.146836846315
0.312500000,-0.421875000,0.193698897254,0.121061810784
0.328125000,-0.421875000,0.150059340204,0.0937870876276
0.343750000,-0.421875000,0.104043082842,0.0650269267763
0.359375000,-0.421875000,0.0556902873954,0.0348064296221
0.375000000,-0.421875000,0.00506087537029,0.00316304710643
0.390625000,-0.421875000,-0.0477629547822,-0.0298518467389
0.406250000,-0.421875000,-0.102674090621,-0.0641713066381
0.421875000,-0.421875000,-0.159537752519,-0.0997110953242
0.437500000,-0.421875000,-0.218188627676,-0.136367892297
0.453125000,-0.421875000,-0.278427898011,-0.174017436257
0.468750000,-0.421875000,-0.340020168382,-0.212512605239
0.484375000,-0.421875000,-0.402690304618,-0.251681440386
0.500000000,-0.421875000,-0.466120194125,-0.291325121328
0.515625000,-0.421875000,-0.529945443982,-0.331215902489
0.531250000,-0.421875000,-0.593752034157,-0.371095021348
0.546875000,-0.421875000,-0.657072951012,-0.410670594382
0.562500000,-0.421875000,-0.719384827111,-0.449615516945
0.578125000,-0.421875000,-0.780104622642,-0.487565389151
0.593750000,-0.421875000,-0.838586389727,-0.524116493580
0.609375000,-0.421875000,-0.894118168640,-0.558823855400
0.625000000,-0.421875000,-0.945919076092,-0.591199422557
0.640625000,-0.421875000,-0.993136657555,-0.620710410972
0.656250000,-0.421875000,-1.03484458766,-0.646777867289
0.671875000,-0.421875000,-1.07004082225,-0.668775513904
0.687500000,-0.421875000,-1.09764632227,-0.686028951416
0.703125000,-0.421875000,-1.11650449549,-0.697815309683
0.718750000,-0.421875000,-1.12538152787,-0.703363454919
0.734375000,-0.421875000,-1.12296780936,-0.701854880853
0.750000000,-0.421875000,-1.10788069956,-0.692425437228
0.765625000,-0.421875000,-1.07866892260,-0.674168076627
0.781250000,-0.421875000,-1.03381893830,-0.646136836440
0.796875000,-0.421875000,-0.971763702268,-0.607352313918
0.812500000,-0.421875000,-0.890894305776,-0.556808941110
0.828125000,-0.421875000,-0.789575083023,-0.493484426889
0.843750000,-0.421875000,-0.666162888308,-0.416351805192
0.859375000,-0.421875000,-0.519031380668,-0.324394612918
0.875000000,-0.421875000,-0.346601322341,-0.216625826463
0.890625000,-0.421875000,-0.147378098997,-0.0921113118734
0.906250000,-0.421875000,,
0.921875000,-0.421875000,,
0.937500000,-0.421875000,,
0.953125000,-0.421875000,,
0.968750000,-0.421875000,,
0.984375000,-0.421875000,,
1.000000000,-0.421875000,,
-1.000000000,-0.406250000,,
-0.984375000,-0.406250000,,
-0.968750000,-0.406250000,,
-0.953125000,-0.406250000,,
-0.937500000,-0.406250000,,
-0.921875000,-0.406250000,,
-0.906250000,-0.406250000,,
-0.890625000,-0.406250000,-0.226241834118,-0.141401146324
-0.875000000,-0.406250000,-0.422479459534,-0.264049662209
-0.859375000,-0.406250000,-0.591606683950,-0.369754177469
-0.843750000,-0.406250000,-0.735226245571,-0.459516403482
-0.828125000,-0.406250000,-0.855007483994,-0.534379677496
-0.812500000,-0.406250000,-0.952651435271,-0.595407147045
-0.796875000,-0.406250000,-1.02986275988,-0.643664224927
-0.781250000,-0.406250000,-1.08832735817,-0.680204598856
-0.765625000,-0.406250000,-1.12969471883,-0.706059199266
-0.750000000,-0.406250000,-1.15556420364,-0.722227627276
-0.734375000,-0.406250000,-1.16747460119,-0.729671625744
-0.718750000,-0.406250000,-1.16689639412,-0.729310246325
-0.703125000,-0.406250000,-1.15522627084,-0.722016419273
-0.687500000,-0.406250000,-1.13378349229,-0.708614682679
-0.671875000,-0.406250000,-1.10380778298,-0.689879864364
-0.656250000,-0.406250000,-1.06645847266,-0.666536545412
-0.640625000,-0.406250000,-1.02281465579,-0.639259159867
-0.625000000,-0.406250000,-0.973876174777,-0.608672609236
-0.609375000,-0.406250000,-0.920565263977,-0.575353289985
-0.593750000,-0.406250000,-0.863728716345,-0.539830447716
-0.578125000,-0.406250000,-0.804140459804,-0.502587787378
-0.562500000,-0.406250000,-0.742504445132,-0.464065278208
-0.546875000,-0.406250000,-0.679457765787,-0.424661103617
-0.531250000,-0.406250000,-0.615573942222,-0.384733713889
-0.515625000,-0.406250000,-0.551366314467,-0.344603946542
-0.500000000,-0.406250000,-0.487291497226,-0.304557185766
-0.484375000,-0.406250000,-0.423752857314,-0.264845535821
-0.468750000,-0.406250000,-0.361103982882,-0.225689989301
-0.453125000,-0.406250000,-0.299652118278,-0.187282573924
-0.437500000,-0.406250000,-0.239661542662,-0.149788464164
-0.421875000,-0.406250000,-0.181356875506,-0.113348047191
-0.406250000,-0.406250000,-0.124926295089,-0.0780789344307
-0.390625000,-0.406250000,-0.0705246593729,-0.0440779121081
-0.375000000,-0.406250000,-0.0182765201845,-0.0114228251153
-0.359375000,-0.406250000,0.0317209752922,0.0198256095576
-0.343750000,-0.406250000,0.0793953001531,0.0496220625957
-0.328125000,-0.406250000,0.124695885699,0.0779349285618
-0.312500000,-0.406250000,0.167591581042,0.104744738151
-0.296875000,-0.406250000,0.208068238069,0.130042648793
-0.281250000,-0.406250000,0.246126421447,0.153829013404
-0.265625000,-0.406250000,0.281779243299,0.176112027062
-0.250000000,-0.406250000,0.315050321779,0.196906451112
-0.234375000,-0.406250000,0.345971863637,0.216232414773
-0.218750000,-0.406250000,0.374582868191,0.234114292619
-0.203125000,-0.406250000,0.400927452085,0.250579657553
-0.187500000,-0.406250000,0.425053292393,0.265658307746
-0.171875000,-0.406250000,0.447010187517,0.279381367198
-0.156250000,-0.406250000,0.466848732665,0.291780457916
-0.140625000,-0.406250000,0.484619109325,0.302886943328
-0.125000000,-0.406250000,0.500517765468,0.312823603417
-0.109375000,-0.406250000,0.514245957602,0.321403723501
-0.093750000,-0.406250000,0.526058379407,0.328786487130
-0.078125000,-0.406250000,0.535990092189,0.334993807618
-0.062500000,-0.406250000,0.543960312260,0.339975195162
-0.046875000,-0.406250000,0.550291034398,0.343931896499
-0.031250000,-0.406250000,0.554774896776,0.346734310485
-0.015625000,-0.406250000,0.557449933893,0.348406208683
0.000000000,-0.406250000,0.558339061364,0.348961913352
0.015625000,-0.406250000,0.557449933893,0.348406208683
0.031250000,-0.406250000,0.554774896776,0.346734310485
0.046875000,-0.406250000,0.550291034398,0.343931896499
0.062500000,-0.406250000,0.543960312260,0.339975195162
0.078125000,-0.406250000,0.535990092189,0.334993807618
0.093750000,-0.406250000,0.526058379407,0.328786487130
0.109375000,-0.406250000,0.514245957602,0.321403723501
0.125000000,-0.406250000,0.500517765468,0.312823603417
0.140625000,-0.406250000,0.484619109325,0.302886943328
0.156250000,-0.406250000,0.466848732665,0.291780457916
0.171875000,-0.406250000,0.447010187517,0.279381367198
0.187500000,-0.406250000,0.425053292393,0.265658307746
0.203125000,-0.406250000,0.400927452085,0.250579657553
0.218750000,-0.406250000,0.374582868191,0.234114292619
0.234375000,-0.406250000,0.345971863637,0.216232414773
0.250000000,-0.406250000,0.315050321779,0.196906451112
0.265625000,-0.406250000,0.281779243299,0.176112027062
0.281250000,-0.406250000,0.246126421447,0.153829013404
0.296875000,-0.406250000,0.208068238069,0.130042648793
0.312500000,-0.406250000,0.167591581042,0.104744738151
0.328125000,-0.406250000,0.124695885699,0.0779349285618
0.343750000,-0.406250000,0.0793953001531,0.0496220625957
0.359375000,-0.406250000,0.0317209752922,0.0198256095576
0.375000000,-0.406250000,-0.0182765201845,-0.0114228251153
0.390625000,-0.406250000,-0.0705246593729,-0.0440779121081
0.406250000,-0.406250000,-0.124926295089,-0.0780789344307
0.421875000,-0.406250000,-0.181356875506,-0.113348047191
0.437500000,-0.406250000,-0.239661542662,-0.149788464164
0.453125000,-0.406250000,-0.299652118278,-0.187282573924
0.468750000,-0.406250000,-0.361103982882,-0.225689989301
0.484375000,-0.406250000,-0.423752857314,-0.264845535821
0.500000000,-0.406250000,-0.487291497226,-0.304557185766
0.515625000,-0.406250000,-0.551366314467,-0.344603946542
0.531250000,-0.406250000,-0.615573942222,-0.384733713889
0.546875000,-0.406250000,-0.679457765787,-0.424661103617
0.562500000,-0.406250000,-0.742504445132,-0.464065278208
0.578125000,-0.406250000,-0.804140459804,-0.502587787378
0.593750000,-0.406250000,-0.863728716345,-0.539830447716
0.609375000,-0.406250000,-0.920565263977,-0.575353289985
0.625000000,-0.406250000,-0.973876174777,-0.608672609236
0.640625000,-0.406250000,-1.02281465579,-0.639259159867
0.656250000,-0.406250000,-1.06645847266,-0.666536545412
0.671875000,-0.406250000,-1.10380778298,-0.689879864364
0.687500000,-0.406250000,-1.13378349229,-0.708614682679
0.703125000,-0.406250000,-1.15522627084,-0.722016419273
0.718750000,-0.406250000,-1.16689639412,-0.729310246325
0.734375000,-0.406250000,-1.16747460119,-0.729671625744
0.750000000,-0.406250000,-1.15556420364,-0.722227627276
0.765625000,-0.406250000,-1.12969471883,-0.706059199266
0.781250000,-0.406250000,-1.08832735817,-0.680204598856
0.796875000,-0.406250000,-1.02986275988,-0.643664224927
0.812500000,-0.406250000,-0.952651435271,-0.595407147045
0.828125000,-0.406250000,-0.855007483994,-0.534379677496
0.843750000,-0.406250000,-0.735226245571,-0.459516403482
0.859375000,-0.406250000,-0.591606683950,-0.369754177469
0.875000000,-0.406250000,-0.422479459534,-0.264049662209
0.890625000,-0.406250000,-0.226241834118,-0.141401146324
0.906250000,-0.406250000,,
0.921875000,-0.406250000,,
0.937500000,-0.406250000,,
0.953125000,-0.406250000,,
0.968750000,-0.406250000,,
0.984375000,-0.406250000,,
1.000000000,-0.406250000,,
-1.000000000,-0.390625000,,
-0.984375000,-0.390625000,,
-0.968750000,-0.390625000,,
-0.953125000,-0.390625000,,
-0.937500000,-0.390625000,,
-0.921875000,-0.390625000,,
-0.906250000,-0.390625000,,
-0.890625000,-0.390625000,-0.302737850976,-0.189211156860
-0.875000000,-0.390625000,-0.495882009828,-0.309926256143
-0.859375000,-0.390625000,-0.661648454605,-0.413530284128
-0.843750000,-0.390625000,-0.801738917732,-0.501086823583
-0.828125000,-0.390625000,-0.917905108363,-0.573690692727
-0.812500000,-0.390625000,-1.01191621086,-0.632447631787
-0.796875000,-0.390625000,-1.08553286279,-0.678458039246
-0.781250000,-0.390625000,-1.14048652089,-0.712804075556
-0.765625000,-0.390625000,-1.17846330816,-0.736539567598
-0.750000000,-0.390625000,-1.20109158311,-0.750682239447
-0.734375000,-0.390625000,-1.20993259664,-0.756207872903
-0.718750000,-0.390625000,-1.20647370784,-0.754046067397
-0.703125000,-0.390625000,-1.19212371337,-0.745077320855
-0.687500000,-0.390625000,-1.16820991867,-0.730131199171
-0.671875000,-0.390625000,-1.13597663821,-0.709985398879
-0.656250000,-0.390625000,-1.09658486313,-0.685365539456
-0.640625000,-0.390625000,-1.05111287629,-0.656945547681
-0.625000000,-0.390625000,-1.00055763019,-0.625348518869
-0.609375000,-0.390625000,-0.945836732466,-0.591147957791
-0.593750000,-0.390625000,-0.887790909963,-0.554869318727
-0.578125000,-0.390625000,-0.827186842057,-0.516991776286
-0.562500000,-0.390625000,-0.764720271770,-0.477950169856
-0.546875000,-0.390625000,-0.701019320166,-0.438137075104
-0.531250000,-0.390625000,-0.636647938597,-0.397904961623
-0.515625000,-0.390625000,-0.572109448178,-0.357568405112
-0.500000000,-0.390625000,-0.507850120643,-0.317406325402
-0.484375000,-0.390625000,-0.444262766740,-0.277664229212
-0.468750000,-0.390625000,-0.381690300604,-0.238556437878
-0.453125000,-0.390625000,-0.320429256429,-0.200268285268
-0.437500000,-0.390625000,-0.260733239093,-0.162958274433
-0.421875000,-0.390625000,-0.202816290627,-0.126760181642
-0.406250000,-0.390625000,-0.146856161909,-0.0917851011929
-0.390625000,-0.390625000,-0.0929974788662,-0.0581234242914
-0.375000000,-0.390625000,-0.0413547954734,-0.0258467471709
-0.359375000,-0.390625000,0.00798447123750,0.00499029452344
-0.343750000,-0.390625000,0.0549572293477,0.0343482683423
-0.328125000,-0.390625000,0.0995220249222,0.0622012655764
-0.312500000,-0.390625000,0.141656482725,0.0885353017028
-0.296875000,-0.390625000,0.181354873771,0.113346796107
-0.281250000,-0.390625000,0.218625811288,0.136641132055
-0.265625000,-0.390625000,0.253490074247,0.158431296404
-0.250000000,-0.390625000,0.285978556468,0.178736597792
-0.234375000,-0.390625000,0.316130341803,0.197581463627
-0.218750000,-0.390625000,0.343990901681,0.214994313551
-0.203125000,-0.390625000,0.369610415629,0.231006509768
-0.187500000,-0.390625000,0.393042211072,0.245651381920
-0.171875000,-0.390625000,0.414341320786,0.258963325492
-0.156250000,-0.390625000,0.433563157593,0.270976973496
-0.140625000,-0.390625000,0.450762301705,0.281726438565
-0.125000000,-0.390625000,0.466116215975,0.291322634985
-0.109375000,-0.390625000,0.479379480239,0.299612175149
-0.093750000,-0.390625000,0.490782834346,0.306739271466
-0.078125000,-0.390625000,0.500363968260,0.312727480162
-0.062500000,-0.390625000,0.508155938958,0.317597461848
-0.046875000,-0.390625000,0.514118602256,0.321324126410
-0.031250000,-0.390625000,0.518451442609,0.324032151630
-0.015625000,-0.390625000,0.521035494114,0.325647183821
0.000000000,-0.390625000,0.521894231074,0.326183894421
0.015625000,-0.390625000,0.521035494114,0.325647183821
0.031250000,-0.390625000,0.518451442609,0.324032151630
0.046875000,-0.390625000,0.514118602256,0.321324126410
0.062500000,-0.390625000,0.508155938958,0.317597461848
0.078125000,-0.390625000,0.500363968260,0.312727480162
0.093750000,-0.390625000,0.490782834346,0.306739271466
0.109375000,-0.390625000,0.479379480239,0.299612175149
0.125000000,-0.390625000,0.466116215975,0.291322634985
0.140625000,-0.390625000,0.450762301705,0.281726438565
0.156250000,-0.390625000,0.433563157593,0.270976973496
0.171875000,-0.390625000,0.414341320786,0.258963325492
0.187500000,-0.390625000,0.393042211072,0.245651381920
0.203125000,-0.390625000,0.369610415629,0.231006509768
0.218750000,-0.390625000,0.343990901681,0.214994313551
0.234375000,-0.390625000,0.316130341803,0.197581463627
0.250000000,-0.390625000,0.285978556468,0.178736597792
0.265625000,-0.390625000,0.253490074247,0.158431296404
0.281250000,-0.390625000,0.218625811288,0.136641132055
0.296875000,-0.390625000,0.181354873771,0.113346796107
0.312500000,-0.390625000,0.141656482725,0.0885353017028
0.328125000,-0.390625000,0.0995220249222,0.0622012655764
0.343750000,-0.390625000,0.0549572293477,0.0343482683423
0.359375000,-0.390625000,0.00798447123750,0.00499029452344
0.375000000,-0.390625000,-0.0413547954734,-0.0258467471709
0.390625000,-0.390625000,-0.0929974788662,-0.0581234242914
0.406250000,-0.390625000,-0.146856161909,-0.0917851011929
0.421875000,-0.390625000,-0.202816290627,-0.126760181642
0.437500000,-0.390625000,-0.260733239093,-0.162958274433
0.453125000,-0.390625000,-0.320429256429,-0.200268285268
0.468750000,-0.390625000,-0.381690300604,-0.238556437878
0.484375000,-0.390625000,-0.444262766740,-0.277664229212
0.500000000,-0.390625000,-0.507850120643,-0.317406325402
0.515625000,-0.390625000,-0.572109448178,-0.357568405112
0.531250000,-0.390625000,-0.636647938597,-0.397904961623
0.546875000,-0.390625000,-0.701019320166,-0.438137075104
0.562500000,-0.390625000,-0.764720271770,-0.477950169856
0.578125000,-0.390625000,-0.827186842057,-0.516991776286
0.593750000,-0.390625000,-0.887790909963,-0.554869318727
0.609375000,-0.390625000,-0.945836732466,-0.591147957791
0.625000000,-0.390625000,-1.00055763019,-0.625348518869
0.640625000,-0.390625000,-1.05111287629,-0.656945547681
0.656250000,-0.390625000,-1.09658486313,-0.685365539456
0.671875000,-0.390625000,-1.13597663821,-0.709985398879
0.687500000,-0.390625000,-1.16820991867,-0.730131199171
0.703125000,-0.390625000,-1.19212371337,-0.745077320855
0.718750000,-0.390625000,-1.20647370784,-0.754046067397
0.734375000,-0.390625000,-1.20993259664,-0.756207872903
0.750000000,-0.390625000,-1.20109158311,-0.750682239447
0.765625000,-0.390625000,-1.17846330816,-0.736539567598
0.781250000,-0.390625000,-1.14048652089,-0.712804075556
0.796875000,-0.390625000,-1.08553286279,-0.678458039246
0.812500000,-0.390625000,-1.01191621086,-0.632447631787
0.828125000,-0.390625000,-0.917905108363,-0.573690692727
0.843750000,-0.390625000,-0.801738917732,-0.501086823583
0.859375000,-0.390625000,-0.661648454605,-0.413530284128
0.875000000,-0.390625000,-0.495882009828,-0.309926256143
0.890625000,-0.390625000,-0.302737850976,-0.189211156860
0.906250000,-0.390625000,,
0.921875000,-0.390625000,,
0.937500000,-0.390625000,,
0.953125000,-0.390625000,,
0.968750000,-0.390625000,,
0.984375000,-0.390625000,,
1.000000000,-0.390625000,,
-1.000000000,-0.375000000,,
-0.984375000,-0.375000000,,
-0.968750000,-0.375000000,,
-0.953125000,-0.375000000,,
-0.937500000,-0.375000000,,
-0.921875000,-0.375000000,,
-0.906250000,-0.375000000,-0.157138945069,-0.0982118406682
-0.890625000,-0.375000000,-0.376451527859,-0.235282204912
-0.875000000,-0.375000000,-0.566441965639,-0.354026228524
-0.859375000,-0.375000000,-0.728830474492,-0.455519046558
-0.843750000,-0.375000000,-0.865409576271,-0.540880985169
-0.828125000,-0.375000000,-0.978006408920,-0.611254005575
-0.812500000,-0.375000000,-1.06845243940,-0.667782774624
-0.796875000,-0.375000000,-1.13855933064,-0.711599581651
-0.781250000,-0.375000000,-1.19009992274,-0.743812451715
-0.765625000,-0.375000000,-1.22479346345,-0.765495914658
-0.750000000,-0.375000000,-1.24429436390,-0.777683977437
-0.734375000,-0.375000000,-1.25018387707,-0.781364923172
-0.718750000,-0.375000000,-1.24396419086,-0.777477619290
-0.703125000,-0.375000000,-1.22705451562,-0.766909072263
-0.687500000,-0.375000000,-1.20078880832,-0.750493005200
-0.671875000,-0.375000000,-1.16641483836,-0.729009273974
-0.656250000,-0.375000000,-1.12509434389,-0.703183964933
-0.640625000,-0.375000000,-1.07790407063,-0.673690044145
-0.625000000,-0.375000000,-1.02583751651,-0.641148447820
-0.609375000,-0.375000000,-0.969807235842,-0.606129522401
-0.593750000,-0.375000000,-0.910647579929,-0.569154737456
-0.578125000,-0.375000000,-0.849117769870,-0.530698606169
-0.562500000,-0.375000000,-0.785905216921,-0.491190760576
-0.546875000,-0.375000000,-0.721629017366,-0.451018135854
-0.531250000,-0.375000000,-0.656843562293,-0.410527226433
-0.515625000,-0.375000000,-0.592042213539,-0.370026383462
-0.500000000,-0.375000000,-0.527661003421,-0.329788127138
-0.484375000,-0.375000000,-0.464082324946,-0.290051453091
-0.468750000,-0.375000000,-0.401638586191,-0.251024116369
-0.453125000,-0.375000000,-0.340615803646,-0.212884877279
-0.437500000,-0.375000000,-0.281257118993,-0.175785699370
-0.421875000,-0.375000000,-0.223766223326,-0.139853889579
-0.406250000,-0.375000000,-0.168310678035,-0.105194173772
-0.390625000,-0.375000000,-0.115025122941,-0.0718907018381
-0.375000000,-0.375000000,-0.0640143658595,-0.0400089786622
-0.359375000,-0.375000000,-0.0153563481184,-0.00959771757400
-0.343750000,-0.375000000,0.0308950175267,0.0193093859542
-0.328125000,-0.375000000,0.0747071378018,0.0466919611261
-0.312500000,-0.375000000,0.116066161347,0.0725413508421
-0.296875000,-0.375000000,0.154974530636,0.0968590816476
-0.281250000,-0.375000000,0.191448665838,0.119655416149
-0.265625000,-0.375000000,0.225516777480,0.140947985925
-0.250000000,-0.375000000,0.257216807804,0.160760504878
-0.234375000,-0.375000000,0.286594498955,0.179121561847
-0.218750000,-0.375000000,0.313701585824,0.196063491140
-0.203125000,-0.375000000,0.338594112413,0.211621320258
-0.187500000,-0.375000000,0.361330868618,0.225831792886
-0.171875000,-0.375000000,0.381971946282,0.238732466427
-0.156250000,-0.375000000,0.400577411796,0.250360882373
-0.140625000,-0.375000000,0.417206093526,0.260753808454
-0.125000000,-0.375000000,0.432024342484,0.270015214053
-0.109375000,-0.375000000,0.444822681734,0.278014176084
-0.093750000,-0.375000000,0.455817208752,0.284885755470
-0.078125000,-0.375000000,0.465048140137,0.290655087586
-0.062500000,-0.375000000,0.472550669881,0.295344168675
-0.046875000,-0.375000000,0.478219874574,0.298887421609
-0.031250000,-0.375000000,0.482410257894,0.301506411184
-0.015625000,-0.375000000,0.484908475720,0.303067797325
0.000000000,-0.375000000,0.485738541492,0.303586588432
0.015625000,-0.375000000,0.484908475720,0.303067797325
0.031250000,-0.375000000,0.482410257894,0.301506411184
0.046875000,-0.375000000,0.478219874574,0.298887421609
0.062500000,-0.375000000,0.472550669881,0.295344168675
0.078125000,-0.375000000,0.465048140137,0.290655087586
0.093750000,-0.375000000,0.455817208752,0.284885755470
0.109375000,-0.375000000,0.444822681734,0.278014176084
0.125000000,-0.375000000,0.432024342484,0.270015214053
0.140625000,-0.375000000,0.417206093526,0.260753808454
0.156250000,-0.375000000,0.400577411796,0.250360882373
0.171875000,-0.375000000,0.381971946282,0.238732466427
0.187500000,-0.375000000,0.361330868618,0.225831792886
0.203125000,-0.375000000,0.338594112413,0.211621320258
0.218750000,-0.375000000,0.313701585824,0.196063491140
0.234375000,-0.375000000,0.286594498955,0.179121561847
0.250000000,-0.375000000,0.257216807804,0.160760504878
0.265625000,-0.375000000,0.225516777480,0.140947985925
0.281250000,-0.375000000,0.191448665838,0.119655416149
0.296875000,-0.375000000,0.154974530636,0.0968590816476
0.312500000,-0.375000000,0.116066161347,0.0725413508421
0.328125000,-0.375000000,0.0747071378018,0.0466919611261
0.343750000,-0.375000000,0.0308950175267,0.0193093859542
0.359375000,-0.375000000,-0.0153563481184,-0.00959771757400
0.375000000,-0.375000000,-0.0640143658595,-0.0400089786622
0.390625000,-0.375000000,-0.115025122941,-0.0718907018381
0.406250000,-0.375000000,-0.168310678035,-0.105194173772
0.421875000,-0.375000000,-0.223766223326,-0.139853889579
0.437500000,-0.375000000,-0.281257118993,-0.175785699370
0.453125000,-0.375000000,-0.340615803646,-0.212884877279
0.468750000,-0.375000000,-0.401638586191,-0.251024116369
0.484375000,-0.375000000,-0.464082324946,-0.290051453091
0.500000000,-0.375000000,-0.527661003421,-0.329788127138
0.515625000,-0.375000000,-0.592042213539,-0.370026383462
0.531250000,-0.375000000,-0.656843562293,-0.410527226433
0.546875000,-0.375000000,-0.721629017366,-0.451018135854
0.562500000,-0.375000000,-0.785905216921,-0.491190760576
0.578125000,-0.375000000,-0.849117769870,-0.530698606169
0.593750000,-0.375000000,-0.910647579929,-0.569154737456
0.609375000,-0.375000000,-0.969807235842,-0.606129522401
0.625000000,-0.375000000,-1.02583751651,-0.641148447820
0.640625000,-0.375000000,-1.07790407063,-0.673690044145
0.656250000,-0.375000000,-1.12509434389,-0.703183964933
0.671875000,-0.375000000,-1.16641483836,-0.729009273974
0.687500000,-0.375000000,-1.20078880832,-0.750493005200
0.703125000,-0.375000000,-1.22705451562,-0.766909072263
0.718750000,-0.375000000,-1.24396419086,-0.777477619290
0.734375000,-0.375000000,-1.25018387707,-0.781364923172
0.750000000,-0.375000000,-1.24429436390,-0.777683977437
0.765625000,-0.375000000,-1.22479346345,-0.765495914658
0.781250000,-0.375000000,-1.19009992274,-0.743812451715
0.796875000,-0.375000000,-1.13855933064,-0.711599581651
0.812500000,-0.375000000,-1.06845243940,-0.667782774624
0.828125000,-0.375000000,-0.978006408920,-0.611254005575
0.843750000,-0.375000000,-0.865409576271,-0.540880985169
0.859375000,-0.375000000,-0.728830474492,-0.455519046558
0.875000000,-0.375000000,-0.566441965639,-0.354026228524
0.890625000,-0.375000000,-0.376451527859,-0.235282204912
0.906250000,-0.375000000,-0.157138945069,-0.0982118406682
0.921875000,-0.375000000,,
0.937500000,-0.375000000,,
0.953125000,-0.375000000,,
0.968750000,-0.375000000,,
0.984375000,-0.375000000,,
1.000000000,-0.375000000,,
-1.000000000,-0.359375000,,
-0.984375000,-0.359375000,,
-0.968750000,-0.359375000,,
-0.953125000,-0.359375000,,
-0.937500000,-0.359375000,,
-0.921875000,-0.359375000,,
-0.906250000,-0.359375000,-0.230580456528,-0.144112785330
-0.890625000,-0.359375000,-0.447009713918,-0.279381071199
-0.875000000,-0.359375000,-0.633829549452,-0.396143468408
-0.859375000,-0.359375000,-0.792860193337,-0.495537620836
-0.843750000,-0.359375000,-0.925977574582,-0.578735984114
-0.828125000,-0.359375000,-1.03507802666,-0.646923766660
-0.812500000,-0.359375000,-1.12205004158,-0.701281275988
-0.796875000,-0.359375000,-1.18875187928,-0.742969924547
-0.781250000,-0.359375000,-1.23699404148,-0.773121275928
-0.765625000,-0.359375000,-1.26852578055,-0.792828612843
-0.750000000,-0.359375000,-1.28502495441,-0.803140596508
-0.734375000,-0.359375000,-1.28809064939,-0.805056655868
-0.718750000,-0.359375000,-1.27923808846,-0.799523805290
-0.703125000,-0.359375000,-1.25989542075,-0.787434637972
-0.687500000,-0.359375000,-1.23140205380,-0.769626283628
-0.671875000,-0.359375000,-1.19500824406,-0.746880152540
-0.656250000,-0.359375000,-1.15187570881,-0.719922318008
-0.640625000,-0.359375000,-1.10307905836,-0.689424411476
-0.625000000,-0.359375000,-1.04960788414,-0.656004927590
-0.609375000,-0.359375000,-0.992369358957,-0.620230849348
-0.593750000,-0.359375000,-0.932191236088,-0.582619522555
-0.578125000,-0.359375000,-0.869825146166,-0.543640716354
-0.562500000,-0.359375000,-0.805950112567,-0.503718820354
-0.546875000,-0.359375000,-0.741176215075,-0.463235134422
-0.531250000,-0.359375000,-0.676048347827,-0.422530217392
-0.515625000,-0.359375000,-0.611050021888,-0.381906263680
-0.500000000,-0.359375000,-0.546607176313,-0.341629485196
-0.484375000,-0.359375000,-0.483091965064,-0.301932478165
-0.468750000,-0.359375000,-0.420826493831,-0.263016558645
-0.453125000,-0.359375000,-0.360086485849,-0.225054053656
-0.437500000,-0.359375000,-0.301104860767,-0.188190537979
-0.421875000,-0.359375000,-0.244075212315,-0.152547007697
-0.406250000,-0.359375000,-0.189155175123,-0.118221984452
-0.390625000,-0.359375000,-0.136469672143,-0.0852935450894
-0.375000000,-0.359375000,-0.0861140381312,-0.0538212738320
-0.359375000,-0.359375000,-0.0381570130809,-0.0238481331756
-0.343750000,-0.359375000,0.00735639541579,0.00459774713487
-0.328125000,-0.359375000,0.0504021832603,0.0315013645377
-0.312500000,-0.359375000,0.0909747546856,0.0568592216785
-0.296875000,-0.359375000,0.129084461527,0.0806777884546
-0.281250000,-0.359375000,0.164755274521,0.102972046575
-0.265625000,-0.359375000,0.198022587706,0.123764117316
-0.250000000,-0.359375000,0.228931151928,0.143081969955
-0.234375000,-0.359375000,0.257533137681,0.160958211051
-0.218750000,-0.359375000,0.283886323424,0.177428952140
-0.203125000,-0.359375000,0.308052409065,0.192532755665
-0.187500000,-0.359375000,0.330095450389,0.206309656493
-0.171875000,-0.359375000,0.350080413786,0.218800258616
-0.156250000,-0.359375000,0.368071847823,0.230044904889
-0.140625000,-0.359375000,0.384132671064,0.240082919415
-0.125000000,-0.359375000,0.398425072940,0.249015670587
-0.109375000,-0.359375000,0.410759843045,0.256724901903
-0.093750000,-0.359375000,0.421346966336,0.263341853960
-0.078125000,-0.359375000,0.430229080084,0.268893175053
-0.062500000,-0.359375000,0.437443425366,0.273402140853
-0.046875000,-0.359375000,0.443021263425,0.276888289640
-0.031250000,-0.359375000,0.446987399720,0.279367124825
-0.015625000,-0.359375000,0.449230653520,0.280769158450
0.000000000,-0.359375000,0.450033846507,0.281271154067
0.015625000,-0.359375000,0.449230653520,0.280769158450
0.031250000,-0.359375000,0.446987399720,0.279367124825
0.046875000,-0.359375000,0.443021263425,0.276888289640
0.062500000,-0.359375000,0.437443425366,0.273402140853
0.078125000,-0.359375000,0.430229080084,0.268893175053
0.093750000,-0.359375000,0.421346966336,0.263341853960
0.109375000,-0.359375000,0.410759843045,0.256724901903
0.125000000,-0.359375000,0.398425072940,0.249015670587
0.140625000,-0.359375000,0.384132671064,0.240082919415
0.156250000,-0.359375000,0.368071847823,0.230044904889
0.171875000,-0.359375000,0.350080413786,0.218800258616
0.187500000,-0.359375000,0.330095450389,0.206309656493
0.203125000,-0.359375000,0.308052409065,0.192532755665
0.218750000,-0.359375000,0.283886323424,0.177428952140
0.234375000,-0.359375000,0.257533137681,0.160958211051
0.250000000,-0.359375000,0.228931151928,0.143081969955
0.265625000,-0.359375000,0.198022587706,0.123764117316
0.281250000,-0.359375000,0.164755274521,0.102972046575
0.296875000,-0.359375000,0.129084461527,0.0806777884546
0.312500000,-0.359375000,0.0909747546856,0.0568592216785
0.328125000,-0.359375000,0.0504021832603,0.0315013645377
0.343750000,-0.359375000,0.00735639541579,0.00459774713487
0.359375000,-0.359375000,-0.0381570130809,-0.0238481331756
0.375000000,-0.359375000,-0.0861140381312,-0.0538212738320
0.390625000,-0.359375000,-0.136469672143,-0.0852935450894
0.406250000,-0.359375000,-0.189155175123,-0.118221984452
0.421875000,-0.359375000,-0.244075212315,-0.152547007697
0.437500000,-0.359375000,-0.301104860767,-0.188190537979
0.453125000,-0.359375000,-0.360086485849,-0.225054053656
0.468750000,-0.359375000,-0.420826493831,-0.263016558645
0.484375000,-0.359375000,-0.483091965064,-0.301932478165
0.500000000,-0.359375000,-0.546607176313,-0.341629485196
0.515625000,-0.359375000,-0.611050021888,-0.381906263680
0.531250000,-0.359375000,-0.676048347827,-0.422530217392
0.546875000,-0.359375000,-0.741176215075,-0.463235134422
0.562500000,-0.359375000,-0.805950112567,-0.503718820354
0.578125000,-0.359375000,-0.869825146166,-0.543640716354
0.593750000,-0.359375000,-0.932191236088,-0.582619522555
0.609375000,-0.359375000,-0.992369358957,-0.620230849348
0.625000000,-0.359375000,-1.04960788414,-0.656004927590
0.640625000,-0.359375000,-1.10307905836,-0.689424411476
0.656250000,-0.359375000,-1.15187570881,-0.719922318008
0.671875000,-0.359375000,-1.19500824406,-0.746880152540
0.687500000,-0.359375000,-1.23140205380,-0.769626283628
0.703125000,-0.359375000,-1.25989542075,-0.787434637972
0.718750000,-0.359375000,-1.27923808846,-0.799523805290
0.734375000,-0.359375000,-1.28809064939,-0.805056655868
0.750000000,-0.359375000,-1.28502495441,-0.803140596508
0.765625000,-0.359375000,-1.26852578055,-0.792828612843
0.781250000,-0.359375000,-1.23699404148,-0.773121275928
0.796875000,-0.359375000,-1.18875187928,-0.742969924547
0.812500000,-0.359375000,-1.12205004158,-0.701281275988
0.828125000,-0.359375000,-1.03507802666,-0.646923766660
0.843750000,-0.359375000,-0.925977574582,-0.578735984114
0.859375000,-0.359375000,-0.792860193337,-0.495537620836
0.875000000,-0.359375000,-0.633829549452,-0.396143468408
0.890625000,-0.359375000,-0.447009713918,-0.279381071199
0.906250000,-0.359375000,-0.230580456528,-0.144112785330
0.921875000,-0.359375000,,
0.937500000,-0.359375000,,
0.953125000,-0.359375000,,
0.968750000,-0.359375000,,
0.984375000,-0.359375000,,
1.000000000,-0.359375000,,
-1.000000000,-0.343750000,,
-0.984375000,-0.343750000,,
-0.968750000,-0.343750000,,
-0.953125000,-0.343750000,,
-0.937500000,-0.343750000,,
-0.921875000,-0.343750000,-0.0553299825564,-0.0345812390978
-0.906250000,-0.343750000,-0.300547790195,-0.187842368872
-0.890625000,-0.343750000,-0.514077312810,-0.321298320507
-0.875000000,-0.343750000,-0.697749408348,-0.436093380218
-0.859375000,-0.343750000,-0.853476443497,-0.533422777186
-0.843750000,-0.343750000,-0.983211108700,-0.614506942938
-0.828125000,-0.343750000,-1.08891333191,-0.680570832446
-0.812500000,-0.343750000,-1.17252391570,-0.732827447312
-0.796875000,-0.343750000,-1.23594375796,-0.772464848722
-0.781250000,-0.343750000,-1.28101770425,-0.800636065155
-0.765625000,-0.343750000,-1.30952224159,-0.818451400995
-0.750000000,-0.343750000,-1.32315637044,-0.826972731523
-0.734375000,-0.343750000,-1.32353510493,-0.827209440583
-0.718750000,-0.343750000,-1.31218513678,-0.820115710485
-0.703125000,-0.343750000,-1.29054227831,-0.806588923942
-0.687500000,-0.343750000,-1.25995035926,-0.787468974539
-0.671875000,-0.343750000,-1.22166130686,-0.763538316790
-0.656250000,-0.343750000,-1.17683618126,-0.735522613286
-0.640625000,-0.343750000,-1.12654697658,-0.704091860362
-0.625000000,-0.343750000,-1.07177902743,-0.669861892146
-0.609375000,-0.343750000,-1.01343388759,-0.633396179745
-0.593750000,-0.343750000,-0.952332569895,-0.595207856184
-0.578125000,-0.343750000,-0.889219053312,-0.555761908320
-0.562500000,-0.343750000,-0.824763980265,-0.515477487666
-0.546875000,-0.343750000,-0.759568479711,-0.474730299819
-0.531250000,-0.343750000,-0.694168062050,-0.433855038781
-0.515625000,-0.343750000,-0.629036542139,-0.393147838837
-0.500000000,-0.343750000,-0.564589954315,-0.352868721447
-0.484375000,-0.343750000,-0.501190428913,-0.313244018071
-0.468750000,-0.343750000,-0.439150007521,-0.274468754701
-0.453125000,-0.343750000,-0.378734376255,-0.236708985159
-0.437500000,-0.343750000,-0.320166502629,-0.200104064143
-0.421875000,-0.343750000,-0.263630163364,-0.164768852102
-0.406250000,-0.343750000,-0.209273353949,-0.130795846218
-0.390625000,-0.343750000,-0.157211572858,-0.0982572330362
-0.375000000,-0.343750000,-0.107530976106,-0.0672068600662
-0.359375000,-0.343750000,-0.0602913967768,-0.0376821229855
-0.343750000,-0.343750000,-0.0155292301629,-0.00970576885183
-0.328125000,-0.343750000,0.0267398192558,0.0167123870349
-0.312500000,-0.343750000,0.0665181273309,0.0415738295818
-0.296875000,-0.343750000,0.103823676737,0.0648897979607
-0.281250000,-0.343750000,0.138687718374,0.0866798239837
-0.265625000,-0.343750000,0.171152567544,0.106970354715
-0.250000000,-0.343750000,0.201269531019,0.125793456887
-0.234375000,-0.343750000,0.229096965446,0.143185603404
-0.218750000,-0.343750000,0.254698461954,0.159186538721
-0.203125000,-0.343750000,0.278141157019,0.173838223137
-0.187500000,-0.343750000,0.299494165678,0.187183853549
-0.171875000,-0.343750000,0.318827135435,0.199266959647
-0.156250000,-0.343750000,0.336208917354,0.210130573346
-0.140625000,-0.343750000,0.351706354069,0.219816471293
-0.125000000,-0.343750000,0.365484008613,0.228427505383
-0.109375000,-0.343750000,0.377357941814,0.235848713634
-0.093750000,-0.343750000,0.387540288740,0.242212680463
-0.078125000,-0.343750000,0.396075996845,0.247547498028
-0.062500000,-0.343750000,0.403004260019,0.251877662512
-0.046875000,-0.343750000,0.408357935772,0.255223709858
-0.031250000,-0.343750000,0.412163070578,0.257601919111
-0.015625000,-0.343750000,0.414438531390,0.259024082119
0.000000000,-0.343750000,0.415195742998,0.259497339374
0.015625000,-0.343750000,0.414438531390,0.259024082119
0.031250000,-0.343750000,0.412163070578,0.257601919111
0.046875000,-0.343750000,0.408357935772,0.255223709858
0.062500000,-0.343750000,0.403004260019,0.251877662512
0.078125000,-0.343750000,0.396075996845,0.247547498028
0.093750000,-0.343750000,0.387540288740,0.242212680463
0.109375000,-0.343750000,0.377357941814,0.235848713634
0.125000000,-0.343750000,0.365484008613,0.228427505383
0.140625000,-0.343750000,0.351706354069,0.219816471293
0.156250000,-0.343750000,0.336208917354,0.210130573346
0.171875000,-0.343750000,0.318827135435,0.199266959647
0.187500000,-0.343750000,0.299494165678,0.187183853549
0.203125000,-0.343750000,0.278141157019,0.173838223137
0.218750000,-0.343750000,0.254698461954,0.159186538721
0.234375000,-0.343750000,0.229096965446,0.143185603404
0.250000000,-0.343750000,0.201269531019,0.125793456887
0.265625000,-0.343750000,0.171152567544,0.106970354715
0.281250000,-0.343750000,0.138687718374,0.0866798239837
0.296875000,-0.343750000,0.103823676737,0.0648897979607
0.312500000,-0.343750000,0.0665181273309,0.0415738295818
0.328125000,-0.343750000,0.0267398192558,0.0167123870349
0.343750000,-0.343750000,-0.0155292301629,-0.00970576885183
0.359375000,-0.343750000,-0.0602913967768,-0.0376821229855
0.375000000,-0.343750000,-0.107530976106,-0.0672068600662
0.390625000,-0.343750000,-0.157211572858,-0.0982572330362
0.406250000,-0.343750000,-0.209273353949,-0.130795846218
0.421875000,-0.343750000,-0.263630163364,-0.164768852102
0.437500000,-0.343750000,-0.320166502629,-0.200104064143
0.453125000,-0.343750000,-0.378734376255,-0.236708985159
0.468750000,-0.343750000,-0.439150007521,-0.274468754701
0.484375000,-0.343750000,-0.501190428913,-0.313244018071
0.500000000,-0.343750000,-0.564589954315,-0.352868721447
0.515625000,-0.343750000,-0.629036542139,-0.393147838837
0.531250000,-0.343750000,-0.694168062050,-0.433855038781
0.546875000,-0.343750000,-0.759568479711,-0.474730299819
0.562500000,-0.343750000,-0.824763980265,-0.515477487666
0.578125000,-0.343750000,-0.889219053312,-0.555761908320
0.593750000,-0.343750000,-0.952332569895,-0.595207856184
0.609375000,-0.343750000,-1.01343388759,-0.633396179745
0.625000000,-0.343750000,-1.07177902743,-0.669861892146
0.640625000,-0.343750000,-1.12654697658,-0.704091860362
0.656250000,-0.343750000,-1.17683618126,-0.735522613286
0.671875000,-0.343750000,-1.22166130686,-0.763538316790
0.687500000,-0.343750000,-1.25995035926,-0.787468974539
0.703125000,-0.343750000,-1.29054227831,-0.806588923942
0.718750000,-0.343750000,-1.31218513678,-0.820115710485
0.734375000,-0.343750000,-1.32353510493,-0.827209440583
0.750000000,-0.343750000,-1.32315637044,-0.826972731523
0.765625000,-0.343750000,-1.30952224159,-0.818451400995
0.781250000,-0.343750000,-1.28101770425,-0.800636065155
0.796875000,-0.343750000,-1.23594375796,-0.772464848722
0.812500000,-0.343750000,-1.17252391570,-0.732827447312
0.828125000,-0.343750000,-1.08891333191,-0.680570832446
0.843750000,-0.343750000,-0.983211108700,-0.614506942938
0.859375000,-0.343750000,-0.853476443497,-0.533422777186
0.875000000,-0.343750000,-0.697749408348,-0.436093380218
0.890625000,-0.343750000,-0.514077312810,-0.321298320507
0.906250000,-0.343750000,-0.300547790195,-0.187842368872
0.921875000,-0.343750000,-0.0553299825564,-0.0345812390978
0.937500000,-0.343750000,,
0.953125000,-0.343750000,,
0.968750000,-0.343750000,,
0.984375000,-0.343750000,,
1.000000000,-0.343750000,,
-1.000000000,-0.328125000,,
-0.984375000,-0.328125000,,
-0.968750000,-0.328125000,,
-0.953125000,-0.328125000,,
-0.937500000,-0.328125000,,
-0.921875000,-0.328125000,-0.124038140480,-0.0775238378000
-0.906250000,-0.328125000,-0.366698467194,-0.229186541996
-0.890625000,-0.328125000,-0.577354292301,-0.360846432688
-0.875000000,-0.328125000,-0.757938144247,-0.473711340154
-0.859375000,-0.328125000,-0.910447416483,-0.569029635302
-0.843750000,-0.328125000,-1.03690557367,-0.648065983544
-0.828125000,-0.328125000,-1.13933110245,-0.712081939028
-0.812500000,-0.328125000,-1.21971288982,-0.762320556135
-0.796875000,-0.328125000,-1.27999093153,-0.799994332209
-0.781250000,-0.328125000,-1.32204146323,-0.826275914518
-0.765625000,-0.328125000,-1.34766574991,-0.842291093696
-0.750000000,-0.328125000,-1.35858190346,-0.849113689665
-0.734375000,-0.328125000,-1.35641919634,-0.847761997714
-0.718750000,-0.328125000,-1.34271442888,-0.839196518047
-0.703125000,-0.328125000,-1.31890998002,-0.824318737515
-0.687500000,-0.328125000,-1.28635323053,-0.803970769084
-0.671875000,-0.328125000,-1.24629709938,-0.778935687115
-0.656250000,-0.328125000,-1.19990147468,-0.749938421673
-0.640625000,-0.328125000,-1.14823535921,-0.717647099505
-0.625000000,-0.328125000,-1.09227957479,-0.682674734245
-0.609375000,-0.328125000,-1.03292990188,-0.645581188672
-0.593750000,-0.328125000,-0.971000544431,-0.606875340269
-0.578125000,-0.328125000,-0.907227834554,-0.567017396596
-0.562500000,-0.328125000,-0.842274100313,-0.526421312696
-0.546875000,-0.328125000,-0.776731638153,-0.485457273846
-0.531250000,-0.328125000,-0.711126736635,-0.444454210397
-0.515625000,-0.328125000,-0.645923712714,-0.403702320446
-0.500000000,-0.328125000,-0.581528923411,-0.363455577132
-0.484375000,-0.328125000,-0.518294727901,-0.323934204938
-0.468750000,-0.328125000,-0.456523375416,-0.285327109635
-0.453125000,-0.328125000,-0.396470801788,-0.247794251118
-0.437500000,-0.328125000,-0.338350320976,-0.211468950610
-0.421875000,-0.328125000,-0.282336199439,-0.176460124649
-0.406250000,-0.328125000,-0.228567105977,-0.142854441236
-0.390625000,-0.328125000,-0.177149429986,-0.110718393741
-0.375000000,-0.328125000,-0.128160464890,-0.0801002905560
-0.359375000,-0.328125000,-0.0816514520028,-0.0510321575017
-0.343750000,-0.328125000,-0.0376504862586,-0.0235315539116
-0.328125000,-0.328125000,0.00383471998661,0.00239669999163
-0.312500000,-0.328125000,0.0428142127930,0.0267588829956
-0.296875000,-0.328125000,0.0793133112232,0.0495708195145
-0.281250000,-0.328125000,0.113370260435,0.0708564127721
-0.265625000,-0.328125000,0.145034020269,0.0906462626683
-0.250000000,-0.328125000,0.174362187602,0.108976367251
-0.234375000,-0.328125000,0.201419049858,0.125886906161
-0.218750000,-0.328125000,0.226273767899,0.141421104937
-0.203125000,-0.328125000,0.248998684401,0.155624177751
-0.187500000,-0.328125000,0.269667756881,0.168542348051
-0.171875000,-0.328125000,0.288355110335,0.180221943959
-0.156250000,-0.328125000,0.305133709917,0.190708568698
-0.140625000,-0.328125000,0.320074148503,0.200046342814
-0.125000000,-0.328125000,0.333350082166,0.208343801354
-0.109375000,-0.328125000,0.344767320917,0.215479575573
-0.093750000,-0.328125000,0.354548753001,0.221592970626
-0.078125000,-0.328125000,0.362741520327,0.226713450204
-0.062500000,-0.328125000,0.369386671042,0.230866669401
-0.046875000,-0.328125000,0.374518578491,0.234074111557
-0.031250000,-0.328125000,0.378164466793,0.236352791746
-0.015625000,-0.328125000,0.380344043502,0.237715027189
0.000000000,-0.328125000,0.381069237800,0.238168273625
0.015625000,-0.328125000,0.380344043502,0.237715027189
0.031250000,-0.328125000,0.378164466793,0.236352791746
0.046875000,-0.328125000,0.374518578491,0.234074111557
0.062500000,-0.328125000,0.369386671042,0.230866669401
0.078125000,-0.328125000,0.362741520327,0.226713450204
0.093750000,-0.328125000,0.354548753001,0.221592970626
0.109375000,-0.328125000,0.344767320917,0.215479575573
0.125000000,-0.328125000,0.333350082166,0.208343801354
0.140625000,-0.328125000,0.320074148503,0.200046342814
0.156250000,-0.328125000,0.305133709917,0.190708568698
0.171875000,-0.328125000,0.288355110335,0.180221943959
0.187500000,-0.328125000,0.269667756881,0.168542348051
0.203125000,-0.328125000,0.248998684401,0.155624177751
0.218750000,-0.328125000,0.226273767899,0.141421104937
0.234375000,-0.328125000,0.201419049858,0.125886906161
0.250000000,-0.328125000,0.174362187602,0.108976367251
0.265625000,-0.328125000,0.145034020269,0.0906462626683
0.281250000,-0.328125000,0.113370260435,0.0708564127721
0.296875000,-0.328125000,0.0793133112232,0.0495708195145
0.312500000,-0.328125000,0.0428142127930,0.0267588829956
0.328125000,-0.328125000,0.00383471998661,0.00239669999163
0.343750000,-0.328125000,-0.0376504862586,-0.0235315539116
0.359375000,-0.328125000,-0.0816514520028,-0.0510321575017
0.375000000,-0.328125000,-0.128160464890,-0.0801002905560
0.390625000,-0.328125000,-0.177149429986,-0.110718393741
0.406250000,-0.328125000,-0.228567105977,-0.142854441236
0.421875000,-0.328125000,-0.282336199439,-0.176460124649
0.437500000,-0.328125000,-0.338350320976,-0.211468950610
0.453125000,-0.328125000,-0.396470801788,-0.247794251118
0.468750000,-0.328125000,-0.456523375416,-0.285327109635
0.484375000,-0.328125000,-0.518294727901,-0.323934204938
0.500000000,-0.328125000,-0.581528923411,-0.363455577132
0.515625000,-0.328125000,-0.645923712714,-0.403702320446
0.531250000,-0.328125000,-0.711126736635,-0.444454210397
0.546875000,-0.328125000,-0.776731638153,-0.485457273846
0.562500000,-0.328125000,-0.842274100313,-0.526421312696
0.578125000,-0.328125000,-0.907227834554,-0.567017396596
0.593750000,-0.328125000,-0.971000544431,-0.606875340269
0.609375000,-0.328125000,-1.03292990188,-0.645581188672
0.625000000,-0.328125000,-1.09227957479,-0.682674734245
0.640625000,-0.328125000,-1.14823535921,-0.717647099505
0.656250000,-0.328125000,-1.19990147468,-0.749938421673
0.671875000,-0.328125000,-1.24629709938,-0.778935687115
0.687500000,-0.328125000,-1.28635323053,-0.803970769084
0.703125000,-0.328125000,-1.31890998002,-0.824318737515
0.718750000,-0.328125000,-1.34271442888,-0.839196518047
0.734375000,-0.328125000,-1.35641919634,-0.847761997714
0.750000000,-0.328125000,-1.35858190346,-0.849113689665
0.765625000,-0.328125000,-1.34766574991,-0.842291093696
0.781250000,-0.328125000,-1.32204146323,-0.826275914518
0.796875000,-0.328125000,-1.27999093153,-0.799994332209
0.812500000,-0.328125000,-1.21971288982,-0.762320556135
0.828125000,-0.328125000,-1.13933110245,-0.712081939028
0.843750000,-0.328125000,-1.03690557367,-0.648065983544
0.859375000,-0.328125000,-0.910447416483,-0.569029635302
0.875000000,-0.328125000,-0.757938144247,-0.473711340154
0.890625000,-0.328125000,-0.577354292301,-0.360846432688
0.906250000,-0.328125000,-0.366698467194,-0.229186541996
0.921875000,-0.328125000,-0.124038140480,-0.0775238378000
0.937500000,-0.328125000,,
0.953125000,-0.328125000,,
0.968750000,-0.328125000,,
0.984375000,-0.328125000,,
1.000000000,-0.328125000,,
-1.000000000,-0.312500000,,
-0.984375000,-0.312500000,,
-0.968750000,-0.312500000,,
-0.953125000,-0.312500000,,
-0.937500000,-0.312500000,,
-0.921875000,-0.312500000,-0.188593266225,-0.117870791391
-0.906250000,-0.312500000,-0.428725601259,-0.267953500787
-0.890625000,-0.312500000,-0.636573024332,-0.397858140208
-0.875000000,-0.312500000,-0.814162101623,-0.508851313514
-0.859375000,-0.312500000,-0.963568830683,-0.602230519177
-0.843750000,-0.312500000,-1.08688205324,-0.679301283278
-0.828125000,-0.312500000,-1.18617428739,-0.741358929620
-0.812500000,-0.312500000,-1.26347871479,-0.789674196742
-0.796875000,-0.312500000,-1.32077126777,-0.825482042356
-0.781250000,-0.312500000,-1.35995694394,-0.849973089961
-0.765625000,-0.312500000,-1.38285961328,-0.864287258297
-0.750000000,-0.312500000,-1.39121471322,-0.869509195763
-0.734375000,-0.312500000,-1.38666431922,-0.866665199514
-0.718750000,-0.312500000,-1.37075416633,-0.856721353954
-0.703125000,-0.312500000,-1.34493226683,-0.840582666768
-0.687500000,-0.312500000,-1.31054882407,-0.819093015046
-0.671875000,-0.312500000,-1.26885719515,-0.793035746971
-0.656250000,-0.312500000,-1.22101569196,-0.763134807477
-0.640625000,-0.312500000,-1.16809004844,-0.730056280273
-0.625000000,-0.312500000,-1.11105640477,-0.694410252981
-0.609375000,-0.312500000,-1.05080469051,-0.656752931569
-0.593750000,-0.312500000,-0.988142301900,-0.617588938687
-0.578125000,-0.312500000,-0.923797990756,-0.577373744223
-0.562500000,-0.312500000,-0.858425893212,-0.536516183258
-0.546875000,-0.312500000,-0.792609641821,-0.495381026138
-0.531250000,-0.312500000,-0.726866511580,-0.454291569738
-0.515625000,-0.312500000,-0.661651561201,-0.413532225750
-0.500000000,-0.312500000,-0.597361737190,-0.373351085744
-0.484375000,-0.312500000,-0.534339914950,-0.333962446844
-0.468750000,-0.312500000,-0.472878855574,-0.295549284734
-0.453125000,-0.312500000,-0.413225062340,-0.258265663962
-0.437500000,-0.312500000,-0.355582522329,-0.222239076456
-0.421875000,-0.312500000,-0.300116325432,-0.187572703395
-0.406250000,-0.312500000,-0.246956151069,-0.154347594418
-0.390625000,-0.312500000,-0.196199618433,-0.122624761521
-0.375000000,-0.312500000,-0.147915496464,-0.0924471852903
-0.359375000,-0.312500000,-0.102146770884,-0.0638417318028
-0.343750000,-0.312500000,-0.0589135680242,-0.0368209800151
-0.328125000,-0.312500000,-0.0182159342115,-0.0113849588822
-0.312500000,-0.312500000,0.0199635271565,0.0124772044728
-0.296875000,-0.312500000,0.0556571605689,0.0347857253556
-0.281250000,-0.312500000,0.0889099035835,0.0555686897397
-0.265625000,-0.312500000,0.119777068930,0.0748606680810
-0.250000000,-0.312500000,0.148322262844,0.0927014142772
-0.234375000,-0.312500000,0.174615435509,0.109134647193
-0.218750000,-0.312500000,0.198731061484,0.124206913427
-0.203125000,-0.312500000,0.220746447687,0.137966529804
-0.187500000,-0.312500000,0.240740165728,0.150462603580
-0.171875000,-0.312500000,0.258790605109,0.161744128193
-0.156250000,-0.312500000,0.274974646507,0.171859154067
-0.140625000,-0.312500000,0.289366450716,0.180854031698
-0.125000000,-0.312500000,0.302156371340,0.188847732087
-0.109375000,-0.312500000,0.313122511249,0.195701569530
-0.093750000,-0.312500000,0.322508162274,0.201567601421
-0.078125000,-0.312500000,0.330362539283,0.206476587052
-0.062500000,-0.312500000,0.336728442000,0.210455276250
-0.046875000,-0.312500000,0.341641674723,0.213526046702
-0.031250000,-0.312500000,0.345130573418,0.215706608387
-0.015625000,-0.312500000,0.347215639142,0.217009774463
0.000000000,-0.312500000,0.347909276924,0.217443298078
0.015625000,-0.312500000,0.347215639142,0.217009774463
0.031250000,-0.312500000,0.345130573418,0.215706608387
0.046875000,-0.312500000,0.341641674723,0.213526046702
0.062500000,-0.312500000,0.336728442000,0.210455276250
0.078125000,-0.312500000,0.330362539283,0.206476587052
0.093750000,-0.312500000,0.322508162274,0.201567601421
0.109375000,-0.312500000,0.313122511249,0.195701569530
0.125000000,-0.312500000,0.302156371340,0.188847732087
0.140625000,-0.312500000,0.289366450716,0.180854031698
0.156250000,-0.312500000,0.274974646507,0.171859154067
0.171875000,-0.312500000,0.258790605109,0.161744128193
0.187500000,-0.312500000,0.240740165728,0.150462603580
0.203125000,-0.312500000,0.220746447687,0.137966529804
0.218750000,-0.312500000,0.198731061484,0.124206913427
0.234375000,-0.312500000,0.174615435509,0.109134647193
0.250000000,-0.312500000,0.148322262844,0.0927014142772
0.265625000,-0.312500000,0.119777068930,0.0748606680810
0.281250000,-0.312500000,0.0889099035835,0.0555686897397
0.296875000,-0.312500000,0.0556571605689,0.0347857253556
0.312500000,-0.312500000,0.0199635271565,0.0124772044728
0.328125000,-0.312500000,-0.0182159342115,-0.0113849588822
0.343750000,-0.312500000,-0.0589135680242,-0.0368209800151
0.359375000,-0.312500000,-0.102146770884,-0.0638417318028
0.375000000,-0.312500000,-0.147915496464,-0.0924471852903
0.390625000,-0.312500000,-0.196199618433,-0.122624761521
0.406250000,-0.312500000,-0.246956151069,-0.154347594418
0.421875000,-0.312500000,-0.300116325432,-0.187572703395
0.437500000,-0.312500000,-0.355582522329,-0.222239076456
0.453125000,-0.312500000,-0.413225062340,-0.258265663962
0.468750000,-0.312500000,-0.472878855574,-0.295549284734
0.484375000,-0.312500000,-0.534339914950,-0.333962446844
0.500000000,-0.312500000,-0.597361737190,-0.373351085744
0.515625000,-0.312500000,-0.661651561201,-0.413532225750
0.531250000,-0.312500000,-0.726866511580,-0.454291569738
0.546875000,-0.312500000,-0.792609641821,-0.495381026138
0.562500000,-0.312500000,-0.858425893212,-0.536516183258
0.578125000,-0.312500000,-0.923797990756,-0.577373744223
0.593750000,-0.312500000,-0.988142301900,-0.617588938687
0.609375000,-0.312500000,-1.05080469051,-0.656752931569
0.625000000,-0.312500000,-1.11105640477,-0.694410252981
0.640625000,-0.312500000,-1.16809004844,-0.730056280273
0.656250000,-0.312500000,-1.22101569196,-0.763134807477
0.671875000,-0.312500000,-1.26885719515,-0.793035746971
0.687500000,-0.312500000,-1.31054882407,-0.819093015046
0.703125000,-0.312500000,-1.34493226683,-0.840582666768
0.718750000,-0.312500000,-1.37075416633,-0.856721353954
0.734375000,-0.312500000,-1.38666431922,-0.866665199514
0.750000000,-0.312500000,-1.39121471322,-0.869509195763
0.765625000,-0.312500000,-1.38285961328,-0.864287258297
0.781250000,-0.312500000,-1.35995694394,-0.849973089961
0.796875000,-0.312500000,-1.32077126777,-0.825482042356
0.812500000,-0.312500000,-1.26347871479,-0.789674196742
0.828125000,-0.312500000,-1.18617428739,-0.741358929620
0.843750000,-0.312500000,-1.08688205324,-0.679301283278
0.859375000,-0.312500000,-0.963568830683,-0.602230519177
0.875000000,-0.312500000,-0.814162101623,-0.508851313514
0.890625000,-0.312500000,-0.636573024332,-0.397858140208
0.906250000,-0.312500000,-0.428725601259,-0.267953500787
0.921875000,-0.312500000,-0.188593266225,-0.117870791391
0.937500000,-0.312500000,,
0.953125000,-0.312500000,,
0.968750000,-0.312500000,,
0.984375000,-0.312500000,,
1.000000000,-0.312500000,,
-1.000000000,-0.296875000,,
-0.984375000,-0.296875000,,
-0.968750000,-0.296875000,,
-0.953125000,-0.296875000,,
-0.937500000,-0.296875000,0.0235672541682,0.0147295338551
-0.921875000,-0.296875000,-0.248679142810,-0.155424464257
-0.906250000,-0.296875000,-0.486355040312,-0.303971900195
-0.890625000,-0.296875000,-0.691495876712,-0.432184922945
-0.875000000,-0.296875000,-0.866215341640,-0.541384588525
-0.859375000,-0.296875000,-1.01266223091,-0.632913894316
-0.843750000,-0.296875000,-1.13298589589,-0.708116184929
-0.828125000,-0.296875000,-1.22930881467,-0.768318009167
-0.812500000,-0.296875000,-1.30370506787,-0.814815667416
-0.796875000,-0.296875000,-1.35818370295,-0.848864814345
-0.781250000,-0.296875000,-1.39467614594,-0.871672591215
-0.765625000,-0.296875000,-1.41502695478,-0.884391846739
-0.750000000,-0.296875000,-1.42098732909,-0.888117080682
-0.734375000,-0.296875000,-1.41421088555,-0.883881803466
-0.718750000,-0.296875000,-1.39625129004,-0.872657056276
-0.703125000,-0.296875000,-1.36856140312,-0.855350876951
-0.687500000,-0.296875000,-1.33249365299,-0.832808533117
-0.671875000,-0.296875000,-1.28930139665,-0.805813372906
-0.656250000,-0.296875000,-1.24014106741,-0.775088167128
-0.640625000,-0.296875000,-1.18607494327,-0.741296839541
-0.625000000,-0.296875000,-1.12807439455,-0.705046496593
-0.609375000,-0.296875000,-1.06702349506,-0.666889684412
-0.593750000,-0.296875000,-1.00372289882,-0.627326811760
-0.578125000,-0.296875000,-0.938893902375,-0.586808688984
-0.562500000,-0.296875000,-0.873182625695,-0.545739141059
-0.546875000,-0.296875000,-0.807164254762,-0.504477659226
-0.531250000,-0.296875000,-0.741347302947,-0.463342064342
-0.515625000,-0.296875000,-0.676177851432,-0.422611157145
-0.500000000,-0.296875000,-0.612043740032,-0.382527337520
-0.484375000,-0.296875000,-0.549278682950,-0.343299176844
-0.468750000,-0.296875000,-0.488166290399,-0.305103931499
-0.453125000,-0.296875000,-0.428943980210,-0.268089987631
-0.437500000,-0.296875000,-0.371806768473,-0.232379230296
-0.421875000,-0.296875000,-0.316910928523,-0.198069330327
-0.406250000,-0.296875000,-0.264377513059,-0.165235945662
-0.390625000,-0.296875000,-0.214295733789,-0.133934833618
-0.375000000,-0.296875000,-0.166726196370,-0.104203872731
-0.359375000,-0.296875000,-0.121703988301,-0.0760649926881
-0.343750000,-0.296875000,-0.0792416194930,-0.0495260121831
-0.328125000,-0.296875000,-0.0393318161051,-0.0245823850657
-0.312500000,-0.296875000,-0.00195016870169,-0.00121885543856
-0.296875000,-0.296875000,0.0329423640770,0.0205889775481
-0.281250000,-0.296875000,0.0653970931043,0.0408731831902
-0.265625000,-0.296875000,0.0954753769540,0.0596721105963
-0.250000000,-0.296875000,0.123246535579,0.0770290847372
-0.234375000,-0.296875000,0.148785899298,0.0929911870613
-0.218750000,-0.296875000,0.172172987553,0.107608117221
-0.203125000,-0.296875000,0.193489816765,0.120931135478
-0.187500000,-0.296875000,0.212819332691,0.133012082932
-0.171875000,-0.296875000,0.230243965237,0.143902478273
-0.156250000,-0.296875000,0.245844302514,0.153652689071
-0.140625000,-0.296875000,0.259697881490,0.162311175931
-0.125000000,-0.296875000,0.272021043850,0.170013152406
-0.109375000,-0.296875000,0.282543184876,0.176589490547
-0.093750000,-0.296875000,0.291539505786,0.182212191116
-0.078125000,-0.296875000,0.299061167514,0.186913229696
-0.062500000,-0.296875000,0.305152613252,0.190720383282
-0.046875000,-0.296875000,0.309850989725,0.193656868578
-0.031250000,-0.296875000,0.313185675795,0.195741047372
-0.015625000,-0.296875000,0.315177916597,0.196986197873
0.000000000,-0.296875000,0.315840563192,0.197400351995
0.015625000,-0.296875000,0.315177916597,0.196986197873
0.031250000,-0.296875000,0.313185675795,0.195741047372
0.046875000,-0.296875000,0.309850989725,0.193656868578
0.062500000,-0.296875000,0.305152613252,0.190720383282
0.078125000,-0.296875000,0.299061167514,0.186913229696
0.093750000,-0.296875000,0.291539505786,0.182212191116
0.109375000,-0.296875000,0.282543184876,0.176589490547
0.125000000,-0.296875000,0.272021043850,0.170013152406
0.140625000,-0.296875000,0.259697881490,0.162311175931
0.156250000,-0.296875000,0.245844302514,0.153652689071
0.171875000,-0.296875000,0.230243965237,0.143902478273
0.187500000,-0.296875000,0.212819332691,0.133012082932
0.203125000,-0.296875000,0.193489816765,0.120931135478
0.218750000,-0.296875000,0.172172987553,0.107608117221
0.234375000,-0.296875000,0.148785899298,0.0929911870613
0.250000000,-0.296875000,0.123246535579,0.0770290847372
0.265625000,-0.296875000,0.0954753769540,0.0596721105963
0.281250000,-0.296875000,0.0653970931043,0.0408731831902
0.296875000,-0.296875000,0.0329423640770,0.0205889775481
0.312500000,-0.296875000,-0.00195016870169,-0.00121885543856
0.328125000,-0.296875000,-0.0393318161051,-0.0245823850657
0.343750000,-0.296875000,-0.0792416194930,-0.0495260121831
0.359375000,-0.296875000,-0.121703988301,-0.0760649926881
0.375000000,-0.296875000,-0.166726196370,-0.104203872731
0.390625000,-0.296875000,-0.214295733789,-0.133934833618
0.406250000,-0.296875000,-0.264377513059,-0.165235945662
0.421875000,-0.296875000,-0.316910928523,-0.198069330327
0.437500000,-0.296875000,-0.371806768473,-0.232379230296
0.453125000,-0.296875000,-0.428943980210,-0.268089987631
0.468750000,-0.296875000,-0.488166290399,-0.305103931499
0.484375000,-0.296875000,-0.549278682950,-0.343299176844
0.500000000,-0.296875000,-0.612043740032,-0.382527337520
0.515625000,-0.296875000,-0.676177851432,-0.422611157145
0.531250000,-0.296875000,-0.741347302947,-0.463342064342
0.546875000,-0.296875000,-0.807164254762,-0.504477659226
0.562500000,-0.296875000,-0.873182625695,-0.545739141059
0.578125000,-0.296875000,-0.938893902375,-0.586808688984
0.593750000,-0.296875000,-1.00372289882,-0.627326811760
0.609375000,-0.296875000,-1.06702349506,-0.666889684412
0.625000000,-0.296875000,-1.12807439455,-0.705046496593
0.640625000,-0.296875000,-1.18607494327,-0.741296839541
0.656250000,-0.296875000,-1.24014106741,-0.775088167128
0.671875000,-0.296875000,-1.28930139665,-0.805813372906
0.687500000,-0.296875000,-1.33249365299,-0.832808533117
0.703125000,-0.296875000,-1.36856140312,-0.855350876951
0.718750000,-0.296875000,-1.39625129004,-0.872657056276
0.734375000,-0.296875000,-1.41421088555,-0.883881803466
0.750000000,-0.296875000,-1.42098732909,-0.888117080682
0.765625000,-0.296875000,-1.41502695478,-0.884391846739
0.781250000,-0.296875000,-1.39467614594,-0.871672591215
0.796875000,-0.296875000,-1.35818370295,-0.848864814345
0.812500000,-0.296875000,-1.30370506787,-0.814815667416
0.828125000,-0.296875000,-1.22930881467,-0.768318009167
0.843750000,-0.296875000,-1.13298589589,-0.708116184929
0.859375000,-0.296875000,-1.01266223091,-0.632913894316
0.875000000,-0.296875000,-0.866215341640,-0.541384588525
0.890625000,-0.296875000,-0.691495876712,-0.432184922945
0.906250000,-0.296875000,-0.486355040312,-0.303971900195
0.921875000,-0.296875000,-0.248679142810,-0.155424464257
0.937500000,-0.296875000,0.0235672541682,0.0147295338551
0.953125000,-0.296875000,,
0.968750000,-0.296875000,,
0.984375000,-0.296875000,,
1.000000000,-0.296875000,,
-1.000000000,-0.281250000,,
-0.984375000,-0.281250000,,
-0.968750000,-0.281250000,,
-0.953125000,-0.281250000,,
-0.937500000,-0.281250000,-0.0337904274718,-0.0211190171699
-0.921875000,-0.281250000,-0.304012505062,-0.190007815664
-0.906250000,-0.281250000,-0.539342758103,-0.337089223814
-0.890625000,-0.281250000,-0.741912991692,-0.463695619808
-0.875000000,-0.281250000,-0.913917749528,-0.571198593455
-0.859375000,-0.281250000,-1.05757337386,-0.660983358665
-0.843750000,-0.281250000,-1.17508533445,-0.734428334032
-0.828125000,-0.281250000,-1.26862240871,-0.792889005441
-0.812500000,-0.281250000,-1.34029653513,-0.837685334458
-0.796875000,-0.281250000,-1.39214736179,-0.870092101121
-0.781250000,-0.281250000,-1.42613067670,-0.891331672938
-0.765625000,-0.281250000,-1.44411003966,-0.902568774787
-0.750000000,-0.281250000,-1.44785105105,-0.904906906908
-0.734375000,-0.281250000,-1.43901778427,-0.899386115171
-0.718750000,-0.281250000,-1.41917098626,-0.886981866411
-0.703125000,-0.281250000,-1.38976771710,-0.868604823187
-0.687500000,-0.281250000,-1.35216215242,-0.845101345261
-0.671875000,-0.281250000,-1.30760731678,-0.817254572989
-0.656250000,-0.281250000,-1.25725755711,-0.785785973196
-0.640625000,-0.281250000,-1.20217159316,-0.751357245727
-0.625000000,-0.281250000,-1.14331601217,-0.714572507604
-0.609375000,-0.281250000,-1.08156909491,-0.675980684322
-0.593750000,-0.281250000,-1.01772488055,-0.636078050345
-0.578125000,-0.281250000,-0.952497391528,-0.595310869705
-0.562500000,-0.281250000,-0.886524957393,-0.554078098371
-0.546875000,-0.281250000,-0.820374582016,-0.512734113760
-0.531250000,-0.281250000,-0.754546311986,-0.471591444991
-0.515625000,-0.281250000,-0.689477571524,-0.430923482203
-0.500000000,-0.281250000,-0.625547434770,-0.390967146731
-0.484375000,-0.281250000,-0.563080811487,-0.351925507179
-0.468750000,-0.281250000,-0.502352530047,-0.313970331279
-0.453125000,-0.281250000,-0.443591301552,-0.277244563470
-0.437500000,-0.281250000,-0.386983554689,-0.241864721680
-0.421875000,-0.281250000,-0.332677133794,-0.207923208621
-0.406250000,-0.281250000,-0.280784853120,-0.175490533200
-0.390625000,-0.281250000,-0.231387904522,-0.144617440326
-0.375000000,-0.281250000,-0.184539114390,-0.115336946494
-0.359375000,-0.281250000,-0.140266051590,-0.0876662822438
-0.343750000,-0.281250000,-0.0985739832289,-0.0616087395181
-0.328125000,-0.281250000,-0.0594486812108,-0.0371554257568
-0.312500000,-0.281250000,-0.0228590800808,-0.0142869250505
-0.296875000,-0.281250000,0.0112402109186,0.00702513182411
-0.281250000,-0.281250000,0.0429065403825,0.0268165877391
-0.265625000,-0.281250000,0.0722069882745,0.0451293676716
-0.250000000,-0.281250000,0.0992162773830,0.0620101733644
-0.234375000,-0.281250000,0.124014820427,0.0775092627671
-0.218750000,-0.281250000,0.146686898978,0.0916793118615
-0.203125000,-0.281250000,0.167318970939,0.104574356837
-0.187500000,-0.281250000,0.185998104465,0.116248815291
-0.171875000,-0.281250000,0.202810533916,0.126756583698
-0.156250000,-0.281250000,0.217840336104,0.136150210065
-0.140625000,-0.281250000,0.231168222989,0.144480139368
-0.125000000,-0.281250000,0.242870449120,0.151794030700
-0.109375000,-0.281250000,0.253135214046,0.158209508779
-0.093750000,-0.281250000,0.261750024114,0.163593765071
-0.078125000,-0.281250000,0.268945813639,0.168091133525
-0.062500000,-0.281250000,0.274768556331,0.171730347707
-0.046875000,-0.281250000,0.279256648686,0.174535405429
-0.031250000,-0.281250000,0.282440439597,0.176525274748
-0.015625000,-0.281250000,0.284341866711,0.177713666695
0.000000000,-0.281250000,0.284974195979,0.178108872487
0.015625000,-0.281250000,0.284341866711,0.177713666695
0.031250000,-0.281250000,0.282440439597,0.176525274748
0.046875000,-0.281250000,0.279256648686,0.174535405429
0.062500000,-0.281250000,0.274768556331,0.171730347707
0.078125000,-0.281250000,0.268945813639,0.168091133525
0.093750000,-0.281250000,0.261750024114,0.163593765071
0.109375000,-0.281250000,0.253135214046,0.158209508779
0.125000000,-0.281250000,0.242870449120,0.151794030700
0.140625000,-0.281250000,0.231168222989,0.144480139368
0.156250000,-0.281250000,0.217840336104,0.136150210065
0.171875000,-0.281250000,0.202810533916,0.126756583698
0.187500000,-0.281250000,0.185998104465,0.116248815291
0.203125000,-0.281250000,0.167318970939,0.104574356837
0.218750000,-0.281250000,0.146686898978,0.0916793118615
0.234375000,-0.281250000,0.124014820427,0.0775092627671
0.250000000,-0.281250000,0.0992162773830,0.0620101733644
0.265625000,-0.281250000,0.0722069882745,0.0451293676716
0.281250000,-0.281250000,0.0429065403825,0.0268165877391
0.296875000,-0.281250000,0.0112402109186,0.00702513182411
0.312500000,-0.281250000,-0.0228590800808,-0.0142869250505
0.328125000,-0.281250000,-0.0594486812108,-0.0371554257568
0.343750000,-0.281250000,-0.0985739832289,-0.0616087395181
0.359375000,-0.281250000,-0.140266051590,-0.0876662822438
0.375000000,-0.281250000,-0.184539114390,-0.115336946494
0.390625000,-0.281250000,-0.231387904522,-0.144617440326
0.406250000,-0.281250000,-0.280784853120,-0.175490533200
0.421875000,-0.281250000,-0.332677133794,-0.207923208621
0.437500000,-0.281250000,-0.386983554689,-0.241864721680
0.453125000,-0.281250000,-0.443591301552,-0.277244563470
0.468750000,-0.281250000,-0.502352530047,-0.313970331279
0.484375000,-0.281250000,-0.563080811487,-0.351925507179
0.500000000,-0.281250000,-0.625547434770,-0.390967146731
0.515625000,-0.281250000,-0.689477571524,-0.430923482203
0.531250000,-0.281250000,-0.754546311986,-0.471591444991
0.546875000,-0.281250000,-0.820374582016,-0.512734113760
0.562500000,-0.281250000,-0.886524957393,-0.554078098371
0.578125000,-0.281250000,-0.952497391528,-0.595310869705
0.593750000,-0.281250000,-1.01772488055,-0.636078050345
0.609375000,-0.281250000,-1.08156909491,-0.675980684322
0.625000000,-0.281250000,-1.14331601217,-0.714572507604
0.640625000,-0.281250000,-1.20217159316,-0.751357245727
0.656250000,-0.281250000,-1.25725755711,-0.785785973196
0.671875000,-0.281250000,-1.30760731678,-0.817254572989
0.687500000,-0.281250000,-1.35216215242,-0.845101345261
0.703125000,-0.281250000,-1.38976771710,-0.868604823187
0.718750000,-0.281250000,-1.41917098626,-0.886981866411
0.734375000,-0.281250000,-1.43901778427,-0.899386115171
0.750000000,-0.281250000,-1.44785105105,-0.904906906908
0.765625000,-0.281250000,-1.44411003966,-0.902568774787
0.781250000,-0.281250000,-1.42613067670,-0.891331672938
0.796875000,-0.281250000,-1.39214736179,-0.870092101121
0.812500000,-0.281250000,-1.34029653513,-0.837685334458
0.828125000,-0.281250000,-1.26862240871,-0.792889005441
0.843750000,-0.281250000,-1.17508533445,-0.734428334032
0.859375000,-0.281250000,-1.05757337386,-0.660983358665
0.875000000,-0.281250000,-0.913917749528,-0.571198593455
0.890625000,-0.281250000,-0.741912991692,-0.463695619808
0.906250000,-0.281250000,-0.539342758103,-0.337089223814
0.921875000,-0.281250000,-0.304012505062,-0.190007815664
0.937500000,-0.281250000,-0.0337904274718,-0.0211190171699
0.953125000,-0.281250000,,
0.968750000,-0.281250000,,
0.984375000,-0.281250000,,
1.000000000,-0.281250000,,
-1.000000000,-0.265625000,,
-0.984375000,-0.265625000,,
-0.968750000,-0.265625000,,
-0.953125000,-0.265625000,,
-0.937500000,-0.265625000,-0.0860222011265,-0.0537638757041
-0.921875000,-0.265625000,-0.354340225723,-0.221462641077
-0.906250000,-0.265625000,-0.587472432976,-0.367170270610
-0.890625000,-0.265625000,-0.787640198224,-0.492275123890
-0.875000000,-0.265625000,-0.957113229696,-0.598195768560
-0.859375000,-0.265625000,-1.09817066177,-0.686356663606
-0.843750000,-0.265625000,-1.21307012117,-0.758168825732
-0.828125000,-0.265625000,-1.30402339395,-0.815014621218
-0.812500000,-0.265625000,-1.37317755577,-0.858235972357
-0.796875000,-0.265625000,-1.42260061871,-0.889125386692
-0.781250000,-0.265625000,-1.45427090738,-0.908919317110
-0.765625000,-0.265625000,-1.47006950841,-0.918793442758
-0.750000000,-0.265625000,-1.47177524574,-0.919859528585
-0.734375000,-0.265625000,-1.46106172551,-0.913163578447
-0.718750000,-0.265625000,-1.43949606842,-0.899685042763
-0.703125000,-0.265625000,-1.40853901068,-0.880336881677
-0.687500000,-0.265625000,-1.36954610815,-0.855966317596
-0.671875000,-0.265625000,-1.32376982008,-0.827356137548
-0.656250000,-0.265625000,-1.27236228664,-0.795226429149
-0.640625000,-0.265625000,-1.21637864575,-0.760236653597
-0.625000000,-0.265625000,-1.15678076003,-0.722987975016
-0.609375000,-0.265625000,-1.09444124457,-0.684025777859
-0.593750000,-0.265625000,-1.03014770874,-0.643842317963
-0.578125000,-0.265625000,-0.964607135948,-0.602879459968
-0.562500000,-0.265625000,-0.898450340742,-0.561531462964
-0.546875000,-0.265625000,-0.832236453769,-0.520147783606
-0.531250000,-0.265625000,-0.766457392125,-0.479035870078
-0.515625000,-0.265625000,-0.701542282953,-0.438463926846
-0.500000000,-0.265625000,-0.637861811794,-0.398663632371
-0.484375000,-0.265625000,-0.575732475660,-0.359832797287
-0.468750000,-0.265625000,-0.515420722791,-0.322137951744
-0.453125000,-0.265625000,-0.457146965941,-0.285716853713
-0.437500000,-0.265625000,-0.401089459959,-0.250680912475
-0.421875000,-0.265625000,-0.347388035020,-0.217117521887
-0.406250000,-0.265625000,-0.296147682000,-0.185092301250
-0.390625000,-0.265625000,-0.247441984591,-0.154651240370
-0.375000000,-0.265625000,-0.201316398928,-0.125822749330
-0.359375000,-0.265625000,-0.157791377490,-0.0986196109311
-0.343750000,-0.265625000,-0.116865339991,-0.0730408374941
-0.328125000,-0.265625000,-0.0785174908974,-0.0490734318109
-0.312500000,-0.265625000,-0.0427104860534,-0.0266940537834
-0.296875000,-0.265625000,-0.00939295137703,-0.00587059461065
-0.281250000,-0.265625000,0.0214981451493,0.0134363407183
-0.265625000,-0.265625000,0.0500352634382,0.0312720396488
-0.250000000,-0.265625000,0.0762982015360,0.0476863759600
-0.234375000,-0.265625000,0.100372141698,0.0627325885613
-0.218750000,-0.265625000,0.122345829467,0.0764661434170
-0.203125000,-0.265625000,0.142309882847,0.0889436767796
-0.187500000,-0.265625000,0.160355227364,0.100222017103
-0.171875000,-0.265625000,0.176571654262,0.110357283914
-0.156250000,-0.265625000,0.191046499134,0.119404061959
-0.140625000,-0.265625000,0.203863437293,0.127414648308
-0.125000000,-0.265625000,0.215101394226,0.134438371391
-0.109375000,-0.265625000,0.224833566648,0.140520979155
-0.093750000,-0.265625000,0.233234354925,0.145771471828
-0.078125000,-0.265625000,0.240112331839,0.150070207399
-0.062500000,-0.265625000,0.245673128150,0.153545705094
-0.046875000,-0.265625000,0.249956292603,0.156222682877
-0.031250000,-0.265625000,0.252993068848,0.158120668030
-0.015625000,-0.265625000,0.254806032171,0.159253770107
0.000000000,-0.265625000,0.255408831052,0.159630519407
0.015625000,-0.265625000,0.254806032171,0.159253770107
0.031250000,-0.265625000,0.252993068848,0.158120668030
0.046875000,-0.265625000,0.249956292603,0.156222682877
0.062500000,-0.265625000,0.245673128150,0.153545705094
0.078125000,-0.265625000,0.240112331839,0.150070207399
0.093750000,-0.265625000,0.233234354925,0.145771471828
0.109375000,-0.265625000,0.224833566648,0.140520979155
0.125000000,-0.265625000,0.215101394226,0.134438371391
0.140625000,-0.265625000,0.203863437293,0.127414648308
0.156250000,-0.265625000,0.191046499134,0.119404061959
0.171875000,-0.265625000,0.176571654262,0.110357283914
0.187500000,-0.265625000,0.160355227364,0.100222017103
0.203125000,-0.265625000,0.142309882847,0.0889436767796
0.218750000,-0.265625000,0.122345829467,0.0764661434170
0.234375000,-0.265625000,0.100372141698,0.0627325885613
0.250000000,-0.265625000,0.0762982015360,0.0476863759600
0.265625000,-0.265625000,0.0500352634382,0.0312720396488
0.281250000,-0.265625000,0.0214981451493,0.0134363407183
0.296875000,-0.265625000,-0.00939295137703,-0.00587059461065
0.312500000,-0.265625000,-0.0427104860534,-0.0266940537834
0.328125000,-0.265625000,-0.0785174908974,-0.0490734318109
0.343750000,-0.265625000,-0.116865339991,-0.0730408374941
0.359375000,-0.265625000,-0.157791377490,-0.0986196109311
0.375000000,-0.265625000,-0.201316398928,-0.125822749330
0.390625000,-0.265625000,-0.247441984591,-0.154651240370
0.406250000,-0.265625000,-0.296147682000,-0.185092301250
0.421875000,-0.265625000,-0.347388035020,-0.217117521887
0.437500000,-0.265625000,-0.401089459959,-0.250680912475
0.453125000,-0.265625000,-0.457146965941,-0.285716853713
0.468750000,-0.265625000,-0.515420722791,-0.322137951744
0.484375000,-0.265625000,-0.575732475660,-0.359832797287
0.500000000,-0.265625000,-0.637861811794,-0.398663632371
0.515625000,-0.265625000,-0.701542282953,-0.438463926846
0.531250000,-0.265625000,-0.766457392125,-0.479035870078
0.546875000,-0.265625000,-0.832236453769,-0.520147783606
0.562500000,-0.265625000,-0.898450340742,-0.561531462964
0.578125000,-0.265625000,-0.964607135948,-0.602879459968
0.593750000,-0.265625000,-1.03014770874,-0.643842317963
0.609375000,-0.265625000,-1.09444124457,-0.684025777859
0.625000000,-0.265625000,-1.15678076003,-0.722987975016
0.640625000,-0.265625000,-1.21637864575,-0.760236653597
0.656250000,-0.265625000,-1.27236228664,-0.795226429149
0.671875000,-0.265625000,-1.32376982008,-0.827356137548
0.687500000,-0.265625000,-1.36954610815,-0.855966317596
0.703125000,-0.265625000,-1.40853901068,-0.880336881677
0.718750000,-0.265625000,-1.43949606842,-0.899685042763
0.734375000,-0.265625000,-1.46106172551,-0.913163578447
0.750000000,-0.265625000,-1.47177524574,-0.919859528585
0.765625000,-0.265625000,-1.47006950841,-0.918793442758
0.781250000,-0.265625000,-1.45427090738,-0.908919317110
0.796875000,-0.265625000,-1.42260061871,-0.889125386692
0.812500000,-0.265625000,-1.37317755577,-0.858235972357
0.828125000,-0.265625000,-1.30402339395,-0.815014621218
0.843750000,-0.265625000,-1.21307012117,-0.758168825732
0.859375000,-0.265625000,-1.09817066177,-0.686356663606
0.875000000,-0.265625000,-0.957113229696,-0.598195768560
0.890625000,-0.265625000,-0.787640198224,-0.492275123890
0.906250000,-0.265625000,-0.587472432976,-0.367170270610
0.921875000,-0.265625000,-0.354340225723,-0.221462641077
0.937500000,-0.265625000,-0.0860222011265,-0.0537638757041
0.953125000,-0.265625000,,
0.968750000,-0.265625000,,
0.984375000,-0.265625000,,
1.000000000,-0.265625000,,
-1.000000000,-0.250000000,,
-0.984375000,-0.250000000,,
-0.968750000,-0.250000000,,
-0.953125000,-0.250000000,,
-0.937500000,-0.250000000,-0.132862844912,-0.0830392780699
-0.921875000,-0.250000000,-0.399436691845,-0.249647932403
-0.906250000,-0.250000000,-0.630553162932,-0.394095726832
-0.890625000,-0.250000000,-0.828517014849,-0.517823134280
-0.875000000,-0.250000000,-0.995667951885,-0.622292469928
-0.859375000,-0.250000000,-1.13434359519,-0.708964746991
-0.843750000,-0.250000000,-1.24685015305,-0.779281345653
-0.828125000,-0.250000000,-1.33543946452,-0.834649665326
-0.812500000,-0.250000000,-1.40229131169,-0.876432069807
-0.796875000,-0.250000000,-1.44950008607,-0.905937553795
-0.781250000,-0.250000000,-1.47906504320,-0.924415652001
-0.765625000,-0.250000000,-1.49288351306,-0.933052195664
-0.750000000,-0.250000000,-1.49274653432,-0.932966583952
-0.734375000,-0.250000000,-1.48033647020,-0.925210293876
-0.718750000,-0.250000000,-1.45722623806,-0.910766398788
-0.703125000,-0.250000000,-1.42487984256,-0.890549901603
-0.687500000,-0.250000000,-1.38465395615,-0.865408722596
-0.671875000,-0.250000000,-1.33780033097,-0.836125206859
-0.656250000,-0.250000000,-1.28546886334,-0.803418039587
-0.640625000,-0.250000000,-1.22871116044,-0.767944475278
-0.625000000,-0.250000000,-1.16848448548,-0.730302803425
-0.609375000,-0.250000000,-1.10565597678,-0.691034985489
-0.593750000,-0.250000000,-1.04100705595,-0.650629409971
-0.578125000,-0.250000000,-0.975237953164,-0.609523720728
-0.562500000,-0.250000000,-0.908972291403,-0.568107682127
-0.546875000,-0.250000000,-0.842761681812,-0.526726051133
-0.531250000,-0.250000000,-0.777090290715,-0.485681431697
-0.515625000,-0.250000000,-0.712379346078,-0.445237091299
-0.500000000,-0.250000000,-0.648991559230,-0.405619724519
-0.484375000,-0.250000000,-0.587235440273,-0.367022150170
-0.468750000,-0.250000000,-0.527369491544,-0.329605932215
-0.453125000,-0.250000000,-0.469606267421,-0.293503917138
-0.437500000,-0.250000000,-0.414116291345,-0.258822682091
-0.421875000,-0.250000000,-0.361031822950,-0.225644889344
-0.406250000,-0.250000000,-0.310450471059,-0.194031544412
-0.390625000,-0.250000000,-0.262438650005,-0.164024156253
-0.375000000,-0.250000000,-0.217034878151,-0.135646798844
-0.359375000,-0.250000000,-0.174252918276,-0.108908073922
-0.343750000,-0.250000000,-0.134084760767,-0.0838029754794
-0.328125000,-0.250000000,-0.0965034511649,-0.0603146569781
-0.312500000,-0.250000000,-0.0614657648574,-0.0384161030359
-0.296875000,-0.250000000,-0.0289147303292,-0.0180717064557
-0.281250000,-0.250000000,0.00121799440504,0.000761246503151
-0.265625000,-0.250000000,0.0290098897213,0.0181311810758
-0.250000000,-0.250000000,0.0545454840176,0.0340909275110
-0.234375000,-0.250000000,0.0779143994177,0.0486964996360
-0.218750000,-0.250000000,0.0992095329143,0.0620059580714
-0.203125000,-0.250000000,0.118525366124,0.0740783538276
-0.187500000,-0.250000000,0.135956403313,0.0849727520703
-0.171875000,-0.250000000,0.151595732446,0.0947473327787
-0.156250000,-0.250000000,0.165533706419,0.103458566512
-0.140625000,-0.250000000,0.177856741806,0.111160463629
-0.125000000,-0.250000000,0.188646232233,0.117903895146
-0.109375000,-0.250000000,0.197977573182,0.123735983239
-0.093750000,-0.250000000,0.206075737502,0.128797335938
-0.078125000,-0.250000000,0.212645228894,0.132903268059
-0.062500000,-0.250000000,0.217951880450,0.136219925282
-0.046875000,-0.250000000,0.222036291247,0.138772682029
-0.031250000,-0.250000000,0.224930519841,0.140581574901
-0.015625000,-0.250000000,0.226657722405,0.141661076503
0.000000000,-0.250000000,0.227231895763,0.142019934852
0.015625000,-0.250000000,0.226657722405,0.141661076503
0.031250000,-0.250000000,0.224930519841,0.140581574901
0.046875000,-0.250000000,0.222036291247,0.138772682029
0.062500000,-0.250000000,0.217951880450,0.136219925282
0.078125000,-0.250000000,0.212645228894,0.132903268059
0.093750000,-0.250000000,0.206075737502,0.128797335938
0.109375000,-0.250000000,0.197977573182,0.123735983239
0.125000000,-0.250000000,0.188646232233,0.117903895146
0.140625000,-0.250000000,0.177856741806,0.111160463629
0.156250000,-0.250000000,0.165533706419,0.103458566512
0.171875000,-0.250000000,0.151595732446,0.0947473327787
0.187500000,-0.250000000,0.135956403313,0.0849727520703
0.203125000,-0.250000000,0.118525366124,0.0740783538276
0.218750000,-0.250000000,0.0992095329143,0.0620059580714
0.234375000,-0.250000000,0.0779143994177,0.0486964996360
0.250000000,-0.250000000,0.0545454840176,0.0340909275110
0.265625000,-0.250000000,0.0290098897213,0.0181311810758
0.281250000,-0.250000000,0.00121799440504,0.000761246503151
0.296875000,-0.250000000,-0.0289147303292,-0.0180717064557
0.312500000,-0.250000000,-0.0614657648574,-0.0384161030359
0.328125000,-0.250000000,-0.0965034511649,-0.0603146569781
0.343750000,-0.250000000,-0.134084760767,-0.0838029754794
0.359375000,-0.250000000,-0.174252918276,-0.108908073922
0.375000000,-0.250000000,-0.217034878151,-0.135646798844
0.390625000,-0.250000000,-0.262438650005,-0.164024156253
0.406250000,-0.250000000,-0.310450471059,-0.194031544412
0.421875000,-0.250000000,-0.361031822950,-0.225644889344
0.437500000,-0.250000000,-0.414116291345,-0.258822682091
0.453125000,-0.250000000,-0.469606267421,-0.293503917138
0.468750000,-0.250000000,-0.527369491544,-0.329605932215
0.484375000,-0.250000000,-0.587235440273,-0.367022150170
0.500000000,-0.250000000,-0.648991559230,-0.405619724519
0.515625000,-0.250000000,-0.712379346078,-0.445237091299
0.531250000,-0.250000000,-0.777090290715,-0.485681431697
0.546875000,-0.250000000,-0.842761681812,-0.526726051133
0.562500000,-0.250000000,-0.908972291403,-0.568107682127
0.578125000,-0.250000000,-0.975237953164,-0.609523720728
0.593750000,-0.250000000,-1.04100705595,-0.650629409971
0.609375000,-0.250000000,-1.10565597678,-0.691034985489
0.625000000,-0.250000000,-1.16848448548,-0.730302803425
0.640625000,-0.250000000,-1.22871116044,-0.767944475278
0.656250000,-0.250000000,-1.28546886334,-0.803418039587
0.671875000,-0.250000000,-1.33780033097,-0.836125206859
0.687500000,-0.250000000,-1.38465395615,-0.865408722596
0.703125000,-0.250000000,-1.42487984256,-0.890549901603
0.718750000,-0.250000000,-1.45722623806,-0.910766398788
0.734375000,-0.250000000,-1.48033647020,-0.925210293876
0.750000000,-0.250000000,-1.49274653432,-0.932966583952
0.765625000,-0.250000000,-1.49288351306,-0.933052195664
0.781250000,-0.250000000,-1.47906504320,-0.924415652001
0.796875000,-0.250000000,-1.44950008607,-0.905937553795
0.812500000,-0.250000000,-1.40229131169,-0.876432069807
0.828125000,-0.250000000,-1.33543946452,-0.834649665326
0.843750000,-0.250000000,-1.24685015305,-0.779281345653
0.859375000,-0.250000000,-1.13434359519,-0.708964746991
0.875000000,-0.250000000,-0.995667951885,-0.622292469928
0.890625000,-0.250000000,-0.828517014849,-0.517823134280
0.906250000,-0.250000000,-0.630553162932,-0.394095726832
0.921875000,-0.250000000,-0.399436691845,-0.249647932403
0.937500000,-0.250000000,-0.132862844912,-0.0830392780699
0.953125000,-0.250000000,,
0.968750000,-0.250000000,,
0.984375000,-0.250000000,,
1.000000000,-0.250000000,,
-1.000000000,-0.234375000,,
-0.984375000,-0.234375000,,
-0.968750000,-0.234375000,,
-0.953125000,-0.234375000,0.128979316346,0.0806120727165
-0.937500000,-0.234375000,-0.174074347676,-0.108796467297
-0.921875000,-0.234375000,-0.439101320464,-0.274438325290
-0.906250000,-0.234375000,-0.668417276254,-0.417760797659
-0.890625000,-0.234375000,-0.864404709613,-0.540252943508
-0.875000000,-0.234375000,-1.02946862205,-0.643417888783
-0.859375000,-0.234375000,-1.16600122004,-0.728750762524
-0.843750000,-0.234375000,-1.27635406830,-0.797721292689
-0.828125000,-0.234375000,-1.36281640541,-0.851760253384
-0.812500000,-0.234375000,-1.42759855262,-0.892249095391
-0.796875000,-0.234375000,-1.47281952493,-0.920512203083
-0.781250000,-0.234375000,-1.50049810348,-0.937811314675
-0.765625000,-0.234375000,-1.51254675401,-0.945341721258
-0.750000000,-0.234375000,-1.51076787474,-0.944229921714
-0.734375000,-0.234375000,-1.49685194705,-0.935532466908
-0.718750000,-0.234375000,-1.47237722855,-0.920235767841
-0.703125000,-0.234375000,-1.43881069213,-0.899256682582
-0.687500000,-0.234375000,-1.39750995922,-0.873443724512
-0.671875000,-0.234375000,-1.34972601986,-0.843578762413
-0.656250000,-0.234375000,-1.29660656700,-0.810379104372
-0.640625000,-0.234375000,-1.23919979849,-0.774499874057
-0.625000000,-0.234375000,-1.17845856823,-0.736536605142
-0.609375000,-0.234375000,-1.11524478564,-0.697027991026
-0.593750000,-0.234375000,-1.05033398061,-0.656458737880
-0.578125000,-0.234375000,-0.984419966672,-0.615262479170
-0.562500000,-0.234375000,-0.918119545280,-0.573824715800
-0.546875000,-0.234375000,-0.851977205523,-0.532485753452
-0.531250000,-0.234375000,-0.786469782152,-0.491543613845
-0.515625000,-0.234375000,-0.722011041547,-0.451256900967
-0.500000000,-0.234375000,-0.658956171273,-0.411847607045
-0.484375000,-0.234375000,-0.597606154810,-0.373503846756
-0.468750000,-0.234375000,-0.538212016108,-0.336382510068
-0.453125000,-0.234375000,-0.480978922622,-0.300611826639
-0.437500000,-0.234375000,-0.426070139431,-0.266293837144
-0.421875000,-0.234375000,-0.373610827585,-0.233506767241
-0.406250000,-0.234375000,-0.323691683377,-0.202307302111
-0.390625000,-0.234375000,-0.276372416543,-0.172732760339
-0.375000000,-0.234375000,-0.231685066432,-0.144803166520
-0.359375000,-0.234375000,-0.189637157045,-0.118523223153
-0.343750000,-0.234375000,-0.150214691027,-0.0938841818920
-0.328125000,-0.234375000,-0.113384986577,-0.0708656166105
-0.312500000,-0.234375000,-0.0790993578266,-0.0494370986416
-0.296875000,-0.234375000,-0.0472956431225,-0.0295597769516
-0.281250000,-0.234375000,-0.0179005835988,-0.0111878647493
-0.265625000,-0.234375000,0.00916794318155,0.00572996448847
-0.250000000,-0.234375000,0.0339988328580,0.0212492705362
-0.234375000,-0.234375000,0.0566858014579,0.0354286259112
-0.218750000,-0.234375000,0.0773255677037,0.0483284798148
-0.203125000,-0.234375000,0.0960161657845,0.0600101036153
-0.187500000,-0.234375000,0.112855386026,0.0705346162662
-0.171875000,-0.234375000,0.127939339542,0.0799620872137
-0.156250000,-0.234375000,0.141361142768,0.0883507142300
-0.140625000,-0.234375000,0.153209720103,0.0957560750645
-0.125000000,-0.234375000,0.163568720825,0.102230450515
-0.109375000,-0.234375000,0.172515547654,0.107822217284
-0.093750000,-0.234375000,0.180120494386,0.112575308991
-0.078125000,-0.234375000,0.186445990720,0.116528744200
-0.062500000,-0.234375000,0.191680305182,0.119800190739
-0.046875000,-0.234375000,0.195572988781,0.122233117988
-0.031250000,-0.234375000,0.198306236866,0.123941398041
-0.015625000,-0.234375000,0.199954213035,0.124971383147
0.000000000,-0.234375000,0.200501881402,0.125313675876
0.015625000,-0.234375000,0.199954213035,0.124971383147
0.031250000,-0.234375000,0.198306236866,0.123941398041
0.046875000,-0.234375000,0.195572988781,0.122233117988
0.062500000,-0.234375000,0.191680305182,0.119800190739
0.078125000,-0.234375000,0.186445990720,0.116528744200
0.093750000,-0.234375000,0.180120494386,0.112575308991
0.109375000,-0.234375000,0.172515547654,0.107822217284
0.125000000,-0.234375000,0.163568720825,0.102230450515
0.140625000,-0.234375000,0.153209720103,0.0957560750645
0.156250000,-0.234375000,0.141361142768,0.0883507142300
0.171875000,-0.234375000,0.127939339542,0.0799620872137
0.187500000,-0.234375000,0.112855386026,0.0705346162662
0.203125000,-0.234375000,0.0960161657845,0.0600101036153
0.218750000,-0.234375000,0.0773255677037,0.0483284798148
0.234375000,-0.234375000,0.0566858014579,0.0354286259112
0.250000000,-0.234375000,0.0339988328580,0.0212492705362
0.265625000,-0.234375000,0.00916794318155,0.00572996448847
0.281250000,-0.234375000,-0.0179005835988,-0.0111878647493
0.296875000,-0.234375000,-0.0472956431225,-0.0295597769516
0.312500000,-0.234375000,-0.0790993578266,-0.0494370986416
0.328125000,-0.234375000,-0.113384986577,-0.0708656166105
0.343750000,-0.234375000,-0.150214691027,-0.0938841818920
0.359375000,-0.234375000,-0.189637157045,-0.118523223153
0.375000000,-0.234375000,-0.231685066432,-0.144803166520
0.390625000,-0.234375000,-0.276372416543,-0.172732760339
0.406250000,-0.234375000,-0.323691683377,-0.202307302111
0.421875000,-0.234375000,-0.373610827585,-0.233506767241
0.437500000,-0.234375000,-0.426070139431,-0.266293837144
0.453125000,-0.234375000,-0.480978922622,-0.300611826639
0.468750000,-0.234375000,-0.538212016108,-0.336382510068
0.484375000,-0.234375000,-0.597606154810,-0.373503846756
0.500000000,-0.234375000,-0.658956171273,-0.411847607045
0.515625000,-0.234375000,-0.722011041547,-0.451256900967
0.531250000,-0.234375000,-0.786469782152,-0.491543613845
0.546875000,-0.234375000,-0.851977205523,-0.532485753452
0.562500000,-0.234375000,-0.918119545280,-0.573824715800
0.578125000,-0.234375000,-0.984419966672,-0.615262479170
0.593750000,-0.234375000,-1.05033398061,-0.656458737880
0.609375000,-0.234375000,-1.11524478564,-0.697027991026
0.625000000,-0.234375000,-1.17845856823,-0.736536605142
0.640625000,-0.234375000,-1.23919979849,-0.774499874057
0.656250000,-0.234375000,-1.29660656700,-0.810379104372
0.671875000,-0.234375000,-1.34972601986,-0.843578762413
0.687500000,-0.234375000,-1.39750995922,-0.873443724512
0.703125000,-0.234375000,-1.43881069213,-0.899256682582
0.718750000,-0.234375000,-1.47237722855,-0.920235767841
0.734375000,-0.234375000,-1.49685194705,-0.935532466908
0.750000000,-0.234375000,-1.51076787474,-0.944229921714
0.765625000,-0.234375000,-1.51254675401,-0.945341721258
0.781250000,-0.234375000,-1.50049810348,-0.937811314675
0.796875000,-0.234375000,-1.47281952493,-0.920512203083
0.812500000,-0.234375000,-1.42759855262,-0.892249095391
0.828125000,-0.234375000,-1.36281640541,-0.851760253384
0.843750000,-0.234375000,-1.27635406830,-0.797721292689
0.859375000,-0.234375000,-1.16600122004,-0.728750762524
0.875000000,-0.234375000,-1.02946862205,-0.643417888783
0.890625000,-0.234375000,-0.864404709613,-0.540252943508
0.906250000,-0.234375000,-0.668417276254,-0.417760797659
0.921875000,-0.234375000,-0.439101320464,-0.274438325290
0.937500000,-0.234375000,-0.174074347676,-0.108796467297
0.953125000,-0.234375000,0.128979316346,0.0806120727165
0.968750000,-0.234375000,,
0.984375000,-0.234375000,,
1.000000000,-0.234375000,,
-1.000000000,-0.218750000,,
-0.984375000,-0.218750000,,
-0.968750000,-0.218750000,,
-0.953125000,-0.218750000,0.0926223373972,0.0578889608732
-0.937500000,-0.218750000,-0.209443223880,-0.130902014925
-0.921875000,-0.218750000,-0.473156175126,-0.295722609454
-0.906250000,-0.218750000,-0.700918203273,-0.438073877045
-0.890625000,-0.218750000,-0.895184388686,-0.559490242929
-0.875000000,-0.218750000,-1.05842075348,-0.661512970923
-0.859375000,-0.218750000,-1.19307055419,-0.745669096366
-0.843750000,-0.218750000,-1.30152780213,-0.813454876334
-0.828125000,-0.218750000,-1.38611675695,-0.866322973095
-0.812500000,-0.218750000,-1.44907635028,-0.905672718926
-0.796875000,-0.218750000,-1.49254867368,-0.932842921049
-0.781250000,-0.218750000,-1.51857081187,-0.949106757418
-0.765625000,-0.218750000,-1.52906941901,-0.955668386880
-0.750000000,-0.218750000,-1.52585754073,-0.953660962957
-0.734375000,-0.218750000,-1.51063326270,-0.944145789187
-0.718750000,-0.218750000,-1.48497983943,-0.928112399643
-0.703125000,-0.218750000,-1.45036701190,-0.906479382436
-0.687500000,-0.218750000,-1.40815327280,-0.880095795500
-0.671875000,-0.218750000,-1.35958887671,-0.849743047944
-0.656250000,-0.218750000,-1.30581942755,-0.816137142217
-0.640625000,-0.218750000,-1.24788990305,-0.779931189407
-0.625000000,-0.218750000,-1.18674899981,-0.741718124879
-0.609375000,-0.218750000,-1.12325370275,-0.702033564217
-0.593750000,-0.218750000,-1.05817399932,-0.661358749577
-0.578125000,-0.218750000,-0.992197672260,-0.620123545162
-0.562500000,-0.218750000,-0.925935117332,-0.578709448333
-0.546875000,-0.218750000,-0.859924142371,-0.537452588982
-0.531250000,-0.218750000,-0.794634711135,-0.496646694459
-0.515625000,-0.218750000,-0.730473603921,-0.456546002451
-0.500000000,-0.218750000,-0.667788972099,-0.417368107562
-0.484375000,-0.218750000,-0.606874768326,-0.379296730204
-0.468750000,-0.218750000,-0.547975038935,-0.342484399334
-0.453125000,-0.218750000,-0.491288067979,-0.307055042487
-0.437500000,-0.218750000,-0.436970366017,-0.273106478761
-0.421875000,-0.218750000,-0.385140497158,-0.240712810724
-0.406250000,-0.218750000,-0.335882743265,-0.209926714541
-0.390625000,-0.218750000,-0.289250601702,-0.180781626064
-0.375000000,-0.218750000,-0.245270118043,-0.153293823777
-0.359375000,-0.218750000,-0.203943053440,-0.127464408400
-0.343750000,-0.218750000,-0.165249889383,-0.103281180864
-0.328125000,-0.218750000,-0.129152671090,-0.0807204194313
-0.312500000,-0.218750000,-0.0955976940829,-0.0597485588018
-0.296875000,-0.218750000,-0.0645180347386,-0.0403237717116
-0.281250000,-0.218750000,-0.0358359314321,-0.0223974571451
-0.265625000,-0.218750000,-0.00946501783222,-0.00591563614514
-0.250000000,-0.218750000,0.0146875876288,0.00917974226799
-0.234375000,-0.218750000,0.0367193304225,0.0229495815140
-0.218750000,-0.218750000,0.0567304049301,0.0354565030813
-0.203125000,-0.218750000,0.0748220708655,0.0467637942909
-0.187500000,-0.218750000,0.0910950970667,0.0569344356667
-0.171875000,-0.218750000,0.105648330460,0.0660302065378
-0.156250000,-0.218750000,0.118577384803,0.0741108655017
-0.140625000,-0.218750000,0.129973446998,0.0812334043737
-0.125000000,-0.218750000,0.139922198855,0.0874513742846
-0.109375000,-0.218750000,0.148502849201,0.0928142807507
-0.093750000,-0.218750000,0.155787275713,0.0973670473203
-0.078125000,-0.218750000,0.161839272980,0.101149545613
-0.062500000,-0.218750000,0.166689602113,0.104181001321
-0.046875000,-0.218750000,0.170440439992,0.106525274995
-0.031250000,-0.218750000,0.173247086641,0.108279429151
-0.015625000,-0.218750000,0.174814782142,0.109259238839
0.000000000,-0.218750000,0.175335660196,0.109584787622
0.015625000,-0.218750000,0.174814782142,0.109259238839
0.031250000,-0.218750000,0.173247086641,0.108279429151
0.046875000,-0.218750000,0.170440439992,0.106525274995
0.062500000,-0.218750000,0.166689602113,0.104181001321
0.078125000,-0.218750000,0.161839272980,0.101149545613
0.093750000,-0.218750000,0.155787275713,0.0973670473203
0.109375000,-0.218750000,0.148502849201,0.0928142807507
0.125000000,-0.218750000,0.139922198855,0.0874513742846
0.140625000,-0.218750000,0.129973446998,0.0812334043737
0.156250000,-0.218750000,0.118577384803,0.0741108655017
0.171875000,-0.218750000,0.105648330460,0.0660302065378
0.187500000,-0.218750000,0.0910950970667,0.0569344356667
0.203125000,-0.218750000,0.0748220708655,0.0467637942909
0.218750000,-0.218750000,0.0567304049301,0.0354565030813
0.234375000,-0.218750000,0.0367193304225,0.0229495815140
0.250000000,-0.218750000,0.0146875876288,0.00917974226799
0.265625000,-0.218750000,-0.00946501783222,-0.00591563614514
0.281250000,-0.218750000,-0.0358359314321,-0.0223974571451
0.296875000,-0.218750000,-0.0645180347386,-0.0403237717116
0.312500000,-0.218750000,-0.0955976940829,-0.0597485588018
0.328125000,-0.218750000,-0.129152671090,-0.0807204194313
0.343750000,-0.218750000,-0.165249889383,-0.103281180864
0.359375000,-0.218750000,-0.203943053440,-0.127464408400
0.375000000,-0.218750000,-0.245270118043,-0.153293823777
0.390625000,-0.218750000,-0.289250601702,-0.180781626064
0.406250000,-0.218750000,-0.335882743265,-0.209926714541
0.421875000,-0.218750000,-0.385140497158,-0.240712810724
0.437500000,-0.218750000,-0.436970366017,-0.273106478761
0.453125000,-0.218750000,-0.491288067979,-0.307055042487
0.468750000,-0.218750000,-0.547975038935,-0.342484399334
0.484375000,-0.218750000,-0.606874768326,-0.379296730204
0.500000000,-0.218750000,-0.667788972099,-0.417368107562
0.515625000,-0.218750000,-0.730473603921,-0.456546002451
0.531250000,-0.218750000,-0.794634711135,-0.496646694459
0.546875000,-0.218750000,-0.859924142371,-0.537452588982
0.562500000,-0.218750000,-0.925935117332,-0.578709448333
0.578125000,-0.218750000,-0.992197672260,-0.620123545162
0.593750000,-0.218750000,-1.05817399932,-0.661358749577
0.609375000,-0.218750000,-1.12325370275,-0.702033564217
0.625000000,-0.218750000,-1.18674899981,-0.741718124879
0.640625000,-0.218750000,-1.24788990305,-0.779931189407
0.656250000,-0.218750000,-1.30581942755,-0.816137142217
0.671875000,-0.218750000,-1.35958887671,-0.849743047944
0.687500000,-0.218750000,-1.40815327280,-0.880095795500
0.703125000,-0.218750000,-1.45036701190,-0.906479382436
0.718750000,-0.218750000,-1.48497983943,-0.928112399643
0.734375000,-0.218750000,-1.51063326270,-0.944145789187
0.750000000,-0.218750000,-1.52585754073,-0.953660962957
0.765625000,-0.218750000,-1.52906941901,-0.955668386880
0.781250000,-0.218750000,-1.51857081187,-0.949106757418
0.796875000,-0.218750000,-1.49254867368,-0.932842921049
0.812500000,-0.218750000,-1.44907635028,-0.905672718926
0.828125000,-0.218750000,-1.38611675695,-0.866322973095
0.843750000,-0.218750000,-1.30152780213,-0.813454876334
0.859375000,-0.218750000,-1.19307055419,-0.745669096366
0.875000000,-0.218750000,-1.05842075348,-0.661512970923
0.890625000,-0.218750000,-0.895184388686,-0.559490242929
0.906250000,-0.218750000,-0.700918203273,-0.438073877045
0.921875000,-0.218750000,-0.473156175126,-0.295722609454
0.937500000,-0.218750000,-0.209443223880,-0.130902014925
0.953125000,-0.218750000,0.0926223373972,0.0578889608732
0.968750000,-0.218750000,,
0.984375000,-0.218750000,,
1.000000000,-0.218750000,,
-1.000000000,-0.203125000,,
-0.984375000,-0.203125000,,
-0.968750000,-0.203125000,,
-0.953125000,-0.203125000,0.0625507835966,0.0390942397478
-0.937500000,-0.203125000,-0.238777934918,-0.149236209323
-0.921875000,-0.203125000,-0.501443649304,-0.313402280815
-0.906250000,-0.203125000,-0.727928382932,-0.454955239332
-0.890625000,-0.203125000,-0.920755091621,-0.575471932263
-0.875000000,-0.203125000,-1.08244692338,-0.676529327112
-0.859375000,-0.203125000,-1.21549497827,-0.759684361418
-0.843750000,-0.203125000,-1.32233309157,-0.826458182234
-0.828125000,-0.203125000,-1.40531841443,-0.878324009020
-0.812500000,-0.203125000,-1.46671677778,-0.916697986114
-0.796875000,-0.203125000,-1.50869199400,-0.942932496251
-0.781250000,-0.203125000,-1.53329839607,-0.958311497545
-0.765625000,-0.203125000,-1.54247602834,-0.964047517713
-0.750000000,-0.203125000,-1.53804800235,-0.961280001469
-0.734375000,-0.203125000,-1.52171961193,-0.951074757458
-0.718750000,-0.203125000,-1.49507886905,-0.934424293155
-0.703125000,-0.203125000,-1.45959817717,-0.912248860732
-0.687500000,-0.203125000,-1.41663690791,-0.885398067443
-0.671875000,-0.203125000,-1.36744468383,-0.854652927393
-0.656250000,-0.203125000,-1.31316520517,-0.820728253232
-0.640625000,-0.203125000,-1.25484048299,-0.784275301868
-0.625000000,-0.203125000,-1.19341536843,-0.745884605269
-0.609375000,-0.203125000,-1.12974228234,-0.706088926464
-0.593750000,-0.203125000,-1.06458607032,-0.665366293949
-0.578125000,-0.203125000,-0.998628918500,-0.624143074062
-0.562500000,-0.203125000,-0.932475278942,-0.582797049339
-0.546875000,-0.203125000,-0.866656761606,-0.541660476004
-0.531250000,-0.203125000,-0.801636960850,-0.501023100531
-0.515625000,-0.203125000,-0.737816185521,-0.461135115951
-0.500000000,-0.203125000,-0.675536075326,-0.422210047079
-0.484375000,-0.203125000,-0.615084083349,-0.384427552093
-0.468750000,-0.203125000,-0.556697813339,-0.347936133337
-0.453125000,-0.203125000,-0.500569202307,-0.312855751442
-0.437500000,-0.203125000,-0.446848541482,-0.279280338426
-0.421875000,-0.203125000,-0.395648330635,-0.247280206647
-0.406250000,-0.203125000,-0.347046964056,-0.216904352535
-0.390625000,-0.203125000,-0.301092247643,-0.188182654777
-0.375000000,-0.203125000,-0.257804745184,-0.161127965740
-0.359375000,-0.203125000,-0.217180957975,-0.135738098735
-0.343750000,-0.203125000,-0.179196337413,-0.111997710883
-0.328125000,-0.203125000,-0.143808135313,-0.0898800845706
-0.312500000,-0.203125000,-0.110958093746,-0.0693488085910
-0.296875000,-0.203125000,-0.0805749784658,-0.0503593615411
-0.281250000,-0.203125000,-0.0525769601650,-0.0328606001031
-0.265625000,-0.203125000,-0.0268738472369,-0.0167961545230
-0.250000000,-0.203125000,-0.00336917350069,-0.00210573343793
-0.234375000,-0.203125000,0.0180378531910,0.0112736582444
-0.218750000,-0.203125000,0.0374505395303,0.0234065872064
-0.203125000,-0.203125000,0.0549730270657,0.0343581419160
-0.187500000,-0.203125000,0.0707087404391,0.0441929627744
-0.171875000,-0.203125000,0.0847589605308,0.0529743503317
-0.156250000,-0.203125000,0.0972215185968,0.0607634491230
-0.140625000,-0.203125000,0.108189606981,0.0676185043631
-0.125000000,-0.203125000,0.117750705633,0.0735941910203
-0.109375000,-0.203125000,0.125985618744,0.0787410117151
-0.093750000,-0.203125000,0.132967620633,0.0831047628956
-0.078125000,-0.203125000,0.138737615039,0.0867110093995
-0.062500000,-0.203125000,0.143409530839,0.0896309567741
-0.046875000,-0.203125000,0.146992364713,0.0918702279457
-0.031250000,-0.203125000,0.149524106263,0.0934525664144
-0.015625000,-0.203125000,0.151032132668,0.0943950829176
0.000000000,-0.203125000,0.151532966913,0.0947081043209
0.015625000,-0.203125000,0.151032132668,0.0943950829176
0.031250000,-0.203125000,0.149524106263,0.0934525664144
0.046875000,-0.203125000,0.146992364713,0.0918702279457
0.062500000,-0.203125000,0.143409530839,0.0896309567741
0.078125000,-0.203125000,0.138737615039,0.0867110093995
0.093750000,-0.203125000,0.132967620633,0.0831047628956
0.109375000,-0.203125000,0.125985618744,0.0787410117151
0.125000000,-0.203125000,0.117750705633,0.0735941910203
0.140625000,-0.203125000,0.108189606981,0.0676185043631
0.156250000,-0.203125000,0.0972215185968,0.0607634491230
0.171875000,-0.203125000,0.0847589605308,0.0529743503317
0.187500000,-0.203125000,0.0707087404391,0.0441929627744
0.203125000,-0.203125000,0.0549730270657,0.0343581419160
0.218750000,-0.203125000,0.0374505395303,0.0234065872064
0.234375000,-0.203125000,0.0180378531910,0.0112736582444
0.250000000,-0.203125000,-0.00336917350069,-0.00210573343793
0.265625000,-0.203125000,-0.0268738472369,-0.0167961545230
0.281250000,-0.203125000,-0.0525769601650,-0.0328606001031
0.296875000,-0.203125000,-0.0805749784658,-0.0503593615411
0.312500000,-0.203125000,-0.110958093746,-0.0693488085910
0.328125000,-0.203125000,-0.143808135313,-0.0898800845706
0.343750000,-0.203125000,-0.179196337413,-0.111997710883
0.359375000,-0.203125000,-0.217180957975,-0.135738098735
0.375000000,-0.203125000,-0.257804745184,-0.161127965740
0.390625000,-0.203125000,-0.301092247643,-0.188182654777
0.406250000,-0.203125000,-0.347046964056,-0.216904352535
0.421875000,-0.203125000,-0.395648330635,-0.247280206647
0.437500000,-0.203125000,-0.446848541482,-0.279280338426
0.453125000,-0.203125000,-0.500569202307,-0.312855751442
0.468750000,-0.203125000,-0.556697813339,-0.347936133337
0.484375000,-0.203125000,-0.615084083349,-0.384427552093
0.500000000,-0.203125000,-0.675536075326,-0.422210047079
0.515625000,-0.203125000,-0.737816185521,-0.461135115951
0.531250000,-0.203125000,-0.801636960850,-0.501023100531
0.546875000,-0.203125000,-0.866656761606,-0.541660476004
0.562500000,-0.203125000,-0.932475278942,-0.582797049339
0.578125000,-0.203125000,-0.998628918500,-0.624143074062
0.593750000,-0.203125000,-1.06458607032,-0.665366293949
0.609375000,-0.203125000,-1.12974228234,-0.706088926464
0.625000000,-0.203125000,-1.19341536843,-0.745884605269
0.640625000,-0.203125000,-1.25484048299,-0.784275301868
0.656250000,-0.203125000,-1.31316520517,-0.820728253232
0.671875000,-0.203125000,-1.36744468383,-0.854652927393
0.687500000,-0.203125000,-1.41663690791,-0.885398067443
0.703125000,-0.203125000,-1.45959817717,-0.912248860732
0.718750000,-0.203125000,-1.49507886905,-0.934424293155
0.734375000,-0.203125000,-1.52171961193,-0.951074757458
0.750000000,-0.203125000,-1.53804800235,-0.961280001469
0.765625000,-0.203125000,-1.54247602834,-0.964047517713
0.781250000,-0.203125000,-1.53329839607,-0.958311497545
0.796875000,-0.203125000,-1.50869199400,-0.942932496251
0.812500000,-0.203125000,-1.46671677778,-0.916697986114
0.828125000,-0.203125000,-1.40531841443,-0.878324009020
0.843750000,-0.203125000,-1.32233309157,-0.826458182234
0.859375000,-0.203125000,-1.21549497827,-0.759684361418
0.875000000,-0.203125000,-1.08244692338,-0.676529327112
0.890625000,-0.203125000,-0.920755091621,-0.575471932263
0.906250000,-0.203125000,-0.727928382932,-0.454955239332
0.921875000,-0.203125000,-0.501443649304,-0.313402280815
0.937500000,-0.203125000,-0.238777934918,-0.149236209323
0.953125000,-0.203125000,0.0625507835966,0.0390942397478
0.968750000,-0.203125000,,
0.984375000,-0.203125000,,
1.000000000,-0.203125000,,
-1.000000000,-0.187500000,,
-0.984375000,-0.187500000,,
-0.968750000,-0.187500000,,
-0.953125000,-0.187500000,0.0389733845474,0.0243583653421
-0.937500000,-0.187500000,-0.261906383861,-0.163691489913
-0.921875000,-0.187500000,-0.523824191742,-0.327390119839
-0.906250000,-0.187500000,-0.749337183872,-0.468335739920
-0.890625000,-0.187500000,-0.941031878888,-0.588144924305
-0.875000000,-0.187500000,-1.10148499982,-0.688428124886
-0.859375000,-0.187500000,-1.23323258282,-0.770770364265
-0.843750000,-0.187500000,-1.33874592337,-0.836716202106
-0.828125000,-0.187500000,-1.42041316129,-0.887758225806
-0.812500000,-0.187500000,-1.48052551421,-0.925328446382
-0.796875000,-0.187500000,-1.52126733396,-0.950792083726
-0.781250000,-0.187500000,-1.54470930146,-0.965443313412
-0.765625000,-0.187500000,-1.55280418898,-0.970502618111
-0.750000000,-0.187500000,-1.54738471483,-0.967115446772
-0.734375000,-0.187500000,-1.53016309376,-0.956351933597
-0.718750000,-0.187500000,-1.50273195389,-0.939207471178
-0.703125000,-0.187500000,-1.46656634418,-0.916603965115
-0.687500000,-0.187500000,-1.42302660324,-0.889391627028
-0.671875000,-0.187500000,-1.37336189949,-0.858351187179
-0.656250000,-0.187500000,-1.31871428163,-0.824196426021
-0.640625000,-0.187500000,-1.26012311095,-0.787576944342
-0.625000000,-0.187500000,-1.19852976262,-0.749081101640
-0.609375000,-0.187500000,-1.13478250812,-0.709239067576
-0.593750000,-0.187500000,-1.06964150264,-0.668525939148
-0.578125000,-0.187500000,-1.00378381795,-0.627364886218
-0.562500000,-0.187500000,-0.937808469065,-0.586130293166
-0.546875000,-0.187500000,-0.872241395647,-0.545150872280
-0.531250000,-0.187500000,-0.807540364198,-0.504712727624
-0.515625000,-0.187500000,-0.744099766598,-0.465062354124
-0.500000000,-0.187500000,-0.682255292909,-0.426409558068
-0.484375000,-0.187500000,-0.622288463849,-0.388930289906
-0.468750000,-0.187500000,-0.564431010730,-0.352769381706
-0.453125000,-0.187500000,-0.508869093187,-0.318043183242
-0.437500000,-0.187500000,-0.455747350749,-0.284842094218
-0.421875000,-0.187500000,-0.405172782061,-0.253232988788
-0.406250000,-0.187500000,-0.357218452026,-0.223261532516
-0.390625000,-0.187500000,-0.311927024185,-0.194954390116
-0.375000000,-0.187500000,-0.269314121291,-0.168321325807
-0.359375000,-0.187500000,-0.229371514235,-0.143357196397
-0.343750000,-0.187500000,-0.192070142392,-0.120043838995
-0.328125000,-0.187500000,-0.157362968179,-0.0983518551121
-0.312500000,-0.187500000,-0.125187670214,-0.0782422938838
-0.296875000,-0.187500000,-0.0954691777588,-0.0596682360992
-0.281250000,-0.187500000,-0.0681220514922,-0.0425762821826
-0.265625000,-0.187500000,-0.0430527143974,-0.0269079464984
-0.250000000,-0.187500000,-0.0201615371307,-0.0126009607067
-0.234375000,-0.187500000,0.000655217392539,0.000409510870337
-0.218750000,-0.187500000,0.0195035864123,0.0121897415077
-0.203125000,-0.187500000,0.0364902325038,0.0228063953149
-0.187500000,-0.187500000,0.0517208973179,0.0323255608237
-0.171875000,-0.187500000,0.0652989791177,0.0408118619486
-0.156250000,-0.187500000,0.0773242331343,0.0483276457089
-0.140625000,-0.187500000,0.0878915873049,0.0549322420656
-0.125000000,-0.187500000,0.0970900738453,0.0606812961533
-0.109375000,-0.187500000,0.105001870940,0.0656261693373
-0.093750000,-0.187500000,0.111701453544,0.0698134084649
-0.078125000,-0.187500000,0.117238478666,0.0732740491664
-0.062500000,-0.187500000,0.121710369501,0.0760689809381
-0.046875000,-0.187500000,0.125136911044,0.0782105694022
-0.031250000,-0.187500000,0.127556632029,0.0797228950184
-0.015625000,-0.187500000,0.128997293147,0.0806233082172
0.000000000,-0.187500000,0.129475646853,0.0809222792834
0.015625000,-0.187500000,0.128997293147,0.0806233082172
0.031250000,-0.187500000,0.127556632029,0.0797228950184
0.046875000,-0.187500000,0.125136911044,0.0782105694022
0.062500000,-0.187500000,0.121710369501,0.0760689809381
0.078125000,-0.187500000,0.117238478666,0.0732740491664
0.093750000,-0.187500000,0.111701453544,0.0698134084649
0.109375000,-0.187500000,0.105001870940,0.0656261693373
0.125000000,-0.187500000,0.0970900738453,0.0606812961533
0.140625000,-0.187500000,0.0878915873049,0.0549322420656
0.156250000,-0.187500000,0.0773242331343,0.0483276457089
0.171875000,-0.187500000,0.0652989791177,0.0408118619486
0.187500000,-0.187500000,0.0517208973179,0.0323255608237
0.203125000,-0.187500000,0.0364902325038,0.0228063953149
0.218750000,-0.187500000,0.0195035864123,0.0121897415077
0.234375000,-0.187500000,0.000655217392539,0.000409510870337
0.250000000,-0.187500000,-0.0201615371307,-0.0126009607067
0.265625000,-0.187500000,-0.0430527143974,-0.0269079464984
0.281250000,-0.187500000,-0.0681220514922,-0.0425762821826
0.296875000,-0.187500000,-0.0954691777588,-0.0596682360992
0.312500000,-0.187500000,-0.125187670214,-0.0782422938838
0.328125000,-0.187500000,-0.157362968179,-0.0983518551121
0.343750000,-0.187500000,-0.192070142392,-0.120043838995
0.359375000,-0.187500000,-0.229371514235,-0.143357196397
0.375000000,-0.187500000,-0.269314121291,-0.168321325807
0.390625000,-0.187500000,-0.311927024185,-0.194954390116
0.406250000,-0.187500000,-0.357218452026,-0.223261532516
0.421875000,-0.187500000,-0.405172782061,-0.253232988788
0.437500000,-0.187500000,-0.455747350749,-0.284842094218
0.453125000,-0.187500000,-0.508869093187,-0.318043183242
0.468750000,-0.187500000,-0.564431010730,-0.352769381706
0.484375000,-0.187500000,-0.622288463849,-0.388930289906
0.500000000,-0.187500000,-0.682255292909,-0.426409558068
0.515625000,-0.187500000,-0.744099766598,-0.465062354124
0.531250000,-0.187500000,-0.807540364198,-0.504712727624
0.546875000,-0.187500000,-0.872241395647,-0.545150872280
0.562500000,-0.187500000,-0.937808469065,-0.586130293166
0.578125000,-0.187500000,-1.00378381795,-0.627364886218
0.593750000,-0.187500000,-1.06964150264,-0.668525939148
0.609375000,-0.187500000,-1.13478250812,-0.709239067576
0.625000000,-0.187500000,-1.19852976262,-0.749081101640
0.640625000,-0.187500000,-1.26012311095,-0.787576944342
0.656250000,-0.187500000,-1.31871428163,-0.824196426021
0.671875000,-0.187500000,-1.37336189949,-0.858351187179
0.687500000,-0.187500000,-1.42302660324,-0.889391627028
0.703125000,-0.187500000,-1.46656634418,-0.916603965115
0.718750000,-0.187500000,-1.50273195389,-0.939207471178
0.734375000,-0.187500000,-1.53016309376,-0.956351933597
0.750000000,-0.187500000,-1.54738471483,-0.967115446772
0.765625000,-0.187500000,-1.55280418898,-0.970502618111
0.781250000,-0.187500000,-1.54470930146,-0.965443313412
0.796875000,-0.187500000,-1.52126733396,-0.950792083726
0.812500000,-0.187500000,-1.48052551421,-0.925328446382
0.828125000,-0.187500000,-1.42041316129,-0.887758225806
0.843750000,-0.187500000,-1.33874592337,-0.836716202106
0.859375000,-0.187500000,-1.23323258282,-0.770770364265
0.875000000,-0.187500000,-1.10148499982,-0.688428124886
0.890625000,-0.187500000,-0.941031878888,-0.588144924305
0.906250000,-0.187500000,-0.749337183872,-0.468335739920
0.921875000,-0.187500000,-0.523824191742,-0.327390119839
0.937500000,-0.187500000,-0.261906383861,-0.163691489913
0.953125000,-0.187500000,0.0389733845474,0.0243583653421
0.968750000,-0.187500000,,
0.984375000,-0.187500000,,
1.000000000,-0.187500000,,
-1.000000000,-0.171875000,,
-0.984375000,-0.171875000,,
-0.968750000,-0.171875000,,
-0.953125000,-0.171875000,0.0220804216753,0.0138002635471
-0.937500000,-0.171875000,-0.278673459331,-0.174170912082
-0.921875000,-0.171875000,-0.540174052215,-0.337608782634
-0.906250000,-0.171875000,-0.765048822425,-0.478155514016
-0.890625000,-0.171875000,-0.955943897054,-0.597464935659
-0.875000000,-0.171875000,-1.11548633317,-0.697178958233
-0.859375000,-0.171875000,-1.24625446537,-0.778909040855
-0.843750000,-0.171875000,-1.35075492128,-0.844221825801
-0.828125000,-0.171875000,-1.43140513291,-0.894628208070
-0.812500000,-0.171875000,-1.49052037352,-0.931575233451
-0.796875000,-0.171875000,-1.53030451313,-0.956440320707
-0.781250000,-0.171875000,-1.55284382226,-0.970527388910
-0.765625000,-0.171875000,-1.56010326572,-0.975064541076
-0.750000000,-0.171875000,-1.55392482260,-0.971203014127
-0.734375000,-0.171875000,-1.53602744334,-0.960017152085
-0.718750000,-0.171875000,-1.50800832357,-0.942505202230
-0.703125000,-0.171875000,-1.47134522463,-0.919590765393
-0.687500000,-0.171875000,-1.42739961731,-0.892124760817
-0.671875000,-0.171875000,-1.37742046338,-0.860887789614
-0.656250000,-0.171875000,-1.32254847873,-0.826592799207
-0.640625000,-0.171875000,-1.26382075158,-0.789887969735
-0.625000000,-0.171875000,-1.20217560790,-0.751359754940
-0.609375000,-0.171875000,-1.13845763720,-0.711536023251
-0.593750000,-0.171875000,-1.07342280630,-0.670889253938
-0.578125000,-0.171875000,-1.00774360236,-0.629839751475
-0.562500000,-0.171875000,-0.942014155576,-0.588758847235
-0.546875000,-0.171875000,-0.876755304952,-0.547972065595
-0.531250000,-0.171875000,-0.812419573274,-0.507762233296
-0.515625000,-0.171875000,-0.749396028669,-0.468372517918
-0.500000000,-0.171875000,-0.688015012023,-0.430009382514
-0.484375000,-0.171875000,-0.628552716040,-0.392845447525
-0.468750000,-0.171875000,-0.571235604373,-0.357022252733
-0.453125000,-0.171875000,-0.516244663873,-0.322652914920
-0.437500000,-0.171875000,-0.463719482968,-0.289824676855
-0.421875000,-0.171875000,-0.413762155063,-0.258601346914
-0.406250000,-0.171875000,-0.366441003412,-0.229025627133
-0.390625000,-0.171875000,-0.321794129585,-0.201121330991
-0.375000000,-0.171875000,-0.279832784674,-0.174895490421
-0.359375000,-0.171875000,-0.240544566768,-0.150340354230
-0.343750000,-0.171875000,-0.203896447836,-0.127435279898
-0.328125000,-0.171875000,-0.169837631613,-0.106148519758
-0.312500000,-0.171875000,-0.138302247982,-0.0864389049887
-0.296875000,-0.171875000,-0.109211887968,-0.0682574299803
-0.281250000,-0.171875000,-0.0824779828756,-0.0515487392973
-0.265625000,-0.171875000,-0.0580040321802,-0.0362525201126
-0.250000000,-0.171875000,-0.0356876855949,-0.0223048034968
-0.234375000,-0.171875000,-0.0154226831298,-0.00963917695613
-0.218750000,-0.171875000,0.00289934258696,0.00181208911685
-0.203125000,-0.171875000,0.0193871969664,0.0121169981040
-0.187500000,-0.171875000,0.0341485826754,0.0213428641721
-0.171875000,-0.171875000,0.0472886839204,0.0295554274503
-0.156250000,-0.171875000,0.0589088717243,0.0368180448277
-0.140625000,-0.171875000,0.0691055268346,0.0431909542716
-0.125000000,-0.171875000,0.0779689758201,0.0487306098876
-0.109375000,-0.171875000,0.0855825391640,0.0534890869775
-0.093750000,-0.171875000,0.0919985824095,0.0574991140060
-0.078125000,-0.171875000,0.0973413688057,0.0608383555035
-0.062500000,-0.171875000,0.101629517766,0.0635184486038
-0.046875000,-0.171875000,0.104912561047,0.0655703506544
-0.031250000,-0.171875000,0.107229469471,0.0670184184194
-0.015625000,-0.171875000,0.108608317863,0.0678801986644
0.000000000,-0.171875000,0.109066046452,0.0681662790322
0.015625000,-0.171875000,0.108608317863,0.0678801986644
0.031250000,-0.171875000,0.107229469471,0.0670184184194
0.046875000,-0.171875000,0.104912561047,0.0655703506544
0.062500000,-0.171875000,0.101629517766,0.0635184486038
0.078125000,-0.171875000,0.0973413688057,0.0608383555035
0.093750000,-0.171875000,0.0919985824095,0.0574991140060
0.109375000,-0.171875000,0.0855825391640,0.0534890869775
0.125000000,-0.171875000,0.0779689758201,0.0487306098876
0.140625000,-0.171875000,0.0691055268346,0.0431909542716
0.156250000,-0.171875000,0.0589088717243,0.0368180448277
0.171875000,-0.171875000,0.0472886839204,0.0295554274503
0.187500000,-0.171875000,0.0341485826754,0.0213428641721
0.203125000,-0.171875000,0.0193871969664,0.0121169981040
0.218750000,-0.171875000,0.00289934258696,0.00181208911685
0.234375000,-0.171875000,-0.0154226831298,-0.00963917695613
0.250000000,-0.171875000,-0.0356876855949,-0.0223048034968
0.265625000,-0.171875000,-0.0580040321802,-0.0362525201126
0.281250000,-0.171875000,-0.0824779828756,-0.0515487392973
0.296875000,-0.171875000,-0.109211887968,-0.0682574299803
0.312500000,-0.171875000,-0.138302247982,-0.0864389049887
0.328125000,-0.171875000,-0.169837631613,-0.106148519758
0.343750000,-0.171875000,-0.203896447836,-0.127435279898
0.359375000,-0.171875000,-0.240544566768,-0.150340354230
0.375000000,-0.171875000,-0.279832784674,-0.174895490421
0.390625000,-0.171875000,-0.321794129585,-0.201121330991
0.406250000,-0.171875000,-0.366441003412,-0.229025627133
0.421875000,-0.171875000,-0.413762155063,-0.258601346914
0.437500000,-0.171875000,-0.463719482968,-0.289824676855
0.453125000,-0.171875000,-0.516244663873,-0.322652914920
0.468750000,-0.171875000,-0.571235604373,-0.357022252733
0.484375000,-0.171875000,-0.628552716040,-0.392845447525
0.500000000,-0.171875000,-0.688015012023,-0.430009382514
0.515625000,-0.171875000,-0.749396028669,-0.468372517918
0.531250000,-0.171875000,-0.812419573274,-0.507762233296
0.546875000,-0.171875000,-0.876755304952,-0.547972065595
0.562500000,-0.171875000,-0.942014155576,-0.588758847235
0.578125000,-0.171875000,-1.00774360236,-0.629839751475
0.593750000,-0.171875000,-1.07342280630,-0.670889253938
0.609375000,-0.171875000,-1.13845763720,-0.711536023251
0.625000000,-0.171875000,-1.20217560790,-0.751359754940
0.640625000,-0.171875000,-1.26382075158,-0.789887969735
0.656250000,-0.171875000,-1.32254847873,-0.826592799207
0.671875000,-0.171875000,-1.37742046338,-0.860887789614
0.687500000,-0.171875000,-1.42739961731,-0.892124760817
0.703125000,-0.171875000,-1.47134522463,-0.919590765393
0.718750000,-0.171875000,-1.50800832357,-0.942505202230
0.734375000,-0.171875000,-1.53602744334,-0.960017152085
0.750000000,-0.171875000,-1.55392482260,-0.971203014127
0.765625000,-0.171875000,-1.56010326572,-0.975064541076
0.781250000,-0.171875000,-1.55284382226,-0.970527388910
0.796875000,-0.171875000,-1.53030451313,-0.956440320707
0.812500000,-0.171875000,-1.49052037352,-0.931575233451
0.828125000,-0.171875000,-1.43140513291,-0.894628208070
0.843750000,-0.171875000,-1.35075492128,-0.844221825801
0.859375000,-0.171875000,-1.24625446537,-0.778909040855
0.875000000,-0.171875000,-1.11548633317,-0.697178958233
0.890625000,-0.171875000,-0.955943897054,-0.597464935659
0.906250000,-0.171875000,-0.765048822425,-0.478155514016
0.921875000,-0.171875000,-0.540174052215,-0.337608782634
0.937500000,-0.171875000,-0.278673459331,-0.174170912082
0.953125000,-0.171875000,0.0220804216753,0.0138002635471
0.968750000,-0.171875000,,
0.984375000,-0.171875000,,
1.000000000,-0.171875000,,
-1.000000000,-0.156250000,,
-0.984375000,-0.156250000,,
-0.968750000,-0.156250000,,
-0.953125000,-0.156250000,0.0120463652208,0.00752897826301
-0.937500000,-0.156250000,-0.288938607211,-0.180586629507
-0.921875000,-0.156250000,-0.550383032268,-0.343989395167
-0.906250000,-0.156250000,-0.774980266578,-0.484362666612
-0.890625000,-0.156250000,-0.965432413319,-0.603395258325
-0.875000000,-0.156250000,-1.12441390250,-0.702758689063
-0.859375000,-0.156250000,-1.25454297358,-0.784089358488
-0.843750000,-0.156250000,-1.35835967215,-0.848974795091
-0.828125000,-0.156250000,-1.43830921377,-0.898943258604
-0.812500000,-0.156250000,-1.49672976235,-0.935456101466
-0.796875000,-0.156250000,-1.53584383214,-0.959902395086
-0.781250000,-0.156250000,-1.55775265604,-0.973595410026
-0.765625000,-0.156250000,-1.56443297411,-0.977770608816
-0.750000000,-0.156250000,-1.55773578590,-0.973584866188
-0.734375000,-0.156250000,-1.53938668822,-0.962116680140
-0.718750000,-0.156250000,-1.51098748259,-0.944367176618
-0.703125000,-0.156250000,-1.47401878965,-0.921261743530
-0.687500000,-0.156250000,-1.42984345082,-0.893652156761
-0.671875000,-0.156250000,-1.37971053739,-0.862319085867
-0.656250000,-0.156250000,-1.32475981375,-0.827974883594
-0.640625000,-0.156250000,-1.26602653131,-0.791266582068
-0.625000000,-0.156250000,-1.20444644880,-0.752779030501
-0.609375000,-0.156250000,-1.14086099408,-0.713038121301
-0.593750000,-0.156250000,-1.07602249733,-0.672514060832
-0.578125000,-0.156250000,-1.01059943789,-0.631624648684
-0.562500000,-0.156250000,-0.945181658872,-0.590738536795
-0.546875000,-0.156250000,-0.880285511931,-0.550178444957
-0.531250000,-0.156250000,-0.816358901396,-0.510224313373
-0.515625000,-0.156250000,-0.753786205420,-0.471116378387
-0.500000000,-0.156250000,-0.692893054749,-0.433058159218
-0.484375000,-0.156250000,-0.633950955420,-0.396219347137
-0.468750000,-0.156250000,-0.577181745347,-0.360738590842
-0.453125000,-0.156250000,-0.522761877298,-0.326726173311
-0.437500000,-0.156250000,-0.470826523828,-0.294266577393
-0.421875000,-0.156250000,-0.421473501113,-0.263420938195
-0.406250000,-0.156250000,-0.374767011751,-0.234229382344
-0.390625000,-0.156250000,-0.330741205411,-0.206713253382
-0.375000000,-0.156250000,-0.289403560772,-0.180877225483
-0.359375000,-0.156250000,-0.250738090386,-0.156711306491
-0.343750000,-0.156250000,-0.214708370940,-0.134192731837
-0.328125000,-0.156250000,-0.181260404643,-0.113287752902
-0.312500000,-0.156250000,-0.150325313708,-0.0939533210674
-0.296875000,-0.156250000,-0.121821874054,-0.0761386712838
-0.281250000,-0.156250000,-0.0956588917126,-0.0597868073204
-0.265625000,-0.156250000,-0.0717374275502,-0.0448358922189
-0.250000000,-0.156250000,-0.0499528743041,-0.0312205464401
-0.234375000,-0.156250000,-0.0301968914044,-0.0188730571277
-0.218750000,-0.156250000,-0.0123592012361,-0.00772450077255
-0.203125000,-0.156250000,0.00367074757709,0.00229421723568
-0.187500000,-0.156250000,0.0180022462684,0.0112514039177
-0.171875000,-0.156250000,0.0307419168795,0.0192136980497
-0.156250000,-0.156250000,0.0419924239924,0.0262452649953
-0.140625000,-0.156250000,0.0518513040681,0.0324070650425
-0.125000000,-0.156250000,0.0604099084475,0.0377561927797
-0.109375000,-0.156250000,0.0677524567105,0.0423452854441
-0.093750000,-0.156250000,0.0739351191971,0.0462094494982
-0.078125000,-0.156250000,0.0790758770414,0.0494224231509
-0.062500000,-0.156250000,0.0831979980946,0.0519987488091
-0.046875000,-0.156250000,0.0863514560942,0.0539696600588
-0.031250000,-0.156250000,0.0885755626421,0.0553597266513
-0.015625000,-0.156250000,0.0898986338606,0.0561866461629
0.000000000,-0.156250000,0.0903377540420,0.0564610962763
0.015625000,-0.156250000,0.0898986338606,0.0561866461629
0.031250000,-0.156250000,0.0885755626421,0.0553597266513
0.046875000,-0.156250000,0.0863514560942,0.0539696600588
0.062500000,-0.156250000,0.0831979980946,0.0519987488091
0.078125000,-0.156250000,0.0790758770414,0.0494224231509
0.093750000,-0.156250000,0.0739351191971,0.0462094494982
0.109375000,-0.156250000,0.0677524567105,0.0423452854441
0.125000000,-0.156250000,0.0604099084475,0.0377561927797
0.140625000,-0.156250000,0.0518513040681,0.0324070650425
0.156250000,-0.156250000,0.0419924239924,0.0262452649953
0.171875000,-0.156250000,0.0307419168795,0.0192136980497
0.187500000,-0.156250000,0.0180022462684,0.0112514039177
0.203125000,-0.156250000,0.00367074757709,0.00229421723568
0.218750000,-0.156250000,-0.0123592012361,-0.00772450077255
0.234375000,-0.156250000,-0.0301968914044,-0.0188730571277
0.250000000,-0.156250000,-0.0499528743041,-0.0312205464401
0.265625000,-0.156250000,-0.0717374275502,-0.0448358922189
0.281250000,-0.156250000,-0.0956588917126,-0.0597868073204
0.296875000,-0.156250000,-0.121821874054,-0.0761386712838
0.312500000,-0.156250000,-0.150325313708,-0.0939533210674
0.328125000,-0.156250000,-0.181260404643,-0.113287752902
0.343750000,-0.156250000,-0.214708370940,-0.134192731837
0.359375000,-0.156250000,-0.250738090386,-0.156711306491
0.375000000,-0.156250000,-0.289403560772,-0.180877225483
0.390625000,-0.156250000,-0.330741205411,-0.206713253382
0.406250000,-0.156250000,-0.374767011751,-0.234229382344
0.421875000,-0.156250000,-0.421473501113,-0.263420938195
0.437500000,-0.156250000,-0.470826523828,-0.294266577393
0.453125000,-0.156250000,-0.522761877298,-0.326726173311
0.468750000,-0.156250000,-0.577181745347,-0.360738590842
0.484375000,-0.156250000,-0.633950955420,-0.396219347137
0.500000000,-0.156250000,-0.692893054749,-0.433058159218
0.515625000,-0.156250000,-0.753786205420,-0.471116378387
0.531250000,-0.156250000,-0.816358901396,-0.510224313373
0.546875000,-0.156250000,-0.880285511931,-0.550178444957
0.562500000,-0.156250000,-0.945181658872,-0.590738536795
0.578125000,-0.156250000,-1.01059943789,-0.631624648684
0.593750000,-0.156250000,-1.07602249733,-0.672514060832
0.609375000,-0.156250000,-1.14086099408,-0.713038121301
0.625000000,-0.156250000,-1.20444644880,-0.752779030501
0.640625000,-0.156250000,-1.26602653131,-0.791266582068
0.656250000,-0.156250000,-1.32475981375,-0.827974883594
0.671875000,-0.156250000,-1.37971053739,-0.862319085867
0.687500000,-0.156250000,-1.42984345082,-0.893652156761
0.703125000,-0.156250000,-1.47401878965,-0.921261743530
0.718750000,-0.156250000,-1.51098748259,-0.944367176618
0.734375000,-0.156250000,-1.53938668822,-0.962116680140
0.750000000,-0.156250000,-1.55773578590,-0.973584866188
0.765625000,-0.156250000,-1.56443297411,-0.977770608816
0.781250000,-0.156250000,-1.55775265604,-0.973595410026
0.796875000,-0.156250000,-1.53584383214,-0.959902395086
0.812500000,-0.156250000,-1.49672976235,-0.935456101466
0.828125000,-0.156250000,-1.43830921377,-0.898943258604
0.843750000,-0.156250000,-1.35835967215,-0.848974795091
0.859375000,-0.156250000,-1.25454297358,-0.784089358488
0.875000000,-0.156250000,-1.12441390250,-0.702758689063
0.890625000,-0.156250000,-0.965432413319,-0.603395258325
0.906250000,-0.156250000,-0.774980266578,-0.484362666612
0.921875000,-0.156250000,-0.550383032268,-0.343989395167
0.937500000,-0.156250000,-0.288938607211,-0.180586629507
0.953125000,-0.156250000,0.0120463652208,0.00752897826301
0.968750000,-0.156250000,,
0.984375000,-0.156250000,,
1.000000000,-0.156250000,,
-1.000000000,-0.140625000,,
-0.984375000,-0.140625000,,
-0.968750000,-0.140625000,,
-0.953125000,-0.140625000,0.00903247498420,0.00564529686513
-0.937500000,-0.140625000,-0.292573414865,-0.182858384290
-0.921875000,-0.140625000,-0.554352227985,-0.346470142490
-0.906250000,-0.140625000,-0.779059115871,-0.486911947420
-0.890625000,-0.140625000,-0.969448813703,-0.605905508564
-0.875000000,-0.140625000,-1.12824041574,-0.705150259835
-0.859375000,-0.140625000,-1.25808989338,-0.786306183363
-0.843750000,-0.140625000,-1.36156898992,-0.850980618700
-0.828125000,-0.140625000,-1.44114936768,-0.900718354801
-0.812500000,-0.140625000,-1.49919106818,-0.936994417614
-0.796875000,-0.140625000,-1.53793451162,-0.961209069762
-0.781250000,-0.140625000,-1.55949538783,-0.974684617392
-0.765625000,-0.140625000,-1.56586190373,-0.978663689834
-0.750000000,-0.140625000,-1.55889393857,-0.974308711606
-0.734375000,-0.140625000,-1.54032373661,-0.962702335379
-0.718750000,-0.140625000,-1.51175782651,-0.944848641567
-0.703125000,-0.140625000,-1.47467991112,-0.921674944452
-0.687500000,-0.140625000,-1.43045451183,-0.894034069891
-0.671875000,-0.140625000,-1.38033119115,-0.862706994469
-0.656250000,-0.140625000,-1.32544920486,-0.828405753038
-0.640625000,-0.140625000,-1.26684246154,-0.791776538459
-0.625000000,-0.140625000,-1.20544468971,-0.753402931067
-0.609375000,-0.140625000,-1.14209472784,-0.713809204899
-0.593750000,-0.140625000,-1.07754187021,-0.673463668880
-0.578125000,-0.140625000,-1.01245121297,-0.632782008109
-0.562500000,-0.140625000,-0.947408954883,-0.592130596802
-0.546875000,-0.140625000,-0.882927617376,-0.551829760860
-0.531250000,-0.140625000,-0.819451153591,-0.512156970994
-0.515625000,-0.140625000,-0.757359926330,-0.473349953956
-0.500000000,-0.140625000,-0.696975534427,-0.435609709017
-0.484375000,-0.140625000,-0.638565477037,-0.399103423148
-0.468750000,-0.140625000,-0.582347644641,-0.363967277901
-0.453125000,-0.140625000,-0.528494631157,-0.330309144473
-0.437500000,-0.140625000,-0.477137862631,-0.298211164144
-0.421875000,-0.140625000,-0.428371540594,-0.267732212871
-0.406250000,-0.140625000,-0.382256399528,-0.238910249705
-0.390625000,-0.140625000,-0.338823279757,-0.211764549848
-0.375000000,-0.140625000,-0.298076517912,-0.186297823695
-0.359375000,-0.140625000,-0.259997156814,-0.162498223009
-0.343750000,-0.140625000,-0.224545979608,-0.140341237255
-0.328125000,-0.140625000,-0.191666371882,-0.119791482426
-0.312500000,-0.140625000,-0.161287015415,-0.100804384634
-0.296875000,-0.140625000,-0.133324419677,-0.0833277622984
-0.281250000,-0.140625000,-0.107685294563,-0.0673033091020
-0.265625000,-0.140625000,-0.0842687703500,-0.0526679814687
-0.250000000,-0.140625000,-0.0629684693889,-0.0393552933681
-0.234375000,-0.140625000,-0.0436744336515,-0.0272965210322
-0.218750000,-0.140625000,-0.0262749155412,-0.0164218222132
-0.203125000,-0.140625000,-0.0106580331604,-0.00666127072526
-0.187500000,-0.140625000,0.00328670300818,0.00205418938012
-0.171875000,-0.140625000,0.0156669883555,0.00979186772218
-0.156250000,-0.140625000,0.0265864429689,0.0166165268555
-0.140625000,-0.140625000,0.0361434490928,0.0225896556830
-0.125000000,-0.140625000,0.0444300995282,0.0277688122052
-0.109375000,-0.140625000,0.0515312588753,0.0322070367970
-0.093750000,-0.140625000,0.0575041693942,0.0359401058714
-0.078125000,-0.140625000,0.0624660734055,0.0390412958785
-0.062500000,-0.140625000,0.0664413551832,0.0415258469895
-0.046875000,-0.140625000,0.0694802946633,0.0434251841646
-0.031250000,-0.140625000,0.0716224373107,0.0447640233192
-0.015625000,-0.140625000,0.0728962646363,0.0455601653977
0.000000000,-0.140625000,0.0733189594625,0.0458243496641
0.015625000,-0.140625000,0.0728962646363,0.0455601653977
0.031250000,-0.140625000,0.0716224373107,0.0447640233192
0.046875000,-0.140625000,0.0694802946633,0.0434251841646
0.062500000,-0.140625000,0.0664413551832,0.0415258469895
0.078125000,-0.140625000,0.0624660734055,0.0390412958785
0.093750000,-0.140625000,0.0575041693942,0.0359401058714
0.109375000,-0.140625000,0.0515312588753,0.0322070367970
0.125000000,-0.140625000,0.0444300995282,0.0277688122052
0.140625000,-0.140625000,0.0361434490928,0.0225896556830
0.156250000,-0.140625000,0.0265864429689,0.0166165268555
0.171875000,-0.140625000,0.0156669883555,0.00979186772218
0.187500000,-0.140625000,0.00328670300818,0.00205418938012
0.203125000,-0.140625000,-0.0106580331604,-0.00666127072526
0.218750000,-0.140625000,-0.0262749155412,-0.0164218222132
0.234375000,-0.140625000,-0.0436744336515,-0.0272965210322
0.250000000,-0.140625000,-0.0629684693889,-0.0393552933681
0.265625000,-0.140625000,-0.0842687703500,-0.0526679814687
0.281250000,-0.140625000,-0.107685294563,-0.0673033091020
0.296875000,-0.140625000,-0.133324419677,-0.0833277622984
0.312500000,-0.140625000,-0.161287015415,-0.100804384634
0.328125000,-0.140625000,-0.191666371882,-0.119791482426
0.343750000,-0.140625000,-0.224545979608,-0.140341237255
0.359375000,-0.140625000,-0.259997156814,-0.162498223009
0.375000000,-0.140625000,-0.298076517912,-0.186297823695
0.390625000,-0.140625000,-0.338823279757,-0.211764549848
0.406250000,-0.140625000,-0.382256399528,-0.238910249705
0.421875000,-0.140625000,-0.428371540594,-0.267732212871
0.437500000,-0.140625000,-0.477137862631,-0.298211164144
0.453125000,-0.140625000,-0.528494631157,-0.330309144473
0.468750000,-0.140625000,-0.582347644641,-0.363967277901
0.484375000,-0.140625000,-0.638565477037,-0.399103423148
0.500000000,-0.140625000,-0.696975534427,-0.435609709017
0.515625000,-0.140625000,-0.757359926330,-0.473349953956
0.531250000,-0.140625000,-0.819451153591,-0.512156970994
0.546875000,-0.140625000,-0.882927617376,-0.551829760860
0.562500000,-0.140625000,-0.947408954883,-0.592130596802
0.578125000,-0.140625000,-1.01245121297,-0.632782008109
0.593750000,-0.140625000,-1.07754187021,-0.673463668880
0.609375000,-0.140625000,-1.14209472784,-0.713809204899
0.625000000,-0.140625000,-1.20544468971,-0.753402931067
0.640625000,-0.140625000,-1.26684246154,-0.791776538459
0.656250000,-0.140625000,-1.32544920486,-0.828405753038
0.671875000,-0.140625000,-1.38033119115,-0.862706994469
0.687500000,-0.140625000,-1.43045451183,-0.894034069891
0.703125000,-0.140625000,-1.47467991112,-0.921674944452
0.718750000,-0.140625000,-1.51175782651,-0.944848641567
0.734375000,-0.140625000,-1.54032373661,-0.962702335379
0.750000000,-0.140625000,-1.55889393857,-0.974308711606
0.765625000,-0.140625000,-1.56586190373,-0.978663689834
0.781250000,-0.140625000,-1.55949538783,-0.974684617392
0.796875000,-0.140625000,-1.53793451162,-0.961209069762
0.812500000,-0.140625000,-1.49919106818,-0.936994417614
0.828125000,-0.140625000,-1.44114936768,-0.900718354801
0.843750000,-0.140625000,-1.36156898992,-0.850980618700
0.859375000,-0.140625000,-1.25808989338,-0.786306183363
0.875000000,-0.140625000,-1.12824041574,-0.705150259835
0.890625000,-0.140625000,-0.969448813703,-0.605905508564
0.906250000,-0.140625000,-0.779059115871,-0.486911947420
0.921875000,-0.140625000,-0.554352227985,-0.346470142490
0.937500000,-0.140625000,-0.292573414865,-0.182858384290
0.953125000,-0.140625000,0.00903247498420,0.00564529686513
0.968750000,-0.140625000,,
0.984375000,-0.140625000,,
1.000000000,-0.140625000,,
-1.000000000,-0.125000000,,
-0.984375000,-0.125000000,,
-0.968750000,-0.125000000,0.358732617725,0.224207886078
-0.953125000,-0.125000000,0.0131893809356,0.00824336308473
-0.937500000,-0.125000000,-0.289459194835,-0.180911996772
-0.921875000,-0.125000000,-0.551991756683,-0.344994847927
-0.906250000,-0.125000000,-0.777221450963,-0.485763406852
-0.890625000,-0.125000000,-0.967952559930,-0.604970349956
-0.875000000,-0.125000000,-1.12694636030,-0.704341475185
-0.859375000,-0.125000000,-1.25689458142,-0.785559113385
-0.843750000,-0.125000000,-1.36039912092,-0.850249450576
-0.828125000,-0.125000000,-1.43995690654,-0.899973066589
-0.812500000,-0.125000000,-1.49794898432,-0.936218115203
-0.796875000,-0.125000000,-1.53663306703,-0.960395666896
-0.781250000,-0.125000000,-1.55813890898,-0.973836818114
-0.765625000,-0.125000000,-1.56446597782,-0.977791236139
-0.750000000,-0.125000000,-1.55748298474,-0.973426865461
-0.734375000,-0.125000000,-1.53892890802,-0.961830567510
-0.718750000,-0.125000000,-1.51041520349,-0.944009502184
-0.703125000,-0.125000000,-1.47342895224,-0.920893095149
-0.687500000,-0.125000000,-1.42933673281,-0.893335458006
-0.671875000,-0.125000000,-1.37938904462,-0.862118152889
-0.656250000,-0.125000000,-1.32472513746,-0.827953210914
-0.640625000,-0.125000000,-1.26637812852,-0.791486330325
-0.625000000,-0.125000000,-1.20528030670,-0.753300191685
-0.609375000,-0.125000000,-1.14226854465,-0.713917840403
-0.593750000,-0.125000000,-1.07808975124,-0.673806094528
-0.578125000,-0.125000000,-1.01340631121,-0.633378944506
-0.562500000,-0.125000000,-0.948801467497,-0.593000917185
-0.546875000,-0.125000000,-0.884784612148,-0.552990382593
-0.531250000,-0.125000000,-0.821796457405,-0.513622785878
-0.515625000,-0.125000000,-0.760214066064,-0.475133791290
-0.500000000,-0.125000000,-0.700355723701,-0.437722327313
-0.484375000,-0.125000000,-0.642485640869,-0.401553525543
-0.468750000,-0.125000000,-0.586818476943,-0.366761548089
-0.453125000,-0.125000000,-0.533523678605,-0.333452299128
-0.437500000,-0.125000000,-0.482729630550,-0.301706019094
-0.421875000,-0.125000000,-0.434527616255,-0.271579760159
-0.406250000,-0.125000000,-0.388975588959,-0.243109743100
-0.390625000,-0.125000000,-0.346101754747,-0.216313596717
-0.375000000,-0.125000000,-0.305907969384,-0.191192480865
-0.359375000,-0.125000000,-0.268372953155,-0.167733095722
-0.343750000,-0.125000000,-0.233455326234,-0.145909578896
-0.328125000,-0.125000000,-0.201096471177,-0.125685294486
-0.312500000,-0.125000000,-0.171223224051,-0.107014515032
-0.296875000,-0.125000000,-0.143750403023,-0.0898440018897
-0.281250000,-0.125000000,-0.118583176015,-0.0741144850095
-0.265625000,-0.125000000,-0.0956192749436,-0.0597620468398
-0.250000000,-0.125000000,-0.0747510605619,-0.0467194128512
-0.234375000,-0.125000000,-0.0558674437079,-0.0349171523174
-0.218750000,-0.125000000,-0.0388556669085,-0.0242847918178
-0.203125000,-0.125000000,-0.0236029527415,-0.0147518454634
-0.187500000,-0.125000000,-0.00999802197012,-0.00624876373133
-0.171875000,-0.125000000,0.00206751259446,0.00129219537154
-0.156250000,-0.125000000,0.0126978736477,0.00793617102979
-0.140625000,-0.125000000,0.0219919637311,0.0137449773320
-0.125000000,-0.125000000,0.0300423216752,0.0187764510470
-0.109375000,-0.125000000,0.0369341908531,0.0230838692832
-0.093750000,-0.125000000,0.0427232476068,0.0267020297542
-0.078125000,-0.125000000,0.0475313116807,0.0297070698004
-0.062500000,-0.125000000,0.0513804585419,0.0321127865887
-0.046875000,-0.125000000,0.0543211312404,0.0339507070252
-0.031250000,-0.125000000,0.0563929981383,0.0352456238364
-0.015625000,-0.125000000,0.0576246264708,0.0360153915443
0.000000000,-0.125000000,0.0580332493039,0.0362707808149
0.015625000,-0.125000000,0.0576246264708,0.0360153915443
0.031250000,-0.125000000,0.0563929981383,0.0352456238364
0.046875000,-0.125000000,0.0543211312404,0.0339507070252
0.062500000,-0.125000000,0.0513804585419,0.0321127865887
0.078125000,-0.125000000,0.0475313116807,0.0297070698004
0.093750000,-0.125000000,0.0427232476068,0.0267020297542
0.109375000,-0.125000000,0.0369341908531,0.0230838692832
0.125000000,-0.125000000,0.0300423216752,0.0187764510470
0.140625000,-0.125000000,0.0219919637311,0.0137449773320
0.156250000,-0.125000000,0.0126978736477,0.00793617102979
0.171875000,-0.125000000,0.00206751259446,0.00129219537154
0.187500000,-0.125000000,-0.00999802197012,-0.00624876373133
0.203125000,-0.125000000,-0.0236029527415,-0.0147518454634
0.218750000,-0.125000000,-0.0388556669085,-0.0242847918178
0.234375000,-0.125000000,-0.0558674437079,-0.0349171523174
0.250000000,-0.125000000,-0.0747510605619,-0.0467194128512
0.265625000,-0.125000000,-0.0956192749436,-0.0597620468398
0.281250000,-0.125000000,-0.118583176015,-0.0741144850095
0.296875000,-0.125000000,-0.143750403023,-0.0898440018897
0.312500000,-0.125000000,-0.171223224051,-0.107014515032
0.328125000,-0.125000000,-0.201096471177,-0.125685294486
0.343750000,-0.125000000,-0.233455326234,-0.145909578896
0.359375000,-0.125000000,-0.268372953155,-0.167733095722
0.375000000,-0.125000000,-0.305907969384,-0.191192480865
0.390625000,-0.125000000,-0.346101754747,-0.216313596717
0.406250000,-0.125000000,-0.388975588959,-0.243109743100
0.421875000,-0.125000000,-0.434527616255,-0.271579760159
0.437500000,-0.125000000,-0.482729630550,-0.301706019094
0.453125000,-0.125000000,-0.533523678605,-0.333452299128
0.468750000,-0.125000000,-0.586818476943,-0.366761548089
0.484375000,-0.125000000,-0.642485640869,-0.401553525543
0.500000000,-0.125000000,-0.700355723701,-0.437722327313
0.515625000,-0.125000000,-0.760214066064,-0.475133791290
0.531250000,-0.125000000,-0.821796457405,-0.513622785878
0.546875000,-0.125000000,-0.884784612148,-0.552990382593
0.562500000,-0.125000000,-0.948801467497,-0.593000917185
0.578125000,-0.125000000,-1.01340631121,-0.633378944506
0.593750000,-0.125000000,-1.07808975124,-0.673806094528
0.609375000,-0.125000000,-1.14226854465,-0.713917840403
0.625000000,-0.125000000,-1.20528030670,-0.753300191685
0.640625000,-0.125000000,-1.26637812852,-0.791486330325
0.656250000,-0.125000000,-1.32472513746,-0.827953210914
0.671875000,-0.125000000,-1.37938904462,-0.862118152889
0.687500000,-0.125000000,-1.42933673281,-0.893335458006
0.703125000,-0.125000000,-1.47342895224,-0.920893095149
0.718750000,-0.125000000,-1.51041520349,-0.944009502184
0.734375000,-0.125000000,-1.53892890802,-0.961830567510
0.750000000,-0.125000000,-1.55748298474,-0.973426865461
0.765625000,-0.125000000,-1.56446597782,-0.977791236139
0.781250000,-0.125000000,-1.55813890898,-0.973836818114
0.796875000,-0.125000000,-1.53663306703,-0.960395666896
0.812500000,-0.125000000,-1.49794898432,-0.936218115203
0.828125000,-0.125000000,-1.43995690654,-0.899973066589
0.843750000,-0.125000000,-1.36039912092,-0.850249450576
0.859375000,-0.125000000,-1.25689458142,-0.785559113385
0.875000000,-0.125000000,-1.12694636030,-0.704341475185
0.890625000,-0.125000000,-0.967952559930,-0.604970349956
0.906250000,-0.125000000,-0.777221450963,-0.485763406852
0.921875000,-0.125000000,-0.551991756683,-0.344994847927
0.937500000,-0.125000000,-0.289459194835,-0.180911996772
0.953125000,-0.125000000,0.0131893809356,0.00824336308473
0.968750000,-0.125000000,0.358732617725,0.224207886078
0.984375000,-0.125000000,,
1.000000000,-0.125000000,,
-1.000000000,-0.109375000,,
-0.984375000,-0.109375000,,
-0.968750000,-0.109375000,0.372056179542,0.232535112214
-0.953125000,-0.109375000,0.0246596559670,0.0154122849794
-0.937500000,-0.109375000,-0.279484559591,-0.174677849745
-0.921875000,-0.109375000,-0.543218459484,-0.339511537178
-0.906250000,-0.109375000,-0.769409648889,-0.480881030556
-0.890625000,-0.109375000,-0.960909103636,-0.600568189773
-0.875000000,-0.109375000,-1.12051800399,-0.700323752492
-0.859375000,-0.109375000,-1.25096204386,-0.781851277415
-0.843750000,-0.109375000,-1.35487189030,-0.846794931435
-0.828125000,-0.109375000,-1.43476869882,-0.896730436762
-0.812500000,-0.109375000,-1.49305377415,-0.933158608843
-0.796875000,-0.109375000,-1.53200162421,-0.957501015132
-0.781250000,-0.109375000,-1.55375577925,-0.971097362030
-0.765625000,-0.109375000,-1.56032685770,-0.975204286062
-0.750000000,-0.109375000,-1.55359244284,-0.970995276773
-0.734375000,-0.109375000,-1.53529841403,-0.959561508766
-0.718750000,-0.109375000,-1.50706142970,-0.941913393564
-0.703125000,-0.109375000,-1.47037231554,-0.918982697212
-0.687500000,-0.109375000,-1.42660015001,-0.891625093755
-0.671875000,-0.109375000,-1.37699687703,-0.860623048142
-0.656250000,-0.109375000,-1.32270230266,-0.826688939163
-0.640625000,-0.109375000,-1.26474935916,-0.790468349475
-0.625000000,-0.109375000,-1.20406954023,-0.752543462642
-0.609375000,-0.109375000,-1.14149842747,-0.713436517171
-0.593750000,-0.109375000,-1.07778124419,-0.673613277616
-0.578125000,-0.109375000,-1.01357838269,-0.633486489179
-0.562500000,-0.109375000,-0.949470864461,-0.593419290288
-0.546875000,-0.109375000,-0.885965697896,-0.553728561185
-0.531250000,-0.109375000,-0.823501107172,-0.514688191982
-0.515625000,-0.109375000,-0.762451612708,-0.476532257943
-0.500000000,-0.109375000,-0.703132945637,-0.439458091023
-0.484375000,-0.109375000,-0.645806786144,-0.403629241340
-0.468750000,-0.109375000,-0.590685316975,-0.369178323110
-0.453125000,-0.109375000,-0.537935586868,-0.336209741793
-0.437500000,-0.109375000,-0.487683680602,-0.304802300376
-0.421875000,-0.109375000,-0.440018695821,-0.275011684888
-0.406250000,-0.109375000,-0.394996525561,-0.246872828476
-0.390625000,-0.109375000,-0.352643449733,-0.220402156083
-0.375000000,-0.109375000,-0.312959537392,-0.195599710870
-0.359375000,-0.109375000,-0.275921864324,-0.172451165202
-0.343750000,-0.109375000,-0.241487549184,-0.150929718240
-0.328125000,-0.109375000,-0.209596613554,-0.130997883471
-0.312500000,-0.109375000,-0.180174671325,-0.112609169578
-0.296875000,-0.109375000,-0.153135451123,-0.0957096569519
-0.281250000,-0.109375000,-0.128383159119,-0.0802394744493
-0.265625000,-0.109375000,-0.105814685812,-0.0661341786326
-0.250000000,-0.109375000,-0.0853216634873,-0.0533260396795
-0.234375000,-0.109375000,-0.0667923791810,-0.0417452369881
-0.218750000,-0.109375000,-0.0501135477151,-0.0313209673219
-0.203125000,-0.109375000,-0.0351719509027,-0.0219824693142
-0.187500000,-0.109375000,-0.0218559471382,-0.0136599669614
-0.171875000,-0.109375000,-0.0100568559190,-0.00628553494938
-0.156250000,-0.109375000,0.000329778201624,0.000206111376015
-0.140625000,-0.109375000,0.00940303839426,0.00587689899641
-0.125000000,-0.109375000,0.0172556006741,0.0107847504213
-0.109375000,-0.109375000,0.0239728087432,0.0149830054645
-0.093750000,-0.109375000,0.0296058047256,0.0185036279535
-0.078125000,-0.109375000,0.0342869259343,0.0214293287089
-0.062500000,-0.109375000,0.0380321937634,0.0237701211021
-0.046875000,-0.109375000,0.0408920650741,0.0255575406713
-0.031250000,-0.109375000,0.0429062147371,0.0268163842107
-0.015625000,-0.109375000,0.0441032124218,0.0275645077636
0.000000000,-0.109375000,0.0445002916967,0.0278126823105
0.015625000,-0.109375000,0.0441032124218,0.0275645077636
0.031250000,-0.109375000,0.0429062147371,0.0268163842107
0.046875000,-0.109375000,0.0408920650741,0.0255575406713
0.062500000,-0.109375000,0.0380321937634,0.0237701211021
0.078125000,-0.109375000,0.0342869259343,0.0214293287089
0.093750000,-0.109375000,0.0296058047256,0.0185036279535
0.109375000,-0.109375000,0.0239728087432,0.0149830054645
0.125000000,-0.109375000,0.0172556006741,0.0107847504213
0.140625000,-0.109375000,0.00940303839426,0.00587689899641
0.156250000,-0.109375000,0.000329778201624,0.000206111376015
0.171875000,-0.109375000,-0.0100568559190,-0.00628553494938
0.187500000,-0.109375000,-0.0218559471382,-0.0136599669614
0.203125000,-0.109375000,-0.0351719509027,-0.0219824693142
0.218750000,-0.109375000,-0.0501135477151,-0.0313209673219
0.234375000,-0.109375000,-0.0667923791810,-0.0417452369881
0.250000000,-0.109375000,-0.0853216634873,-0.0533260396795
0.265625000,-0.109375000,-0.105814685812,-0.0661341786326
0.281250000,-0.109375000,-0.128383159119,-0.0802394744493
0.296875000,-0.109375000,-0.153135451123,-0.0957096569519
0.312500000,-0.109375000,-0.180174671325,-0.112609169578
0.328125000,-0.109375000,-0.209596613554,-0.130997883471
0.343750000,-0.109375000,-0.241487549184,-0.150929718240
0.359375000,-0.109375000,-0.275921864324,-0.172451165202
0.375000000,-0.109375000,-0.312959537392,-0.195599710870
0.390625000,-0.109375000,-0.352643449733,-0.220402156083
0.406250000,-0.109375000,-0.394996525561,-0.246872828476
0.421875000,-0.109375000,-0.440018695821,-0.275011684888
0.437500000,-0.109375000,-0.487683680602,-0.304802300376
0.453125000,-0.109375000,-0.537935586868,-0.336209741793
0.468750000,-0.109375000,-0.590685316975,-0.369178323110
0.484375000,-0.109375000,-0.645806786144,-0.403629241340
0.500000000,-0.109375000,-0.703132945637,-0.439458091023
0.515625000,-0.109375000,-0.762451612708,-0.476532257943
0.531250000,-0.109375000,-0.823501107172,-0.514688191982
0.546875000,-0.109375000,-0.885965697896,-0.553728561185
0.562500000,-0.109375000,-0.949470864461,-0.593419290288
0.578125000,-0.109375000,-1.01357838269,-0.633486489179
0.593750000,-0.109375000,-1.07778124419,-0.673613277616
0.609375000,-0.109375000,-1.14149842747,-0.713436517171
0.625000000,-0.109375000,-1.20406954023,-0.752543462642
0.640625000,-0.109375000,-1.26474935916,-0.790468349475
0.656250000,-0.109375000,-1.32270230266,-0.826688939163
0.671875000,-0.109375000,-1.37699687703,-0.860623048142
0.687500000,-0.109375000,-1.42660015001,-0.891625093755
0.703125000,-0.109375000,-1.47037231554,-0.918982697212
0.718750000,-0.109375000,-1.50706142970,-0.941913393564
0.734375000,-0.109375000,-1.53529841403,-0.959561508766
0.750000000,-0.109375000,-1.55359244284,-0.970995276773
0.765625000,-0.109375000,-1.56032685770,-0.975204286062
0.781250000,-0.109375000,-1.55375577925,-0.971097362030
0.796875000,-0.109375000,-1.53200162421,-0.957501015132
0.812500000,-0.109375000,-1.49305377415,-0.933158608843
0.828125000,-0.109375000,-1.43476869882,-0.896730436762
0.843750000,-0.109375000,-1.35487189030,-0.846794931435
0.859375000,-0.109375000,-1.25096204386,-0.781851277415
0.875000000,-0.109375000,-1.12051800399,-0.700323752492
0.890625000,-0.109375000,-0.960909103636,-0.600568189773
0.906250000,-0.109375000,-0.769409648889,-0.480881030556
0.921875000,-0.109375000,-0.543218459484,-0.339511537178
0.937500000,-0.109375000,-0.279484559591,-0.174677849745
0.953125000,-0.109375000,0.0246596559670,0.0154122849794
0.968750000,-0.109375000,0.372056179542,0.232535112214
0.984375000,-0.109375000,,
1.000000000,-0.109375000,,
-1.000000000,-0.093750000,,
-0.984375000,-0.093750000,,
-0.968750000,-0.093750000,0.393317788310,0.245823617694
-0.953125000,-0.093750000,0.0435803891742,0.0272377432339
-0.937500000,-0.093750000,-0.262542980040,-0.164089362525
-0.921875000,-0.093750000,-0.527953576265,-0.329970985166
-0.906250000,-0.093750000,-0.755570161299,-0.472231350812
-0.890625000,-0.093750000,-0.948287756076,-0.592679847548
-0.875000000,-0.093750000,-1.10894534766,-0.693090842287
-0.859375000,-0.093750000,-1.24030096189,-0.775188101182
-0.843750000,-0.093750000,-1.34501279596,-0.840632997477
-0.828125000,-0.093750000,-1.42562532419,-0.891015827619
-0.812500000,-0.093750000,-1.48455948204,-0.927849676273
-0.796875000,-0.093750000,-1.52410618119,-0.952566363247
-0.781250000,-0.093750000,-1.54642253757,-0.966514085981
-0.765625000,-0.093750000,-1.55353029896,-0.970956436851
-0.750000000,-0.093750000,-1.54731604406,-0.967072527535
-0.734375000,-0.093750000,-1.52953279758,-0.955957998485
-0.718750000,-0.093750000,-1.50180276756,-0.938626729724
-0.703125000,-0.093750000,-1.46562095808,-0.916013098801
-0.687500000,-0.093750000,-1.42235945468,-0.888974659177
-0.671875000,-0.093750000,-1.37327221394,-0.858295133714
-0.656250000,-0.093750000,-1.31950021727,-0.824687635792
-0.640625000,-0.093750000,-1.26207687448,-0.788798046547
-0.625000000,-0.093750000,-1.20193358106,-0.751208488162
-0.609375000,-0.093750000,-1.13990535367,-0.712440846043
-0.593750000,-0.093750000,-1.07673647853,-0.672960299082
-0.578125000,-0.093750000,-1.01308612288,-0.633178826799
-0.562500000,-0.093750000,-0.949533866978,-0.593458666861
-0.546875000,-0.093750000,-0.886585125911,-0.554115703695
-0.531250000,-0.093750000,-0.824676432504,-0.515422770315
-0.515625000,-0.093750000,-0.764180564650,-0.477612852906
-0.500000000,-0.093750000,-0.705411499446,-0.440882187153
-0.484375000,-0.093750000,-0.648629184950,-0.405393240594
-0.468750000,-0.093750000,-0.594044121099,-0.371277575687
-0.453125000,-0.093750000,-0.541821745838,-0.338638591149
-0.437500000,-0.093750000,-0.492086623060,-0.307554139412
-0.421875000,-0.093750000,-0.444926432577,-0.278079020361
-0.406250000,-0.093750000,-0.400395763678,-0.250247352299
-0.390625000,-0.093750000,-0.358519712278,-0.224074820174
-0.375000000,-0.093750000,-0.319297287841,-0.199560804900
-0.359375000,-0.093750000,-0.282704632105,-0.176690395066
-0.343750000,-0.093750000,-0.248698053924,-0.155436283702
-0.328125000,-0.093750000,-0.217216887024,-0.135760554390
-0.312500000,-0.093750000,-0.188186174439,-0.117616359024
-0.296875000,-0.093750000,-0.161519185375,-0.100949490860
-0.281250000,-0.093750000,-0.137119770701,-0.0856998566881
-0.265625000,-0.093750000,-0.114884561970,-0.0718028512314
-0.250000000,-0.093750000,-0.0947050202839,-0.0591906376774
-0.234375000,-0.093750000,-0.0764693393880,-0.0477933371175
-0.218750000,-0.093750000,-0.0600642099479,-0.0375401312174
-0.203125000,-0.093750000,-0.0453764485693,-0.0283602803558
-0.187500000,-0.093750000,-0.0322944974918,-0.0201840609324
-0.171875000,-0.093750000,-0.0207097995338,-0.0129436247086
-0.156250000,-0.093750000,-0.0105180523877,-0.00657378274230
-0.140625000,-0.093750000,-0.00162034697661,-0.00101271686038
-0.125000000,-0.093750000,0.00607580660885,0.00379737913053
-0.109375000,-0.093750000,0.0126555620756,0.00790972629726
-0.093750000,-0.093750000,0.0181959249312,0.0113724530820
-0.078125000,-0.093750000,0.0227448057955,0.0142155036222
-0.062500000,-0.093750000,0.0264100327463,0.0165062704665
-0.046875000,-0.093750000,0.0292078054256,0.0182548783910
-0.031250000,-0.093750000,0.0311776840879,0.0194860525550
-0.015625000,-0.093750000,0.0323481536576,0.0202175960360
0.000000000,-0.093750000,0.0327363960307,0.0204602475192
0.015625000,-0.093750000,0.0323481536576,0.0202175960360
0.031250000,-0.093750000,0.0311776840879,0.0194860525550
0.046875000,-0.093750000,0.0292078054256,0.0182548783910
0.062500000,-0.093750000,0.0264100327463,0.0165062704665
0.078125000,-0.093750000,0.0227448057955,0.0142155036222
0.093750000,-0.093750000,0.0181959249312,0.0113724530820
0.109375000,-0.093750000,0.0126555620756,0.00790972629726
0.125000000,-0.093750000,0.00607580660885,0.00379737913053
0.140625000,-0.093750000,-0.00162034697661,-0.00101271686038
0.156250000,-0.093750000,-0.0105180523877,-0.00657378274230
0.171875000,-0.093750000,-0.0207097995338,-0.0129436247086
0.187500000,-0.093750000,-0.0322944974918,-0.0201840609324
0.203125000,-0.093750000,-0.0453764485693,-0.0283602803558
0.218750000,-0.093750000,-0.0600642099479,-0.0375401312174
0.234375000,-0.093750000,-0.0764693393880,-0.0477933371175
0.250000000,-0.093750000,-0.0947050202839,-0.0591906376774
0.265625000,-0.093750000,-0.114884561970,-0.0718028512314
0.281250000,-0.093750000,-0.137119770701,-0.0856998566881
0.296875000,-0.093750000,-0.161519185375,-0.100949490860
0.312500000,-0.093750000,-0.188186174439,-0.117616359024
0.328125000,-0.093750000,-0.217216887024,-0.135760554390
0.343750000,-0.093750000,-0.248698053924,-0.155436283702
0.359375000,-0.093750000,-0.282704632105,-0.176690395066
0.375000000,-0.093750000,-0.319297287841,-0.199560804900
0.390625000,-0.093750000,-0.358519712278,-0.224074820174
0.406250000,-0.093750000,-0.400395763678,-0.250247352299
0.421875000,-0.093750000,-0.444926432577,-0.278079020361
0.437500000,-0.093750000,-0.492086623060,-0.307554139412
0.453125000,-0.093750000,-0.541821745838,-0.338638591149
0.468750000,-0.093750000,-0.594044121099,-0.371277575687
0.484375000,-0.093750000,-0.648629184950,-0.405393240594
0.500000000,-0.093750000,-0.705411499446,-0.440882187153
0.515625000,-0.093750000,-0.764180564650,-0.477612852906
0.531250000,-0.093750000,-0.824676432504,-0.515422770315
0.546875000,-0.093750000,-0.886585125911,-0.554115703695
0.562500000,-0.093750000,-0.949533866978,-0.593458666861
0.578125000,-0.093750000,-1.01308612288,-0.633178826799
0.593750000,-0.093750000,-1.07673647853,-0.672960299082
0.609375000,-0.093750000,-1.13990535367,-0.712440846043
0.625000000,-0.093750000,-1.20193358106,-0.751208488162
0.640625000,-0.093750000,-1.26207687448,-0.788798046547
0.656250000,-0.093750000,-1.31950021727,-0.824687635792
0.671875000,-0.093750000,-1.37327221394,-0.858295133714
0.687500000,-0.093750000,-1.42235945468,-0.888974659177
0.703125000,-0.093750000,-1.46562095808,-0.916013098801
0.718750000,-0.093750000,-1.50180276756,-0.938626729724
0.734375000,-0.093750000,-1.52953279758,-0.955957998485
0.750000000,-0.093750000,-1.54731604406,-0.967072527535
0.765625000,-0.093750000,-1.55353029896,-0.970956436851
0.781250000,-0.093750000,-1.54642253757,-0.966514085981
0.796875000,-0.093750000,-1.52410618119,-0.952566363247
0.812500000,-0.093750000,-1.48455948204,-0.927849676273
0.828125000,-0.093750000,-1.42562532419,-0.891015827619
0.843750000,-0.093750000,-1.34501279596,-0.840632997477
0.859375000,-0.093750000,-1.24030096189,-0.775188101182
0.875000000,-0.093750000,-1.10894534766,-0.693090842287
0.890625000,-0.093750000,-0.948287756076,-0.592679847548
0.906250000,-0.093750000,-0.755570161299,-0.472231350812
0.921875000,-0.093750000,-0.527953576265,-0.329970985166
0.937500000,-0.093750000,-0.262542980040,-0.164089362525
0.953125000,-0.093750000,0.0435803891742,0.0272377432339
0.968750000,-0.093750000,0.393317788310,0.245823617694
0.984375000,-0.093750000,,
1.000000000,-0.093750000,,
-1.000000000,-0.078125000,,
-0.984375000,-0.078125000,,
-0.968750000,-0.078125000,0.422684555789,0.264177847368
-0.953125000,-0.078125000,0.0700857677359,0.0438036048350
-0.937500000,-0.078125000,-0.238530322994,-0.149081451871
-0.921875000,-0.078125000,-0.506120390306,-0.316325243941
-0.906250000,-0.078125000,-0.735651254231,-0.459782033894
-0.890625000,-0.078125000,-0.930059514596,-0.581287196622
-0.875000000,-0.078125000,-1.09222002931,-0.682637518317
-0.859375000,-0.078125000,-1.22492166892,-0.765576043076
-0.843750000,-0.078125000,-1.33084905061,-0.831780656633
-0.828125000,-0.078125000,-1.41256917728,-0.882855735803
-0.812500000,-0.078125000,-1.47252209416,-0.920326308849
-0.796875000,-0.078125000,-1.51301482370,-0.945634264810
-0.781250000,-0.078125000,-1.53621796743,-0.960136229647
-0.765625000,-0.078125000,-1.54416446585,-0.965102791154
-0.750000000,-0.078125000,-1.53875009339,-0.961718808371
-0.734375000,-0.078125000,-1.52173533837,-0.951084586483
-0.718750000,-0.078125000,-1.49474837428,-0.934217733927
-0.703125000,-0.078125000,-1.45928888269,-0.912055551684
-0.687500000,-0.078125000,-1.41673252492,-0.885457828074
-0.671875000,-0.078125000,-1.36833589791,-0.855209936195
-0.656250000,-0.078125000,-1.31524183449,-0.822026146555
-0.640625000,-0.078125000,-1.25848493848,-0.786553086552
-0.625000000,-0.078125000,-1.19899725721,-0.749373285759
-0.609375000,-0.078125000,-1.13761401891,-0.711008761821
-0.593750000,-0.078125000,-1.07507937101,-0.671924606881
-0.578125000,-0.078125000,-1.01205207003,-0.632532543767
-0.562500000,-0.078125000,-0.949111082512,-0.593194426570
-0.546875000,-0.078125000,-0.886761065419,-0.554225665887
-0.531250000,-0.078125000,-0.825437701133,-0.515898563208
-0.515625000,-0.078125000,-0.765512867974,-0.478445542483
-0.500000000,-0.078125000,-0.707299631242,-0.442062269527
-0.484375000,-0.078125000,-0.651057046039,-0.406910653774
-0.468750000,-0.078125000,-0.596994763420,-0.373121727138
-0.453125000,-0.078125000,-0.545277436507,-0.340798397817
-0.437500000,-0.078125000,-0.496028924774,-0.310018077984
-0.421875000,-0.078125000,-0.449336295820,-0.280835184888
-0.406250000,-0.078125000,-0.405253626814,-0.253283516759
-0.390625000,-0.078125000,-0.363805607326,-0.227378504579
-0.375000000,-0.078125000,-0.324990948112,-0.203119342570
-0.359375000,-0.078125000,-0.288785599749,-0.180490999843
-0.343750000,-0.078125000,-0.255145785235,-0.159466115772
-0.328125000,-0.078125000,-0.224010853615,-0.140006783510
-0.312500000,-0.078125000,-0.195305958358,-0.122066223974
-0.296875000,-0.078125000,-0.168944567479,-0.105590354674
-0.281250000,-0.078125000,-0.144830810287,-0.0905192564295
-0.265625000,-0.078125000,-0.122861667901,-0.0767885424383
-0.250000000,-0.078125000,-0.102929011786,-0.0643306323664
-0.234375000,-0.078125000,-0.0849214970367,-0.0530759356479
-0.218750000,-0.078125000,-0.0687263156975,-0.0429539473110
-0.203125000,-0.078125000,-0.0542308154664,-0.0338942596665
-0.187500000,-0.078125000,-0.0413239883809,-0.0258274927381
-0.171875000,-0.078125000,-0.0298978353120,-0.0186861470700
-0.156250000,-0.078125000,-0.0198486102057,-0.0124053813786
-0.140625000,-0.078125000,-0.0110779481739,-0.00692371760868
-0.125000000,-0.078125000,-0.00349388243525,-0.00218367652203
-0.109375000,-0.078125000,0.00298824756597,0.00186765472873
-0.093750000,-0.078125000,0.00844499236502,0.00527812022814
-0.078125000,-0.078125000,0.0129440902013,0.00809005637579
-0.062500000,-0.078125000,0.0165244711256,0.0103277944535
-0.046875000,-0.078125000,0.0192801052154,0.0120500657596
-0.031250000,-0.078125000,0.0212200606157,0.0132625378848
-0.015625000,-0.078125000,0.0223726470457,0.0139829044036
0.000000000,-0.078125000,0.0227549401990,0.0142218376244
0.015625000,-0.078125000,0.0223726470457,0.0139829044036
0.031250000,-0.078125000,0.0212200606157,0.0132625378848
0.046875000,-0.078125000,0.0192801052154,0.0120500657596
0.062500000,-0.078125000,0.0165244711256,0.0103277944535
0.078125000,-0.078125000,0.0129440902013,0.00809005637579
0.093750000,-0.078125000,0.00844499236502,0.00527812022814
0.109375000,-0.078125000,0.00298824756597,0.00186765472873
0.125000000,-0.078125000,-0.00349388243525,-0.00218367652203
0.140625000,-0.078125000,-0.0110779481739,-0.00692371760868
0.156250000,-0.078125000,-0.0198486102057,-0.0124053813786
0.171875000,-0.078125000,-0.0298978353120,-0.0186861470700
0.187500000,-0.078125000,-0.0413239883809,-0.0258274927381
0.203125000,-0.078125000,-0.0542308154664,-0.0338942596665
0.218750000,-0.078125000,-0.0687263156975,-0.0429539473110
0.234375000,-0.078125000,-0.0849214970367,-0.0530759356479
0.250000000,-0.078125000,-0.102929011786,-0.0643306323664
0.265625000,-0.078125000,-0.122861667901,-0.0767885424383
0.281250000,-0.078125000,-0.144830810287,-0.0905192564295
0.296875000,-0.078125000,-0.168944567479,-0.105590354674
0.312500000,-0.078125000,-0.195305958358,-0.122066223974
0.328125000,-0.078125000,-0.224010853615,-0.140006783510
0.343750000,-0.078125000,-0.255145785235,-0.159466115772
0.359375000,-0.078125000,-0.288785599749,-0.180490999843
0.375000000,-0.078125000,-0.324990948112,-0.203119342570
0.390625000,-0.078125000,-0.363805607326,-0.227378504579
0.406250000,-0.078125000,-0.405253626814,-0.253283516759
0.421875000,-0.078125000,-0.449336295820,-0.280835184888
0.437500000,-0.078125000,-0.496028924774,-0.310018077984
0.453125000,-0.078125000,-0.545277436507,-0.340798397817
0.468750000,-0.078125000,-0.596994763420,-0.373121727138
0.484375000,-0.078125000,-0.651057046039,-0.406910653774
0.500000000,-0.078125000,-0.707299631242,-0.442062269527
0.515625000,-0.078125000,-0.765512867974,-0.478445542483
0.531250000,-0.078125000,-0.825437701133,-0.515898563208
0.546875000,-0.078125000,-0.886761065419,-0.554225665887
0.562500000,-0.078125000,-0.949111082512,-0.593194426570
0.578125000,-0.078125000,-1.01205207003,-0.632532543767
0.593750000,-0.078125000,-1.07507937101,-0.671924606881
0.609375000,-0.078125000,-1.13761401891,-0.711008761821
0.625000000,-0.078125000,-1.19899725721,-0.749373285759
0.640625000,-0.078125000,-1.25848493848,-0.786553086552
0.656250000,-0.078125000,-1.31524183449,-0.822026146555
0.671875000,-0.078125000,-1.36833589791,-0.855209936195
0.687500000,-0.078125000,-1.41673252492,-0.885457828074
0.703125000,-0.078125000,-1.45928888269,-0.912055551684
0.718750000,-0.078125000,-1.49474837428,-0.934217733927
0.734375000,-0.078125000,-1.52173533837,-0.951084586483
0.750000000,-0.078125000,-1.53875009339,-0.961718808371
0.765625000,-0.078125000,-1.54416446585,-0.965102791154
0.781250000,-0.078125000,-1.53621796743,-0.960136229647
0.796875000,-0.078125000,-1.51301482370,-0.945634264810
0.812500000,-0.078125000,-1.47252209416,-0.920326308849
0.828125000,-0.078125000,-1.41256917728,-0.882855735803
0.843750000,-0.078125000,-1.33084905061,-0.831780656633
0.859375000,-0.078125000,-1.22492166892,-0.765576043076
0.875000000,-0.078125000,-1.09222002931,-0.682637518317
0.890625000,-0.078125000,-0.930059514596,-0.581287196622
0.906250000,-0.078125000,-0.735651254231,-0.459782033894
0.921875000,-0.078125000,-0.506120390306,-0.316325243941
0.937500000,-0.078125000,-0.238530322994,-0.149081451871
0.953125000,-0.078125000,0.0700857677359,0.0438036048350
0.968750000,-0.078125000,0.422684555789,0.264177847368
0.984375000,-0.078125000,,
1.000000000,-0.078125000,,
-1.000000000,-0.062500000,,
-0.984375000,-0.062500000,,
-0.968750000,-0.062500000,0.460322714802,0.287701696751
-0.953125000,-0.062500000,0.104309671654,0.0651935447836
-0.937500000,-0.062500000,-0.207342365783,-0.129588978614
-0.921875000,-0.062500000,-0.477641840222,-0.298526150139
-0.906250000,-0.062500000,-0.709600710331,-0.443500443957
-0.890625000,-0.062500000,-0.906194846215,-0.566371778884
-0.875000000,-0.062500000,-1.07033318393,-0.668958239955
-0.859375000,-0.062500000,-1.20483407965,-0.753021299781
-0.843750000,-0.062500000,-1.31240757775,-0.820254736093
-0.828125000,-0.062500000,-1.39564252578,-0.872276578610
-0.812500000,-0.062500000,-1.45699765557,-0.910623534731
-0.796875000,-0.062500000,-1.49879589822,-0.936747436390
-0.781250000,-0.062500000,-1.52322132476,-0.952013327978
-0.765625000,-0.062500000,-1.53231821004,-0.957698881278
-0.750000000,-0.062500000,-1.52799179960,-0.954994874750
-0.734375000,-0.062500000,-1.51201043207,-0.945006520041
-0.718750000,-0.062500000,-1.48600872889,-0.928755455557
-0.703125000,-0.062500000,-1.45149161129,-0.907182257056
-0.687500000,-0.062500000,-1.40983894576,-0.881149341099
-0.671875000,-0.062500000,-1.36231065429,-0.851444158930
-0.656250000,-0.062500000,-1.31005215379,-0.818782596120
-0.640625000,-0.062500000,-1.25410001241,-0.783812507755
-0.625000000,-0.062500000,-1.19538773121,-0.747117332007
-0.609375000,-0.062500000,-1.13475157752,-0.709219735952
-0.593750000,-0.062500000,-1.07293640740,-0.670585254623
-0.578125000,-0.062500000,-1.01060142936,-0.631625893352
-0.562500000,-0.062500000,-0.948325869818,-0.592703668636
-0.546875000,-0.062500000,-0.886614509377,-0.554134068360
-0.531250000,-0.062500000,-0.825903065032,-0.516189415645
-0.515625000,-0.062500000,-0.766563401901,-0.479102126188
-0.500000000,-0.062500000,-0.708908558670,-0.443067849169
-0.484375000,-0.062500000,-0.653197577895,-0.408248486185
-0.468750000,-0.062500000,-0.599640136087,-0.374775085055
-0.453125000,-0.062500000,-0.548400967408,-0.342750604630
-0.437500000,-0.062500000,-0.499604082248,-0.312252551405
-0.421875000,-0.062500000,-0.453336778605,-0.283335486628
-0.406250000,-0.062500000,-0.409653450373,-0.256033406483
-0.390625000,-0.062500000,-0.368579193468,-0.230361995918
-0.375000000,-0.062500000,-0.330113215605,-0.206320759753
-0.359375000,-0.062500000,-0.294232052455,-0.183895032784
-0.343750000,-0.062500000,-0.260892597726,-0.163057873579
-0.328125000,-0.062500000,-0.230034949967,-0.143771843729
-0.312500000,-0.062500000,-0.201585084803,-0.125990678002
-0.296875000,-0.062500000,-0.175457355693,-0.109660847308
-0.281250000,-0.062500000,-0.151556832478,-0.0947230202986
-0.265625000,-0.062500000,-0.129781480355,-0.0811134252217
-0.250000000,-0.062500000,-0.110024188365,-0.0687651177280
-0.234375000,-0.062500000,-0.0921746514029,-0.0576091571268
-0.218750000,-0.062500000,-0.0761211112099,-0.0475756945062
-0.203125000,-0.062500000,-0.0617519641475,-0.0385949775922
-0.187500000,-0.062500000,-0.0489572381114,-0.0305982738196
-0.171875000,-0.062500000,-0.0376299453836,-0.0235187158647
-0.156250000,-0.062500000,-0.0276673161583,-0.0172920725990
-0.140625000,-0.062500000,-0.0189719160500,-0.0118574475313
-0.125000000,-0.062500000,-0.0114526525034,-0.00715790781462
-0.109375000,-0.062500000,-0.00502567415507,-0.00314104634692
-0.093750000,-0.062500000,0.000384834076447,0.000240521297780
-0.078125000,-0.062500000,0.00484595704951,0.00302872315594
-0.062500000,-0.062500000,0.00841545330001,0.00525965831250
-0.046875000,-0.062500000,0.0111180521410,0.00694878258814
-0.031250000,-0.062500000,0.0130433438674,0.00815208991712
-0.015625000,-0.062500000,0.0141872407932,0.00886702549575
0.000000000,-0.062500000,0.0145666556835,0.00910415980219
0.015625000,-0.062500000,0.0141872407932,0.00886702549575
0.031250000,-0.062500000,0.0130433438674,0.00815208991712
0.046875000,-0.062500000,0.0111180521410,0.00694878258814
0.062500000,-0.062500000,0.00841545330001,0.00525965831250
0.078125000,-0.062500000,0.00484595704951,0.00302872315594
0.093750000,-0.062500000,0.000384834076447,0.000240521297780
0.109375000,-0.062500000,-0.00502567415507,-0.00314104634692
0.125000000,-0.062500000,-0.0114526525034,-0.00715790781462
0.140625000,-0.062500000,-0.0189719160500,-0.0118574475313
0.156250000,-0.062500000,-0.0276673161583,-0.0172920725990
0.171875000,-0.062500000,-0.0376299453836,-0.0235187158647
0.187500000,-0.062500000,-0.0489572381114,-0.0305982738196
0.203125000,-0.062500000,-0.0617519641475,-0.0385949775922
0.218750000,-0.062500000,-0.0761211112099,-0.0475756945062
0.234375000,-0.062500000,-0.0921746514029,-0.0576091571268
0.250000000,-0.062500000,-0.110024188365,-0.0687651177280
0.265625000,-0.062500000,-0.129781480355,-0.0811134252217
0.281250000,-0.062500000,-0.151556832478,-0.0947230202986
0.296875000,-0.062500000,-0.175457355693,-0.109660847308
0.312500000,-0.062500000,-0.201585084803,-0.125990678002
0.328125000,-0.062500000,-0.230034949967,-0.143771843729
0.343750000,-0.062500000,-0.260892597726,-0.163057873579
0.359375000,-0.062500000,-0.294232052455,-0.183895032784
0.375000000,-0.062500000,-0.330113215605,-0.206320759753
0.390625000,-0.062500000,-0.368579193468,-0.230361995918
0.406250000,-0.062500000,-0.409653450373,-0.256033406483
0.421875000,-0.062500000,-0.453336778605,-0.283335486628
0.437500000,-0.062500000,-0.499604082248,-0.312252551405
0.453125000,-0.062500000,-0.548400967408,-0.342750604630
0.468750000,-0.062500000,-0.599640136087,-0.374775085055
0.484375000,-0.062500000,-0.653197577895,-0.408248486185
0.500000000,-0.062500000,-0.708908558670,-0.443067849169
0.515625000,-0.062500000,-0.766563401901,-0.479102126188
0.531250000,-0.062500000,-0.825903065032,-0.516189415645
0.546875000,-0.062500000,-0.886614509377,-0.554134068360
0.562500000,-0.062500000,-0.948325869818,-0.592703668636
0.578125000,-0.062500000,-1.01060142936,-0.631625893352
0.593750000,-0.062500000,-1.07293640740,-0.670585254623
0.609375000,-0.062500000,-1.13475157752,-0.709219735952
0.625000000,-0.062500000,-1.19538773121,-0.747117332007
0.640625000,-0.062500000,-1.25410001241,-0.783812507755
0.656250000,-0.062500000,-1.31005215379,-0.818782596120
0.671875000,-0.062500000,-1.36231065429,-0.851444158930
0.687500000,-0.062500000,-1.40983894576,-0.881149341099
0.703125000,-0.062500000,-1.45149161129,-0.907182257056
0.718750000,-0.062500000,-1.48600872889,-0.928755455557
0.734375000,-0.062500000,-1.51201043207,-0.945006520041
0.750000000,-0.062500000,-1.52799179960,-0.954994874750
0.765625000,-0.062500000,-1.53231821004,-0.957698881278
0.781250000,-0.062500000,-1.52322132476,-0.952013327978
0.796875000,-0.062500000,-1.49879589822,-0.936747436390
0.812500000,-0.062500000,-1.45699765557,-0.910623534731
0.828125000,-0.062500000,-1.39564252578,-0.872276578610
0.843750000,-0.062500000,-1.31240757775,-0.820254736093
0.859375000,-0.062500000,-1.20483407965,-0.753021299781
0.875000000,-0.062500000,-1.07033318393,-0.668958239955
0.890625000,-0.062500000,-0.906194846215,-0.566371778884
0.906250000,-0.062500000,-0.709600710331,-0.443500443957
0.921875000,-0.062500000,-0.477641840222,-0.298526150139
0.937500000,-0.062500000,-0.207342365783,-0.129588978614
0.953125000,-0.062500000,0.104309671654,0.0651935447836
0.968750000,-0.062500000,0.460322714802,0.287701696751
0.984375000,-0.062500000,,
1.000000000,-0.062500000,,
-1.000000000,-0.046875000,,
-0.984375000,-0.046875000,,
-0.968750000,-0.046875000,0.506400337406,0.316500210879
-0.953125000,-0.046875000,0.146388283756,0.0914926773476
-0.937500000,-0.046875000,-0.168872284385,-0.105545177741
-0.921875000,-0.046875000,-0.442438099946,-0.276523812466
-0.906250000,-0.046875000,-0.677363491929,-0.423352182456
-0.890625000,-0.046875000,-0.876661430018,-0.547913393761
-0.875000000,-0.046875000,-1.04327325953,-0.652045787204
-0.859375000,-0.046875000,-1.18004557669,-0.737528485429
-0.843750000,-0.046875000,-1.28971296413,-0.806070602580
-0.828125000,-0.046875000,-1.37488552599,-0.859303453746
-0.812500000,-0.046875000,-1.43804034721,-0.898775217006
-0.796875000,-0.046875000,-1.48151614804,-0.925947592524
-0.781250000,-0.046875000,-1.50751053131,-0.942194082067
-0.765625000,-0.046875000,-1.51807932143,-0.948799575897
-0.750000000,-0.046875000,-1.51513757949,-0.946960987180
-0.734375000,-0.046875000,-1.50046194848,-0.937788717800
-0.718750000,-0.046875000,-1.47569404357,-0.922308777229
-0.703125000,-0.046875000,-1.44234464864,-0.901465405398
-0.687500000,-0.046875000,-1.40179852315,-0.876124076967
-0.671875000,-0.046875000,-1.35531965667,-0.847074785419
-0.656250000,-0.046875000,-1.30405683666,-0.815035522911
-0.640625000,-0.046875000,-1.24904941950,-0.780655887188
-0.625000000,-0.046875000,-1.19123321415,-0.744520758847
-0.609375000,-0.046875000,-1.13144640493,-0.707154003083
-0.593750000,-0.046875000,-1.07043545325,-0.669022158284
-0.578125000,-0.046875000,-1.00886093058,-0.630538081615
-0.562500000,-0.046875000,-0.947303244241,-0.592064527651
-0.546875000,-0.046875000,-0.886268225387,-0.553917640867
-0.531250000,-0.046875000,-0.826192556547,-0.516370347842
-0.515625000,-0.046875000,-0.767449020138,-0.479655637586
-0.500000000,-0.046875000,-0.710351555793,-0.443969722371
-0.484375000,-0.046875000,-0.655160116836,-0.409475073023
-0.468750000,-0.046875000,-0.602085320464,-0.376303325290
-0.453125000,-0.046875000,-0.551292888122,-0.344558055076
-0.437500000,-0.046875000,-0.502907875317,-0.314317422073
-0.421875000,-0.046875000,-0.457018691734,-0.285636682334
-0.406250000,-0.046875000,-0.413680913916,-0.258550571198
-0.390625000,-0.046875000,-0.372920893265,-0.233075558291
-0.375000000,-0.046875000,-0.334739164709,-0.209211977943
-0.359375000,-0.046875000,-0.299113660347,-0.186946037717
-0.343750000,-0.046875000,-0.266002733207,-0.166251708255
-0.328125000,-0.046875000,-0.235347997963,-0.147092498727
-0.312500000,-0.046875000,-0.207076994279,-0.129423121424
-0.296875000,-0.046875000,-0.181105678017,-0.113191048761
-0.281250000,-0.046875000,-0.157340749019,-0.0983379681367
-0.265625000,-0.046875000,-0.135681818885,-0.0848011368031
-0.250000000,-0.046875000,-0.116023427135,-0.0725146419592
-0.234375000,-0.046875000,-0.0982569106484,-0.0614105691553
-0.218750000,-0.046875000,-0.0822721329380,-0.0514200830863
-0.203125000,-0.046875000,-0.0679590782172,-0.0424744238857
-0.187500000,-0.046875000,-0.0552093165937,-0.0345058228711
-0.171875000,-0.046875000,-0.0439173442745,-0.0274483401716
-0.156250000,-0.046875000,-0.0339818052387,-0.0212386282742
-0.140625000,-0.046875000,-0.0253065976589,-0.0158166235368
-0.125000000,-0.046875000,-0.0178018693855,-0.0111261683659
-0.109375000,-0.046875000,-0.0113849073850,-0.00711556711560
-0.093750000,-0.046875000,-0.00598092362369,-0.00373807726481
-0.078125000,-0.046875000,-0.00152374070074,-0.000952337937964
-0.062500000,-0.046875000,0.00204361911694,0.00127726194809
-0.046875000,-0.046875000,0.00476844045228,0.00298027528267
-0.031250000,-0.046875000,0.00668791278837,0.00417994549273
-0.015625000,-0.046875000,0.00782882075079,0.00489301296925
0.000000000,-0.046875000,0.00820732315664,0.00512957697290
0.015625000,-0.046875000,0.00782882075079,0.00489301296925
0.031250000,-0.046875000,0.00668791278837,0.00417994549273
0.046875000,-0.046875000,0.00476844045228,0.00298027528267
0.062500000,-0.046875000,0.00204361911694,0.00127726194809
0.078125000,-0.046875000,-0.00152374070074,-0.000952337937964
0.093750000,-0.046875000,-0.00598092362369,-0.00373807726481
0.109375000,-0.046875000,-0.0113849073850,-0.00711556711560
0.125000000,-0.046875000,-0.0178018693855,-0.0111261683659
0.140625000,-0.046875000,-0.0253065976589,-0.0158166235368
0.156250000,-0.046875000,-0.0339818052387,-0.0212386282742
0.171875000,-0.046875000,-0.0439173442745,-0.0274483401716
0.187500000,-0.046875000,-0.0552093165937,-0.0345058228711
0.203125000,-0.046875000,-0.0679590782172,-0.0424744238857
0.218750000,-0.046875000,-0.0822721329380,-0.0514200830863
0.234375000,-0.046875000,-0.0982569106484,-0.0614105691553
0.250000000,-0.046875000,-0.116023427135,-0.0725146419592
0.265625000,-0.046875000,-0.135681818885,-0.0848011368031
0.281250000,-0.046875000,-0.157340749019,-0.0983379681367
0.296875000,-0.046875000,-0.181105678017,-0.113191048761
0.312500000,-0.046875000,-0.207076994279,-0.129423121424
0.328125000,-0.046875000,-0.235347997963,-0.147092498727
0.343750000,-0.046875000,-0.266002733207,-0.166251708255
0.359375000,-0.046875000,-0.299113660347,-0.186946037717
0.375000000,-0.046875000,-0.334739164709,-0.209211977943
0.390625000,-0.046875000,-0.372920893265,-0.233075558291
0.406250000,-0.046875000,-0.413680913916,-0.258550571198
0.421875000,-0.046875000,-0.457018691734,-0.285636682334
0.437500000,-0.046875000,-0.502907875317,-0.314317422073
0.453125000,-0.046875000,-0.551292888122,-0.344558055076
0.468750000,-0.046875000,-0.602085320464,-0.376303325290
0.484375000,-0.046875000,-0.655160116836,-0.409475073023
0.500000000,-0.046875000,-0.710351555793,-0.443969722371
0.515625000,-0.046875000,-0.767449020138,-0.479655637586
0.531250000,-0.046875000,-0.826192556547,-0.516370347842
0.546875000,-0.046875000,-0.886268225387,-0.553917640867
0.562500000,-0.046875000,-0.947303244241,-0.592064527651
0.578125000,-0.046875000,-1.00886093058,-0.630538081615
0.593750000,-0.046875000,-1.07043545325,-0.669022158284
0.609375000,-0.046875000,-1.13144640493,-0.707154003083
0.625000000,-0.046875000,-1.19123321415,-0.744520758847
0.640625000,-0.046875000,-1.24904941950,-0.780655887188
0.656250000,-0.046875000,-1.30405683666,-0.815035522911
0.671875000,-0.046875000,-1.35531965667,-0.847074785419
0.687500000,-0.046875000,-1.40179852315,-0.876124076967
0.703125000,-0.046875000,-1.44234464864,-0.901465405398
0.718750000,-0.046875000,-1.47569404357,-0.922308777229
0.734375000,-0.046875000,-1.50046194848,-0.937788717800
0.750000000,-0.046875000,-1.51513757949,-0.946960987180
0.765625000,-0.046875000,-1.51807932143,-0.948799575897
0.781250000,-0.046875000,-1.50751053131,-0.942194082067
0.796875000,-0.046875000,-1.48151614804,-0.925947592524
0.812500000,-0.046875000,-1.43804034721,-0.898775217006
0.828125000,-0.046875000,-1.37488552599,-0.859303453746
0.843750000,-0.046875000,-1.28971296413,-0.806070602580
0.859375000,-0.046875000,-1.18004557669,-0.737528485429
0.875000000,-0.046875000,-1.04327325953,-0.652045787204
0.890625000,-0.046875000,-0.876661430018,-0.547913393761
0.906250000,-0.046875000,-0.677363491929,-0.423352182456
0.921875000,-0.046875000,-0.442438099946,-0.276523812466
0.937500000,-0.046875000,-0.168872284385,-0.105545177741
0.953125000,-0.046875000,0.146388283756,0.0914926773476
0.968750000,-0.046875000,0.506400337406,0.316500210879
0.984375000,-0.046875000,,
1.000000000,-0.046875000,,
-1.000000000,-0.031250000,,
-0.984375000,-0.031250000,,
-0.968750000,-0.031250000,0.561090059690,0.350681287306
-0.953125000,-0.031250000,0.196462716637,0.122789197898
-0.937500000,-0.031250000,-0.123008116974,-0.0768800731087
-0.921875000,-0.031250000,-0.400424126181,-0.250265078863
-0.906250000,-0.031250000,-0.638879369415,-0.399299605884
-0.890625000,-0.031250000,-0.841421860942,-0.525888663089
-0.875000000,-0.031250000,-1.01102379328,-0.631889870800
-0.859375000,-0.031250000,-1.15055885584,-0.719099284900
-0.843750000,-0.031250000,-1.26278537238,-0.789240857739
-0.828125000,-0.031250000,-1.35033420157,-0.843958875984
-0.812500000,-0.031250000,-1.41570052786,-0.884812829910
-0.796875000,-0.031250000,-1.46123881769,-0.913274261058
-0.781250000,-0.031250000,-1.48916033980,-0.930725212377
-0.765625000,-0.031250000,-1.50153275251,-0.938457970320
-0.750000000,-0.031250000,-1.50028134268,-0.937675839172
-0.734375000,-0.031250000,-1.48719157494,-0.929494734340
-0.718750000,-0.031250000,-1.46391266465,-0.914945415405
-0.703125000,-0.031250000,-1.43196194057,-0.894976212856
-0.687500000,-0.031250000,-1.39272980019,-0.870456125118
-0.671875000,-0.031250000,-1.34748509813,-0.842178186328
-0.656250000,-0.031250000,-1.29738083353,-0.810863020954
-0.640625000,-0.031250000,-1.24346002780,-0.777162517377
-0.625000000,-0.031250000,-1.18666170324,-0.741663564523
-0.609375000,-0.031250000,-1.12782688938,-0.704891805865
-0.593750000,-0.031250000,-1.06770459928,-0.667315374548
-0.578125000,-0.031250000,-1.00695772649,-0.629348579059
-0.562500000,-0.031250000,-0.946168827623,-0.591355517265
-0.546875000,-0.031250000,-0.885845758259,-0.553653598912
-0.531250000,-0.031250000,-0.826427142046,-0.516516963779
-0.515625000,-0.031250000,-0.768287653945,-0.480179783716
-0.500000000,-0.031250000,-0.711743106208,-0.444839441380
-0.484375000,-0.031250000,-0.657055328457,-0.410659580286
-0.468750000,-0.031250000,-0.604436835909,-0.377773022443
-0.453125000,-0.031250000,-0.554055284037,-0.346284552523
-0.437500000,-0.031250000,-0.506037707885,-0.316273567428
-0.421875000,-0.031250000,-0.460474548745,-0.287796592966
-0.406250000,-0.031250000,-0.417423469612,-0.260889668508
-0.390625000,-0.031250000,-0.376912963402,-0.235570602126
-0.375000000,-0.031250000,-0.338945758809,-0.211841099256
-0.359375000,-0.031250000,-0.303502029141,-0.189688768213
-0.343750000,-0.031250000,-0.270542410012,-0.169089006257
-0.328125000,-0.031250000,-0.240010830801,-0.150006769251
-0.312500000,-0.031250000,-0.211837168397,-0.132398230248
-0.296875000,-0.031250000,-0.185939728028,-0.116212330018
-0.281250000,-0.031250000,-0.162227558110,-0.101392223819
-0.265625000,-0.031250000,-0.140602605825,-0.0878766286405
-0.250000000,-0.031250000,-0.120961720399,-0.0756010752494
-0.234375000,-0.031250000,-0.103198508679,-0.0644990679244
-0.218750000,-0.031250000,-0.0872050505661,-0.0545031566038
-0.203125000,-0.031250000,-0.0728734799354,-0.0455459249596
-0.187500000,-0.031250000,-0.0600974359655,-0.0375608974785
-0.171875000,-0.031250000,-0.0487733906431,-0.0304833691520
-0.156250000,-0.031250000,-0.0388018572068,-0.0242511607543
-0.140625000,-0.031250000,-0.0300884850598,-0.0188053031624
-0.125000000,-0.031250000,-0.0225450430563,-0.0140906519102
-0.109375000,-0.031250000,-0.0160902990187,-0.0100564368867
-0.093750000,-0.031250000,-0.0106507957786,-0.00665674736162
-0.078125000,-0.031250000,-0.00616152752297,-0.00385095470185
-0.062500000,-0.031250000,-0.00256652131529,-0.00160407582205
-0.046875000,-0.031250000,0.000180675706360,0.000112922316475
-0.031250000,-0.031250000,0.00211660054364,0.00132287533978
-0.015625000,-0.031250000,0.00326756856256,0.00204223035160
0.000000000,-0.031250000,0.00364945574388,0.00228090983993
0.015625000,-0.031250000,0.00326756856256,0.00204223035160
0.031250000,-0.031250000,0.00211660054364,0.00132287533978
0.046875000,-0.031250000,0.000180675706360,0.000112922316475
0.062500000,-0.031250000,-0.00256652131529,-0.00160407582205
0.078125000,-0.031250000,-0.00616152752297,-0.00385095470185
0.093750000,-0.031250000,-0.0106507957786,-0.00665674736162
0.109375000,-0.031250000,-0.0160902990187,-0.0100564368867
0.125000000,-0.031250000,-0.0225450430563,-0.0140906519102
0.140625000,-0.031250000,-0.0300884850598,-0.0188053031624
0.156250000,-0.031250000,-0.0388018572068,-0.0242511607543
0.171875000,-0.031250000,-0.0487733906431,-0.0304833691520
0.187500000,-0.031250000,-0.0600974359655,-0.0375608974785
0.203125000,-0.031250000,-0.0728734799354,-0.0455459249596
0.218750000,-0.031250000,-0.0872050505661,-0.0545031566038
0.234375000,-0.031250000,-0.103198508679,-0.0644990679244
0.250000000,-0.031250000,-0.120961720399,-0.0756010752494
0.265625000,-0.031250000,-0.140602605825,-0.0878766286405
0.281250000,-0.031250000,-0.162227558110,-0.101392223819
0.296875000,-0.031250000,-0.185939728028,-0.116212330018
0.312500000,-0.031250000,-0.211837168397,-0.132398230248
0.328125000,-0.031250000,-0.240010830801,-0.150006769251
0.343750000,-0.031250000,-0.270542410012,-0.169089006257
0.359375000,-0.031250000,-0.303502029141,-0.189688768213
0.375000000,-0.031250000,-0.338945758809,-0.211841099256
0.390625000,-0.031250000,-0.376912963402,-0.235570602126
0.406250000,-0.031250000,-0.417423469612,-0.260889668508
0.421875000,-0.031250000,-0.460474548745,-0.287796592966
0.437500000,-0.031250000,-0.506037707885,-0.316273567428
0.453125000,-0.031250000,-0.554055284037,-0.346284552523
0.468750000,-0.031250000,-0.604436835909,-0.377773022443
0.484375000,-0.031250000,-0.657055328457,-0.410659580286
0.500000000,-0.031250000,-0.711743106208,-0.444839441380
0.515625000,-0.031250000,-0.768287653945,-0.480179783716
0.531250000,-0.031250000,-0.826427142046,-0.516516963779
0.546875000,-0.031250000,-0.885845758259,-0.553653598912
0.562500000,-0.031250000,-0.946168827623,-0.591355517265
0.578125000,-0.031250000,-1.00695772649,-0.629348579059
0.593750000,-0.031250000,-1.06770459928,-0.667315374548
0.609375000,-0.031250000,-1.12782688938,-0.704891805865
0.625000000,-0.031250000,-1.18666170324,-0.741663564523
0.640625000,-0.031250000,-1.24346002780,-0.777162517377
0.656250000,-0.031250000,-1.29738083353,-0.810863020954
0.671875000,-0.031250000,-1.34748509813,-0.842178186328
0.687500000,-0.031250000,-1.39272980019,-0.870456125118
0.703125000,-0.031250000,-1.43196194057,-0.894976212856
0.718750000,-0.031250000,-1.46391266465,-0.914945415405
0.734375000,-0.031250000,-1.48719157494,-0.929494734340
0.750000000,-0.031250000,-1.50028134268,-0.937675839172
0.765625000,-0.031250000,-1.50153275251,-0.938457970320
0.781250000,-0.031250000,-1.48916033980,-0.930725212377
0.796875000,-0.031250000,-1.46123881769,-0.913274261058
0.812500000,-0.031250000,-1.41570052786,-0.884812829910
0.828125000,-0.031250000,-1.35033420157,-0.843958875984
0.843750000,-0.031250000,-1.26278537238,-0.789240857739
0.859375000,-0.031250000,-1.15055885584,-0.719099284900
0.875000000,-0.031250000,-1.01102379328,-0.631889870800
0.890625000,-0.031250000,-0.841421860942,-0.525888663089
0.906250000,-0.031250000,-0.638879369415,-0.399299605884
0.921875000,-0.031250000,-0.400424126181,-0.250265078863
0.937500000,-0.031250000,-0.123008116974,-0.0768800731087
0.953125000,-0.031250000,0.196462716637,0.122789197898
0.968750000,-0.031250000,0.561090059690,0.350681287306
0.984375000,-0.031250000,,
1.000000000,-0.031250000,,
-1.000000000,-0.015625000,,
-0.984375000,-0.015625000,,
-0.968750000,-0.015625000,0.624571813440,0.390357383400
-0.953125000,-0.015625000,0.254681657746,0.159176036091
-0.937500000,-0.015625000,-0.0696302020118,-0.0435188762574
-0.921875000,-0.015625000,-0.351507175973,-0.219691984983
-0.906250000,-0.015625000,-0.594080514142,-0.371300321339
-0.890625000,-0.015625000,-0.800431316126,-0.500269572579
-0.875000000,-0.015625000,-0.973561149572,-0.608475718483
-0.859375000,-0.015625000,-1.11636973449,-0.697731084057
-0.843750000,-0.015625000,-1.23163841805,-0.769774011281
-0.828125000,-0.015625000,-1.32201838709,-0.826261491933
-0.812500000,-0.015625000,-1.39002274463,-0.868764215391
-0.796875000,-0.015625000,-1.43802172896,-0.898763580600
-0.781250000,-0.015625000,-1.46824047570,-0.917650297313
-0.765625000,-0.015625000,-1.48275882477,-0.926724265479
-0.750000000,-0.015625000,-1.48351276158,-0.927195475990
-0.734375000,-0.015625000,-1.47229714925,-0.920185718281
-0.718750000,-0.015625000,-1.45076946885,-0.906730918029
-0.703125000,-0.015625000,-1.42045433268,-0.887783957924
-0.687500000,-0.015625000,-1.38274857724,-0.864217860776
-0.671875000,-0.015625000,-1.33892677399,-0.836829233743
-0.656250000,-0.015625000,-1.29014702813,-0.806341892580
-0.640625000,-0.015625000,-1.23745695500,-0.773410596875
-0.625000000,-0.015625000,-1.18179974657,-0.738624841605
-0.609375000,-0.015625000,-1.12402025671,-0.702512660444
-0.593750000,-0.015625000,-1.06487104510,-0.665544403190
-0.578125000,-0.015625000,-1.00501833547,-0.628136459669
-0.562500000,-0.015625000,-0.945047849276,-0.590654905797
-0.546875000,-0.015625000,-0.885470487066,-0.553419054416
-0.531250000,-0.015625000,-0.826727835414,-0.516704897134
-0.515625000,-0.015625000,-0.769197481780,-0.480748426112
-0.500000000,-0.015625000,-0.713198126971,-0.445748829357
-0.484375000,-0.015625000,-0.658994485328,-0.411871553330
-0.468750000,-0.015625000,-0.606801970015,-0.379251231259
-0.453125000,-0.015625000,-0.556791158319,-0.347994473949
-0.437500000,-0.015625000,-0.509092039958,-0.318182524974
-0.421875000,-0.015625000,-0.463798047197,-0.289873779498
-0.406250000,-0.015625000,-0.420969871603,-0.263106169752
-0.390625000,-0.015625000,-0.380639070777,-0.237899419236
-0.375000000,-0.015625000,-0.342811470036,-0.214257168773
-0.359375000,-0.015625000,-0.307470364602,-0.192168977876
-0.343750000,-0.015625000,-0.274579529201,-0.171612205750
-0.328125000,-0.015625000,-0.244086039761,-0.152553774850
-0.312500000,-0.015625000,-0.215922915694,-0.134951822309
-0.296875000,-0.015625000,-0.190011588275,-0.118757242672
-0.281250000,-0.015625000,-0.166264202536,-0.103915126585
-0.265625000,-0.015625000,-0.144585758919,-0.0903660993241
-0.250000000,-0.015625000,-0.124876101909,-0.0780475636930
-0.234375000,-0.015625000,-0.107031760933,-0.0668948505832
-0.218750000,-0.015625000,-0.0909476516377,-0.0568422822735
-0.203125000,-0.015625000,-0.0765186415414,-0.0478241509634
-0.187500000,-0.015625000,-0.0636409869978,-0.0397756168737
-0.171875000,-0.015625000,-0.0522136469425,-0.0326335293390
-0.156250000,-0.015625000,-0.0421394778426,-0.0263371736516
-0.140625000,-0.015625000,-0.0333263148257,-0.0208289467661
-0.125000000,-0.015625000,-0.0256879444880,-0.0160549653050
-0.109375000,-0.015625000,-0.0191449714211,-0.0119656071382
-0.093750000,-0.015625000,-0.0136255845163,-0.00851599032268
-0.078125000,-0.015625000,-0.00906622444745,-0.00566639027966
-0.062500000,-0.015625000,-0.00541215646081,-0.00338259778800
-0.046875000,-0.015625000,-0.00261795056180,-0.00163621910112
-0.031250000,-0.015625000,-0.000647871215320,-0.000404919509575
-0.015625000,-0.015625000,0.000523820847527,0.000327388029704
0.000000000,-0.015625000,0.000912654663394,0.000570409164621
0.015625000,-0.015625000,0.000523820847527,0.000327388029704
0.031250000,-0.015625000,-0.000647871215320,-0.000404919509575
0.046875000,-0.015625000,-0.00261795056180,-0.00163621910112
0.062500000,-0.015625000,-0.00541215646081,-0.00338259778800
0.078125000,-0.015625000,-0.00906622444745,-0.00566639027966
0.093750000,-0.015625000,-0.0136255845163,-0.00851599032268
0.109375000,-0.015625000,-0.0191449714211,-0.0119656071382
0.125000000,-0.015625000,-0.0256879444880,-0.0160549653050
0.140625000,-0.015625000,-0.0333263148257,-0.0208289467661
0.156250000,-0.015625000,-0.0421394778426,-0.0263371736516
0.171875000,-0.015625000,-0.0522136469425,-0.0326335293390
0.187500000,-0.015625000,-0.0636409869978,-0.0397756168737
0.203125000,-0.015625000,-0.0765186415414,-0.0478241509634
0.218750000,-0.015625000,-0.0909476516377,-0.0568422822735
0.234375000,-0.015625000,-0.107031760933,-0.0668948505832
0.250000000,-0.015625000,-0.124876101909,-0.0780475636930
0.265625000,-0.015625000,-0.144585758919,-0.0903660993241
0.281250000,-0.015625000,-0.166264202536,-0.103915126585
0.296875000,-0.015625000,-0.190011588275,-0.118757242672
0.312500000,-0.015625000,-0.215922915694,-0.134951822309
0.328125000,-0.015625000,-0.244086039761,-0.152553774850
0.343750000,-0.015625000,-0.274579529201,-0.171612205750
0.359375000,-0.015625000,-0.307470364602,-0.192168977876
0.375000000,-0.015625000,-0.342811470036,-0.214257168773
0.390625000,-0.015625000,-0.380639070777,-0.237899419236
0.406250000,-0.015625000,-0.420969871603,-0.263106169752
0.421875000,-0.015625000,-0.463798047197,-0.289873779498
0.437500000,-0.015625000,-0.509092039958,-0.318182524974
0.453125000,-0.015625000,-0.556791158319,-0.347994473949
0.468750000,-0.015625000,-0.606801970015,-0.379251231259
0.484375000,-0.015625000,-0.658994485328,-0.411871553330
0.500000000,-0.015625000,-0.713198126971,-0.445748829357
0.515625000,-0.015625000,-0.769197481780,-0.480748426112
0.531250000,-0.015625000,-0.826727835414,-0.516704897134
0.546875000,-0.015625000,-0.885470487066,-0.553419054416
0.562500000,-0.015625000,-0.945047849276,-0.590654905797
0.578125000,-0.015625000,-1.00501833547,-0.628136459669
0.593750000,-0.015625000,-1.06487104510,-0.665544403190
0.609375000,-0.015625000,-1.12402025671,-0.702512660444
0.625000000,-0.015625000,-1.18179974657,-0.738624841605
0.640625000,-0.015625000,-1.23745695500,-0.773410596875
0.656250000,-0.015625000,-1.29014702813,-0.806341892580
0.671875000,-0.015625000,-1.33892677399,-0.836829233743
0.687500000,-0.015625000,-1.38274857724,-0.864217860776
0.703125000,-0.015625000,-1.42045433268,-0.887783957924
0.718750000,-0.015625000,-1.45076946885,-0.906730918029
0.734375000,-0.015625000,-1.47229714925,-0.920185718281
0.750000000,-0.015625000,-1.48351276158,-0.927195475990
0.765625000,-0.015625000,-1.48275882477,-0.926724265479
0.781250000,-0.015625000,-1.46824047570,-0.917650297313
0.796875000,-0.015625000,-1.43802172896,-0.898763580600
0.812500000,-0.015625000,-1.39002274463,-0.868764215391
0.828125000,-0.015625000,-1.32201838709,-0.826261491933
0.843750000,-0.015625000,-1.23163841805,-0.769774011281
0.859375000,-0.015625000,-1.11636973449,-0.697731084057
0.875000000,-0.015625000,-0.973561149572,-0.608475718483
0.890625000,-0.015625000,-0.800431316126,-0.500269572579
0.906250000,-0.015625000,-0.594080514142,-0.371300321339
0.921875000,-0.015625000,-0.351507175973,-0.219691984983
0.937500000,-0.015625000,-0.0696302020118,-0.0435188762574
0.953125000,-0.015625000,0.254681657746,0.159176036091
0.968750000,-0.015625000,0.624571813440,0.390357383400
0.984375000,-0.015625000,,
1.000000000,-0.015625000,,
-1.000000000,0.000000000,,
-0.984375000,0.000000000,,
-0.968750000,0.000000000,0.697035564147,0.435647227592
-0.953125000,0.000000000,0.321204030373,0.200752518983
-0.937500000,0.000000000,-0.00860859232489,-0.00538037020306
-0.921875000,0.000000000,-0.295584294654,-0.184740184159
-0.906250000,0.000000000,-0.542889059050,-0.339305661906
-0.890625000,0.000000000,-0.753635187522,-0.471021992201
-0.875000000,0.000000000,-0.930852223352,-0.581782639595
-0.859375000,0.000000000,-1.07746492460,-0.673415577876
-0.843750000,0.000000000,-1.19627701259,-0.747673132868
-0.828125000,0.000000000,-1.28995964121,-0.806224775757
-0.812500000,0.000000000,-1.36104371478,-0.850652321738
-0.796875000,0.000000000,-1.41191533190,-0.882447082437
-0.781250000,0.000000000,-1.44481375612,-0.903008597578
-0.765625000,0.000000000,-1.46183141663,-0.913644635396
-0.750000000,0.000000000,-1.46491552780,-0.915572204874
-0.734375000,0.000000000,-1.45587098528,-0.909919365801
-0.718750000,0.000000000,-1.43636425674,-0.897727660462
-0.703125000,0.000000000,-1.40792803230,-0.879955020189
-0.687500000,0.000000000,-1.37196644170,-0.857479026060
-0.671875000,0.000000000,-1.32976067880,-0.831100424247
-0.656250000,0.000000000,-1.28247490126,-0.801546813289
-0.640625000,0.000000000,-1.23116229854,-0.769476436587
-0.625000000,0.000000000,-1.17677124013,-0.735482025084
-0.609375000,0.000000000,-1.12015143235,-0.700094645220
-0.593750000,0.000000000,-1.06206002664,-0.663787516648
-0.578125000,0.000000000,-1.00316763271,-0.626979770442
-0.562500000,0.000000000,-0.944064200422,-0.590040125264
-0.546875000,0.000000000,-0.885264742855,-0.553290464284
-0.531250000,0.000000000,-0.827214877328,-0.517009298330
-0.515625000,0.000000000,-0.770296169159,-0.481435105724
-0.500000000,0.000000000,-0.714831267753,-0.446769542346
-0.484375000,0.000000000,-0.661088824907,-0.413180515567
-0.468750000,0.000000000,-0.609288193571,-0.380805120982
-0.453125000,0.000000000,-0.559603903411,-0.349752439632
-0.437500000,0.000000000,-0.512169914119,-0.320106196324
-0.421875000,0.000000000,-0.467083648228,-0.291927280143
-0.406250000,0.000000000,-0.424409807231,-0.265256129519
-0.390625000,0.000000000,-0.384183974556,-0.240114984097
-0.375000000,0.000000000,-0.346416011426,-0.216510007141
-0.359375000,0.000000000,-0.311093251538,-0.194433282211
-0.343750000,0.000000000,-0.278183499970,-0.173864687481
-0.328125000,0.000000000,-0.247637844163,-0.154773652602
-0.312500000,0.000000000,-0.219393283293,-0.137120802058
-0.296875000,0.000000000,-0.193375182862,-0.120859489289
-0.281250000,0.000000000,-0.169499562021,-0.105937226263
-0.265625000,0.000000000,-0.147675220267,-0.0922970126670
-0.250000000,0.000000000,-0.127805709781,-0.0798785686129
-0.234375000,0.000000000,-0.109791161561,-0.0686194759758
-0.218750000,0.000000000,-0.0935299699036,-0.0584562311897
-0.203125000,0.000000000,-0.0789203428378,-0.0493252142736
-0.187500000,0.000000000,-0.0658617236133,-0.0411635772583
-0.171875000,0.000000000,-0.0542560892063,-0.0339100557539
-0.156250000,0.000000000,-0.0440091309561,-0.0275057068476
-0.140625000,0.000000000,-0.0350313224904,-0.0218945765565
-0.125000000,0.000000000,-0.0272388786966,-0.0170242991854
-0.109375000,0.000000000,-0.0205546110043,-0.0128466318777
-0.093750000,0.000000000,-0.0149086824174,-0.00931792651086
-0.078125000,0.000000000,-0.0102392651818,-0.00639954073863
-0.062500000,0.000000000,-0.00649310481756,-0.00405819051097
-0.046875000,0.000000000,-0.00362599271201,-0.00226624544501
-0.031250000,0.000000000,-0.00160315010527,-0.00100196881580
-0.015625000,0.000000000,-0.000399524393618,-0.000249702746012
0.000000000,0.000000000,0.00000000000,0.00000000000
0.015625000,0.000000000,-0.000399524393618,-0.000249702746012
0.031250000,0.000000000,-0.00160315010527,-0.00100196881580
0.046875000,0.000000000,-0.00362599271201,-0.00226624544501
0.062500000,0.000000000,-0.00649310481756,-0.00405819051097
0.078125000,0.000000000,-0.0102392651818,-0.00639954073863
0.093750000,0.000000000,-0.0149086824174,-0.00931792651086
0.109375000,0.000000000,-0.0205546110043,-0.0128466318777
0.125000000,0.000000000,-0.0272388786966,-0.0170242991854
0.140625000,0.000000000,-0.0350313224904,-0.0218945765565
0.156250000,0.000000000,-0.0440091309561,-0.0275057068476
0.171875000,0.000000000,-0.0542560892063,-0.0339100557539
0.187500000,0.000000000,-0.0658617236133,-0.0411635772583
0.203125000,0.000000000,-0.0789203428378,-0.0493252142736
0.218750000,0.000000000,-0.0935299699036,-0.0584562311897
0.234375000,0.000000000,-0.109791161561,-0.0686194759758
0.250000000,0.000000000,-0.127805709781,-0.0798785686129
0.265625000,0.000000000,-0.147675220267,-0.0922970126670
0.281250000,0.000000000,-0.169499562021,-0.105937226263
0.296875000,0.000000000,-0.193375182862,-0.120859489289
0.312500000,0.000000000,-0.219393283293,-0.137120802058
0.328125000,0.000000000,-0.247637844163,-0.154773652602
0.343750000,0.000000000,-0.278183499970,-0.173864687481
0.359375000,0.000000000,-0.311093251538,-0.194433282211
0.375000000,0.000000000,-0.346416011426,-0.216510007141
0.390625000,0.000000000,-0.384183974556,-0.240114984097
0.406250000,0.000000000,-0.424409807231,-0.265256129519
0.421875000,0.000000000,-0.467083648228,-0.291927280143
0.437500000,0.000000000,-0.512169914119,-0.320106196324
0.453125000,0.000000000,-0.559603903411,-0.349752439632
0.468750000,0.000000000,-0.609288193571,-0.380805120982
0.484375000,0.000000000,-0.661088824907,-0.413180515567
0.500000000,0.000000000,-0.714831267753,-0.446769542346
0.515625000,0.000000000,-0.770296169159,-0.481435105724
0.531250000,0.000000000,-0.827214877328,-0.517009298330
0.546875000,0.000000000,-0.885264742855,-0.553290464284
0.562500000,0.000000000,-0.944064200422,-0.590040125264
0.578125000,0.000000000,-1.00316763271,-0.626979770442
0.593750000,0.000000000,-1.06206002664,-0.663787516648
0.609375000,0.000000000,-1.12015143235,-0.700094645220
0.625000000,0.000000000,-1.17677124013,-0.735482025084
0.640625000,0.000000000,-1.23116229854,-0.769476436587
0.656250000,0.000000000,-1.28247490126,-0.801546813289
0.671875000,0.000000000,-1.32976067880,-0.831100424247
0.687500000,0.000000000,-1.37196644170,-0.857479026060
0.703125000,0.000000000,-1.40792803230,-0.879955020189
0.718750000,0.000000000,-1.43636425674,-0.897727660462
0.734375000,0.000000000,-1.45587098528,-0.909919365801
0.750000000,0.000000000,-1.46491552780,-0.915572204874
0.765625000,0.000000000,-1.46183141663,-0.913644635396
0.781250000,0.000000000,-1.44481375612,-0.903008597578
0.796875000,0.000000000,-1.41191533190,-0.882447082437
0.812500000,0.000000000,-1.36104371478,-0.850652321738
0.828125000,0.000000000,-1.28995964121,-0.806224775757
0.843750000,0.000000000,-1.19627701259,-0.747673132868
0.859375000,0.000000000,-1.07746492460,-0.673415577876
0.875000000,0.000000000,-0.930852223352,-0.581782639595
0.890625000,0.000000000,-0.753635187522,-0.471021992201
0.906250000,0.000000000,-0.542889059050,-0.339305661906
0.921875000,0.000000000,-0.295584294654,-0.184740184159
0.937500000,0.000000000,-0.00860859232489,-0.00538037020306
0.953125000,0.000000000,0.321204030373,0.200752518983
0.968750000,0.000000000,0.697035564147,0.435647227592
0.984375000,0.000000000,,
1.000000000,0.000000000,,
-1.000000000,0.015625000,,
-0.984375000,0.015625000,,
-0.968750000,0.015625000,0.778684054755,0.486677534222
-0.953125000,0.015625000,0.396201669090,0.247626043181
-0.937500000,0.015625000,0.0601995522051,0.0376247201282
-0.921875000,0.015625000,-0.232539776771,-0.145337360482
-0.906250000,0.015625000,-0.485214629338,-0.303259143336
-0.890625000,0.015625000,-0.700966682105,-0.438104176316
-0.875000000,0.015625000,-0.882852110530,-0.551782569081
-0.859375000,0.015625000,-1.03381977451,-0.646137359069
-0.843750000,0.015625000,-1.15669517585,-0.722934484904
-0.828125000,0.015625000,-1.25416913046,-0.783855706537
-0.812500000,0.015625000,-1.32879028242,-0.830493926514
-0.796875000,0.015625000,-1.38296073374,-0.864350458588
-0.781250000,0.015625000,-1.41893419241,-0.886833870258
-0.765625000,0.015625000,-1.43881613868,-0.899260086672
-0.750000000,0.015625000,-1.44456560049,-0.902853500305
-0.734375000,0.015625000,-1.43799819391,-0.898748871193
-0.718750000,0.015625000,-1.42079014741,-0.887993842133
-0.703125000,0.015625000,-1.39448307550,-0.871551922186
-0.687500000,0.015625000,-1.36048930859,-0.850305817866
-0.671875000,0.015625000,-1.32009761956,-0.825061012223
-0.656250000,0.015625000,-1.27447921635,-0.796549510216
-0.640625000,0.015625000,-1.22469389398,-0.765433683740
-0.625000000,0.015625000,-1.17169625681,-0.732310160509
-0.609375000,0.015625000,-1.11634194224,-0.697713713899
-0.593750000,0.015625000,-1.05939378674,-0.662121116710
-0.578125000,0.015625000,-1.00152789062,-0.625954931638
-0.562500000,0.015625000,-0.943339543830,-0.589587214894
-0.546875000,0.015625000,-0.885348986062,-0.553343116289
-0.531250000,0.015625000,-0.828006979586,-0.517504362241
-0.515625000,0.015625000,-0.771700178818,-0.482312611761
-0.500000000,0.015625000,-0.716756286380,-0.447972678988
-0.484375000,0.015625000,-0.663448988105,-0.414655617566
-0.468750000,0.015625000,-0.612002662330,-0.382501663956
-0.453125000,0.015625000,-0.562596863099,-0.351623039437
-0.437500000,0.015625000,-0.515370577129,-0.322106610706
-0.421875000,0.015625000,-0.470426256943,-0.294016410589
-0.406250000,0.015625000,-0.427833634206,-0.267396021379
-0.390625000,0.015625000,-0.387633317838,-0.242270823649
-0.375000000,0.015625000,-0.349840181800,-0.218650113625
-0.359375000,0.015625000,-0.314446550302,-0.196529093939
-0.343750000,0.015625000,-0.281425185412,-0.175890740882
-0.328125000,0.015625000,-0.250732084731,-0.156707552957
-0.312500000,0.015625000,-0.222309097007,-0.138943185630
-0.296875000,0.015625000,-0.196086361406,-0.122553975879
-0.281250000,0.015625000,-0.171984578827,-0.107490361767
-0.265625000,0.015625000,-0.149917121850,-0.0936982011560
-0.250000000,0.015625000,-0.129791991044,-0.0811199944027
-0.234375000,0.015625000,-0.111513623005,-0.0696960143779
-0.218750000,0.015625000,-0.0949845585009,-0.0593653490631
-0.203125000,0.015625000,-0.0801069761457,-0.0500668600911
-0.187500000,0.015625000,-0.0667840969717,-0.0417400606073
-0.171875000,0.015625000,-0.0549214675663,-0.0343259172289
-0.156250000,0.015625000,-0.0444281249921,-0.0277675781201
-0.140625000,0.015625000,-0.0352176498167,-0.0220110311354
-0.125000000,0.015625000,-0.0272091124366,-0.0170056952728
-0.109375000,0.015625000,-0.0203279149719,-0.0127049468574
-0.093750000,0.015625000,-0.0145065344722,-0.00906658404512
-0.078125000,0.015625000,-0.00968517071504,-0.00605323169690
-0.062500000,0.015625000,-0.00581230073956,-0.00363268796222
-0.046875000,0.015625000,-0.00284514355537,-0.00177821472210
-0.031250000,0.015625000,-0.000750037804458,-0.000468773627786
-0.015625000,0.015625000,0.000497267597397,0.000310792248373
0.000000000,0.015625000,0.000911405632823,0.000569628520514
0.015625000,0.015625000,0.000497267597397,0.000310792248373
0.031250000,0.015625000,-0.000750037804458,-0.000468773627786
0.046875000,0.015625000,-0.00284514355537,-0.00177821472210
0.062500000,0.015625000,-0.00581230073956,-0.00363268796222
0.078125000,0.015625000,-0.00968517071504,-0.00605323169690
0.093750000,0.015625000,-0.0145065344722,-0.00906658404512
0.109375000,0.015625000,-0.0203279149719,-0.0127049468574
0.125000000,0.015625000,-0.0272091124366,-0.0170056952728
0.140625000,0.015625000,-0.0352176498167,-0.0220110311354
0.156250000,0.015625000,-0.0444281249921,-0.0277675781201
0.171875000,0.015625000,-0.0549214675663,-0.0343259172289
0.187500000,0.015625000,-0.0667840969717,-0.0417400606073
0.203125000,0.015625000,-0.0801069761457,-0.0500668600911
0.218750000,0.015625000,-0.0949845585009,-0.0593653490631
0.234375000,0.015625000,-0.111513623005,-0.0696960143779
0.250000000,0.015625000,-0.129791991044,-0.0811199944027
0.265625000,0.015625000,-0.149917121850,-0.0936982011560
0.281250000,0.015625000,-0.171984578827,-0.107490361767
0.296875000,0.015625000,-0.196086361406,-0.122553975879
0.312500000,0.015625000,-0.222309097007,-0.138943185630
0.328125000,0.015625000,-0.250732084731,-0.156707552957
0.343750000,0.015625000,-0.281425185412,-0.175890740882
0.359375000,0.015625000,-0.314446550302,-0.196529093939
0.375000000,0.015625000,-0.349840181800,-0.218650113625
0.390625000,0.015625000,-0.387633317838,-0.242270823649
0.406250000,0.015625000,-0.427833634206,-0.267396021379
0.421875000,0.015625000,-0.470426256943,-0.294016410589
0.437500000,0.015625000,-0.515370577129,-0.322106610706
0.453125000,0.015625000,-0.562596863099,-0.351623039437
0.468750000,0.015625000,-0.612002662330,-0.382501663956
0.484375000,0.015625000,-0.663448988105,-0.414655617566
0.500000000,0.015625000,-0.716756286380,-0.447972678988
0.515625000,0.015625000,-0.771700178818,-0.482312611761
0.531250000,0.015625000,-0.828006979586,-0.517504362241
0.546875000,0.015625000,-0.885348986062,-0.553343116289
0.562500000,0.015625000,-0.943339543830,-0.589587214894
0.578125000,0.015625000,-1.00152789062,-0.625954931638
0.593750000,0.015625000,-1.05939378674,-0.662121116710
0.609375000,0.015625000,-1.11634194224,-0.697713713899
0.625000000,0.015625000,-1.17169625681,-0.732310160509
0.640625000,0.015625000,-1.22469389398,-0.765433683740
0.656250000,0.015625000,-1.27447921635,-0.796549510216
0.671875000,0.015625000,-1.32009761956,-0.825061012223
0.687500000,0.015625000,-1.36048930859,-0.850305817866
0.703125000,0.015625000,-1.39448307550,-0.871551922186
0.718750000,0.015625000,-1.42079014741,-0.887993842133
0.734375000,0.015625000,-1.43799819391,-0.898748871193
0.750000000,0.015625000,-1.44456560049,-0.902853500305
0.765625000,0.015625000,-1.43881613868,-0.899260086672
0.781250000,0.015625000,-1.41893419241,-0.886833870258
0.796875000,0.015625000,-1.38296073374,-0.864350458588
0.812500000,0.015625000,-1.32879028242,-0.830493926514
0.828125000,0.015625000,-1.25416913046,-0.783855706537
0.843750000,0.015625000,-1.15669517585,-0.722934484904
0.859375000,0.015625000,-1.03381977451,-0.646137359069
0.875000000,0.015625000,-0.882852110530,-0.551782569081
0.890625000,0.015625000,-0.700966682105,-0.438104176316
0.906250000,0.015625000,-0.485214629338,-0.303259143336
0.921875000,0.015625000,-0.232539776771,-0.145337360482
0.937500000,0.015625000,0.0601995522051,0.0376247201282
0.953125000,0.015625000,0.396201669090,0.247626043181
0.968750000,0.015625000,0.778684054755,0.486677534222
0.984375000,0.015625000,,
1.000000000,0.015625000,,
-1.000000000,0.031250000,,
-0.984375000,0.031250000,,
-0.968750000,0.031250000,0.869735551506,0.543584719691
-0.953125000,0.031250000,0.479862007090,0.299913754431
-0.937500000,0.031250000,0.136952591023,0.0855953693893
-0.921875000,0.031250000,-0.162242603546,-0.101401627217
-0.906250000,0.031250000,-0.420951844876,-0.263094903047
-0.890625000,0.031250000,-0.642344391989,-0.401465244993
-0.875000000,0.031250000,-0.829501747953,-0.518438592470
-0.859375000,0.031250000,-0.985395979819,-0.615872487387
-0.843750000,0.031250000,-1.11287381995,-0.695546137467
-0.828125000,0.031250000,-1.21464548722,-0.759153429515
-0.812500000,0.031250000,-1.29327735049,-0.808298344054
-0.796875000,0.031250000,-1.35118770709,-0.844492316934
-0.781250000,0.031250000,-1.39064507427,-0.869153171417
-0.765625000,0.031250000,-1.41376849515,-0.883605309470
-0.750000000,0.031250000,-1.42252944571,-0.889080903570
-0.734375000,0.031250000,-1.41875500066,-0.886721875411
-0.718750000,0.031250000,-1.40413197398,-0.877582483736
-0.703125000,0.031250000,-1.38021180197,-0.862632376232
-0.687500000,0.031250000,-1.34841597306,-0.842759983160
-0.671875000,0.031250000,-1.31004184635,-0.818776153971
-0.656250000,0.031250000,-1.26626872868,-0.791417955423
-0.640625000,0.031250000,-1.21816410117,-0.761352563231
-0.625000000,0.031250000,-1.16668991065,-0.729181194153
-0.609375000,0.031250000,-1.11270885264,-0.695443032898
-0.593750000,0.031250000,-1.05699059143,-0.660619119646
-0.578125000,0.031250000,-1.00021787072,-0.625136169203
-0.562500000,0.031250000,-0.942992479408,-0.589370299630
-0.546875000,0.031250000,-0.885841045449,-0.553650653406
-0.531250000,0.031250000,-0.829220636621,-0.518262897888
-0.515625000,0.031250000,-0.773524153099,-0.483452595687
-0.500000000,0.031250000,-0.719085501094,-0.449428438184
-0.484375000,0.031250000,-0.666184540737,-0.416365337961
-0.468750000,0.031250000,-0.615051804793,-0.384407377996
-0.453125000,0.031250000,-0.565872986415,-0.353670616509
-0.437500000,0.031250000,-0.518793197910,-0.324245748694
-0.421875000,0.031250000,-0.473921002148,-0.296200626343
-0.406250000,0.031250000,-0.431332221355,-0.269582638347
-0.390625000,0.031250000,-0.391073527756,-0.244420954848
-0.375000000,0.031250000,-0.353165822612,-0.220728639132
-0.359375000,0.031250000,-0.317607409326,-0.198504630829
-0.343750000,0.031250000,-0.284376968471,-0.177735605294
-0.328125000,0.031250000,-0.253436341009,-0.158397713130
-0.312500000,0.031250000,-0.224733127980,-0.140458204987
-0.296875000,0.031250000,-0.198203112946,-0.123876945591
-0.281250000,0.031250000,-0.173772516507,-0.108607822817
-0.265625000,0.031250000,-0.151360088044,-0.0946000550274
-0.250000000,0.031250000,-0.130879043691,-0.0817994023071
-0.234375000,0.031250000,-0.112238856646,-0.0701492854039
-0.218750000,0.031250000,-0.0953469069579,-0.0595918168487
-0.203125000,0.031250000,-0.0801099965941,-0.0500687478713
-0.187500000,0.031250000,-0.0664357378529,-0.0415223361580
-0.171875000,0.031250000,-0.0542338183203,-0.0338961364502
-0.156250000,0.031250000,-0.0434171500489,-0.0271357187805
-0.140625000,0.031250000,-0.0339029074266,-0.0211893171416
-0.125000000,0.031250000,-0.0256134585520,-0.0160084115950
-0.109375000,0.031250000,-0.0184771937678,-0.0115482461049
-0.093750000,0.031250000,-0.0124292571722,-0.00776828573263
-0.078125000,0.031250000,-0.00741218274925,-0.00463261421828
-0.062500000,0.031250000,-0.00337643948362,-0.00211027467727
-0.046875000,0.031250000,-0.000280887735161,-0.000175554834476
-0.031250000,0.031250000,0.00190685021649,0.00119178138530
-0.015625000,0.031250000,0.00321010426639,0.00200631516650
0.000000000,0.031250000,0.00364295347192,0.00227684591995
0.015625000,0.031250000,0.00321010426639,0.00200631516650
0.031250000,0.031250000,0.00190685021649,0.00119178138530
0.046875000,0.031250000,-0.000280887735161,-0.000175554834476
0.062500000,0.031250000,-0.00337643948362,-0.00211027467727
0.078125000,0.031250000,-0.00741218274925,-0.00463261421828
0.093750000,0.031250000,-0.0124292571722,-0.00776828573263
0.109375000,0.031250000,-0.0184771937678,-0.0115482461049
0.125000000,0.031250000,-0.0256134585520,-0.0160084115950
0.140625000,0.031250000,-0.0339029074266,-0.0211893171416
0.156250000,0.031250000,-0.0434171500489,-0.0271357187805
0.171875000,0.031250000,-0.0542338183203,-0.0338961364502
0.187500000,0.031250000,-0.0664357378529,-0.0415223361580
0.203125000,0.031250000,-0.0801099965941,-0.0500687478713
0.218750000,0.031250000,-0.0953469069579,-0.0595918168487
0.234375000,0.031250000,-0.112238856646,-0.0701492854039
0.250000000,0.031250000,-0.130879043691,-0.0817994023071
0.265625000,0.031250000,-0.151360088044,-0.0946000550274
0.281250000,0.031250000,-0.173772516507,-0.108607822817
0.296875000,0.031250000,-0.198203112946,-0.123876945591
0.312500000,0.031250000,-0.224733127980,-0.140458204987
0.328125000,0.031250000,-0.253436341009,-0.158397713130
0.343750000,0.031250000,-0.284376968471,-0.177735605294
0.359375000,0.031250000,-0.317607409326,-0.198504630829
0.375000000,0.031250000,-0.353165822612,-0.220728639132
0.390625000,0.031250000,-0.391073527756,-0.244420954848
0.406250000,0.031250000,-0.431332221355,-0.269582638347
0.421875000,0.031250000,-0.473921002148,-0.296200626343
0.437500000,0.031250000,-0.518793197910,-0.324245748694
0.453125000,0.031250000,-0.565872986415,-0.353670616509
0.468750000,0.031250000,-0.615051804793,-0.384407377996
0.484375000,0.031250000,-0.666184540737,-0.416365337961
0.500000000,0.031250000,-0.719085501094,-0.449428438184
0.515625000,0.031250000,-0.773524153099,-0.483452595687
0.531250000,0.031250000,-0.829220636621,-0.518262897888
0.546875000,0.031250000,-0.885841045449,-0.553650653406
0.562500000,0.031250000,-0.942992479408,-0.589370299630
0.578125000,0.031250000,-1.00021787072,-0.625136169203
0.593750000,0.031250000,-1.05699059143,-0.660619119646
0.609375000,0.031250000,-1.11270885264,-0.695443032898
0.625000000,0.031250000,-1.16668991065,-0.729181194153
0.640625000,0.031250000,-1.21816410117,-0.761352563231
0.656250000,0.031250000,-1.26626872868,-0.791417955423
0.671875000,0.031250000,-1.31004184635,-0.818776153971
0.687500000,0.031250000,-1.34841597306,-0.842759983160
0.703125000,0.031250000,-1.38021180197,-0.862632376232
0.718750000,0.031250000,-1.40413197398,-0.877582483736
0.734375000,0.031250000,-1.41875500066,-0.886721875411
0.750000000,0.031250000,-1.42252944571,-0.889080903570
0.765625000,0.031250000,-1.41376849515,-0.883605309470
0.781250000,0.031250000,-1.39064507427,-0.869153171417
0.796875000,0.031250000,-1.35118770709,-0.844492316934
0.812500000,0.031250000,-1.29327735049,-0.808298344054
0.828125000,0.031250000,-1.21464548722,-0.759153429515
0.843750000,0.031250000,-1.11287381995,-0.695546137467
0.859375000,0.031250000,-0.985395979819,-0.615872487387
0.875000000,0.031250000,-0.829501747953,-0.518438592470
0.890625000,0.031250000,-0.642344391989,-0.401465244993
0.906250000,0.031250000,-0.420951844876,-0.263094903047
0.921875000,0.031250000,-0.162242603546,-0.101401627217
0.937500000,0.031250000,0.136952591023,0.0855953693893
0.953125000,0.031250000,0.479862007090,0.299913754431
0.968750000,0.031250000,0.869735551506,0.543584719691
0.984375000,0.031250000,,
1.000000000,0.031250000,,
-1.000000000,0.046875000,,
-0.984375000,0.046875000,,
-0.968750000,0.046875000,,
-0.953125000,0.046875000,0.572390772312,0.357744232695
-0.937500000,0.046875000,0.221827045395,0.138641903372
-0.921875000,0.046875000,-0.0845438586971,-0.0528399116857
-0.906250000,0.046875000,-0.349977798548,-0.218736124093
-0.890625000,0.046875000,-0.577669838279,-0.361043648925
-0.875000000,0.046875000,-0.770725525482,-0.481703453426
-0.859375000,0.046875000,-0.932139266489,-0.582587041555
-0.843750000,0.046875000,-1.06477850596,-0.665486566223
-0.828125000,0.046875000,-1.17137264159,-0.732107900992
-0.812500000,0.046875000,-1.25450579079,-0.784066119245
-0.796875000,0.046875000,-1.31661267816,-0.822882923851
-0.781250000,0.046875000,-1.35997703862,-0.849985649141
-0.765625000,0.046875000,-1.38673203383,-0.866707521147
-0.750000000,0.046875000,-1.39886226846,-0.874288917790
-0.734375000,0.046875000,-1.39820706025,-0.873879412657
-0.718750000,0.046875000,-1.38646468150,-0.866540425936
-0.703125000,0.046875000,-1.36519733552,-0.853248334699
-0.687500000,0.046875000,-1.33583667474,-0.834897921711
-0.671875000,0.046875000,-1.29968970091,-0.812306063066
-0.656250000,0.046875000,-1.25794491641,-0.786215572754
-0.640625000,0.046875000,-1.21167861888,-0.757299136802
-0.625000000,0.046875000,-1.16186125326,-0.726163283285
-0.609375000,0.046875000,-1.10936374957,-0.693352343478
-0.593750000,0.046875000,-1.05496379057,-0.659352369108
-0.578125000,0.046875000,-0.999351964089,-0.624594977555
-0.562500000,0.046875000,-0.943137764619,-0.589461102887
-0.546875000,0.046875000,-0.886855416836,-0.554284635522
-0.531250000,0.046875000,-0.830969501350,-0.519355938344
-0.515625000,0.046875000,-0.775880366590,-0.484925229119
-0.500000000,0.046875000,-0.721929317383,-0.451205823364
-0.484375000,0.046875000,-0.669403573424,-0.418377233390
-0.468750000,0.046875000,-0.618540994183,-0.386588121364
-0.453125000,0.046875000,-0.569534569751,-0.355959106094
-0.437500000,0.046875000,-0.522536678420,-0.326585424012
-0.421875000,0.046875000,-0.477663114831,-0.298539446769
-0.406250000,0.046875000,-0.434996891523,-0.271873057202
-0.390625000,0.046875000,-0.394591821559,-0.246619888474
-0.375000000,0.046875000,-0.356475885280,-0.222797428300
-0.359375000,0.046875000,-0.320654391174,-0.200408994483
-0.343750000,0.046875000,-0.287112935541,-0.179445584713
-0.328125000,0.046875000,-0.255820170093,-0.159887606308
-0.312500000,0.046875000,-0.226730383663,-0.141706489789
-0.296875000,0.046875000,-0.199785907515,-0.124866192197
-0.281250000,0.046875000,-0.174919350247,-0.109324593905
-0.265625000,0.046875000,-0.152055670544,-0.0950347940902
-0.250000000,0.046875000,-0.131114096069,-0.0819463100429
-0.234375000,0.046875000,-0.112009893664,-0.0700061835398
-0.218750000,0.046875000,-0.0946559999085,-0.0591599999428
-0.203125000,0.046875000,-0.0789645175841,-0.0493528234901
-0.187500000,0.046875000,-0.0648480848229,-0.0405300530143
-0.171875000,0.046875000,-0.0522211224994,-0.0326382015621
-0.156250000,0.046875000,-0.0410009661573,-0.0256256038483
-0.140625000,0.046875000,-0.0311088877921,-0.0194430548700
-0.125000000,0.046875000,-0.0224710112988,-0.0140443820617
-0.109375000,0.046875000,-0.0150191276440,-0.00938695477750
-0.093750000,0.046875000,-0.00869141296293,-0.00543213310183
-0.078125000,0.046875000,-0.00343305310129,-0.00214565818830
-0.062500000,0.046875000,0.000803221324035,0.000502013327522
-0.046875000,0.046875000,0.00405668722868,0.00253542951792
-0.031250000,0.046875000,0.00635826610960,0.00397391631850
-0.015625000,0.046875000,0.00773024366936,0.00483140229335
0.000000000,0.046875000,0.00818607058715,0.00511629411697
0.015625000,0.046875000,0.00773024366936,0.00483140229335
0.031250000,0.046875000,0.00635826610960,0.00397391631850
0.046875000,0.046875000,0.00405668722868,0.00253542951792
0.062500000,0.046875000,0.000803221324035,0.000502013327522
0.078125000,0.046875000,-0.00343305310129,-0.00214565818830
0.093750000,0.046875000,-0.00869141296293,-0.00543213310183
0.109375000,0.046875000,-0.0150191276440,-0.00938695477750
0.125000000,0.046875000,-0.0224710112988,-0.0140443820617
0.140625000,0.046875000,-0.0311088877921,-0.0194430548700
0.156250000,0.046875000,-0.0410009661573,-0.0256256038483
0.171875000,0.046875000,-0.0522211224994,-0.0326382015621
0.187500000,0.046875000,-0.0648480848229,-0.0405300530143
0.203125000,0.046875000,-0.0789645175841,-0.0493528234901
0.218750000,0.046875000,-0.0946559999085,-0.0591599999428
0.234375000,0.046875000,-0.112009893664,-0.0700061835398
0.250000000,0.046875000,-0.131114096069,-0.0819463100429
0.265625000,0.046875000,-0.152055670544,-0.0950347940902
0.281250000,0.046875000,-0.174919350247,-0.109324593905
0.296875000,0.046875000,-0.199785907515,-0.124866192197
0.312500000,0.046875000,-0.226730383663,-0.141706489789
0.328125000,0.046875000,-0.255820170093,-0.159887606308
0.343750000,0.046875000,-0.287112935541,-0.179445584713
0.359375000,0.046875000,-0.320654391174,-0.200408994483
0.375000000,0.046875000,-0.356475885280,-0.222797428300
0.390625000,0.046875000,-0.394591821559,-0.246619888474
0.406250000,0.046875000,-0.434996891523,-0.271873057202
0.421875000,0.046875000,-0.477663114831,-0.298539446769
0.437500000,0.046875000,-0.522536678420,-0.326585424012
0.453125000,0.046875000,-0.569534569751,-0.355959106094
0.468750000,0.046875000,-0.618540994183,-0.386588121364
0.484375000,0.046875000,-0.669403573424,-0.418377233390
0.500000000,0.046875000,-0.721929317383,-0.451205823364
0.515625000,0.046875000,-0.775880366590,-0.484925229119
0.531250000,0.046875000,-0.830969501350,-0.519355938344
0.546875000,0.046875000,-0.886855416836,-0.554284635522
0.562500000,0.046875000,-0.943137764619,-0.589461102887
0.578125000,0.046875000,-0.999351964089,-0.624594977555
0.593750000,0.046875000,-1.05496379057,-0.659352369108
0.609375000,0.046875000,-1.10936374957,-0.693352343478
0.625000000,0.046875000,-1.16186125326,-0.726163283285
0.640625000,0.046875000,-1.21167861888,-0.757299136802
0.656250000,0.046875000,-1.25794491641,-0.786215572754
0.671875000,0.046875000,-1.29968970091,-0.812306063066
0.687500000,0.046875000,-1.33583667474,-0.834897921711
0.703125000,0.046875000,-1.36519733552,-0.853248334699
0.718750000,0.046875000,-1.38646468150,-0.866540425936
0.734375000,0.046875000,-1.39820706025,-0.873879412657
0.750000000,0.046875000,-1.39886226846,-0.874288917790
0.765625000,0.046875000,-1.38673203383,-0.866707521147
0.781250000,0.046875000,-1.35997703862,-0.849985649141
0.796875000,0.046875000,-1.31661267816,-0.822882923851
0.812500000,0.046875000,-1.25450579079,-0.784066119245
0.828125000,0.046875000,-1.17137264159,-0.732107900992
0.843750000,0.046875000,-1.06477850596,-0.665486566223
0.859375000,0.046875000,-0.932139266489,-0.582587041555
0.875000000,0.046875000,-0.770725525482,-0.481703453426
0.890625000,0.046875000,-0.577669838279,-0.361043648925
0.906250000,0.046875000,-0.349977798548,-0.218736124093
0.921875000,0.046875000,-0.0845438586971,-0.0528399116857
0.937500000,0.046875000,0.221827045395,0.138641903372
0.953125000,0.046875000,0.572390772312,0.357744232695
0.968750000,0.046875000,,
0.984375000,0.046875000,,
1.000000000,0.046875000,,
-1.000000000,0.062500000,,
-0.984375000,0.062500000,,
-0.968750000,0.062500000,,
-0.953125000,0.062500000,0.674014686453,0.421259179033
-0.937500000,0.062500000,0.315020251966,0.196887657479
-0.921875000,0.062500000,0.000725874137557,0.000453671335973
-0.906250000,0.062500000,-0.272149511200,-0.170093444500
-0.890625000,0.062500000,-0.506824988962,-0.316765618101
-0.875000000,0.062500000,-0.706428871040,-0.441518044400
-0.859375000,0.062500000,-0.873977047132,-0.546235654457
-0.843750000,0.062500000,-1.01235717442,-0.632723234015
-0.828125000,0.062500000,-1.12431762954,-0.702698518465
-0.812500000,0.062500000,-1.21246033110,-0.757787706938
-0.796875000,0.062500000,-1.27923669651,-0.799522935317
-0.781250000,0.062500000,-1.32694612223,-0.829341326392
-0.765625000,0.062500000,-1.35773648378,-0.848585302364
-0.750000000,0.062500000,-1.37360623583,-0.858503897391
-0.734375000,0.062500000,-1.37640776724,-0.860254854524
-0.718750000,0.062500000,-1.36785172511,-0.854907328192
-0.703125000,0.062500000,-1.34951207075,-0.843445044219
-0.687500000,0.062500000,-1.32283167313,-0.826769795706
-0.671875000,0.062500000,-1.28912827982,-0.805705174885
-0.656250000,0.062500000,-1.24960073312,-0.781000458201
-0.640625000,0.062500000,-1.20533532487,-0.753334578043
-0.625000000,0.062500000,-1.15731220227,-0.723320126417
-0.609375000,0.062500000,-1.10641175365,-0.691507346032
-0.593750000,0.062500000,-1.05342091908,-0.658388074424
-0.578125000,0.062500000,-0.999039378684,-0.624399611677
-0.562500000,0.062500000,-0.943885586325,-0.589928491453
-0.546875000,0.062500000,-0.888502618949,-0.555314136843
-0.531250000,0.062500000,-0.833363823397,-0.520852389623
-0.515625000,0.062500000,-0.778878244878,-0.486798903049
-0.500000000,0.062500000,-0.725395827083,-0.453372391927
-0.484375000,0.062500000,-0.673212378884,-0.420757736802
-0.468750000,0.062500000,-0.622574302675,-0.389108939172
-0.453125000,0.062500000,-0.573683085994,-0.358551928746
-0.437500000,0.062500000,-0.526699555710,-0.329187222319
-0.421875000,0.062500000,-0.481747900379,-0.301092437737
-0.406250000,0.062500000,-0.438919463883,-0.274324664927
-0.390625000,0.062500000,-0.398276315669,-0.248922697293
-0.375000000,0.062500000,-0.359854605869,-0.224909128668
-0.359375000,0.062500000,-0.323667710446,-0.202292319029
-0.343750000,0.062500000,-0.289709174540,-0.181068234087
-0.328125000,0.062500000,-0.257955462413,-0.161222164008
-0.312500000,0.062500000,-0.228368520303,-0.142730325189
-0.296875000,0.062500000,-0.200898161962,-0.125561351226
-0.281250000,0.062500000,-0.175484283245,-0.109677677028
-0.265625000,0.062500000,-0.152058914669,-0.0950368216681
-0.250000000,0.062500000,-0.130548118640,-0.0815925741501
-0.234375000,0.062500000,-0.110873739547,-0.0692960872171
-0.218750000,0.062500000,-0.0929550135730,-0.0580968834832
-0.203125000,0.062500000,-0.0767100445228,-0.0479437778267
-0.187500000,0.062500000,-0.0620571538457,-0.0387857211535
-0.171875000,0.062500000,-0.0489161085782,-0.0305725678614
-0.156250000,0.062500000,-0.0372092354387,-0.0232557721492
-0.140625000,0.062500000,-0.0268624250417,-0.0167890156511
-0.125000000,0.062500000,-0.0178060314978,-0.0111287696861
-0.109375000,0.062500000,-0.00997567282122,-0.00623479551326
-0.093750000,0.062500000,-0.00331293487265,-0.00207058429541
-0.078125000,0.062500000,0.00223401579371,0.00139625987107
-0.062500000,0.062500000,0.00670990782303,0.00419369238939
-0.046875000,0.062500000,0.0101519266768,0.00634495417299
-0.031250000,0.062500000,0.0125893590633,0.00786834941457
-0.015625000,0.062500000,0.0140433187533,0.00877707422081
0.000000000,0.062500000,0.0145265513989,0.00907909462429
0.015625000,0.062500000,0.0140433187533,0.00877707422081
0.031250000,0.062500000,0.0125893590633,0.00786834941457
0.046875000,0.062500000,0.0101519266768,0.00634495417299
0.062500000,0.062500000,0.00670990782303,0.00419369238939
0.078125000,0.062500000,0.00223401579371,0.00139625987107
0.093750000,0.062500000,-0.00331293487265,-0.00207058429541
0.109375000,0.062500000,-0.00997567282122,-0.00623479551326
0.125000000,0.062500000,-0.0178060314978,-0.0111287696861
0.140625000,0.062500000,-0.0268624250417,-0.0167890156511
0.156250000,0.062500000,-0.0372092354387,-0.0232557721492
0.171875000,0.062500000,-0.0489161085782,-0.0305725678614
0.187500000,0.062500000,-0.0620571538457,-0.0387857211535
0.203125000,0.062500000,-0.0767100445228,-0.0479437778267
0.218750000,0.062500000,-0.0929550135730,-0.0580968834832
0.234375000,0.062500000,-0.110873739547,-0.0692960872171
0.250000000,0.062500000,-0.130548118640,-0.0815925741501
0.265625000,0.062500000,-0.152058914669,-0.0950368216681
0.281250000,0.062500000,-0.175484283245,-0.109677677028
0.296875000,0.062500000,-0.200898161962,-0.125561351226
0.312500000,0.062500000,-0.228368520303,-0.142730325189
0.328125000,0.062500000,-0.257955462413,-0.161222164008
0.343750000,0.062500000,-0.289709174540,-0.181068234087
0.359375000,0.062500000,-0.323667710446,-0.202292319029
0.375000000,0.062500000,-0.359854605869,-0.224909128668
0.390625000,0.062500000,-0.398276315669,-0.248922697293
0.406250000,0.062500000,-0.438919463883,-0.274324664927
0.421875000,0.062500000,-0.481747900379,-0.301092437737
0.437500000,0.062500000,-0.526699555710,-0.329187222319
0.453125000,0.062500000,-0.573683085994,-0.358551928746
0.468750000,0.062500000,-0.622574302675,-0.389108939172
0.484375000,0.062500000,-0.673212378884,-0.420757736802
0.500000000,0.062500000,-0.725395827083,-0.453372391927
0.515625000,0.062500000,-0.778878244878,-0.486798903049
0.531250000,0.062500000,-0.833363823397,-0.520852389623
0.546875000,0.062500000,-0.888502618949,-0.555314136843
0.562500000,0.062500000,-0.943885586325,-0.589928491453
0.578125000,0.062500000,-0.999039378684,-0.624399611677
0.593750000,0.062500000,-1.05342091908,-0.658388074424
0.609375000,0.062500000,-1.10641175365,-0.691507346032
0.625000000,0.062500000,-1.15731220227,-0.723320126417
0.640625000,0.062500000,-1.20533532487,-0.753334578043
0.656250000,0.062500000,-1.24960073312,-0.781000458201
0.671875000,0.062500000,-1.28912827982,-0.805705174885
0.687500000,0.062500000,-1.32283167313,-0.826769795706
0.703125000,0.062500000,-1.34951207075,-0.843445044219
0.718750000,0.062500000,-1.36785172511,-0.854907328192
0.734375000,0.062500000,-1.37640776724,-0.860254854524
0.750000000,0.062500000,-1.37360623583,-0.858503897391
0.765625000,0.062500000,-1.35773648378,-0.848585302364
0.781250000,0.062500000,-1.32694612223,-0.829341326392
0.796875000,0.062500000,-1.27923669651,-0.799522935317
0.812500000,0.062500000,-1.21246033110,-0.757787706938
0.828125000,0.062500000,-1.12431762954,-0.702698518465
0.843750000,0.062500000,-1.01235717442,-0.632723234015
0.859375000,0.062500000,-0.873977047132,-0.546235654457
0.875000000,0.062500000,-0.706428871040,-0.441518044400
0.890625000,0.062500000,-0.506824988962,-0.316765618101
0.906250000,0.062500000,-0.272149511200,-0.170093444500
0.921875000,0.062500000,0.000725874137557,0.000453671335973
0.937500000,0.062500000,0.315020251966,0.196887657479
0.953125000,0.062500000,0.674014686453,0.421259179033
0.968750000,0.062500000,,
0.984375000,0.062500000,,
1.000000000,0.062500000,,
-1.000000000,0.078125000,,
-0.984375000,0.078125000,,
-0.968750000,0.078125000,,
-0.953125000,0.078125000,0.784984162310,0.490615101444
-0.937500000,0.078125000,0.416753024461,0.260470640288
-0.921875000,0.078125000,0.0937591270618,0.0585994544136
-0.906250000,0.078125000,-0.187301368595,-0.117063355372
-0.890625000,0.078125000,-0.429669754680,-0.268543596675
-0.875000000,0.078125000,-0.636495811791,-0.397809882369
-0.859375000,0.078125000,-0.810816052174,-0.506760032609
-0.843750000,0.078125000,-0.955537850651,-0.597211156657
-0.828125000,0.078125000,-1.07342837601,-0.670892735004
-0.812500000,0.078125000,-1.16710742004,-0.729442137526
-0.796875000,0.078125000,-1.23904338292,-0.774402114323
-0.781250000,0.078125000,-1.29155179666,-0.807219872910
-0.765625000,0.078125000,-1.32679587852,-0.829247424074
-0.750000000,0.078125000,-1.34678869085,-0.841742931780
-0.734375000,0.078125000,-1.35339656043,-0.845872850269
-0.718750000,0.078125000,-1.34834346682,-0.842714666760
-0.703125000,0.078125000,-1.33321616267,-0.833260101668
-0.687500000,0.078125000,-1.30946983012,-0.818418643824
-0.671875000,0.078125000,-1.27843411060,-0.799021319124
-0.656250000,0.078125000,-1.24131937659,-0.775824610371
-0.640625000,0.078125000,-1.19922313860,-0.749514461627
-0.625000000,0.078125000,-1.15313649659,-0.720710310369
-0.609375000,0.078125000,-1.10395056844,-0.689969105274
-0.593750000,0.078125000,-1.05246283672,-0.657789272951
-0.578125000,0.078125000,-0.999383369794,-0.624614606121
-0.562500000,0.078125000,-0.945340881087,-0.590838050679
-0.546875000,0.078125000,-0.890888602034,-0.556805376271
-0.531250000,0.078125000,-0.836509945247,-0.522818715779
-0.515625000,0.078125000,-0.782623946698,-0.489139966687
-0.500000000,0.078125000,-0.729590474644,-0.455994046652
-0.484375000,0.078125000,-0.677715200952,-0.423572000595
-0.468750000,0.078125000,-0.627254331088,-0.392033956930
-0.453125000,0.078125000,-0.578419093323,-0.361511933327
-0.437500000,0.078125000,-0.531379987951,-0.332112492470
-0.421875000,0.078125000,-0.486270801445,-0.303919250903
-0.406250000,0.078125000,-0.443192388947,-0.276995243092
-0.390625000,0.078125000,-0.402216232456,-0.251385145285
-0.375000000,0.078125000,-0.363387780116,-0.227117362572
-0.359375000,0.078125000,-0.326729575066,-0.204205984416
-0.343750000,0.078125000,-0.292244180534,-0.182652612834
-0.328125000,0.078125000,-0.259916910066,-0.162448068791
-0.312500000,0.078125000,-0.229718370061,-0.143573981288
-0.296875000,0.078125000,-0.201606824147,-0.126004265092
-0.281250000,0.078125000,-0.175530385776,-0.109706491110
-0.265625000,0.078125000,-0.151429048776,-0.0946431554853
-0.250000000,0.078125000,-0.129236562405,-0.0807728515032
-0.234375000,0.078125000,-0.108882159270,-0.0680513495436
-0.218750000,0.078125000,-0.0902921430216,-0.0564325893885
-0.203125000,0.078125000,-0.0733913434405,-0.0458695896503
-0.187500000,0.078125000,-0.0581044444433,-0.0363152777771
-0.171875000,0.078125000,-0.0443571932688,-0.0277232457930
-0.156250000,0.078125000,-0.0320774944372,-0.0200484340233
-0.140625000,0.078125000,-0.0211963961853,-0.0132477476158
-0.125000000,0.078125000,-0.0116489731590,-0.00728060822439
-0.109375000,0.078125000,-0.00337511099960,-0.00210944437475
-0.093750000,0.078125000,0.00367980378955,0.00229987736847
-0.078125000,0.078125000,0.00956428435695,0.00597767772309
-0.062500000,0.078125000,0.0143202301115,0.00895014381967
-0.046875000,0.078125000,0.0179824982611,0.0112390614132
-0.031250000,0.078125000,0.0205785565512,0.0128615978445
-0.015625000,0.078125000,0.0221282144246,0.0138301340154
0.000000000,0.078125000,0.0226434338467,0.0141521461542
0.015625000,0.078125000,0.0221282144246,0.0138301340154
0.031250000,0.078125000,0.0205785565512,0.0128615978445
0.046875000,0.078125000,0.0179824982611,0.0112390614132
0.062500000,0.078125000,0.0143202301115,0.00895014381967
0.078125000,0.078125000,0.00956428435695,0.00597767772309
0.093750000,0.078125000,0.00367980378955,0.00229987736847
0.109375000,0.078125000,-0.00337511099960,-0.00210944437475
0.125000000,0.078125000,-0.0116489731590,-0.00728060822439
0.140625000,0.078125000,-0.0211963961853,-0.0132477476158
0.156250000,0.078125000,-0.0320774944372,-0.0200484340233
0.171875000,0.078125000,-0.0443571932688,-0.0277232457930
0.187500000,0.078125000,-0.0581044444433,-0.0363152777771
0.203125000,0.078125000,-0.0733913434405,-0.0458695896503
0.218750000,0.078125000,-0.0902921430216,-0.0564325893885
0.234375000,0.078125000,-0.108882159270,-0.0680513495436
0.250000000,0.078125000,-0.129236562405,-0.0807728515032
0.265625000,0.078125000,-0.151429048776,-0.0946431554853
0.281250000,0.078125000,-0.175530385776,-0.109706491110
0.296875000,0.078125000,-0.201606824147,-0.126004265092
0.312500000,0.078125000,-0.229718370061,-0.143573981288
0.328125000,0.078125000,-0.259916910066,-0.162448068791
0.343750000,0.078125000,-0.292244180534,-0.182652612834
0.359375000,0.078125000,-0.326729575066,-0.204205984416
0.375000000,0.078125000,-0.363387780116,-0.227117362572
0.390625000,0.078125000,-0.402216232456,-0.251385145285
0.406250000,0.078125000,-0.443192388947,-0.276995243092
0.421875000,0.078125000,-0.486270801445,-0.303919250903
0.437500000,0.078125000,-0.531379987951,-0.332112492470
0.453125000,0.078125000,-0.578419093323,-0.361511933327
0.468750000,0.078125000,-0.627254331088,-0.392033956930
0.484375000,0.078125000,-0.677715200952,-0.423572000595
0.500000000,0.078125000,-0.729590474644,-0.455994046652
0.515625000,0.078125000,-0.782623946698,-0.489139966687
0.531250000,0.078125000,-0.836509945247,-0.522818715779
0.546875000,0.078125000,-0.890888602034,-0.556805376271
0.562500000,0.078125000,-0.945340881087,-0.590838050679
0.578125000,0.078125000,-0.999383369794,-0.624614606121
0.593750000,0.078125000,-1.05246283672,-0.657789272951
0.609375000,0.078125000,-1.10395056844,-0.689969105274
0.625000000,0.078125000,-1.15313649659,-0.720710310369
0.640625000,0.078125000,-1.19922313860,-0.749514461627
0.656250000,0.078125000,-1.24131937659,-0.775824610371
0.671875000,0.078125000,-1.27843411060,-0.799021319124
0.687500000,0.078125000,-1.30946983012,-0.818418643824
0.703125000,0.078125000,-1.33321616267,-0.833260101668
0.718750000,0.078125000,-1.34834346682,-0.842714666760
0.734375000,0.078125000,-1.35339656043,-0.845872850269
0.750000000,0.078125000,-1.34678869085,-0.841742931780
0.765625000,0.078125000,-1.32679587852,-0.829247424074
0.781250000,0.078125000,-1.29155179666,-0.807219872910
0.796875000,0.078125000,-1.23904338292,-0.774402114323
0.812500000,0.078125000,-1.16710742004,-0.729442137526
0.828125000,0.078125000,-1.07342837601,-0.670892735004
0.843750000,0.078125000,-0.955537850651,-0.597211156657
0.859375000,0.078125000,-0.810816052174,-0.506760032609
0.875000000,0.078125000,-0.636495811791,-0.397809882369
0.890625000,0.078125000,-0.429669754680,-0.268543596675
0.906250000,0.078125000,-0.187301368595,-0.117063355372
0.921875000,0.078125000,0.0937591270618,0.0585994544136
0.937500000,0.078125000,0.416753024461,0.260470640288
0.953125000,0.078125000,0.784984162310,0.490615101444
0.968750000,0.078125000,,
0.984375000,0.078125000,,
1.000000000,0.078125000,,
-1.000000000,0.093750000,,
-0.984375000,0.093750000,,
-0.968750000,0.093750000,,
-0.953125000,0.093750000,0.905575992206,0.565984995129
-0.937500000,0.093750000,0.527272315945,0.329545197465
-0.921875000,0.093750000,0.194774174333,0.121733858958
-0.906250000,0.093750000,-0.0952425416538,-0.0595265885336
-0.890625000,0.093750000,-0.346039464374,-0.216274665234
-0.875000000,0.093750000,-0.560786511500,-0.350491569688
-0.859375000,0.093750000,-0.742539935560,-0.464087459725
-0.843750000,0.093750000,-0.894226325009,-0.558891453131
-0.828125000,0.093750000,-1.01863145386,-0.636644658665
-0.812500000,0.093750000,-1.11839306840,-0.698995667749
-0.796875000,0.093750000,-1.19599685763,-0.747498036022
-0.781250000,0.093750000,-1.25377498488,-0.783609365548
-0.765625000,0.093750000,-1.29390666367,-0.808691664795
-0.750000000,0.093750000,-1.31842035311,-0.824012720692
-0.734375000,0.093750000,-1.32919721848,-0.830748261548
-0.718750000,0.093750000,-1.32797556678,-0.829984729237
-0.703125000,0.093750000,-1.31635601503,-0.822722509392
-0.687500000,0.093750000,-1.29580719595,-0.809879497468
-0.671875000,0.093750000,-1.26767183577,-0.792294897358
-0.656250000,0.093750000,-1.23317307187,-0.770733169917
-0.640625000,0.093750000,-1.19342090186,-0.745888063664
-0.625000000,0.093750000,-1.14941867479,-0.718386671741
-0.609375000,0.093750000,-1.10206955523,-0.688793472016
-0.593750000,0.093750000,-1.05218290010,-0.657614312563
-0.578125000,0.093750000,-1.00048050716,-0.625300316973
-0.562500000,0.093750000,-0.947602696965,-0.592251685603
-0.546875000,0.093750000,-0.894114203005,-0.558821376878
-0.531250000,0.093750000,-0.840509849368,-0.525318655855
-0.515625000,0.093750000,-0.787220002094,-0.492012501309
-0.500000000,0.093750000,-0.734615784287,-0.459134865179
-0.484375000,0.093750000,-0.683014049189,-0.426883780743
-0.468750000,0.093750000,-0.632682109029,-0.395426318143
-0.453125000,0.093750000,-0.583842219309,-0.364901387068
-0.437500000,0.093750000,-0.536675820529,-0.335422387831
-0.421875000,0.093750000,-0.491327541875,-0.307079713672
-0.406250000,0.093750000,-0.447908970951,-0.279943106844
-0.390625000,0.093750000,-0.406502197121,-0.254063873201
-0.375000000,0.093750000,-0.367163133315,-0.229476958322
-0.359375000,0.093750000,-0.329924626858,-0.206202891786
-0.343750000,0.093750000,-0.294799364161,-0.184249602601
-0.328125000,0.093750000,-0.261782579632,-0.163614112270
-0.312500000,0.093750000,-0.230854576644,-0.144284110403
-0.296875000,0.093750000,-0.201983068043,-0.126239417527
-0.281250000,0.093750000,-0.175125346471,-0.109453341545
-0.265625000,0.093750000,-0.150230290575,-0.0938939316091
-0.250000000,0.093750000,-0.127240216534,-0.0795251353338
-0.234375000,0.093750000,-0.106092582838,-0.0663078642736
-0.218750000,0.093750000,-0.0867215543985,-0.0542009714991
-0.203125000,0.093750000,-0.0690594349131,-0.0431621468207
-0.187500000,0.093750000,-0.0530379734383,-0.0331487333989
-0.171875000,0.093750000,-0.0385895515633,-0.0241184697271
-0.156250000,0.093750000,-0.0256482578698,-0.0160301611686
-0.140625000,0.093750000,-0.0141508549992,-0.00884428437447
-0.125000000,0.093750000,-0.00403764459241,-0.00252352787026
-0.109375000,0.093750000,0.00474676489830,0.00296672806144
-0.093750000,0.093750000,0.0122527832652,0.00765798954076
-0.078125000,0.093750000,0.0185252518118,0.0115782823824
-0.062500000,0.093750000,0.0236029431372,0.0147518394608
-0.046875000,0.093750000,0.0275181419618,0.0171988387261
-0.031250000,0.093750000,0.0302963060412,0.0189351912757
-0.015625000,0.093750000,0.0319558048928,0.0199723780580
0.000000000,0.093750000,0.0325077342198,0.0203173338873
0.015625000,0.093750000,0.0319558048928,0.0199723780580
0.031250000,0.093750000,0.0302963060412,0.0189351912757
0.046875000,0.093750000,0.0275181419618,0.0171988387261
0.062500000,0.093750000,0.0236029431372,0.0147518394608
0.078125000,0.093750000,0.0185252518118,0.0115782823824
0.093750000,0.093750000,0.0122527832652,0.00765798954076
0.109375000,0.093750000,0.00474676489830,0.00296672806144
0.125000000,0.093750000,-0.00403764459241,-0.00252352787026
0.140625000,0.093750000,-0.0141508549992,-0.00884428437447
0.156250000,0.093750000,-0.0256482578698,-0.0160301611686
0.171875000,0.093750000,-0.0385895515633,-0.0241184697271
0.187500000,0.093750000,-0.0530379734383,-0.0331487333989
0.203125000,0.093750000,-0.0690594349131,-0.0431621468207
0.218750000,0.093750000,-0.0867215543985,-0.0542009714991
0.234375000,0.093750000,-0.106092582838,-0.0663078642736
0.250000000,0.093750000,-0.127240216534,-0.0795251353338
0.265625000,0.093750000,-0.150230290575,-0.0938939316091
0.281250000,0.093750000,-0.175125346471,-0.109453341545
0.296875000,0.093750000,-0.201983068043,-0.126239417527
0.312500000,0.093750000,-0.230854576644,-0.144284110403
0.328125000,0.093750000,-0.261782579632,-0.163614112270
0.343750000,0.093750000,-0.294799364161,-0.184249602601
0.359375000,0.093750000,-0.329924626858,-0.206202891786
0.375000000,0.093750000,-0.367163133315,-0.229476958322
0.390625000,0.093750000,-0.406502197121,-0.254063873201
0.406250000,0.093750000,-0.447908970951,-0.279943106844
0.421875000,0.093750000,-0.491327541875,-0.307079713672
0.437500000,0.093750000,-0.536675820529,-0.335422387831
0.453125000,0.093750000,-0.583842219309,-0.364901387068
0.468750000,0.093750000,-0.632682109029,-0.395426318143
0.484375000,0.093750000,-0.683014049189,-0.426883780743
0.500000000,0.093750000,-0.734615784287,-0.459134865179
0.515625000,0.093750000,-0.787220002094,-0.492012501309
0.531250000,0.093750000,-0.840509849368,-0.525318655855
0.546875000,0.093750000,-0.894114203005,-0.558821376878
0.562500000,0.093750000,-0.947602696965,-0.592251685603
0.578125000,0.093750000,-1.00048050716,-0.625300316973
0.593750000,0.093750000,-1.05218290010,-0.657614312563
0.609375000,0.093750000,-1.10206955523,-0.688793472016
0.625000000,0.093750000,-1.14941867479,-0.718386671741
0.640625000,0.093750000,-1.19342090186,-0.745888063664
0.656250000,0.093750000,-1.23317307187,-0.770733169917
0.671875000,0.093750000,-1.26767183577,-0.792294897358
0.687500000,0.093750000,-1.29580719595,-0.809879497468
0.703125000,0.093750000,-1.31635601503,-0.822722509392
0.718750000,0.093750000,-1.32797556678,-0.829984729237
0.734375000,0.093750000,-1.32919721848,-0.830748261548
0.750000000,0.093750000,-1.31842035311,-0.824012720692
0.765625000,0.093750000,-1.29390666367,-0.808691664795
0.781250000,0.093750000,-1.25377498488,-0.783609365548
0.796875000,0.093750000,-1.19599685763,-0.747498036022
0.812500000,0.093750000,-1.11839306840,-0.698995667749
0.828125000,0.093750000,-1.01863145386,-0.636644658665
0.843750000,0.093750000,-0.894226325009,-0.558891453131
0.859375000,0.093750000,-0.742539935560,-0.464087459725
0.875000000,0.093750000,-0.560786511500,-0.350491569688
0.890625000,0.093750000,-0.346039464374,-0.216274665234
0.906250000,0.093750000,-0.0952425416538,-0.0595265885336
0.921875000,0.093750000,0.194774174333,0.121733858958
0.937500000,0.093750000,0.527272315945,0.329545197465
0.953125000,0.093750000,0.905575992206,0.565984995129
0.968750000,0.093750000,,
0.984375000,0.093750000,,
1.000000000,0.093750000,,
-1.000000000,0.109375000,,
-0.984375000,0.109375000,,
-0.968750000,0.109375000,,
-0.953125000,0.109375000,1.03609602009,0.647560012559
-0.937500000,0.109375000,0.646853877538,0.404283673461
-0.921875000,0.109375000,0.304017662685,0.190011039178
-0.906250000,0.109375000,0.00424560476941,0.00265350298088
-0.890625000,0.109375000,-0.255742323431,-0.159838952145
-0.875000000,0.109375000,-0.479134787297,-0.299459242061
-0.859375000,0.109375000,-0.669006857815,-0.418129286134
-0.843750000,0.109375000,-0.828303807569,-0.517689879730
-0.828125000,0.109375000,-0.959829816976,-0.599893635610
-0.812500000,0.109375000,-1.06624066541,-0.666400415883
-0.796875000,0.109375000,-1.15003964356,-0.718774777223
-0.781250000,0.109375000,-1.21357605499,-0.758485034368
-0.765625000,0.109375000,-1.25904578483,-0.786903615517
-0.750000000,0.109375000,-1.28849350244,-0.805308439025
-0.734375000,0.109375000,-1.30381614224,-0.814885088899
-0.718750000,0.109375000,-1.30676736571,-0.816729603569
-0.703125000,0.109375000,-1.29896276326,-0.811851727039
-0.687500000,0.109375000,-1.28188559415,-0.801178496344
-0.671875000,0.109375000,-1.25689290051,-0.785558062820
-0.656250000,0.109375000,-1.22522186030,-0.765763662689
-0.640625000,0.109375000,-1.18799627047,-0.742497669043
-0.625000000,0.109375000,-1.14623306949,-0.716395668430
-0.609375000,0.109375000,-1.10084882961,-0.688030518507
-0.593750000,0.109375000,-1.05266615928,-0.657916349552
-0.578125000,0.109375000,-1.00241997308,-0.626512483177
-0.562500000,0.109375000,-0.950763590517,-0.594227244073
-0.546875000,0.109375000,-0.898274640786,-0.561421650491
-0.531250000,0.109375000,-0.845460750014,-0.528412968759
-0.515625000,0.109375000,-0.792764998914,-0.495478124321
-0.500000000,0.109375000,-0.740571140089,-0.462856962556
-0.484375000,0.109375000,-0.689208570773,-0.430755356733
-0.468750000,0.109375000,-0.638957057011,-0.399348160632
-0.453125000,0.109375000,-0.590051210470,-0.368782006543
-0.437500000,0.109375000,-0.542684720951,-0.339177950594
-0.421875000,0.109375000,-0.497014346289,-0.310633966431
-0.406250000,0.109375000,-0.453163668042,-0.283227292526
-0.390625000,0.109375000,-0.411226616654,-0.257016635409
-0.375000000,0.109375000,-0.371270775530,-0.232044234707
-0.359375000,0.109375000,-0.333340469965,-0.208337793728
-0.343750000,0.109375000,-0.297459650954,-0.185912281846
-0.328125000,0.109375000,-0.263634580558,-0.164771612849
-0.312500000,0.109375000,-0.231856328901,-0.144910205563
-0.296875000,0.109375000,-0.202103090626,-0.126314431641
-0.281250000,0.109375000,-0.174342329767,-0.108963956105
-0.265625000,0.109375000,-0.148532761033,-0.0928329756458
-0.250000000,0.109375000,-0.124626176522,-0.0778913603261
-0.234375000,0.109375000,-0.102569124746,-0.0641057029663
-0.218750000,0.109375000,-0.0823044511542,-0.0514402819714
-0.203125000,0.109375000,-0.0637727059604,-0.0398579412252
-0.187500000,0.109375000,-0.0469134276235,-0.0293208922647
-0.171875000,0.109375000,-0.0316663080329,-0.0197914425206
-0.156250000,0.109375000,-0.0179722452727,-0.0112326532954
-0.140625000,0.109375000,-0.00577429068719,-0.00360893167950
-0.125000000,0.109375000,0.00498150459448,0.00311344037155
-0.109375000,0.109375000,0.0143453393618,0.00896583710115
-0.093750000,0.109375000,0.0223630031740,0.0139768769838
-0.078125000,0.109375000,0.0290753039669,0.0181720649793
-0.062500000,0.109375000,0.0345175796908,0.0215734873068
-0.046875000,0.109375000,0.0387192904335,0.0241995565210
-0.031250000,0.109375000,0.0417036877215,0.0260648048259
-0.015625000,0.109375000,0.0434875602051,0.0271797251282
0.000000000,0.109375000,0.0440810531357,0.0275506582098
0.015625000,0.109375000,0.0434875602051,0.0271797251282
0.031250000,0.109375000,0.0417036877215,0.0260648048259
0.046875000,0.109375000,0.0387192904335,0.0241995565210
0.062500000,0.109375000,0.0345175796908,0.0215734873068
0.078125000,0.109375000,0.0290753039669,0.0181720649793
0.093750000,0.109375000,0.0223630031740,0.0139768769838
0.109375000,0.109375000,0.0143453393618,0.00896583710115
0.125000000,0.109375000,0.00498150459448,0.00311344037155
0.140625000,0.109375000,-0.00577429068719,-0.00360893167950
0.156250000,0.109375000,-0.0179722452727,-0.0112326532954
0.171875000,0.109375000,-0.0316663080329,-0.0197914425206
0.187500000,0.109375000,-0.0469134276235,-0.0293208922647
0.203125000,0.109375000,-0.0637727059604,-0.0398579412252
0.218750000,0.109375000,-0.0823044511542,-0.0514402819714
0.234375000,0.109375000,-0.102569124746,-0.0641057029663
0.250000000,0.109375000,-0.124626176522,-0.0778913603261
0.265625000,0.109375000,-0.148532761033,-0.0928329756458
0.281250000,0.109375000,-0.174342329767,-0.108963956105
0.296875000,0.109375000,-0.202103090626,-0.126314431641
0.312500000,0.109375000,-0.231856328901,-0.144910205563
0.328125000,0.109375000,-0.263634580558,-0.164771612849
0.343750000,0.109375000,-0.297459650954,-0.185912281846
0.359375000,0.109375000,-0.333340469965,-0.208337793728
0.375000000,0.109375000,-0.371270775530,-0.232044234707
0.390625000,0.109375000,-0.411226616654,-0.257016635409
0.406250000,0.109375000,-0.453163668042,-0.283227292526
0.421875000,0.109375000,-0.497014346289,-0.310633966431
0.437500000,0.109375000,-0.542684720951,-0.339177950594
0.453125000,0.109375000,-0.590051210470,-0.368782006543
0.468750000,0.109375000,-0.638957057011,-0.399348160632
0.484375000,0.109375000,-0.689208570773,-0.430755356733
0.500000000,0.109375000,-0.740571140089,-0.462856962556
0.515625000,0.109375000,-0.792764998914,-0.495478124321
0.531250000,0.109375000,-0.845460750014,-0.528412968759
0.546875000,0.109375000,-0.898274640786,-0.561421650491
0.562500000,0.109375000,-0.950763590517,-0.594227244073
0.578125000,0.109375000,-1.00241997308,-0.626512483177
0.593750000,0.109375000,-1.05266615928,-0.657916349552
0.609375000,0.109375000,-1.10084882961,-0.688030518507
0.625000000,0.109375000,-1.14623306949,-0.716395668430
0.640625000,0.109375000,-1.18799627047,-0.742497669043
0.656250000,0.109375000,-1.22522186030,-0.765763662689
0.671875000,0.109375000,-1.25689290051,-0.785558062820
0.687500000,0.109375000,-1.28188559415,-0.801178496344
0.703125000,0.109375000,-1.29896276326,-0.811851727039
0.718750000,0.109375000,-1.30676736571,-0.816729603569
0.734375000,0.109375000,-1.30381614224,-0.814885088899
0.750000000,0.109375000,-1.28849350244,-0.805308439025
0.765625000,0.109375000,-1.25904578483,-0.786903615517
0.781250000,0.109375000,-1.21357605499,-0.758485034368
0.796875000,0.109375000,-1.15003964356,-0.718774777223
0.812500000,0.109375000,-1.06624066541,-0.666400415883
0.828125000,0.109375000,-0.959829816976,-0.599893635610
0.843750000,0.109375000,-0.828303807569,-0.517689879730
0.859375000,0.109375000,-0.669006857815,-0.418129286134
0.875000000,0.109375000,-0.479134787297,-0.299459242061
0.890625000,0.109375000,-0.255742323431,-0.159838952145
0.906250000,0.109375000,0.00424560476941,0.00265350298088
0.921875000,0.109375000,0.304017662685,0.190011039178
0.937500000,0.109375000,0.646853877538,0.404283673461
0.953125000,0.109375000,1.03609602009,0.647560012559
0.968750000,0.109375000,,
0.984375000,0.109375000,,
1.000000000,0.109375000,,
-1.000000000,0.125000000,,
-0.984375000,0.125000000,,
-0.968750000,0.125000000,,
-0.953125000,0.125000000,1.17704124759,0.735650779742
-0.937500000,0.125000000,0.775804903348,0.484878064592
-0.921875000,0.125000000,0.421767240491,0.263604525307
-0.906250000,0.125000000,0.111412110590,0.0696325691189
-0.890625000,0.125000000,-0.158556857284,-0.0990980358024
-0.875000000,0.125000000,-0.391345606582,-0.244591004114
-0.859375000,0.125000000,-0.590047044918,-0.368779403074
-0.843750000,0.125000000,-0.757624558094,-0.473515348809
-0.828125000,0.125000000,-0.896900506897,-0.560562816810
-0.812500000,0.125000000,-1.01054876818,-0.631592980112
-0.796875000,0.125000000,-1.10109054304,-0.688181589397
-0.781250000,0.125000000,-1.17089278993,-0.731807993708
-0.765625000,0.125000000,-1.22216875242,-0.763855470260
-0.750000000,0.125000000,-1.25698014284,-0.785612589276
-0.734375000,0.125000000,-1.27724061842,-0.798275386511
-0.718750000,0.125000000,-1.28472025133,-0.802950157082
-0.703125000,0.125000000,-1.28105074561,-0.800656716009
-0.687500000,0.125000000,-1.26773119782,-0.792331998640
-0.671875000,0.125000000,-1.24613423427,-0.778833896418
-0.656250000,0.125000000,-1.21751238886,-0.760945243035
-0.640625000,0.125000000,-1.18300461044,-0.739377881523
-0.625000000,0.125000000,-1.14364280926,-0.714776755789
-0.609375000,0.125000000,-1.10035836985,-0.687723981156
-0.593750000,0.125000000,-1.05398857310,-0.658742858187
-0.578125000,0.125000000,-1.00528288090,-0.628301800564
-0.562500000,0.125000000,-0.954909049244,-0.596818155778
-0.546875000,0.125000000,-0.903459040988,-0.564661900617
-0.531250000,0.125000000,-0.851454719377,-0.532159199611
-0.515625000,0.125000000,-0.799353308632,-0.499595817895
-0.500000000,0.125000000,-0.747552609934,-0.467220381209
-0.484375000,0.125000000,-0.696395970352,-0.435247481470
-0.468750000,0.125000000,-0.646176999673,-0.403860624796
-0.453125000,0.125000000,-0.597144037893,-0.373215023683
-0.437500000,0.125000000,-0.549504374186,-0.343440233866
-0.421875000,0.125000000,-0.503428222596,-0.314642639122
-0.406250000,0.125000000,-0.459052459522,-0.286907787201
-0.390625000,0.125000000,-0.416484130308,-0.260302581443
-0.375000000,0.125000000,-0.375803731811,-0.234877332382
-0.359375000,0.125000000,-0.337068278829,-0.210667674268
-0.343750000,0.125000000,-0.300314163985,-0.187696352491
-0.328125000,0.125000000,-0.265559818601,-0.165974886626
-0.312500000,0.125000000,-0.232808183566,-0.145505114729
-0.296875000,0.125000000,-0.202048999702,-0.126280624814
-0.281250000,0.125000000,-0.173260926147,-0.108288078842
-0.265625000,0.125000000,-0.146413494817,-0.0915084342606
-0.250000000,0.125000000,-0.121468910418,-0.0759180690114
-0.234375000,0.125000000,-0.0983837034172,-0.0614898146358
-0.218750000,0.125000000,-0.0771102443105,-0.0481939026940
-0.203125000,0.125000000,-0.0575981263484,-0.0359988289678
-0.187500000,0.125000000,-0.0397954245669,-0.0248721403543
-0.171875000,0.125000000,-0.0236498375571,-0.0147811484732
-0.156250000,0.125000000,-0.00910971782022,-0.00569357363764
-0.140625000,0.125000000,0.00387500206919,0.00242187629324
-0.125000000,0.125000000,0.0153519828613,0.00959498928833
-0.109375000,0.125000000,0.0253657465113,0.0158535915695
-0.093750000,0.125000000,0.0339570328519,0.0212231455324
-0.078125000,0.125000000,0.0411622433405,0.0257264020878
-0.062500000,0.125000000,0.0470129645228,0.0293831028268
-0.046875000,0.125000000,0.0515355715602,0.0322097322251
-0.031250000,0.125000000,0.0547509073195,0.0342193170747
-0.015625000,0.125000000,0.0566740347528,0.0354212717205
0.000000000,0.125000000,0.0573140613745,0.0358212883591
0.015625000,0.125000000,0.0566740347528,0.0354212717205
0.031250000,0.125000000,0.0547509073195,0.0342193170747
0.046875000,0.125000000,0.0515355715602,0.0322097322251
0.062500000,0.125000000,0.0470129645228,0.0293831028268
0.078125000,0.125000000,0.0411622433405,0.0257264020878
0.093750000,0.125000000,0.0339570328519,0.0212231455324
0.109375000,0.125000000,0.0253657465113,0.0158535915695
0.125000000,0.125000000,0.0153519828613,0.00959498928833
0.140625000,0.125000000,0.00387500206919,0.00242187629324
0.156250000,0.125000000,-0.00910971782022,-0.00569357363764
0.171875000,0.125000000,-0.0236498375571,-0.0147811484732
0.187500000,0.125000000,-0.0397954245669,-0.0248721403543
0.203125000,0.125000000,-0.0575981263484,-0.0359988289678
0.218750000,0.125000000,-0.0771102443105,-0.0481939026940
0.234375000,0.125000000,-0.0983837034172,-0.0614898146358
0.250000000,0.125000000,-0.121468910418,-0.0759180690114
0.265625000,0.125000000,-0.146413494817,-0.0915084342606
0.281250000,0.125000000,-0.173260926147,-0.108288078842
0.296875000,0.125000000,-0.202048999702,-0.126280624814
0.312500000,0.125000000,-0.232808183566,-0.145505114729
0.328125000,0.125000000,-0.265559818601,-0.165974886626
0.343750000,0.125000000,-0.300314163985,-0.187696352491
0.359375000,0.125000000,-0.337068278829,-0.210667674268
0.375000000,0.125000000,-0.375803731811,-0.234877332382
0.390625000,0.125000000,-0.416484130308,-0.260302581443
0.406250000,0.125000000,-0.459052459522,-0.286907787201
0.421875000,0.125000000,-0.503428222596,-0.314642639122
0.437500000,0.125000000,-0.549504374186,-0.343440233866
0.453125000,0.125000000,-0.597144037893,-0.373215023683
0.468750000,0.125000000,-0.646176999673,-0.403860624796
0.484375000,0.125000000,-0.696395970352,-0.435247481470
0.500000000,0.125000000,-0.747552609934,-0.467220381209
0.515625000,0.125000000,-0.799353308632,-0.499595817895
0.531250000,0.125000000,-0.851454719377,-0.532159199611
0.546875000,0.125000000,-0.903459040988,-0.564661900617
0.562500000,0.125000000,-0.954909049244,-0.596818155778
0.578125000,0.125000000,-1.00528288090,-0.628301800564
0.593750000,0.125000000,-1.05398857310,-0.658742858187
0.609375000,0.125000000,-1.10035836985,-0.687723981156
0.625000000,0.125000000,-1.14364280926,-0.714776755789
0.640625000,0.125000000,-1.18300461044,-0.739377881523
0.656250000,0.125000000,-1.21751238886,-0.760945243035
0.671875000,0.125000000,-1.24613423427,-0.778833896418
0.687500000,0.125000000,-1.26773119782,-0.792331998640
0.703125000,0.125000000,-1.28105074561,-0.800656716009
0.718750000,0.125000000,-1.28472025133,-0.802950157082
0.734375000,0.125000000,-1.27724061842,-0.798275386511
0.750000000,0.125000000,-1.25698014284,-0.785612589276
0.765625000,0.125000000,-1.22216875242,-0.763855470260
0.781250000,0.125000000,-1.17089278993,-0.731807993708
0.796875000,0.125000000,-1.10109054304,-0.688181589397
0.812500000,0.125000000,-1.01054876818,-0.631592980112
0.828125000,0.125000000,-0.896900506897,-0.560562816810
0.843750000,0.125000000,-0.757624558094,-0.473515348809
0.859375000,0.125000000,-0.590047044918,-0.368779403074
0.875000000,0.125000000,-0.391345606582,-0.244591004114
0.890625000,0.125000000,-0.158556857284,-0.0990980358024
0.906250000,0.125000000,0.111412110590,0.0696325691189
0.921875000,0.125000000,0.421767240491,0.263604525307
0.937500000,0.125000000,0.775804903348,0.484878064592
0.953125000,0.125000000,1.17704124759,0.735650779742
0.968750000,0.125000000,,
0.984375000,0.125000000,,
1.000000000,0.125000000,,
-1.000000000,0.140625000,,
-0.984375000,0.140625000,,
-0.968750000,0.140625000,,
-0.953125000,0.140625000,,
-0.937500000,0.140625000,0.914466654384,0.571541658990
-0.921875000,0.140625000,0.548334178986,0.342708861866
-0.906250000,0.140625000,0.226539021718,0.141586888574
-0.890625000,0.140625000,-0.0542293449028,-0.0338933405642
-0.875000000,0.140625000,-0.297192566689,-0.185745354181
-0.859375000,0.140625000,-0.505460325750,-0.315912703594
-0.843750000,0.140625000,-0.682013489634,-0.426258431021
-0.828125000,0.140625000,-0.829692331264,-0.518557707040
-0.812500000,0.140625000,-0.951188861668,-0.594493038542
-0.796875000,0.140625000,-1.04904248593,-0.655651553709
-0.781250000,0.140625000,-1.12563832687,-0.703523954293
-0.765625000,0.140625000,-1.18320767810,-0.739504798813
-0.750000000,0.140625000,-1.22383013839,-0.764893836491
-0.734375000,0.140625000,-1.24943705961,-0.780898162256
-0.718750000,0.140625000,-1.26181600343,-0.788635002143
-0.703125000,0.140625000,-1.26261595539,-0.789134972117
-0.687500000,0.140625000,-1.25335309062,-0.783345681636
-0.671875000,0.140625000,-1.23541692192,-0.772135576203
-0.656250000,0.140625000,-1.21007669077,-0.756297931730
-0.640625000,0.140625000,-1.17848788909,-0.736554930683
-0.625000000,0.140625000,-1.14169882095,-0.713561763091
-0.609375000,0.140625000,-1.10065712914,-0.687910705710
-0.593750000,0.140625000,-1.05621622941,-0.660135143384
-0.578125000,0.140625000,-1.00914160575,-0.630713503597
-0.562500000,0.140625000,-0.960116930311,-0.600073081445
-0.546875000,0.140625000,-0.909749981180,-0.568593738237
-0.531250000,0.140625000,-0.858578338097,-0.536611461311
-0.515625000,0.140625000,-0.807074840810,-0.504421775506
-0.500000000,0.140625000,-0.755652801308,-0.472283000818
-0.484375000,0.140625000,-0.704670965682,-0.440419353551
-0.468750000,0.140625000,-0.654438220372,-0.409023887732
-0.453125000,0.140625000,-0.605218047117,-0.378261279448
-0.437500000,0.140625000,-0.557232726741,-0.348270454213
-0.421875000,0.140625000,-0.510667296926,-0.319167060578
-0.406250000,0.140625000,-0.465673270228,-0.291045793892
-0.390625000,0.140625000,-0.422372119184,-0.263982574490
-0.375000000,0.140625000,-0.380858535328,-0.238036584580
-0.359375000,0.140625000,-0.341203471286,-0.213252169554
-0.343750000,0.140625000,-0.303456974771,-0.189660609232
-0.328125000,0.140625000,-0.267650822246,-0.167281763904
-0.312500000,0.140625000,-0.233800962901,-0.146125601813
-0.296875000,0.140625000,-0.201909780709,-0.126193612943
-0.281250000,0.140625000,-0.171968184507,-0.107480115317
-0.265625000,0.140625000,-0.143957534270,-0.0899734589191
-0.250000000,0.140625000,-0.117851412797,-0.0736571329981
-0.234375000,0.140625000,-0.0936172507566,-0.0585107817229
-0.218750000,0.140625000,-0.0712178138995,-0.0445111336872
-0.203125000,0.140625000,-0.0506125590552,-0.0316328494095
-0.187500000,0.140625000,-0.0317588676857,-0.0198492923036
-0.171875000,0.140625000,-0.0146131623610,-0.00913322647565
-0.156250000,0.140625000,0.000868085586593,0.000542553491621
-0.140625000,0.140625000,0.0147274523095,0.00920465769344
-0.125000000,0.140625000,0.0270057555330,0.0168785972082
-0.109375000,0.140625000,0.0377413413530,0.0235883383456
-0.093750000,0.140625000,0.0469694583709,0.0293559114818
-0.078125000,0.140625000,0.0547217164157,0.0342010727598
-0.062500000,0.140625000,0.0610256245074,0.0381410153171
-0.046875000,0.140625000,0.0659042053105,0.0411901283190
-0.031250000,0.140625000,0.0693756842520,0.0433598026575
-0.015625000,0.140625000,0.0714532490978,0.0446582806862
0.000000000,0.140625000,0.0721448802770,0.0450905501731
0.015625000,0.140625000,0.0714532490978,0.0446582806862
0.031250000,0.140625000,0.0693756842520,0.0433598026575
0.046875000,0.140625000,0.0659042053105,0.0411901283190
0.062500000,0.140625000,0.0610256245074,0.0381410153171
0.078125000,0.140625000,0.0547217164157,0.0342010727598
0.093750000,0.140625000,0.0469694583709,0.0293559114818
0.109375000,0.140625000,0.0377413413530,0.0235883383456
0.125000000,0.140625000,0.0270057555330,0.0168785972082
0.140625000,0.140625000,0.0147274523095,0.00920465769344
0.156250000,0.140625000,0.000868085586593,0.000542553491621
0.171875000,0.140625000,-0.0146131623610,-0.00913322647565
0.187500000,0.140625000,-0.0317588676857,-0.0198492923036
0.203125000,0.140625000,-0.0506125590552,-0.0316328494095
0.218750000,0.140625000,-0.0712178138995,-0.0445111336872
0.234375000,0.140625000,-0.0936172507566,-0.0585107817229
0.250000000,0.140625000,-0.117851412797,-0.0736571329981
0.265625000,0.140625000,-0.143957534270,-0.0899734589191
0.281250000,0.140625000,-0.171968184507,-0.107480115317
0.296875000,0.140625000,-0.201909780709,-0.126193612943
0.312500000,0.140625000,-0.233800962901,-0.146125601813
0.328125000,0.140625000,-0.267650822246,-0.167281763904
0.343750000,0.140625000,-0.303456974771,-0.189660609232
0.359375000,0.140625000,-0.341203471286,-0.213252169554
0.375000000,0.140625000,-0.380858535328,-0.238036584580
0.390625000,0.140625000,-0.422372119184,-0.263982574490
0.406250000,0.140625000,-0.465673270228,-0.291045793892
0.421875000,0.140625000,-0.510667296926,-0.319167060578
0.437500000,0.140625000,-0.557232726741,-0.348270454213
0.453125000,0.140625000,-0.605218047117,-0.378261279448
0.468750000,0.140625000,-0.654438220372,-0.409023887732
0.484375000,0.140625000,-0.704670965682,-0.440419353551
0.500000000,0.140625000,-0.755652801308,-0.472283000818
0.515625000,0.140625000,-0.807074840810,-0.504421775506
0.531250000,0.140625000,-0.858578338097,-0.536611461311
0.546875000,0.140625000,-0.909749981180,-0.568593738237
0.562500000,0.140625000,-0.960116930311,-0.600073081445
0.578125000,0.140625000,-1.00914160575,-0.630713503597
0.593750000,0.140625000,-1.05621622941,-0.660135143384
0.609375000,0.140625000,-1.10065712914,-0.687910705710
0.625000000,0.140625000,-1.14169882095,-0.713561763091
0.640625000,0.140625000,-1.17848788909,-0.736554930683
0.656250000,0.140625000,-1.21007669077,-0.756297931730
0.671875000,0.140625000,-1.23541692192,-0.772135576203
0.687500000,0.140625000,-1.25335309062,-0.783345681636
0.703125000,0.140625000,-1.26261595539,-0.789134972117
0.718750000,0.140625000,-1.26181600343,-0.788635002143
0.734375000,0.140625000,-1.24943705961,-0.780898162256
0.750000000,0.140625000,-1.22383013839,-0.764893836491
0.765625000,0.140625000,-1.18320767810,-0.739504798813
0.781250000,0.140625000,-1.12563832687,-0.703523954293
0.796875000,0.140625000,-1.04904248593,-0.655651553709
0.812500000,0.140625000,-0.951188861668,-0.594493038542
0.828125000,0.140625000,-0.829692331264,-0.518557707040
0.843750000,0.140625000,-0.682013489634,-0.426258431021
0.859375000,0.140625000,-0.505460325750,-0.315912703594
0.875000000,0.140625000,-0.297192566689,-0.185745354181
0.890625000,0.140625000,-0.0542293449028,-0.0338933405642
0.906250000,0.140625000,0.226539021718,0.141586888574
0.921875000,0.140625000,0.548334178986,0.342708861866
0.937500000,0.140625000,0.914466654384,0.571541658990
0.953125000,0.140625000,,
0.968750000,0.140625000,,
0.984375000,0.140625000,,
1.000000000,0.140625000,,
-1.000000000,0.156250000,,
-0.984375000,0.156250000,,
-0.968750000,0.156250000,,
-0.953125000,0.156250000,,
-0.937500000,0.156250000,1.06338040236,0.664612751478
-0.921875000,0.156250000,0.684065974889,0.427541234306
-0.906250000,0.156250000,0.349943986432,0.218714991520
-0.890625000,0.156250000,0.0575287542994,0.0359554714371
-0.875000000,0.156250000,-0.196415360631,-0.122759600394
-0.859375000,0.156250000,-0.415013648136,-0.259383530085
-0.843750000,0.156250000,-0.601263746529,-0.375789841581
-0.828125000,0.156250000,-0.758023512740,-0.473764695463
-0.812500000,0.156250000,-0.888003086703,-0.555001929189
-0.796875000,0.156250000,-0.993760343144,-0.621100214465
-0.781250000,0.156250000,-1.07769906344,-0.673561914647
-0.765625000,0.156250000,-1.14206927709,-0.713793298184
-0.750000000,0.156250000,-1.18896931682,-0.743105823015
-0.734375000,0.156250000,-1.22034921210,-0.762718257564
-0.718750000,0.156250000,-1.23801510932,-0.773759443324
-0.703125000,0.156250000,-1.24363446547,-0.777271540921
-0.687500000,0.156250000,-1.23874180262,-0.774213626639
-0.671875000,0.156250000,-1.22474485222,-0.765465532641
-0.656250000,0.156250000,-1.20293094782,-0.751831842387
-0.640625000,0.156250000,-1.17447355124,-0.734045969528
-0.625000000,0.156250000,-1.14043881984,-0.712774262402
-0.609375000,0.156250000,-1.10179213942,-0.688620087137
-0.593750000,0.156250000,-1.05940456407,-0.662127852543
-0.578125000,0.156250000,-1.01405911489,-0.633786946806
-0.562500000,0.156250000,-0.966456902388,-0.604035563993
-0.546875000,0.156250000,-0.917223044010,-0.573264402506
-0.531250000,0.156250000,-0.866912357133,-0.541820223208
-0.515625000,0.156250000,-0.816014812100,-0.510009257563
-0.500000000,0.156250000,-0.764960737036,-0.478100460648
-0.484375000,0.156250000,-0.714125767805,-0.446328604878
-0.468750000,0.156250000,-0.663835542536,-0.414897214085
-0.453125000,0.156250000,-0.614370139771,-0.383981337357
-0.437500000,0.156250000,-0.565968264789,-0.353730165493
-0.421875000,0.156250000,-0.518831186848,-0.324269491780
-0.406250000,0.156250000,-0.473126435510,-0.295704022193
-0.390625000,0.156250000,-0.428991261235,-0.268119538272
-0.375000000,0.156250000,-0.386535869223,-0.241584918265
-0.359375000,0.156250000,-0.345846435045,-0.216154021903
-0.343750000,0.156250000,-0.306987910034,-0.191867443771
-0.328125000,0.156250000,-0.270006626934,-0.168754141834
-0.312500000,0.156250000,-0.234932713951,-0.146832946220
-0.296875000,0.156250000,-0.201782327230,-0.126113954519
-0.281250000,0.156250000,-0.170559710955,-0.106599819347
-0.265625000,0.156250000,-0.141259093414,-0.0882869333840
-0.250000000,0.156250000,-0.113866429072,-0.0711665181701
-0.234375000,0.156250000,-0.0883609943875,-0.0552256214922
-0.218750000,0.156250000,-0.0647168458355,-0.0404480286472
-0.203125000,0.156250000,-0.0429041484709,-0.0268150927943
-0.187500000,0.156250000,-0.0228903818061,-0.0143064886288
-0.171875000,0.156250000,-0.00464143120387,-0.00290089450242
-0.156250000,0.156250000,0.0118774296028,0.00742339350175
-0.140625000,0.156250000,0.0267006577236,0.0166879110772
-0.125000000,0.156250000,0.0398616567624,0.0249135354765
-0.109375000,0.156250000,0.0513920834584,0.0321200521615
-0.093750000,0.156250000,0.0613212405005,0.0383257753128
-0.078125000,0.156250000,0.0696755504363,0.0435472190227
-0.062500000,0.156250000,0.0764781088484,0.0477988180302
-0.046875000,0.156250000,0.0817483103972,0.0510926939982
-0.031250000,0.156250000,0.0855015483103,0.0534384676939
-0.015625000,0.156250000,0.0877489816313,0.0548431135195
0.000000000,0.156250000,0.0884973712064,0.0553108570040
0.015625000,0.156250000,0.0877489816313,0.0548431135195
0.031250000,0.156250000,0.0855015483103,0.0534384676939
0.046875000,0.156250000,0.0817483103972,0.0510926939982
0.062500000,0.156250000,0.0764781088484,0.0477988180302
0.078125000,0.156250000,0.0696755504363,0.0435472190227
0.093750000,0.156250000,0.0613212405005,0.0383257753128
0.109375000,0.156250000,0.0513920834584,0.0321200521615
0.125000000,0.156250000,0.0398616567624,0.0249135354765
0.140625000,0.156250000,0.0267006577236,0.0166879110772
0.156250000,0.156250000,0.0118774296028,0.00742339350175
0.171875000,0.156250000,-0.00464143120387,-0.00290089450242
0.187500000,0.156250000,-0.0228903818061,-0.0143064886288
0.203125000,0.156250000,-0.0429041484709,-0.0268150927943
0.218750000,0.156250000,-0.0647168458355,-0.0404480286472
0.234375000,0.156250000,-0.0883609943875,-0.0552256214922
0.250000000,0.156250000,-0.113866429072,-0.0711665181701
0.265625000,0.156250000,-0.141259093414,-0.0882869333840
0.281250000,0.156250000,-0.170559710955,-0.106599819347
0.296875000,0.156250000,-0.201782327230,-0.126113954519
0.312500000,0.156250000,-0.234932713951,-0.146832946220
0.328125000,0.156250000,-0.270006626934,-0.168754141834
0.343750000,0.156250000,-0.306987910034,-0.191867443771
0.359375000,0.156250000,-0.345846435045,-0.216154021903
0.375000000,0.156250000,-0.386535869223,-0.241584918265
0.390625000,0.156250000,-0.428991261235,-0.268119538272
0.406250000,0.156250000,-0.473126435510,-0.295704022193
0.421875000,0.156250000,-0.518831186848,-0.324269491780
0.437500000,0.156250000,-0.565968264789,-0.353730165493
0.453125000,0.156250000,-0.614370139771,-0.383981337357
0.468750000,0.156250000,-0.663835542536,-0.414897214085
0.484375000,0.156250000,-0.714125767805,-0.446328604878
0.500000000,0.156250000,-0.764960737036,-0.478100460648
0.515625000,0.156250000,-0.816014812100,-0.510009257563
0.531250000,0.156250000,-0.866912357133,-0.541820223208
0.546875000,0.156250000,-0.917223044010,-0.573264402506
0.562500000,0.156250000,-0.966456902388,-0.604035563993
0.578125000,0.156250000,-1.01405911489,-0.633786946806
0.593750000,0.156250000,-1.05940456407,-0.662127852543
0.609375000,0.156250000,-1.10179213942,-0.688620087137
0.625000000,0.156250000,-1.14043881984,-0.712774262402
0.640625000,0.156250000,-1.17447355124,-0.734045969528
0.656250000,0.156250000,-1.20293094782,-0.751831842387
0.671875000,0.156250000,-1.22474485222,-0.765465532641
0.687500000,0.156250000,-1.23874180262,-0.774213626639
0.703125000,0.156250000,-1.24363446547,-0.777271540921
0.718750000,0.156250000,-1.23801510932,-0.773759443324
0.734375000,0.156250000,-1.22034921210,-0.762718257564
0.750000000,0.156250000,-1.18896931682,-0.743105823015
0.765625000,0.156250000,-1.14206927709,-0.713793298184
0.781250000,0.156250000,-1.07769906344,-0.673561914647
0.796875000,0.156250000,-0.993760343144,-0.621100214465
0.812500000,0.156250000,-0.888003086703,-0.555001929189
0.828125000,0.156250000,-0.758023512740,-0.473764695463
0.843750000,0.156250000,-0.601263746529,-0.375789841581
0.859375000,0.156250000,-0.415013648136,-0.259383530085
0.875000000,0.156250000,-0.196415360631,-0.122759600394
0.890625000,0.156250000,0.0575287542994,0.0359554714371
0.906250000,0.156250000,0.349943986432,0.218714991520
0.921875000,0.156250000,0.684065974889,0.427541234306
0.937500000,0.156250000,1.06338040236,0.664612751478
0.953125000,0.156250000,,
0.968750000,0.156250000,,
0.984375000,0.156250000,,
1.000000000,0.156250000,,
-1.000000000,0.171875000,,
-0.984375000,0.171875000,,
-0.968750000,0.171875000,,
-0.953125000,0.171875000,,
-0.937500000,0.171875000,1.22264802543,0.764155015895
-0.921875000,0.171875000,0.829506470129,0.518441543830
-0.906250000,0.171875000,0.481982839781,0.301239274863
-0.890625000,0.171875000,0.177043373802,0.110652108626
-0.875000000,0.171875000,-0.0887172312518,-0.0554482695324
-0.859375000,0.171875000,-0.318438576095,-0.199024110059
-0.843750000,0.171875000,-0.515134256539,-0.321958910337
-0.828125000,0.171875000,-0.681679307467,-0.426049567167
-0.812500000,0.171875000,-0.820801933640,-0.513001208525
-0.796875000,0.171875000,-0.935078703703,-0.584424189814
-0.781250000,0.171875000,-1.02693252429,-0.641832827684
-0.765625000,0.171875000,-1.09863283152,-0.686645519702
-0.750000000,0.171875000,-1.15229753423,-0.720185958893
-0.734375000,0.171875000,-1.18989632481,-0.743685203005
-0.718750000,0.171875000,-1.21325504090,-0.758284400564
-0.703125000,0.171875000,-1.22406081730,-0.765038010815
-0.687500000,0.171875000,-1.22386781247,-0.764917382796
-0.671875000,0.171875000,-1.21410333462,-0.758814584134
-0.656250000,0.171875000,-1.19607422316,-0.747546389473
-0.640625000,0.171875000,-1.17097336862,-0.731858355390
-0.625000000,0.171875000,-1.13988627611,-0.712428922568
-0.609375000,0.171875000,-1.10379759585,-0.689873497405
-0.593750000,0.171875000,-1.06359756123,-0.664748475769
-0.578125000,0.171875000,-1.02008828510,-0.637555178185
-0.562500000,0.171875000,-0.973989878628,-0.608743674142
-0.546875000,0.171875000,-0.925946363555,-0.578716477222
-0.531250000,0.171875000,-0.876531357565,-0.547832098478
-0.515625000,0.171875000,-0.826253518277,-0.516408448923
-0.500000000,0.171875000,-0.775561735791,-0.484726084869
-0.484375000,0.171875000,-0.724850069091,-0.453031293182
-0.468750000,0.171875000,-0.674462423485,-0.421539014678
-0.453125000,0.171875000,-0.624696970415,-0.390435606509
-0.437500000,0.171875000,-0.575810312452,-0.359881445283
-0.421875000,0.171875000,-0.528021398297,-0.330013373935
-0.406250000,0.171875000,-0.481515193797,-0.300946996123
-0.390625000,0.171875000,-0.436446116602,-0.272778822876
-0.375000000,0.171875000,-0.392941241920,-0.245588276200
-0.359375000,0.171875000,-0.351103289233,-0.219439555770
-0.343750000,0.171875000,-0.311013398009,-0.194383373756
-0.328125000,0.171875000,-0.272733702150,-0.170458563844
-0.312500000,0.171875000,-0.236309712769,-0.147693570480
-0.296875000,0.171875000,-0.201772519424,-0.126107824640
-0.281250000,0.171875000,-0.169140817598,-0.105713010998
-0.265625000,0.171875000,-0.138422773929,-0.0865142337055
-0.250000000,0.171875000,-0.109617736281,-0.0685110851753
-0.234375000,0.171875000,-0.0827177987032,-0.0516986241895
-0.218750000,0.171875000,-0.0577092293745,-0.0360682683591
-0.203125000,0.171875000,-0.0345737697948,-0.0216086061218
-0.187500000,0.171875000,-0.0132898120897,-0.00830613255609
-0.171875000,0.171875000,0.00616653639802,0.00385408524876
-0.156250000,0.171875000,0.0238204966511,0.0148878104069
-0.140625000,0.171875000,0.0396977610812,0.0248111006758
-0.125000000,0.171875000,0.0538237322259,0.0336398326412
-0.109375000,0.171875000,0.0662228497888,0.0413892811180
-0.093750000,0.171875000,0.0769180022921,0.0480737514326
-0.078125000,0.171875000,0.0859300188974,0.0537062618109
-0.062500000,0.171875000,0.0932772360234,0.0582982725146
-0.046875000,0.171875000,0.0989751373047,0.0618594608155
-0.031250000,0.171875000,0.103036062765,0.0643975392284
-0.015625000,0.171875000,0.105468984958,0.0659181155987
0.000000000,0.171875000,0.106279350399,0.0664245939995
0.015625000,0.171875000,0.105468984958,0.0659181155987
0.031250000,0.171875000,0.103036062765,0.0643975392284
0.046875000,0.171875000,0.0989751373047,0.0618594608155
0.062500000,0.171875000,0.0932772360234,0.0582982725146
0.078125000,0.171875000,0.0859300188974,0.0537062618109
0.093750000,0.171875000,0.0769180022921,0.0480737514326
0.109375000,0.171875000,0.0662228497888,0.0413892811180
0.125000000,0.171875000,0.0538237322259,0.0336398326412
0.140625000,0.171875000,0.0396977610812,0.0248111006758
0.156250000,0.171875000,0.0238204966511,0.0148878104069
0.171875000,0.171875000,0.00616653639802,0.00385408524876
0.187500000,0.171875000,-0.0132898120897,-0.00830613255609
0.203125000,0.171875000,-0.0345737697948,-0.0216086061218
0.218750000,0.171875000,-0.0577092293745,-0.0360682683591
0.234375000,0.171875000,-0.0827177987032,-0.0516986241895
0.250000000,0.171875000,-0.109617736281,-0.0685110851753
0.265625000,0.171875000,-0.138422773929,-0.0865142337055
0.281250000,0.171875000,-0.169140817598,-0.105713010998
0.296875000,0.171875000,-0.201772519424,-0.126107824640
0.312500000,0.171875000,-0.236309712769,-0.147693570480
0.328125000,0.171875000,-0.272733702150,-0.170458563844
0.343750000,0.171875000,-0.311013398009,-0.194383373756
0.359375000,0.171875000,-0.351103289233,-0.219439555770
0.375000000,0.171875000,-0.392941241920,-0.245588276200
0.390625000,0.171875000,-0.436446116602,-0.272778822876
0.406250000,0.171875000,-0.481515193797,-0.300946996123
0.421875000,0.171875000,-0.528021398297,-0.330013373935
0.437500000,0.171875000,-0.575810312452,-0.359881445283
0.453125000,0.171875000,-0.624696970415,-0.390435606509
0.468750000,0.171875000,-0.674462423485,-0.421539014678
0.484375000,0.171875000,-0.724850069091,-0.453031293182
0.500000000,0.171875000,-0.775561735791,-0.484726084869
0.515625000,0.171875000,-0.826253518277,-0.516408448923
0.531250000,0.171875000,-0.876531357565,-0.547832098478
0.546875000,0.171875000,-0.925946363555,-0.578716477222
0.562500000,0.171875000,-0.973989878628,-0.608743674142
0.578125000,0.171875000,-1.02008828510,-0.637555178185
0.593750000,0.171875000,-1.06359756123,-0.664748475769
0.609375000,0.171875000,-1.10379759585,-0.689873497405
0.625000000,0.171875000,-1.13988627611,-0.712428922568
0.640625000,0.171875000,-1.17097336862,-0.731858355390
0.656250000,0.171875000,-1.19607422316,-0.747546389473
0.671875000,0.171875000,-1.21410333462,-0.758814584134
0.687500000,0.171875000,-1.22386781247,-0.764917382796
0.703125000,0.171875000,-1.22406081730,-0.765038010815
0.718750000,0.171875000,-1.21325504090,-0.758284400564
0.734375000,0.171875000,-1.18989632481,-0.743685203005
0.750000000,0.171875000,-1.15229753423,-0.720185958893
0.765625000,0.171875000,-1.09863283152,-0.686645519702
0.781250000,0.171875000,-1.02693252429,-0.641832827684
0.796875000,0.171875000,-0.935078703703,-0.584424189814
0.812500000,0.171875000,-0.820801933640,-0.513001208525
0.828125000,0.171875000,-0.681679307467,-0.426049567167
0.843750000,0.171875000,-0.515134256539,-0.321958910337
0.859375000,0.171875000,-0.318438576095,-0.199024110059
0.875000000,0.171875000,-0.0887172312518,-0.0554482695324
0.890625000,0.171875000,0.177043373802,0.110652108626
0.906250000,0.171875000,0.481982839781,0.301239274863
0.921875000,0.171875000,0.829506470129,0.518441543830
0.937500000,0.171875000,1.22264802543,0.764155015895
0.953125000,0.171875000,,
0.968750000,0.171875000,,
0.984375000,0.171875000,,
1.000000000,0.171875000,,
-1.000000000,0.187500000,,
-0.984375000,0.187500000,,
-0.968750000,0.187500000,,
-0.953125000,0.187500000,,
-0.937500000,0.187500000,1.39288122729,0.870550767054
-0.921875000,0.187500000,0.984779704092,0.615487315058
-0.906250000,0.187500000,0.623052165478,0.389407603424
-0.890625000,0.187500000,0.304680406116,0.190425253822
-0.875000000,0.187500000,0.0262375796129,0.0163984872581
-0.859375000,0.187500000,-0.215428770329,-0.134642981456
-0.843750000,0.187500000,-0.423347258104,-0.264592036315
-0.828125000,0.187500000,-0.600409591041,-0.375255994401
-0.812500000,0.187500000,-0.749361898581,-0.468351186613
-0.796875000,0.187500000,-0.872799610370,-0.545499756481
-0.781250000,0.187500000,-0.973165184603,-0.608228240377
-0.765625000,0.187500000,-1.05274810763,-0.657967567267
-0.750000000,0.187500000,-1.11368669112,-0.696054181952
-0.734375000,0.187500000,-1.15797127110,-0.723732044439
-0.718750000,0.187500000,-1.18744848553,-0.742155303454
-0.703125000,0.187500000,-1.20382636307,-0.752391476916
-0.687500000,0.187500000,-1.20868000416,-0.755425002601
-0.671875000,0.187500000,-1.20345767273,-0.752161045454
-0.656250000,0.187500000,-1.18948715297,-0.743429470607
-0.640625000,0.187500000,-1.16798225142,-0.729988907138
-0.625000000,0.187500000,-1.14004934625,-0.712530841404
-0.609375000,0.187500000,-1.10669390724,-0.691683692028
-0.593750000,0.187500000,-1.06882692383,-0.668016827397
-0.578125000,0.187500000,-1.02727119239,-0.642044495246
-0.562500000,0.187500000,-0.982767425224,-0.614229640765
-0.546875000,0.187500000,-0.935980151989,-0.584987594993
-0.531250000,0.187500000,-0.887503393328,-0.554689620830
-0.515625000,0.187500000,-0.837866090587,-0.523666306617
-0.500000000,0.187500000,-0.787537282740,-0.492210801713
-0.484375000,0.187500000,-0.736931024664,-0.460581890415
-0.468750000,0.187500000,-0.686411044920,-0.429006903075
-0.453125000,0.187500000,-0.636295143499,-0.397684464687
-0.437500000,0.187500000,-0.586859333033,-0.366787083145
-0.421875000,0.187500000,-0.538341727991,-0.336463579995
-0.406250000,0.187500000,-0.490946188511,-0.306841367819
-0.390625000,0.187500000,-0.444845725565,-0.278028578478
-0.375000000,0.187500000,-0.400185677916,-0.250116048698
-0.359375000,0.187500000,-0.357086665965,-0.223179166228
-0.343750000,0.187500000,-0.315647336326,-0.197279585204
-0.328125000,0.187500000,-0.275946902931,-0.172466814332
-0.312500000,0.187500000,-0.238047496717,-0.148779685448
-0.296875000,0.187500000,-0.201996332855,-0.126247708034
-0.281250000,0.187500000,-0.167827705392,-0.104892315870
-0.265625000,0.187500000,-0.135564817703,-0.0847280110644
-0.250000000,0.187500000,-0.105221460769,-0.0657634129807
-0.234375000,0.187500000,-0.0768035448114,-0.0480022155071
-0.218750000,0.187500000,-0.0503104956905,-0.0314440598066
-0.203125000,0.187500000,-0.0257365231730,-0.0160853269831
-0.187500000,0.187500000,-0.00307176868029,-0.00191985542518
-0.171875000,0.187500000,0.0176966586679,0.0110604116675
-0.156250000,0.187500000,0.0365837522126,0.0228648451329
-0.140625000,0.187500000,0.0536057768146,0.0335036105091
-0.125000000,0.187500000,0.0687795308609,0.0429872067881
-0.109375000,0.187500000,0.0821216946828,0.0513260591767
-0.093750000,0.187500000,0.0936482626871,0.0585301641794
-0.078125000,0.187500000,0.103374052190,0.0646087826185
-0.062500000,0.187500000,0.111312286066,0.0695701787911
-0.046875000,0.187500000,0.117474245939,0.0734214037121
-0.031250000,0.187500000,0.121868991939,0.0761681199616
-0.015625000,0.187500000,0.124503147698,0.0778144673115
0.000000000,0.187500000,0.125380747962,0.0783629674763
0.015625000,0.187500000,0.124503147698,0.0778144673115
0.031250000,0.187500000,0.121868991939,0.0761681199616
0.046875000,0.187500000,0.117474245939,0.0734214037121
0.062500000,0.187500000,0.111312286066,0.0695701787911
0.078125000,0.187500000,0.103374052190,0.0646087826185
0.093750000,0.187500000,0.0936482626871,0.0585301641794
0.109375000,0.187500000,0.0821216946828,0.0513260591767
0.125000000,0.187500000,0.0687795308609,0.0429872067881
0.140625000,0.187500000,0.0536057768146,0.0335036105091
0.156250000,0.187500000,0.0365837522126,0.0228648451329
0.171875000,0.187500000,0.0176966586679,0.0110604116675
0.187500000,0.187500000,-0.00307176868029,-0.00191985542518
0.203125000,0.187500000,-0.0257365231730,-0.0160853269831
0.218750000,0.187500000,-0.0503104956905,-0.0314440598066
0.234375000,0.187500000,-0.0768035448114,-0.0480022155071
0.250000000,0.187500000,-0.105221460769,-0.0657634129807
0.265625000,0.187500000,-0.135564817703,-0.0847280110644
0.281250000,0.187500000,-0.167827705392,-0.104892315870
0.296875000,0.187500000,-0.201996332855,-0.126247708034
0.312500000,0.187500000,-0.238047496717,-0.148779685448
0.328125000,0.187500000,-0.275946902931,-0.172466814332
0.343750000,0.187500000,-0.315647336326,-0.197279585204
0.359375000,0.187500000,-0.357086665965,-0.223179166228
0.375000000,0.187500000,-0.400185677916,-0.250116048698
0.390625000,0.187500000,-0.444845725565,-0.278028578478
0.406250000,0.187500000,-0.490946188511,-0.306841367819
0.421875000,0.187500000,-0.538341727991,-0.336463579995
0.437500000,0.187500000,-0.586859333033,-0.366787083145
0.453125000,0.187500000,-0.636295143499,-0.397684464687
0.468750000,0.187500000,-0.686411044920,-0.429006903075
0.484375000,0.187500000,-0.736931024664,-0.460581890415
0.500000000,0.187500000,-0.787537282740,-0.492210801713
0.515625000,0.187500000,-0.837866090587,-0.523666306617
0.531250000,0.187500000,-0.887503393328,-0.554689620830
0.546875000,0.187500000,-0.935980151989,-0.584987594993
0.562500000,0.187500000,-0.982767425224,-0.614229640765
0.578125000,0.187500000,-1.02727119239,-0.642044495246
0.593750000,0.187500000,-1.06882692383,-0.668016827397
0.609375000,0.187500000,-1.10669390724,-0.691683692028
0.625000000,0.187500000,-1.14004934625,-0.712530841404
0.640625000,0.187500000,-1.16798225142,-0.729988907138
0.656250000,0.187500000,-1.18948715297,-0.743429470607
0.671875000,0.187500000,-1.20345767273,-0.752161045454
0.687500000,0.187500000,-1.20868000416,-0.755425002601
0.703125000,0.187500000,-1.20382636307,-0.752391476916
0.718750000,0.187500000,-1.18744848553,-0.742155303454
0.734375000,0.187500000,-1.15797127110,-0.723732044439
0.750000000,0.187500000,-1.11368669112,-0.696054181952
0.765625000,0.187500000,-1.05274810763,-0.657967567267
0.781250000,0.187500000,-0.973165184603,-0.608228240377
0.796875000,0.187500000,-0.872799610370,-0.545499756481
0.812500000,0.187500000,-0.749361898581,-0.468351186613
0.828125000,0.187500000,-0.600409591041,-0.375255994401
0.843750000,0.187500000,-0.423347258104,-0.264592036315
0.859375000,0.187500000,-0.215428770329,-0.134642981456
0.875000000,0.187500000,0.0262375796129,0.0163984872581
0.890625000,0.187500000,0.304680406116,0.190425253822
0.906250000,0.187500000,0.623052165478,0.389407603424
0.921875000,0.187500000,0.984779704092,0.615487315058
0.937500000,0.187500000,1.39288122729,0.870550767054
0.953125000,0.187500000,,
0.968750000,0.187500000,,
0.984375000,0.187500000,,
1.000000000,0.187500000,,
-1.000000000,0.203125000,,
-0.984375000,0.203125000,,
-0.968750000,0.203125000,,
-0.953125000,0.203125000,,
-0.937500000,0.203125000,,
-0.921875000,0.203125000,1.15050420543,0.719065128396
-0.906250000,0.203125000,0.773755876527,0.483597422830
-0.890625000,0.203125000,0.440848253413,0.275530158383
-0.875000000,0.203125000,0.148826382435,0.0930164890220
-0.859375000,0.203125000,-0.105637456846,-0.0660234105288
-0.843750000,0.203125000,-0.325585804716,-0.203491127947
-0.828125000,0.203125000,-0.513926413445,-0.321204008403
-0.812500000,0.203125000,-0.673423100776,-0.420889437985
-0.796875000,0.203125000,-0.806690250915,-0.504181406822
-0.781250000,0.203125000,-0.916190243707,-0.572618902317
-0.765625000,0.203125000,-1.00423322025,-0.627645762655
-0.750000000,0.203125000,-1.07297869555,-0.670611684721
-0.734375000,0.203125000,-1.12443861446,-0.702774134036
-0.718750000,0.203125000,-1.16048151894,-0.725300949340
-0.703125000,0.203125000,-1.18283755098,-0.739273469365
-0.687500000,0.203125000,-1.19310406762,-0.745690042260
-0.671875000,0.203125000,-1.19275168259,-0.745469801619
-0.656250000,0.203125000,-1.18313058409,-0.739456615057
-0.640625000,0.203125000,-1.16547700594,-0.728423128715
-0.625000000,0.203125000,-1.14091975263,-0.713074845391
-0.609375000,0.203125000,-1.11048669866,-0.694054186666
-0.593750000,0.203125000,-1.07511119888,-0.671944499300
-0.578125000,0.203125000,-1.03563835913,-0.647273974457
-0.562500000,0.203125000,-0.992831129274,-0.620519455796
-0.546875000,0.203125000,-0.947376187965,-0.592110117478
-0.531250000,0.203125000,-0.899889598950,-0.562430999344
-0.515625000,0.203125000,-0.850922222334,-0.531826388959
-0.500000000,0.203125000,-0.800964871305,-0.500603044566
-0.484375000,0.203125000,-0.750453208748,-0.469033255467
-0.468750000,0.203125000,-0.699772381261,-0.437357738288
-0.453125000,0.203125000,-0.649261392140,-0.405788370087
-0.437500000,0.203125000,-0.599217214860,-0.374510759287
-0.421875000,0.203125000,-0.549898654334,-0.343686658959
-0.406250000,0.203125000,-0.501529959941,-0.313456224963
-0.390625000,0.203125000,-0.454304200301,-0.283940125188
-0.375000000,0.203125000,-0.408386405827,-0.255241503642
-0.359375000,0.203125000,-0.363916490989,-0.227447806868
-0.343750000,0.203125000,-0.321011962501,-0.200632476563
-0.328125000,0.203125000,-0.279770426807,-0.174856516754
-0.312500000,0.203125000,-0.240271903696,-0.150169939810
-0.296875000,0.203125000,-0.202580957980,-0.126613098738
-0.281250000,0.203125000,-0.166748658230,-0.104217911394
-0.265625000,0.203125000,-0.132814373250,-0.0830089832810
-0.250000000,0.203125000,-0.100807413506,-0.0630046334415
-0.234375000,0.203125000,-0.0707485303759,-0.0442178314849
-0.218750000,0.203125000,-0.0426512782525,-0.0266570489078
-0.203125000,0.203125000,-0.0165232502728,-0.0103270314205
-0.187500000,0.203125000,0.00763280399207,0.00477050249504
-0.171875000,0.203125000,0.0298179732371,0.0186362332732
-0.156250000,0.203125000,0.0500362824956,0.0312726765597
-0.140625000,0.203125000,0.0682938883917,0.0426836802448
-0.125000000,0.203125000,0.0845983658589,0.0528739786618
-0.109375000,0.203125000,0.0989580798407,0.0618487999005
-0.093750000,0.203125000,0.111381637319,0.0696135233242
-0.078125000,0.203125000,0.121877415249,0.0761733845304
-0.062500000,0.203125000,0.130453158874,0.0815332242961
-0.046875000,0.203125000,0.137115649096,0.0856972806849
-0.031250000,0.203125000,0.141870433449,0.0886690209055
-0.015625000,0.203125000,0.144721620150,0.0904510125937
0.000000000,0.203125000,0.145671732158,0.0910448325984
0.015625000,0.203125000,0.144721620150,0.0904510125937
0.031250000,0.203125000,0.141870433449,0.0886690209055
0.046875000,0.203125000,0.137115649096,0.0856972806849
0.062500000,0.203125000,0.130453158874,0.0815332242961
0.078125000,0.203125000,0.121877415249,0.0761733845304
0.093750000,0.203125000,0.111381637319,0.0696135233242
0.109375000,0.203125000,0.0989580798407,0.0618487999005
0.125000000,0.203125000,0.0845983658589,0.0528739786618
0.140625000,0.203125000,0.0682938883917,0.0426836802448
0.156250000,0.203125000,0.0500362824956,0.0312726765597
0.171875000,0.203125000,0.0298179732371,0.0186362332732
0.187500000,0.203125000,0.00763280399207,0.00477050249504
0.203125000,0.203125000,-0.0165232502728,-0.0103270314205
0.218750000,0.203125000,-0.0426512782525,-0.0266570489078
0.234375000,0.203125000,-0.0707485303759,-0.0442178314849
0.250000000,0.203125000,-0.100807413506,-0.0630046334415
0.265625000,0.203125000,-0.132814373250,-0.0830089832810
0.281250000,0.203125000,-0.166748658230,-0.104217911394
0.296875000,0.203125000,-0.202580957980,-0.126613098738
0.312500000,0.203125000,-0.240271903696,-0.150169939810
0.328125000,0.203125000,-0.279770426807,-0.174856516754
0.343750000,0.203125000,-0.321011962501,-0.200632476563
0.359375000,0.203125000,-0.363916490989,-0.227447806868
0.375000000,0.203125000,-0.408386405827,-0.255241503642
0.390625000,0.203125000,-0.454304200301,-0.283940125188
0.406250000,0.203125000,-0.501529959941,-0.313456224963
0.421875000,0.203125000,-0.549898654334,-0.343686658959
0.437500000,0.203125000,-0.599217214860,-0.374510759287
0.453125000,0.203125000,-0.649261392140,-0.405788370087
0.468750000,0.203125000,-0.699772381261,-0.437357738288
0.484375000,0.203125000,-0.750453208748,-0.469033255467
0.500000000,0.203125000,-0.800964871305,-0.500603044566
0.515625000,0.203125000,-0.850922222334,-0.531826388959
0.531250000,0.203125000,-0.899889598950,-0.562430999344
0.546875000,0.203125000,-0.947376187965,-0.592110117478
0.562500000,0.203125000,-0.992831129274,-0.620519455796
0.578125000,0.203125000,-1.03563835913,-0.647273974457
0.593750000,0.203125000,-1.07511119888,-0.671944499300
0.609375000,0.203125000,-1.11048669866,-0.694054186666
0.625000000,0.203125000,-1.14091975263,-0.713074845391
0.640625000,0.203125000,-1.16547700594,-0.728423128715
0.656250000,0.203125000,-1.18313058409,-0.739456615057
0.671875000,0.203125000,-1.19275168259,-0.745469801619
0.687500000,0.203125000,-1.19310406762,-0.745690042260
0.703125000,0.203125000,-1.18283755098,-0.739273469365
0.718750000,0.203125000,-1.16048151894,-0.725300949340
0.734375000,0.203125000,-1.12443861446,-0.702774134036
0.750000000,0.203125000,-1.07297869555,-0.670611684721
0.765625000,0.203125000,-1.00423322025,-0.627645762655
0.781250000,0.203125000,-0.916190243707,-0.572618902317
0.796875000,0.203125000,-0.806690250915,-0.504181406822
0.812500000,0.203125000,-0.673423100776,-0.420889437985
0.828125000,0.203125000,-0.513926413445,-0.321204008403
0.843750000,0.203125000,-0.325585804716,-0.203491127947
0.859375000,0.203125000,-0.105637456846,-0.0660234105288
0.875000000,0.203125000,0.148826382435,0.0930164890220
0.890625000,0.203125000,0.440848253413,0.275530158383
0.906250000,0.203125000,0.773755876527,0.483597422830
0.921875000,0.203125000,1.15050420543,0.719065128396
0.937500000,0.203125000,,
0.953125000,0.203125000,,
0.968750000,0.203125000,,
0.984375000,0.203125000,,
1.000000000,0.203125000,,
-1.000000000,0.218750000,,
-0.984375000,0.218750000,,
-0.968750000,0.218750000,,
-0.953125000,0.218750000,,
-0.937500000,0.218750000,,
-0.921875000,0.218750000,1.32719773598,0.829498584988
-0.906250000,0.218750000,0.934264066984,0.583915041865
-0.890625000,0.218750000,0.586160171184,0.366350106990
-0.875000000,0.218750000,0.279470580810,0.174669113006
-0.859375000,0.218750000,0.0113251116603,0.00707819478769
-0.843750000,0.218750000,-0.221491248813,-0.138432030508
-0.828125000,0.218750000,-0.421901522151,-0.263688451345
-0.812500000,0.218750000,-0.592686860050,-0.370429287531
-0.796875000,0.218750000,-0.736480600978,-0.460300375612
-0.781250000,0.218750000,-0.855765345332,-0.534853340832
-0.765625000,0.218750000,-0.952872438965,-0.595545274353
-0.750000000,0.218750000,-1.02998336206,-0.643739601285
-0.734375000,0.218750000,-1.08913260835,-0.680707880218
-0.718750000,0.218750000,-1.13221171235,-0.707632320221
-0.703125000,0.218750000,-1.16097414258,-0.725608839110
-0.687500000,0.218750000,-1.17704083029,-0.735650518932
-0.671875000,0.218750000,-1.18190614208,-0.738691338798
-0.656250000,0.218750000,-1.17694414358,-0.735590089740
-0.640625000,0.218750000,-1.16341502673,-0.727134391706
-0.625000000,0.218750000,-1.14247159837,-0.714044748979
-0.609375000,0.218750000,-1.11516574980,-0.696978593623
-0.593750000,0.218750000,-1.08245483962,-0.676534274763
-0.578125000,0.218750000,-1.04520794076,-0.653254962973
-0.562500000,0.218750000,-1.00421191000,-0.627632443750
-0.546875000,0.218750000,-0.960177250540,-0.600110781587
-0.531250000,0.218750000,-0.913743745319,-0.571089840824
-0.515625000,0.218750000,-0.865485844552,-0.540928652845
-0.500000000,0.218750000,-0.815917798265,-0.509948623916
-0.484375000,0.218750000,-0.765498526585,-0.478436579116
-0.468750000,0.218750000,-0.714636226978,-0.446647641862
-0.453125000,0.218750000,-0.663692717578,-0.414807948486
-0.437500000,0.218750000,-0.612987521374,-0.383117200859
-0.421875000,0.218750000,-0.562801695037,-0.351751059398
-0.406250000,0.218750000,-0.513381409242,-0.320863380776
-0.390625000,0.218750000,-0.464941289286,-0.290588305804
-0.375000000,0.218750000,-0.417667522243,-0.261042201402
-0.359375000,0.218750000,-0.371720742921,-0.232325464326
-0.343750000,0.218750000,-0.327238705861,-0.204524191163
-0.328125000,0.218750000,-0.284338754639,-0.177711721649
-0.312500000,0.218750000,-0.243120098868,-0.151950061792
-0.296875000,0.218750000,-0.203665907347,-0.127291192092
-0.281250000,0.218750000,-0.166045229972,-0.103778268732
-0.265625000,0.218750000,-0.130314756164,-0.0814467226023
-0.250000000,0.218750000,-0.0965204210264,-0.0603252631415
-0.234375000,0.218750000,-0.0646988671294,-0.0404367919559
-0.218750000,0.218750000,-0.0348787725670,-0.0217992328544
-0.203125000,0.218750000,-0.00708205284106,-0.00442628302566
-0.187500000,0.218750000,0.0186750543336,0.0116719089585
-0.171875000,0.218750000,0.0423810150294,0.0264881343934
-0.156250000,0.218750000,0.0640281256743,0.0400175785465
-0.140625000,0.218750000,0.0836117371430,0.0522573357144
-0.125000000,0.218750000,0.101129566452,0.0632059790322
-0.109375000,0.218750000,0.116581092430,0.0728631827687
-0.093750000,0.218750000,0.129967029286,0.0812293933036
-0.078125000,0.218750000,0.141288873724,0.0883055460773
-0.062500000,0.218750000,0.150548520191,0.0940928251194
-0.046875000,0.218750000,0.157747942695,0.0985924641844
-0.031250000,0.218750000,0.162888937497,0.101805585936
-0.015625000,0.218750000,0.165972926823,0.103733079265
0.000000000,0.218750000,0.167000819241,0.104375512026
0.015625000,0.218750000,0.165972926823,0.103733079265
0.031250000,0.218750000,0.162888937497,0.101805585936
0.046875000,0.218750000,0.157747942695,0.0985924641844
0.062500000,0.218750000,0.150548520191,0.0940928251194
0.078125000,0.218750000,0.141288873724,0.0883055460773
0.093750000,0.218750000,0.129967029286,0.0812293933036
0.109375000,0.218750000,0.116581092430,0.0728631827687
0.125000000,0.218750000,0.101129566452,0.0632059790322
0.140625000,0.218750000,0.0836117371430,0.0522573357144
0.156250000,0.218750000,0.0640281256743,0.0400175785465
0.171875000,0.218750000,0.0423810150294,0.0264881343934
0.187500000,0.218750000,0.0186750543336,0.0116719089585
0.203125000,0.218750000,-0.00708205284106,-0.00442628302566
0.218750000,0.218750000,-0.0348787725670,-0.0217992328544
0.234375000,0.218750000,-0.0646988671294,-0.0404367919559
0.250000000,0.218750000,-0.0965204210264,-0.0603252631415
0.265625000,0.218750000,-0.130314756164,-0.0814467226023
0.281250000,0.218750000,-0.166045229972,-0.103778268732
0.296875000,0.218750000,-0.203665907347,-0.127291192092
0.312500000,0.218750000,-0.243120098868,-0.151950061792
0.328125000,0.218750000,-0.284338754639,-0.177711721649
0.343750000,0.218750000,-0.327238705861,-0.204524191163
0.359375000,0.218750000,-0.371720742921,-0.232325464326
0.375000000,0.218750000,-0.417667522243,-0.261042201402
0.390625000,0.218750000,-0.464941289286,-0.290588305804
0.406250000,0.218750000,-0.513381409242,-0.320863380776
0.421875000,0.218750000,-0.562801695037,-0.351751059398
0.437500000,0.218750000,-0.612987521374,-0.383117200859
0.453125000,0.218750000,-0.663692717578,-0.414807948486
0.468750000,0.218750000,-0.714636226978,-0.446647641862
0.484375000,0.218750000,-0.765498526585,-0.478436579116
0.500000000,0.218750000,-0.815917798265,-0.509948623916
0.515625000,0.218750000,-0.865485844552,-0.540928652845
0.531250000,0.218750000,-0.913743745319,-0.571089840824
0.546875000,0.218750000,-0.960177250540,-0.600110781587
0.562500000,0.218750000,-1.00421191000,-0.627632443750
0.578125000,0.218750000,-1.04520794076,-0.653254962973
0.593750000,0.218750000,-1.08245483962,-0.676534274763
0.609375000,0.218750000,-1.11516574980,-0.696978593623
0.625000000,0.218750000,-1.14247159837,-0.714044748979
0.640625000,0.218750000,-1.16341502673,-0.727134391706
0.656250000,0.218750000,-1.17694414358,-0.735590089740
0.671875000,0.218750000,-1.18190614208,-0.738691338798
0.687500000,0.218750000,-1.17704083029,-0.735650518932
0.703125000,0.218750000,-1.16097414258,-0.725608839110
0.718750000,0.218750000,-1.13221171235,-0.707632320221
0.734375000,0.218750000,-1.08913260835,-0.680707880218
0.750000000,0.218750000,-1.02998336206,-0.643739601285
0.765625000,0.218750000,-0.952872438965,-0.595545274353
0.781250000,0.218750000,-0.855765345332,-0.534853340832
0.796875000,0.218750000,-0.736480600978,-0.460300375612
0.812500000,0.218750000,-0.592686860050,-0.370429287531
0.828125000,0.218750000,-0.421901522151,-0.263688451345
0.843750000,0.218750000,-0.221491248813,-0.138432030508
0.859375000,0.218750000,0.0113251116603,0.00707819478769
0.875000000,0.218750000,0.279470580810,0.174669113006
0.890625000,0.218750000,0.586160171184,0.366350106990
0.906250000,0.218750000,0.934264066984,0.583915041865
0.921875000,0.218750000,1.32719773598,0.829498584988
0.937500000,0.218750000,,
0.953125000,0.218750000,,
0.968750000,0.218750000,,
0.984375000,0.218750000,,
1.000000000,0.218750000,,
-1.000000000,0.234375000,,
-0.984375000,0.234375000,,
-0.968750000,0.234375000,,
-0.953125000,0.234375000,,
-0.937500000,0.234375000,,
-0.921875000,0.234375000,1.51542658687,0.947141616796
-0.906250000,0.234375000,1.10526312050,0.690789450313
-0.890625000,0.234375000,0.740810146645,0.463006341653
-0.875000000,0.234375000,0.418638192932,0.261648870583
-0.859375000,0.234375000,0.135894192446,0.0849338702789
-0.843750000,0.234375000,-0.110660711309,-0.0691629445679
-0.828125000,0.234375000,-0.323963857187,-0.202477410742
-0.812500000,0.234375000,-0.506813233157,-0.316758270723
-0.796875000,0.234375000,-0.661861017500,-0.413663135937
-0.781250000,0.234375000,-0.791610239460,-0.494756399662
-0.765625000,0.234375000,-0.898413929707,-0.561508706067
-0.750000000,0.234375000,-0.984476242897,-0.615297651811
-0.734375000,0.234375000,-1.05185512313,-0.657409451957
-0.718750000,0.234375000,-1.10246616098,-0.689041350614
-0.703125000,0.234375000,-1.13808735036,-0.711304593973
-0.687500000,0.234375000,-1.16036450779,-0.725227817367
-0.671875000,0.234375000,-1.17081715797,-0.731760723730
-0.656250000,0.234375000,-1.17084472559,-0.731777953495
-0.640625000,0.234375000,-1.16173290494,-0.726083065588
-0.625000000,0.234375000,-1.14466010008,-0.715412562551
-0.609375000,0.234375000,-1.12070385263,-0.700439907897
-0.593750000,0.234375000,-1.09084718908,-0.681779493177
-0.578125000,0.234375000,-1.05598483457,-0.659990521606
-0.562500000,0.234375000,-1.01692925271,-0.635580782943
-0.546875000,0.234375000,-0.974416478368,-0.609010298980
-0.531250000,0.234375000,-0.929111722931,-0.580694826832
-0.515625000,0.234375000,-0.881614732498,-0.551009207811
-0.500000000,0.234375000,-0.832464891481,-0.520290557175
-0.484375000,0.234375000,-0.782146062411,-0.488841289007
-0.468750000,0.234375000,-0.731091161327,-0.456931975830
-0.453125000,0.234375000,-0.679686469878,-0.424804043674
-0.437500000,0.234375000,-0.628275684510,-0.392672302819
-0.421875000,0.234375000,-0.577163710973,-0.360727319358
-0.406250000,0.234375000,-0.526620208667,-0.329137630417
-0.390625000,0.234375000,-0.476882893656,-0.298051808535
-0.375000000,0.234375000,-0.428160608492,-0.267600380308
-0.359375000,0.234375000,-0.380636169231,-0.237897605770
-0.343750000,0.234375000,-0.334468997846,-0.209043123653
-0.328125000,0.234375000,-0.289797552634,-0.181123470396
-0.312500000,0.234375000,-0.246741564294,-0.154213477683
-0.296875000,0.234375000,-0.205404090547,-0.128377556592
-0.281250000,0.234375000,-0.165873397782,-0.103670873614
-0.265625000,0.234375000,-0.128224680454,-0.0801404252839
-0.250000000,0.234375000,-0.0925216285131,-0.0578260178207
-0.234375000,0.234375000,-0.0588178521139,-0.0367611575712
-0.218750000,0.234375000,-0.0271581724783,-0.0169738577990
-0.203125000,0.234375000,0.00242021130610,0.00151263206631
-0.187500000,0.234375000,0.0298866719293,0.0186791699558
-0.171875000,0.234375000,0.0552162117409,0.0345101323381
-0.156250000,0.234375000,0.0783886207236,0.0489928879522
-0.140625000,0.234375000,0.0993877290801,0.0621173306751
-0.125000000,0.234375000,0.118200745756,0.0738754660977
-0.109375000,0.234375000,0.134817678984,0.0842610493650
-0.093750000,0.234375000,0.149230832652,0.0932692704075
-0.078125000,0.234375000,0.161434372474,0.100896482796
-0.062500000,0.234375000,0.171423959863,0.107139974915
-0.046875000,0.234375000,0.179196448219,0.111997780137
-0.031250000,0.234375000,0.184749638191,0.115468523869
-0.015625000,0.234375000,0.188082091018,0.117551306886
0.000000000,0.234375000,0.189192995789,0.118245622368
0.015625000,0.234375000,0.188082091018,0.117551306886
0.031250000,0.234375000,0.184749638191,0.115468523869
0.046875000,0.234375000,0.179196448219,0.111997780137
0.062500000,0.234375000,0.171423959863,0.107139974915
0.078125000,0.234375000,0.161434372474,0.100896482796
0.093750000,0.234375000,0.149230832652,0.0932692704075
0.109375000,0.234375000,0.134817678984,0.0842610493650
0.125000000,0.234375000,0.118200745756,0.0738754660977
0.140625000,0.234375000,0.0993877290801,0.0621173306751
0.156250000,0.234375000,0.0783886207236,0.0489928879522
0.171875000,0.234375000,0.0552162117409,0.0345101323381
0.187500000,0.234375000,0.0298866719293,0.0186791699558
0.203125000,0.234375000,0.00242021130610,0.00151263206631
0.218750000,0.234375000,-0.0271581724783,-0.0169738577990
0.234375000,0.234375000,-0.0588178521139,-0.0367611575712
0.250000000,0.234375000,-0.0925216285131,-0.0578260178207
0.265625000,0.234375000,-0.128224680454,-0.0801404252839
0.281250000,0.234375000,-0.165873397782,-0.103670873614
0.296875000,0.234375000,-0.205404090547,-0.128377556592
0.312500000,0.234375000,-0.246741564294,-0.154213477683
0.328125000,0.234375000,-0.289797552634,-0.181123470396
0.343750000,0.234375000,-0.334468997846,-0.209043123653
0.359375000,0.234375000,-0.380636169231,-0.237897605770
0.375000000,0.234375000,-0.428160608492,-0.267600380308
0.390625000,0.234375000,-0.476882893656,-0.298051808535
0.406250000,0.234375000,-0.526620208667,-0.329137630417
0.421875000,0.234375000,-0.577163710973,-0.360727319358
0.437500000,0.234375000,-0.628275684510,-0.392672302819
0.453125000,0.234375000,-0.679686469878,-0.424804043674
0.468750000,0.234375000,-0.731091161327,-0.456931975830
0.484375000,0.234375000,-0.782146062411,-0.488841289007
0.500000000,0.234375000,-0.832464891481,-0.520290557175
0.515625000,0.234375000,-0.881614732498,-0.551009207811
0.531250000,0.234375000,-0.929111722931,-0.580694826832
0.546875000,0.234375000,-0.974416478368,-0.609010298980
0.562500000,0.234375000,-1.01692925271,-0.635580782943
0.578125000,0.234375000,-1.05598483457,-0.659990521606
0.593750000,0.234375000,-1.09084718908,-0.681779493177
0.609375000,0.234375000,-1.12070385263,-0.700439907897
0.625000000,0.234375000,-1.14466010008,-0.715412562551
0.640625000,0.234375000,-1.16173290494,-0.726083065588
0.656250000,0.234375000,-1.17084472559,-0.731777953495
0.671875000,0.234375000,-1.17081715797,-0.731760723730
0.687500000,0.234375000,-1.16036450779,-0.725227817367
0.703125000,0.234375000,-1.13808735036,-0.711304593973
0.718750000,0.234375000,-1.10246616098,-0.689041350614
0.734375000,0.234375000,-1.05185512313,-0.657409451957
0.750000000,0.234375000,-0.984476242897,-0.615297651811
0.765625000,0.234375000,-0.898413929707,-0.561508706067
0.781250000,0.234375000,-0.791610239460,-0.494756399662
0.796875000,0.234375000,-0.661861017500,-0.413663135937
0.812500000,0.234375000,-0.506813233157,-0.316758270723
0.828125000,0.234375000,-0.323963857187,-0.202477410742
0.843750000,0.234375000,-0.110660711309,-0.0691629445679
0.859375000,0.234375000,0.135894192446,0.0849338702789
0.875000000,0.234375000,0.418638192932,0.261648870583
0.890625000,0.234375000,0.740810146645,0.463006341653
0.906250000,0.234375000,1.10526312050,0.690789450313
0.921875000,0.234375000,1.51542658687,0.947141616796
0.937500000,0.234375000,,
0.953125000,0.234375000,,
0.968750000,0.234375000,,
0.984375000,0.234375000,,
1.000000000,0.234375000,,
-1.000000000,0.250000000,,
-0.984375000,0.250000000,,
-0.968750000,0.250000000,,
-0.953125000,0.250000000,,
-0.937500000,0.250000000,,
-0.921875000,0.250000000,,
-0.906250000,0.250000000,1.28733739556,0.804585872224
-0.890625000,0.250000000,0.905497358366,0.565935848979
-0.875000000,0.250000000,0.567015444844,0.354384653027
-0.859375000,0.250000000,0.268553077714,0.167845673571
-0.843750000,0.250000000,0.00735545668497,0.00459716042811
-0.828125000,0.250000000,-0.219697021292,-0.137310638307
-0.812500000,0.250000000,-0.415418512183,-0.259636570114
-0.796875000,0.250000000,-0.582479781297,-0.364049863310
-0.781250000,0.250000000,-0.723404383461,-0.452127739663
-0.765625000,0.250000000,-0.840567426534,-0.525354641584
-0.750000000,0.250000000,-0.936196380247,-0.585122737655
-0.734375000,0.250000000,-1.01237348945,-0.632733430906
-0.718750000,0.250000000,-1.07103942663,-0.669399641645
-0.703125000,0.250000000,-1.11399788439,-0.696248677741
-0.687500000,0.250000000,-1.14292086099,-0.714325538121
-0.671875000,0.250000000,-1.15935443755,-0.724596523469
-0.656250000,0.250000000,-1.16472488103,-0.727953050641
-0.640625000,0.250000000,-1.16034493977,-0.725215587359
-0.625000000,0.250000000,-1.14742022209,-0.717137638805
-0.609375000,0.250000000,-1.12705557099,-0.704409731870
-0.593750000,0.250000000,-1.10026136538,-0.687663353363
-0.578125000,0.250000000,-1.06795969226,-0.667474807663
-0.562500000,0.250000000,-1.03099034782,-0.644368967385
-0.546875000,0.250000000,-0.990116635062,-0.618822896914
-0.531250000,0.250000000,-0.946030932987,-0.591269333117
-0.515625000,0.250000000,-0.899360021338,-0.562100013336
-0.500000000,0.250000000,-0.850670148899,-0.531668843062
-0.484375000,0.250000000,-0.800471838897,-0.500294899311
-0.468750000,0.250000000,-0.749224428834,-0.468265268021
-0.453125000,0.250000000,-0.697340345624,-0.435837716015
-0.437500000,0.250000000,-0.645189117931,-0.403243198707
-0.421875000,0.250000000,-0.593101132227,-0.370688207642
-0.406250000,0.250000000,-0.541371137819,-0.338356961137
-0.390625000,0.250000000,-0.490261509761,-0.306413443600
-0.375000000,0.250000000,-0.440005278188,-0.275003298868
-0.359375000,0.250000000,-0.390808933377,-0.244255583361
-0.343750000,0.250000000,-0.342855017093,-0.214284385683
-0.328125000,0.250000000,-0.296304510054,-0.185190318784
-0.312500000,0.250000000,-0.251299026978,-0.157061891861
-0.296875000,0.250000000,-0.207962828175,-0.129976767609
-0.281250000,0.250000000,-0.166404659950,-0.104002912469
-0.265625000,0.250000000,-0.126719433148,-0.0791996457172
-0.250000000,0.250000000,-0.0889897498630,-0.0556185936644
-0.234375000,0.250000000,-0.0532872883592,-0.0333045552245
-0.218750000,0.250000000,-0.0196740562520,-0.0122962851575
-0.203125000,0.250000000,0.0117964802617,0.00737280016355
-0.187500000,0.250000000,0.0410783813938,0.0256739883711
-0.171875000,0.250000000,0.0681323257000,0.0425827035625
-0.156250000,0.250000000,0.0929248002252,0.0580780001407
-0.140625000,0.250000000,0.115427382804,0.0721421142523
-0.125000000,0.250000000,0.135616109288,0.0847600683053
-0.109375000,0.250000000,0.153470919362,0.0959193246010
-0.093750000,0.250000000,0.168975175951,0.105609484969
-0.078125000,0.250000000,0.182115253357,0.113822033348
-0.062500000,0.250000000,0.192880188432,0.120550117770
-0.046875000,0.250000000,0.201261392795,0.125788370497
-0.031250000,0.250000000,0.207252421453,0.129532763408
-0.015625000,0.250000000,0.210848795435,0.131780497147
0.000000000,0.250000000,0.212047877166,0.132529923229
0.015625000,0.250000000,0.210848795435,0.131780497147
0.031250000,0.250000000,0.207252421453,0.129532763408
0.046875000,0.250000000,0.201261392795,0.125788370497
0.062500000,0.250000000,0.192880188432,0.120550117770
0.078125000,0.250000000,0.182115253357,0.113822033348
0.093750000,0.250000000,0.168975175951,0.105609484969
0.109375000,0.250000000,0.153470919362,0.0959193246010
0.125000000,0.250000000,0.135616109288,0.0847600683053
0.140625000,0.250000000,0.115427382804,0.0721421142523
0.156250000,0.250000000,0.0929248002252,0.0580780001407
0.171875000,0.250000000,0.0681323257000,0.0425827035625
0.187500000,0.250000000,0.0410783813938,0.0256739883711
0.203125000,0.250000000,0.0117964802617,0.00737280016355
0.218750000,0.250000000,-0.0196740562520,-0.0122962851575
0.234375000,0.250000000,-0.0532872883592,-0.0333045552245
0.250000000,0.250000000,-0.0889897498630,-0.0556185936644
0.265625000,0.250000000,-0.126719433148,-0.0791996457172
0.281250000,0.250000000,-0.166404659950,-0.104002912469
0.296875000,0.250000000,-0.207962828175,-0.129976767609
0.312500000,0.250000000,-0.251299026978,-0.157061891861
0.328125000,0.250000000,-0.296304510054,-0.185190318784
0.343750000,0.250000000,-0.342855017093,-0.214284385683
0.359375000,0.250000000,-0.390808933377,-0.244255583361
0.375000000,0.250000000,-0.440005278188,-0.275003298868
0.390625000,0.250000000,-0.490261509761,-0.306413443600
0.406250000,0.250000000,-0.541371137819,-0.338356961137
0.421875000,0.250000000,-0.593101132227,-0.370688207642
0.437500000,0.250000000,-0.645189117931,-0.403243198707
0.453125000,0.250000000,-0.697340345624,-0.435837716015
0.468750000,0.250000000,-0.749224428834,-0.468265268021
0.484375000,0.250000000,-0.800471838897,-0.500294899311
0.500000000,0.250000000,-0.850670148899,-0.531668843062
0.515625000,0.250000000,-0.899360021338,-0.562100013336
0.531250000,0.250000000,-0.946030932987,-0.591269333117
0.546875000,0.250000000,-0.990116635062,-0.618822896914
0.562500000,0.250000000,-1.03099034782,-0.644368967385
0.578125000,0.250000000,-1.06795969226,-0.667474807663
0.593750000,0.250000000,-1.10026136538,-0.687663353363
0.609375000,0.250000000,-1.12705557099,-0.704409731870
0.625000000,0.250000000,-1.14742022209,-0.717137638805
0.640625000,0.250000000,-1.16034493977,-0.725215587359
0.656250000,0.250000000,-1.16472488103,-0.727953050641
0.671875000,0.250000000,-1.15935443755,-0.724596523469
0.687500000,0.250000000,-1.14292086099,-0.714325538121
0.703125000,0.250000000,-1.11399788439,-0.696248677741
0.718750000,0.250000000,-1.07103942663,-0.669399641645
0.734375000,0.250000000,-1.01237348945,-0.632733430906
0.750000000,0.250000000,-0.936196380247,-0.585122737655
0.765625000,0.250000000,-0.840567426534,-0.525354641584
0.781250000,0.250000000,-0.723404383461,-0.452127739663
0.796875000,0.250000000,-0.582479781297,-0.364049863310
0.812500000,0.250000000,-0.415418512183,-0.259636570114
0.828125000,0.250000000,-0.219697021292,-0.137310638307
0.843750000,0.250000000,0.00735545668497,0.00459716042811
0.859375000,0.250000000,0.268553077714,0.167845673571
0.875000000,0.250000000,0.567015444844,0.354384653027
0.890625000,0.250000000,0.905497358366,0.565935848979
0.906250000,0.250000000,1.28733739556,0.804585872224
0.921875000,0.250000000,,
0.937500000,0.250000000,,
0.953125000,0.250000000,,
0.968750000,0.250000000,,
0.984375000,0.250000000,,
1.000000000,0.250000000,,
-1.000000000,0.265625000,,
-0.984375000,0.265625000,,
-0.968750000,0.265625000,,
-0.953125000,0.265625000,,
-0.937500000,0.265625000,,
-0.921875000,0.265625000,,
-0.906250000,0.265625000,1.48112393164,0.925702457277
-0.890625000,0.265625000,1.08082505155,0.675515657217
-0.875000000,0.265625000,0.724846781470,0.453029238418
-0.859375000,0.265625000,0.410002001207,0.256251250754
-0.843750000,0.265625000,0.133056209121,0.0831601307006
-0.828125000,0.265625000,-0.108636733123,-0.0678979582021
-0.812500000,0.265625000,-0.318072687924,-0.198795429953
-0.796875000,0.265625000,-0.497940589108,-0.311212868192
-0.781250000,0.265625000,-0.650784479936,-0.406740299960
-0.765625000,0.265625000,-0.779001829320,-0.486876143325
-0.750000000,0.265625000,-0.884843976951,-0.553027485595
-0.734375000,0.265625000,-0.970418251236,-0.606511407022
-0.718750000,0.265625000,-1.03769138191,-0.648557113693
-0.703125000,0.265625000,-1.08849389632,-0.680308685200
-0.687500000,0.265625000,-1.12452524550,-0.702828278438
-0.671875000,0.265625000,-1.14735945004,-0.717099656272
-0.656250000,0.265625000,-1.15845109487,-0.724031934293
-0.640625000,0.265625000,-1.15914153443,-0.724463459020
-0.625000000,0.265625000,-1.15066519470,-0.719165746688
-0.609375000,0.265625000,-1.13415588268,-0.708847426672
-0.593750000,0.265625000,-1.11065302994,-0.694158143712
-0.578125000,0.265625000,-1.08110781410,-0.675692383811
-0.562500000,0.265625000,-1.04638911300,-0.653993195622
-0.546875000,0.265625000,-1.00728925826,-0.629555786409
-0.531250000,0.265625000,-0.964529563445,-0.602830977153
-0.515625000,0.265625000,-0.918765607904,-0.574228504940
-0.500000000,0.265625000,-0.870592265141,-0.544120165713
-0.484375000,0.265625000,-0.820548468486,-0.512842792804
-0.468750000,0.265625000,-0.769121710936,-0.480701069335
-0.453125000,0.265625000,-0.716752279153,-0.447970174471
-0.437500000,0.265625000,-0.663837225399,-0.414898265874
-0.421875000,0.265625000,-0.610734080864,-0.381708800540
-0.406250000,0.265625000,-0.557764318682,-0.348602699176
-0.390625000,0.265625000,-0.505216573444,-0.315760358403
-0.375000000,0.265625000,-0.453349626702,-0.283343516689
-0.359375000,0.265625000,-0.402395167753,-0.251496979846
-0.343750000,0.265625000,-0.352560341020,-0.220350213137
-0.328125000,0.265625000,-0.304030088300,-0.190018805188
-0.312500000,0.265625000,-0.256969299570,-0.160605812231
-0.296875000,0.265625000,-0.211524780369,-0.132202987730
-0.281250000,0.265625000,-0.167827048413,-0.104891905258
-0.265625000,0.265625000,-0.125991968459,-0.0787449802870
-0.250000000,0.265625000,-0.0861222370507,-0.0538263981567
-0.234375000,0.265625000,-0.0483087261885,-0.0301929538678
-0.218750000,0.265625000,-0.0126316959557,-0.00789480997231
-0.203125000,0.265625000,0.0208381149092,0.0130238218183
-0.187500000,0.265625000,0.0520385109121,0.0325240693201
-0.171875000,0.265625000,0.0809149673230,0.0505718545769
-0.156250000,0.265625000,0.107419853951,0.0671374087191
-0.140625000,0.265625000,0.131511748583,0.0821948428645
-0.125000000,0.265625000,0.153154833428,0.0957217708922
-0.109375000,0.265625000,0.172318368118,0.107698980074
-0.093750000,0.265625000,0.188976233026,0.118110145641
-0.078125000,0.265625000,0.203106539266,0.126941587041
-0.062500000,0.265625000,0.214691299162,0.134182061976
-0.046875000,0.265625000,0.223716154366,0.139822596479
-0.031250000,0.265625000,0.230170158161,0.143856348851
-0.015625000,0.265625000,0.234045608562,0.146278505351
0.000000000,0.265625000,0.235337931160,0.147086206975
0.015625000,0.265625000,0.234045608562,0.146278505351
0.031250000,0.265625000,0.230170158161,0.143856348851
0.046875000,0.265625000,0.223716154366,0.139822596479
0.062500000,0.265625000,0.214691299162,0.134182061976
0.078125000,0.265625000,0.203106539266,0.126941587041
0.093750000,0.265625000,0.188976233026,0.118110145641
0.109375000,0.265625000,0.172318368118,0.107698980074
0.125000000,0.265625000,0.153154833428,0.0957217708922
0.140625000,0.265625000,0.131511748583,0.0821948428645
0.156250000,0.265625000,0.107419853951,0.0671374087191
0.171875000,0.265625000,0.0809149673230,0.0505718545769
0.187500000,0.265625000,0.0520385109121,0.0325240693201
0.203125000,0.265625000,0.0208381149092,0.0130238218183
0.218750000,0.265625000,-0.0126316959557,-0.00789480997231
0.234375000,0.265625000,-0.0483087261885,-0.0301929538678
0.250000000,0.265625000,-0.0861222370507,-0.0538263981567
0.265625000,0.265625000,-0.125991968459,-0.0787449802870
0.281250000,0.265625000,-0.167827048413,-0.104891905258
0.296875000,0.265625000,-0.211524780369,-0.132202987730
0.312500000,0.265625000,-0.256969299570,-0.160605812231
0.328125000,0.265625000,-0.304030088300,-0.190018805188
0.343750000,0.265625000,-0.352560341020,-0.220350213137
0.359375000,0.265625000,-0.402395167753,-0.251496979846
0.375000000,0.265625000,-0.453349626702,-0.283343516689
0.390625000,0.265625000,-0.505216573444,-0.315760358403
0.406250000,0.265625000,-0.557764318682,-0.348602699176
0.421875000,0.265625000,-0.610734080864,-0.381708800540
0.437500000,0.265625000,-0.663837225399,-0.414898265874
0.453125000,0.265625000,-0.716752279153,-0.447970174471
0.468750000,0.265625000,-0.769121710936,-0.480701069335
0.484375000,0.265625000,-0.820548468486,-0.512842792804
0.500000000,0.265625000,-0.870592265141,-0.544120165713
0.515625000,0.265625000,-0.918765607904,-0.574228504940
0.531250000,0.265625000,-0.964529563445,-0.602830977153
0.546875000,0.265625000,-1.00728925826,-0.629555786409
0.562500000,0.265625000,-1.04638911300,-0.653993195622
0.578125000,0.265625000,-1.08110781410,-0.675692383811
0.593750000,0.265625000,-1.11065302994,-0.694158143712
0.609375000,0.265625000,-1.13415588268,-0.708847426672
0.625000000,0.265625000,-1.15066519470,-0.719165746688
0.640625000,0.265625000,-1.15914153443,-0.724463459020
0.656250000,0.265625000,-1.15845109487,-0.724031934293
0.671875000,0.265625000,-1.14735945004,-0.717099656272
0.687500000,0.265625000,-1.12452524550,-0.702828278438
0.703125000,0.265625000,-1.08849389632,-0.680308685200
0.718750000,0.265625000,-1.03769138191,-0.648557113693
0.734375000,0.265625000,-0.970418251236,-0.606511407022
0.750000000,0.265625000,-0.884843976951,-0.553027485595
0.765625000,0.265625000,-0.779001829320,-0.486876143325
0.781250000,0.265625000,-0.650784479936,-0.406740299960
0.796875000,0.265625000,-0.497940589108,-0.311212868192
0.812500000,0.265625000,-0.318072687924,-0.198795429953
0.828125000,0.265625000,-0.108636733123,-0.0678979582021
0.843750000,0.265625000,0.133056209121,0.0831601307006
0.859375000,0.265625000,0.410002001207,0.256251250754
0.875000000,0.265625000,0.724846781470,0.453029238418
0.890625000,0.265625000,1.08082505155,0.675515657217
0.906250000,0.265625000,1.48112393164,0.925702457277
0.921875000,0.265625000,,
0.937500000,0.265625000,,
0.953125000,0.265625000,,
0.968750000,0.265625000,,
0.984375000,0.265625000,,
1.000000000,0.265625000,,
-1.000000000,0.281250000,,
-0.984375000,0.281250000,,
-0.968750000,0.281250000,,
-0.953125000,0.281250000,,
-0.937500000,0.281250000,,
-0.921875000,0.281250000,,
-0.906250000,0.281250000,1.68731448468,1.05457155293
-0.890625000,0.281250000,1.26745095969,0.792156849804
-0.875000000,0.281250000,0.892911149025,0.558069468141
-0.859375000,0.281250000,0.560509157288,0.350318223305
-0.843750000,0.281250000,0.267156704265,0.166972940166
-0.828125000,0.281250000,0.00973172684264,0.00608232927665
-0.812500000,0.281250000,-0.214296884607,-0.133935552880
-0.796875000,0.281250000,-0.407799999997,-0.254874999998
-0.781250000,0.281250000,-0.573341953065,-0.358338720666
-0.765625000,0.281250000,-0.713342726495,-0.445839204060
-0.750000000,0.281250000,-0.830077979005,-0.518798736878
-0.734375000,0.281250000,-0.925680821343,-0.578550513340
-0.718750000,0.281250000,-1.00214494924,-0.626340593276
-0.703125000,0.281250000,-1.06132881047,-0.663330506541
-0.687500000,0.281250000,-1.10496054263,-0.690600339145
-0.671875000,0.281250000,-1.13464346317,-0.709152164481
-0.656250000,0.281250000,-1.15186193453,-0.719913709079
-0.640625000,0.281250000,-1.15798746101,-0.723742163130
-0.625000000,0.281250000,-1.15428489897,-0.721428061859
-0.609375000,0.281250000,-1.14191868668,-0.713699179174
-0.593750000,0.281250000,-1.12195901909,-0.701224386930
-0.578125000,0.281250000,-1.09538790741,-0.684617442130
-0.562500000,0.281250000,-1.06310507738,-0.664440673361
-0.546875000,0.281250000,-1.02593367155,-0.641208544717
-0.531250000,0.281250000,-0.984625727684,-0.615391079803
-0.515625000,0.281250000,-0.939867416085,-0.587417135053
-0.500000000,0.281250000,-0.892284022411,-0.557677514007
-0.484375000,0.281250000,-0.842444667783,-0.526527917364
-0.468750000,0.281250000,-0.790866763828,-0.494291727393
-0.453125000,0.281250000,-0.738020201679,-0.461262626050
-0.437500000,0.281250000,-0.684331278528,-0.427707049080
-0.421875000,0.281250000,-0.630186365399,-0.393866478374
-0.406250000,0.281250000,-0.575935323828,-0.359959577393
-0.390625000,0.281250000,-0.521894679008,-0.326184174380
-0.375000000,0.281250000,-0.468350558314,-0.292719098946
-0.359375000,0.281250000,-0.415561405270,-0.259725878294
-0.343750000,0.281250000,-0.363760479033,-0.227350299395
-0.328125000,0.281250000,-0.313158150238,-0.195723843899
-0.312500000,0.281250000,-0.263944004070,-0.164965002544
-0.296875000,0.281250000,-0.216288761453,-0.135180475908
-0.281250000,0.281250000,-0.170346029124,-0.106466268202
-0.265625000,0.281250000,-0.126253889493,-0.0789086809329
-0.250000000,0.281250000,-0.0841363408306,-0.0525852130192
-0.234375000,0.281250000,-0.0441045976053,-0.0275653735033
-0.218750000,0.281250000,-0.00625826090320,-0.00391141306450
-0.203125000,0.281250000,0.0293136308954,0.0183210193096
-0.187500000,0.281250000,0.0625316635706,0.0390822897316
-0.171875000,0.281250000,0.0933252109098,0.0583282568186
-0.156250000,0.281250000,0.121631693725,0.0760198085779
-0.140625000,0.281250000,0.147395925887,0.0921224536796
-0.125000000,0.281250000,0.170569541383,0.106605963364
-0.109375000,0.281250000,0.191110494779,0.119444059237
-0.093750000,0.281250000,0.208982630548,0.130614144093
-0.078125000,0.281250000,0.224155314949,0.140097071843
-0.062500000,0.281250000,0.236603126951,0.147876954344
-0.046875000,0.281250000,0.246305603121,0.153941001951
-0.031250000,0.281250000,0.253247033503,0.158279395939
-0.015625000,0.281250000,0.257416306095,0.160885191310
0.000000000,0.281250000,0.258806797210,0.161754248256
0.015625000,0.281250000,0.257416306095,0.160885191310
0.031250000,0.281250000,0.253247033503,0.158279395939
0.046875000,0.281250000,0.246305603121,0.153941001951
0.062500000,0.281250000,0.236603126951,0.147876954344
0.078125000,0.281250000,0.224155314949,0.140097071843
0.093750000,0.281250000,0.208982630548,0.130614144093
0.109375000,0.281250000,0.191110494779,0.119444059237
0.125000000,0.281250000,0.170569541383,0.106605963364
0.140625000,0.281250000,0.147395925887,0.0921224536796
0.156250000,0.281250000,0.121631693725,0.0760198085779
0.171875000,0.281250000,0.0933252109098,0.0583282568186
0.187500000,0.281250000,0.0625316635706,0.0390822897316
0.203125000,0.281250000,0.0293136308954,0.0183210193096
0.218750000,0.281250000,-0.00625826090320,-0.00391141306450
0.234375000,0.281250000,-0.0441045976053,-0.0275653735033
0.250000000,0.281250000,-0.0841363408306,-0.0525852130192
0.265625000,0.281250000,-0.126253889493,-0.0789086809329
0.281250000,0.281250000,-0.170346029124,-0.106466268202
0.296875000,0.281250000,-0.216288761453,-0.135180475908
0.312500000,0.281250000,-0.263944004070,-0.164965002544
0.328125000,0.281250000,-0.313158150238,-0.195723843899
0.343750000,0.281250000,-0.363760479033,-0.227350299395
0.359375000,0.281250000,-0.415561405270,-0.259725878294
0.375000000,0.281250000,-0.468350558314,-0.292719098946
0.390625000,0.281250000,-0.521894679008,-0.326184174380
0.406250000,0.281250000,-0.575935323828,-0.359959577393
0.421875000,0.281250000,-0.630186365399,-0.393866478374
0.437500000,0.281250000,-0.684331278528,-0.427707049080
0.453125000,0.281250000,-0.738020201679,-0.461262626050
0.468750000,0.281250000,-0.790866763828,-0.494291727393
0.484375000,0.281250000,-0.842444667783,-0.526527917364
0.500000000,0.281250000,-0.892284022411,-0.557677514007
0.515625000,0.281250000,-0.939867416085,-0.587417135053
0.531250000,0.281250000,-0.984625727684,-0.615391079803
0.546875000,0.281250000,-1.02593367155,-0.641208544717
0.562500000,0.281250000,-1.06310507738,-0.664440673361
0.578125000,0.281250000,-1.09538790741,-0.684617442130
0.593750000,0.281250000,-1.12195901909,-0.701224386930
0.609375000,0.281250000,-1.14191868668,-0.713699179174
0.625000000,0.281250000,-1.15428489897,-0.721428061859
0.640625000,0.281250000,-1.15798746101,-0.723742163130
0.656250000,0.281250000,-1.15186193453,-0.719913709079
0.671875000,0.281250000,-1.13464346317,-0.709152164481
0.687500000,0.281250000,-1.10496054263,-0.690600339145
0.703125000,0.281250000,-1.06132881047,-0.663330506541
0.718750000,0.281250000,-1.00214494924,-0.626340593276
0.734375000,0.281250000,-0.925680821343,-0.578550513340
0.750000000,0.281250000,-0.830077979005,-0.518798736878
0.765625000,0.281250000,-0.713342726495,-0.445839204060
0.781250000,0.281250000,-0.573341953065,-0.358338720666
0.796875000,0.281250000,-0.407799999997,-0.254874999998
0.812500000,0.281250000,-0.214296884607,-0.133935552880
0.828125000,0.281250000,0.00973172684264,0.00608232927665
0.843750000,0.281250000,0.267156704265,0.166972940166
0.859375000,0.281250000,0.560509157288,0.350318223305
0.875000000,0.281250000,0.892911149025,0.558069468141
0.890625000,0.281250000,1.26745095969,0.792156849804
0.906250000,0.281250000,1.68731448468,1.05457155293
0.921875000,0.281250000,,
0.937500000,0.281250000,,
0.953125000,0.281250000,,
0.968750000,0.281250000,,
0.984375000,0.281250000,,
1.000000000,0.281250000,,
-1.000000000,0.296875000,,
-0.984375000,0.296875000,,
-0.968750000,0.296875000,,
-0.953125000,0.296875000,,
-0.937500000,0.296875000,,
-0.921875000,0.296875000,,
-0.906250000,0.296875000,,
-0.890625000,0.296875000,1.46608937008,0.916305856299
-0.875000000,0.296875000,1.07188734157,0.669929588482
-0.859375000,0.296875000,0.720870280638,0.450543925399
-0.843750000,0.296875000,0.409947688115,0.256217305072
-0.828125000,0.296875000,0.136139069165,0.0850869182283
-0.812500000,0.296875000,-0.103560777180,-0.0647254857375
-0.796875000,0.296875000,-0.311564841091,-0.194728025682
-0.781250000,0.296875000,-0.490620364805,-0.306637728003
-0.765625000,0.296875000,-0.643169840967,-0.401981150604
-0.750000000,0.296875000,-0.771513567994,-0.482195979996
-0.734375000,0.296875000,-0.877811033755,-0.548631896097
-0.718750000,0.296875000,-0.964083725650,-0.602552328531
-0.703125000,0.296875000,-1.03221903203,-0.645136895020
-0.687500000,0.296875000,-1.08397496015,-0.677484350093
-0.671875000,0.296875000,-1.12098544389,-0.700615902431
-0.656250000,0.296875000,-1.14476605617,-0.715478785109
-0.640625000,0.296875000,-1.15671997834,-0.722949986464
-0.625000000,0.296875000,-1.15814410015,-0.723840062594
-0.609375000,0.296875000,-1.15023515626,-0.718896972665
-0.593750000,0.296875000,-1.13409581912,-0.708809886948
-0.578125000,0.296875000,-1.11074068483,-0.694212928019
-0.562500000,0.296875000,-1.08110210652,-0.675688816574
-0.546875000,0.296875000,-1.04603583514,-0.653772396965
-0.531250000,0.296875000,-1.00632644184,-0.628954026152
-0.515625000,0.296875000,-0.962692500986,-0.601682813116
-0.500000000,0.296875000,-0.915791520833,-0.572369700521
-0.484375000,0.296875000,-0.866224613035,-0.541390383147
-0.468750000,0.296875000,-0.814540897528,-0.509088060955
-0.453125000,0.296875000,-0.761241641726,-0.475776026079
-0.437500000,0.296875000,-0.706784137398,-0.441740085874
-0.421875000,0.296875000,-0.651585318582,-0.407240824114
-0.406250000,0.296875000,-0.596025128934,-0.372515705583
-0.390625000,0.296875000,-0.540449644005,-0.337781027503
-0.375000000,0.296875000,-0.485173960492,-0.303233725307
-0.359375000,0.296875000,-0.430484859416,-0.269053037135
-0.343750000,0.296875000,-0.376643255480,-0.235402034675
-0.328125000,0.296875000,-0.323886443300,-0.202429027062
-0.312500000,0.296875000,-0.272430150415,-0.170268844009
-0.296875000,0.296875000,-0.222470409512,-0.139044005945
-0.281250000,0.296875000,-0.174185259966,-0.108865787479
-0.265625000,0.296875000,-0.127736290266,-0.0798351814162
-0.250000000,0.296875000,-0.0832700313185,-0.0520437695741
-0.234375000,0.296875000,-0.0409192117513,-0.0255745073446
-0.218750000,0.296875000,-0.000803884177003,-0.000502427610627
-0.203125000,0.296875000,0.0369675660675,0.0231047287922
-0.187500000,0.296875000,0.0722975233062,0.0451859520664
-0.171875000,0.296875000,0.105098343576,0.0656864647350
-0.156250000,0.296875000,0.135291650050,0.0845572812812
-0.140625000,0.296875000,0.162807713469,0.101754820918
-0.125000000,0.296875000,0.187584910282,0.117240568927
-0.109375000,0.296875000,0.209569252805,0.130980783003
-0.093750000,0.296875000,0.228713984331,0.142946240207
-0.078125000,0.296875000,0.244979235365,0.153112022103
-0.062500000,0.296875000,0.258331734036,0.161457333773
-0.046875000,0.296875000,0.268744569383,0.167965355864
-0.031250000,0.296875000,0.276197001830,0.172623126144
-0.015625000,0.296875000,0.280674318307,0.175421448942
0.000000000,0.296875000,0.282167731282,0.176354832051
0.015625000,0.296875000,0.280674318307,0.175421448942
0.031250000,0.296875000,0.276197001830,0.172623126144
0.046875000,0.296875000,0.268744569383,0.167965355864
0.062500000,0.296875000,0.258331734036,0.161457333773
0.078125000,0.296875000,0.244979235365,0.153112022103
0.093750000,0.296875000,0.228713984331,0.142946240207
0.109375000,0.296875000,0.209569252805,0.130980783003
0.125000000,0.296875000,0.187584910282,0.117240568927
0.140625000,0.296875000,0.162807713469,0.101754820918
0.156250000,0.296875000,0.135291650050,0.0845572812812
0.171875000,0.296875000,0.105098343576,0.0656864647350
0.187500000,0.296875000,0.0722975233062,0.0451859520664
0.203125000,0.296875000,0.0369675660675,0.0231047287922
0.218750000,0.296875000,-0.000803884177003,-0.000502427610627
0.234375000,0.296875000,-0.0409192117513,-0.0255745073446
0.250000000,0.296875000,-0.0832700313185,-0.0520437695741
0.265625000,0.296875000,-0.127736290266,-0.0798351814162
0.281250000,0.296875000,-0.174185259966,-0.108865787479
0.296875000,0.296875000,-0.222470409512,-0.139044005945
0.312500000,0.296875000,-0.272430150415,-0.170268844009
0.328125000,0.296875000,-0.323886443300,-0.202429027062
0.343750000,0.296875000,-0.376643255480,-0.235402034675
0.359375000,0.296875000,-0.430484859416,-0.269053037135
0.375000000,0.296875000,-0.485173960492,-0.303233725307
0.390625000,0.296875000,-0.540449644005,-0.337781027503
0.406250000,0.296875000,-0.596025128934,-0.372515705583
0.421875000,0.296875000,-0.651585318582,-0.407240824114
0.437500000,0.296875000,-0.706784137398,-0.441740085874
0.453125000,0.296875000,-0.761241641726,-0.475776026079
0.468750000,0.296875000,-0.814540897528,-0.509088060955
0.484375000,0.296875000,-0.866224613035,-0.541390383147
0.500000000,0.296875000,-0.915791520833,-0.572369700521
0.515625000,0.296875000,-0.962692500986,-0.601682813116
0.531250000,0.296875000,-1.00632644184,-0.628954026152
0.546875000,0.296875000,-1.04603583514,-0.653772396965
0.562500000,0.296875000,-1.08110210652,-0.675688816574
0.578125000,0.296875000,-1.11074068483,-0.694212928019
0.593750000,0.296875000,-1.13409581912,-0.708809886948
0.609375000,0.296875000,-1.15023515626,-0.718896972665
0.625000000,0.296875000,-1.15814410015,-0.723840062594
0.640625000,0.296875000,-1.15671997834,-0.722949986464
0.656250000,0.296875000,-1.14476605617,-0.715478785109
0.671875000,0.296875000,-1.12098544389,-0.700615902431
0.687500000,0.296875000,-1.08397496015,-0.677484350093
0.703125000,0.296875000,-1.03221903203,-0.645136895020
0.718750000,0.296875000,-0.964083725650,-0.602552328531
0.734375000,0.296875000,-0.877811033755,-0.548631896097
0.750000000,0.296875000,-0.771513567994,-0.482195979996
0.765625000,0.296875000,-0.643169840967,-0.401981150604
0.781250000,0.296875000,-0.490620364805,-0.306637728003
0.796875000,0.296875000,-0.311564841091,-0.194728025682
0.812500000,0.296875000,-0.103560777180,-0.0647254857375
0.828125000,0.296875000,0.136139069165,0.0850869182283
0.843750000,0.296875000,0.409947688115,0.256217305072
0.859375000,0.296875000,0.720870280638,0.450543925399
0.875000000,0.296875000,1.07188734157,0.669929588482
0.890625000,0.296875000,1.46608937008,0.916305856299
0.906250000,0.296875000,,
0.921875000,0.296875000,,
0.937500000,0.296875000,,
0.953125000,0.296875000,,
0.968750000,0.296875000,,
0.984375000,0.296875000,,
1.000000000,0.296875000,,
-1.000000000,0.312500000,,
-0.984375000,0.312500000,,
-0.968750000,0.312500000,,
-0.953125000,0.312500000,,
-0.937500000,0.312500000,,
-0.921875000,0.312500000,,
-0.906250000,0.312500000,,
-0.890625000,0.312500000,1.67751299236,1.04844562022
-0.875000000,0.312500000,1.26251239660,0.789070247877
-0.859375000,0.312500000,0.891785330129,0.557365831330
-0.843750000,0.312500000,0.562242306240,0.351401441400
-0.828125000,0.312500000,0.270897185097,0.169310740685
-0.812500000,0.312500000,0.0148822630978,0.00930141443612
-0.796875000,0.312500000,-0.208689583947,-0.130430989967
-0.781250000,0.312500000,-0.402112778789,-0.251320486743
-0.765625000,0.312500000,-0.568014403160,-0.355009001975
-0.750000000,0.312500000,-0.708719562469,-0.442949726543
-0.734375000,0.312500000,-0.826414590278,-0.516509118924
-0.718750000,0.312500000,-0.923149488570,-0.576968430356
-0.703125000,0.312500000,-1.00084152385,-0.625525952405
-0.687500000,0.312500000,-1.06127969061,-0.663299806630
-0.671875000,0.312500000,-1.10612980781,-0.691331129879
-0.656250000,0.312500000,-1.13694005394,-0.710587533715
-0.640625000,0.312500000,-1.15514678592,-0.721966741201
-0.625000000,0.312500000,-1.16208051212,-0.726300320077
-0.609375000,0.312500000,-1.15897191831,-0.724357448946
-0.593750000,0.312500000,-1.14695786403,-0.716848665020
-0.578125000,0.312500000,-1.12708728401,-0.704429552504
-0.562500000,0.312500000,-1.10032694425,-0.687704340155
-0.546875000,0.312500000,-1.06756701301,-0.667229383130
-0.531250000,0.312500000,-1.02962641762,-0.643516511015
-0.515625000,0.312500000,-0.987257966772,-0.617036229232
-0.500000000,0.312500000,-0.941153221224,-0.588220763265
-0.484375000,0.312500000,-0.891947107686,-0.557466942304
-0.468750000,0.312500000,-0.840222266825,-0.525138916766
-0.453125000,0.312500000,-0.786513138499,-0.491570711562
-0.437500000,0.312500000,-0.731309783746,-0.457068614841
-0.421875000,0.312500000,-0.675061449557,-0.421913405973
-0.406250000,0.312500000,-0.618179880945,-0.386362425591
-0.390625000,0.312500000,-0.561042391108,-0.350651494442
-0.375000000,0.312500000,-0.503994695821,-0.314996684888
-0.359375000,0.312500000,-0.447353523870,-0.279595952419
-0.343750000,0.312500000,-0.391409013008,-0.244630633130
-0.328125000,0.312500000,-0.336426902875,-0.210266814297
-0.312500000,0.312500000,-0.282650536498,-0.176656585311
-0.296875000,0.312500000,-0.230302679834,-0.143939174896
-0.281250000,0.312500000,-0.179587173016,-0.112241983135
-0.265625000,0.312500000,-0.130690422613,-0.0816815141330
-0.250000000,0.312500000,-0.0837827460914,-0.0523642163072
-0.234375000,0.312500000,-0.0390195796023,-0.0243872372514
-0.218750000,0.312500000,0.00345744089414,0.00216090055884
-0.203125000,0.312500000,0.0435195164490,0.0271996977807
-0.187500000,0.312500000,0.0810498282028,0.0506561426267
-0.171875000,0.312500000,0.115942780579,0.0724642378621
-0.156250000,0.312500000,0.148103334359,0.0925645839743
-0.140625000,0.312500000,0.177446422590,0.110904014119
-0.125000000,0.312500000,0.203896441539,0.127435275962
-0.109375000,0.312500000,0.227386811351,0.142116757095
-0.093750000,0.312500000,0.247859598550,0.154912249094
-0.078125000,0.312500000,0.265265196265,0.165790747666
-0.062500000,0.312500000,0.279562056927,0.174726285579
-0.046875000,0.312500000,0.290716473167,0.181697795729
-0.031250000,0.312500000,0.298702403353,0.186689002095
-0.015625000,0.312500000,0.303501339063,0.189688336914
0.000000000,0.312500000,0.305102212058,0.190688882536
0.015625000,0.312500000,0.303501339063,0.189688336914
0.031250000,0.312500000,0.298702403353,0.186689002095
0.046875000,0.312500000,0.290716473167,0.181697795729
0.062500000,0.312500000,0.279562056927,0.174726285579
0.078125000,0.312500000,0.265265196265,0.165790747666
0.093750000,0.312500000,0.247859598550,0.154912249094
0.109375000,0.312500000,0.227386811351,0.142116757095
0.125000000,0.312500000,0.203896441539,0.127435275962
0.140625000,0.312500000,0.177446422590,0.110904014119
0.156250000,0.312500000,0.148103334359,0.0925645839743
0.171875000,0.312500000,0.115942780579,0.0724642378621
0.187500000,0.312500000,0.0810498282028,0.0506561426267
0.203125000,0.312500000,0.0435195164490,0.0271996977807
0.218750000,0.312500000,0.00345744089414,0.00216090055884
0.234375000,0.312500000,-0.0390195796023,-0.0243872372514
0.250000000,0.312500000,-0.0837827460914,-0.0523642163072
0.265625000,0.312500000,-0.130690422613,-0.0816815141330
0.281250000,0.312500000,-0.179587173016,-0.112241983135
0.296875000,0.312500000,-0.230302679834,-0.143939174896
0.312500000,0.312500000,-0.282650536498,-0.176656585311
0.328125000,0.312500000,-0.336426902875,-0.210266814297
0.343750000,0.312500000,-0.391409013008,-0.244630633130
0.359375000,0.312500000,-0.447353523870,-0.279595952419
0.375000000,0.312500000,-0.503994695821,-0.314996684888
0.390625000,0.312500000,-0.561042391108,-0.350651494442
0.406250000,0.312500000,-0.618179880945,-0.386362425591
0.421875000,0.312500000,-0.675061449557,-0.421913405973
0.437500000,0.312500000,-0.731309783746,-0.457068614841
0.453125000,0.312500000,-0.786513138499,-0.491570711562
0.468750000,0.312500000,-0.840222266825,-0.525138916766
0.484375000,0.312500000,-0.891947107686,-0.557466942304
0.500000000,0.312500000,-0.941153221224,-0.588220763265
0.515625000,0.312500000,-0.987257966772,-0.617036229232
0.531250000,0.312500000,-1.02962641762,-0.643516511015
0.546875000,0.312500000,-1.06756701301,-0.667229383130
0.562500000,0.312500000,-1.10032694425,-0.687704340155
0.578125000,0.312500000,-1.12708728401,-0.704429552504
0.593750000,0.312500000,-1.14695786403,-0.716848665020
0.609375000,0.312500000,-1.15897191831,-0.724357448946
0.625000000,0.312500000,-1.16208051212,-0.726300320077
0.640625000,0.312500000,-1.15514678592,-0.721966741201
0.656250000,0.312500000,-1.13694005394,-0.710587533715
0.671875000,0.312500000,-1.10612980781,-0.691331129879
0.687500000,0.312500000,-1.06127969061,-0.663299806630
0.703125000,0.312500000,-1.00084152385,-0.625525952405
0.718750000,0.312500000,-0.923149488570,-0.576968430356
0.734375000,0.312500000,-0.826414590278,-0.516509118924
0.750000000,0.312500000,-0.708719562469,-0.442949726543
0.765625000,0.312500000,-0.568014403160,-0.355009001975
0.781250000,0.312500000,-0.402112778789,-0.251320486743
0.796875000,0.312500000,-0.208689583947,-0.130430989967
0.812500000,0.312500000,0.0148822630978,0.00930141443612
0.828125000,0.312500000,0.270897185097,0.169310740685
0.843750000,0.312500000,0.562242306240,0.351401441400
0.859375000,0.312500000,0.891785330129,0.557365831330
0.875000000,0.312500000,1.26251239660,0.789070247877
0.890625000,0.312500000,1.67751299236,1.04844562022
0.906250000,0.312500000,,
0.921875000,0.312500000,,
0.937500000,0.312500000,,
0.953125000,0.312500000,,
0.968750000,0.312500000,,
0.984375000,0.312500000,,
1.000000000,0.312500000,,
-1.000000000,0.328125000,,
-0.984375000,0.328125000,,
-0.968750000,0.328125000,,
-0.953125000,0.328125000,,
-0.937500000,0.328125000,,
-0.921875000,0.328125000,,
-0.906250000,0.328125000,,
-0.890625000,0.328125000,,
-0.875000000,0.328125000,1.46558350291,0.915989689317
-0.859375000,0.328125000,1.07401406834,0.671258792714
-0.843750000,0.328125000,0.724761547304,0.452975967065
-0.828125000,0.328125000,0.414836996325,0.259273122703
-0.812500000,0.328125000,0.141363669457,0.0883522934104
-0.796875000,0.328125000,-0.0984115465227,-0.0615072165767
-0.781250000,0.328125000,-0.307259082249,-0.192036926406
-0.765625000,0.328125000,-0.487356458193,-0.304597786370
-0.750000000,0.328125000,-0.641215732030,-0.400759832519
-0.734375000,0.328125000,-0.771050400455,-0.481906500284
-0.718750000,0.328125000,-0.878939578701,-0.549337236688
-0.703125000,0.328125000,-0.966831246650,-0.604269529156
-0.687500000,0.328125000,-1.03654642132,-0.647841513323
-0.671875000,0.328125000,-1.08978400936,-0.681115005847
-0.656250000,0.328125000,-1.12812613812,-0.705078836323
-0.640625000,0.328125000,-1.15304379975,-0.720652374846
-0.625000000,0.328125000,-1.16590267719,-0.728689173246
-0.609375000,0.328125000,-1.16796904154,-0.729980650960
-0.593750000,0.328125000,-1.16041563756,-0.725259773472
-0.578125000,0.328125000,-1.14432748603,-0.715204678768
-0.562500000,0.328125000,-1.12070755136,-0.700442219601
-0.546875000,0.328125000,-1.09048223237,-0.681551395230
-0.531250000,0.328125000,-1.05450664451,-0.659066652820
-0.515625000,0.328125000,-1.01356967265,-0.633481045406
-0.500000000,0.328125000,-0.968398775651,-0.605249234782
-0.484375000,0.328125000,-0.919664536116,-0.574790335072
-0.468750000,0.328125000,-0.867984947955,-0.542490592472
-0.453125000,0.328125000,-0.813929440152,-0.508705900095
-0.437500000,0.328125000,-0.758022640419,-0.473764150262
-0.421875000,0.328125000,-0.700747880566,-0.437967425354
-0.406250000,0.328125000,-0.642550451448,-0.401594032155
-0.390625000,0.328125000,-0.583840614444,-0.364900384028
-0.375000000,0.328125000,-0.524996379628,-0.328122737268
-0.359375000,0.328125000,-0.466366058284,-0.291478786428
-0.343750000,0.328125000,-0.408270603035,-0.255169126897
-0.328125000,0.328125000,-0.351005744808,-0.219378590505
-0.312500000,0.328125000,-0.294843938636,-0.184277461647
-0.296875000,0.328125000,-0.240036129518,-0.150022580948
-0.281250000,0.328125000,-0.186813349402,-0.116758343376
-0.265625000,0.328125000,-0.135388157188,-0.0846175982422
-0.250000000,0.328125000,-0.0859559326835,-0.0537224579272
-0.234375000,0.328125000,-0.0386960341976,-0.0241850213735
-0.218750000,0.328125000,0.00622716827572,0.00389198017233
-0.203125000,0.328125000,0.0486633751478,0.0304146094674
-0.187500000,0.328125000,0.0884755456619,0.0552972160387
-0.171875000,0.328125000,0.125539181754,0.0784619885962
-0.156250000,0.328125000,0.159741701288,0.0998385633052
-0.140625000,0.328125000,0.190981890588,0.119363681618
-0.125000000,0.328125000,0.219169430122,0.136980893827
-0.109375000,0.328125000,0.244224485941,0.152640303713
-0.093750000,0.328125000,0.266077361117,0.166298350698
-0.078125000,0.328125000,0.284668201559,0.177917625975
-0.062500000,0.328125000,0.299946750509,0.187466719068
-0.046875000,0.328125000,0.311872148807,0.194920093004
-0.031250000,0.328125000,0.320363797284,0.200227373303
-0.015625000,0.328125000,0.325506458202,0.203441536376
0.000000000,0.328125000,0.327221955019,0.204513721887
0.015625000,0.328125000,0.325506458202,0.203441536376
0.031250000,0.328125000,0.320363797284,0.200227373303
0.046875000,0.328125000,0.311872148807,0.194920093004
0.062500000,0.328125000,0.299946750509,0.187466719068
0.078125000,0.328125000,0.284668201559,0.177917625975
0.093750000,0.328125000,0.266077361117,0.166298350698
0.109375000,0.328125000,0.244224485941,0.152640303713
0.125000000,0.328125000,0.219169430122,0.136980893827
0.140625000,0.328125000,0.190981890588,0.119363681618
0.156250000,0.328125000,0.159741701288,0.0998385633052
0.171875000,0.328125000,0.125539181754,0.0784619885962
0.187500000,0.328125000,0.0884755456619,0.0552972160387
0.203125000,0.328125000,0.0486633751478,0.0304146094674
0.218750000,0.328125000,0.00622716827572,0.00389198017233
0.234375000,0.328125000,-0.0386960341976,-0.0241850213735
0.250000000,0.328125000,-0.0859559326835,-0.0537224579272
0.265625000,0.328125000,-0.135388157188,-0.0846175982422
0.281250000,0.328125000,-0.186813349402,-0.116758343376
0.296875000,0.328125000,-0.240036129518,-0.150022580948
0.312500000,0.328125000,-0.294843938636,-0.184277461647
0.328125000,0.328125000,-0.351005744808,-0.219378590505
0.343750000,0.328125000,-0.408270603035,-0.255169126897
0.359375000,0.328125000,-0.466366058284,-0.291478786428
0.375000000,0.328125000,-0.524996379628,-0.328122737268
0.390625000,0.328125000,-0.583840614444,-0.364900384028
0.406250000,0.328125000,-0.642550451448,-0.401594032155
0.421875000,0.328125000,-0.700747880566,-0.437967425354
0.437500000,0.328125000,-0.758022640419,-0.473764150262
0.453125000,0.328125000,-0.813929440152,-0.508705900095
0.468750000,0.328125000,-0.867984947955,-0.542490592472
0.484375000,0.328125000,-0.919664536116,-0.574790335072
0.500000000,0.328125000,-0.968398775651,-0.605249234782
0.515625000,0.328125000,-1.01356967265,-0.633481045406
0.531250000,0.328125000,-1.05450664451,-0.659066652820
0.546875000,0.328125000,-1.09048223237,-0.681551395230
0.562500000,0.328125000,-1.12070755136,-0.700442219601
0.578125000,0.328125000,-1.14432748603,-0.715204678768
0.593750000,0.328125000,-1.16041563756,-0.725259773472
0.609375000,0.328125000,-1.16796904154,-0.729980650960
0.625000000,0.328125000,-1.16590267719,-0.728689173246
0.640625000,0.328125000,-1.15304379975,-0.720652374846
0.656250000,0.328125000,-1.12812613812,-0.705078836323
0.671875000,0.328125000,-1.08978400936,-0.681115005847
0.687500000,0.328125000,-1.03654642132,-0.647841513323
0.703125000,0.328125000,-0.966831246650,-0.604269529156
0.718750000,0.328125000,-0.878939578701,-0.549337236688
0.734375000,0.328125000,-0.771050400455,-0.481906500284
0.750000000,0.328125000,-0.641215732030,-0.400759832519
0.765625000,0.328125000,-0.487356458193,-0.304597786370
0.781250000,0.328125000,-0.307259082249,-0.192036926406
0.796875000,0.328125000,-0.0984115465227,-0.0615072165767
0.812500000,0.328125000,0.141363669457,0.0883522934104
0.828125000,0.328125000,0.414836996325,0.259273122703
0.843750000,0.328125000,0.724761547304,0.452975967065
0.859375000,0.328125000,1.07401406834,0.671258792714
0.875000000,0.328125000,1.46558350291,0.915989689317
0.890625000,0.328125000,,
0.906250000,0.328125000,,
0.921875000,0.328125000,,
0.937500000,0.328125000,,
0.953125000,0.328125000,,
0.968750000,0.328125000,,
0.984375000,0.328125000,,
1.000000000,0.328125000,,
-1.000000000,0.343750000,,
-0.984375000,0.343750000,,
-0.968750000,0.343750000,,
-0.953125000,0.343750000,,
-0.937500000,0.343750000,,
-0.921875000,0.343750000,,
-0.906250000,0.343750000,,
-0.890625000,0.343750000,,
-0.875000000,0.343750000,1.68195965687,1.05122478554
-0.859375000,0.343750000,1.26837801434,0.792736258964
-0.843750000,0.343750000,0.898287653373,0.561429783358
-0.828125000,0.343750000,0.568700171637,0.355437607273
-0.812500000,0.343750000,0.276732278977,0.172957674361
-0.796875000,0.343750000,0.0196184591253,0.0122615369533
-0.781250000,0.343750000,-0.205280603894,-0.128300377434
-0.765625000,0.343750000,-0.400622118137,-0.250388823836
-0.750000000,0.343750000,-0.568470030822,-0.355293769264
-0.734375000,0.343750000,-0.711227818842,-0.444517386776
-0.718750000,0.343750000,-0.831004159514,-0.519377599697
-0.703125000,0.343750000,-0.929778457926,-0.581111536204
-0.687500000,0.343750000,-1.00940468700,-0.630877929375
-0.671875000,0.343750000,-1.07161596129,-0.669759975806
-0.656250000,0.343750000,-1.11802963281,-0.698768520504
-0.640625000,0.343750000,-1.15015273615,-0.718845460092
-0.625000000,0.343750000,-1.16938764370,-0.730867277310
-0.609375000,0.343750000,-1.17703781603,-0.735648635021
-0.593750000,0.343750000,-1.17431355876,-0.733945974224
-0.578125000,0.343750000,-1.16233771191,-0.726461069941
-0.562500000,0.343750000,-1.14215121628,-0.713844510177
-0.546875000,0.343750000,-1.11471851221,-0.696699070134
-0.531250000,0.343750000,-1.08093273768,-0.675582961048
-0.515625000,0.343750000,-1.04162070188,-0.651012938678
-0.500000000,0.343750000,-0.997547616796,-0.623467260497
-0.484375000,0.343750000,-0.949421575457,-0.593388484661
-0.468750000,0.343750000,-0.897897771607,-0.561186107255
-0.453125000,0.343750000,-0.843582457667,-0.527239036042
-0.437500000,0.343750000,-0.787036643491,-0.491897902182
-0.421875000,0.343750000,-0.728779538318,-0.455487211449
-0.406250000,0.343750000,-0.669291743199,-0.418307339499
-0.390625000,0.343750000,-0.609018200961,-0.380636375601
-0.375000000,0.343750000,-0.548370912121,-0.342731820075
-0.359375000,0.343750000,-0.487731428320,-0.304832142700
-0.343750000,0.343750000,-0.427453131547,-0.267158207217
-0.328125000,0.343750000,-0.367863312316,-0.229914570198
-0.312500000,0.343750000,-0.309265057281,-0.193290660801
-0.296875000,0.343750000,-0.251938957610,-0.157461848506
-0.281250000,0.343750000,-0.196144649791,-0.122590406119
-0.265625000,0.343750000,-0.142122200949,-0.0888263755934
-0.250000000,0.343750000,-0.0900933489637,-0.0563083431023
-0.234375000,0.343750000,-0.0402626083815,-0.0251641302384
-0.218750000,0.343750000,0.00718174621315,0.00448859138322
-0.203125000,0.343750000,0.0520668108683,0.0325417567927
-0.187500000,0.343750000,0.0942342863048,0.0588964289405
-0.171875000,0.343750000,0.133539805512,0.0834623784447
-0.156250000,0.343750000,0.169852347886,0.106157717429
-0.140625000,0.343750000,0.203053730498,0.126908581561
-0.125000000,0.343750000,0.233038169125,0.145648855703
-0.109375000,0.343750000,0.259711902948,0.162319939343
-0.093750000,0.343750000,0.282992875066,0.176870546916
-0.078125000,0.343750000,0.302810464610,0.189256540381
-0.062500000,0.343750000,0.319105265371,0.199440790857
-0.046875000,0.343750000,0.331794732086,0.207371707554
-0.031250000,0.343750000,0.340922047432,0.213076279645
-0.015625000,0.343750000,0.346407777529,0.216504860956
0.000000000,0.343750000,0.348237909678,0.217648693549
0.015625000,0.343750000,0.346407777529,0.216504860956
0.031250000,0.343750000,0.340922047432,0.213076279645
0.046875000,0.343750000,0.331794732086,0.207371707554
0.062500000,0.343750000,0.319105265371,0.199440790857
0.078125000,0.343750000,0.302810464610,0.189256540381
0.093750000,0.343750000,0.282992875066,0.176870546916
0.109375000,0.343750000,0.259711902948,0.162319939343
0.125000000,0.343750000,0.233038169125,0.145648855703
0.140625000,0.343750000,0.203053730498,0.126908581561
0.156250000,0.343750000,0.169852347886,0.106157717429
0.171875000,0.343750000,0.133539805512,0.0834623784447
0.187500000,0.343750000,0.0942342863048,0.0588964289405
0.203125000,0.343750000,0.0520668108683,0.0325417567927
0.218750000,0.343750000,0.00718174621315,0.00448859138322
0.234375000,0.343750000,-0.0402626083815,-0.0251641302384
0.250000000,0.343750000,-0.0900933489637,-0.0563083431023
0.265625000,0.343750000,-0.142122200949,-0.0888263755934
0.281250000,0.343750000,-0.196144649791,-0.122590406119
0.296875000,0.343750000,-0.251938957610,-0.157461848506
0.312500000,0.343750000,-0.309265057281,-0.193290660801
0.328125000,0.343750000,-0.367863312316,-0.229914570198
0.343750000,0.343750000,-0.427453131547,-0.267158207217
0.359375000,0.343750000,-0.487731428320,-0.304832142700
0.375000000,0.343750000,-0.548370912121,-0.342731820075
0.390625000,0.343750000,-0.609018200961,-0.380636375601
0.406250000,0.343750000,-0.669291743199,-0.418307339499
0.421875000,0.343750000,-0.728779538318,-0.455487211449
0.437500000,0.343750000,-0.787036643491,-0.491897902182
0.453125000,0.343750000,-0.843582457667,-0.527239036042
0.468750000,0.343750000,-0.897897771607,-0.561186107255
0.484375000,0.343750000,-0.949421575457,-0.593388484661
0.500000000,0.343750000,-0.997547616796,-0.623467260497
0.515625000,0.343750000,-1.04162070188,-0.651012938678
0.531250000,0.343750000,-1.08093273768,-0.675582961048
0.546875000,0.343750000,-1.11471851221,-0.696699070134
0.562500000,0.343750000,-1.14215121628,-0.713844510177
0.578125000,0.343750000,-1.16233771191,-0.726461069941
0.593750000,0.343750000,-1.17431355876,-0.733945974224
0.609375000,0.343750000,-1.17703781603,-0.735648635021
0.625000000,0.343750000,-1.16938764370,-0.730867277310
0.640625000,0.343750000,-1.15015273615,-0.718845460092
0.656250000,0.343750000,-1.11802963281,-0.698768520504
0.671875000,0.343750000,-1.07161596129,-0.669759975806
0.687500000,0.343750000,-1.00940468700,-0.630877929375
0.703125000,0.343750000,-0.929778457926,-0.581111536204
0.718750000,0.343750000,-0.831004159514,-0.519377599697
0.734375000,0.343750000,-0.711227818842,-0.444517386776
0.750000000,0.343750000,-0.568470030822,-0.355293769264
0.765625000,0.343750000,-0.400622118137,-0.250388823836
0.781250000,0.343750000,-0.205280603894,-0.128300377434
0.796875000,0.343750000,0.0196184591253,0.0122615369533
0.812500000,0.343750000,0.276732278977,0.172957674361
0.828125000,0.343750000,0.568700171637,0.355437607273
0.843750000,0.343750000,0.898287653373,0.561429783358
0.859375000,0.343750000,1.26837801434,0.792736258964
0.875000000,0.343750000,1.68195965687,1.05122478554
0.890625000,0.343750000,,
0.906250000,0.343750000,,
0.921875000,0.343750000,,
0.937500000,0.343750000,,
0.953125000,0.343750000,,
0.968750000,0.343750000,,
0.984375000,0.343750000,,
1.000000000,0.343750000,,
-1.000000000,0.359375000,,
-0.984375000,0.359375000,,
-0.968750000,0.359375000,,
-0.953125000,0.359375000,,
-0.937500000,0.359375000,,
-0.921875000,0.359375000,,
-0.906250000,0.359375000,,
-0.890625000,0.359375000,,
-0.875000000,0.359375000,,
-0.859375000,0.359375000,1.47576214717,0.922351341978
-0.843750000,0.359375000,1.08366612514,0.677291328214
-0.828125000,0.359375000,0.733290992847,0.458306870529
-0.812500000,0.359375000,0.421749903127,0.263593689455
-0.796875000,0.359375000,0.146267132950,0.0914169580938
-0.781250000,0.359375000,-0.0958123547025,-0.0598827216891
-0.765625000,0.359375000,-0.307016948751,-0.191885592970
-0.750000000,0.359375000,-0.489895763431,-0.306184852145
-0.734375000,0.359375000,-0.646403786827,-0.404002366767
-0.718750000,0.359375000,-0.778843358328,-0.486777098955
-0.703125000,0.359375000,-0.889225871360,-0.555766169600
-0.687500000,0.359375000,-0.979439064897,-0.612149415561
-0.671875000,0.359375000,-1.05125127881,-0.657032049259
-0.656250000,0.359375000,-1.10631628261,-0.691447676631
-0.640625000,0.359375000,-1.14617849227,-0.716361557666
-0.625000000,0.359375000,-1.17227843007,-0.732674018797
-0.609375000,0.359375000,-1.18595830734,-0.741223942086
-0.593750000,0.359375000,-1.18846763380,-0.742792271128
-0.578125000,0.359375000,-1.18096877831,-0.738105486446
-0.562500000,0.359375000,-1.16454241898,-0.727839011862
-0.546875000,0.359375000,-1.14019283866,-0.712620524163
-0.531250000,0.359375000,-1.10885302727,-0.693033142042
-0.515625000,0.359375000,-1.07138956722,-0.669618479515
-0.500000000,0.359375000,-1.02860728223,-0.642879551395
-0.484375000,0.359375000,-0.981253637557,-0.613283523473
-0.468750000,0.359375000,-0.930022883933,-0.581264302458
-0.453125000,0.359375000,-0.875559943908,-0.547224964943
-0.437500000,0.359375000,-0.818464039767,-0.511540024854
-0.421875000,0.359375000,-0.759292066796,-0.474557541747
-0.406250000,0.359375000,-0.698561718613,-0.436601074133
-0.390625000,0.359375000,-0.636754370273,-0.397971481421
-0.375000000,0.359375000,-0.574317729466,-0.358948580916
-0.359375000,0.359375000,-0.511668265125,-0.319792665703
-0.343750000,0.359375000,-0.449193423291,-0.280745889557
-0.328125000,0.359375000,-0.387253643130,-0.242033526956
-0.312500000,0.359375000,-0.326184182221,-0.203865113888
-0.296875000,0.359375000,-0.266296765635,-0.166435478522
-0.281250000,0.359375000,-0.207881066969,-0.129925666856
-0.265625000,0.359375000,-0.151206036601,-0.0945037728756
-0.250000000,0.359375000,-0.0965210854933,-0.0603256784333
-0.234375000,0.359375000,-0.0440571369836,-0.0275357106148
-0.218750000,0.359375000,0.00597244213251,0.00373277633282
-0.203125000,0.359375000,0.0533710225665,0.0333568891041
-0.187500000,0.359375000,0.0979579939634,0.0612237462271
-0.171875000,0.359375000,0.139568138693,0.0872300866831
-0.156250000,0.359375000,0.178051088376,0.111281930235
-0.140625000,0.359375000,0.213270854940,0.133294284338
-0.125000000,0.359375000,0.245105429309,0.153190893318
-0.109375000,0.359375000,0.273446439453,0.170904024658
-0.093750000,0.359375000,0.298198862319,0.186374288949
-0.078125000,0.359375000,0.319280783323,0.199550489577
-0.062500000,0.359375000,0.336590396473,0.210368997796
-0.046875000,0.359375000,0.350153195561,0.218845747225
-0.031250000,0.359375000,0.359868675137,0.224917921961
-0.015625000,0.359375000,0.365709057342,0.228568160839
0.000000000,0.359375000,0.367657699284,0.229786062052
0.015625000,0.359375000,0.365709057342,0.228568160839
0.031250000,0.359375000,0.359868675137,0.224917921961
0.046875000,0.359375000,0.350153195561,0.218845747225
0.062500000,0.359375000,0.336590396473,0.210368997796
0.078125000,0.359375000,0.319280783323,0.199550489577
0.093750000,0.359375000,0.298198862319,0.186374288949
0.109375000,0.359375000,0.273446439453,0.170904024658
0.125000000,0.359375000,0.245105429309,0.153190893318
0.140625000,0.359375000,0.213270854940,0.133294284338
0.156250000,0.359375000,0.178051088376,0.111281930235
0.171875000,0.359375000,0.139568138693,0.0872300866831
0.187500000,0.359375000,0.0979579939634,0.0612237462271
0.203125000,0.359375000,0.0533710225665,0.0333568891041
0.218750000,0.359375000,0.00597244213251,0.00373277633282
0.234375000,0.359375000,-0.0440571369836,-0.0275357106148
0.250000000,0.359375000,-0.0965210854933,-0.0603256784333
0.265625000,0.359375000,-0.151206036601,-0.0945037728756
0.281250000,0.359375000,-0.207881066969,-0.129925666856
0.296875000,0.359375000,-0.266296765635,-0.166435478522
0.312500000,0.359375000,-0.326184182221,-0.203865113888
0.328125000,0.359375000,-0.387253643130,-0.242033526956
0.343750000,0.359375000,-0.449193423291,-0.280745889557
0.359375000,0.359375000,-0.511668265125,-0.319792665703
0.375000000,0.359375000,-0.574317729466,-0.358948580916
0.390625000,0.359375000,-0.636754370273,-0.397971481421
0.406250000,0.359375000,-0.698561718613,-0.436601074133
0.421875000,0.359375000,-0.759292066796,-0.474557541747
0.437500000,0.359375000,-0.818464039767,-0.511540024854
0.453125000,0.359375000,-0.875559943908,-0.547224964943
0.468750000,0.359375000,-0.930022883933,-0.581264302458
0.484375000,0.359375000,-0.981253637557,-0.613283523473
0.500000000,0.359375000,-1.02860728223,-0.642879551395
0.515625000,0.359375000,-1.07138956722,-0.669618479515
0.531250000,0.359375000,-1.10885302727,-0.693033142042
0.546875000,0.359375000,-1.14019283866,-0.712620524163
0.562500000,0.359375000,-1.16454241898,-0.727839011862
0.578125000,0.359375000,-1.18096877831,-0.738105486446
0.593750000,0.359375000,-1.18846763380,-0.742792271128
0.609375000,0.359375000,-1.18595830734,-0.741223942086
0.625000000,0.359375000,-1.17227843007,-0.732674018797
0.640625000,0.359375000,-1.14617849227,-0.716361557666
0.656250000,0.359375000,-1.10631628261,-0.691447676631
0.671875000,0.359375000,-1.05125127881,-0.657032049259
0.687500000,0.359375000,-0.979439064897,-0.612149415561
0.703125000,0.359375000,-0.889225871360,-0.555766169600
0.718750000,0.359375000,-0.778843358328,-0.486777098955
0.734375000,0.359375000,-0.646403786827,-0.404002366767
0.750000000,0.359375000,-0.489895763431,-0.306184852145
0.765625000,0.359375000,-0.307016948751,-0.191885592970
0.781250000,0.359375000,-0.0958123547025,-0.0598827216891
0.796875000,0.359375000,0.146267132950,0.0914169580938
0.812500000,0.359375000,0.421749903127,0.263593689455
0.828125000,0.359375000,0.733290992847,0.458306870529
0.843750000,0.359375000,1.08366612514,0.677291328214
0.859375000,0.359375000,1.47576214717,0.922351341978
0.875000000,0.359375000,,
0.890625000,0.359375000,,
0.906250000,0.359375000,,
0.921875000,0.359375000,,
0.937500000,0.359375000,,
0.953125000,0.359375000,,
0.968750000,0.359375000,,
0.984375000,0.359375000,,
1.000000000,0.359375000,,
-1.000000000,0.375000000,,
-0.984375000,0.375000000,,
-0.968750000,0.375000000,,
-0.953125000,0.375000000,,
-0.937500000,0.375000000,,
-0.921875000,0.375000000,,
-0.906250000,0.375000000,,
-0.890625000,0.375000000,,
-0.875000000,0.375000000,,
-0.859375000,0.375000000,1.69711628360,1.06069767725
-0.843750000,0.375000000,1.28180747754,0.801129673461
-0.828125000,0.375000000,0.909478420508,0.568424012818
-0.812500000,0.375000000,0.577242257502,0.360776410939
-0.796875000,0.375000000,0.282315732594,0.176447332871
-0.781250000,0.375000000,0.0220300200057,0.0137687625035
-0.765625000,0.375000000,-0.206162259988,-0.128851412493
-0.750000000,0.375000000,-0.404683082756,-0.252926926723
-0.734375000,0.375000000,-0.575979893540,-0.359987433463
-0.718750000,0.375000000,-0.721904296899,-0.451190185562
-0.703125000,0.375000000,-0.844665680356,-0.527916050222
-0.687500000,0.375000000,-0.946186210098,-0.591366381311
-0.671875000,0.375000000,-1.02827034576,-0.642668966099
-0.656250000,0.375000000,-1.09260936350,-0.682880852186
-0.640625000,0.375000000,-1.14078631447,-0.712991446546
-0.625000000,0.375000000,-1.17428126197,-0.733925788733
-0.609375000,0.375000000,-1.19447667271,-0.746547920442
-0.593750000,0.375000000,-1.20266285939,-0.751664287120
-0.578125000,0.375000000,-1.20004339355,-0.750027120971
-0.562500000,0.375000000,-1.18774042605,-0.742337766281
-0.546875000,0.375000000,-1.16679986386,-0.729249914912
-0.531250000,0.375000000,-1.13819636563,-0.711372728520
-0.515625000,0.375000000,-1.10283812852,-0.689273830325
-0.500000000,0.375000000,-1.06157144444,-0.663482152777
-0.484375000,0.375000000,-1.01518501356,-0.634490633473
-0.468750000,0.375000000,-0.964414006078,-0.602758753799
-0.453125000,0.375000000,-0.909943868729,-0.568714917956
-0.437500000,0.375000000,-0.852413876670,-0.532758672919
-0.421875000,0.375000000,-0.792420432024,-0.495262770015
-0.406250000,0.375000000,-0.730520116631,-0.456575072894
-0.390625000,0.375000000,-0.667232504268,-0.417020315167
-0.375000000,0.375000000,-0.603042742216,-0.376901713885
-0.359375000,0.375000000,-0.538403910627,-0.336502444142
-0.343750000,0.375000000,-0.473739171840,-0.296086982400
-0.328125000,0.375000000,-0.409443719995,-0.255902324997
-0.312500000,0.375000000,-0.345886541790,-0.216179088619
-0.296875000,0.375000000,-0.283412001366,-0.177132500853
-0.281250000,0.375000000,-0.222341260153,-0.138963287596
-0.265625000,0.375000000,-0.162973544608,-0.101858465380
-0.250000000,0.375000000,-0.105587270783,-0.0659920442393
-0.234375000,0.375000000,-0.0504410402606,-0.0315256501629
-0.218750000,0.375000000,0.00222548400581,0.00139092750363
-0.203125000,0.375000000,0.0521908106219,0.0326192566387
-0.187500000,0.375000000,0.0992509512897,0.0620318445561
-0.171875000,0.375000000,0.143218841933,0.0895117762081
-0.156250000,0.375000000,0.183923843592,0.114952402245
-0.140625000,0.375000000,0.221211315445,0.138257072153
-0.125000000,0.375000000,0.254942251671,0.159338907294
-0.109375000,0.375000000,0.284992975463,0.178120609665
-0.093750000,0.375000000,0.311254882095,0.194534301309
-0.078125000,0.375000000,0.333589932045,0.208493707528
-0.062500000,0.375000000,0.352031430230,0.220019643893
-0.046875000,0.375000000,0.366435273820,0.229022046138
-0.031250000,0.375000000,0.376756085474,0.235472553422
-0.015625000,0.375000000,0.382961503320,0.239350939575
0.000000000,0.375000000,0.385032130104,0.240645081315
0.015625000,0.375000000,0.382961503320,0.239350939575
0.031250000,0.375000000,0.376756085474,0.235472553422
0.046875000,0.375000000,0.366435273820,0.229022046138
0.062500000,0.375000000,0.352031430230,0.220019643893
0.078125000,0.375000000,0.333589932045,0.208493707528
0.093750000,0.375000000,0.311254882095,0.194534301309
0.109375000,0.375000000,0.284992975463,0.178120609665
0.125000000,0.375000000,0.254942251671,0.159338907294
0.140625000,0.375000000,0.221211315445,0.138257072153
0.156250000,0.375000000,0.183923843592,0.114952402245
0.171875000,0.375000000,0.143218841933,0.0895117762081
0.187500000,0.375000000,0.0992509512897,0.0620318445561
0.203125000,0.375000000,0.0521908106219,0.0326192566387
0.218750000,0.375000000,0.00222548400581,0.00139092750363
0.234375000,0.375000000,-0.0504410402606,-0.0315256501629
0.250000000,0.375000000,-0.105587270783,-0.0659920442393
0.265625000,0.375000000,-0.162973544608,-0.101858465380
0.281250000,0.375000000,-0.222341260153,-0.138963287596
0.296875000,0.375000000,-0.283412001366,-0.177132500853
0.312500000,0.375000000,-0.345886541790,-0.216179088619
0.328125000,0.375000000,-0.409443719995,-0.255902324997
0.343750000,0.375000000,-0.473739171840,-0.296086982400
0.359375000,0.375000000,-0.538403910627,-0.336502444142
0.375000000,0.375000000,-0.603042742216,-0.376901713885
0.390625000,0.375000000,-0.667232504268,-0.417020315167
0.406250000,0.375000000,-0.730520116631,-0.456575072894
0.421875000,0.375000000,-0.792420432024,-0.495262770015
0.437500000,0.375000000,-0.852413876670,-0.532758672919
0.453125000,0.375000000,-0.909943868729,-0.568714917956
0.468750000,0.375000000,-0.964414006078,-0.602758753799
0.484375000,0.375000000,-1.01518501356,-0.634490633473
0.500000000,0.375000000,-1.06157144444,-0.663482152777
0.515625000,0.375000000,-1.10283812852,-0.689273830325
0.531250000,0.375000000,-1.13819636563,-0.711372728520
0.546875000,0.375000000,-1.16679986386,-0.729249914912
0.562500000,0.375000000,-1.18774042605,-0.742337766281
0.578125000,0.375000000,-1.20004339355,-0.750027120971
0.593750000,0.375000000,-1.20266285939,-0.751664287120
0.609375000,0.375000000,-1.19447667271,-0.746547920442
0.625000000,0.375000000,-1.17428126197,-0.733925788733
0.640625000,0.375000000,-1.14078631447,-0.712991446546
0.656250000,0.375000000,-1.09260936350,-0.682880852186
0.671875000,0.375000000,-1.02827034576,-0.642668966099
0.687500000,0.375000000,-0.946186210098,-0.591366381311
0.703125000,0.375000000,-0.844665680356,-0.527916050222
0.718750000,0.375000000,-0.721904296899,-0.451190185562
0.734375000,0.375000000,-0.575979893540,-0.359987433463
0.750000000,0.375000000,-0.404683082756,-0.252926926723
0.765625000,0.375000000,-0.206162259988,-0.128851412493
0.781250000,0.375000000,0.0220300200057,0.0137687625035
0.796875000,0.375000000,0.282315732594,0.176447332871
0.812500000,0.375000000,0.577242257502,0.360776410939
0.828125000,0.375000000,0.909478420508,0.568424012818
0.843750000,0.375000000,1.28180747754,0.801129673461
0.859375000,0.375000000,1.69711628360,1.06069767725
0.875000000,0.375000000,,
0.890625000,0.375000000,,
0.906250000,0.375000000,,
0.921875000,0.375000000,,
0.937500000,0.375000000,,
0.953125000,0.375000000,,
0.968750000,0.375000000,,
0.984375000,0.375000000,,
1.000000000,0.375000000,,
-1.000000000,0.390625000,,
-0.984375000,0.390625000,,
-0.968750000,0.390625000,,
-0.953125000,0.390625000,,
-0.937500000,0.390625000,,
-0.921875000,0.390625000,,
-0.906250000,0.390625000,,
-0.890625000,0.390625000,,
-0.875000000,0.390625000,,
-0.859375000,0.390625000,,
-0.843750000,0.390625000,1.49368866585,0.933555416156
-0.828125000,0.390625000,1.09819790814,0.686373692588
-0.812500000,0.390625000,0.744101097358,0.465063185848
-0.796875000,0.390625000,0.428610666713,0.267881666696
-0.781250000,0.390625000,0.149046401308,0.0931540008175
-0.765625000,0.390625000,-0.0971563675557,-0.0607227297223
-0.750000000,0.390625000,-0.312441821205,-0.195276138253
-0.734375000,0.390625000,-0.499131310419,-0.311957069012
-0.718750000,0.390625000,-0.659578028135,-0.412236267584
-0.703125000,0.390625000,-0.795536456254,-0.497210285159
-0.687500000,0.390625000,-0.909131740045,-0.568207337528
-0.671875000,0.390625000,-1.00220520388,-0.626378252425
-0.656250000,0.390625000,-1.07648659535,-0.672804122091
-0.640625000,0.390625000,-1.13359874945,-0.708499218407
-0.625000000,0.390625000,-1.17506257507,-0.734414109419
-0.609375000,0.390625000,-1.20230222719,-0.751438891993
-0.593750000,0.390625000,-1.21665036099,-0.760406475621
-0.578125000,0.390625000,-1.21935337835,-0.762095861468
-0.562500000,0.390625000,-1.21157659980,-0.757235374873
-0.546875000,0.390625000,-1.19440930938,-0.746505818362
-0.531250000,0.390625000,-1.16886962986,-0.730543518661
-0.515625000,0.390625000,-1.13590919876,-0.709943249223
-0.500000000,0.390625000,-1.09641762273,-0.685261014207
-0.484375000,0.390625000,-1.05122669460,-0.657016684123
-0.468750000,0.390625000,-1.00111436453,-0.625696477833
-0.453125000,0.390625000,-0.946808460073,-0.591755287546
-0.437500000,0.390625000,-0.888990154331,-0.555618846457
-0.421875000,0.390625000,-0.828297184436,-0.517685740273
-0.406250000,0.390625000,-0.765326825997,-0.478329266248
-0.390625000,0.390625000,-0.700638628888,-0.437899143055
-0.375000000,0.390625000,-0.634756924304,-0.396723077690
-0.359375000,0.390625000,-0.568173111718,-0.355108194824
-0.343750000,0.390625000,-0.501347736387,-0.313342335242
-0.328125000,0.390625000,-0.434712368799,-0.271695230499
-0.312500000,0.390625000,-0.368671297831,-0.230419561145
-0.296875000,0.390625000,-0.303603048034,-0.189751905021
-0.281250000,0.390625000,-0.239861735212,-0.149913584507
-0.265625000,0.390625000,-0.177778269678,-0.111111418548
-0.250000000,0.390625000,-0.117661420690,-0.0735383879311
-0.234375000,0.390625000,-0.0597987523758,-0.0373742202348
-0.218750000,0.390625000,-0.00445744260849,-0.00278590163031
-0.203125000,0.390625000,0.0481150044784,0.0300718777990
-0.187500000,0.390625000,0.0976901420191,0.0610563387619
-0.171875000,0.390625000,0.144058050805,0.0900362817530
-0.156250000,0.390625000,0.187026886719,0.116891804200
-0.140625000,0.390625000,0.226422497177,0.141514060736
-0.125000000,0.390625000,0.262088097912,0.163805061195
-0.109375000,0.390625000,0.293884003477,0.183677502173
-0.093750000,0.390625000,0.321687404278,0.201054627674
-0.078125000,0.390625000,0.345355765206,0.215847353254
-0.062500000,0.390625000,0.364893552191,0.228058470119
-0.046875000,0.390625000,0.380159003279,0.237599377049
-0.031250000,0.390625000,0.391100044547,0.244437527842
-0.015625000,0.390625000,0.397679520538,0.248549700336
0.000000000,0.390625000,0.399875153592,0.249921970995
0.015625000,0.390625000,0.397679520538,0.248549700336
0.031250000,0.390625000,0.391100044547,0.244437527842
0.046875000,0.390625000,0.380159003279,0.237599377049
0.062500000,0.390625000,0.364893552191,0.228058470119
0.078125000,0.390625000,0.345355765206,0.215847353254
0.093750000,0.390625000,0.321687404278,0.201054627674
0.109375000,0.390625000,0.293884003477,0.183677502173
0.125000000,0.390625000,0.262088097912,0.163805061195
0.140625000,0.390625000,0.226422497177,0.141514060736
0.156250000,0.390625000,0.187026886719,0.116891804200
0.171875000,0.390625000,0.144058050805,0.0900362817530
0.187500000,0.390625000,0.0976901420191,0.0610563387619
0.203125000,0.390625000,0.0481150044784,0.0300718777990
0.218750000,0.390625000,-0.00445744260849,-0.00278590163031
0.234375000,0.390625000,-0.0597987523758,-0.0373742202348
0.250000000,0.390625000,-0.117661420690,-0.0735383879311
0.265625000,0.390625000,-0.177778269678,-0.111111418548
0.281250000,0.390625000,-0.239861735212,-0.149913584507
0.296875000,0.390625000,-0.303603048034,-0.189751905021
0.312500000,0.390625000,-0.368671297831,-0.230419561145
0.328125000,0.390625000,-0.434712368799,-0.271695230499
0.343750000,0.390625000,-0.501347736387,-0.313342335242
0.359375000,0.390625000,-0.568173111718,-0.355108194824
0.375000000,0.390625000,-0.634756924304,-0.396723077690
0.390625000,0.390625000,-0.700638628888,-0.437899143055
0.406250000,0.390625000,-0.765326825997,-0.478329266248
0.421875000,0.390625000,-0.828297184436,-0.517685740273
0.437500000,0.390625000,-0.888990154331,-0.555618846457
0.453125000,0.390625000,-0.946808460073,-0.591755287546
0.468750000,0.390625000,-1.00111436453,-0.625696477833
0.484375000,0.390625000,-1.05122669460,-0.657016684123
0.500000000,0.390625000,-1.09641762273,-0.685261014207
0.515625000,0.390625000,-1.13590919876,-0.709943249223
0.531250000,0.390625000,-1.16886962986,-0.730543518661
0.546875000,0.390625000,-1.19440930938,-0.746505818362
0.562500000,0.390625000,-1.21157659980,-0.757235374873
0.578125000,0.390625000,-1.21935337835,-0.762095861468
0.593750000,0.390625000,-1.21665036099,-0.760406475621
0.609375000,0.390625000,-1.20230222719,-0.751438891993
0.625000000,0.390625000,-1.17506257507,-0.734414109419
0.640625000,0.390625000,-1.13359874945,-0.708499218407
0.656250000,0.390625000,-1.07648659535,-0.672804122091
0.671875000,0.390625000,-1.00220520388,-0.626378252425
0.687500000,0.390625000,-0.909131740045,-0.568207337528
0.703125000,0.390625000,-0.795536456254,-0.497210285159
0.718750000,0.390625000,-0.659578028135,-0.412236267584
0.734375000,0.390625000,-0.499131310419,-0.311957069012
0.750000000,0.390625000,-0.312441821205,-0.195276138253
0.765625000,0.390625000,-0.0971563675557,-0.0607227297223
0.781250000,0.390625000,0.149046401308,0.0931540008175
0.796875000,0.390625000,0.428610666713,0.267881666696
0.812500000,0.390625000,0.744101097358,0.465063185848
0.828125000,0.390625000,1.09819790814,0.686373692588
0.843750000,0.390625000,1.49368866585,0.933555416156
0.859375000,0.390625000,,
0.875000000,0.390625000,,
0.890625000,0.390625000,,
0.906250000,0.390625000,,
0.921875000,0.390625000,,
0.937500000,0.390625000,,
0.953125000,0.390625000,,
0.968750000,0.390625000,,
0.984375000,0.390625000,,
1.000000000,0.390625000,,
-1.000000000,0.406250000,,
-0.984375000,0.406250000,,
-0.968750000,0.406250000,,
-0.953125000,0.406250000,,
-0.937500000,0.406250000,,
-0.921875000,0.406250000,,
-0.906250000,0.406250000,,
-0.890625000,0.406250000,,
-0.875000000,0.406250000,,
-0.859375000,0.406250000,,
-0.843750000,0.406250000,1.72035408455,1.07522130284
-0.828125000,0.406250000,1.30045287954,0.812783049713
-0.812500000,0.406250000,0.923286096659,0.577053810412
-0.796875000,0.406250000,0.586065708882,0.366291068051
-0.781250000,0.406250000,0.286103048420,0.178814405263
-0.765625000,0.406250000,0.0208183193569,0.0130114495980
-0.750000000,0.406250000,-0.212253363544,-0.132658352215
-0.734375000,0.406250000,-0.415458712774,-0.259661695484
-0.718750000,0.406250000,-0.591025208335,-0.369390755209
-0.703125000,0.406250000,-0.741061768151,-0.463163605094
-0.687500000,0.406250000,-0.867706979307,-0.542316862067
-0.671875000,0.406250000,-0.972536274534,-0.607835171583
-0.656250000,0.406250000,-1.05747686019,-0.660923037619
-0.640625000,0.406250000,-1.12419237817,-0.702620236354
-0.625000000,0.406250000,-1.17424577953,-0.733903612209
-0.609375000,0.406250000,-1.20910425210,-0.755690157563
-0.593750000,0.406250000,-1.23014425877,-0.768840161734
-0.578125000,0.406250000,-1.23865659711,-0.774160373195
-0.562500000,0.406250000,-1.23585140507,-0.772407128170
-0.546875000,0.406250000,-1.22286305604,-0.764289410025
-0.531250000,0.406250000,-1.20075489987,-0.750471812419
-0.515625000,0.406250000,-1.17052381583,-0.731577384894
-0.500000000,0.406250000,-1.13310455310,-0.708190345689
-0.484375000,0.406250000,-1.08937384190,-0.680858651189
-0.468750000,0.406250000,-1.04015426485,-0.650096415533
-0.453125000,0.406250000,-0.986217882442,-0.616386176526
-0.437500000,0.406250000,-0.928289610152,-0.580181006345
-0.421875000,0.406250000,-0.867050350458,-0.541906469037
-0.406250000,0.406250000,-0.803139882390,-0.501962426494
-0.390625000,0.406250000,-0.737159516086,-0.460724697553
-0.375000000,0.406250000,-0.669674519952,-0.418546574970
-0.359375000,0.406250000,-0.601216330092,-0.375760206308
-0.343750000,0.406250000,-0.532284552014,-0.332677845009
-0.328125000,0.406250000,-0.463348766392,-0.289592978995
-0.312500000,0.406250000,-0.394850149407,-0.246781343379
-0.296875000,0.406250000,-0.327202920744,-0.204501825465
-0.281250000,0.406250000,-0.260795629636,-0.162997268523
-0.265625000,0.406250000,-0.195992292244,-0.122495182652
-0.250000000,0.406250000,-0.133133391950,-0.0832083699689
-0.234375000,0.406250000,-0.0725367529826,-0.0453354706141
-0.218750000,0.406250000,-0.0144982997286,-0.00906143733036
-0.203125000,0.406250000,0.0407072875797,0.0254420547373
-0.187500000,0.406250000,0.0928260108445,0.0580162567778
-0.171875000,0.406250000,0.141624075742,0.0885150473385
-0.156250000,0.406250000,0.186887487679,0.116804679799
-0.140625000,0.406250000,0.228421713003,0.142763570627
-0.125000000,0.406250000,0.266051397564,0.166282123477
-0.109375000,0.406250000,0.299620135867,0.187262584917
-0.093750000,0.406250000,0.328990281956,0.205618926223
-0.078125000,0.406250000,0.354006933895,0.221254333684
-0.062500000,0.406250000,0.374662338105,0.234163961316
-0.046875000,0.406250000,0.390806381448,0.244253988405
-0.031250000,0.406250000,0.402379996508,0.251487497818
-0.015625000,0.406250000,0.409341022102,0.255838138814
0.000000000,0.406250000,0.411664172769,0.257290107981
0.015625000,0.406250000,0.409341022102,0.255838138814
0.031250000,0.406250000,0.402379996508,0.251487497818
0.046875000,0.406250000,0.390806381448,0.244253988405
0.062500000,0.406250000,0.374662338105,0.234163961316
0.078125000,0.406250000,0.354006933895,0.221254333684
0.093750000,0.406250000,0.328990281956,0.205618926223
0.109375000,0.406250000,0.299620135867,0.187262584917
0.125000000,0.406250000,0.266051397564,0.166282123477
0.140625000,0.406250000,0.228421713003,0.142763570627
0.156250000,0.406250000,0.186887487679,0.116804679799
0.171875000,0.406250000,0.141624075742,0.0885150473385
0.187500000,0.406250000,0.0928260108445,0.0580162567778
0.203125000,0.406250000,0.0407072875797,0.0254420547373
0.218750000,0.406250000,-0.0144982997286,-0.00906143733036
0.234375000,0.406250000,-0.0725367529826,-0.0453354706141
0.250000000,0.406250000,-0.133133391950,-0.0832083699689
0.265625000,0.406250000,-0.195992292244,-0.122495182652
0.281250000,0.406250000,-0.260795629636,-0.162997268523
0.296875000,0.406250000,-0.327202920744,-0.204501825465
0.312500000,0.406250000,-0.394850149407,-0.246781343379
0.328125000,0.406250000,-0.463348766392,-0.289592978995
0.343750000,0.406250000,-0.532284552014,-0.332677845009
0.359375000,0.406250000,-0.601216330092,-0.375760206308
0.375000000,0.406250000,-0.669674519952,-0.418546574970
0.390625000,0.406250000,-0.737159516086,-0.460724697553
0.406250000,0.406250000,-0.803139882390,-0.501962426494
0.421875000,0.406250000,-0.867050350458,-0.541906469037
0.437500000,0.406250000,-0.928289610152,-0.580181006345
0.453125000,0.406250000,-0.986217882442,-0.616386176526
0.468750000,0.406250000,-1.04015426485,-0.650096415533
0.484375000,0.406250000,-1.08937384190,-0.680858651189
0.500000000,0.406250000,-1.13310455310,-0.708190345689
0.515625000,0.406250000,-1.17052381583,-0.731577384894
0.531250000,0.406250000,-1.20075489987,-0.750471812419
0.546875000,0.406250000,-1.22286305604,-0.764289410025
0.562500000,0.406250000,-1.23585140507,-0.772407128170
0.578125000,0.406250000,-1.23865659711,-0.774160373195
0.593750000,0.406250000,-1.23014425877,-0.768840161734
0.609375000,0.406250000,-1.20910425210,-0.755690157563
0.625000000,0.406250000,-1.17424577953,-0.733903612209
0.640625000,0.406250000,-1.12419237817,-0.702620236354
0.656250000,0.406250000,-1.05747686019,-0.660923037619
0.671875000,0.406250000,-0.972536274534,-0.607835171583
0.687500000,0.406250000,-0.867706979307,-0.542316862067
0.703125000,0.406250000,-0.741061768151,-0.463163605094
0.718750000,0.406250000,-0.591025208335,-0.369390755209
0.734375000,0.406250000,-0.415458712774,-0.259661695484
0.750000000,0.406250000,-0.212253363544,-0.132658352215
0.765625000,0.406250000,0.0208183193569,0.0130114495980
0.781250000,0.406250000,0.286103048420,0.178814405263
0.796875000,0.406250000,0.586065708882,0.366291068051
0.812500000,0.406250000,0.923286096659,0.577053810412
0.828125000,0.406250000,1.30045287954,0.812783049713
0.843750000,0.406250000,1.72035408455,1.07522130284
0.859375000,0.406250000,,
0.875000000,0.406250000,,
0.890625000,0.406250000,,
0.906250000,0.406250000,,
0.921875000,0.406250000,,
0.937500000,0.406250000,,
0.953125000,0.406250000,,
0.968750000,0.406250000,,
0.984375000,0.406250000,,
1.000000000,0.406250000,,
-1.000000000,0.421875000,,
-0.984375000,0.421875000,,
-0.968750000,0.421875000,,
-0.953125000,0.421875000,,
-0.937500000,0.421875000,,
-0.921875000,0.421875000,,
-0.906250000,0.421875000,,
-0.890625000,0.421875000,,
-0.875000000,0.421875000,,
-0.859375000,0.421875000,,
-0.843750000,0.421875000,,
-0.828125000,0.421875000,1.51731576662,0.948322354138
-0.812500000,0.421875000,1.11582638058,0.697391487864
-0.796875000,0.421875000,0.755663947414,0.472289967134
-0.781250000,0.421875000,0.434134899670,0.271334312294
-0.765625000,0.421875000,0.148647002960,0.0929043768503
-0.750000000,0.421875000,-0.103283376639,-0.0645521103996
-0.734375000,0.421875000,-0.324026982205,-0.202516863878
-0.718750000,0.421875000,-0.515839744502,-0.322399840314
-0.703125000,0.421875000,-0.680862727670,-0.425539204794
-0.687500000,0.421875000,-0.821123528665,-0.513202205415
-0.671875000,0.421875000,-0.938688925949,-0.586680578718
-0.656250000,0.421875000,-1.03505673660,-0.646910460372
-0.640625000,0.421875000,-1.11209433653,-0.695058960330
-0.625000000,0.421875000,-1.17140778790,-0.732129867439
-0.609375000,0.421875000,-1.21450854510,-0.759067840690
-0.593750000,0.421875000,-1.24281825273,-0.776761407955
-0.578125000,0.421875000,-1.25767359256,-0.786045995350
-0.562500000,0.421875000,-1.26033110227,-0.787706938916
-0.546875000,0.421875000,-1.25197190394,-0.782482439966
-0.531250000,0.421875000,-1.23370629413,-0.771066433828
-0.515625000,0.421875000,-1.20657815974,-0.754111349835
-0.500000000,0.421875000,-1.17156919248,-0.732230745300
-0.484375000,0.421875000,-1.12960288309,-0.706001801932
-0.468750000,0.421875000,-1.08154828290,-0.675967676811
-0.453125000,0.421875000,-1.02822352574,-0.642639703586
-0.437500000,0.421875000,-0.970399106763,-0.606499441727
-0.421875000,0.421875000,-0.908800919900,-0.568000574938
-0.406250000,0.421875000,-0.844113056902,-0.527570660564
-0.390625000,0.421875000,-0.776980373564,-0.485612733477
-0.375000000,0.421875000,-0.708010832604,-0.442506770378
-0.359375000,0.421875000,-0.637777629626,-0.398611018516
-0.343750000,0.421875000,-0.566821115102,-0.354263196939
-0.328125000,0.421875000,-0.495650521427,-0.309781575892
-0.312500000,0.421875000,-0.424745507189,-0.265465941993
-0.296875000,0.421875000,-0.354557530743,-0.221598456714
-0.281250000,0.421875000,-0.285511064973,-0.178444415608
-0.265625000,0.421875000,-0.218004664639,-0.136252915399
-0.250000000,0.421875000,-0.152411898836,-0.0952574367726
-0.234375000,0.421875000,-0.0890821606894,-0.0556763504309
-0.218750000,0.421875000,-0.0283413635704,-0.0177133522315
-0.203125000,0.421875000,0.0295074621417,0.0184421638385
-0.187500000,0.421875000,0.0841836641088,0.0526147900680
-0.171875000,0.421875000,0.135428543171,0.0846428394818
-0.156250000,0.421875000,0.183004998967,0.114378124354
-0.140625000,0.421875000,0.226697238792,0.141685774245
-0.125000000,0.421875000,0.266310539446,0.166444087154
-0.109375000,0.421875000,0.301671055601,0.188544409750
-0.093750000,0.421875000,0.332625667057,0.207891041910
-0.078125000,0.421875000,0.358999299272,0.224374562045
-0.062500000,0.421875000,0.380788509739,0.237992818587
-0.046875000,0.421875000,0.397824136731,0.248640085457
-0.031250000,0.421875000,0.410039819835,0.256274887397
-0.015625000,0.421875000,0.417388177540,0.260867610963
0.000000000,0.421875000,0.419840787707,0.262400492317
0.015625000,0.421875000,0.417388177540,0.260867610963
0.031250000,0.421875000,0.410039819835,0.256274887397
0.046875000,0.421875000,0.397824136731,0.248640085457
0.062500000,0.421875000,0.380788509739,0.237992818587
0.078125000,0.421875000,0.358999299272,0.224374562045
0.093750000,0.421875000,0.332625667057,0.207891041910
0.109375000,0.421875000,0.301671055601,0.188544409750
0.125000000,0.421875000,0.266310539446,0.166444087154
0.140625000,0.421875000,0.226697238792,0.141685774245
0.156250000,0.421875000,0.183004998967,0.114378124354
0.171875000,0.421875000,0.135428543171,0.0846428394818
0.187500000,0.421875000,0.0841836641088,0.0526147900680
0.203125000,0.421875000,0.0295074621417,0.0184421638385
0.218750000,0.421875000,-0.0283413635704,-0.0177133522315
0.234375000,0.421875000,-0.0890821606894,-0.0556763504309
0.250000000,0.421875000,-0.152411898836,-0.0952574367726
0.265625000,0.421875000,-0.218004664639,-0.136252915399
0.281250000,0.421875000,-0.285511064973,-0.178444415608
0.296875000,0.421875000,-0.354557530743,-0.221598456714
0.312500000,0.421875000,-0.424745507189,-0.265465941993
0.328125000,0.421875000,-0.495650521427,-0.309781575892
0.343750000,0.421875000,-0.566821115102,-0.354263196939
0.359375000,0.421875000,-0.637777629626,-0.398611018516
0.375000000,0.421875000,-0.708010832604,-0.442506770378
0.390625000,0.421875000,-0.776980373564,-0.485612733477
0.406250000,0.421875000,-0.844113056902,-0.527570660564
0.421875000,0.421875000,-0.908800919900,-0.568000574938
0.437500000,0.421875000,-0.970399106763,-0.606499441727
0.453125000,0.421875000,-1.02822352574,-0.642639703586
0.468750000,0.421875000,-1.08154828290,-0.675967676811
0.484375000,0.421875000,-1.12960288309,-0.706001801932
0.500000000,0.421875000,-1.17156919248,-0.732230745300
0.515625000,0.421875000,-1.20657815974,-0.754111349835
0.531250000,0.421875000,-1.23370629413,-0.771066433828
0.546875000,0.421875000,-1.25197190394,-0.782482439966
0.562500000,0.421875000,-1.26033110227,-0.787706938916
0.578125000,0.421875000,-1.25767359256,-0.786045995350
0.593750000,0.421875000,-1.24281825273,-0.776761407955
0.609375000,0.421875000,-1.21450854510,-0.759067840690
0.625000000,0.421875000,-1.17140778790,-0.732129867439
0.640625000,0.421875000,-1.11209433653,-0.695058960330
0.656250000,0.421875000,-1.03505673660,-0.646910460372
0.671875000,0.421875000,-0.938688925949,-0.586680578718
0.687500000,0.421875000,-0.821123528665,-0.513202205415
0.703125000,0.421875000,-0.680862727670,-0.425539204794
0.718750000,0.421875000,-0.515839744502,-0.322399840314
0.734375000,0.421875000,-0.324026982205,-0.202516863878
0.750000000,0.421875000,-0.103283376639,-0.0645521103996
0.765625000,0.421875000,0.148647002960,0.0929043768503
0.781250000,0.421875000,0.434134899670,0.271334312294
0.796875000,0.421875000,0.755663947414,0.472289967134
0.812500000,0.421875000,1.11582638058,0.697391487864
0.828125000,0.421875000,1.51731576662,0.948322354138
0.843750000,0.421875000,,
0.859375000,0.421875000,,
0.875000000,0.421875000,,
0.890625000,0.421875000,,
0.906250000,0.421875000,,
0.921875000,0.421875000,,
0.937500000,0.421875000,,
0.953125000,0.421875000,,
0.968750000,0.421875000,,
0.984375000,0.421875000,,
1.000000000,0.421875000,,
-1.000000000,0.437500000,,
-0.984375000,0.437500000,,
-0.968750000,0.437500000,,
-0.953125000,0.437500000,,
-0.937500000,0.437500000,,
-0.921875000,0.437500000,,
-0.906250000,0.437500000,,
-0.890625000,0.437500000,,
-0.875000000,0.437500000,,
-0.859375000,0.437500000,,
-0.843750000,0.437500000,,
-0.828125000,0.437500000,,
-0.812500000,0.437500000,1.32282160037,0.826763500233
-0.796875000,0.437500000,0.938459376101,0.586537110063
-0.781250000,0.437500000,0.594147599424,0.371342249640
-0.765625000,0.437500000,0.287284893037,0.179553058148
-0.750000000,0.437500000,0.0153713505874,0.00960709411712
-0.734375000,0.437500000,-0.223986022783,-0.139991264239
-0.718750000,0.437500000,-0.433070423129,-0.270669014456
-0.703125000,0.437500000,-0.614054380646,-0.383783987904
-0.687500000,0.437500000,-0.769000473162,-0.480625295726
-0.671875000,0.437500000,-0.899863259957,-0.562414537473
-0.656250000,0.437500000,-1.00864686715,-0.630404291968
-0.640625000,0.437500000,-1.09677863810,-0.685486648812
-0.625000000,0.437500000,-1.16607531183,-0.728797069893
-0.609375000,0.437500000,-1.21809371271,-0.761308570443
-0.593750000,0.437500000,-1.25430192775,-0.783938704841
-0.578125000,0.437500000,-1.27608391597,-0.797552447478
-0.562500000,0.437500000,-1.28474411716,-0.802965073225
-0.546875000,0.437500000,-1.28151199307,-0.800944995668
-0.531250000,0.437500000,-1.26754644980,-0.792216531127
-0.515625000,0.437500000,-1.24394010051,-0.777462562821
-0.500000000,0.437500000,-1.21172334081,-0.757327088005
-0.484375000,0.437500000,-1.17186821344,-0.732417633398
-0.468750000,0.437500000,-1.12529204976,-0.703307531099
-0.453125000,0.437500000,-1.07286087801,-0.670538048755
-0.437500000,0.437500000,-1.01539259525,-0.634620372032
-0.421875000,0.437500000,-0.953659902602,-0.596037439126
-0.406250000,0.437500000,-0.888393006092,-0.555245628807
-0.390625000,0.437500000,-0.820282089117,-0.512676305698
-0.375000000,0.437500000,-0.749979564068,-0.468737227543
-0.359375000,0.437500000,-0.678102110026,-0.423813818766
-0.343750000,0.437500000,-0.605232509552,-0.378270318470
-0.328125000,0.437500000,-0.531921292396,-0.332450807747
-0.312500000,0.437500000,-0.458688199869,-0.286680124918
-0.296875000,0.437500000,-0.386023479831,-0.241264674895
-0.281250000,0.437500000,-0.314389025867,-0.196493141167
-0.265625000,0.437500000,-0.244219371578,-0.152637107236
-0.250000000,0.437500000,-0.175922552483,-0.109951595302
-0.234375000,0.437500000,-0.109880847343,-0.0686755295894
-0.218750000,0.437500000,-0.0464514100300,-0.0290321312687
-0.203125000,0.437500000,0.0140331967321,0.00877074795757
-0.187500000,0.437500000,0.0712645545454,0.0445403465909
-0.171875000,0.437500000,0.124958020884,0.0780987630523
-0.156250000,0.437500000,0.174852427259,0.109282767037
-0.140625000,0.437500000,0.220709836206,0.137943647629
-0.125000000,0.437500000,0.262315348770,0.163947092981
-0.109375000,0.437500000,0.299476954096,0.187173096310
-0.093750000,0.437500000,0.332025414312,0.207515883945
-0.078125000,0.437500000,0.359814178029,0.224883861268
-0.062500000,0.437500000,0.382689206665,0.239180754166
-0.046875000,0.437500000,0.400624982192,0.250390613870
-0.031250000,0.437500000,0.413489067869,0.258430667418
-0.015625000,0.437500000,0.421228645004,0.263267903128
0.000000000,0.437500000,0.423812025004,0.264882515628
0.015625000,0.437500000,0.421228645004,0.263267903128
0.031250000,0.437500000,0.413489067869,0.258430667418
0.046875000,0.437500000,0.400624982192,0.250390613870
0.062500000,0.437500000,0.382689206665,0.239180754166
0.078125000,0.437500000,0.359814178029,0.224883861268
0.093750000,0.437500000,0.332025414312,0.207515883945
0.109375000,0.437500000,0.299476954096,0.187173096310
0.125000000,0.437500000,0.262315348770,0.163947092981
0.140625000,0.437500000,0.220709836206,0.137943647629
0.156250000,0.437500000,0.174852427259,0.109282767037
0.171875000,0.437500000,0.124958020884,0.0780987630523
0.187500000,0.437500000,0.0712645545454,0.0445403465909
0.203125000,0.437500000,0.0140331967321,0.00877074795757
0.218750000,0.437500000,-0.0464514100300,-0.0290321312687
0.234375000,0.437500000,-0.109880847343,-0.0686755295894
0.250000000,0.437500000,-0.175922552483,-0.109951595302
0.265625000,0.437500000,-0.244219371578,-0.152637107236
0.281250000,0.437500000,-0.314389025867,-0.196493141167
0.296875000,0.437500000,-0.386023479831,-0.241264674895
0.312500000,0.437500000,-0.458688199869,-0.286680124918
0.328125000,0.437500000,-0.531921292396,-0.332450807747
0.343750000,0.437500000,-0.605232509552,-0.378270318470
0.359375000,0.437500000,-0.678102110026,-0.423813818766
0.375000000,0.437500000,-0.749979564068,-0.468737227543
0.390625000,0.437500000,-0.820282089117,-0.512676305698
0.406250000,0.437500000,-0.888393006092,-0.555245628807
0.421875000,0.437500000,-0.953659902602,-0.596037439126
0.437500000,0.437500000,-1.01539259525,-0.634620372032
0.453125000,0.437500000,-1.07286087801,-0.670538048755
0.468750000,0.437500000,-1.12529204976,-0.703307531099
0.484375000,0.437500000,-1.17186821344,-0.732417633398
0.500000000,0.437500000,-1.21172334081,-0.757327088005
0.515625000,0.437500000,-1.24394010051,-0.777462562821
0.531250000,0.437500000,-1.26754644980,-0.792216531127
0.546875000,0.437500000,-1.28151199307,-0.800944995668
0.562500000,0.437500000,-1.28474411716,-0.802965073225
0.578125000,0.437500000,-1.27608391597,-0.797552447478
0.593750000,0.437500000,-1.25430192775,-0.783938704841
0.609375000,0.437500000,-1.21809371271,-0.761308570443
0.625000000,0.437500000,-1.16607531183,-0.728797069893
0.640625000,0.437500000,-1.09677863810,-0.685486648812
0.656250000,0.437500000,-1.00864686715,-0.630404291968
0.671875000,0.437500000,-0.899863259957,-0.562414537473
0.687500000,0.437500000,-0.769000473162,-0.480625295726
0.703125000,0.437500000,-0.614054380646,-0.383783987904
0.718750000,0.437500000,-0.433070423129,-0.270669014456
0.734375000,0.437500000,-0.223986022783,-0.139991264239
0.750000000,0.437500000,0.0153713505874,0.00960709411712
0.765625000,0.437500000,0.287284893037,0.179553058148
0.781250000,0.437500000,0.594147599424,0.371342249640
0.796875000,0.437500000,0.938459376101,0.586537110063
0.812500000,0.437500000,1.32282160037,0.826763500233
0.828125000,0.437500000,,
0.843750000,0.437500000,,
0.859375000,0.437500000,,
0.875000000,0.437500000,,
0.890625000,0.437500000,,
0.906250000,0.437500000,,
0.921875000,0.437500000,,
0.937500000,0.437500000,,
0.953125000,0.437500000,,
0.968750000,0.437500000,,
0.984375000,0.437500000,,
1.000000000,0.437500000,,
-1.000000000,0.453125000,,
-0.984375000,0.453125000,,
-0.968750000,0.453125000,,
-0.953125000,0.453125000,,
-0.937500000,0.453125000,,
-0.921875000,0.453125000,,
-0.906250000,0.453125000,,
-0.890625000,0.453125000,,
-0.875000000,0.453125000,,
-0.859375000,0.453125000,,
-0.843750000,0.453125000,,
-0.828125000,0.453125000,,
-0.812500000,0.453125000,1.54544241523,0.965901509517
-0.796875000,0.453125000,1.13557800502,0.709736253140
-0.781250000,0.453125000,0.767219148111,0.479511967569
-0.765625000,0.453125000,0.437759316172,0.273599572607
-0.750000000,0.453125000,0.144685405963,0.0904283787267
-0.734375000,0.453125000,-0.114415534084,-0.0715097088025
-0.718750000,0.453125000,-0.341852334942,-0.213657709339
-0.703125000,0.453125000,-0.539827928878,-0.337392455549
-0.687500000,0.453125000,-0.710439293868,-0.444024558667
-0.671875000,0.453125000,-0.855678734475,-0.534799209047
-0.656250000,0.453125000,-0.977436183788,-0.610897614867
-0.640625000,0.453125000,-1.07750226601,-0.673438916254
-0.625000000,0.453125000,-1.15772094789,-0.723575592433
-0.609375000,0.453125000,-1.21938721832,-0.762117011453
-0.593750000,0.453125000,-1.26417678416,-0.790110490098
-0.578125000,0.453125000,-1.29352215892,-0.808451349324
-0.562500000,0.453125000,-1.30877708749,-0.817985679681
-0.546875000,0.453125000,-1.31122087808,-0.819513048803
-0.531250000,0.453125000,-1.30206263690,-0.813789148064
-0.515625000,0.453125000,-1.28244536196,-0.801528351225
-0.500000000,0.453125000,-1.25344986279,-0.783406164241
-0.484375000,0.453125000,-1.21609848337,-0.760061552104
-0.468750000,0.453125000,-1.17135861092,-0.732099131826
-0.453125000,0.453125000,-1.12014596049,-0.700091225305
-0.437500000,0.453125000,-1.06332763019,-0.664579768868
-0.421875000,0.453125000,-1.00172492564,-0.626078078527
-0.406250000,0.453125000,-0.936115954934,-0.585072471834
-0.390625000,0.453125000,-0.867238000395,-0.542023750247
-0.375000000,0.453125000,-0.795789671829,-0.497368544893
-0.359375000,0.453125000,-0.722432851326,-0.451520532079
-0.343750000,0.453125000,-0.647794438171,-0.404871523857
-0.328125000,0.453125000,-0.572467905242,-0.357792440776
-0.312500000,0.453125000,-0.497014677940,-0.310634173713
-0.296875000,0.453125000,-0.421965346746,-0.263728341716
-0.281250000,0.453125000,-0.347820727118,-0.217387954448
-0.265625000,0.453125000,-0.275052776481,-0.171907985301
-0.250000000,0.453125000,-0.204105382171,-0.127565863857
-0.234375000,0.453125000,-0.135395031750,-0.0846218948440
-0.218750000,0.453125000,-0.0693113767986,-0.0433196104992
-0.203125000,0.453125000,-0.00621770172570,-0.00388606357857
-0.187500000,0.453125000,0.0535486914503,0.0334679321565
-0.171875000,0.453125000,0.109676172274,0.0685476076714
-0.156250000,0.453125000,0.161878534683,0.101174084177
-0.140625000,0.453125000,0.209894805210,0.131184253256
-0.125000000,0.453125000,0.253489096993,0.158430685621
-0.109375000,0.453125000,0.292450502774,0.182781564234
-0.093750000,0.453125000,0.326593018042,0.204120636276
-0.078125000,0.453125000,0.355755489621,0.222347181013
-0.062500000,0.453125000,0.379749788844,0.237343618028
-0.046875000,0.453125000,0.398589399490,0.249118374681
-0.031250000,0.453125000,0.412104739305,0.257565462066
-0.015625000,0.453125000,0.420237334329,0.262648333955
0.000000000,0.453125000,0.422952098042,0.264345061276
0.015625000,0.453125000,0.420237334329,0.262648333955
0.031250000,0.453125000,0.412104739305,0.257565462066
0.046875000,0.453125000,0.398589399490,0.249118374681
0.062500000,0.453125000,0.379749788844,0.237343618028
0.078125000,0.453125000,0.355755489621,0.222347181013
0.093750000,0.453125000,0.326593018042,0.204120636276
0.109375000,0.453125000,0.292450502774,0.182781564234
0.125000000,0.453125000,0.253489096993,0.158430685621
0.140625000,0.453125000,0.209894805210,0.131184253256
0.156250000,0.453125000,0.161878534683,0.101174084177
0.171875000,0.453125000,0.109676172274,0.0685476076714
0.187500000,0.453125000,0.0535486914503,0.0334679321565
0.203125000,0.453125000,-0.00621770172570,-0.00388606357857
0.218750000,0.453125000,-0.0693113767986,-0.0433196104992
0.234375000,0.453125000,-0.135395031750,-0.0846218948440
0.250000000,0.453125000,-0.204105382171,-0.127565863857
0.265625000,0.453125000,-0.275052776481,-0.171907985301
0.281250000,0.453125000,-0.347820727118,-0.217387954448
0.296875000,0.453125000,-0.421965346746,-0.263728341716
0.312500000,0.453125000,-0.497014677940,-0.310634173713
0.328125000,0.453125000,-0.572467905242,-0.357792440776
0.343750000,0.453125000,-0.647794438171,-0.404871523857
0.359375000,0.453125000,-0.722432851326,-0.451520532079
0.375000000,0.453125000,-0.795789671829,-0.497368544893
0.390625000,0.453125000,-0.867238000395,-0.542023750247
0.406250000,0.453125000,-0.936115954934,-0.585072471834
0.421875000,0.453125000,-1.00172492564,-0.626078078527
0.437500000,0.453125000,-1.06332763019,-0.664579768868
0.453125000,0.453125000,-1.12014596049,-0.700091225305
0.468750000,0.453125000,-1.17135861092,-0.732099131826
0.484375000,0.453125000,-1.21609848337,-0.760061552104
0.500000000,0.453125000,-1.25344986279,-0.783406164241
0.515625000,0.453125000,-1.28244536196,-0.801528351225
0.531250000,0.453125000,-1.30206263690,-0.813789148064
0.546875000,0.453125000,-1.31122087808,-0.819513048803
0.562500000,0.453125000,-1.30877708749,-0.817985679681
0.578125000,0.453125000,-1.29352215892,-0.808451349324
0.593750000,0.453125000,-1.26417678416,-0.790110490098
0.609375000,0.453125000,-1.21938721832,-0.762117011453
0.625000000,0.453125000,-1.15772094789,-0.723575592433
0.640625000,0.453125000,-1.07750226601,-0.673438916254
0.656250000,0.453125000,-0.977436183788,-0.610897614867
0.671875000,0.453125000,-0.855678734475,-0.534799209047
0.687500000,0.453125000,-0.710439293868,-0.444024558667
0.703125000,0.453125000,-0.539827928878,-0.337392455549
0.718750000,0.453125000,-0.341852334942,-0.213657709339
0.734375000,0.453125000,-0.114415534084,-0.0715097088025
0.750000000,0.453125000,0.144685405963,0.0904283787267
0.765625000,0.453125000,0.437759316172,0.273599572607
0.781250000,0.453125000,0.767219148111,0.479511967569
0.796875000,0.453125000,1.13557800502,0.709736253140
0.812500000,0.453125000,1.54544241523,0.965901509517
0.828125000,0.453125000,,
0.843750000,0.453125000,,
0.859375000,0.453125000,,
0.875000000,0.453125000,,
0.890625000,0.453125000,,
0.906250000,0.453125000,,
0.921875000,0.453125000,,
0.937500000,0.453125000,,
0.953125000,0.453125000,,
0.968750000,0.453125000,,
0.984375000,0.453125000,,
1.000000000,0.453125000,,
-1.000000000,0.468750000,,
-0.984375000,0.468750000,,
-0.968750000,0.468750000,,
-0.953125000,0.468750000,,
-0.937500000,0.468750000,,
-0.921875000,0.468750000,,
-0.906250000,0.468750000,,
-0.890625000,0.468750000,,
-0.875000000,0.468750000,,
-0.859375000,0.468750000,,
-0.843750000,0.468750000,,
-0.828125000,0.468750000,,
-0.812500000,0.468750000,,
-0.796875000,0.468750000,1.34821834426,0.842636465164
-0.781250000,0.468750000,0.954501043968,0.596563152480
-0.765625000,0.468750000,0.601171424099,0.375732140062
-0.750000000,0.468750000,0.285706948145,0.178566842591
-0.734375000,0.468750000,0.00567759709983,0.00354849818739
-0.718750000,0.468750000,-0.241248950981,-0.150780594363
-0.703125000,0.468750000,-0.457304523072,-0.285815326920
-0.687500000,0.468750000,-0.644619532104,-0.402887207565
-0.671875000,0.468750000,-0.805223526497,-0.503264704060
-0.656250000,0.468750000,-0.941046868763,-0.588154292977
-0.640625000,0.468750000,-1.05392326524,-0.658702040776
-0.625000000,0.468750000,-1.14559292029,-0.715995575179
-0.609375000,0.468750000,-1.21770612766,-0.761066329787
-0.593750000,0.468750000,-1.27197200882,-0.794982505514
-0.578125000,0.468750000,-1.30957369288,-0.818483558049
-0.562500000,0.468750000,-1.33207058968,-0.832544118550
-0.546875000,0.468750000,-1.34079325735,-0.837995785845
-0.531250000,0.468750000,-1.33700250473,-0.835626565458
-0.515625000,0.468750000,-1.32189329645,-0.826183310280
-0.500000000,0.468750000,-1.29659850172,-0.810374063572
-0.484375000,0.468750000,-1.26219245965,-0.788870287281
-0.468750000,0.468750000,-1.21969434266,-0.762308964162
-0.453125000,0.468750000,-1.17007130582,-0.731294566140
-0.437500000,0.468750000,-1.11424141479,-0.696400884243
-0.421875000,0.468750000,-1.05307634991,-0.658172718696
-0.406250000,0.468750000,-0.987403887266,-0.617127429541
-0.390625000,0.468750000,-0.918010161470,-0.573756350919
-0.375000000,0.468750000,-0.845641714219,-0.528526071387
-0.359375000,0.468750000,-0.771007338772,-0.481879586732
-0.343750000,0.468750000,-0.694779728259,-0.434237330162
-0.328125000,0.468750000,-0.617596938656,-0.385998086660
-0.312500000,0.468750000,-0.540063677366,-0.337539798354
-0.296875000,0.468750000,-0.462752429276,-0.289220268298
-0.281250000,0.468750000,-0.386204432103,-0.241377770065
-0.265625000,0.468750000,-0.310930513264,-0.194331570790
-0.250000000,0.468750000,-0.237411799449,-0.148382374656
-0.234375000,0.468750000,-0.166100312728,-0.103812695455
-0.218750000,0.468750000,-0.0974194629287,-0.0608871643304
-0.203125000,0.468750000,-0.0317644488215,-0.0198527805134
-0.187500000,0.468750000,0.0304974217910,0.0190608886194
-0.171875000,0.468750000,0.0890264816222,0.0556415510139
-0.156250000,0.468750000,0.143510513775,0.0896940711093
-0.140625000,0.468750000,0.193664612942,0.121040383089
-0.125000000,0.468750000,0.239231088357,0.149519430223
-0.109375000,0.468750000,0.280090156620,0.175056347887
-0.093750000,0.468750000,0.315814365405,0.197383978378
-0.078125000,0.468750000,0.346341088509,0.216463180318
-0.062500000,0.468750000,0.371521083500,0.232200677188
-0.046875000,0.468750000,0.391232217345,0.244520135840
-0.031250000,0.468750000,0.405335853363,0.253334908352
-0.015625000,0.468750000,0.413860424543,0.258662765340
0.000000000,0.468750000,0.416706239868,0.260441399918
0.015625000,0.468750000,0.413860424543,0.258662765340
0.031250000,0.468750000,0.405335853363,0.253334908352
0.046875000,0.468750000,0.391232217345,0.244520135840
0.062500000,0.468750000,0.371521083500,0.232200677188
0.078125000,0.468750000,0.346341088509,0.216463180318
0.093750000,0.468750000,0.315814365405,0.197383978378
0.109375000,0.468750000,0.280090156620,0.175056347887
0.125000000,0.468750000,0.239231088357,0.149519430223
0.140625000,0.468750000,0.193664612942,0.121040383089
0.156250000,0.468750000,0.143510513775,0.0896940711093
0.171875000,0.468750000,0.0890264816222,0.0556415510139
0.187500000,0.468750000,0.0304974217910,0.0190608886194
0.203125000,0.468750000,-0.0317644488215,-0.0198527805134
0.218750000,0.468750000,-0.0974194629287,-0.0608871643304
0.234375000,0.468750000,-0.166100312728,-0.103812695455
0.250000000,0.468750000,-0.237411799449,-0.148382374656
0.265625000,0.468750000,-0.310930513264,-0.194331570790
0.281250000,0.468750000,-0.386204432103,-0.241377770065
0.296875000,0.468750000,-0.462752429276,-0.289220268298
0.312500000,0.468750000,-0.540063677366,-0.337539798354
0.328125000,0.468750000,-0.617596938656,-0.385998086660
0.343750000,0.468750000,-0.694779728259,-0.434237330162
0.359375000,0.468750000,-0.771007338772,-0.481879586732
0.375000000,0.468750000,-0.845641714219,-0.528526071387
0.390625000,0.468750000,-0.918010161470,-0.573756350919
0.406250000,0.468750000,-0.987403887266,-0.617127429541
0.421875000,0.468750000,-1.05307634991,-0.658172718696
0.437500000,0.468750000,-1.11424141479,-0.696400884243
0.453125000,0.468750000,-1.17007130582,-0.731294566140
0.468750000,0.468750000,-1.21969434266,-0.762308964162
0.484375000,0.468750000,-1.26219245965,-0.788870287281
0.500000000,0.468750000,-1.29659850172,-0.810374063572
0.515625000,0.468750000,-1.32189329645,-0.826183310280
0.531250000,0.468750000,-1.33700250473,-0.835626565458
0.546875000,0.468750000,-1.34079325735,-0.837995785845
0.562500000,0.468750000,-1.33207058968,-0.832544118550
0.578125000,0.468750000,-1.30957369288,-0.818483558049
0.593750000,0.468750000,-1.27197200882,-0.794982505514
0.609375000,0.468750000,-1.21770612766,-0.761066329787
0.625000000,0.468750000,-1.14559292029,-0.715995575179
0.640625000,0.468750000,-1.05392326524,-0.658702040776
0.656250000,0.468750000,-0.941046868763,-0.588154292977
0.671875000,0.468750000,-0.805223526497,-0.503264704060
0.687500000,0.468750000,-0.644619532104,-0.402887207565
0.703125000,0.468750000,-0.457304523072,-0.285815326920
0.718750000,0.468750000,-0.241248950981,-0.150780594363
0.734375000,0.468750000,0.00567759709983,0.00354849818739
0.750000000,0.468750000,0.285706948145,0.178566842591
0.765625000,0.468750000,0.601171424099,0.375732140062
0.781250000,0.468750000,0.954501043968,0.596563152480
0.796875000,0.468750000,1.34821834426,0.842636465164
0.812500000,0.468750000,,
0.828125000,0.468750000,,
0.843750000,0.468750000,,
0.859375000,0.468750000,,
0.875000000,0.468750000,,
0.890625000,0.468750000,,
0.906250000,0.468750000,,
0.921875000,0.468750000,,
0.937500000,0.468750000,,
0.953125000,0.468750000,,
0.968750000,0.468750000,,
0.984375000,0.468750000,,
1.000000000,0.468750000,,
-1.000000000,0.484375000,,
-0.984375000,0.484375000,,
-0.968750000,0.484375000,,
-0.953125000,0.484375000,,
-0.937500000,0.484375000,,
-0.921875000,0.484375000,,
-0.906250000,0.484375000,,
-0.890625000,0.484375000,,
-0.875000000,0.484375000,,
-0.859375000,0.484375000,,
-0.843750000,0.484375000,,
-0.828125000,0.484375000,,
-0.812500000,0.484375000,,
-0.796875000,0.484375000,,
-0.781250000,0.484375000,1.15721875881,0.723261724257
-0.765625000,0.484375000,0.778697359995,0.486685849997
-0.750000000,0.484375000,0.439559470079,0.274724668799
-0.734375000,0.484375000,0.137361575617,0.0858509847603
-0.718750000,0.484375000,-0.130249401713,-0.0814058760708
-0.703125000,0.484375000,-0.365532163599,-0.228457602250
-0.687500000,0.484375000,-0.570649148933,-0.356655718083
-0.671875000,0.484375000,-0.747666262720,-0.467291414200
-0.656250000,0.484375000,-0.898553855289,-0.561596159555
-0.640625000,0.484375000,-1.02518865447,-0.640742909044
-0.625000000,0.484375000,-1.12935640661,-0.705847754133
-0.609375000,0.484375000,-1.21275502455,-0.757971890347
-0.593750000,0.484375000,-1.27699808218,-0.798123801360
-0.578125000,0.484375000,-1.32377013728,-0.827356335801
-0.562500000,0.484375000,-1.35421456012,-0.846384100078
-0.546875000,0.484375000,-1.36987636710,-0.856172729436
-0.531250000,0.484375000,-1.37206946367,-0.857543414796
-0.515625000,0.484375000,-1.36204227017,-0.851276418854
-0.500000000,0.484375000,-1.34098128032,-0.838113300200
-0.484375000,0.484375000,-1.31001445282,-0.818759033014
-0.468750000,0.484375000,-1.27021441535,-0.793884009594
-0.453125000,0.484375000,-1.22260146531,-0.764125915818
-0.437500000,0.484375000,-1.16814635887,-0.730091474295
-0.421875000,0.484375000,-1.10777288464,-0.692358052898
-0.406250000,0.484375000,-1.04236022180,-0.651475138627
-0.390625000,0.484375000,-0.972745084516,-0.607965677822
-0.375000000,0.484375000,-0.899723659307,-0.562327287067
-0.359375000,0.484375000,-0.824053341428,-0.515033338392
-0.343750000,0.484375000,-0.746454280584,-0.466533925365
-0.328125000,0.484375000,-0.667610744475,-0.417256715297
-0.312500000,0.484375000,-0.588172311916,-0.367607694947
-0.296875000,0.484375000,-0.508754906954,-0.317971816846
-0.281250000,0.484375000,-0.429941685738,-0.268713553586
-0.265625000,0.484375000,-0.352283788141,-0.220177367588
-0.250000000,0.484375000,-0.276300966110,-0.172688103819
-0.234375000,0.484375000,-0.202482101079,-0.126551313174
-0.218750000,0.484375000,-0.131285622060,-0.0820535137874
-0.203125000,0.484375000,-0.0631398355472,-0.0394623972170
-0.187500000,0.484375000,0.00155682130505,0.000973013315657
-0.171875000,0.484375000,0.0625441961297,0.0390901225811
-0.156250000,0.484375000,0.119261830140,0.0745386438377
-0.140625000,0.484375000,0.171513130163,0.107195706352
-0.125000000,0.484375000,0.219017750351,0.136886093969
-0.109375000,0.484375000,0.261524754989,0.163452971868
-0.093750000,0.484375000,0.298812623924,0.186757889953
-0.078125000,0.484375000,0.330689274071,0.206680796294
-0.062500000,0.484375000,0.356992089999,0.223120056250
-0.046875000,0.484375000,0.377587959096,0.235992474435
-0.031250000,0.484375000,0.392373306068,0.245233316293
-0.015625000,0.484375000,0.401274124107,0.250796327567
0.000000000,0.484375000,0.404245998917,0.252653749323
0.015625000,0.484375000,0.401274124107,0.250796327567
0.031250000,0.484375000,0.392373306068,0.245233316293
0.046875000,0.484375000,0.377587959096,0.235992474435
0.062500000,0.484375000,0.356992089999,0.223120056250
0.078125000,0.484375000,0.330689274071,0.206680796294
0.093750000,0.484375000,0.298812623924,0.186757889953
0.109375000,0.484375000,0.261524754989,0.163452971868
0.125000000,0.484375000,0.219017750351,0.136886093969
0.140625000,0.484375000,0.171513130163,0.107195706352
0.156250000,0.484375000,0.119261830140,0.0745386438377
0.171875000,0.484375000,0.0625441961297,0.0390901225811
0.187500000,0.484375000,0.00155682130505,0.000973013315657
0.203125000,0.484375000,-0.0631398355472,-0.0394623972170
0.218750000,0.484375000,-0.131285622060,-0.0820535137874
0.234375000,0.484375000,-0.202482101079,-0.126551313174
0.250000000,0.484375000,-0.276300966110,-0.172688103819
0.265625000,0.484375000,-0.352283788141,-0.220177367588
0.281250000,0.484375000,-0.429941685738,-0.268713553586
0.296875000,0.484375000,-0.508754906954,-0.317971816846
0.312500000,0.484375000,-0.588172311916,-0.367607694947
0.328125000,0.484375000,-0.667610744475,-0.417256715297
0.343750000,0.484375000,-0.746454280584,-0.466533925365
0.359375000,0.484375000,-0.824053341428,-0.515033338392
0.375000000,0.484375000,-0.899723659307,-0.562327287067
0.390625000,0.484375000,-0.972745084516,-0.607965677822
0.406250000,0.484375000,-1.04236022180,-0.651475138627
0.421875000,0.484375000,-1.10777288464,-0.692358052898
0.437500000,0.484375000,-1.16814635887,-0.730091474295
0.453125000,0.484375000,-1.22260146531,-0.764125915818
0.468750000,0.484375000,-1.27021441535,-0.793884009594
0.484375000,0.484375000,-1.31001445282,-0.818759033014
0.500000000,0.484375000,-1.34098128032,-0.838113300200
0.515625000,0.484375000,-1.36204227017,-0.851276418854
0.531250000,0.484375000,-1.37206946367,-0.857543414796
0.546875000,0.484375000,-1.36987636710,-0.856172729436
0.562500000,0.484375000,-1.35421456012,-0.846384100078
0.578125000,0.484375000,-1.32377013728,-0.827356335801
0.593750000,0.484375000,-1.27699808218,-0.798123801360
0.609375000,0.484375000,-1.21275502455,-0.757971890347
0.625000000,0.484375000,-1.12935640661,-0.705847754133
0.640625000,0.484375000,-1.02518865447,-0.640742909044
0.656250000,0.484375000,-0.898553855289,-0.561596159555
0.671875000,0.484375000,-0.747666262720,-0.467291414200
0.687500000,0.484375000,-0.570649148933,-0.356655718083
0.703125000,0.484375000,-0.365532163599,-0.228457602250
0.718750000,0.484375000,-0.130249401713,-0.0814058760708
0.734375000,0.484375000,0.137361575617,0.0858509847603
0.750000000,0.484375000,0.439559470079,0.274724668799
0.765625000,0.484375000,0.778697359995,0.486685849997
0.781250000,0.484375000,1.15721875881,0.723261724257
0.796875000,0.484375000,,
0.812500000,0.484375000,,
0.828125000,0.484375000,,
0.843750000,0.484375000,,
0.859375000,0.484375000,,
0.875000000,0.484375000,,
0.890625000,0.484375000,,
0.906250000,0.484375000,,
0.921875000,0.484375000,,
0.937500000,0.484375000,,
0.953125000,0.484375000,,
0.968750000,0.484375000,,
0.984375000,0.484375000,,
1.000000000,0.484375000,,
-1.000000000,0.500000000,,
-0.984375000,0.500000000,,
-0.968750000,0.500000000,,
-0.953125000,0.500000000,,
-0.937500000,0.500000000,,
-0.921875000,0.500000000,,
-0.906250000,0.500000000,,
-0.890625000,0.500000000,,
-0.875000000,0.500000000,,
-0.859375000,0.500000000,,
-0.843750000,0.500000000,,
-0.828125000,0.500000000,,
-0.812500000,0.500000000,,
-0.796875000,0.500000000,,
-0.781250000,0.500000000,1.37667135312,0.860419595698
-0.765625000,0.500000000,0.971588710196,0.607242943872
-0.750000000,0.500000000,0.607442979791,0.379651862369
-0.734375000,0.500000000,0.281781510752,0.176113444220
-0.718750000,0.500000000,-0.00776611601892,-0.00485382251182
-0.703125000,0.500000000,-0.263482866391,-0.164676791494
-0.687500000,0.500000000,-0.487561283120,-0.304725801950
-0.671875000,0.500000000,-0.682102294152,-0.426313933845
-0.656250000,0.500000000,-0.849115407883,-0.530697129927
-0.640625000,0.500000000,-0.990519974412,-0.619074984008
-0.625000000,0.500000000,-1.10814725030,-0.692592031439
-0.609375000,0.500000000,-1.20374305039,-0.752339406493
-0.593750000,0.500000000,-1.27897081037,-0.799356756480
-0.578125000,0.500000000,-1.33541491875,-0.834634324218
-0.562500000,0.500000000,-1.37458420192,-0.859115126199
-0.546875000,0.500000000,-1.39806505758,-0.873790660989
-0.531250000,0.500000000,-1.40691771736,-0.879323573347
-0.515625000,0.500000000,-1.40260466761,-0.876627917255
-0.500000000,0.500000000,-1.38636749293,-0.866479683083
-0.484375000,0.500000000,-1.35938931103,-0.849618319394
-0.468750000,0.500000000,-1.32279780045,-0.826748625282
-0.453125000,0.500000000,-1.27766803870,-0.798542524188
-0.437500000,0.500000000,-1.22502514010,-0.765640712565
-0.421875000,0.500000000,-1.16584668767,-0.728654179792
-0.406250000,0.500000000,-1.10106495699,-0.688165598116
-0.390625000,0.500000000,-1.03156893429,-0.644730583934
-0.375000000,0.500000000,-0.958206133827,-0.598878833642
-0.359375000,0.500000000,-0.881784218284,-0.551115136428
-0.343750000,0.500000000,-0.803072435506,-0.501920272191
-0.328125000,0.500000000,-0.722802875495,-0.451751797184
-0.312500000,0.500000000,-0.641671562996,-0.401044726872
-0.296875000,0.500000000,-0.560339394168,-0.350212121355
-0.281250000,0.500000000,-0.479432929477,-0.299645580923
-0.265625000,0.500000000,-0.399545056412,-0.249715660258
-0.250000000,0.500000000,-0.321235531565,-0.200772207228
-0.234375000,0.500000000,-0.245031416072,-0.153144635045
-0.218750000,0.500000000,-0.171319955367,-0.107074972105
-0.203125000,0.500000000,-0.100783903856,-0.0629899399097
-0.187500000,0.500000000,-0.0337406941848,-0.0210879338655
-0.171875000,0.500000000,0.0294107360903,0.0183817100564
-0.156250000,0.500000000,0.0883031824064,0.0551894890040
-0.140625000,0.500000000,0.142601146204,0.0891257163775
-0.125000000,0.500000000,0.192000842071,0.120000526294
-0.109375000,0.500000000,0.236230229096,0.147643893185
-0.093750000,0.500000000,0.275049060610,0.171905662881
-0.078125000,0.500000000,0.308248944163,0.192655590102
-0.062500000,0.500000000,0.335653406272,0.209783378920
-0.046875000,0.500000000,0.357117956076,0.223198722547
-0.031250000,0.500000000,0.372530144073,0.232831340046
-0.015625000,0.500000000,0.381809611334,0.238631007084
0.000000000,0.500000000,0.384908126937,0.240567579336
0.015625000,0.500000000,0.381809611334,0.238631007084
0.031250000,0.500000000,0.372530144073,0.232831340046
0.046875000,0.500000000,0.357117956076,0.223198722547
0.062500000,0.500000000,0.335653406272,0.209783378920
0.078125000,0.500000000,0.308248944163,0.192655590102
0.093750000,0.500000000,0.275049060610,0.171905662881
0.109375000,0.500000000,0.236230229096,0.147643893185
0.125000000,0.500000000,0.192000842071,0.120000526294
0.140625000,0.500000000,0.142601146204,0.0891257163775
0.156250000,0.500000000,0.0883031824064,0.0551894890040
0.171875000,0.500000000,0.0294107360903,0.0183817100564
0.187500000,0.500000000,-0.0337406941848,-0.0210879338655
0.203125000,0.500000000,-0.100783903856,-0.0629899399097
0.218750000,0.500000000,-0.171319955367,-0.107074972105
0.234375000,0.500000000,-0.245031416072,-0.153144635045
0.250000000,0.500000000,-0.321235531565,-0.200772207228
0.265625000,0.500000000,-0.399545056412,-0.249715660258
0.281250000,0.500000000,-0.479432929477,-0.299645580923
0.296875000,0.500000000,-0.560339394168,-0.350212121355
0.312500000,0.500000000,-0.641671562996,-0.401044726872
0.328125000,0.500000000,-0.722802875495,-0.451751797184
0.343750000,0.500000000,-0.803072435506,-0.501920272191
0.359375000,0.500000000,-0.881784218284,-0.551115136428
0.375000000,0.500000000,-0.958206133827,-0.598878833642
0.390625000,0.500000000,-1.03156893429,-0.644730583934
0.406250000,0.500000000,-1.10106495699,-0.688165598116
0.421875000,0.500000000,-1.16584668767,-0.728654179792
0.437500000,0.500000000,-1.22502514010,-0.765640712565
0.453125000,0.500000000,-1.27766803870,-0.798542524188
0.468750000,0.500000000,-1.32279780045,-0.826748625282
0.484375000,0.500000000,-1.35938931103,-0.849618319394
0.500000000,0.500000000,-1.38636749293,-0.866479683083
0.515625000,0.500000000,-1.40260466761,-0.876627917255
0.531250000,0.500000000,-1.40691771736,-0.879323573347
0.546875000,0.500000000,-1.39806505758,-0.873790660989
0.562500000,0.500000000,-1.37458420192,-0.859115126199
0.578125000,0.500000000,-1.33541491875,-0.834634324218
0.593750000,0.500000000,-1.27897081037,-0.799356756480
0.609375000,0.500000000,-1.20374305039,-0.752339406493
0.625000000,0.500000000,-1.10814725030,-0.692592031439
0.640625000,0.500000000,-0.990519974412,-0.619074984008
0.656250000,0.500000000,-0.849115407883,-0.530697129927
0.671875000,0.500000000,-0.682102294152,-0.426313933845
0.687500000,0.500000000,-0.487561283120,-0.304725801950
0.703125000,0.500000000,-0.263482866391,-0.164676791494
0.718750000,0.500000000,-0.00776611601892,-0.00485382251182
0.734375000,0.500000000,0.281781510752,0.176113444220
0.750000000,0.500000000,0.607442979791,0.379651862369
0.765625000,0.500000000,0.971588710196,0.607242943872
0.781250000,0.500000000,1.37667135312,0.860419595698
0.796875000,0.500000000,,
0.812500000,0.500000000,,
0.828125000,0.500000000,,
0.843750000,0.500000000,,
0.859375000,0.500000000,,
0.875000000,0.500000000,,
0.890625000,0.500000000,,
0.906250000,0.500000000,,
0.921875000,0.500000000,,
0.937500000,0.500000000,,
0.953125000,0.500000000,,
0.968750000,0.500000000,,
0.984375000,0.500000000,,
1.000000000,0.500000000,,
-1.000000000,0.515625000,,
-0.984375000,0.515625000,,
-0.968750000,0.515625000,,
-0.953125000,0.515625000,,
-0.937500000,0.515625000,,
-0.921875000,0.515625000,,
-0.906250000,0.515625000,,
-0.890625000,0.515625000,,
-0.875000000,0.515625000,,
-0.859375000,0.515625000,,
-0.843750000,0.515625000,,
-0.828125000,0.515625000,,
-0.812500000,0.515625000,,
-0.796875000,0.515625000,,
-0.781250000,0.515625000,,
-0.765625000,0.515625000,1.18117202965,0.738232518531
-0.750000000,0.515625000,0.790634406334,0.494146503959
-0.734375000,0.515625000,0.440160593637,0.275100371023
-0.718750000,0.515625000,0.127367029332,0.0796043933323
-0.703125000,0.515625000,-0.150050226313,-0.0937813914458
-0.687500000,0.515625000,-0.394311305744,-0.246444566090
-0.671875000,0.515625000,-0.607550310722,-0.379718944201
-0.656250000,0.515625000,-0.791814627618,-0.494884142261
-0.640625000,0.515625000,-0.949065436646,-0.593165897904
-0.625000000,0.515625000,-1.08117913023,-0.675736956394
-0.609375000,0.515625000,-1.18994940697,-0.743718379354
-0.593750000,0.515625000,-1.27708985137,-0.798181157105
-0.578125000,0.515625000,-1.34423684495,-0.840148028097
-0.562500000,0.515625000,-1.39295268092,-0.870595425576
-0.546875000,0.515625000,-1.42472878506,-0.890455490662
-0.531250000,0.515625000,-1.44098895922,-0.900618099513
-0.515625000,0.515625000,-1.44324153498,-0.902025959361
-0.500000000,0.515625000,-1.43247830451,-0.895298940321
-0.484375000,0.515625000,-1.41009698987,-0.881310618669
-0.468750000,0.515625000,-1.37728182522,-0.860801140764
-0.453125000,0.515625000,-1.33516422692,-0.834477641828
-0.437500000,0.515625000,-1.28482526570,-0.803015791065
-0.421875000,0.515625000,-1.22729794405,-0.767061215034
-0.406250000,0.515625000,-1.16356927542,-0.727230797135
-0.390625000,0.515625000,-1.09458216514,-0.684113853210
-0.375000000,0.515625000,-1.02123709798,-0.638273186236
-0.359375000,0.515625000,-0.944393635860,-0.590246022412
-0.343750000,0.515625000,-0.864871736267,-0.540544835167
-0.328125000,0.515625000,-0.783452897528,-0.489658060955
-0.312500000,0.515625000,-0.700881143011,-0.438050714382
-0.296875000,0.515625000,-0.617863855124,-0.386164909452
-0.281250000,0.515625000,-0.535072469766,-0.334420293604
-0.265625000,0.515625000,-0.453143043586,-0.283214402242
-0.250000000,0.515625000,-0.372572904056,-0.232858065035
-0.234375000,0.515625000,-0.294142129609,-0.183838831005
-0.218750000,0.515625000,-0.218272603789,-0.136420377368
-0.203125000,0.515625000,-0.145462471410,-0.0909140446311
-0.187500000,0.515625000,-0.0761758378411,-0.0476098986507
-0.171875000,0.515625000,-0.0108428213968,-0.00677676337298
-0.156250000,0.515625000,0.0501404417710,0.0313377761069
-0.140625000,0.515625000,0.106411831538,0.0665073947113
-0.125000000,0.515625000,0.157643305402,0.0985270658765
-0.109375000,0.515625000,0.203540980901,0.127213113063
-0.093750000,0.515625000,0.243845230910,0.152403269319
-0.078125000,0.515625000,0.278330783370,0.173956739606
-0.062500000,0.515625000,0.306806822059,0.191754263787
-0.046875000,0.515625000,0.329117079779,0.205698174862
-0.031250000,0.515625000,0.345139922230,0.215712451394
-0.015625000,0.515625000,0.354788415769,0.221742759856
0.000000000,0.515625000,0.358010379370,0.223756487106
0.015625000,0.515625000,0.354788415769,0.221742759856
0.031250000,0.515625000,0.345139922230,0.215712451394
0.046875000,0.515625000,0.329117079779,0.205698174862
0.062500000,0.515625000,0.306806822059,0.191754263787
0.078125000,0.515625000,0.278330783370,0.173956739606
0.093750000,0.515625000,0.243845230910,0.152403269319
0.109375000,0.515625000,0.203540980901,0.127213113063
0.125000000,0.515625000,0.157643305402,0.0985270658765
0.140625000,0.515625000,0.106411831538,0.0665073947113
0.156250000,0.515625000,0.0501404417710,0.0313377761069
0.171875000,0.515625000,-0.0108428213968,-0.00677676337298
0.187500000,0.515625000,-0.0761758378411,-0.0476098986507
0.203125000,0.515625000,-0.145462471410,-0.0909140446311
0.218750000,0.515625000,-0.218272603789,-0.136420377368
0.234375000,0.515625000,-0.294142129609,-0.183838831005
0.250000000,0.515625000,-0.372572904056,-0.232858065035
0.265625000,0.515625000,-0.453143043586,-0.283214402242
0.281250000,0.515625000,-0.535072469766,-0.334420293604
0.296875000,0.515625000,-0.617863855124,-0.386164909452
0.312500000,0.515625000,-0.700881143011,-0.438050714382
0.328125000,0.515625000,-0.783452897528,-0.489658060955
0.343750000,0.515625000,-0.864871736267,-0.540544835167
0.359375000,0.515625000,-0.944393635860,-0.590246022412
0.375000000,0.515625000,-1.02123709798,-0.638273186236
0.390625000,0.515625000,-1.09458216514,-0.684113853210
0.406250000,0.515625000,-1.16356927542,-0.727230797135
0.421875000,0.515625000,-1.22729794405,-0.767061215034
0.437500000,0.515625000,-1.28482526570,-0.803015791065
0.453125000,0.515625000,-1.33516422692,-0.834477641828
0.468750000,0.515625000,-1.37728182522,-0.860801140764
0.484375000,0.515625000,-1.41009698987,-0.881310618669
0.500000000,0.515625000,-1.43247830451,-0.895298940321
0.515625000,0.515625000,-1.44324153498,-0.902025959361
0.531250000,0.515625000,-1.44098895922,-0.900618099513
0.546875000,0.515625000,-1.42472878506,-0.890455490662
0.562500000,0.515625000,-1.39295268092,-0.870595425576
0.578125000,0.515625000,-1.34423684495,-0.840148028097
0.593750000,0.515625000,-1.27708985137,-0.798181157105
0.609375000,0.515625000,-1.18994940697,-0.743718379354
0.625000000,0.515625000,-1.08117913023,-0.675736956394
0.640625000,0.515625000,-0.949065436646,-0.593165897904
0.656250000,0.515625000,-0.791814627618,-0.494884142261
0.671875000,0.515625000,-0.607550310722,-0.379718944201
0.687500000,0.515625000,-0.394311305744,-0.246444566090
0.703125000,0.515625000,-0.150050226313,-0.0937813914458
0.718750000,0.515625000,0.127367029332,0.0796043933323
0.734375000,0.515625000,0.440160593637,0.275100371023
0.750000000,0.515625000,0.790634406334,0.494146503959
0.765625000,0.515625000,1.18117202965,0.738232518531
0.781250000,0.515625000,,
0.796875000,0.515625000,,
0.812500000,0.515625000,,
0.828125000,0.515625000,,
0.843750000,0.515625000,,
0.859375000,0.515625000,,
0.875000000,0.515625000,,
0.890625000,0.515625000,,
0.906250000,0.515625000,,
0.921875000,0.515625000,,
0.937500000,0.515625000,,
0.953125000,0.515625000,,
0.968750000,0.515625000,,
0.984375000,0.515625000,,
1.000000000,0.515625000,,
-1.000000000,0.531250000,,
-0.984375000,0.531250000,,
-0.968750000,0.531250000,,
-0.953125000,0.531250000,,
-0.937500000,0.531250000,,
-0.921875000,0.531250000,,
-0.906250000,0.531250000,,
-0.890625000,0.531250000,,
-0.875000000,0.531250000,,
-0.859375000,0.531250000,,
-0.843750000,0.531250000,,
-0.828125000,0.531250000,,
-0.812500000,0.531250000,,
-0.796875000,0.531250000,,
-0.781250000,0.531250000,,
-0.765625000,0.531250000,,
-0.750000000,0.531250000,0.990487002736,0.619054376710
-0.734375000,0.531250000,0.613800432131,0.383625270082
-0.718750000,0.531250000,0.276395862536,0.172747414085
-0.703125000,0.531250000,-0.0240475467184,-0.0150297166990
-0.687500000,0.531250000,-0.289774321692,-0.181108951057
-0.671875000,0.531250000,-0.522949293452,-0.326843308407
-0.656250000,0.531250000,-0.725655926534,-0.453534954084
-0.640625000,0.531250000,-0.899895983933,-0.562434989958
-0.625000000,0.531250000,-1.04759022009,-0.654743887555
-0.609375000,0.531250000,-1.17057985049,-0.731612406559
-0.593750000,0.531250000,-1.27062858892,-0.794142868075
-0.578125000,0.531250000,-1.34942508655,-0.843390679091
-0.562500000,0.531250000,-1.40858563430,-0.880366021441
-0.546875000,0.531250000,-1.44965701901,-0.906035636878
-0.531250000,0.531250000,-1.47411944427,-0.921324652667
-0.515625000,0.531250000,-1.48338944688,-0.927118404301
-0.500000000,0.531250000,-1.47882275302,-0.924264220637
-0.484375000,0.531250000,-1.46186671900,-0.913666699373
-0.468750000,0.531250000,-1.43345629206,-0.895910182540
-0.453125000,0.531250000,-1.39493891853,-0.871836824081
-0.437500000,0.531250000,-1.34745313894,-0.842158211840
-0.421875000,0.531250000,-1.29208892597,-0.807555578732
-0.406250000,0.531250000,-1.22988960645,-0.768681004030
-0.390625000,0.531250000,-1.16185359403,-0.726158496268
-0.375000000,0.531250000,-1.08893593694,-0.680584960587
-0.359375000,0.531250000,-1.01204968378,-0.632531052361
-0.343750000,0.531250000,-0.932067074887,-0.582541921804
-0.328125000,0.531250000,-0.849820568904,-0.531137855565
-0.312500000,0.531250000,-0.766103711530,-0.478814819706
-0.296875000,0.531250000,-0.681562235325,-0.425976397078
-0.281250000,0.531250000,-0.597140616129,-0.373212885080
-0.265625000,0.531250000,-0.513401617037,-0.320876010648
-0.250000000,0.531250000,-0.430989167785,-0.269368229866
-0.234375000,0.531250000,-0.350510674682,-0.219069171676
-0.218750000,0.531250000,-0.272537192954,-0.170335745596
-0.203125000,0.531250000,-0.197603523477,-0.123502202173
-0.187500000,0.531250000,-0.126208245664,-0.0788801535402
-0.171875000,0.531250000,-0.0588136974098,-0.0367585608811
-0.156250000,0.531250000,0.00415408806558,0.00259630504099
-0.140625000,0.531250000,0.0623054780458,0.0389409237786
-0.125000000,0.531250000,0.115287360201,0.0720546001255
-0.109375000,0.531250000,0.162783277708,0.101739548567
-0.093750000,0.531250000,0.204513571252,0.127820982032
-0.078125000,0.531250000,0.240235521739,0.150147201087
-0.062500000,0.531250000,0.269743487085,0.168589679428
-0.046875000,0.531250000,0.292869027524,0.183043142203
-0.031250000,0.531250000,0.309481013656,0.193425633535
-0.015625000,0.531250000,0.319485716014,0.199678572509
0.000000000,0.531250000,0.322826869881,0.201766793676
0.015625000,0.531250000,0.319485716014,0.199678572509
0.031250000,0.531250000,0.309481013656,0.193425633535
0.046875000,0.531250000,0.292869027524,0.183043142203
0.062500000,0.531250000,0.269743487085,0.168589679428
0.078125000,0.531250000,0.240235521739,0.150147201087
0.093750000,0.531250000,0.204513571252,0.127820982032
0.109375000,0.531250000,0.162783277708,0.101739548567
0.125000000,0.531250000,0.115287360201,0.0720546001255
0.140625000,0.531250000,0.0623054780458,0.0389409237786
0.156250000,0.531250000,0.00415408806558,0.00259630504099
0.171875000,0.531250000,-0.0588136974098,-0.0367585608811
0.187500000,0.531250000,-0.126208245664,-0.0788801535402
0.203125000,0.531250000,-0.197603523477,-0.123502202173
0.218750000,0.531250000,-0.272537192954,-0.170335745596
0.234375000,0.531250000,-0.350510674682,-0.219069171676
0.250000000,0.531250000,-0.430989167785,-0.269368229866
0.265625000,0.531250000,-0.513401617037,-0.320876010648
0.281250000,0.531250000,-0.597140616129,-0.373212885080
0.296875000,0.531250000,-0.681562235325,-0.425976397078
0.312500000,0.531250000,-0.766103711530,-0.478814819706
0.328125000,0.531250000,-0.849820568904,-0.531137855565
0.343750000,0.531250000,-0.932067074887,-0.582541921804
0.359375000,0.531250000,-1.01204968378,-0.632531052361
0.375000000,0.531250000,-1.08893593694,-0.680584960587
0.390625000,0.531250000,-1.16185359403,-0.726158496268
0.406250000,0.531250000,-1.22988960645,-0.768681004030
0.421875000,0.531250000,-1.29208892597,-0.807555578732
0.437500000,0.531250000,-1.34745313894,-0.842158211840
0.453125000,0.531250000,-1.39493891853,-0.871836824081
0.468750000,0.531250000,-1.43345629206,-0.895910182540
0.484375000,0.531250000,-1.46186671900,-0.913666699373
0.500000000,0.531250000,-1.47882275302,-0.924264220637
0.515625000,0.531250000,-1.48338944688,-0.927118404301
0.531250000,0.531250000,-1.47411944427,-0.921324652667
0.546875000,0.531250000,-1.44965701901,-0.906035636878
0.562500000,0.531250000,-1.40858563430,-0.880366021441
0.578125000,0.531250000,-1.34942508655,-0.843390679091
0.593750000,0.531250000,-1.27062858892,-0.794142868075
0.609375000,0.531250000,-1.17057985049,-0.731612406559
0.625000000,0.531250000,-1.04759022009,-0.654743887555
0.640625000,0.531250000,-0.899895983933,-0.562434989958
0.656250000,0.531250000,-0.725655926534,-0.453534954084
0.671875000,0.531250000,-0.522949293452,-0.326843308407
0.687500000,0.531250000,-0.289774321692,-0.181108951057
0.703125000,0.531250000,-0.0240475467184,-0.0150297166990
0.718750000,0.531250000,0.276395862536,0.172747414085
0.734375000,0.531250000,0.613800432131,0.383625270082
0.750000000,0.531250000,0.990487002736,0.619054376710
0.765625000,0.531250000,,
0.781250000,0.531250000,,
0.796875000,0.531250000,,
0.812500000,0.531250000,,
0.828125000,0.531250000,,
0.843750000,0.531250000,,
0.859375000,0.531250000,,
0.875000000,0.531250000,,
0.890625000,0.531250000,,
0.906250000,0.531250000,,
0.921875000,0.531250000,,
0.937500000,0.531250000,,
0.953125000,0.531250000,,
0.968750000,0.531250000,,
0.984375000,0.531250000,,
1.000000000,0.531250000,,
-1.000000000,0.546875000,,
-0.984375000,0.546875000,,
-0.968750000,0.546875000,,
-0.953125000,0.546875000,,
-0.937500000,0.546875000,,
-0.921875000,0.546875000,,
-0.906250000,0.546875000,,
-0.890625000,0.546875000,,
-0.875000000,0.546875000,,
-0.859375000,0.546875000,,
-0.843750000,0.546875000,,
-0.828125000,0.546875000,,
-0.812500000,0.546875000,,
-0.796875000,0.546875000,,
-0.781250000,0.546875000,,
-0.765625000,0.546875000,,
-0.750000000,0.546875000,,
-0.734375000,0.546875000,0.804080288825,0.502550180516
-0.718750000,0.546875000,0.440646143662,0.275403839789
-0.703125000,0.546875000,0.115793259174,0.0723707869838
-0.687500000,0.546875000,-0.172743303463,-0.107964564664
-0.671875000,0.546875000,-0.427155973686,-0.266972483554
-0.656250000,0.546875000,-0.649561893634,-0.405976183521
-0.640625000,0.546875000,-0.842001635333,-0.526251022083
-0.625000000,0.546875000,-1.00643908036,-0.629024425226
-0.609375000,0.546875000,-1.14476218785,-0.715476367408
-0.593750000,0.546875000,-1.25878442407,-0.786740265043
-0.578125000,0.546875000,-1.35024667342,-0.843904170886
-0.562500000,0.546875000,-1.42081947775,-0.888012173594
-0.546875000,0.546875000,-1.47210548613,-0.920065928833
-0.531250000,0.546875000,-1.50564201533,-0.941026259583
-0.515625000,0.546875000,-1.52290364587,-0.951814778670
-0.500000000,0.546875000,-1.52530479057,-0.953315494106
-0.484375000,0.546875000,-1.51420218952,-0.946376368450
-0.468750000,0.546875000,-1.49089729495,-0.931810809346
-0.453125000,0.546875000,-1.45679033478,-0.910493959236
-0.437500000,0.546875000,-1.41276765226,-0.882979782661
-0.421875000,0.546875000,-1.36013754710,-0.850085966935
-0.406250000,0.546875000,-1.30000115438,-0.812500721490
-0.390625000,0.546875000,-1.23341391474,-0.770883696714
-0.375000000,0.546875000,-1.16138697001,-0.725866856258
-0.359375000,0.546875000,-1.08488838696,-0.678055241852
-0.343750000,0.546875000,-1.00484421389,-0.628027633684
-0.328125000,0.546875000,-0.922139378302,-0.576337111438
-0.312500000,0.546875000,-0.837515865093,-0.523447415683
-0.296875000,0.546875000,-0.751991179184,-0.469994486990
-0.281250000,0.546875000,-0.666219876836,-0.416387423022
-0.265625000,0.546875000,-0.580928616453,-0.363080385283
-0.250000000,0.546875000,-0.496805379807,-0.310503362380
-0.234375000,0.546875000,-0.414499635544,-0.259062272215
-0.218750000,0.546875000,-0.334622420990,-0.209139013119
-0.203125000,0.546875000,-0.257746353190,-0.161091470744
-0.187500000,0.546875000,-0.184405581015,-0.115253488134
-0.171875000,0.546875000,-0.115095689385,-0.0719348058655
-0.156250000,0.546875000,-0.0502735649140,-0.0314209780713
-0.140625000,0.546875000,0.00964276474075,0.00602672796297
-0.125000000,0.546875000,0.0642743117218,0.0401714448261
-0.109375000,0.546875000,0.113281317357,0.0708008233480
-0.093750000,0.546875000,0.156363444059,0.0977271525368
-0.078125000,0.546875000,0.193259962147,0.120787476342
-0.062500000,0.546875000,0.223749924255,0.139843702660
-0.046875000,0.546875000,0.247652323424,0.154782702140
-0.031250000,0.546875000,0.264826228191,0.165516392620
-0.015625000,0.546875000,0.275170892498,0.171981807811
0.000000000,0.546875000,0.278625835807,0.174141147380
0.015625000,0.546875000,0.275170892498,0.171981807811
0.031250000,0.546875000,0.264826228191,0.165516392620
0.046875000,0.546875000,0.247652323424,0.154782702140
0.062500000,0.546875000,0.223749924255,0.139843702660
0.078125000,0.546875000,0.193259962147,0.120787476342
0.093750000,0.546875000,0.156363444059,0.0977271525368
0.109375000,0.546875000,0.113281317357,0.0708008233480
0.125000000,0.546875000,0.0642743117218,0.0401714448261
0.140625000,0.546875000,0.00964276474075,0.00602672796297
0.156250000,0.546875000,-0.0502735649140,-0.0314209780713
0.171875000,0.546875000,-0.115095689385,-0.0719348058655
0.187500000,0.546875000,-0.184405581015,-0.115253488134
0.203125000,0.546875000,-0.257746353190,-0.161091470744
0.218750000,0.546875000,-0.334622420990,-0.209139013119
0.234375000,0.546875000,-0.414499635544,-0.259062272215
0.250000000,0.546875000,-0.496805379807,-0.310503362380
0.265625000,0.546875000,-0.580928616453,-0.363080385283
0.281250000,0.546875000,-0.666219876836,-0.416387423022
0.296875000,0.546875000,-0.751991179184,-0.469994486990
0.312500000,0.546875000,-0.837515865093,-0.523447415683
0.328125000,0.546875000,-0.922139378302,-0.576337111438
0.343750000,0.546875000,-1.00484421389,-0.628027633684
0.359375000,0.546875000,-1.08488838696,-0.678055241852
0.375000000,0.546875000,-1.16138697001,-0.725866856258
0.390625000,0.546875000,-1.23341391474,-0.770883696714
0.406250000,0.546875000,-1.30000115438,-0.812500721490
0.421875000,0.546875000,-1.36013754710,-0.850085966935
0.437500000,0.546875000,-1.41276765226,-0.882979782661
0.453125000,0.546875000,-1.45679033478,-0.910493959236
0.468750000,0.546875000,-1.49089729495,-0.931810809346
0.484375000,0.546875000,-1.51420218952,-0.946376368450
0.500000000,0.546875000,-1.52530479057,-0.953315494106
0.515625000,0.546875000,-1.52290364587,-0.951814778670
0.531250000,0.546875000,-1.50564201533,-0.941026259583
0.546875000,0.546875000,-1.47210548613,-0.920065928833
0.562500000,0.546875000,-1.42081947775,-0.888012173594
0.578125000,0.546875000,-1.35024667342,-0.843904170886
0.593750000,0.546875000,-1.25878442407,-0.786740265043
0.609375000,0.546875000,-1.14476218785,-0.715476367408
0.625000000,0.546875000,-1.00643908036,-0.629024425226
0.640625000,0.546875000,-0.842001635333,-0.526251022083
0.656250000,0.546875000,-0.649561893634,-0.405976183521
0.671875000,0.546875000,-0.427155973686,-0.266972483554
0.687500000,0.546875000,-0.172743303463,-0.107964564664
0.703125000,0.546875000,0.115793259174,0.0723707869838
0.718750000,0.546875000,0.440646143662,0.275403839789
0.734375000,0.546875000,0.804080288825,0.502550180516
0.750000000,0.546875000,,
0.765625000,0.546875000,,
0.781250000,0.546875000,,
0.796875000,0.546875000,,
0.812500000,0.546875000,,
0.828125000,0.546875000,,
0.843750000,0.546875000,,
0.859375000,0.546875000,,
0.875000000,0.546875000,,
0.890625000,0.546875000,,
0.906250000,0.546875000,,
0.921875000,0.546875000,,
0.937500000,0.546875000,,
0.953125000,0.546875000,,
0.968750000,0.546875000,,
0.984375000,0.546875000,,
1.000000000,0.546875000,,
-1.000000000,0.562500000,,
-0.984375000,0.562500000,,
-0.968750000,0.562500000,,
-0.953125000,0.562500000,,
-0.937500000,0.562500000,,
-0.921875000,0.562500000,,
-0.906250000,0.562500000,,
-0.890625000,0.562500000,,
-0.875000000,0.562500000,,
-0.859375000,0.562500000,,
-0.843750000,0.562500000,,
-0.828125000,0.562500000,,
-0.812500000,0.562500000,,
-0.796875000,0.562500000,,
-0.781250000,0.562500000,,
-0.765625000,0.562500000,,
-0.750000000,0.562500000,,
-0.734375000,0.562500000,,
-0.718750000,0.562500000,0.621522586893,0.388451616808
-0.703125000,0.562500000,0.270821742227,0.169263588892
-0.687500000,0.562500000,-0.0419280858742,-0.0262050536714
-0.671875000,0.562500000,-0.318943004029,-0.199339377518
-0.656250000,0.562500000,-0.562370738533,-0.351481711583
-0.640625000,0.562500000,-0.774288288773,-0.483930180483
-0.625000000,0.562500000,-0.956700894193,-0.597938058871
-0.609375000,0.562500000,-1.11154201411,-0.694713758821
-0.593750000,0.562500000,-1.24067407691,-0.775421298071
-0.578125000,0.562500000,-1.34588979764,-0.841181123525
-0.562500000,0.562500000,-1.42891390019,-0.893071187618
-0.546875000,0.562500000,-1.49140511145,-0.932128194654
-0.531250000,0.562500000,-1.53495832053,-0.959348950329
-0.515625000,0.562500000,-1.56110681720,-0.975691760753
-0.500000000,0.562500000,-1.57132454084,-0.982077838026
-0.484375000,0.562500000,-1.56702828803,-0.979392680016
-0.468750000,0.562500000,-1.54957983683,-0.968487398016
-0.453125000,0.562500000,-1.52028795739,-0.950179973370
-0.437500000,0.562500000,-1.48041028720,-0.925256429499
-0.421875000,0.562500000,-1.43115505460,-0.894471909123
-0.406250000,0.562500000,-1.37383091724,-0.858644323274
-0.390625000,0.562500000,-1.30924867127,-0.818280419546
-0.375000000,0.562500000,-1.23863239032,-0.774145243949
-0.359375000,0.562500000,-1.16300662307,-0.726879139422
-0.343750000,0.562500000,-1.08324752396,-0.677029702472
-0.328125000,0.562500000,-1.00051290848,-0.625320567798
-0.312500000,0.562500000,-0.915585053021,-0.572240658138
-0.296875000,0.562500000,-0.829319687301,-0.518324804563
-0.281250000,0.562500000,-0.742531524897,-0.464082203061
-0.265625000,0.562500000,-0.655994513734,-0.409996571083
-0.250000000,0.562500000,-0.570441987948,-0.356526242467
-0.234375000,0.562500000,-0.486566730172,-0.304104206357
-0.218750000,0.562500000,-0.405020957723,-0.253138098577
-0.203125000,0.562500000,-0.326416243677,-0.204010152298
-0.187500000,0.562500000,-0.251323384026,-0.157077115017
-0.171875000,0.562500000,-0.180272222285,-0.112670138928
-0.156250000,0.562500000,-0.113751441849,-0.0710946511555
-0.140625000,0.562500000,-0.0522083354405,-0.0326302096503
-0.125000000,0.562500000,0.00395143751203,0.00246964844502
-0.109375000,0.562500000,0.0543640981778,0.0339775613611
-0.093750000,0.562500000,0.0987079919750,0.0616924949844
-0.078125000,0.562500000,0.136703820740,0.0854398879627
-0.062500000,0.562500000,0.168114857727,0.105071786079
-0.046875000,0.562500000,0.192747138472,0.120466961545
-0.031250000,0.562500000,0.210449625077,0.131531015673
-0.015625000,0.562500000,0.221114336666,0.138196460417
0.000000000,0.562500000,0.224676445809,0.140422778631
0.015625000,0.562500000,0.221114336666,0.138196460417
0.031250000,0.562500000,0.210449625077,0.131531015673
0.046875000,0.562500000,0.192747138472,0.120466961545
0.062500000,0.562500000,0.168114857727,0.105071786079
0.078125000,0.562500000,0.136703820740,0.0854398879627
0.093750000,0.562500000,0.0987079919750,0.0616924949844
0.109375000,0.562500000,0.0543640981778,0.0339775613611
0.125000000,0.562500000,0.00395143751203,0.00246964844502
0.140625000,0.562500000,-0.0522083354405,-0.0326302096503
0.156250000,0.562500000,-0.113751441849,-0.0710946511555
0.171875000,0.562500000,-0.180272222285,-0.112670138928
0.187500000,0.562500000,-0.251323384026,-0.157077115017
0.203125000,0.562500000,-0.326416243677,-0.204010152298
0.218750000,0.562500000,-0.405020957723,-0.253138098577
0.234375000,0.562500000,-0.486566730172,-0.304104206357
0.250000000,0.562500000,-0.570441987948,-0.356526242467
0.265625000,0.562500000,-0.655994513734,-0.409996571083
0.281250000,0.562500000,-0.742531524897,-0.464082203061
0.296875000,0.562500000,-0.829319687301,-0.518324804563
0.312500000,0.562500000,-0.915585053021,-0.572240658138
0.328125000,0.562500000,-1.00051290848,-0.625320567798
0.343750000,0.562500000,-1.08324752396,-0.677029702472
0.359375000,0.562500000,-1.16300662307,-0.726879139422
0.375000000,0.562500000,-1.23863239032,-0.774145243949
0.390625000,0.562500000,-1.30924867127,-0.818280419546
0.406250000,0.562500000,-1.37383091724,-0.858644323274
0.421875000,0.562500000,-1.43115505460,-0.894471909123
0.437500000,0.562500000,-1.48041028720,-0.925256429499
0.453125000,0.562500000,-1.52028795739,-0.950179973370
0.468750000,0.562500000,-1.54957983683,-0.968487398016
0.484375000,0.562500000,-1.56702828803,-0.979392680016
0.500000000,0.562500000,-1.57132454084,-0.982077838026
0.515625000,0.562500000,-1.56110681720,-0.975691760753
0.531250000,0.562500000,-1.53495832053,-0.959348950329
0.546875000,0.562500000,-1.49140511145,-0.932128194654
0.562500000,0.562500000,-1.42891390019,-0.893071187618
0.578125000,0.562500000,-1.34588979764,-0.841181123525
0.593750000,0.562500000,-1.24067407691,-0.775421298071
0.609375000,0.562500000,-1.11154201411,-0.694713758821
0.625000000,0.562500000,-0.956700894193,-0.597938058871
0.640625000,0.562500000,-0.774288288773,-0.483930180483
0.656250000,0.562500000,-0.562370738533,-0.351481711583
0.671875000,0.562500000,-0.318943004029,-0.199339377518
0.687500000,0.562500000,-0.0419280858742,-0.0262050536714
0.703125000,0.562500000,0.270821742227,0.169263588892
0.718750000,0.562500000,0.621522586893,0.388451616808
0.734375000,0.562500000,,
0.750000000,0.562500000,,
0.765625000,0.562500000,,
0.781250000,0.562500000,,
0.796875000,0.562500000,,
0.812500000,0.562500000,,
0.828125000,0.562500000,,
0.843750000,0.562500000,,
0.859375000,0.562500000,,
0.875000000,0.562500000,,
0.890625000,0.562500000,,
0.906250000,0.562500000,,
0.921875000,0.562500000,,
0.937500000,0.562500000,,
0.953125000,0.562500000,,
0.968750000,0.562500000,,
0.984375000,0.562500000,,
1.000000000,0.562500000,,
-1.000000000,0.578125000,,
-0.984375000,0.578125000,,
-0.968750000,0.578125000,,
-0.953125000,0.578125000,,
-0.937500000,0.578125000,,
-0.921875000,0.578125000,,
-0.906250000,0.578125000,,
-0.890625000,0.578125000,,
-0.875000000,0.578125000,,
-0.859375000,0.578125000,,
-0.843750000,0.578125000,,
-0.828125000,0.578125000,,
-0.812500000,0.578125000,,
-0.796875000,0.578125000,,
-0.781250000,0.578125000,,
-0.765625000,0.578125000,,
-0.750000000,0.578125000,,
-0.734375000,0.578125000,,
-0.718750000,0.578125000,,
-0.703125000,0.578125000,0.442467658061,0.276542286288
-0.687500000,0.578125000,0.104044497209,0.0650278107556
-0.671875000,0.578125000,-0.196998097738,-0.123123811086
-0.656250000,0.578125000,-0.462834545046,-0.289271590654
-0.640625000,0.578125000,-0.695575188464,-0.434734492790
-0.625000000,0.578125000,-0.897264238182,-0.560790148864
-0.609375000,0.578125000,-1.06987886681,-0.668674291757
-0.593750000,0.578125000,-1.21532919409,-0.759580746308
-0.578125000,0.578125000,-1.33545893943,-0.834661837143
-0.562500000,0.578125000,-1.43204656424,-0.895029102652
-0.546875000,0.578125000,-1.50680675698,-0.941754223111
-0.531250000,0.578125000,-1.56139214346,-0.975870089662
-0.515625000,0.578125000,-1.59739512635,-0.998371953971
-0.500000000,0.578125000,-1.61634977963,-1.01021861227
-0.484375000,0.578125000,-1.61973373581,-1.01233358488
-0.468750000,0.578125000,-1.60897002283,-1.00560626427
-0.453125000,0.578125000,-1.58542881209,-0.990893007557
-0.437500000,0.578125000,-1.55042905398,-0.969018158734
-0.421875000,0.578125000,-1.50523998148,-0.940774988422
-0.406250000,0.578125000,-1.45108246985,-0.906926543658
-0.390625000,0.578125000,-1.38913024632,-0.868206403952
-0.375000000,0.578125000,-1.32066466295,-0.825415414345
-0.359375000,0.578125000,-1.24635418062,-0.778971362888
-0.343750000,0.578125000,-1.16760665768,-0.729754161049
-0.328125000,0.578125000,-1.08530617539,-0.678316359617
-0.312500000,0.578125000,-1.00040366357,-0.625252289733
-0.296875000,0.578125000,-0.913807053188,-0.571129408242
-0.281250000,0.578125000,-0.826381513616,-0.516488446010
-0.265625000,0.578125000,-0.738949585013,-0.461843490633
-0.250000000,0.578125000,-0.652291216750,-0.407682010469
-0.234375000,0.578125000,-0.567143723787,-0.354464827367
-0.218750000,0.578125000,-0.484201671947,-0.302626044967
-0.203125000,0.578125000,-0.404116703959,-0.252572939975
-0.187500000,0.578125000,-0.327497317577,-0.204685823486
-0.171875000,0.578125000,-0.254908606664,-0.159317879165
-0.156250000,0.578125000,-0.186871975787,-0.116794984867
-0.140625000,0.578125000,-0.123864838097,-0.0774155238105
-0.125000000,0.578125000,-0.0663203066374,-0.0414501916484
-0.109375000,0.578125000,-0.0146268867750,-0.00914180423437
-0.093750000,0.578125000,0.0308718209536,0.0192948880960
-0.078125000,0.578125000,0.0698774010049,0.0436733756281
-0.062500000,0.578125000,0.102136879233,0.0638355495208
-0.046875000,0.578125000,0.127442950060,0.0796518437875
-0.031250000,0.578125000,0.145634168187,0.0910213551172
-0.015625000,0.578125000,0.156595103194,0.0978719394962
0.000000000,0.578125000,0.160256451160,0.100160281975
0.015625000,0.578125000,0.156595103194,0.0978719394962
0.031250000,0.578125000,0.145634168187,0.0910213551172
0.046875000,0.578125000,0.127442950060,0.0796518437875
0.062500000,0.578125000,0.102136879233,0.0638355495208
0.078125000,0.578125000,0.0698774010049,0.0436733756281
0.093750000,0.578125000,0.0308718209536,0.0192948880960
0.109375000,0.578125000,-0.0146268867750,-0.00914180423437
0.125000000,0.578125000,-0.0663203066374,-0.0414501916484
0.140625000,0.578125000,-0.123864838097,-0.0774155238105
0.156250000,0.578125000,-0.186871975787,-0.116794984867
0.171875000,0.578125000,-0.254908606664,-0.159317879165
0.187500000,0.578125000,-0.327497317577,-0.204685823486
0.203125000,0.578125000,-0.404116703959,-0.252572939975
0.218750000,0.578125000,-0.484201671947,-0.302626044967
0.234375000,0.578125000,-0.567143723787,-0.354464827367
0.250000000,0.578125000,-0.652291216750,-0.407682010469
0.265625000,0.578125000,-0.738949585013,-0.461843490633
0.281250000,0.578125000,-0.826381513616,-0.516488446010
0.296875000,0.578125000,-0.913807053188,-0.571129408242
0.312500000,0.578125000,-1.00040366357,-0.625252289733
0.328125000,0.578125000,-1.08530617539,-0.678316359617
0.343750000,0.578125000,-1.16760665768,-0.729754161049
0.359375000,0.578125000,-1.24635418062,-0.778971362888
0.375000000,0.578125000,-1.32066466295,-0.825415414345
0.390625000,0.578125000,-1.38913024632,-0.868206403952
0.406250000,0.578125000,-1.45108246985,-0.906926543658
0.421875000,0.578125000,-1.50523998148,-0.940774988422
0.437500000,0.578125000,-1.55042905398,-0.969018158734
0.453125000,0.578125000,-1.58542881209,-0.990893007557
0.468750000,0.578125000,-1.60897002283,-1.00560626427
0.484375000,0.578125000,-1.61973373581,-1.01233358488
0.500000000,0.578125000,-1.61634977963,-1.01021861227
0.515625000,0.578125000,-1.59739512635,-0.998371953971
0.531250000,0.578125000,-1.56139214346,-0.975870089662
0.546875000,0.578125000,-1.50680675698,-0.941754223111
0.562500000,0.578125000,-1.43204656424,-0.895029102652
0.578125000,0.578125000,-1.33545893943,-0.834661837143
0.593750000,0.578125000,-1.21532919409,-0.759580746308
0.609375000,0.578125000,-1.06987886681,-0.668674291757
0.625000000,0.578125000,-0.897264238182,-0.560790148864
0.640625000,0.578125000,-0.695575188464,-0.434734492790
0.656250000,0.578125000,-0.462834545046,-0.289271590654
0.671875000,0.578125000,-0.196998097738,-0.123123811086
0.687500000,0.578125000,0.104044497209,0.0650278107556
0.703125000,0.578125000,0.442467658061,0.276542286288
0.718750000,0.578125000,,
0.734375000,0.578125000,,
0.750000000,0.578125000,,
0.765625000,0.578125000,,
0.781250000,0.578125000,,
0.796875000,0.578125000,,
0.812500000,0.578125000,,
0.828125000,0.578125000,,
0.843750000,0.578125000,,
0.859375000,0.578125000,,
0.875000000,0.578125000,,
0.890625000,0.578125000,,
0.906250000,0.578125000,,
0.921875000,0.578125000,,
0.937500000,0.578125000,,
0.953125000,0.578125000,,
0.968750000,0.578125000,,
0.984375000,0.578125000,,
1.000000000,0.578125000,,
-1.000000000,0.593750000,,
-0.984375000,0.593750000,,
-0.968750000,0.593750000,,
-0.953125000,0.593750000,,
-0.937500000,0.593750000,,
-0.921875000,0.593750000,,
-0.906250000,0.593750000,,
-0.890625000,0.593750000,,
-0.875000000,0.593750000,,
-0.859375000,0.593750000,,
-0.843750000,0.593750000,,
-0.828125000,0.593750000,,
-0.812500000,0.593750000,,
-0.796875000,0.593750000,,
-0.781250000,0.593750000,,
-0.765625000,0.593750000,,
-0.750000000,0.593750000,,
-0.734375000,0.593750000,,
-0.718750000,0.593750000,,
-0.703125000,0.593750000,,
-0.687500000,0.593750000,0.266628992368,0.166643120230
-0.671875000,0.593750000,-0.0599244481154,-0.0374527800721
-0.656250000,0.593750000,-0.349618619895,-0.218511637435
-0.640625000,0.593750000,-0.604593318660,-0.377870824162
-0.625000000,0.593750000,-0.826928625651,-0.516830391032
-0.609375000,0.593750000,-1.01864301115,-0.636651881971
-0.593750000,0.593750000,-1.18169245990,-0.738557787438
-0.578125000,0.593750000,-1.31797037815,-0.823731486344
-0.562500000,0.593750000,-1.42930808504,-0.893317553147
-0.546875000,0.593750000,-1.51747572820,-0.948422330128
-0.531250000,0.593750000,-1.58418349091,-0.990114681818
-0.515625000,0.593750000,-1.63108298830,-1.01942686769
-0.500000000,0.593750000,-1.65976876422,-1.03735547764
-0.484375000,0.593750000,-1.67177982530,-1.04486239082
-0.468750000,0.593750000,-1.66860115693,-1.04287572308
-0.453125000,0.593750000,-1.65166518286,-1.03229073929
-0.437500000,0.593750000,-1.62235313593,-1.01397070995
-0.421875000,0.593750000,-1.58199631993,-0.988747699954
-0.406250000,0.593750000,-1.53187724643,-0.957423279016
-0.390625000,0.593750000,-1.47312406959,-0.920702543491
-0.375000000,0.593750000,-1.40714793286,-0.879467458038
-0.359375000,0.593750000,-1.33497250333,-0.834357814578
-0.343750000,0.593750000,-1.25769388862,-0.786058680387
-0.328125000,0.593750000,-1.17636302169,-0.735226888554
-0.312500000,0.593750000,-1.09213530377,-0.682584564856
-0.296875000,0.593750000,-1.00566847014,-0.628542793840
-0.281250000,0.593750000,-0.918034247456,-0.573771404660
-0.265625000,0.593750000,-0.830105018447,-0.518815636530
-0.250000000,0.593750000,-0.742708565006,-0.464192853129
-0.234375000,0.593750000,-0.656627911614,-0.410392444759
-0.218750000,0.593750000,-0.572601104134,-0.357875690084
-0.203125000,0.593750000,-0.491320935835,-0.307075584897
-0.187500000,0.593750000,-0.413434631641,-0.258396644776
-0.171875000,0.593750000,-0.339543501323,-0.212214688327
-0.156250000,0.593750000,-0.270202572706,-0.168876607941
-0.140625000,0.593750000,-0.205920214093,-0.128700133808
-0.125000000,0.593750000,-0.147157756437,-0.0919735977732
-0.109375000,0.593750000,-0.0943291233059,-0.0589557020662
-0.093750000,0.593750000,-0.0478004768956,-0.0298752980598
-0.078125000,0.593750000,-0.00788988802180,-0.00493118001362
-0.062500000,0.593750000,0.0251329638096,0.0157081023810
-0.046875000,0.593750000,0.0510470541353,0.0319044088346
-0.031250000,0.593750000,0.0696802362853,0.0435501476783
-0.015625000,0.593750000,0.0809094187835,0.0505683867397
0.000000000,0.593750000,0.0846606944370,0.0529129340231
0.015625000,0.593750000,0.0809094187835,0.0505683867397
0.031250000,0.593750000,0.0696802362853,0.0435501476783
0.046875000,0.593750000,0.0510470541353,0.0319044088346
0.062500000,0.593750000,0.0251329638096,0.0157081023810
0.078125000,0.593750000,-0.00788988802180,-0.00493118001362
0.093750000,0.593750000,-0.0478004768956,-0.0298752980598
0.109375000,0.593750000,-0.0943291233059,-0.0589557020662
0.125000000,0.593750000,-0.147157756437,-0.0919735977732
0.140625000,0.593750000,-0.205920214093,-0.128700133808
0.156250000,0.593750000,-0.270202572706,-0.168876607941
0.171875000,0.593750000,-0.339543501323,-0.212214688327
0.187500000,0.593750000,-0.413434631641,-0.258396644776
0.203125000,0.593750000,-0.491320935835,-0.307075584897
0.218750000,0.593750000,-0.572601104134,-0.357875690084
0.234375000,0.593750000,-0.656627911614,-0.410392444759
0.250000000,0.593750000,-0.742708565006,-0.464192853129
0.265625000,0.593750000,-0.830105018447,-0.518815636530
0.281250000,0.593750000,-0.918034247456,-0.573771404660
0.296875000,0.593750000,-1.00566847014,-0.628542793840
0.312500000,0.593750000,-1.09213530377,-0.682584564856
0.328125000,0.593750000,-1.17636302169,-0.735226888554
0.343750000,0.593750000,-1.25769388862,-0.786058680387
0.359375000,0.593750000,-1.33497250333,-0.834357814578
0.375000000,0.593750000,-1.40714793286,-0.879467458038
0.390625000,0.593750000,-1.47312406959,-0.920702543491
0.406250000,0.593750000,-1.53187724643,-0.957423279016
0.421875000,0.593750000,-1.58199631993,-0.988747699954
0.437500000,0.593750000,-1.62235313593,-1.01397070995
0.453125000,0.593750000,-1.65166518286,-1.03229073929
0.468750000,0.593750000,-1.66860115693,-1.04287572308
0.484375000,0.593750000,-1.67177982530,-1.04486239082
0.500000000,0.593750000,-1.65976876422,-1.03735547764
0.515625000,0.593750000,-1.63108298830,-1.01942686769
0.531250000,0.593750000,-1.58418349091,-0.990114681818
0.546875000,0.593750000,-1.51747572820,-0.948422330128
0.562500000,0.593750000,-1.42930808504,-0.893317553147
0.578125000,0.593750000,-1.31797037815,-0.823731486344
0.593750000,0.593750000,-1.18169245990,-0.738557787438
0.609375000,0.593750000,-1.01864301115,-0.636651881971
0.625000000,0.593750000,-0.826928625651,-0.516830391032
0.640625000,0.593750000,-0.604593318660,-0.377870824162
0.656250000,0.593750000,-0.349618619895,-0.218511637435
0.671875000,0.593750000,-0.0599244481154,-0.0374527800721
0.687500000,0.593750000,0.266628992368,0.166643120230
0.703125000,0.593750000,,
0.718750000,0.593750000,,
0.734375000,0.593750000,,
0.750000000,0.593750000,,
0.765625000,0.593750000,,
0.781250000,0.593750000,,
0.796875000,0.593750000,,
0.812500000,0.593750000,,
0.828125000,0.593750000,,
0.843750000,0.593750000,,
0.859375000,0.593750000,,
0.875000000,0.593750000,,
0.890625000,0.593750000,,
0.906250000,0.593750000,,
0.921875000,0.593750000,,
0.937500000,0.593750000,,
0.953125000,0.593750000,,
0.968750000,0.593750000,,
0.984375000,0.593750000,,
1.000000000,0.593750000,,
-1.000000000,0.609375000,,
-0.984375000,0.609375000,,
-0.968750000,0.609375000,,
-0.953125000,0.609375000,,
-0.937500000,0.609375000,,
-0.921875000,0.609375000,,
-0.906250000,0.609375000,,
-0.890625000,0.609375000,,
-0.875000000,0.609375000,,
-0.859375000,0.609375000,,
-0.843750000,0.609375000,,
-0.828125000,0.609375000,,
-0.812500000,0.609375000,,
-0.796875000,0.609375000,,
-0.781250000,0.609375000,,
-0.765625000,0.609375000,,
-0.750000000,0.609375000,,
-0.734375000,0.609375000,,
-0.718750000,0.609375000,,
-0.703125000,0.609375000,,
-0.687500000,0.609375000,,
-0.671875000,0.609375000,0.0937571919745,0.0585982449841
-0.656250000,0.609375000,-0.221302283542,-0.138313927213
-0.640625000,0.609375000,-0.499985042182,-0.312490651363
-0.625000000,0.609375000,-0.744403114103,-0.465251946314
-0.609375000,0.609375000,-0.956613125348,-0.597883203343
-0.593750000,0.609375000,-1.13861445713,-0.711634035708
-0.578125000,0.609375000,-1.29234831614,-0.807717697584
-0.562500000,0.609375000,-1.41969749524,-0.887310934526
-0.546875000,0.609375000,-1.52248665024,-0.951554156398
-0.531250000,0.609375000,-1.60248294520,-1.00155184075
-0.515625000,0.609375000,-1.66139695084,-1.03837309428
-0.500000000,0.609375000,-1.70088370100,-1.06305231313
-0.484375000,0.609375000,-1.72254383093,-1.07658989433
-0.468750000,0.609375000,-1.72792473938,-1.07995296211
-0.453125000,0.609375000,-1.71852172688,-1.07407607930
-0.437500000,0.609375000,-1.69577907588,-1.05986192243
-0.421875000,0.609375000,-1.66109104622,-1.03818190389
-0.406250000,0.609375000,-1.61569885121,-1.00981178201
-0.390625000,0.609375000,-1.56111766566,-0.975698541036
-0.375000000,0.609375000,-1.49848086283,-0.936550539270
-0.359375000,0.609375000,-1.42899048830,-0.893119055184
-0.343750000,0.609375000,-1.35380180627,-0.846126128917
-0.328125000,0.609375000,-1.27402358477,-0.796264740480
-0.312500000,0.609375000,-1.19071826495,-0.744198915593
-0.296875000,0.609375000,-1.10490202234,-0.690563763965
-0.281250000,0.609375000,-1.01754472795,-0.635965454967
-0.265625000,0.609375000,-0.929723763283,-0.581077352052
-0.250000000,0.609375000,-0.842003611218,-0.526252257011
-0.234375000,0.609375000,-0.755372887678,-0.472108054799
-0.218750000,0.609375000,-0.670614205063,-0.419133878164
-0.203125000,0.609375000,-0.588462547695,-0.367789092310
-0.187500000,0.609375000,-0.509604856859,-0.318503035537
-0.171875000,0.609375000,-0.434679591721,-0.271674744826
-0.156250000,0.609375000,-0.364276276801,-0.227672673001
-0.140625000,0.609375000,-0.298935045165,-0.186834403228
-0.125000000,0.609375000,-0.239146188330,-0.149466367706
-0.109375000,0.609375000,-0.185349719911,-0.115843574944
-0.093750000,0.609375000,-0.137934963118,-0.0862093519490
-0.078125000,0.609375000,-0.0972401679081,-0.0607751049425
-0.062500000,0.609375000,-0.0635521659702,-0.0397201037314
-0.046875000,0.609375000,-0.0371060680746,-0.0231912925466
-0.031250000,0.609375000,-0.0180850101540,-0.0113031313462
-0.015625000,0.609375000,-0.00661995037014,-0.00413746898134
0.000000000,0.609375000,-0.00278952333081,-0.00174345208176
0.015625000,0.609375000,-0.00661995037014,-0.00413746898134
0.031250000,0.609375000,-0.0180850101540,-0.0113031313462
0.046875000,0.609375000,-0.0371060680746,-0.0231912925466
0.062500000,0.609375000,-0.0635521659702,-0.0397201037314
0.078125000,0.609375000,-0.0972401679081,-0.0607751049425
0.093750000,0.609375000,-0.137934963118,-0.0862093519490
0.109375000,0.609375000,-0.185349719911,-0.115843574944
0.125000000,0.609375000,-0.239146188330,-0.149466367706
0.140625000,0.609375000,-0.298935045165,-0.186834403228
0.156250000,0.609375000,-0.364276276801,-0.227672673001
0.171875000,0.609375000,-0.434679591721,-0.271674744826
0.187500000,0.609375000,-0.509604856859,-0.318503035537
0.203125000,0.609375000,-0.588462547695,-0.367789092310
0.218750000,0.609375000,-0.670614205063,-0.419133878164
0.234375000,0.609375000,-0.755372887678,-0.472108054799
0.250000000,0.609375000,-0.842003611218,-0.526252257011
0.265625000,0.609375000,-0.929723763283,-0.581077352052
0.281250000,0.609375000,-1.01754472795,-0.635965454967
0.296875000,0.609375000,-1.10490202234,-0.690563763965
0.312500000,0.609375000,-1.19071826495,-0.744198915593
0.328125000,0.609375000,-1.27402358477,-0.796264740480
0.343750000,0.609375000,-1.35380180627,-0.846126128917
0.359375000,0.609375000,-1.42899048830,-0.893119055184
0.375000000,0.609375000,-1.49848086283,-0.936550539270
0.390625000,0.609375000,-1.56111766566,-0.975698541036
0.406250000,0.609375000,-1.61569885121,-1.00981178201
0.421875000,0.609375000,-1.66109104622,-1.03818190389
0.437500000,0.609375000,-1.69577907588,-1.05986192243
0.453125000,0.609375000,-1.71852172688,-1.07407607930
0.468750000,0.609375000,-1.72792473938,-1.07995296211
0.484375000,0.609375000,-1.72254383093,-1.07658989433
0.500000000,0.609375000,-1.70088370100,-1.06305231313
0.515625000,0.609375000,-1.66139695084,-1.03837309428
0.531250000,0.609375000,-1.60248294520,-1.00155184075
0.546875000,0.609375000,-1.52248665024,-0.951554156398
0.562500000,0.609375000,-1.41969749524,-0.887310934526
0.578125000,0.609375000,-1.29234831614,-0.807717697584
0.593750000,0.609375000,-1.13861445713,-0.711634035708
0.609375000,0.609375000,-0.956613125348,-0.597883203343
0.625000000,0.609375000,-0.744403114103,-0.465251946314
0.640625000,0.609375000,-0.499985042182,-0.312490651363
0.656250000,0.609375000,-0.221302283542,-0.138313927213
0.671875000,0.609375000,0.0937571919745,0.0585982449841
0.687500000,0.609375000,,
0.703125000,0.609375000,,
0.718750000,0.609375000,,
0.734375000,0.609375000,,
0.750000000,0.609375000,,
0.765625000,0.609375000,,
0.781250000,0.609375000,,
0.796875000,0.609375000,,
0.812500000,0.609375000,,
0.828125000,0.609375000,,
0.843750000,0.609375000,,
0.859375000,0.609375000,,
0.875000000,0.609375000,,
0.890625000,0.609375000,,
0.906250000,0.609375000,,
0.921875000,0.609375000,,
0.937500000,0.609375000,,
0.953125000,0.609375000,,
0.968750000,0.609375000,,
0.984375000,0.609375000,,
1.000000000,0.609375000,,
-1.000000000,0.625000000,,
-0.984375000,0.625000000,,
-0.968750000,0.625000000,,
-0.953125000,0.625000000,,
-0.937500000,0.625000000,,
-0.921875000,0.625000000,,
-0.906250000,0.625000000,,
-0.890625000,0.625000000,,
-0.875000000,0.625000000,,
-0.859375000,0.625000000,,
-0.843750000,0.625000000,,
-0.828125000,0.625000000,,
-0.812500000,0.625000000,,
-0.796875000,0.625000000,,
-0.781250000,0.625000000,,
-0.765625000,0.625000000,,
-0.750000000,0.625000000,,
-0.734375000,0.625000000,,
-0.718750000,0.625000000,,
-0.703125000,0.625000000,,
-0.687500000,0.625000000,,
-0.671875000,0.625000000,,
-0.656250000,0.625000000,-0.0763815303270,-0.0477384564544
-0.640625000,0.625000000,-0.380305375200,-0.237690859500
-0.625000000,0.625000000,-0.648306336873,-0.405191460546
-0.609375000,0.625000000,-0.882475215979,-0.551547009987
-0.593750000,0.625000000,-1.08485158033,-0.678032237705
-0.578125000,0.625000000,-1.25742189261,-0.785888682880
-0.562500000,0.625000000,-1.40211845153,-0.876324032205
-0.546875000,0.625000000,-1.52081895109,-0.950511844431
-0.531250000,0.625000000,-1.61534649635,-1.00959156022
-0.515625000,0.625000000,-1.68746994586,-1.05466871616
-0.500000000,0.625000000,-1.73890447429,-1.08681529643
-0.484375000,0.625000000,-1.77131227167,-1.10707016980
-0.468750000,0.625000000,-1.78630331079,-1.11643956924
-0.453125000,0.625000000,-1.78543613012,-1.11589758132
-0.437500000,0.625000000,-1.77021859177,-1.10638661985
-0.421875000,0.625000000,-1.74200633856,-1.08875396160
-0.406250000,0.625000000,-1.70242339346,-1.06401462091
-0.390625000,0.625000000,-1.65271492865,-1.03294683041
-0.375000000,0.625000000,-1.59419241729,-0.996370260807
-0.359375000,0.625000000,-1.52811923694,-0.955074523087
-0.343750000,0.625000000,-1.45571087799,-0.909819298745
-0.328125000,0.625000000,-1.37813504457,-0.861334402858
-0.312500000,0.625000000,-1.29651165049,-0.810319781555
-0.296875000,0.625000000,-1.21191271816,-0.757445448851
-0.281250000,0.625000000,-1.12536218687,-0.703351366792
-0.265625000,0.625000000,-1.03783564142,-0.648647275888
-0.250000000,0.625000000,-0.950259968416,-0.593912480260
-0.234375000,0.625000000,-0.863512953431,-0.539695595894
-0.218750000,0.625000000,-0.778422827716,-0.486514267322
-0.203125000,0.625000000,-0.695767776765,-0.434854860478
-0.187500000,0.625000000,-0.616275420603,-0.385172137877
-0.171875000,0.625000000,-0.540773511721,-0.337983444826
-0.156250000,0.625000000,-0.469581664233,-0.293488540146
-0.140625000,0.625000000,-0.403426894521,-0.252141809076
-0.125000000,0.625000000,-0.342829169399,-0.214268230874
-0.109375000,0.625000000,-0.288255241440,-0.180159525900
-0.093750000,0.625000000,-0.240118173454,-0.150073858409
-0.078125000,0.625000000,-0.198776901393,-0.124235563370
-0.062500000,0.625000000,-0.164535841243,-0.102834900777
-0.046875000,0.625000000,-0.137644546498,-0.0860278415613
-0.031250000,0.625000000,-0.118297420267,-0.0739358876672
-0.015625000,0.625000000,-0.106633487766,-0.0666459298538
0.000000000,0.625000000,-0.102736230791,-0.0642101442447
0.015625000,0.625000000,-0.106633487766,-0.0666459298538
0.031250000,0.625000000,-0.118297420267,-0.0739358876672
0.046875000,0.625000000,-0.137644546498,-0.0860278415613
0.062500000,0.625000000,-0.164535841243,-0.102834900777
0.078125000,0.625000000,-0.198776901393,-0.124235563370
0.093750000,0.625000000,-0.240118173454,-0.150073858409
0.109375000,0.625000000,-0.288255241440,-0.180159525900
0.125000000,0.625000000,-0.342829169399,-0.214268230874
0.140625000,0.625000000,-0.403426894521,-0.252141809076
0.156250000,0.625000000,-0.469581664233,-0.293488540146
0.171875000,0.625000000,-0.540773511721,-0.337983444826
0.187500000,0.625000000,-0.616275420603,-0.385172137877
0.203125000,0.625000000,-0.695767776765,-0.434854860478
0.218750000,0.625000000,-0.778422827716,-0.486514267322
0.234375000,0.625000000,-0.863512953431,-0.539695595894
0.250000000,0.625000000,-0.950259968416,-0.593912480260
0.265625000,0.625000000,-1.03783564142,-0.648647275888
0.281250000,0.625000000,-1.12536218687,-0.703351366792
0.296875000,0.625000000,-1.21191271816,-0.757445448851
0.312500000,0.625000000,-1.29651165049,-0.810319781555
0.328125000,0.625000000,-1.37813504457,-0.861334402858
0.343750000,0.625000000,-1.45571087799,-0.909819298745
0.359375000,0.625000000,-1.52811923694,-0.955074523087
0.375000000,0.625000000,-1.59419241729,-0.996370260807
0.390625000,0.625000000,-1.65271492865,-1.03294683041
0.406250000,0.625000000,-1.70242339346,-1.06401462091
0.421875000,0.625000000,-1.74200633856,-1.08875396160
0.437500000,0.625000000,-1.77021859177,-1.10638661985
0.453125000,0.625000000,-1.78543613012,-1.11589758132
0.468750000,0.625000000,-1.78630331079,-1.11643956924
0.484375000,0.625000000,-1.77131227167,-1.10707016980
0.500000000,0.625000000,-1.73890447429,-1.08681529643
0.515625000,0.625000000,-1.68746994586,-1.05466871616
0.531250000,0.625000000,-1.61534649635,-1.00959156022
0.546875000,0.625000000,-1.52081895109,-0.950511844431
0.562500000,0.625000000,-1.40211845153,-0.876324032205
0.578125000,0.625000000,-1.25742189261,-0.785888682880
0.593750000,0.625000000,-1.08485158033,-0.678032237705
0.609375000,0.625000000,-0.882475215979,-0.551547009987
0.625000000,0.625000000,-0.648306336873,-0.405191460546
0.640625000,0.625000000,-0.380305375200,-0.237690859500
0.656250000,0.625000000,-0.0763815303270,-0.0477384564544
0.671875000,0.625000000,,
0.687500000,0.625000000,,
0.703125000,0.625000000,,
0.718750000,0.625000000,,
0.734375000,0.625000000,,
0.750000000,0.625000000,,
0.765625000,0.625000000,,
0.781250000,0.625000000,,
0.796875000,0.625000000,,
0.812500000,0.625000000,,
0.828125000,0.625000000,,
0.843750000,0.625000000,,
0.859375000,0.625000000,,
0.875000000,0.625000000,,
0.890625000,0.625000000,,
0.906250000,0.625000000,,
0.921875000,0.625000000,,
0.937500000,0.625000000,,
0.953125000,0.625000000,,
0.968750000,0.625000000,,
0.984375000,0.625000000,,
1.000000000,0.625000000,,
-1.000000000,0.640625000,,
-0.984375000,0.640625000,,
-0.968750000,0.640625000,,
-0.953125000,0.640625000,,
-0.937500000,0.640625000,,
-0.921875000,0.640625000,,
-0.906250000,0.640625000,,
-0.890625000,0.640625000,,
-0.875000000,0.640625000,,
-0.859375000,0.640625000,,
-0.843750000,0.640625000,,
-0.828125000,0.640625000,,
-0.812500000,0.640625000,,
-0.796875000,0.640625000,,
-0.781250000,0.640625000,,
-0.765625000,0.640625000,,
-0.750000000,0.640625000,,
-0.734375000,0.640625000,,
-0.718750000,0.640625000,,
-0.703125000,0.640625000,,
-0.687500000,0.640625000,,
-0.671875000,0.640625000,,
-0.656250000,0.640625000,,
-0.640625000,0.640625000,-0.244025372350,-0.152515857719
-0.625000000,0.640625000,-0.537168395160,-0.335730246975
-0.609375000,0.640625000,-0.794823167353,-0.496764479596
-0.593750000,0.640625000,-1.01906537544,-0.636915859650
-0.578125000,0.640625000,-1.21192343366,-0.757452146040
-0.562500000,0.640625000,-1.37537650304,-0.859610314398
-0.546875000,0.640625000,-1.51135324498,-0.944595778112
-0.531250000,0.640625000,-1.62173113018,-1.01358195637
-0.515625000,0.640625000,-1.70833615861,-1.06771009913
-0.500000000,0.640625000,-1.77294286992,-1.10808929370
-0.484375000,0.640625000,-1.81727455244,-1.13579659527
-0.468750000,0.640625000,-1.84300357098,-1.15187723186
-0.453125000,0.640625000,-1.85175175517,-1.15734484698
-0.437500000,0.640625000,-1.84498922587,-1.15311826617
-0.421875000,0.640625000,-1.82445258299,-1.14028286437
-0.406250000,0.640625000,-1.79149985274,-1.11968740796
-0.390625000,0.640625000,-1.74755454450,-1.09222159031
-0.375000000,0.640625000,-1.69399115408,-1.05874447130
-0.359375000,0.640625000,-1.63213525147,-1.02008453217
-0.343750000,0.640625000,-1.56326347510,-0.977039671935
-0.328125000,0.640625000,-1.48860343227,-0.930377145166
-0.312500000,0.640625000,-1.40933350829,-0.880833442683
-0.296875000,0.640625000,-1.32658259086,-0.829114119287
-0.281250000,0.640625000,-1.24142971403,-0.775893571269
-0.265625000,0.640625000,-1.15490363273,-0.721814770457
-0.250000000,0.640625000,-1.06798233549,-0.667488959681
-0.234375000,0.640625000,-0.981592505387,-0.613495315867
-0.218750000,0.640625000,-0.896608940172,-0.560380587608
-0.203125000,0.640625000,-0.813853941614,-0.508658713509
-0.187500000,0.640625000,-0.734096685721,-0.458810428575
-0.171875000,0.640625000,-0.658052582849,-0.411282864281
-0.156250000,0.640625000,-0.586382639674,-0.366489149796
-0.140625000,0.640625000,-0.519692831466,-0.324808019666
-0.125000000,0.640625000,-0.458533495469,-0.286583434668
-0.109375000,0.640625000,-0.403398753022,-0.252124220639
-0.093750000,0.640625000,-0.354725970114,-0.221703731321
-0.078125000,0.640625000,-0.312895261952,-0.195559538720
-0.062500000,0.640625000,-0.278229050269,-0.173893156418
-0.046875000,0.640625000,-0.250991678410,-0.156869799007
-0.031250000,0.640625000,-0.231389088810,-0.144618180506
-0.015625000,0.640625000,-0.219568568229,-0.137230355143
0.000000000,0.640625000,-0.215618563155,-0.134761601972
0.015625000,0.640625000,-0.219568568229,-0.137230355143
0.031250000,0.640625000,-0.231389088810,-0.144618180506
0.046875000,0.640625000,-0.250991678410,-0.156869799007
0.062500000,0.640625000,-0.278229050269,-0.173893156418
0.078125000,0.640625000,-0.312895261952,-0.195559538720
0.093750000,0.640625000,-0.354725970114,-0.221703731321
0.109375000,0.640625000,-0.403398753022,-0.252124220639
0.125000000,0.640625000,-0.458533495469,-0.286583434668
0.140625000,0.640625000,-0.519692831466,-0.324808019666
0.156250000,0.640625000,-0.586382639674,-0.366489149796
0.171875000,0.640625000,-0.658052582849,-0.411282864281
0.187500000,0.640625000,-0.734096685721,-0.458810428575
0.203125000,0.640625000,-0.813853941614,-0.508658713509
0.218750000,0.640625000,-0.896608940172,-0.560380587608
0.234375000,0.640625000,-0.981592505387,-0.613495315867
0.250000000,0.640625000,-1.06798233549,-0.667488959681
0.265625000,0.640625000,-1.15490363273,-0.721814770457
0.281250000,0.640625000,-1.24142971403,-0.775893571269
0.296875000,0.640625000,-1.32658259086,-0.829114119287
0.312500000,0.640625000,-1.40933350829,-0.880833442683
0.328125000,0.640625000,-1.48860343227,-0.930377145166
0.343750000,0.640625000,-1.56326347510,-0.977039671935
0.359375000,0.640625000,-1.63213525147,-1.02008453217
0.375000000,0.640625000,-1.69399115408,-1.05874447130
0.390625000,0.640625000,-1.74755454450,-1.09222159031
0.406250000,0.640625000,-1.79149985274,-1.11968740796
0.421875000,0.640625000,-1.82445258299,-1.14028286437
0.437500000,0.640625000,-1.84498922587,-1.15311826617
0.453125000,0.640625000,-1.85175175517,-1.15734484698
0.468750000,0.640625000,-1.84300357098,-1.15187723186
0.484375000,0.640625000,-1.81727455244,-1.13579659527
0.500000000,0.640625000,-1.77294286992,-1.10808929370
0.515625000,0.640625000,-1.70833615861,-1.06771009913
0.531250000,0.640625000,-1.62173113018,-1.01358195637
0.546875000,0.640625000,-1.51135324498,-0.944595778112
0.562500000,0.640625000,-1.37537650304,-0.859610314398
0.578125000,0.640625000,-1.21192343366,-0.757452146040
0.593750000,0.640625000,-1.01906537544,-0.636915859650
0.609375000,0.640625000,-0.794823167353,-0.496764479596
0.625000000,0.640625000,-0.537168395160,-0.335730246975
0.640625000,0.640625000,-0.244025372350,-0.152515857719
0.656250000,0.640625000,,
0.671875000,0.640625000,,
0.687500000,0.640625000,,
0.703125000,0.640625000,,
0.718750000,0.640625000,,
0.734375000,0.640625000,,
0.750000000,0.640625000,,
0.765625000,0.640625000,,
0.781250000,0.640625000,,
0.796875000,0.640625000,,
0.812500000,0.640625000,,
0.828125000,0.640625000,,
0.843750000,0.640625000,,
0.859375000,0.640625000,,
0.875000000,0.640625000,,
0.890625000,0.640625000,,
0.906250000,0.640625000,,
0.921875000,0.640625000,,
0.937500000,0.640625000,,
0.953125000,0.640625000,,
0.968750000,0.640625000,,
0.984375000,0.640625000,,
1.000000000,0.640625000,,
-1.000000000,0.656250000,,
-0.984375000,0.656250000,,
-0.968750000,0.656250000,,
-0.953125000,0.656250000,,
-0.937500000,0.656250000,,
-0.921875000,0.656250000,,
-0.906250000,0.656250000,,
-0.890625000,0.656250000,,
-0.875000000,0.656250000,,
-0.859375000,0.656250000,,
-0.843750000,0.656250000,,
-0.828125000,0.656250000,,
-0.812500000,0.656250000,,
-0.796875000,0.656250000,,
-0.781250000,0.656250000,,
-0.765625000,0.656250000,,
-0.750000000,0.656250000,,
-0.734375000,0.656250000,,
-0.718750000,0.656250000,,
-0.703125000,0.656250000,,
-0.687500000,0.656250000,,
-0.671875000,0.656250000,,
-0.656250000,0.656250000,,
-0.640625000,0.656250000,,
-0.625000000,0.656250000,-0.409435147065,-0.255896966916
-0.609375000,0.656250000,-0.692161418609,-0.432600886630
-0.593750000,0.656250000,-0.939823762614,-0.587389851634
-0.578125000,0.656250000,-1.15448836145,-0.721555225904
-0.562500000,0.656250000,-1.33817781382,-0.836361133638
-0.546875000,0.656250000,-1.49286898208,-0.933043113797
-0.531250000,0.656250000,-1.62049150758,-1.01280719224
-0.515625000,0.656250000,-1.72292683080,-1.07682926925
-0.500000000,0.656250000,-1.80200758573,-1.12625474108
-0.484375000,0.656250000,-1.85951725799,-1.16219828625
-0.468750000,0.656250000,-1.89719002469,-1.18574376543
-0.453125000,0.656250000,-1.91660875600,-1.19788047250
-0.437500000,0.656250000,-1.91962493446,-1.19976558404
-0.421875000,0.656250000,-1.90770909775,-1.19231818609
-0.406250000,0.656250000,-1.88239822304,-1.17649888940
-0.390625000,0.656250000,-1.84517989123,-1.15323743202
-0.375000000,0.656250000,-1.79749219067,-1.12343261917
-0.359375000,0.656250000,-1.74072355273,-1.08795222045
-0.343750000,0.656250000,-1.67621251182,-1.04763281989
-0.328125000,0.656250000,-1.60524738844,-1.00327961778
-0.312500000,0.656250000,-1.52906589662,-0.955666185390
-0.296875000,0.656250000,-1.44885467842,-0.905534174010
-0.281250000,0.656250000,-1.36574877265,-0.853592982904
-0.265625000,0.656250000,-1.28083102365,-0.800519389784
-0.250000000,0.656250000,-1.19513143947,-0.746957149667
-0.234375000,0.656250000,-1.10962650805,-0.693516567530
-0.218750000,0.656250000,-1.02523848242,-0.640774051515
-0.203125000,0.656250000,-0.942834643859,-0.589271652412
-0.187500000,0.656250000,-0.863226553801,-0.539516596126
-0.171875000,0.656250000,-0.787169305629,-0.491980816018
-0.156250000,0.656250000,-0.715360785358,-0.447100490849
-0.140625000,0.656250000,-0.648440951323,-0.405275594577
-0.125000000,0.656250000,-0.586991142984,-0.366869464365
-0.109375000,0.656250000,-0.531533426759,-0.332208391724
-0.093750000,0.656250000,-0.482529987216,-0.301581242010
-0.078125000,0.656250000,-0.440382572097,-0.275239107561
-0.062500000,0.656250000,-0.405431996729,-0.253394997956
-0.046875000,0.656250000,-0.377957714187,-0.236223571367
-0.031250000,0.656250000,-0.358177456841,-0.223860910525
-0.015625000,0.656250000,-0.346246953255,-0.216404345784
0.000000000,0.656250000,-0.342259723032,-0.213912326895
0.015625000,0.656250000,-0.346246953255,-0.216404345784
0.031250000,0.656250000,-0.358177456841,-0.223860910525
0.046875000,0.656250000,-0.377957714187,-0.236223571367
0.062500000,0.656250000,-0.405431996729,-0.253394997956
0.078125000,0.656250000,-0.440382572097,-0.275239107561
0.093750000,0.656250000,-0.482529987216,-0.301581242010
0.109375000,0.656250000,-0.531533426759,-0.332208391724
0.125000000,0.656250000,-0.586991142984,-0.366869464365
0.140625000,0.656250000,-0.648440951323,-0.405275594577
0.156250000,0.656250000,-0.715360785358,-0.447100490849
0.171875000,0.656250000,-0.787169305629,-0.491980816018
0.187500000,0.656250000,-0.863226553801,-0.539516596126
0.203125000,0.656250000,-0.942834643859,-0.589271652412
0.218750000,0.656250000,-1.02523848242,-0.640774051515
0.234375000,0.656250000,-1.10962650805,-0.693516567530
0.250000000,0.656250000,-1.19513143947,-0.746957149667
0.265625000,0.656250000,-1.28083102365,-0.800519389784
0.281250000,0.656250000,-1.36574877265,-0.853592982904
0.296875000,0.656250000,-1.44885467842,-0.905534174010
0.312500000,0.656250000,-1.52906589662,-0.955666185390
0.328125000,0.656250000,-1.60524738844,-1.00327961778
0.343750000,0.656250000,-1.67621251182,-1.04763281989
0.359375000,0.656250000,-1.74072355273,-1.08795222045
0.375000000,0.656250000,-1.79749219067,-1.12343261917
0.390625000,0.656250000,-1.84517989123,-1.15323743202
0.406250000,0.656250000,-1.88239822304,-1.17649888940
0.421875000,0.656250000,-1.90770909775,-1.19231818609
0.437500000,0.656250000,-1.91962493446,-1.19976558404
0.453125000,0.656250000,-1.91660875600,-1.19788047250
0.468750000,0.656250000,-1.89719002469,-1.18574376543
0.484375000,0.656250000,-1.85951725799,-1.16219828625
0.500000000,0.656250000,-1.80200758573,-1.12625474108
0.515625000,0.656250000,-1.72292683080,-1.07682926925
0.531250000,0.656250000,-1.62049150758,-1.01280719224
0.546875000,0.656250000,-1.49286898208,-0.933043113797
0.562500000,0.656250000,-1.33817781382,-0.836361133638
0.578125000,0.656250000,-1.15448836145,-0.721555225904
0.593750000,0.656250000,-0.939823762614,-0.587389851634
0.609375000,0.656250000,-0.692161418609,-0.432600886630
0.625000000,0.656250000,-0.409435147065,-0.255896966916
0.640625000,0.656250000,,
0.656250000,0.656250000,,
0.671875000,0.656250000,,
0.687500000,0.656250000,,
0.703125000,0.656250000,,
0.718750000,0.656250000,,
0.734375000,0.656250000,,
0.750000000,0.656250000,,
0.765625000,0.656250000,,
0.781250000,0.656250000,,
0.796875000,0.656250000,,
0.812500000,0.656250000,,
0.828125000,0.656250000,,
0.843750000,0.656250000,,
0.859375000,0.656250000,,
0.875000000,0.656250000,,
0.890625000,0.656250000,,
0.906250000,0.656250000,,
0.921875000,0.656250000,,
0.937500000,0.656250000,,
0.953125000,0.656250000,,
0.968750000,0.656250000,,
0.984375000,0.656250000,,
1.000000000,0.656250000,,
-1.000000000,0.671875000,,
-0.984375000,0.671875000,,
-0.968750000,0.671875000,,
-0.953125000,0.671875000,,
-0.937500000,0.671875000,,
-0.921875000,0.671875000,,
-0.906250000,0.671875000,,
-0.890625000,0.671875000,,
-0.875000000,0.671875000,,
-0.859375000,0.671875000,,
-0.843750000,0.671875000,,
-0.828125000,0.671875000,,
-0.812500000,0.671875000,,
-0.796875000,0.671875000,,
-0.781250000,0.671875000,,
-0.765625000,0.671875000,,
-0.750000000,0.671875000,,
-0.734375000,0.671875000,,
-0.718750000,0.671875000,,
-0.703125000,0.671875000,,
-0.687500000,0.671875000,,
-0.671875000,0.671875000,,
-0.656250000,0.671875000,,
-0.640625000,0.671875000,,
-0.625000000,0.671875000,,
-0.609375000,0.671875000,,
-0.593750000,0.671875000,-0.845604699121,-0.528502936951
-0.578125000,0.671875000,-1.08365727948,-0.677285799677
-0.562500000,0.671875000,-1.28912981922,-0.805706137015
-0.546875000,0.671875000,-1.46404381111,-0.915027381945
-0.531250000,0.671875000,-1.61037815351,-1.00648634594
-0.515625000,0.671875000,-1.73006738637,-1.08129211648
-0.500000000,0.671875000,-1.82500039172,-1.14062524482
-0.484375000,0.671875000,-1.89701943841,-1.18563714901
-0.468750000,0.671875000,-1.94781604755,-1.21738502972
-0.453125000,0.671875000,-1.97935702480,-1.23709814050
-0.437500000,0.671875000,-1.99322321360,-1.24576450850
-0.421875000,0.671875000,-1.99106492996,-1.24441558123
-0.406250000,0.671875000,-1.97448342933,-1.23405214333
-0.390625000,0.671875000,-1.94503053951,-1.21564408720
-0.375000000,0.671875000,-1.90420826437,-1.19013016523
-0.359375000,0.671875000,-1.85346834100,-1.15841771312
-0.343750000,0.671875000,-1.79421174485,-1.12138234053
-0.328125000,0.671875000,-1.72778813623,-1.07986758515
-0.312500000,0.671875000,-1.65549524798,-1.03468452999
-0.296875000,0.671875000,-1.57857821556,-0.986611384724
-0.281250000,0.671875000,-1.49822885567,-0.936393034797
-0.265625000,0.671875000,-1.41558489715,-0.884740560716
-0.250000000,0.671875000,-1.33172917328,-0.832330733300
-0.234375000,0.671875000,-1.24768878307,-0.779805489418
-0.218750000,0.671875000,-1.16443423229,-0.727771395180
-0.203125000,0.671875000,-1.08287856134,-0.676799100835
-0.187500000,0.671875000,-1.00387647314,-0.627422795713
-0.171875000,0.671875000,-0.928223468231,-0.580139667644
-0.156250000,0.671875000,-0.856654998603,-0.535409374127
-0.140625000,0.671875000,-0.789845649957,-0.493653531223
-0.125000000,0.671875000,-0.728408360526,-0.455255225329
-0.109375000,0.671875000,-0.672893686040,-0.420558553775
-0.093750000,0.671875000,-0.623789119180,-0.389868199487
-0.078125000,0.671875000,-0.581518470294,-0.363449043934
-0.062500000,0.671875000,-0.546441316441,-0.341525822775
-0.046875000,0.671875000,-0.518852525671,-0.324282828544
-0.031250000,0.671875000,-0.498981859128,-0.311863661955
-0.015625000,0.671875000,-0.486993658626,-0.304371036641
0.000000000,0.671875000,-0.482986620495,-0.301866637809
0.015625000,0.671875000,-0.486993658626,-0.304371036641
0.031250000,0.671875000,-0.498981859128,-0.311863661955
0.046875000,0.671875000,-0.518852525671,-0.324282828544
0.062500000,0.671875000,-0.546441316441,-0.341525822775
0.078125000,0.671875000,-0.581518470294,-0.363449043934
0.093750000,0.671875000,-0.623789119180,-0.389868199487
0.109375000,0.671875000,-0.672893686040,-0.420558553775
0.125000000,0.671875000,-0.728408360526,-0.455255225329
0.140625000,0.671875000,-0.789845649957,-0.493653531223
0.156250000,0.671875000,-0.856654998603,-0.535409374127
0.171875000,0.671875000,-0.928223468231,-0.580139667644
0.187500000,0.671875000,-1.00387647314,-0.627422795713
0.203125000,0.671875000,-1.08287856134,-0.676799100835
0.218750000,0.671875000,-1.16443423229,-0.727771395180
0.234375000,0.671875000,-1.24768878307,-0.779805489418
0.250000000,0.671875000,-1.33172917328,-0.832330733300
0.265625000,0.671875000,-1.41558489715,-0.884740560716
0.281250000,0.671875000,-1.49822885567,-0.936393034797
0.296875000,0.671875000,-1.57857821556,-0.986611384724
0.312500000,0.671875000,-1.65549524798,-1.03468452999
0.328125000,0.671875000,-1.72778813623,-1.07986758515
0.343750000,0.671875000,-1.79421174485,-1.12138234053
0.359375000,0.671875000,-1.85346834100,-1.15841771312
0.375000000,0.671875000,-1.90420826437,-1.19013016523
0.390625000,0.671875000,-1.94503053951,-1.21564408720
0.406250000,0.671875000,-1.97448342933,-1.23405214333
0.421875000,0.671875000,-1.99106492996,-1.24441558123
0.437500000,0.671875000,-1.99322321360,-1.24576450850
0.453125000,0.671875000,-1.97935702480,-1.23709814050
0.468750000,0.671875000,-1.94781604755,-1.21738502972
0.484375000,0.671875000,-1.89701943841,-1.18563714901
0.500000000,0.671875000,-1.82500039172,-1.14062524482
0.515625000,0.671875000,-1.73006738637,-1.08129211648
0.531250000,0.671875000,-1.61037815351,-1.00648634594
0.546875000,0.671875000,-1.46404381111,-0.915027381945
0.562500000,0.671875000,-1.28912981922,-0.805706137015
0.578125000,0.671875000,-1.08365727948,-0.677285799677
0.593750000,0.671875000,-0.845604699121,-0.528502936951
0.609375000,0.671875000,,
0.625000000,0.671875000,,
0.640625000,0.671875000,,
0.656250000,0.671875000,,
0.671875000,0.671875000,,
0.687500000,0.671875000,,
0.703125000,0.671875000,,
0.718750000,0.671875000,,
0.734375000,0.671875000,,
0.750000000,0.671875000,,
0.765625000,0.671875000,,
0.781250000,0.671875000,,
0.796875000,0.671875000,,
0.812500000,0.671875000,,
0.828125000,0.671875000,,
0.843750000,0.671875000,,
0.859375000,0.671875000,,
0.875000000,0.671875000,,
0.890625000,0.671875000,,
0.906250000,0.671875000,,
0.921875000,0.671875000,,
0.937500000,0.671875000,,
0.953125000,0.671875000,,
0.968750000,0.671875000,,
0.984375000,0.671875000,,
1.000000000,0.671875000,,
-1.000000000,0.687500000,,
-0.984375000,0.687500000,,
-0.968750000,0.687500000,,
-0.953125000,0.687500000,,
-0.937500000,0.687500000,,
-0.921875000,0.687500000,,
-0.906250000,0.687500000,,
-0.890625000,0.687500000,,
-0.875000000,0.687500000,,
-0.859375000,0.687500000,,
-0.843750000,0.687500000,,
-0.828125000,0.687500000,,
-0.812500000,0.687500000,,
-0.796875000,0.687500000,,
-0.781250000,0.687500000,,
-0.765625000,0.687500000,,
-0.750000000,0.687500000,,
-0.734375000,0.687500000,,
-0.718750000,0.687500000,,
-0.703125000,0.687500000,,
-0.687500000,0.687500000,,
-0.671875000,0.687500000,,
-0.656250000,0.687500000,,
-0.640625000,0.687500000,,
-0.625000000,0.687500000,,
-0.609375000,0.687500000,,
-0.593750000,0.687500000,,
-0.578125000,0.687500000,-0.997880866079,-0.623675541299
-0.562500000,0.687500000,-1.22674440663,-0.766715254146
-0.546875000,0.687500000,-1.42345520345,-0.889659502156
-0.531250000,0.687500000,-1.59003766865,-0.993773542905
-0.515625000,0.687500000,-1.72847635711,-1.08029772319
-0.500000000,0.687500000,-1.84071388897,-1.15044618061
-0.484375000,0.687500000,-1.92864930493,-1.20540581558
-0.468750000,0.687500000,-1.99404439386,-1.24627774616
-0.453125000,0.687500000,-2.03890396417,-1.27431497761
-0.437500000,0.687500000,-2.06488337093,-1.29055210683
-0.421875000,0.687500000,-2.07369631723,-1.29606019827
-0.406250000,0.687500000,-2.06700798592,-1.29187999120
-0.390625000,0.687500000,-2.04643430937,-1.27902144336
-0.375000000,0.687500000,-2.01354124041,-1.25846327526
-0.359375000,0.687500000,-1.96984400571,-1.23115250357
-0.343750000,0.687500000,-1.91680633037,-1.19800395648
-0.328125000,0.687500000,-1.85583962675,-1.15989976672
-0.312500000,0.687500000,-1.78830214220,-1.11768883888
-0.296875000,0.687500000,-1.71549806850,-1.07218629281
-0.281250000,0.687500000,-1.63867661346,-1.02417288341
-0.265625000,0.687500000,-1.55903104058,-0.974394400361
-0.250000000,0.687500000,-1.47769768288,-0.923561051803
-0.234375000,0.687500000,-1.39575493773,-0.872346836083
-0.218750000,0.687500000,-1.31422225312,-0.821388908199
-0.203125000,0.687500000,-1.23405911232,-0.771286945201
-0.187500000,0.687500000,-1.15616402737,-0.722602517106
-0.171875000,0.687500000,-1.08137355183,-0.675858469896
-0.156250000,0.687500000,-1.01046132083,-0.631538325516
-0.140625000,0.687500000,-0.944137128800,-0.590085705500
-0.125000000,0.687500000,-0.883046054117,-0.551903783823
-0.109375000,0.687500000,-0.827767638442,-0.517354774026
-0.093750000,0.687500000,-0.778815129782,-0.486759456114
-0.078125000,0.687500000,-0.736634795612,-0.460396747258
-0.062500000,0.687500000,-0.701605314098,-0.438503321311
-0.046875000,0.687500000,-0.674037248325,-0.421273280203
-0.031250000,0.687500000,-0.654172608973,-0.408857880608
-0.015625000,0.687500000,-0.642184509753,-0.401365318596
0.000000000,0.687500000,-0.638176919072,-0.398860574420
0.015625000,0.687500000,-0.642184509753,-0.401365318596
0.031250000,0.687500000,-0.654172608973,-0.408857880608
0.046875000,0.687500000,-0.674037248325,-0.421273280203
0.062500000,0.687500000,-0.701605314098,-0.438503321311
0.078125000,0.687500000,-0.736634795612,-0.460396747258
0.093750000,0.687500000,-0.778815129782,-0.486759456114
0.109375000,0.687500000,-0.827767638442,-0.517354774026
0.125000000,0.687500000,-0.883046054117,-0.551903783823
0.140625000,0.687500000,-0.944137128800,-0.590085705500
0.156250000,0.687500000,-1.01046132083,-0.631538325516
0.171875000,0.687500000,-1.08137355183,-0.675858469896
0.187500000,0.687500000,-1.15616402737,-0.722602517106
0.203125000,0.687500000,-1.23405911232,-0.771286945201
0.218750000,0.687500000,-1.31422225312,-0.821388908199
0.234375000,0.687500000,-1.39575493773,-0.872346836083
0.250000000,0.687500000,-1.47769768288,-0.923561051803
0.265625000,0.687500000,-1.55903104058,-0.974394400361
0.281250000,0.687500000,-1.63867661346,-1.02417288341
0.296875000,0.687500000,-1.71549806850,-1.07218629281
0.312500000,0.687500000,-1.78830214220,-1.11768883888
0.328125000,0.687500000,-1.85583962675,-1.15989976672
0.343750000,0.687500000,-1.91680633037,-1.19800395648
0.359375000,0.687500000,-1.96984400571,-1.23115250357
0.375000000,0.687500000,-2.01354124041,-1.25846327526
0.390625000,0.687500000,-2.04643430937,-1.27902144336
0.406250000,0.687500000,-2.06700798592,-1.29187999120
0.421875000,0.687500000,-2.07369631723,-1.29606019827
0.437500000,0.687500000,-2.06488337093,-1.29055210683
0.453125000,0.687500000,-2.03890396417,-1.27431497761
0.468750000,0.687500000,-1.99404439386,-1.24627774616
0.484375000,0.687500000,-1.92864930493,-1.20540581558
0.500000000,0.687500000,-1.84071388897,-1.15044618061
0.515625000,0.687500000,-1.72847635711,-1.08029772319
0.531250000,0.687500000,-1.59003766865,-0.993773542905
0.546875000,0.687500000,-1.42345520345,-0.889659502156
0.562500000,0.687500000,-1.22674440663,-0.766715254146
0.578125000,0.687500000,-0.997880866079,-0.623675541299
0.593750000,0.687500000,,
0.609375000,0.687500000,,
0.625000000,0.687500000,,
0.640625000,0.687500000,,
0.656250000,0.687500000,,
0.671875000,0.687500000,,
0.687500000,0.687500000,,
0.703125000,0.687500000,,
0.718750000,0.687500000,,
0.734375000,0.687500000,,
0.750000000,0.687500000,,
0.765625000,0.687500000,,
0.781250000,0.687500000,,
0.796875000,0.687500000,,
0.812500000,0.687500000,,
0.828125000,0.687500000,,
0.843750000,0.687500000,,
0.859375000,0.687500000,,
0.875000000,0.687500000,,
0.890625000,0.687500000,,
0.906250000,0.687500000,,
0.921875000,0.687500000,,
0.937500000,0.687500000,,
0.953125000,0.687500000,,
0.968750000,0.687500000,,
0.984375000,0.687500000,,
1.000000000,0.687500000,,
-1.000000000,0.703125000,,
-0.984375000,0.703125000,,
-0.968750000,0.703125000,,
-0.953125000,0.703125000,,
-0.937500000,0.703125000,,
-0.921875000,0.703125000,,
-0.906250000,0.703125000,,
-0.890625000,0.703125000,,
-0.875000000,0.703125000,,
-0.859375000,0.703125000,,
-0.843750000,0.703125000,,
-0.828125000,0.703125000,,
-0.812500000,0.703125000,,
-0.796875000,0.703125000,,
-0.781250000,0.703125000,,
-0.765625000,0.703125000,,
-0.750000000,0.703125000,,
-0.734375000,0.703125000,,
-0.718750000,0.703125000,,
-0.703125000,0.703125000,,
-0.687500000,0.703125000,,
-0.671875000,0.703125000,,
-0.656250000,0.703125000,,
-0.640625000,0.703125000,,
-0.625000000,0.703125000,,
-0.609375000,0.703125000,,
-0.593750000,0.703125000,,
-0.578125000,0.703125000,,
-0.562500000,0.703125000,-1.14944433256,-0.718402707852
-0.546875000,0.703125000,-1.36958500754,-0.855990629713
-0.531250000,0.703125000,-1.55801558671,-0.973759741696
-0.515625000,0.703125000,-1.71676669651,-1.07297918532
-0.500000000,0.703125000,-1.84783141499,-1.15489463437
-0.484375000,0.703125000,-1.95306754615,-1.22066721635
-0.468750000,0.703125000,-2.03458967854,-1.27161854909
-0.453125000,0.703125000,-2.09415539231,-1.30884712020
-0.437500000,0.703125000,-2.13358722225,-1.33349201391
-0.421875000,0.703125000,-2.15466121169,-1.34666325731
-0.406250000,0.703125000,-2.15910571117,-1.34944106948
-0.390625000,0.703125000,-2.14860024447,-1.34287515279
-0.375000000,0.703125000,-2.12477441229,-1.32798400768
-0.359375000,0.703125000,-2.08920681084,-1.30575425678
-0.343750000,0.703125000,-2.04342394901,-1.27713996813
-0.328125000,0.703125000,-1.98889915315,-1.24306197072
-0.312500000,0.703125000,-1.92705145540,-1.20440715962
-0.296875000,0.703125000,-1.85924446059,-1.16202778787
-0.281250000,0.703125000,-1.78678519500,-1.11674074687
-0.265625000,0.703125000,-1.71092293786,-1.06932683616
-0.250000000,0.703125000,-1.63284804280,-1.02053002675
-0.234375000,0.703125000,-1.55369075404,-0.971056721276
-0.218750000,0.703125000,-1.47452002600,-0.921575016251
-0.203125000,0.703125000,-1.39634235389,-0.872713971181
-0.187500000,0.703125000,-1.32010062545,-0.825062890908
-0.171875000,0.703125000,-1.24667300099,-0.779170625620
-0.156250000,0.703125000,-1.17687183319,-0.735544895741
-0.140625000,0.703125000,-1.11144263398,-0.694651646237
-0.125000000,0.703125000,-1.05106309874,-0.656914436711
-0.109375000,0.703125000,-0.996342194796,-0.622713871747
-0.093750000,0.703125000,-0.947819323549,-0.592387077218
-0.078125000,0.703125000,-0.905963562625,-0.566227226640
-0.062500000,0.703125000,-0.871172995063,-0.544483121914
-0.046875000,0.703125000,-0.843774131870,-0.527358832419
-0.031250000,0.703125000,-0.824021431591,-0.515013394744
-0.015625000,0.703125000,-0.812096923288,-0.507560577055
0.000000000,0.703125000,-0.808109933648,-0.505068708530
0.015625000,0.703125000,-0.812096923288,-0.507560577055
0.031250000,0.703125000,-0.824021431591,-0.515013394744
0.046875000,0.703125000,-0.843774131870,-0.527358832419
0.062500000,0.703125000,-0.871172995063,-0.544483121914
0.078125000,0.703125000,-0.905963562625,-0.566227226640
0.093750000,0.703125000,-0.947819323549,-0.592387077218
0.109375000,0.703125000,-0.996342194796,-0.622713871747
0.125000000,0.703125000,-1.05106309874,-0.656914436711
0.140625000,0.703125000,-1.11144263398,-0.694651646237
0.156250000,0.703125000,-1.17687183319,-0.735544895741
0.171875000,0.703125000,-1.24667300099,-0.779170625620
0.187500000,0.703125000,-1.32010062545,-0.825062890908
0.203125000,0.703125000,-1.39634235389,-0.872713971181
0.218750000,0.703125000,-1.47452002600,-0.921575016251
0.234375000,0.703125000,-1.55369075404,-0.971056721276
0.250000000,0.703125000,-1.63284804280,-1.02053002675
0.265625000,0.703125000,-1.71092293786,-1.06932683616
0.281250000,0.703125000,-1.78678519500,-1.11674074687
0.296875000,0.703125000,-1.85924446059,-1.16202778787
0.312500000,0.703125000,-1.92705145540,-1.20440715962
0.328125000,0.703125000,-1.98889915315,-1.24306197072
0.343750000,0.703125000,-2.04342394901,-1.27713996813
0.359375000,0.703125000,-2.08920681084,-1.30575425678
0.375000000,0.703125000,-2.12477441229,-1.32798400768
0.390625000,0.703125000,-2.14860024447,-1.34287515279
0.406250000,0.703125000,-2.15910571117,-1.34944106948
0.421875000,0.703125000,-2.15466121169,-1.34666325731
0.437500000,0.703125000,-2.13358722225,-1.33349201391
0.453125000,0.703125000,-2.09415539231,-1.30884712020
0.468750000,0.703125000,-2.03458967854,-1.27161854909
0.484375000,0.703125000,-1.95306754615,-1.22066721635
0.500000000,0.703125000,-1.84783141499,-1.15489463437
0.515625000,0.703125000,-1.71676669651,-1.07297918532
0.531250000,0.703125000,-1.55801558671,-0.973759741696
0.546875000,0.703125000,-1.36958500754,-0.855990629713
0.562500000,0.703125000,-1.14944433256,-0.718402707852
0.578125000,0.703125000,,
0.593750000,0.703125000,,
0.609375000,0.703125000,,
0.625000000,0.703125000,,
0.640625000,0.703125000,,
0.656250000,0.703125000,,
0.671875000,0.703125000,,
0.687500000,0.703125000,,
0.703125000,0.703125000,,
0.718750000,0.703125000,,
0.734375000,0.703125000,,
0.750000000,0.703125000,,
0.765625000,0.703125000,,
0.781250000,0.703125000,,
0.796875000,0.703125000,,
0.812500000,0.703125000,,
0.828125000,0.703125000,,
0.843750000,0.703125000,,
0.859375000,0.703125000,,
0.875000000,0.703125000,,
0.890625000,0.703125000,,
0.906250000,0.703125000,,
0.921875000,0.703125000,,
0.937500000,0.703125000,,
0.953125000,0.703125000,,
0.968750000,0.703125000,,
0.984375000,0.703125000,,
1.000000000,0.703125000,,
-1.000000000,0.718750000,,
-0.984375000,0.718750000,,
-0.968750000,0.718750000,,
-0.953125000,0.718750000,,
-0.937500000,0.718750000,,
-0.921875000,0.718750000,,
-0.906250000,0.718750000,,
-0.890625000,0.718750000,,
-0.875000000,0.718750000,,
-0.859375000,0.718750000,,
-0.843750000,0.718750000,,
-0.828125000,0.718750000,,
-0.812500000,0.718750000,,
-0.796875000,0.718750000,,
-0.781250000,0.718750000,,
-0.765625000,0.718750000,,
-0.750000000,0.718750000,,
-0.734375000,0.718750000,,
-0.718750000,0.718750000,,
-0.703125000,0.718750000,,
-0.687500000,0.718750000,,
-0.671875000,0.718750000,,
-0.656250000,0.718750000,,
-0.640625000,0.718750000,,
-0.625000000,0.718750000,,
-0.609375000,0.718750000,,
-0.593750000,0.718750000,,
-0.578125000,0.718750000,,
-0.562500000,0.718750000,,
-0.546875000,0.718750000,,
-0.531250000,0.718750000,-1.51276264371,-0.945476652321
-0.515625000,0.718750000,-1.69345019679,-1.05840637299
-0.500000000,0.718750000,-1.84483020434,-1.15301887771
-0.484375000,0.718750000,-1.96911938555,-1.23069961597
-0.468750000,0.718750000,-2.06816756373,-1.29260472733
-0.453125000,0.718750000,-2.14389935379,-1.33993709612
-0.437500000,0.718750000,-2.19819639918,-1.37387274949
-0.421875000,0.718750000,-2.23289551158,-1.39555969474
-0.406250000,0.718750000,-2.24978697394,-1.40611685871
-0.390625000,0.718750000,-2.25061295864,-1.40663309915
-0.375000000,0.718750000,-2.23706602463,-1.39816626539
-0.359375000,0.718750000,-2.21078766550,-1.38174229093
-0.343750000,0.718750000,-2.17336688752,-1.35835430470
-0.328125000,0.718750000,-2.12633880445,-1.32896175278
-0.312500000,0.718750000,-2.07118323938,-1.29448952461
-0.296875000,0.718750000,-2.00932332891,-1.25582708057
-0.281250000,0.718750000,-1.94212412739,-1.21382757962
-0.265625000,0.718750000,-1.87089121430,-1.16930700893
-0.250000000,0.718750000,-1.79686930647,-1.12304331654
-0.234375000,0.718750000,-1.72124088123,-1.07577555077
-0.218750000,0.718750000,-1.64512481704,-1.02820301065
-0.203125000,0.718750000,-1.56957505866,-0.980984411663
-0.187500000,0.718750000,-1.49557931534,-0.934737072087
-0.171875000,0.718750000,-1.42405780157,-0.890036125979
-0.156250000,0.718750000,-1.35586202584,-0.847413766149
-0.140625000,0.718750000,-1.29177364092,-0.807358525576
-0.125000000,0.718750000,-1.23250336029,-0.770314600182
-0.109375000,0.718750000,-1.17868995051,-0.736681219066
-0.093750000,0.718750000,-1.13089930745,-0.706812067156
-0.078125000,0.718750000,-1.08962362251,-0.681014764070
-0.062500000,0.718750000,-1.05528064718,-0.659550404486
-0.046875000,0.718750000,-1.02821305960,-0.642633162252
-0.031250000,0.718750000,-1.00868793966,-0.630429962290
-0.015625000,0.718750000,-0.996896356439,-0.623060222775
0.000000000,0.718750000,-0.992953070831,-0.620595669269
0.015625000,0.718750000,-0.996896356439,-0.623060222775
0.031250000,0.718750000,-1.00868793966,-0.630429962290
0.046875000,0.718750000,-1.02821305960,-0.642633162252
0.062500000,0.718750000,-1.05528064718,-0.659550404486
0.078125000,0.718750000,-1.08962362251,-0.681014764070
0.093750000,0.718750000,-1.13089930745,-0.706812067156
0.109375000,0.718750000,-1.17868995051,-0.736681219066
0.125000000,0.718750000,-1.23250336029,-0.770314600182
0.140625000,0.718750000,-1.29177364092,-0.807358525576
0.156250000,0.718750000,-1.35586202584,-0.847413766149
0.171875000,0.718750000,-1.42405780157,-0.890036125979
0.187500000,0.718750000,-1.49557931534,-0.934737072087
0.203125000,0.718750000,-1.56957505866,-0.980984411663
0.218750000,0.718750000,-1.64512481704,-1.02820301065
0.234375000,0.718750000,-1.72124088123,-1.07577555077
0.250000000,0.718750000,-1.79686930647,-1.12304331654
0.265625000,0.718750000,-1.87089121430,-1.16930700893
0.281250000,0.718750000,-1.94212412739,-1.21382757962
0.296875000,0.718750000,-2.00932332891,-1.25582708057
0.312500000,0.718750000,-2.07118323938,-1.29448952461
0.328125000,0.718750000,-2.12633880445,-1.32896175278
0.343750000,0.718750000,-2.17336688752,-1.35835430470
0.359375000,0.718750000,-2.21078766550,-1.38174229093
0.375000000,0.718750000,-2.23706602463,-1.39816626539
0.390625000,0.718750000,-2.25061295864,-1.40663309915
0.406250000,0.718750000,-2.24978697394,-1.40611685871
0.421875000,0.718750000,-2.23289551158,-1.39555969474
0.437500000,0.718750000,-2.19819639918,-1.37387274949
0.453125000,0.718750000,-2.14389935379,-1.33993709612
0.468750000,0.718750000,-2.06816756373,-1.29260472733
0.484375000,0.718750000,-1.96911938555,-1.23069961597
0.500000000,0.718750000,-1.84483020434,-1.15301887771
0.515625000,0.718750000,-1.69345019679,-1.05840637299
0.531250000,0.718750000,-1.51276264371,-0.945476652321
0.546875000,0.718750000,,
0.562500000,0.718750000,,
0.578125000,0.718750000,,
0.593750000,0.718750000,,
0.609375000,0.718750000,,
0.625000000,0.718750000,,
0.640625000,0.718750000,,
0.656250000,0.718750000,,
0.671875000,0.718750000,,
0.687500000,0.718750000,,
0.703125000,0.718750000,,
0.718750000,0.718750000,,
0.734375000,0.718750000,,
0.750000000,0.718750000,,
0.765625000,0.718750000,,
0.781250000,0.718750000,,
0.796875000,0.718750000,,
0.812500000,0.718750000,,
0.828125000,0.718750000,,
0.843750000,0.718750000,,
0.859375000,0.718750000,,
0.875000000,0.718750000,,
0.890625000,0.718750000,,
0.906250000,0.718750000,,
0.921875000,0.718750000,,
0.937500000,0.718750000,,
0.953125000,0.718750000,,
0.968750000,0.718750000,,
0.984375000,0.718750000,,
1.000000000,0.718750000,,
-1.000000000,0.734375000,,
-0.984375000,0.734375000,,
-0.968750000,0.734375000,,
-0.953125000,0.734375000,,
-0.937500000,0.734375000,,
-0.921875000,0.734375000,,
-0.906250000,0.734375000,,
-0.890625000,0.734375000,,
-0.875000000,0.734375000,,
-0.859375000,0.734375000,,
-0.843750000,0.734375000,,
-0.828125000,0.734375000,,
-0.812500000,0.734375000,,
-0.796875000,0.734375000,,
-0.781250000,0.734375000,,
-0.765625000,0.734375000,,
-0.750000000,0.734375000,,
-0.734375000,0.734375000,,
-0.718750000,0.734375000,,
-0.703125000,0.734375000,,
-0.687500000,0.734375000,,
-0.671875000,0.734375000,,
-0.656250000,0.734375000,,
-0.640625000,0.734375000,,
-0.625000000,0.734375000,,
-0.609375000,0.734375000,,
-0.593750000,0.734375000,,
-0.578125000,0.734375000,,
-0.562500000,0.734375000,,
-0.546875000,0.734375000,,
-0.531250000,0.734375000,,
-0.515625000,0.734375000,,
-0.500000000,0.734375000,-1.83039546262,-1.14399716413
-0.484375000,0.734375000,-1.97523726103,-1.23452328814
-0.468750000,0.734375000,-2.09338178549,-1.30836361593
-0.453125000,0.734375000,-2.18680739506,-1.36675462191
-0.437500000,0.734375000,-2.25745220663,-1.41090762915
-0.421875000,0.734375000,-2.30721161846,-1.44200726154
-0.406250000,0.734375000,-2.33793606016,-1.46121003760
-0.390625000,0.734375000,-2.35142891200,-1.46964307000
-0.375000000,0.734375000,-2.34944455027,-1.46840284392
-0.359375000,0.734375000,-2.33368648467,-1.45855405292
-0.343750000,0.734375000,-2.30580556249,-1.44112847655
-0.328125000,0.734375000,-2.26739822114,-1.41712388821
-0.312500000,0.734375000,-2.22000477597,-1.38750298498
-0.296875000,0.734375000,-2.16510773562,-1.35319233476
-0.281250000,0.734375000,-2.10413014127,-1.31508133830
-0.265625000,0.734375000,-2.03843392797,-1.27402120498
-0.250000000,0.734375000,-1.96931831060,-1.23082394412
-0.234375000,0.734375000,-1.89801819779,-1.18626137362
-0.218750000,0.734375000,-1.82570263910,-1.14106414944
-0.203125000,0.734375000,-1.75347331200,-1.09592082000
-0.187500000,0.734375000,-1.68236305532,-1.05147690958
-0.171875000,0.734375000,-1.61333445883,-1.00833403677
-0.156250000,0.734375000,-1.54727851432,-0.967049071452
-0.140625000,0.734375000,-1.48501333884,-0.928133336774
-0.125000000,0.734375000,-1.42728297725,-0.892051860782
-0.109375000,0.734375000,-1.37475629170,-0.859222682315
-0.093750000,0.734375000,-1.32802594646,-0.830016216539
-0.078125000,0.734375000,-1.28760749387,-0.804754683668
-0.062500000,0.734375000,-1.25393856925,-0.783711605783
-0.046875000,0.734375000,-1.22737819885,-0.767111374278
-0.031250000,0.734375000,-1.20820622738,-0.755128892111
-0.015625000,0.734375000,-1.19662286809,-0.747889292556
0.000000000,0.734375000,-1.19274837909,-0.745467736934
0.015625000,0.734375000,-1.19662286809,-0.747889292556
0.031250000,0.734375000,-1.20820622738,-0.755128892111
0.046875000,0.734375000,-1.22737819885,-0.767111374278
0.062500000,0.734375000,-1.25393856925,-0.783711605783
0.078125000,0.734375000,-1.28760749387,-0.804754683668
0.093750000,0.734375000,-1.32802594646,-0.830016216539
0.109375000,0.734375000,-1.37475629170,-0.859222682315
0.125000000,0.734375000,-1.42728297725,-0.892051860782
0.140625000,0.734375000,-1.48501333884,-0.928133336774
0.156250000,0.734375000,-1.54727851432,-0.967049071452
0.171875000,0.734375000,-1.61333445883,-1.00833403677
0.187500000,0.734375000,-1.68236305532,-1.05147690958
0.203125000,0.734375000,-1.75347331200,-1.09592082000
0.218750000,0.734375000,-1.82570263910,-1.14106414944
0.234375000,0.734375000,-1.89801819779,-1.18626137362
0.250000000,0.734375000,-1.96931831060,-1.23082394412
0.265625000,0.734375000,-2.03843392797,-1.27402120498
0.281250000,0.734375000,-2.10413014127,-1.31508133830
0.296875000,0.734375000,-2.16510773562,-1.35319233476
0.312500000,0.734375000,-2.22000477597,-1.38750298498
0.328125000,0.734375000,-2.26739822114,-1.41712388821
0.343750000,0.734375000,-2.30580556249,-1.44112847655
0.359375000,0.734375000,-2.33368648467,-1.45855405292
0.375000000,0.734375000,-2.34944455027,-1.46840284392
0.390625000,0.734375000,-2.35142891200,-1.46964307000
0.406250000,0.734375000,-2.33793606016,-1.46121003760
0.421875000,0.734375000,-2.30721161846,-1.44200726154
0.437500000,0.734375000,-2.25745220663,-1.41090762915
0.453125000,0.734375000,-2.18680739506,-1.36675462191
0.468750000,0.734375000,-2.09338178549,-1.30836361593
0.484375000,0.734375000,-1.97523726103,-1.23452328814
0.500000000,0.734375000,-1.83039546262,-1.14399716413
0.515625000,0.734375000,,
0.531250000,0.734375000,,
0.546875000,0.734375000,,
0.562500000,0.734375000,,
0.578125000,0.734375000,,
0.593750000,0.734375000,,
0.609375000,0.734375000,,
0.625000000,0.734375000,,
0.640625000,0.734375000,,
0.656250000,0.734375000,,
0.671875000,0.734375000,,
0.687500000,0.734375000,,
0.703125000,0.734375000,,
0.718750000,0.734375000,,
0.734375000,0.734375000,,
0.750000000,0.734375000,,
0.765625000,0.734375000,,
0.781250000,0.734375000,,
0.796875000,0.734375000,,
0.812500000,0.734375000,,
0.828125000,0.734375000,,
0.843750000,0.734375000,,
0.859375000,0.734375000,,
0.875000000,0.734375000,,
0.890625000,0.734375000,,
0.906250000,0.734375000,,
0.921875000,0.734375000,,
0.937500000,0.734375000,,
0.953125000,0.734375000,,
0.968750000,0.734375000,,
0.984375000,0.734375000,,
1.000000000,0.734375000,,
-1.000000000,0.750000000,,
-0.984375000,0.750000000,,
-0.968750000,0.750000000,,
-0.953125000,0.750000000,,
-0.937500000,0.750000000,,
-0.921875000,0.750000000,,
-0.906250000,0.750000000,,
-0.890625000,0.750000000,,
-0.875000000,0.750000000,,
-0.859375000,0.750000000,,
-0.843750000,0.750000000,,
-0.828125000,0.750000000,,
-0.812500000,0.750000000,,
-0.796875000,0.750000000,,
-0.781250000,0.750000000,,
-0.765625000,0.750000000,,
-0.750000000,0.750000000,,
-0.734375000,0.750000000,,
-0.718750000,0.750000000,,
-0.703125000,0.750000000,,
-0.687500000,0.750000000,,
-0.671875000,0.750000000,,
-0.656250000,0.750000000,,
-0.640625000,0.750000000,,
-0.625000000,0.750000000,,
-0.609375000,0.750000000,,
-0.593750000,0.750000000,,
-0.578125000,0.750000000,,
-0.562500000,0.750000000,,
-0.546875000,0.750000000,,
-0.531250000,0.750000000,,
-0.515625000,0.750000000,,
-0.500000000,0.750000000,,
-0.484375000,0.750000000,-1.96986200013,-1.23116375008
-0.468750000,0.750000000,-2.10873092292,-1.31795682682
-0.453125000,0.750000000,-2.22143947538,-1.38839967212
-0.437500000,0.750000000,-2.30997882916,-1.44373676822
-0.421875000,0.750000000,-2.37630008101,-1.48518755063
-0.406250000,0.750000000,-2.42231138312,-1.51394461445
-0.390625000,0.750000000,-2.44987530528,-1.53117206580
-0.375000000,0.750000000,-2.46080637708,-1.53800398568
-0.359375000,0.750000000,-2.45686876945,-1.53554298090
-0.343750000,0.750000000,-2.43977408409,-1.52485880256
-0.328125000,0.750000000,-2.41117922793,-1.50698701746
-0.312500000,0.750000000,-2.37268435531,-1.48292772207
-0.296875000,0.750000000,-2.32583086610,-1.45364429131
-0.281250000,0.750000000,-2.27209945376,-1.42006215860
-0.265625000,0.750000000,-2.21290819892,-1.38306762432
-0.250000000,0.750000000,-2.14961070840,-1.34350669275
-0.234375000,0.750000000,-2.08349430169,-1.30218393856
-0.218750000,0.750000000,-2.01577824892,-1.25986140558
-0.203125000,0.750000000,-1.94761206404,-1.21725754002
-0.187500000,0.750000000,-1.88007386211,-1.17504616382
-0.171875000,0.750000000,-1.81416878490,-1.13385549056
-0.156250000,0.750000000,-1.75082750420,-1.09426719013
-0.140625000,0.750000000,-1.69090480956,-1.05681550598
-0.125000000,0.750000000,-1.63517828793,-1.02198642995
-0.109375000,0.750000000,-1.58434710394,-0.990216939962
-0.093750000,0.750000000,-1.53903088641,-0.961894304005
-0.078125000,0.750000000,-1.49976872916,-0.937355455724
-0.062500000,0.750000000,-1.46701831140,-0.916886444628
-0.046875000,0.750000000,-1.44115514400,-0.900721964998
-0.031250000,0.750000000,-1.42247194533,-0.889044965830
-0.015625000,0.750000000,-1.41117815233,-0.881986345204
0.000000000,0.750000000,-1.40739956863,-0.879624730392
0.015625000,0.750000000,-1.41117815233,-0.881986345204
0.031250000,0.750000000,-1.42247194533,-0.889044965830
0.046875000,0.750000000,-1.44115514400,-0.900721964998
0.062500000,0.750000000,-1.46701831140,-0.916886444628
0.078125000,0.750000000,-1.49976872916,-0.937355455724
0.093750000,0.750000000,-1.53903088641,-0.961894304005
0.109375000,0.750000000,-1.58434710394,-0.990216939962
0.125000000,0.750000000,-1.63517828793,-1.02198642995
0.140625000,0.750000000,-1.69090480956,-1.05681550598
0.156250000,0.750000000,-1.75082750420,-1.09426719013
0.171875000,0.750000000,-1.81416878490,-1.13385549056
0.187500000,0.750000000,-1.88007386211,-1.17504616382
0.203125000,0.750000000,-1.94761206404,-1.21725754002
0.218750000,0.750000000,-2.01577824892,-1.25986140558
0.234375000,0.750000000,-2.08349430169,-1.30218393856
0.250000000,0.750000000,-2.14961070840,-1.34350669275
0.265625000,0.750000000,-2.21290819892,-1.38306762432
0.281250000,0.750000000,-2.27209945376,-1.42006215860
0.296875000,0.750000000,-2.32583086610,-1.45364429131
0.312500000,0.750000000,-2.37268435531,-1.48292772207
0.328125000,0.750000000,-2.41117922793,-1.50698701746
0.343750000,0.750000000,-2.43977408409,-1.52485880256
0.359375000,0.750000000,-2.45686876945,-1.53554298090
0.375000000,0.750000000,-2.46080637708,-1.53800398568
0.390625000,0.750000000,-2.44987530528,-1.53117206580
0.406250000,0.750000000,-2.42231138312,-1.51394461445
0.421875000,0.750000000,-2.37630008101,-1.48518755063
0.437500000,0.750000000,-2.30997882916,-1.44373676822
0.453125000,0.750000000,-2.22143947538,-1.38839967212
0.468750000,0.750000000,-2.10873092292,-1.31795682682
0.484375000,0.750000000,-1.96986200013,-1.23116375008
0.500000000,0.750000000,,
0.515625000,0.750000000,,
0.531250000,0.750000000,,
0.546875000,0.750000000,,
0.562500000,0.750000000,,
0.578125000,0.750000000,,
0.593750000,0.750000000,,
0.609375000,0.750000000,,
0.625000000,0.750000000,,
0.640625000,0.750000000,,
0.656250000,0.750000000,,
0.671875000,0.750000000,,
0.687500000,0.750000000,,
0.703125000,0.750000000,,
0.718750000,0.750000000,,
0.734375000,0.750000000,,
0.750000000,0.750000000,,
0.765625000,0.750000000,,
0.781250000,0.750000000,,
0.796875000,0.750000000,,
0.812500000,0.750000000,,
0.828125000,0.750000000,,
0.843750000,0.750000000,,
0.859375000,0.750000000,,
0.875000000,0.750000000,,
0.890625000,0.750000000,,
0.906250000,0.750000000,,
0.921875000,0.750000000,,
0.937500000,0.750000000,,
0.953125000,0.750000000,,
0.968750000,0.750000000,,
0.984375000,0.750000000,,
1.000000000,0.750000000,,
-1.000000000,0.765625000,,
-0.984375000,0.765625000,,
-0.968750000,0.765625000,,
-0.953125000,0.765625000,,
-0.937500000,0.765625000,,
-0.921875000,0.765625000,,
-0.906250000,0.765625000,,
-0.890625000,0.765625000,,
-0.875000000,0.765625000,,
-0.859375000,0.765625000,,
-0.843750000,0.765625000,,
-0.828125000,0.765625000,,
-0.812500000,0.765625000,,
-0.796875000,0.765625000,,
-0.781250000,0.765625000,,
-0.765625000,0.765625000,,
-0.750000000,0.765625000,,
-0.734375000,0.765625000,,
-0.718750000,0.765625000,,
-0.703125000,0.765625000,,
-0.687500000,0.765625000,,
-0.671875000,0.765625000,,
-0.656250000,0.765625000,,
-0.640625000,0.765625000,,
-0.625000000,0.765625000,,
-0.609375000,0.765625000,,
-0.593750000,0.765625000,,
-0.578125000,0.765625000,,
-0.562500000,0.765625000,,
-0.546875000,0.765625000,,
-0.531250000,0.765625000,,
-0.515625000,0.765625000,,
-0.500000000,0.765625000,,
-0.484375000,0.765625000,,
-0.468750000,0.765625000,,
-0.453125000,0.765625000,-2.24625354172,-1.40390846358
-0.437500000,0.765625000,-2.35429086487,-1.47143179054
-0.421875000,0.765625000,-2.43873525466,-1.52420953417
-0.406250000,0.765625000,-2.50154942137,-1.56346838835
-0.390625000,0.765625000,-2.54465243623,-1.59040777264
-0.375000000,0.765625000,-2.56991671200,-1.60619794500
-0.359375000,0.765625000,-2.57916517601,-1.61197823500
-0.343750000,0.765625000,-2.57416859917,-1.60885537448
-0.328125000,0.765625000,-2.55664305150,-1.59790190719
-0.312500000,0.765625000,-2.52824746178,-1.58015466361
-0.296875000,0.765625000,-2.49058126676,-1.55661329172
-0.281250000,0.765625000,-2.44518213897,-1.52823883686
-0.265625000,0.765625000,-2.39352378653,-1.49595236658
-0.250000000,0.765625000,-2.33701382232,-1.46063363895
-0.234375000,0.765625000,-2.27699170318,-1.42311981449
-0.218750000,0.765625000,-2.21472673856,-1.38420421160
-0.203125000,0.765625000,-2.15141617616,-1.34463511010
-0.187500000,0.765625000,-2.08818336600,-1.30511460375
-0.171875000,0.765625000,-2.02607601045,-1.26629750653
-0.156250000,0.765625000,-1.96606450751,-1.22879031720
-0.140625000,0.765625000,-1.90904039260,-1.19315024537
-0.125000000,0.765625000,-1.85581488720,-1.15988430450
-0.109375000,0.765625000,-1.80711756071,-1.12944847545
-0.093750000,0.765625000,-1.76359511274,-1.10224694546
-0.078125000,0.765625000,-1.72581028206,-1.07863142629
-0.062500000,0.765625000,-1.69424088780,-1.05890055488
-0.046875000,0.765625000,-1.66927900922,-1.04329938076
-0.031250000,0.765625000,-1.65123030742,-1.03201894214
-0.015625000,0.765625000,-1.64031349437,-1.02519593398
0.000000000,0.765625000,-1.63665995028,-1.02291246893
0.015625000,0.765625000,-1.64031349437,-1.02519593398
0.031250000,0.765625000,-1.65123030742,-1.03201894214
0.046875000,0.765625000,-1.66927900922,-1.04329938076
0.062500000,0.765625000,-1.69424088780,-1.05890055488
0.078125000,0.765625000,-1.72581028206,-1.07863142629
0.093750000,0.765625000,-1.76359511274,-1.10224694546
0.109375000,0.765625000,-1.80711756071,-1.12944847545
0.125000000,0.765625000,-1.85581488720,-1.15988430450
0.140625000,0.765625000,-1.90904039260,-1.19315024537
0.156250000,0.765625000,-1.96606450751,-1.22879031720
0.171875000,0.765625000,-2.02607601045,-1.26629750653
0.187500000,0.765625000,-2.08818336600,-1.30511460375
0.203125000,0.765625000,-2.15141617616,-1.34463511010
0.218750000,0.765625000,-2.21472673856,-1.38420421160
0.234375000,0.765625000,-2.27699170318,-1.42311981449
0.250000000,0.765625000,-2.33701382232,-1.46063363895
0.265625000,0.765625000,-2.39352378653,-1.49595236658
0.281250000,0.765625000,-2.44518213897,-1.52823883686
0.296875000,0.765625000,-2.49058126676,-1.55661329172
0.312500000,0.765625000,-2.52824746178,-1.58015466361
0.328125000,0.765625000,-2.55664305150,-1.59790190719
0.343750000,0.765625000,-2.57416859917,-1.60885537448
0.359375000,0.765625000,-2.57916517601,-1.61197823500
0.375000000,0.765625000,-2.56991671200,-1.60619794500
0.390625000,0.765625000,-2.54465243623,-1.59040777264
0.406250000,0.765625000,-2.50154942137,-1.56346838835
0.421875000,0.765625000,-2.43873525466,-1.52420953417
0.437500000,0.765625000,-2.35429086487,-1.47143179054
0.453125000,0.765625000,-2.24625354172,-1.40390846358
0.468750000,0.765625000,,
0.484375000,0.765625000,,
0.500000000,0.765625000,,
0.515625000,0.765625000,,
0.531250000,0.765625000,,
0.546875000,0.765625000,,
0.562500000,0.765625000,,
0.578125000,0.765625000,,
0.593750000,0.765625000,,
0.609375000,0.765625000,,
0.625000000,0.765625000,,
0.640625000,0.765625000,,
0.656250000,0.765625000,,
0.671875000,0.765625000,,
0.687500000,0.765625000,,
0.703125000,0.765625000,,
0.718750000,0.765625000,,
0.734375000,0.765625000,,
0.750000000,0.765625000,,
0.765625000,0.765625000,,
0.781250000,0.765625000,,
0.796875000,0.765625000,,
0.812500000,0.765625000,,
0.828125000,0.765625000,,
0.843750000,0.765625000,,
0.859375000,0.765625000,,
0.875000000,0.765625000,,
0.890625000,0.765625000,,
0.906250000,0.765625000,,
0.921875000,0.765625000,,
0.937500000,0.765625000,,
0.953125000,0.765625000,,
0.968750000,0.765625000,,
0.984375000,0.765625000,,
1.000000000,0.765625000,,
-1.000000000,0.781250000,,
-0.984375000,0.781250000,,
-0.968750000,0.781250000,,
-0.953125000,0.781250000,,
-0.937500000,0.781250000,,
-0.921875000,0.781250000,,
-0.906250000,0.781250000,,
-0.890625000,0.781250000,,
-0.875000000,0.781250000,,
-0.859375000,0.781250000,,
-0.843750000,0.781250000,,
-0.828125000,0.781250000,,
-0.812500000,0.781250000,,
-0.796875000,0.781250000,,
-0.781250000,0.781250000,,
-0.765625000,0.781250000,,
-0.750000000,0.781250000,,
-0.734375000,0.781250000,,
-0.718750000,0.781250000,,
-0.703125000,0.781250000,,
-0.687500000,0.781250000,,
-0.671875000,0.781250000,,
-0.656250000,0.781250000,,
-0.640625000,0.781250000,,
-0.625000000,0.781250000,,
-0.609375000,0.781250000,,
-0.593750000,0.781250000,,
-0.578125000,0.781250000,,
-0.562500000,0.781250000,,
-0.546875000,0.781250000,,
-0.531250000,0.781250000,,
-0.515625000,0.781250000,,
-0.500000000,0.781250000,,
-0.484375000,0.781250000,,
-0.468750000,0.781250000,,
-0.453125000,0.781250000,,
-0.437500000,0.781250000,,
-0.421875000,0.781250000,-2.49298611108,-1.55811631943
-0.406250000,0.781250000,-2.57417346578,-1.60885841611
-0.390625000,0.781250000,-2.63434055092,-1.64646284432
-0.375000000,0.781250000,-2.67541468821,-1.67213418013
-0.359375000,0.781250000,-2.69927501932,-1.68704688708
-0.343750000,0.781250000,-2.70774932094,-1.69234332559
-0.328125000,0.781250000,-2.70261099485,-1.68913187178
-0.312500000,0.781250000,-2.68557620338,-1.67848512711
-0.296875000,0.781250000,-2.65830113296,-1.66143820810
-0.281250000,0.781250000,-2.62237936843,-1.63898710527
-0.265625000,0.781250000,-2.57933937008,-1.61208710630
-0.250000000,0.781250000,-2.53064204743,-1.58165127964
-0.234375000,0.781250000,-2.47767842618,-1.54854901636
-0.218750000,0.781250000,-2.42176740914,-1.51360463072
-0.203125000,0.781250000,-2.36415363316,-1.47759602073
-0.187500000,0.781250000,-2.30600542505,-1.44125339066
-0.171875000,0.781250000,-2.24841286119,-1.40525803824
-0.156250000,0.781250000,-2.19238593714,-1.37024121071
-0.140625000,0.781250000,-2.13885285235,-1.33678303272
-0.125000000,0.781250000,-2.08865841710,-1.30541151069
-0.109375000,0.781250000,-2.04256258749,-1.27660161718
-0.093750000,0.781250000,-2.00123913509,-1.25077445943
-0.078125000,0.781250000,-1.96527445781,-1.22829653613
-0.062500000,0.781250000,-1.93516653632,-1.20947908520
-0.046875000,0.781250000,-1.91132404193,-1.19457752621
-0.031250000,0.781250000,-1.89406560112,-1.18379100070
-0.015625000,0.781250000,-1.88361921848,-1.17726201155
0.000000000,0.781250000,-1.88012186287,-1.17507616429
0.015625000,0.781250000,-1.88361921848,-1.17726201155
0.031250000,0.781250000,-1.89406560112,-1.18379100070
0.046875000,0.781250000,-1.91132404193,-1.19457752621
0.062500000,0.781250000,-1.93516653632,-1.20947908520
0.078125000,0.781250000,-1.96527445781,-1.22829653613
0.093750000,0.781250000,-2.00123913509,-1.25077445943
0.109375000,0.781250000,-2.04256258749,-1.27660161718
0.125000000,0.781250000,-2.08865841710,-1.30541151069
0.140625000,0.781250000,-2.13885285235,-1.33678303272
0.156250000,0.781250000,-2.19238593714,-1.37024121071
0.171875000,0.781250000,-2.24841286119,-1.40525803824
0.187500000,0.781250000,-2.30600542505,-1.44125339066
0.203125000,0.781250000,-2.36415363316,-1.47759602073
0.218750000,0.781250000,-2.42176740914,-1.51360463072
0.234375000,0.781250000,-2.47767842618,-1.54854901636
0.250000000,0.781250000,-2.53064204743,-1.58165127964
0.265625000,0.781250000,-2.57933937008,-1.61208710630
0.281250000,0.781250000,-2.62237936843,-1.63898710527
0.296875000,0.781250000,-2.65830113296,-1.66143820810
0.312500000,0.781250000,-2.68557620338,-1.67848512711
0.328125000,0.781250000,-2.70261099485,-1.68913187178
0.343750000,0.781250000,-2.70774932094,-1.69234332559
0.359375000,0.781250000,-2.69927501932,-1.68704688708
0.375000000,0.781250000,-2.67541468821,-1.67213418013
0.390625000,0.781250000,-2.63434055092,-1.64646284432
0.406250000,0.781250000,-2.57417346578,-1.60885841611
0.421875000,0.781250000,-2.49298611108,-1.55811631943
0.437500000,0.781250000,,
0.453125000,0.781250000,,
0.468750000,0.781250000,,
0.484375000,0.781250000,,
0.500000000,0.781250000,,
0.515625000,0.781250000,,
0.531250000,0.781250000,,
0.546875000,0.781250000,,
0.562500000,0.781250000,,
0.578125000,0.781250000,,
0.593750000,0.781250000,,
0.609375000,0.781250000,,
0.625000000,0.781250000,,
0.640625000,0.781250000,,
0.656250000,0.781250000,,
0.671875000,0.781250000,,
0.687500000,0.781250000,,
0.703125000,0.781250000,,
0.718750000,0.781250000,,
0.734375000,0.781250000,,
0.750000000,0.781250000,,
0.765625000,0.781250000,,
0.781250000,0.781250000,,
0.796875000,0.781250000,,
0.812500000,0.781250000,,
0.828125000,0.781250000,,
0.843750000,0.781250000,,
0.859375000,0.781250000,,
0.875000000,0.781250000,,
0.890625000,0.781250000,,
0.906250000,0.781250000,,
0.921875000,0.781250000,,
0.937500000,0.781250000,,
0.953125000,0.781250000,,
0.968750000,0.781250000,,
0.984375000,0.781250000,,
1.000000000,0.781250000,,
-1.000000000,0.796875000,,
-0.984375000,0.796875000,,
-0.968750000,0.796875000,,
-0.953125000,0.796875000,,
-0.937500000,0.796875000,,
-0.921875000,0.796875000,,
-0.906250000,0.796875000,,
-0.890625000,0.796875000,,
-0.875000000,0.796875000,,
-0.859375000,0.796875000,,
-0.843750000,0.796875000,,
-0.828125000,0.796875000,,
-0.812500000,0.796875000,,
-0.796875000,0.796875000,,
-0.781250000,0.796875000,,
-0.765625000,0.796875000,,
-0.750000000,0.796875000,,
-0.734375000,0.796875000,,
-0.718750000,0.796875000,,
-0.703125000,0.796875000,,
-0.687500000,0.796875000,,
-0.671875000,0.796875000,,
-0.656250000,0.796875000,,
-0.640625000,0.796875000,,
-0.625000000,0.796875000,,
-0.609375000,0.796875000,,
-0.593750000,0.796875000,,
-0.578125000,0.796875000,,
-0.562500000,0.796875000,,
-0.546875000,0.796875000,,
-0.531250000,0.796875000,,
-0.515625000,0.796875000,,
-0.500000000,0.796875000,,
-0.484375000,0.796875000,,
-0.468750000,0.796875000,,
-0.453125000,0.796875000,,
-0.437500000,0.796875000,,
-0.421875000,0.796875000,,
-0.406250000,0.796875000,,
-0.390625000,0.796875000,,
-0.375000000,0.796875000,-2.77582388091,-1.73488992557
-0.359375000,0.796875000,-2.81577486667,-1.75985929167
-0.343750000,0.796875000,-2.83914735408,-1.77446709630
-0.328125000,0.796875000,-2.84776963582,-1.77985602239
-0.312500000,0.796875000,-2.84341301465,-1.77713313415
-0.296875000,0.796875000,-2.82778863702,-1.76736789814
-0.281250000,0.796875000,-2.80254447769,-1.75159029856
-0.265625000,0.796875000,-2.76926246019,-1.73078903762
-0.250000000,0.796875000,-2.72945570458,-1.70590981536
-0.234375000,0.796875000,-2.68456589690,-1.67785368556
-0.218750000,0.796875000,-2.63596077802,-1.64747548626
-0.203125000,0.796875000,-2.58493175087,-1.61558234429
-0.187500000,0.796875000,-2.53269160934,-1.58293225584
-0.171875000,0.796875000,-2.48037239079,-1.55023274424
-0.156250000,0.796875000,-2.42902335727,-1.51813959829
-0.140625000,0.796875000,-2.37960910991,-1.48725569369
-0.125000000,0.796875000,-2.33300784259,-1.45812990162
-0.109375000,0.796875000,-2.29000973986,-1.43125608741
-0.093750000,0.796875000,-2.25131552574,-1.40707220359
-0.078125000,0.796875000,-2.21753516779,-1.38595947987
-0.062500000,0.796875000,-2.18918674305,-1.36824171441
-0.046875000,0.796875000,-2.16669546930,-1.35418466831
-0.031250000,0.796875000,-2.15039290647,-1.34399556654
-0.015625000,0.796875000,-2.14051633184,-1.33782270740
0.000000000,0.796875000,-2.13720829178,-1.33575518237
0.015625000,0.796875000,-2.14051633184,-1.33782270740
0.031250000,0.796875000,-2.15039290647,-1.34399556654
0.046875000,0.796875000,-2.16669546930,-1.35418466831
0.062500000,0.796875000,-2.18918674305,-1.36824171441
0.078125000,0.796875000,-2.21753516779,-1.38595947987
0.093750000,0.796875000,-2.25131552574,-1.40707220359
0.109375000,0.796875000,-2.29000973986,-1.43125608741
0.125000000,0.796875000,-2.33300784259,-1.45812990162
0.140625000,0.796875000,-2.37960910991,-1.48725569369
0.156250000,0.796875000,-2.42902335727,-1.51813959829
0.171875000,0.796875000,-2.48037239079,-1.55023274424
0.187500000,0.796875000,-2.53269160934,-1.58293225584
0.203125000,0.796875000,-2.58493175087,-1.61558234429
0.218750000,0.796875000,-2.63596077802,-1.64747548626
0.234375000,0.796875000,-2.68456589690,-1.67785368556
0.250000000,0.796875000,-2.72945570458,-1.70590981536
0.265625000,0.796875000,-2.76926246019,-1.73078903762
0.281250000,0.796875000,-2.80254447769,-1.75159029856
0.296875000,0.796875000,-2.82778863702,-1.76736789814
0.312500000,0.796875000,-2.84341301465,-1.77713313415
0.328125000,0.796875000,-2.84776963582,-1.77985602239
0.343750000,0.796875000,-2.83914735408,-1.77446709630
0.359375000,0.796875000,-2.81577486667,-1.75985929167
0.375000000,0.796875000,-2.77582388091,-1.73488992557
0.390625000,0.796875000,,
0.406250000,0.796875000,,
0.421875000,0.796875000,,
0.437500000,0.796875000,,
0.453125000,0.796875000,,
0.468750000,0.796875000,,
0.484375000,0.796875000,,
0.500000000,0.796875000,,
0.515625000,0.796875000,,
0.531250000,0.796875000,,
0.546875000,0.796875000,,
0.562500000,0.796875000,,
0.578125000,0.796875000,,
0.593750000,0.796875000,,
0.609375000,0.796875000,,
0.625000000,0.796875000,,
0.640625000,0.796875000,,
0.656250000,0.796875000,,
0.671875000,0.796875000,,
0.687500000,0.796875000,,
0.703125000,0.796875000,,
0.718750000,0.796875000,,
0.734375000,0.796875000,,
0.750000000,0.796875000,,
0.765625000,0.796875000,,
0.781250000,0.796875000,,
0.796875000,0.796875000,,
0.812500000,0.796875000,,
0.828125000,0.796875000,,
0.843750000,0.796875000,,
0.859375000,0.796875000,,
0.875000000,0.796875000,,
0.890625000,0.796875000,,
0.906250000,0.796875000,,
0.921875000,0.796875000,,
0.937500000,0.796875000,,
0.953125000,0.796875000,,
0.968750000,0.796875000,,
0.984375000,0.796875000,,
1.000000000,0.796875000,,
-1.000000000,0.812500000,,
-0.984375000,0.812500000,,
-0.968750000,0.812500000,,
-0.953125000,0.812500000,,
-0.937500000,0.812500000,,
-0.921875000,0.812500000,,
-0.906250000,0.812500000,,
-0.890625000,0.812500000,,
-0.875000000,0.812500000,,
-0.859375000,0.812500000,,
-0.843750000,0.812500000,,
-0.828125000,0.812500000,,
-0.812500000,0.812500000,,
-0.796875000,0.812500000,,
-0.781250000,0.812500000,,
-0.765625000,0.812500000,,
-0.750000000,0.812500000,,
-0.734375000,0.812500000,,
-0.718750000,0.812500000,,
-0.703125000,0.812500000,,
-0.687500000,0.812500000,,
-0.671875000,0.812500000,,
-0.656250000,0.812500000,,
-0.640625000,0.812500000,,
-0.625000000,0.812500000,,
-0.609375000,0.812500000,,
-0.593750000,0.812500000,,
-0.578125000,0.812500000,,
-0.562500000,0.812500000,,
-0.546875000,0.812500000,,
-0.531250000,0.812500000,,
-0.515625000,0.812500000,,
-0.500000000,0.812500000,,
-0.484375000,0.812500000,,
-0.468750000,0.812500000,,
-0.453125000,0.812500000,,
-0.437500000,0.812500000,,
-0.421875000,0.812500000,,
-0.406250000,0.812500000,,
-0.390625000,0.812500000,,
-0.375000000,0.812500000,,
-0.359375000,0.812500000,,
-0.343750000,0.812500000,-2.96687767045,-1.85429854403
-0.328125000,0.812500000,-2.99068185342,-1.86917615839
-0.312500000,0.812500000,-3.00036988917,-1.87523118073
-0.296875000,0.812500000,-2.99770551255,-1.87356594534
-0.281250000,0.812500000,-2.98438903693,-1.86524314808
-0.265625000,0.812500000,-2.96205407940,-1.85128379962
-0.250000000,0.812500000,-2.93226444946,-1.83266528091
-0.234375000,0.812500000,-2.89651118986,-1.81031949366
-0.218750000,0.812500000,-2.85620976597,-1.78513110373
-0.203125000,0.812500000,-2.81269740057,-1.75793587535
-0.187500000,0.812500000,-2.76723055336,-1.72951909585
-0.171875000,0.812500000,-2.72098254754,-1.70061409221
-0.156250000,0.812500000,-2.67504134588,-1.67190084118
-0.140625000,0.812500000,-2.63040747988,-1.64400467493
-0.125000000,0.812500000,-2.58799213694,-1.61749508559
-0.109375000,0.812500000,-2.54861541016,-1.59288463135
-0.093750000,0.812500000,-2.51300471520,-1.57062794700
-0.078125000,0.812500000,-2.48179338073,-1.55112086296
-0.062500000,0.812500000,-2.45551941504,-1.53469963440
-0.046875000,0.812500000,-2.43462445505,-1.52164028441
-0.031250000,0.812500000,-2.41945290065,-1.51215806291
-0.015625000,0.812500000,-2.41025123740,-1.50640702337
0.000000000,0.812500000,-2.40716755149,-1.50447971968
0.015625000,0.812500000,-2.41025123740,-1.50640702337
0.031250000,0.812500000,-2.41945290065,-1.51215806291
0.046875000,0.812500000,-2.43462445505,-1.52164028441
0.062500000,0.812500000,-2.45551941504,-1.53469963440
0.078125000,0.812500000,-2.48179338073,-1.55112086296
0.093750000,0.812500000,-2.51300471520,-1.57062794700
0.109375000,0.812500000,-2.54861541016,-1.59288463135
0.125000000,0.812500000,-2.58799213694,-1.61749508559
0.140625000,0.812500000,-2.63040747988,-1.64400467493
0.156250000,0.812500000,-2.67504134588,-1.67190084118
0.171875000,0.812500000,-2.72098254754,-1.70061409221
0.187500000,0.812500000,-2.76723055336,-1.72951909585
0.203125000,0.812500000,-2.81269740057,-1.75793587535
0.218750000,0.812500000,-2.85620976597,-1.78513110373
0.234375000,0.812500000,-2.89651118986,-1.81031949366
0.250000000,0.812500000,-2.93226444946,-1.83266528091
0.265625000,0.812500000,-2.96205407940,-1.85128379962
0.281250000,0.812500000,-2.98438903693,-1.86524314808
0.296875000,0.812500000,-2.99770551255,-1.87356594534
0.312500000,0.812500000,-3.00036988917,-1.87523118073
0.328125000,0.812500000,-2.99068185342,-1.86917615839
0.343750000,0.812500000,-2.96687767045,-1.85429854403
0.359375000,0.812500000,,
0.375000000,0.812500000,,
0.390625000,0.812500000,,
0.406250000,0.812500000,,
0.421875000,0.812500000,,
0.437500000,0.812500000,,
0.453125000,0.812500000,,
0.468750000,0.812500000,,
0.484375000,0.812500000,,
0.500000000,0.812500000,,
0.515625000,0.812500000,,
0.531250000,0.812500000,,
0.546875000,0.812500000,,
0.562500000,0.812500000,,
0.578125000,0.812500000,,
0.593750000,0.812500000,,
0.609375000,0.812500000,,
0.625000000,0.812500000,,
0.640625000,0.812500000,,
0.656250000,0.812500000,,
0.671875000,0.812500000,,
0.687500000,0.812500000,,
0.703125000,0.812500000,,
0.718750000,0.812500000,,
0.734375000,0.812500000,,
0.750000000,0.812500000,,
0.765625000,0.812500000,,
0.781250000,0.812500000,,
0.796875000,0.812500000,,
0.812500000,0.812500000,,
0.828125000,0.812500000,,
0.843750000,0.812500000,,
0.859375000,0.812500000,,
0.875000000,0.812500000,,
0.890625000,0.812500000,,
0.906250000,0.812500000,,
0.921875000,0.812500000,,
0.937500000,0.812500000,,
0.953125000,0.812500000,,
0.968750000,0.812500000,,
0.984375000,0.812500000,,
1.000000000,0.812500000,,
-1.000000000,0.828125000,,
-0.984375000,0.828125000,,
-0.968750000,0.828125000,,
-0.953125000,0.828125000,,
-0.937500000,0.828125000,,
-0.921875000,0.828125000,,
-0.906250000,0.828125000,,
-0.890625000,0.828125000,,
-0.875000000,0.828125000,,
-0.859375000,0.828125000,,
-0.843750000,0.828125000,,
-0.828125000,0.828125000,,
-0.812500000,0.828125000,,
-0.796875000,0.828125000,,
-0.781250000,0.828125000,,
-0.765625000,0.828125000,,
-0.750000000,0.828125000,,
-0.734375000,0.828125000,,
-0.718750000,0.828125000,,
-0.703125000,0.828125000,,
-0.687500000,0.828125000,,
-0.671875000,0.828125000,,
-0.656250000,0.828125000,,
-0.640625000,0.828125000,,
-0.625000000,0.828125000,,
-0.609375000,0.828125000,,
-0.593750000,0.828125000,,
-0.578125000,0.828125000,,
-0.562500000,0.828125000,,
-0.546875000,0.828125000,,
-0.531250000,0.828125000,,
-0.515625000,0.828125000,,
-0.500000000,0.828125000,,
-0.484375000,0.828125000,,
-0.468750000,0.828125000,,
-0.453125000,0.828125000,,
-0.437500000,0.828125000,,
-0.421875000,0.828125000,,
-0.406250000,0.828125000,,
-0.390625000,0.828125000,,
-0.375000000,0.828125000,,
-0.359375000,0.828125000,,
-0.343750000,0.828125000,,
-0.328125000,0.828125000,,
-0.312500000,0.828125000,,
-0.296875000,0.828125000,-3.16659137916,-1.97911961198
-0.281250000,0.828125000,-3.16649536020,-1.97905960013
-0.265625000,0.828125000,-3.15633960695,-1.97271225435
-0.250000000,0.828125000,-3.13773659119,-1.96108536949
-0.234375000,0.828125000,-3.11222495046,-1.94514059403
-0.218750000,0.828125000,-3.08126634696,-1.92579146685
-0.203125000,0.828125000,-3.04624250148,-1.90390156343
-0.187500000,0.828125000,-3.00845240028,-1.88028275018
-0.171875000,0.828125000,-2.96910967374,-1.85569354608
-0.156250000,0.828125000,-2.92934014750,-1.83083759219
-0.140625000,0.828125000,-2.89017956995,-1.80636223122
-0.125000000,0.828125000,-2.85257151803,-1.78285719877
-0.109375000,0.828125000,-2.81736548519,-1.76085342824
-0.093750000,0.828125000,-2.78531515608,-1.74082197255
-0.078125000,0.828125000,-2.75707687241,-1.72317304525
-0.062500000,0.828125000,-2.73320829305,-1.70825518316
-0.046875000,0.828125000,-2.71416725353,-1.69635453345
-0.031250000,0.828125000,-2.70031082722,-1.68769426701
-0.015625000,0.828125000,-2.69189459256,-1.68243412035
0.000000000,0.828125000,-2.68907210737,-1.68067006710
0.015625000,0.828125000,-2.69189459256,-1.68243412035
0.031250000,0.828125000,-2.70031082722,-1.68769426701
0.046875000,0.828125000,-2.71416725353,-1.69635453345
0.062500000,0.828125000,-2.73320829305,-1.70825518316
0.078125000,0.828125000,-2.75707687241,-1.72317304525
0.093750000,0.828125000,-2.78531515608,-1.74082197255
0.109375000,0.828125000,-2.81736548519,-1.76085342824
0.125000000,0.828125000,-2.85257151803,-1.78285719877
0.140625000,0.828125000,-2.89017956995,-1.80636223122
0.156250000,0.828125000,-2.92934014750,-1.83083759219
0.171875000,0.828125000,-2.96910967374,-1.85569354608
0.187500000,0.828125000,-3.00845240028,-1.88028275018
0.203125000,0.828125000,-3.04624250148,-1.90390156343
0.218750000,0.828125000,-3.08126634696,-1.92579146685
0.234375000,0.828125000,-3.11222495046,-1.94514059403
0.250000000,0.828125000,-3.13773659119,-1.96108536949
0.265625000,0.828125000,-3.15633960695,-1.97271225435
0.281250000,0.828125000,-3.16649536020,-1.97905960013
0.296875000,0.828125000,-3.16659137916,-1.97911961198
0.312500000,0.828125000,,
0.328125000,0.828125000,,
0.343750000,0.828125000,,
0.359375000,0.828125000,,
0.375000000,0.828125000,,
0.390625000,0.828125000,,
0.406250000,0.828125000,,
0.421875000,0.828125000,,
0.437500000,0.828125000,,
0.453125000,0.828125000,,
0.468750000,0.828125000,,
0.484375000,0.828125000,,
0.500000000,0.828125000,,
0.515625000,0.828125000,,
0.531250000,0.828125000,,
0.546875000,0.828125000,,
0.562500000,0.828125000,,
0.578125000,0.828125000,,
0.593750000,0.828125000,,
0.609375000,0.828125000,,
0.625000000,0.828125000,,
0.640625000,0.828125000,,
0.656250000,0.828125000,,
0.671875000,0.828125000,,
0.687500000,0.828125000,,
0.703125000,0.828125000,,
0.718750000,0.828125000,,
0.734375000,0.828125000,,
0.750000000,0.828125000,,
0.765625000,0.828125000,,
0.781250000,0.828125000,,
0.796875000,0.828125000,,
0.812500000,0.828125000,,
0.828125000,0.828125000,,
0.843750000,0.828125000,,
0.859375000,0.828125000,,
0.875000000,0.828125000,,
0.890625000,0.828125000,,
0.906250000,0.828125000,,
0.921875000,0.828125000,,
0.937500000,0.828125000,,
0.953125000,0.828125000,,
0.968750000,0.828125000,,
0.984375000,0.828125000,,
1.000000000,0.828125000,,
-1.000000000,0.843750000,,
-0.984375000,0.843750000,,
-0.968750000,0.843750000,,
-0.953125000,0.843750000,,
-0.937500000,0.843750000,,
-0.921875000,0.843750000,,
-0.906250000,0.843750000,,
-0.890625000,0.843750000,,
-0.875000000,0.843750000,,
-0.859375000,0.843750000,,
-0.843750000,0.843750000,,
-0.828125000,0.843750000,,
-0.812500000,0.843750000,,
-0.796875000,0.843750000,,
-0.781250000,0.843750000,,
-0.765625000,0.843750000,,
-0.750000000,0.843750000,,
-0.734375000,0.843750000,,
-0.718750000,0.843750000,,
-0.703125000,0.843750000,,
-0.687500000,0.843750000,,
-0.671875000,0.843750000,,
-0.656250000,0.843750000,,
-0.640625000,0.843750000,,
-0.625000000,0.843750000,,
-0.609375000,0.843750000,,
-0.593750000,0.843750000,,
-0.578125000,0.843750000,,
-0.562500000,0.843750000,,
-0.546875000,0.843750000,,
-0.531250000,0.843750000,,
-0.515625000,0.843750000,,
-0.500000000,0.843750000,,
-0.484375000,0.843750000,,
-0.468750000,0.843750000,,
-0.453125000,0.843750000,,
-0.437500000,0.843750000,,
-0.421875000,0.843750000,,
-0.406250000,0.843750000,,
-0.390625000,0.843750000,,
-0.375000000,0.843750000,,
-0.359375000,0.843750000,,
-0.343750000,0.843750000,,
-0.328125000,0.843750000,,
-0.312500000,0.843750000,,
-0.296875000,0.843750000,,
-0.281250000,0.843750000,,
-0.265625000,0.843750000,,
-0.250000000,0.843750000,,
-0.234375000,0.843750000,-3.33028660460,-2.08142912788
-0.218750000,0.843750000,-3.30974523118,-2.06859076949
-0.203125000,0.843750000,-3.28421631571,-2.05263519732
-0.187500000,0.843750000,-3.25503983977,-2.03439989985
-0.171875000,0.843750000,-3.22346840919,-2.01466775574
-0.156250000,0.843750000,-3.19066455987,-1.99416534992
-0.140625000,0.843750000,-3.15769826300,-1.97356141438
-0.125000000,0.843750000,-3.12554463249,-1.95346539531
-0.109375000,0.843750000,-3.09508183680,-1.93442614800
-0.093750000,0.843750000,-3.06708921827,-1.91693076142
-0.078125000,0.843750000,-3.04224562284,-1.90140351427
-0.062500000,0.843750000,-3.02112794516,-1.88820496572
-0.046875000,0.843750000,-3.00420988989,-1.87763118118
-0.031250000,0.843750000,-2.99186095460,-1.86991309663
-0.015625000,0.843750000,-2.98434563534,-1.86521602209
0.000000000,0.843750000,-2.98182285788,-1.86363928617
0.015625000,0.843750000,-2.98434563534,-1.86521602209
0.031250000,0.843750000,-2.99186095460,-1.86991309663
0.046875000,0.843750000,-3.00420988989,-1.87763118118
0.062500000,0.843750000,-3.02112794516,-1.88820496572
0.078125000,0.843750000,-3.04224562284,-1.90140351427
0.093750000,0.843750000,-3.06708921827,-1.91693076142
0.109375000,0.843750000,-3.09508183680,-1.93442614800
0.125000000,0.843750000,-3.12554463249,-1.95346539531
0.140625000,0.843750000,-3.15769826300,-1.97356141438
0.156250000,0.843750000,-3.19066455987,-1.99416534992
0.171875000,0.843750000,-3.22346840919,-2.01466775574
0.187500000,0.843750000,-3.25503983977,-2.03439989985
0.203125000,0.843750000,-3.28421631571,-2.05263519732
0.218750000,0.843750000,-3.30974523118,-2.06859076949
0.234375000,0.843750000,-3.33028660460,-2.08142912788
0.250000000,0.843750000,,
0.265625000,0.843750000,,
0.281250000,0.843750000,,
0.296875000,0.843750000,,
0.312500000,0.843750000,,
0.328125000,0.843750000,,
0.343750000,0.843750000,,
0.359375000,0.843750000,,
0.375000000,0.843750000,,
0.390625000,0.843750000,,
0.406250000,0.843750000,,
0.421875000,0.843750000,,
0.437500000,0.843750000,,
0.453125000,0.843750000,,
0.468750000,0.843750000,,
0.484375000,0.843750000,,
0.500000000,0.843750000,,
0.515625000,0.843750000,,
0.531250000,0.843750000,,
0.546875000,0.843750000,,
0.562500000,0.843750000,,
0.578125000,0.843750000,,
0.593750000,0.843750000,,
0.609375000,0.843750000,,
0.625000000,0.843750000,,
0.640625000,0.843750000,,
0.656250000,0.843750000,,
0.671875000,0.843750000,,
0.687500000,0.843750000,,
0.703125000,0.843750000,,
0.718750000,0.843750000,,
0.734375000,0.843750000,,
0.750000000,0.843750000,,
0.765625000,0.843750000,,
0.781250000,0.843750000,,
0.796875000,0.843750000,,
0.812500000,0.843750000,,
0.828125000,0.843750000,,
0.843750000,0.843750000,,
0.859375000,0.843750000,,
0.875000000,0.843750000,,
0.890625000,0.843750000,,
0.906250000,0.843750000,,
0.921875000,0.843750000,,
0.937500000,0.843750000,,
0.953125000,0.843750000,,
0.968750000,0.843750000,,
0.984375000,0.843750000,,
1.000000000,0.843750000,,
-1.000000000,0.859375000,,
-0.984375000,0.859375000,,
-0.968750000,0.859375000,,
-0.953125000,0.859375000,,
-0.937500000,0.859375000,,
-0.921875000,0.859375000,,
-0.906250000,0.859375000,,
-0.890625000,0.859375000,,
-0.875000000,0.859375000,,
-0.859375000,0.859375000,,
-0.843750000,0.859375000,,
-0.828125000,0.859375000,,
-0.812500000,0.859375000,,
-0.796875000,0.859375000,,
-0.781250000,0.859375000,,
-0.765625000,0.859375000,,
-0.750000000,0.859375000,,
-0.734375000,0.859375000,,
-0.718750000,0.859375000,,
-0.703125000,0.859375000,,
-0.687500000,0.859375000,,
-0.671875000,0.859375000,,
-0.656250000,0.859375000,,
-0.640625000,0.859375000,,
-0.625000000,0.859375000,,
-0.609375000,0.859375000,,
-0.593750000,0.859375000,,
-0.578125000,0.859375000,,
-0.562500000,0.859375000,,
-0.546875000,0.859375000,,
-0.531250000,0.859375000,,
-0.515625000,0.859375000,,
-0.500000000,0.859375000,,
-0.484375000,0.859375000,,
-0.468750000,0.859375000,,
-0.453125000,0.859375000,,
-0.437500000,0.859375000,,
-0.421875000,0.859375000,,
-0.406250000,0.859375000,,
-0.390625000,0.859375000,,
-0.375000000,0.859375000,,
-0.359375000,0.859375000,,
-0.343750000,0.859375000,,
-0.328125000,0.859375000,,
-0.312500000,0.859375000,,
-0.296875000,0.859375000,,
-0.281250000,0.859375000,,
-0.265625000,0.859375000,,
-0.250000000,0.859375000,,
-0.234375000,0.859375000,,
-0.218750000,0.859375000,,
-0.203125000,0.859375000,,
-0.187500000,0.859375000,,
-0.171875000,0.859375000,,
-0.156250000,0.859375000,,
-0.140625000,0.859375000,-3.43159351839,-2.14474594899
-0.125000000,0.859375000,-3.40556340107,-2.12847712567
-0.109375000,0.859375000,-3.38043633420,-2.11277270887
-0.093750000,0.859375000,-3.35701648754,-2.09813530472
-0.078125000,0.859375000,-3.33600451699,-2.08500282312
-0.062500000,0.859375000,-3.31799598199,-2.07374748874
-0.046875000,0.859375000,-3.30348000155,-2.06467500097
-0.031250000,0.859375000,-3.29283815068,-2.05802384417
-0.015625000,0.859375000,-3.28634359927,-2.05396474954
0.000000000,0.859375000,-3.28416049637,-2.05260031023
0.015625000,0.859375000,-3.28634359927,-2.05396474954
0.031250000,0.859375000,-3.29283815068,-2.05802384417
0.046875000,0.859375000,-3.30348000155,-2.06467500097
0.062500000,0.859375000,-3.31799598199,-2.07374748874
0.078125000,0.859375000,-3.33600451699,-2.08500282312
0.093750000,0.859375000,-3.35701648754,-2.09813530472
0.109375000,0.859375000,-3.38043633420,-2.11277270887
0.125000000,0.859375000,-3.40556340107,-2.12847712567
0.140625000,0.859375000,-3.43159351839,-2.14474594899
0.156250000,0.859375000,,
0.171875000,0.859375000,,
0.187500000,0.859375000,,
0.203125000,0.859375000,,
0.218750000,0.859375000,,
0.234375000,0.859375000,,
0.250000000,0.859375000,,
0.265625000,0.859375000,,
0.281250000,0.859375000,,
0.296875000,0.859375000,,
0.312500000,0.859375000,,
0.328125000,0.859375000,,
0.343750000,0.859375000,,
0.359375000,0.859375000,,
0.375000000,0.859375000,,
0.390625000,0.859375000,,
0.406250000,0.859375000,,
0.421875000,0.859375000,,
0.437500000,0.859375000,,
0.453125000,0.859375000,,
0.468750000,0.859375000,,
0.484375000,0.859375000,,
0.500000000,0.859375000,,
0.515625000,0.859375000,,
0.531250000,0.859375000,,
0.546875000,0.859375000,,
0.562500000,0.859375000,,
0.578125000,0.859375000,,
0.593750000,0.859375000,,
0.609375000,0.859375000,,
0.625000000,0.859375000,,
0.640625000,0.859375000,,
0.656250000,0.859375000,,
0.671875000,0.859375000,,
0.687500000,0.859375000,,
0.703125000,0.859375000,,
0.718750000,0.859375000,,
0.734375000,0.859375000,,
0.750000000,0.859375000,,
0.765625000,0.859375000,,
0.781250000,0.859375000,,
0.796875000,0.859375000,,
0.812500000,0.859375000,,
0.828125000,0.859375000,,
0.843750000,0.859375000,,
0.859375000,0.859375000,,
0.875000000,0.859375000,,
0.890625000,0.859375000,,
0.906250000,0.859375000,,
0.921875000,0.859375000,,
0.937500000,0.859375000,,
0.953125000,0.859375000,,
0.968750000,0.859375000,,
0.984375000,0.859375000,,
1.000000000,0.859375000,,
-1.000000000,0.875000000,,
-0.984375000,0.875000000,,
-0.968750000,0.875000000,,
-0.953125000,0.875000000,,
-0.937500000,0.875000000,,
-0.921875000,0.875000000,,
-0.906250000,0.875000000,,
-0.890625000,0.875000000,,
-0.875000000,0.875000000,,
-0.859375000,0.875000000,,
-0.843750000,0.875000000,,
-0.828125000,0.875000000,,
-0.812500000,0.875000000,,
-0.796875000,0.875000000,,
-0.781250000,0.875000000,,
-0.765625000,0.875000000,,
-0.750000000,0.875000000,,
-0.734375000,0.875000000,,
-0.718750000,0.875000000,,
-0.703125000,0.875000000,,
-0.687500000,0.875000000,,
-0.671875000,0.875000000,,
-0.656250000,0.875000000,,
-0.640625000,0.875000000,,
-0.625000000,0.875000000,,
-0.609375000,0.875000000,,
-0.593750000,0.875000000,,
-0.578125000,0.875000000,,
-0.562500000,0.875000000,,
-0.546875000,0.875000000,,
-0.531250000,0.875000000,,
-0.515625000,0.875000000,,
-0.500000000,0.875000000,,
-0.484375000,0.875000000,,
-0.468750000,0.875000000,,
-0.453125000,0.875000000,,
-0.437500000,0.875000000,,
-0.421875000,0.875000000,,
-0.406250000,0.875000000,,
-0.390625000,0.875000000,,
-0.375000000,0.875000000,,
-0.359375000,0.875000000,,
-0.343750000,0.875000000,,
-0.328125000,0.875000000,,
-0.312500000,0.875000000,,
-0.296875000,0.875000000,,
-0.281250000,0.875000000,,
-0.265625000,0.875000000,,
-0.250000000,0.875000000,,
-0.234375000,0.875000000,,
-0.218750000,0.875000000,,
-0.203125000,0.875000000,,
-0.187500000,0.875000000,,
-0.171875000,0.875000000,,
-0.156250000,0.875000000,,
-0.140625000,0.875000000,,
-0.125000000,0.875000000,,
-0.109375000,0.875000000,,
-0.093750000,0.875000000,,
-0.078125000,0.875000000,,
-0.062500000,0.875000000,,
-0.046875000,0.875000000,,
-0.031250000,0.875000000,,
-0.015625000,0.875000000,,
0.000000000,0.875000000,,
0.015625000,0.875000000,,
0.031250000,0.875000000,,
0.046875000,0.875000000,,
0.062500000,0.875000000,,
0.078125000,0.875000000,,
0.093750000,0.875000000,,
0.109375000,0.875000000,,
0.125000000,0.875000000,,
0.140625000,0.875000000,,
0.156250000,0.875000000,,
0.171875000,0.875000000,,
0.187500000,0.875000000,,
0.203125000,0.875000000,,
0.218750000,0.875000000,,
0.234375000,0.875000000,,
0.250000000,0.875000000,,
0.265625000,0.875000000,,
0.281250000,0.875000000,,
0.296875000,0.875000000,,
0.312500000,0.875000000,,
0.328125000,0.875000000,,
0.343750000,0.875000000,,
0.359375000,0.875000000,,
0.375000000,0.875000000,,
0.390625000,0.875000000,,
0.406250000,0.875000000,,
0.421875000,0.875000000,,
0.437500000,0.875000000,,
0.453125000,0.875000000,,
0.468750000,0.875000000,,
0.484375000,0.875000000,,
0.500000000,0.875000000,,
0.515625000,0.875000000,,
0.531250000,0.875000000,,
0.546875000,0.875000000,,
0.562500000,0.875000000,,
0.578125000,0.875000000,,
0.593750000,0.875000000,,
0.609375000,0.875000000,,
0.625000000,0.875000000,,
0.640625000,0.875000000,,
0.656250000,0.875000000,,
0.671875000,0.875000000,,
0.687500000,0.875000000,,
0.703125000,0.875000000,,
0.718750000,0.875000000,,
0.734375000,0.875000000,,
0.750000000,0.875000000,,
0.765625000,0.875000000,,
0.781250000,0.875000000,,
0.796875000,0.875000000,,
0.812500000,0.875000000,,
0.828125000,0.875000000,,
0.843750000,0.875000000,,
0.859375000,0.875000000,,
0.875000000,0.875000000,,
0.890625000,0.875000000,,
0.906250000,0.875000000,,
0.921875000,0.875000000,,
0.937500000,0.875000000,,
0.953125000,0.875000000,,
0.968750000,0.875000000,,
0.984375000,0.875000000,,
1.000000000,0.875000000,,
-1.000000000,0.890625000,,
-0.984375000,0.890625000,,
-0.968750000,0.890625000,,
-0.953125000,0.890625000,,
-0.937500000,0.890625000,,
-0.921875000,0.890625000,,
-0.906250000,0.890625000,,
-0.890625000,0.890625000,,
-0.875000000,0.890625000,,
-0.859375000,0.890625000,,
-0.843750000,0.890625000,,
-0.828125000,0.890625000,,
-0.812500000,0.890625000,,
-0.796875000,0.890625000,,
-0.781250000,0.890625000,,
-0.765625000,0.890625000,,
-0.750000000,0.890625000,,
-0.734375000,0.890625000,,
-0.718750000,0.890625000,,
-0.703125000,0.890625000,,
-0.687500000,0.890625000,,
-0.671875000,0.890625000,,
-0.656250000,0.890625000,,
-0.640625000,0.890625000,,
-0.625000000,0.890625000,,
-0.609375000,0.890625000,,
-0.593750000,0.890625000,,
-0.578125000,0.890625000,,
-0.562500000,0.890625000,,
-0.546875000,0.890625000,,
-0.531250000,0.890625000,,
-0.515625000,0.890625000,,
-0.500000000,0.890625000,,
-0.484375000,0.890625000,,
-0.468750000,0.890625000,,
-0.453125000,0.890625000,,
-0.437500000,0.890625000,,
-0.421875000,0.890625000,,
-0.406250000,0.890625000,,
-0.390625000,0.890625000,,
-0.375000000,0.890625000,,
-0.359375000,0.890625000,,
-0.343750000,0.890625000,,
-0.328125000,0.890625000,,
-0.312500000,0.890625000,,
-0.296875000,0.890625000,,
-0.281250000,0.890625000,,
-0.265625000,0.890625000,,
-0.250000000,0.890625000,,
-0.234375000,0.890625000,,
-0.218750000,0.890625000,,
-0.203125000,0.890625000,,
-0.187500000,0.890625000,,
-0.171875000,0.890625000,,
-0.156250000,0.890625000,,
-0.140625000,0.890625000,,
-0.125000000,0.890625000,,
-0.109375000,0.890625000,,
-0.093750000,0.890625000,,
-0.078125000,0.890625000,,
-0.062500000,0.890625000,,
-0.046875000,0.890625000,,
-0.031250000,0.890625000,,
-0.015625000,0.890625000,,
0.000000000,0.890625000,,
0.015625000,0.890625000,,
0.031250000,0.890625000,,
0.046875000,0.890625000,,
0.062500000,0.890625000,,
0.078125000,0.890625000,,
0.093750000,0.890625000,,
0.109375000,0.890625000,,
0.125000000,0.890625000,,
0.140625000,0.890625000,,
0.156250000,0.890625000,,
0.171875000,0.890625000,,
0.187500000,0.890625000,,
0.203125000,0.890625000,,
0.218750000,0.890625000,,
0.234375000,0.890625000,,
0.250000000,0.890625000,,
0.265625000,0.890625000,,
0.281250000,0.890625000,,
0.296875000,0.890625000,,
0.312500000,0.890625000,,
0.328125000,0.890625000,,
0.343750000,0.890625000,,
0.359375000,0.890625000,,
0.375000000,0.890625000,,
0.390625000,0.890625000,,
0.406250000,0.890625000,,
0.421875000,0.890625000,,
0.437500000,0.890625000,,
0.453125000,0.890625000,,
0.468750000,0.890625000,,
0.484375000,0.890625000,,
0.500000000,0.890625000,,
0.515625000,0.890625000,,
0.531250000,0.890625000,,
0.546875000,0.890625000,,
0.562500000,0.890625000,,
0.578125000,0.890625000,,
0.593750000,0.890625000,,
0.609375000,0.890625000,,
0.625000000,0.890625000,,
0.640625000,0.890625000,,
0.656250000,0.890625000,,
0.671875000,0.890625000,,
0.687500000,0.890625000,,
0.703125000,0.890625000,,
0.718750000,0.890625000,,
0.734375000,0.890625000,,
0.750000000,0.890625000,,
0.765625000,0.890625000,,
0.781250000,0.890625000,,
0.796875000,0.890625000,,
0.812500000,0.890625000,,
0.828125000,0.890625000,,
0.843750000,0.890625000,,
0.859375000,0.890625000,,
0.875000000,0.890625000,,
0.890625000,0.890625000,,
0.906250000,0.890625000,,
0.921875000,0.890625000,,
0.937500000,0.890625000,,
0.953125000,0.890625000,,
0.968750000,0.890625000,,
0.984375000,0.890625000,,
1.000000000,0.890625000,,
-1.000000000,0.906250000,,
-0.984375000,0.906250000,,
-0.968750000,0.906250000,,
-0.953125000,0.906250000,,
-0.937500000,0.906250000,,
-0.921875000,0.906250000,,
-0.906250000,0.906250000,,
-0.890625000,0.906250000,,
-0.875000000,0.906250000,,
-0.859375000,0.906250000,,
-0.843750000,0.906250000,,
-0.828125000,0.906250000,,
-0.812500000,0.906250000,,
-0.796875000,0.906250000,,
-0.781250000,0.906250000,,
-0.765625000,0.906250000,,
-0.750000000,0.906250000,,
-0.734375000,0.906250000,,
-0.718750000,0.906250000,,
-0.703125000,0.906250000,,
-0.687500000,0.906250000,,
-0.671875000,0.906250000,,
-0.656250000,0.906250000,,
-0.640625000,0.906250000,,
-0.625000000,0.906250000,,
-0.609375000,0.906250000,,
-0.593750000,0.906250000,,
-0.578125000,0.906250000,,
-0.562500000,0.906250000,,
-0.546875000,0.906250000,,
-0.531250000,0.906250000,,
-0.515625000,0.906250000,,
-0.500000000,0.906250000,,
-0.484375000,0.906250000,,
-0.468750000,0.906250000,,
-0.453125000,0.906250000,,
-0.437500000,0.906250000,,
-0.421875000,0.906250000,,
-0.406250000,0.906250000,,
-0.390625000,0.906250000,,
-0.375000000,0.906250000,,
-0.359375000,0.906250000,,
-0.343750000,0.906250000,,
-0.328125000,0.906250000,,
-0.312500000,0.906250000,,
-0.296875000,0.906250000,,
-0.281250000,0.906250000,,
-0.265625000,0.906250000,,
-0.250000000,0.906250000,,
-0.234375000,0.906250000,,
-0.218750000,0.906250000,,
-0.203125000,0.906250000,,
-0.187500000,0.906250000,,
-0.171875000,0.906250000,,
-0.156250000,0.906250000,,
-0.140625000,0.906250000,,
-0.125000000,0.906250000,,
-0.109375000,0.906250000,,
-0.093750000,0.906250000,,
-0.078125000,0.906250000,,
-0.062500000,0.906250000,,
-0.046875000,0.906250000,,
-0.031250000,0.906250000,,
-0.015625000,0.906250000,,
0.000000000,0.906250000,,
0.015625000,0.906250000,,
0.031250000,0.906250000,,
0.046875000,0.906250000,,
0.062500000,0.906250000,,
0.078125000,0.906250000,,
0.093750000,0.906250000,,
0.109375000,0.906250000,,
0.125000000,0.906250000,,
0.140625000,0.906250000,,
0.156250000,0.906250000,,
0.171875000,0.906250000,,
0.187500000,0.906250000,,
0.203125000,0.906250000,,
0.218750000,0.906250000,,
0.234375000,0.906250000,,
0.250000000,0.906250000,,
0.265625000,0.906250000,,
0.281250000,0.906250000,,
0.296875000,0.906250000,,
0.312500000,0.906250000,,
0.328125000,0.906250000,,
0.343750000,0.906250000,,
0.359375000,0.906250000,,
0.375000000,0.906250000,,
0.390625000,0.906250000,,
0.406250000,0.906250000,,
0.421875000,0.906250000,,
0.437500000,0.906250000,,
0.453125000,0.906250000,,
0.468750000,0.906250000,,
0.484375000,0.906250000,,
0.500000000,0.906250000,,
0.515625000,0.906250000,,
0.531250000,0.906250000,,
0.546875000,0.906250000,,
0.562500000,0.906250000,,
0.578125000,0.906250000,,
0.593750000,0.906250000,,
0.609375000,0.906250000,,
0.625000000,0.906250000,,
0.640625000,0.906250000,,
0.656250000,0.906250000,,
0.671875000,0.906250000,,
0.687500000,0.906250000,,
0.703125000,0.906250000,,
0.718750000,0.906250000,,
0.734375000,0.906250000,,
0.750000000,0.906250000,,
0.765625000,0.906250000,,
0.781250000,0.906250000,,
0.796875000,0.906250000,,
0.812500000,0.906250000,,
0.828125000,0.906250000,,
0.843750000,0.906250000,,
0.859375000,0.906250000,,
0.875000000,0.906250000,,
0.890625000,0.906250000,,
0.906250000,0.906250000,,
0.921875000,0.906250000,,
0.937500000,0.906250000,,
0.953125000,0.906250000,,
0.968750000,0.906250000,,
0.984375000,0.906250000,,
1.000000000,0.906250000,,
-1.000000000,0.921875000,,
-0.984375000,0.921875000,,
-0.968750000,0.921875000,,
-0.953125000,0.921875000,,
-0.937500000,0.921875000,,
-0.921875000,0.921875000,,
-0.906250000,0.921875000,,
-0.890625000,0.921875000,,
-0.875000000,0.921875000,,
-0.859375000,0.921875000,,
-0.843750000,0.921875000,,
-0.828125000,0.921875000,,
-0.812500000,0.921875000,,
-0.796875000,0.921875000,,
-0.781250000,0.921875000,,
-0.765625000,0.921875000,,
-0.750000000,0.921875000,,
-0.734375000,0.921875000,,
-0.718750000,0.921875000,,
-0.703125000,0.921875000,,
-0.687500000,0.921875000,,
-0.671875000,0.921875000,,
-0.656250000,0.921875000,,
-0.640625000,0.921875000,,
-0.625000000,0.921875000,,
-0.609375000,0.921875000,,
-0.593750000,0.921875000,,
-0.578125000,0.921875000,,
-0.562500000,0.921875000,,
-0.546875000,0.921875000,,
-0.531250000,0.921875000,,
-0.515625000,0.921875000,,
-0.500000000,0.921875000,,
-0.484375000,0.921875000,,
-0.468750000,0.921875000,,
-0.453125000,0.921875000,,
-0.437500000,0.921875000,,
-0.421875000,0.921875000,,
-0.406250000,0.921875000,,
-0.390625000,0.921875000,,
-0.375000000,0.921875000,,
-0.359375000,0.921875000,,
-0.343750000,0.921875000,,
-0.328125000,0.921875000,,
-0.312500000,0.921875000,,
-0.296875000,0.921875000,,
-0.281250000,0.921875000,,
-0.265625000,0.921875000,,
-0.250000000,0.921875000,,
-0.234375000,0.921875000,,
-0.218750000,0.921875000,,
-0.203125000,0.921875000,,
-0.187500000,0.921875000,,
-0.171875000,0.921875000,,
-0.156250000,0.921875000,,
-0.140625000,0.921875000,,
-0.125000000,0.921875000,,
-0.109375000,0.921875000,,
-0.093750000,0.921875000,,
-0.078125000,0.921875000,,
-0.062500000,0.921875000,,
-0.046875000,0.921875000,,
-0.031250000,0.921875000,,
-0.015625000,0.921875000,,
0.000000000,0.921875000,,
0.015625000,0.921875000,,
0.031250000,0.921875000,,
0.046875000,0.921875000,,
0.062500000,0.921875000,,
0.078125000,0.921875000,,
0.093750000,0.921875000,,
0.109375000,0.921875000,,
0.125000000,0.921875000,,
0.140625000,0.921875000,,
0.156250000,0.921875000,,
0.171875000,0.921875000,,
0.187500000,0.921875000,,
0.203125000,0.921875000,,
0.218750000,0.921875000,,
0.234375000,0.921875000,,
0.250000000,0.921875000,,
0.265625000,0.921875000,,
0.281250000,0.921875000,,
0.296875000,0.921875000,,
0.312500000,0.921875000,,
0.328125000,0.921875000,,
0.343750000,0.921875000,,
0.359375000,0.921875000,,
0.375000000,0.921875000,,
0.390625000,0.921875000,,
0.406250000,0.921875000,,
0.421875000,0.921875000,,
0.437500000,0.921875000,,
0.453125000,0.921875000,,
0.468750000,0.921875000,,
0.484375000,0.921875000,,
0.500000000,0.921875000,,
0.515625000,0.921875000,,
0.531250000,0.921875000,,
0.546875000,0.921875000,,
0.562500000,0.921875000,,
0.578125000,0.921875000,,
0.593750000,0.921875000,,
0.609375000,0.921875000,,
0.625000000,0.921875000,,
0.640625000,0.921875000,,
0.656250000,0.921875000,,
0.671875000,0.921875000,,
0.687500000,0.921875000,,
0.703125000,0.921875000,,
0.718750000,0.921875000,,
0.734375000,0.921875000,,
0.750000000,0.921875000,,
0.765625000,0.921875000,,
0.781250000,0.921875000,,
0.796875000,0.921875000,,
0.812500000,0.921875000,,
0.828125000,0.921875000,,
0.843750000,0.921875000,,
0.859375000,0.921875000,,
0.875000000,0.921875000,,
0.890625000,0.921875000,,
0.906250000,0.921875000,,
0.921875000,0.921875000,,
0.937500000,0.921875000,,
0.953125000,0.921875000,,
0.968750000,0.921875000,,
0.984375000,0.921875000,,
1.000000000,0.921875000,,
-1.000000000,0.937500000,,
-0.984375000,0.937500000,,
-0.968750000,0.937500000,,
-0.953125000,0.937500000,,
-0.937500000,0.937500000,,
-0.921875000,0.937500000,,
-0.906250000,0.937500000,,
-0.890625000,0.937500000,,
-0.875000000,0.937500000,,
-0.859375000,0.937500000,,
-0.843750000,0.937500000,,
-0.828125000,0.937500000,,
-0.812500000,0.937500000,,
-0.796875000,0.937500000,,
-0.781250000,0.937500000,,
-0.765625000,0.937500000,,
-0.750000000,0.937500000,,
-0.734375000,0.937500000,,
-0.718750000,0.937500000,,
-0.703125000,0.937500000,,
-0.687500000,0.937500000,,
-0.671875000,0.937500000,,
-0.656250000,0.937500000,,
-0.640625000,0.937500000,,
-0.625000000,0.937500000,,
-0.609375000,0.937500000,,
-0.593750000,0.937500000,,
-0.578125000,0.937500000,,
-0.562500000,0.937500000,,
-0.546875000,0.937500000,,
-0.531250000,0.937500000,,
-0.515625000,0.937500000,,
-0.500000000,0.937500000,,
-0.484375000,0.937500000,,
-0.468750000,0.937500000,,
-0.453125000,0.937500000,,
-0.437500000,0.937500000,,
-0.421875000,0.937500000,,
-0.406250000,0.937500000,,
-0.390625000,0.937500000,,
-0.375000000,0.937500000,,
-0.359375000,0.937500000,,
-0.343750000,0.937500000,,
-0.328125000,0.937500000,,
-0.312500000,0.937500000,,
-0.296875000,0.937500000,,
-0.281250000,0.937500000,,
-0.265625000,0.937500000,,
-0.250000000,0.937500000,,
-0.234375000,0.937500000,,
-0.218750000,0.937500000,,
-0.203125000,0.937500000,,
-0.187500000,0.937500000,,
-0.171875000,0.937500000,,
-0.156250000,0.937500000,,
-0.140625000,0.937500000,,
-0.125000000,0.937500000,,
-0.109375000,0.937500000,,
-0.093750000,0.937500000,,
-0.078125000,0.937500000,,
-0.062500000,0.937500000,,
-0.046875000,0.937500000,,
-0.031250000,0.937500000,,
-0.015625000,0.937500000,,
0.000000000,0.937500000,,
0.015625000,0.937500000,,
0.031250000,0.937500000,,
0.046875000,0.937500000,,
0.062500000,0.937500000,,
0.078125000,0.937500000,,
0.093750000,0.937500000,,
0.109375000,0.937500000,,
0.125000000,0.937500000,,
0.140625000,0.937500000,,
0.156250000,0.937500000,,
0.171875000,0.937500000,,
0.187500000,0.937500000,,
0.203125000,0.937500000,,
0.218750000,0.937500000,,
0.234375000,0.937500000,,
0.250000000,0.937500000,,
0.265625000,0.937500000,,
0.281250000,0.937500000,,
0.296875000,0.937500000,,
0.312500000,0.937500000,,
0.328125000,0.937500000,,
0.343750000,0.937500000,,
0.359375000,0.937500000,,
0.375000000,0.937500000,,
0.390625000,0.937500000,,
0.406250000,0.937500000,,
0.421875000,0.937500000,,
0.437500000,0.937500000,,
0.453125000,0.937500000,,
0.468750000,0.937500000,,
0.484375000,0.937500000,,
0.500000000,0.937500000,,
0.515625000,0.937500000,,
0.531250000,0.937500000,,
0.546875000,0.937500000,,
0.562500000,0.937500000,,
0.578125000,0.937500000,,
0.593750000,0.937500000,,
0.609375000,0.937500000,,
0.625000000,0.937500000,,
0.640625000,0.937500000,,
0.656250000,0.937500000,,
0.671875000,0.937500000,,
0.687500000,0.937500000,,
0.703125000,0.937500000,,
0.718750000,0.937500000,,
0.734375000,0.937500000,,
0.750000000,0.937500000,,
0.765625000,0.937500000,,
0.781250000,0.937500000,,
0.796875000,0.937500000,,
0.812500000,0.937500000,,
0.828125000,0.937500000,,
0.843750000,0.937500000,,
0.859375000,0.937500000,,
0.875000000,0.937500000,,
0.890625000,0.937500000,,
0.906250000,0.937500000,,
0.921875000,0.937500000,,
0.937500000,0.937500000,,
0.953125000,0.937500000,,
0.968750000,0.937500000,,
0.984375000,0.937500000,,
1.000000000,0.937500000,,
-1.000000000,0.953125000,,
-0.984375000,0.953125000,,
-0.968750000,0.953125000,,
-0.953125000,0.953125000,,
-0.937500000,0.953125000,,
-0.921875000,0.953125000,,
-0.906250000,0.953125000,,
-0.890625000,0.953125000,,
-0.875000000,0.953125000,,
-0.859375000,0.953125000,,
-0.843750000,0.953125000,,
-0.828125000,0.953125000,,
-0.812500000,0.953125000,,
-0.796875000,0.953125000,,
-0.781250000,0.953125000,,
-0.765625000,0.953125000,,
-0.750000000,0.953125000,,
-0.734375000,0.953125000,,
-0.718750000,0.953125000,,
-0.703125000,0.953125000,,
-0.687500000,0.953125000,,
-0.671875000,0.953125000,,
-0.656250000,0.953125000,,
-0.640625000,0.953125000,,
-0.625000000,0.953125000,,
-0.609375000,0.953125000,,
-0.593750000,0.953125000,,
-0.578125000,0.953125000,,
-0.562500000,0.953125000,,
-0.546875000,0.953125000,,
-0.531250000,0.953125000,,
-0.515625000,0.953125000,,
-0.500000000,0.953125000,,
-0.484375000,0.953125000,,
-0.468750000,0.953125000,,
-0.453125000,0.953125000,,
-0.437500000,0.953125000,,
-0.421875000,0.953125000,,
-0.406250000,0.953125000,,
-0.390625000,0.953125000,,
-0.375000000,0.953125000,,
-0.359375000,0.953125000,,
-0.343750000,0.953125000,,
-0.328125000,0.953125000,,
-0.312500000,0.953125000,,
-0.296875000,0.953125000,,
-0.281250000,0.953125000,,
-0.265625000,0.953125000,,
-0.250000000,0.953125000,,
-0.234375000,0.953125000,,
-0.218750000,0.953125000,,
-0.203125000,0.953125000,,
-0.187500000,0.953125000,,
-0.171875000,0.953125000,,
-0.156250000,0.953125000,,
-0.140625000,0.953125000,,
-0.125000000,0.953125000,,
-0.109375000,0.953125000,,
-0.093750000,0.953125000,,
-0.078125000,0.953125000,,
-0.062500000,0.953125000,,
-0.046875000,0.953125000,,
-0.031250000,0.953125000,,
-0.015625000,0.953125000,,
0.000000000,0.953125000,,
0.015625000,0.953125000,,
0.031250000,0.953125000,,
0.046875000,0.953125000,,
0.062500000,0.953125000,,
0.078125000,0.953125000,,
0.093750000,0.953125000,,
0.109375000,0.953125000,,
0.125000000,0.953125000,,
0.140625000,0.953125000,,
0.156250000,0.953125000,,
0.171875000,0.953125000,,
0.187500000,0.953125000,,
0.203125000,0.953125000,,
0.218750000,0.953125000,,
0.234375000,0.953125000,,
0.250000000,0.953125000,,
0.265625000,0.953125000,,
0.281250000,0.953125000,,
0.296875000,0.953125000,,
0.312500000,0.953125000,,
0.328125000,0.953125000,,
0.343750000,0.953125000,,
0.359375000,0.953125000,,
0.375000000,0.953125000,,
0.390625000,0.953125000,,
0.406250000,0.953125000,,
0.421875000,0.953125000,,
0.437500000,0.953125000,,
0.453125000,0.953125000,,
0.468750000,0.953125000,,
0.484375000,0.953125000,,
0.500000000,0.953125000,,
0.515625000,0.953125000,,
0.531250000,0.953125000,,
0.546875000,0.953125000,,
0.562500000,0.953125000,,
0.578125000,0.953125000,,
0.593750000,0.953125000,,
0.609375000,0.953125000,,
0.625000000,0.953125000,,
0.640625000,0.953125000,,
0.656250000,0.953125000,,
0.671875000,0.953125000,,
0.687500000,0.953125000,,
0.703125000,0.953125000,,
0.718750000,0.953125000,,
0.734375000,0.953125000,,
0.750000000,0.953125000,,
0.765625000,0.953125000,,
0.781250000,0.953125000,,
0.796875000,0.953125000,,
0.812500000,0.953125000,,
0.828125000,0.953125000,,
0.843750000,0.953125000,,
0.859375000,0.953125000,,
0.875000000,0.953125000,,
0.890625000,0.953125000,,
0.906250000,0.953125000,,
0.921875000,0.953125000,,
0.937500000,0.953125000,,
0.953125000,0.953125000,,
0.968750000,0.953125000,,
0.984375000,0.953125000,,
1.000000000,0.953125000,,
-1.000000000,0.968750000,,
-0.984375000,0.968750000,,
-0.968750000,0.968750000,,
-0.953125000,0.968750000,,
-0.937500000,0.968750000,,
-0.921875000,0.968750000,,
-0.906250000,0.968750000,,
-0.890625000,0.968750000,,
-0.875000000,0.968750000,,
-0.859375000,0.968750000,,
-0.843750000,0.968750000,,
-0.828125000,0.968750000,,
-0.812500000,0.968750000,,
-0.796875000,0.968750000,,
-0.781250000,0.968750000,,
-0.765625000,0.968750000,,
-0.750000000,0.968750000,,
-0.734375000,0.968750000,,
-0.718750000,0.968750000,,
-0.703125000,0.968750000,,
-0.687500000,0.968750000,,
-0.671875000,0.968750000,,
-0.656250000,0.968750000,,
-0.640625000,0.968750000,,
-0.625000000,0.968750000,,
-0.609375000,0.968750000,,
-0.593750000,0.968750000,,
-0.578125000,0.968750000,,
-0.562500000,0.968750000,,
-0.546875000,0.968750000,,
-0.531250000,0.968750000,,
-0.515625000,0.968750000,,
-0.500000000,0.968750000,,
-0.484375000,0.968750000,,
-0.468750000,0.968750000,,
-0.453125000,0.968750000,,
-0.437500000,0.968750000,,
-0.421875000,0.968750000,,
-0.406250000,0.968750000,,
-0.390625000,0.968750000,,
-0.375000000,0.968750000,,
-0.359375000,0.968750000,,
-0.343750000,0.968750000,,
-0.328125000,0.968750000,,
-0.312500000,0.968750000,,
-0.296875000,0.968750000,,
-0.281250000,0.968750000,,
-0.265625000,0.968750000,,
-0.250000000,0.968750000,,
-0.234375000,0.968750000,,
-0.218750000,0.968750000,,
-0.203125000,0.968750000,,
-0.187500000,0.968750000,,
-0.171875000,0.968750000,,
-0.156250000,0.968750000,,
-0.140625000,0.968750000,,
-0.125000000,0.968750000,,
-0.109375000,0.968750000,,
-0.093750000,0.968750000,,
-0.078125000,0.968750000,,
-0.062500000,0.968750000,,
-0.046875000,0.968750000,,
-0.031250000,0.968750000,,
-0.015625000,0.968750000,,
0.000000000,0.968750000,,
0.015625000,0.968750000,,
0.031250000,0.968750000,,
0.046875000,0.968750000,,
0.062500000,0.968750000,,
0.078125000,0.968750000,,
0.093750000,0.968750000,,
0.109375000,0.968750000,,
0.125000000,0.968750000,,
0.140625000,0.968750000,,
0.156250000,0.968750000,,
0.171875000,0.968750000,,
0.187500000,0.968750000,,
0.203125000,0.968750000,,
0.218750000,0.968750000,,
0.234375000,0.968750000,,
0.250000000,0.968750000,,
0.265625000,0.968750000,,
0.281250000,0.968750000,,
0.296875000,0.968750000,,
0.312500000,0.968750000,,
0.328125000,0.968750000,,
0.343750000,0.968750000,,
0.359375000,0.968750000,,
0.375000000,0.968750000,,
0.390625000,0.968750000,,
0.406250000,0.968750000,,
0.421875000,0.968750000,,
0.437500000,0.968750000,,
0.453125000,0.968750000,,
0.468750000,0.968750000,,
0.484375000,0.968750000,,
0.500000000,0.968750000,,
0.515625000,0.968750000,,
0.531250000,0.968750000,,
0.546875000,0.968750000,,
0.562500000,0.968750000,,
0.578125000,0.968750000,,
0.593750000,0.968750000,,
0.609375000,0.968750000,,
0.625000000,0.968750000,,
0.640625000,0.968750000,,
0.656250000,0.968750000,,
0.671875000,0.968750000,,
0.687500000,0.968750000,,
0.703125000,0.968750000,,
0.718750000,0.968750000,,
0.734375000,0.968750000,,
0.750000000,0.968750000,,
0.765625000,0.968750000,,
0.781250000,0.968750000,,
0.796875000,0.968750000,,
0.812500000,0.968750000,,
0.828125000,0.968750000,,
0.843750000,0.968750000,,
0.859375000,0.968750000,,
0.875000000,0.968750000,,
0.890625000,0.968750000,,
0.906250000,0.968750000,,
0.921875000,0.968750000,,
0.937500000,0.968750000,,
0.953125000,0.968750000,,
0.968750000,0.968750000,,
0.984375000,0.968750000,,
1.000000000,0.968750000,,
-1.000000000,0.984375000,,
-0.984375000,0.984375000,,
-0.968750000,0.984375000,,
-0.953125000,0.984375000,,
-0.937500000,0.984375000,,
-0.921875000,0.984375000,,
-0.906250000,0.984375000,,
-0.890625000,0.984375000,,
-0.875000000,0.984375000,,
-0.859375000,0.984375000,,
-0.843750000,0.984375000,,
-0.828125000,0.984375000,,
-0.812500000,0.984375000,,
-0.796875000,0.984375000,,
-0.781250000,0.984375000,,
-0.765625000,0.984375000,,
-0.750000000,0.984375000,,
-0.734375000,0.984375000,,
-0.718750000,0.984375000,,
-0.703125000,0.984375000,,
-0.687500000,0.984375000,,
-0.671875000,0.984375000,,
-0.656250000,0.984375000,,
-0.640625000,0.984375000,,
-0.625000000,0.984375000,,
-0.609375000,0.984375000,,
-0.593750000,0.984375000,,
-0.578125000,0.984375000,,
-0.562500000,0.984375000,,
-0.546875000,0.984375000,,
-0.531250000,0.984375000,,
-0.515625000,0.984375000,,
-0.500000000,0.984375000,,
-0.484375000,0.984375000,,
-0.468750000,0.984375000,,
-0.453125000,0.984375000,,
-0.437500000,0.984375000,,
-0.421875000,0.984375000,,
-0.406250000,0.984375000,,
-0.390625000,0.984375000,,
-0.375000000,0.984375000,,
-0.359375000,0.984375000,,
-0.343750000,0.984375000,,
-0.328125000,0.984375000,,
-0.312500000,0.984375000,,
-0.296875000,0.984375000,,
-0.281250000,0.984375000,,
-0.265625000,0.984375000,,
-0.250000000,0.984375000,,
-0.234375000,0.984375000,,
-0.218750000,0.984375000,,
-0.203125000,0.984375000,,
-0.187500000,0.984375000,,
-0.171875000,0.984375000,,
-0.156250000,0.984375000,,
-0.140625000,0.984375000,,
-0.125000000,0.984375000,,
-0.109375000,0.984375000,,
-0.093750000,0.984375000,,
-0.078125000,0.984375000,,
-0.062500000,0.984375000,,
-0.046875000,0.984375000,,
-0.031250000,0.984375000,,
-0.015625000,0.984375000,,
0.000000000,0.984375000,,
0.015625000,0.984375000,,
0.031250000,0.984375000,,
0.046875000,0.984375000,,
0.062500000,0.984375000,,
0.078125000,0.984375000,,
0.093750000,0.984375000,,
0.109375000,0.984375000,,
0.125000000,0.984375000,,
0.140625000,0.984375000,,
0.156250000,0.984375000,,
0.171875000,0.984375000,,
0.187500000,0.984375000,,
0.203125000,0.984375000,,
0.218750000,0.984375000,,
0.234375000,0.984375000,,
0.250000000,0.984375000,,
0.265625000,0.984375000,,
0.281250000,0.984375000,,
0.296875000,0.984375000,,
0.312500000,0.984375000,,
0.328125000,0.984375000,,
0.343750000,0.984375000,,
0.359375000,0.984375000,,
0.375000000,0.984375000,,
0.390625000,0.984375000,,
0.406250000,0.984375000,,
0.421875000,0.984375000,,
0.437500000,0.984375000,,
0.453125000,0.984375000,,
0.468750000,0.984375000,,
0.484375000,0.984375000,,
0.500000000,0.984375000,,
0.515625000,0.984375000,,
0.531250000,0.984375000,,
0.546875000,0.984375000,,
0.562500000,0.984375000,,
0.578125000,0.984375000,,
0.593750000,0.984375000,,
0.609375000,0.984375000,,
0.625000000,0.984375000,,
0.640625000,0.984375000,,
0.656250000,0.984375000,,
0.671875000,0.984375000,,
0.687500000,0.984375000,,
0.703125000,0.984375000,,
0.718750000,0.984375000,,
0.734375000,0.984375000,,
0.750000000,0.984375000,,
0.765625000,0.984375000,,
0.781250000,0.984375000,,
0.796875000,0.984375000,,
0.812500000,0.984375000,,
0.828125000,0.984375000,,
0.843750000,0.984375000,,
0.859375000,0.984375000,,
0.875000000,0.984375000,,
0.890625000,0.984375000,,
0.906250000,0.984375000,,
0.921875000,0.984375000,,
0.937500000,0.984375000,,
0.953125000,0.984375000,,
0.968750000,0.984375000,,
0.984375000,0.984375000,,
1.000000000,0.984375000,,
-1.000000000,1.000000000,,
-0.984375000,1.000000000,,
-0.968750000,1.000000000,,
-0.953125000,1.000000000,,
-0.937500000,1.000000000,,
-0.921875000,1.000000000,,
-0.906250000,1.000000000,,
-0.890625000,1.000000000,,
-0.875000000,1.000000000,,
-0.859375000,1.000000000,,
-0.843750000,1.000000000,,
-0.828125000,1.000000000,,
-0.812500000,1.000000000,,
-0.796875000,1.000000000,,
-0.781250000,1.000000000,,
-0.765625000,1.000000000,,
-0.750000000,1.000000000,,
-0.734375000,1.000000000,,
-0.718750000,1.000000000,,
-0.703125000,1.000000000,,
-0.687500000,1.000000000,,
-0.671875000,1.000000000,,
-0.656250000,1.000000000,,
-0.640625000,1.000000000,,
-0.625000000,1.000000000,,
-0.609375000,1.000000000,,
-0.593750000,1.000000000,,
-0.578125000,1.000000000,,
-0.562500000,1.000000000,,
-0.546875000,1.000000000,,
-0.531250000,1.000000000,,
-0.515625000,1.000000000,,
-0.500000000,1.000000000,,
-0.484375000,1.000000000,,
-0.468750000,1.000000000,,
-0.453125000,1.000000000,,
-0.437500000,1.000000000,,
-0.421875000,1.000000000,,
-0.406250000,1.000000000,,
-0.390625000,1.000000000,,
-0.375000000,1.000000000,,
-0.359375000,1.000000000,,
-0.343750000,1.000000000,,
-0.328125000,1.000000000,,
-0.312500000,1.000000000,,
-0.296875000,1.000000000,,
-0.281250000,1.000000000,,
-0.265625000,1.000000000,,
-0.250000000,1.000000000,,
-0.234375000,1.000000000,,
-0.218750000,1.000000000,,
-0.203125000,1.000000000,,
-0.187500000,1.000000000,,
-0.171875000,1.000000000,,
-0.156250000,1.000000000,,
-0.140625000,1.000000000,,
-0.125000000,1.000000000,,
-0.109375000,1.000000000,,
-0.093750000,1.000000000,,
-0.078125000,1.000000000,,
-0.062500000,1.000000000,,
-0.046875000,1.000000000,,
-0.031250000,1.000000000,,
-0.015625000,1.000000000,,
0.000000000,1.000000000,,
0.015625000,1.000000000,,
0.031250000,1.000000000,,
0.046875000,1.000000000,,
0.062500000,1.000000000,,
0.078125000,1.000000000,,
0.093750000,1.000000000,,
0.109375000,1.000000000,,
0.125000000,1.000000000,,
0.140625000,1.000000000,,
0.156250000,1.000000000,,
0.171875000,1.000000000,,
0.187500000,1.000000000,,
0.203125000,1.000000000,,
0.218750000,1.000000000,,
0.234375000,1.000000000,,
0.250000000,1.000000000,,
0.265625000,1.000000000,,
0.281250000,1.000000000,,
0.296875000,1.000000000,,
0.312500000,1.000000000,,
0.328125000,1.000000000,,
0.343750000,1.000000000,,
0.359375000,1.000000000,,
0.375000000,1.000000000,,
0.390625000,1.000000000,,
0.406250000,1.000000000,,
0.421875000,1.000000000,,
0.437500000,1.000000000,,
0.453125000,1.000000000,,
0.468750000,1.000000000,,
0.484375000,1.000000000,,
0.500000000,1.000000000,,
0.515625000,1.000000000,,
0.531250000,1.000000000,,
0.546875000,1.000000000,,
0.562500000,1.000000000,,
0.578125000,1.000000000,,
0.593750000,1.000000000,,
0.609375000,1.000000000,,
0.625000000,1.000000000,,
0.640625000,1.000000000,,
0.656250000,1.000000000,,
0.671875000,1.000000000,,
0.687500000,1.000000000,,
0.703125000,1.000000000,,
0.718750000,1.000000000,,
0.734375000,1.000000000,,
0.750000000,1.000000000,,
0.765625000,1.000000000,,
0.781250000,1.000000000,,
0.796875000,1.000000000,,
0.812500000,1.000000000,,
0.828125000,1.000000000,,
0.843750000,1.000000000,,
0.859375000,1.000000000,,
0.875000000,1.000000000,,
0.890625000,1.000000000,,
0.906250000,1.000000000,,
0.921875000,1.000000000,,
0.937500000,1.000000000,,
0.953125000,1.000000000,,
0.968750000,1.000000000,,
0.984375000,1.000000000,,
1.000000000,1.000000000,,
